# https://github.com/mikedh/trimesh
v -0.01612648 0.01005335 0.10924268
v 0.03167383 -0.01147290 0.07658022
v 0.02496589 -0.00922578 0.09750592
v 0.03726636 -0.00487247 0.07518380
v 0.00306612 0.00256902 0.00484548
v -0.03527196 -0.00604742 0.10491464
v -0.03516916 -0.00514189 0.03713442
v -0.00066148 0.00586453 0.00238505
v 0.03587851 0.00641067 0.06953473
v -0.00630187 0.00438929 0.00022960
v 0.02379050 0.00419525 0.10364673
v -0.02087087 0.01018614 0.10857788
v 0.03790374 -0.00161413 0.07476916
v -0.01681698 0.00552142 0.00157975
v -0.03643708 0.00415970 0.10453084
v 0.03536792 -0.00819603 0.07562586
v 0.00143904 0.00223406 0.00402648
v 0.02277617 -0.01010304 0.10034330
v -0.02622010 0.00522372 0.01020498
v -0.03161900 0.00459876 0.02392586
v -0.01693349 0.00614467 0.00190187
v 0.00286801 0.00595962 0.00477009
v -0.03032025 0.00555569 0.02068068
v 0.02579517 -0.00282025 0.10220747
v -0.03556667 -0.00489131 0.10532928
v -0.01595343 0.00590479 0.00140841
v -0.02059673 -0.01167079 0.10805358
v -0.02615156 0.00366796 0.01022897
v 0.00256088 0.00612196 0.00478037
v 0.02515950 -0.00557154 0.10188536
v -0.02555702 -0.01228933 0.04312017
v -0.01628412 -0.01085093 0.10927352
v -0.03448723 -0.00665311 0.10563769
v -0.00984346 0.00598061 0.00042150
v -0.01447648 0.00640596 0.00159688
v 0.00298024 0.00283224 0.00457477
v -0.00671523 0.00623848 0.00116854
v -0.03326729 -0.00851471 0.03965483
v 0.02085032 0.00679790 0.10459938
v 0.00609840 0.00412800 0.00758349
v -0.00216745 0.00243474 0.00188131
v -0.01773879 0.01038318 0.10882804
v -0.02621838 0.00557797 0.01022897
v 0.02501387 -0.00552056 0.10213894
v -0.02523661 0.00694954 0.00968411
v -0.02402181 -0.01129127 0.10762523
v -0.03541932 0.00533381 0.10538068
v -0.02638630 -0.01115592 0.10550062
v -0.00008867 0.00221349 0.00314922
v -0.01213341 0.00616823 0.00080530
v -0.00176448 0.00575016 0.00180592
v -0.02089315 -0.01168193 0.10786511
v -0.02564611 0.00605172 0.00934143
v -0.00039360 0.00349447 0.00213146
v -0.02254144 0.00413914 0.00527041
v 0.02273676 0.00563493 0.10394486
v -0.02743147 -0.01092803 0.10531557
v -0.00832796 0.00627532 0.00102118
v -0.00566920 0.00508622 0.00040436
v -0.00083715 0.00501254 0.00195327
v -0.02655078 0.00698638 0.01268598
v 0.02540109 0.00102397 0.10276947
v -0.00339574 0.00554327 0.00111028
v -0.02642228 0.00466130 0.01055794
v 0.00176030 0.00622948 0.00450966
v -0.03456262 -0.00690070 0.10527445
v 0.02304003 -0.00953848 0.10082305
v -0.01987539 0.00686601 0.00453022
v -0.00215331 0.00523357 0.00143925
v -0.02707851 -0.01197406 0.04268668
v -0.01620701 0.01016730 0.10915016
v 0.03773583 -0.00241611 0.07515296
v -0.00933715 0.00424708 0.00000000
v 0.00227175 0.00780452 0.10922212
v -0.00265876 0.00621877 0.00225826
v 0.03538848 0.00690755 0.06883310
v -0.03623147 0.00378447 0.10506542
v 0.02438676 0.00254910 0.10371184
v -0.02537711 0.00590951 0.00889595
v -0.01767025 -0.01143434 0.10897882
v -0.01647944 0.00369109 0.00142555
v 0.03775639 0.00170868 0.07301635
v 0.03451122 0.00745670 0.06759688
v -0.03509035 -0.00470755 0.03628287
v 0.02539938 -0.00341566 0.10267695
v -0.00942368 0.00635199 0.00123707
v -0.00304342 0.00247714 0.00153178
v 0.00093744 0.00744985 0.10952710
v -0.03082742 0.00547987 0.02219533
v 0.02520063 -0.00058995 0.10327321
v -0.02168302 0.00341116 0.00467414
v -0.03441184 0.00742244 0.10497975
v 0.00706776 0.00272451 0.00946137
v -0.02058988 -0.01036861 0.10879719
v 0.00194963 0.00556168 0.10930093
v -0.01422632 0.00985032 0.10942087
v 0.03590250 -0.00745670 0.07568069
v 0.00487975 0.00575401 0.00649720
v -0.02029346 0.00605043 0.00353988
v 0.02505841 -0.00181020 0.10329720
v -0.02711791 0.01051512 0.10661776
v -0.01616589 -0.01144976 0.10906791
v 0.00446511 0.00508065 0.00577757
v -0.02238552 0.00369194 0.00523271
v 0.00712687 0.00352831 0.00904673
v -0.02078349 0.01045000 0.10843395
v -0.02694315 0.00431434 0.01164081
v 0.00113127 0.00489774 0.00300872
v -0.02018380 0.01051683 0.10843053
v -0.02648738 0.00704806 0.01304237
v -0.01655826 0.00642652 0.00211433
v -0.02485623 0.00687758 0.00889595
v 0.02410576 -0.00660814 0.10227944
v -0.02292524 0.01022041 0.10817695
v 0.02495390 -0.00524813 0.10237196
v -0.02534284 0.00674650 0.00934486
v 0.00632243 0.00604443 0.00862181
v -0.01980685 0.00394424 0.00310125
v 0.00790904 0.00556511 0.01054766
v -0.01694720 -0.01171962 0.10869439
v 0.00055562 0.00572746 0.00291963
v -0.03131060 -0.00934485 0.10612087
v 0.02276075 0.00556340 0.10396200
v -0.00918466 0.00633314 0.00116168
v -0.02463863 -0.01243497 0.04355880
v -0.00059824 0.00224027 0.00284766
v 0.03444954 -0.00918123 0.07612959
v -0.02965545 0.00996083 0.10641900
v 0.03794486 -0.00102965 0.07453614
v -0.02395670 0.01027267 0.10793022
v -0.01965094 0.00537793 0.00296075
v -0.03487103 0.00660044 0.10547321
v -0.01583863 0.00301965 0.00141526
v -0.01972804 0.00666383 0.00380374
v 0.00527212 0.00401534 0.00657601
v -0.03290405 0.00869720 0.10556573
v 0.02265795 0.00573088 0.10395857
v -0.02818536 -0.01166736 0.04252991
v -0.02492477 0.01066332 0.10716262
v -0.03045732 -0.00974836 0.10629221
v -0.03509720 0.00620892 0.10542523
v -0.02074922 0.01007049 0.10863271
v 0.00253433 0.00262578 0.00435202
v 0.03635483 0.00543660 0.07101854
v -0.02203598 0.00633486 0.00501682
v -0.00364054 0.00828941 0.10982523
v 0.00212590 0.00617851 0.00458847
v 0.00382687 0.00569062 0.00537321
v -0.02029860 -0.01122017 0.10872866
v -0.00823201 0.00599003 0.00048318
v 0.02448614 -0.00594506 0.10240623
v -0.01311690 0.00623419 0.00103489
v -0.00406632 0.00487161 0.00075389
v -0.01329681 0.00322740 0.00061340
v -0.01352469 0.00334305 0.00062368
v 0.00769829 0.00461803 0.00992741
v -0.03432275 -0.00000155 0.03067321
v -0.03477851 -0.00041857 0.03242601
v 0.00350389 0.00220750 0.00584268
v -0.03504923 -0.00628259 0.10525047
v 0.02513209 -0.00214282 0.10321496
v 0.00022737 0.00606028 0.00310125
v -0.03598817 0.00477053 0.10505171
v -0.02590483 0.00702493 0.01129128
v 0.00061393 0.00315072 0.00274829
v -0.01210943 -0.01152001 0.10862243
v -0.00042163 0.00234885 0.00273458
v 0.00360627 0.00515304 0.00495514
v 0.00821145 0.00432504 0.01085265
v -0.00712687 0.00380760 0.00011308
v -0.03053957 0.00980920 0.10601121
v 0.00530467 0.00437987 0.00661713
v -0.02362430 -0.01252235 0.04392890
v 0.00453193 0.00781394 0.10871838
v -0.01551308 0.00984432 0.10938661
v -0.01572212 0.00581141 0.00128847
v 0.00550129 0.00529825 0.00698037
v -0.03196511 -0.00898333 0.10598723
v -0.03412742 0.00771543 0.10505171
v -0.02422228 0.00706605 0.00894735
v -0.01276052 -0.01237243 0.04684595
v -0.02678552 0.00659401 0.01201433
v 0.00325010 0.00261850 0.00496542
v -0.03293832 0.00299181 0.02714190
v -0.03100561 -0.00960358 0.10512710
v 0.00022478 0.00228460 0.00316978
v -0.00725452 0.00409930 0.00009252
v 0.00663513 0.00260865 0.00893707
v 0.00554027 0.00603715 0.00758349
v 0.00505152 0.00474568 0.00635670
v 0.00172496 0.00603972 0.00400935
v -0.00421967 0.00346535 0.00071277
v 0.00086612 0.00217430 0.00379688
v -0.02181667 0.00309911 0.00512991
v -0.02544735 0.00690499 0.00987601
v 0.00747897 0.00286030 0.01000280
v -0.00599046 0.00409459 0.00028442
v -0.03528225 0.00624705 0.10516480
v -0.03467913 0.00703864 0.10538411
v -0.02614985 -0.01107453 0.10692274
v 0.02184066 0.00606028 0.10436293
v 0.00604101 0.00565978 0.00779595
v -0.01860576 0.00457092 0.00234393
v 0.02580888 -0.00359556 0.10188536
v 0.00724424 0.00330814 0.00928660
v -0.01574611 0.00465787 0.00111371
v 0.02304346 -0.00979806 0.10044611
v -0.03263676 0.00348698 0.02648910
v -0.01270226 0.00643466 0.00151807
v 0.02505327 -0.00153638 0.10332803
v 0.00820288 0.00377932 0.01085950
v -0.02422742 0.00663128 0.00768287
v -0.02471916 -0.01238699 0.04334634
v 0.00643509 0.00481421 0.00805639
v -0.00613567 0.00309739 0.00037009
v 0.02555187 -0.00002038 0.10278661
v 0.03684829 -0.00557668 0.07567041
v 0.00559295 0.00515175 0.00704891
v -0.01438396 0.00354245 0.00079159
v -0.01673816 0.01029237 0.10899938
v -0.01109766 0.00636227 0.00117882
v -0.02454611 0.00656488 0.00801526
v -0.00676363 0.00246258 0.00071620
v -0.01445249 0.00971067 0.10948941
v -0.02624751 0.00670795 0.01093832
v 0.00129565 0.00786192 0.10936262
v 0.00678248 0.00368038 0.00852586
v -0.02585172 0.01045600 0.10730311
v -0.03664611 0.00367438 0.10402710
v -0.01846698 -0.01100257 0.10906791
v -0.00723738 0.00450066 0.00009938
v -0.01072843 0.00918295 0.10971557
v -0.01460670 0.00636784 0.00153178
v -0.03002212 0.00599646 0.02025576
v -0.02386761 0.00560195 0.00674393
v -0.02085203 0.00531967 0.00375576
v 0.00594634 0.00576386 0.00775140
v -0.03146137 0.00913241 0.10628878
v -0.00674264 0.00578229 0.00045919
v -0.01828536 0.00546317 0.00222399
v -0.00289136 0.00255510 0.00148723
v 0.03542960 -0.00793217 0.07617072
v 0.02464720 0.00386927 0.10224517
v -0.02663302 0.00665398 0.01172991
v 0.02099424 0.00649720 0.10462336
v 0.00561737 0.00240325 0.00783707
v -0.02216449 0.00674350 0.00560623
v -0.02284299 0.00648178 0.00592150
v -0.01098458 0.00281126 0.00049688
v -0.03523085 -0.00262256 0.03442212
v 0.03612181 0.00540876 0.06880997
v -0.03021060 0.00598747 0.02095140
v -0.03501496 -0.00183654 0.03326043
v 0.00397636 0.00558867 0.00545545
v -0.02276075 -0.01124244 0.10812897
v -0.00969525 0.00608598 0.00053801
v -0.02995701 0.01003108 0.10540125
v -0.01788442 0.00984946 0.10912959
v -0.02621496 0.00631815 0.01044486
v -0.00183226 0.00225226 0.00233364
v 0.00550172 0.00618450 0.00790561
v -0.00064349 0.00438587 0.00198754
v -0.02191262 0.00311453 0.00520187
v -0.02613271 0.00680390 0.01089377
v -0.01553022 0.00575530 0.00120623
v -0.03462430 -0.00671993 0.03843318
v 0.03582368 0.00410101 0.07519922
v -0.03652960 0.00368338 0.10475358
v -0.02518178 0.00666897 0.00899875
v -0.01267313 0.00545588 0.00042492
v 0.02152368 0.00670195 0.10417446
v 0.00656787 0.00360327 0.00823458
v -0.02587228 0.01051169 0.10720374
v -0.02314798 0.01066589 0.10767321
v -0.01975545 0.00348784 0.00314922
v 0.00315351 0.00614381 0.00531838
v -0.02015296 0.00999082 0.10874922
v 0.00155148 0.00258380 0.00364953
v 0.02220904 -0.01070530 0.10007259
v -0.01314432 0.00260394 0.00123364
v -0.01240841 -0.01136324 0.10881776
v 0.00006586 0.00217045 0.00335483
v -0.00598789 0.00515775 0.00035296
v -0.02840125 0.00680390 0.01802835
v -0.03068007 0.00975865 0.10601121
v 0.02334159 0.00509307 0.10361931
v 0.02203256 0.01706799 0.08761277
v -0.01478661 -0.01163395 0.10889658
v 0.02551418 -0.00000150 0.10284486
v 0.03635826 0.00565934 0.07037259
v -0.02934704 0.00648478 0.01950872
v 0.02070639 -0.01208887 0.09900685
v -0.03383271 0.00155705 0.02956807
v -0.00135133 0.00609969 0.00240561
v -0.02993988 0.00606200 0.02011184
v -0.02715904 -0.01194322 0.04260787
v -0.02660904 0.00548844 0.01101371
v -0.01073442 0.00402777 0.00007882
v 0.02602820 -0.00029155 0.10182025
v -0.01423489 0.00480822 0.00067850
v -0.02362259 0.00639397 0.00673364
v -0.03555639 0.00592621 0.10468847
v -0.01622415 0.00347948 0.00136044
v 0.02448957 0.00204108 0.10373240
v -0.01418178 0.00599432 0.00099034
v 0.00766059 0.00489175 0.00988972
v -0.01277679 0.00684074 0.10974985
v 0.03759533 -0.00402734 0.07469377
v -0.01634237 0.00621278 0.00176137
v -0.00648220 0.00523143 0.00027757
v -0.03630000 -0.00342978 0.10504143
v 0.00660857 0.00550900 0.00846075
v -0.00339916 0.00317150 0.00099720
v 0.00162098 0.00303700 0.00343364
v -0.02398240 -0.01250264 0.04384237
v -0.01013131 0.00605172 0.00050717
v 0.03677975 0.00412286 0.06983287
v -0.02496418 -0.01095545 0.10769377
v -0.02011355 0.00334712 0.00344735
v -0.02351465 0.00546188 0.00628131
v -0.01547196 0.00606200 0.00136044
v 0.02004331 0.00738645 0.10465078
v -0.02882960 -0.01026580 0.10672741
v 0.03797570 -0.00095929 0.07431854
v 0.02327991 0.00433104 0.10402710
v 0.00634042 0.00275107 0.00833738
v -0.03466885 -0.00117742 0.03198396
v -0.00085504 0.00248228 0.00236106
v -0.03476137 0.00609241 0.10560343
v 0.02497446 0.00100458 0.10338972
v -0.01758801 0.01020670 0.10902336
v 0.02523661 -0.00013489 0.10322866
v 0.02511496 -0.00248678 0.10317383
v -0.01477119 -0.01067788 0.10931807
v -0.02567181 -0.01099914 0.10738536
v -0.02716247 -0.01192694 0.04252991
v -0.01896386 0.00677734 0.00380031
v 0.00763404 0.00338010 0.00989315
v 0.00161252 0.00625004 0.00450966
v -0.01488598 0.00300637 0.00112741
v 0.00691398 0.00276457 0.00917009
v -0.01840016 0.00318242 0.00246729
v -0.03136885 0.00942368 0.10610031
v 0.03488131 -0.00868863 0.07549392
v -0.03381558 -0.00761261 0.10555888
v -0.02052134 0.00318692 0.00385857
v 0.02370997 -0.00787991 0.10175857
v 0.00254546 0.00433960 0.00396137
v 0.02200685 -0.01076698 0.10015140
v -0.01678785 0.01019899 0.10909533
v -0.02202570 0.00531667 0.00470156
v -0.01804377 0.00674479 0.00343364
v -0.03522056 0.00627532 0.10525390
v 0.02397212 -0.00829112 0.10113489
v -0.02476714 -0.01139408 0.10619626
v -0.03095764 -0.00950934 0.10620997
v -0.01423489 0.00992827 0.10935919
v -0.03597789 -0.00350774 0.10521962
v -0.00356215 0.00453193 0.00087040
v 0.00545545 0.00241418 0.00760405
v -0.02668443 0.00670452 0.01196293
v -0.02928193 -0.01124844 0.04233029
v -0.01031807 0.00303121 0.00025358
v -0.03119066 -0.00944937 0.10599751
v -0.02895639 0.01029580 0.10497633
v -0.03614923 -0.00465186 0.10454112
v -0.01723848 0.00278684 0.00227196
v -0.00401963 0.00622049 0.00179564
v 0.00210748 0.00217987 0.00467414
v -0.02166246 0.00686001 0.00548287
v 0.00607527 0.00251377 0.00826542
v 0.02206169 0.00632457 0.10406823
v -0.03478194 -0.00121929 0.03228552
v 0.02567866 -0.00278406 0.10244393
v -0.01450561 0.00907757 0.10957508
v 0.02132664 0.01708684 0.08921308
v 0.03724237 0.00327858 0.07079751
v 0.00583026 0.00247629 0.00798785
v -0.03035795 -0.00992227 0.10492150
v 0.02568723 -0.00165953 0.10263582
v 0.00311795 0.00539377 0.00458847
v 0.00788590 0.00304149 0.01054766
v -0.00480051 0.00445954 0.00053801
v -0.02659533 -0.01105568 0.10629907
v 0.02559471 0.00166917 0.10200187
v -0.02674611 -0.01102912 0.10623053
v 0.00472169 0.00259023 0.00647664
v -0.02552446 0.01044058 0.10741962
v 0.02460265 -0.00505109 0.10273178
v -0.02961433 -0.00984345 0.10669658
v 0.00018722 0.00604658 0.00305670
v 0.00671094 0.00353302 0.00844361
v 0.00551157 0.00566534 0.00715171
v -0.00072798 0.00622306 0.00305327
v 0.02218162 -0.01035148 0.10052835
v -0.02668100 0.01020670 0.10726885
v -0.00911784 0.00509650 0.00003427
v -0.02174299 0.00361570 0.00463302
v -0.01446106 0.00652976 0.00203551
v 0.01585063 0.00889681 0.10548006
v -0.01416464 0.00927290 0.10958536
v -0.01497851 -0.01160568 0.10893427
v -0.02138147 0.00304257 0.00479751
v -0.01703801 0.00657173 0.00255981
v -0.00756807 0.00281618 0.00027757
v -0.02147913 0.00557754 0.00427321
v -0.02784954 -0.01076098 0.10602835
v -0.02292352 0.00370265 0.00581184
v 0.00152910 0.00253626 0.00367695
v 0.02335530 -0.00865950 0.10142274
v -0.00465701 0.00583540 0.00091495
v 0.00113812 0.00516118 0.00305670
v -0.00422780 0.00545374 0.00082928
v -0.00311881 0.00486262 0.00104174
v -0.03543645 -0.00552484 0.10528474
v 0.02352321 -0.00848217 0.10144673
v -0.02917570 0.01014759 0.10632306
v -0.00064649 0.00368723 0.00199097
v 0.01714424 0.00838536 0.10542180
v -0.01641947 0.00297532 0.00166885
v 0.01936651 -0.01759743 0.09094361
v 0.02534626 -0.00124564 0.10312586
v 0.03741029 0.00299394 0.07122586
v 0.03656044 0.00521814 0.07005218
v -0.00691184 0.00235678 0.00090467
v 0.00373478 0.00616780 0.00590779
v -0.02605047 0.00712945 0.01274766
v 0.03514175 -0.00810351 0.07657508
v -0.00701893 0.00256217 0.00054486
v -0.02115530 0.00680733 0.00496885
v 0.02122383 -0.01167765 0.09938380
v -0.02796948 -0.01048084 0.10694673
v -0.01518412 -0.01122274 0.10920499
v -0.02543193 0.00649335 0.00920436
v -0.02535140 0.00702536 0.01024611
v -0.01975374 0.00304985 0.00341994
v 0.02551589 -0.00093594 0.10292710
v -0.00940226 0.00560966 0.00015763
v 0.00007405 0.00237027 0.00295732
v -0.01627726 0.00311110 0.00151464
v -0.03152991 -0.00920778 0.10612430
v -0.00023061 0.00217045 0.00321090
v 0.02589112 -0.00698038 0.09891776
v -0.03402461 -0.00767858 0.03911682
v 0.03793116 -0.00110182 0.07460468
v -0.02576262 0.00699966 0.01085265
v 0.02319253 0.00499712 0.10386947
v -0.03444611 0.00703178 0.10562399
v -0.02838069 -0.01069073 0.10426355
v -0.03443240 -0.00710630 0.03881184
v 0.03650561 0.00477866 0.06940452
v -0.01735327 -0.01044657 0.10922555
v 0.00559253 0.00594420 0.00750810
v -0.00773170 0.00576644 0.00032897
v 0.00580627 0.00240068 0.00809065
v -0.01569984 0.01022641 0.10907476
v 0.03673863 0.00480993 0.07026807
v -0.02584144 0.00370779 0.00966698
v 0.02090171 -0.01757687 0.08982305
v -0.00521172 0.00575102 0.00071620
v -0.02901122 -0.01043971 0.10542866
v -0.00247479 0.00566149 0.00147695
v -0.01949159 0.00611940 0.00308069
v -0.02943271 -0.01117990 0.04216324
v -0.02779985 0.00691570 0.01665078
v -0.01276394 0.00501768 0.00036324
v 0.02418287 -0.00583026 0.10258099
v 0.02490592 -0.00599346 0.10195732
v -0.00391811 0.00624533 0.00196355
v -0.01529549 -0.01142235 0.10910218
v -0.02420686 -0.01244525 0.04356651
v 0.00644108 0.00352531 0.00807352
v -0.02119128 0.00696025 0.00568162
v -0.01782103 0.00472683 0.00194299
v -0.02133521 0.00926519 0.10858131
v 0.02234611 -0.01017329 0.10063458
v 0.03448038 -0.00899448 0.07650311
v 0.02100109 0.00683388 0.10449315
v 0.02470032 0.00145157 0.10361589
v -0.00593435 0.00860211 0.10982523
v -0.01511900 0.00644837 0.00181620
v -0.03137913 -0.00904244 0.10634361
v 0.03620748 0.00593777 0.06972664
v -0.00788248 0.00300337 0.00017134
v 0.02513723 0.00169829 0.10296480
v -0.02655764 -0.01085093 0.10717975
v -0.01674502 0.00330986 0.00161402
v -0.02258256 0.00673365 0.00597975
v -0.00572403 0.00599817 0.00083271
v -0.00970810 0.00395366 0.00001713
v -0.03349346 -0.00821487 0.03935670
v -0.02988162 0.00622306 0.02055047
v -0.02008956 0.00645822 0.00370093
v -0.02318910 0.00959074 0.10819408
v -0.01971091 0.00605258 0.00317321
v 0.03793116 0.00014297 0.07381994
v -0.00427921 0.00611597 0.00138100
v -0.01684954 -0.01138637 0.10907476
v -0.02276761 -0.01133925 0.10802960
v -0.01552508 0.00609627 0.00140498
v -0.01927228 -0.01150631 0.10869782
v -0.02017009 0.00524856 0.00327601
v -0.03508006 0.00648135 0.10530187
v 0.00464801 0.00266112 0.00632586
v 0.02548676 -0.00756807 0.09905140
v -0.01401472 0.00271638 0.00121651
v -0.01960639 0.00627103 0.00324517
v -0.00249085 0.00479237 0.00124393
v -0.01065732 0.00911441 0.10973614
v -0.00211497 0.00542847 0.00150779
v 0.02587570 -0.00263435 0.10209439
v -0.02512010 0.00349962 0.00877259
v -0.01539829 -0.01052539 0.10933178
v -0.02629891 0.00379561 0.01040716
v 0.00593563 0.00538006 0.00753551
v -0.02360031 0.00654989 0.00684673
v -0.02670670 0.00442956 0.01112679
v -0.03551184 0.00352403 0.10540810
v 0.03129346 -0.01170678 0.07665732
v -0.02842866 0.01033264 0.10630249
v -0.03001869 0.00614510 0.02084174
v -0.03083427 0.00973980 0.10563769
v -0.01691636 -0.01001222 0.10926667
v -0.02109876 0.00590951 0.00405047
v -0.02958007 0.01013046 0.10427726
v 0.00684630 0.00597975 0.00925919
v -0.03184175 0.00919152 0.10605919
v -0.01760857 0.00278170 0.00247414
v -0.01483458 0.00291792 0.00118567
v -0.02549533 0.00373735 0.00912212
v -0.03281153 0.00876745 0.10534985
v 0.02585857 -0.00574545 0.10031246
v -0.02664331 0.00445441 0.01099315
v 0.02509782 -0.00353217 0.10294424
v -0.03034424 0.00592322 0.02138660
v 0.03620405 0.00583411 0.07055078
v -0.01338419 0.00326552 0.00061682
v -0.03254424 -0.00862266 0.10583645
v -0.00457477 0.00617679 0.00145296
v -0.03601900 -0.00463816 0.10499688
v -0.01738754 0.00273009 0.00245701
v -0.02240608 0.00640811 0.00541433
v -0.02931620 0.01020927 0.10456511
v -0.00991542 0.00636955 0.00129190
v -0.03337010 -0.00804267 0.10542180
v -0.02979938 0.00964214 0.10662804
v -0.01600140 0.00654346 0.00225483
v -0.01143520 0.00553470 0.00026729
v -0.01155857 0.00607271 0.00062710
v -0.01937679 0.00615067 0.00303271
v -0.03076916 -0.00970210 0.10569938
v -0.01634237 0.00589109 0.00153178
v -0.00635670 0.00265405 0.00056885
v -0.01678956 0.00392497 0.00152835
v -0.01723505 -0.01170335 0.10869439
v -0.03477165 0.00698124 0.10526074
v -0.00295646 0.00509307 0.00112741
v -0.03397664 0.00786021 0.10520249
v -0.03374019 -0.00761690 0.10568909
v 0.02492991 -0.00659272 0.10140218
v -0.03416854 -0.00751666 0.03910825
v 0.00602559 0.00587738 0.00796386
v -0.01295670 0.00621792 0.00098692
v -0.00034621 0.00591379 0.00259065
v 0.03467570 0.00739244 0.06795413
v 0.03795857 0.00023484 0.07350124
v -0.02657991 0.00693797 0.01246324
v -0.02123240 0.00304214 0.00465358
v -0.01560218 0.00586196 0.00127477
v -0.01416807 0.00996083 0.10932150
v -0.00421581 0.00787991 0.10996916
v -0.02277103 -0.01141721 0.10790280
v -0.02627664 0.00384015 0.01034206
v -0.02248147 0.00644537 0.00552056
v -0.01175646 0.00636698 0.00119938
v -0.03528225 0.00631430 0.10504143
v -0.00946480 0.00329722 0.00009252
v 0.02471231 -0.00573174 0.10234455
v -0.02862399 0.00658416 0.01731558
v -0.02877477 0.01031208 0.10573365
v -0.01073699 0.00487633 0.00007539
v -0.00099548 0.00559424 0.00203894
v -0.00407188 0.00439015 0.00071963
v -0.03473053 0.00667540 0.10554860
v -0.02781527 -0.01054509 0.10695016
v -0.02628863 -0.01218224 0.04365989
v -0.02602820 0.00707547 0.01198349
v -0.02548162 0.00584140 0.00903988
v -0.02881246 -0.01051939 0.10524704
v -0.03093022 -0.00962842 0.10558629
v -0.03256480 0.00355916 0.02627664
v -0.02112103 -0.01085779 0.10866698
v 0.00368723 0.00276114 0.00526012
v -0.03477851 0.00701294 0.10488380
v 0.00196612 0.00587566 0.10931464
v -0.02877820 0.00664841 0.01811402
v 0.02572321 -0.00115569 0.10258785
v 0.03571402 -0.00771885 0.07537227
v -0.03476823 0.00642567 0.10557602
v -0.01761371 0.00668225 0.00306355
v 0.03664954 0.00299865 0.07474003
v -0.01786044 0.00281104 0.00256324
v -0.00969868 0.00911013 0.10971900
v 0.02197087 -0.01760943 0.08656418
v -0.00305777 0.00304342 0.00114112
v -0.00006486 0.00250927 0.00272430
v -0.02952181 0.01015787 0.10500374
v -0.02611215 0.01048256 0.10717290
v -0.01715109 -0.01178131 0.10849221
v -0.00495386 0.00316871 0.00058941
v 0.00215717 0.00544175 0.10924953
v -0.02932648 0.00645394 0.01911807
v -0.01702087 0.00654175 0.00247757
v -0.01874284 0.01038490 0.10874237
v -0.02808769 0.01036177 0.10651838
v 0.01992850 -0.01875055 0.08712617
v -0.02650109 -0.01101456 0.10681994
v 0.02125810 0.00642352 0.10454112
v 0.03462773 -0.00897820 0.07558473
v 0.03319190 0.00798271 0.06627843
v -0.00183076 0.00368894 0.00147009
v 0.03305141 -0.01044915 0.07648770
v 0.02128381 0.00680818 0.10428412
v -0.03498069 0.00635628 0.10546979
v -0.02569237 0.00660600 0.00972523
v -0.01448334 0.00262728 0.00152835
v -0.00918037 0.00597890 0.00041807
v 0.02486309 -0.00469428 0.10271807
v -0.03488817 -0.00575700 0.03729891
v -0.00443555 0.00592021 0.00105545
v 0.02379907 -0.00880000 0.10074424
v 0.00094515 0.00372321 0.00285794
v 0.00745156 0.00338331 0.00959159
v 0.00570647 0.00324389 0.00720312
v 0.00607142 0.00591293 0.00806667
v -0.03452150 -0.00052135 0.03132430
v -0.02512524 -0.01133668 0.10623053
v 0.02386589 0.00423037 0.10350966
v 0.00148584 0.00219743 0.00414642
v -0.01823396 0.00969097 0.10909533
v 0.02156309 0.00620549 0.10445888
v 0.00175687 0.00612711 0.00419439
v -0.00256088 0.00464373 0.00120623
v -0.00656016 0.00284445 0.00039408
v -0.02138147 -0.01093660 0.10859844
v -0.01788614 0.00648606 0.00265919
v 0.00797672 0.00557068 0.01068131
v -0.02555359 -0.01230303 0.04318871
v 0.02530514 -0.00215203 0.10307788
v -0.02544393 0.01059565 0.10716947
v -0.02878505 0.01018871 0.10651838
v -0.02299377 0.00361184 0.00592492
v 0.03793801 -0.00235314 0.07461153
v -0.02425826 0.00711231 0.00941682
v 0.03370592 0.00780537 0.06678473
v 0.00000194 0.00624190 0.00348505
v 0.00275557 0.00324089 0.00421153
v -0.02212508 -0.01056137 0.10848878
v -0.03359969 0.00818061 0.10508598
v -0.00405604 0.00247993 0.00124735
v -0.03636169 0.00294491 0.10507913
v -0.03141340 0.00950164 0.10571994
v 0.02197430 -0.01758887 0.08727695
v -0.01816714 0.00574802 0.00222741
v -0.02088630 -0.01130755 0.10855732
v 0.02568380 -0.00015822 0.10256387
v -0.00805467 0.00263778 0.00040093
v -0.00211005 0.00288365 0.00153520
v 0.03751994 0.00251226 0.07270452
v 0.00053752 0.00317385 0.00269688
v 0.02428738 -0.00795187 0.10103551
v -0.00999852 0.00376990 0.00004455
v -0.03622461 0.00338525 0.10512025
v 0.00619607 0.00247671 0.00849844
v 0.00065971 0.00616309 0.00356729
v -0.03635826 0.00235742 0.10511682
v 0.02493848 -0.00488703 0.10257414
v -0.01441994 0.00977921 0.10946199
v -0.00955989 0.00867921 0.10981496
v -0.00207085 0.00284467 0.00156947
v 0.00163447 0.00279134 0.00356044
v 0.00045202 0.00468143 0.00258037
v 0.02130094 -0.01757687 0.08927476
v 0.02521433 -0.00467115 0.10237196
v 0.02524346 -0.00073553 0.10323551
v -0.01851153 0.00295047 0.00272773
v 0.03713957 -0.00512520 0.07532087
v -0.03282866 0.00815320 0.10604548
v -0.02460608 0.00681718 0.00843333
v -0.03244144 0.00897906 0.10563769
v -0.02546963 0.00656188 0.00931745
v 0.00443384 0.00227282 0.00665140
v -0.03195826 -0.00971152 0.04093131
v -0.00233900 0.00409673 0.00126449
v -0.01686667 0.00634856 0.00208692
v 0.03552555 0.00678676 0.06905670
v -0.02568552 0.01064019 0.10692617
v -0.03570031 0.00456278 0.10530873
v -0.02250032 0.00354159 0.00541090
v -0.03244144 0.00884027 0.10598380
v -0.00086821 0.00260993 0.00223427
v -0.01695062 0.01019300 0.10908847
v 0.03730063 0.00120055 0.07503474
v 0.00227796 0.00787563 0.10918785
v 0.03330841 -0.01023840 0.07641916
v -0.02940873 0.01018700 0.10501745
v -0.02109876 0.00619607 0.00417383
v -0.01519268 0.00293762 0.00127134
v 0.00403805 0.00496928 0.00532866
v -0.01957555 0.00658930 0.00359128
v -0.02548333 0.00674650 0.00956417
v -0.01940935 -0.01138380 0.10878349
v -0.02883988 0.01030008 0.10570623
v -0.01073785 0.00636912 0.00122336
v -0.02942586 0.00624748 0.01884735
v 0.00678976 0.00252940 0.00931059
v -0.02048536 -0.01137009 0.10860187
v -0.02373567 0.00484892 0.00654860
v 0.03574486 -0.00729307 0.07637119
v 0.00544731 0.00597675 0.00737788
v -0.01217539 0.00607228 0.00069907
v -0.02231184 0.00354288 0.00521558
v -0.01884564 -0.01099743 0.10901994
v 0.01462040 -0.01874541 0.08632772
v -0.02286355 0.00330643 0.00598318
v 0.01623100 0.00884969 0.10538411
v -0.02691573 0.00392497 0.01161682
v -0.02831558 -0.01070101 0.10474330
v -0.02386418 0.00597162 0.00682617
v -0.03330841 -0.00779166 0.10592897
v -0.02035857 -0.01129727 0.10867726
v -0.02433536 0.00678677 0.00803240
v -0.03122835 -0.01015786 0.04094673
v -0.00415241 0.00579728 0.00102461
v -0.03520686 -0.00194620 0.03404174
v 0.02130950 -0.01153544 0.09954143
v 0.03444611 0.00749782 0.06759174
v -0.01327453 0.00530939 0.00050374
v -0.02774845 -0.01181129 0.04286230
v 0.02546963 -0.00363326 0.10249533
v 0.00162848 0.00605771 0.00397165
v -0.02476714 0.00707976 0.00973209
v -0.02368598 0.00700480 0.00797414
v -0.02415031 0.00698124 0.00836480
v 0.00167024 0.00242788 0.00389283
v 0.02147228 -0.01149346 0.09949346
v -0.00787048 0.00574202 0.00030156
v 0.02246776 -0.01035577 0.10032959
v 0.02323022 -0.00939027 0.10078879
v 0.00483906 0.00783108 0.10864299
v -0.00493758 0.00605472 0.00108629
v 0.02396184 0.00264334 0.10396884
v 0.00783707 0.00557668 0.01042430
v 0.03797228 0.00028471 0.07279190
v 0.02323879 -0.00830140 0.10169689
v -0.02241293 0.00322847 0.00556511
v 0.00614252 0.00302479 0.00786106
v -0.01624985 0.00446940 0.00128847
v -0.01728474 0.00560838 0.00178879
v -0.02115016 -0.01131783 0.10849221
v -0.02429081 0.00605300 0.00741215
v 0.02520405 -0.00418283 0.10261869
v -0.01885935 -0.00861238 0.10906449
v -0.00396480 0.00602173 0.00131246
v 0.03210904 -0.01114050 0.07624268
v -0.00668439 0.00464459 0.00017477
v -0.01541371 0.00584654 0.00120966
v -0.02213193 0.01018786 0.10834829
v 0.00293505 0.00262599 0.00468442
v -0.01903925 0.00670452 0.00357757
v -0.00112966 0.00523742 0.00186075
v 0.00387442 0.00477267 0.00514361
v -0.01837103 0.00301194 0.00257695
v 0.02574377 -0.00798014 0.09788287
v -0.03389440 -0.00741300 0.10571308
v -0.03444611 0.00738389 0.10519907
v 0.03760218 0.00263199 0.07191464
v -0.03575857 0.00557668 0.10454112
v -0.01744580 0.01030951 0.10894798
v -0.02677009 0.00695425 0.01317259
v -0.02980281 -0.01010817 0.10591869
v -0.01440452 0.00293869 0.00105202
v -0.03482991 -0.00055642 0.03257336
v -0.02157165 0.00649677 0.00477009
v -0.02124268 0.00561223 0.00409159
v -0.01319829 0.00949222 0.10958879
v -0.02703053 0.01040203 0.10695701
v 0.00583925 0.00271509 0.00769657
v -0.02300234 0.00480308 0.00565763
v 0.02506355 -0.00846075 0.09864704
v -0.02691573 0.00573774 0.01178816
v 0.00144204 0.00589880 0.00362897
v -0.02024206 0.00552999 0.00335826
v -0.03368536 -0.00777196 0.10527103
v -0.00603458 0.00566834 0.00050374
v -0.03274300 0.00854043 0.10600436
v 0.00469171 0.00591593 0.00645265
v -0.03330156 0.00253583 0.02829502
v -0.03460031 -0.00051765 0.03154704
v -0.00606157 0.00523100 0.00035296
v -0.01477461 -0.01166994 0.10885202
v -0.01992679 0.00369194 0.00321433
v 0.03544673 0.00685315 0.06912866
v -0.03116324 -0.00949820 0.10570966
v 0.03789004 0.00138410 0.07257430
v -0.01581636 -0.01150288 0.10903707
v 0.00622991 0.00585767 0.00820374
v -0.02314969 0.00322547 0.00643551
v -0.02016324 0.00348205 0.00342336
v -0.03104673 0.00966184 0.10556231
v -0.00911098 0.00608170 0.00054143
v 0.02189034 -0.01759572 0.08773956
v -0.02360374 0.01059136 0.10773146
v -0.03418910 -0.00722881 0.10553146
v -0.02060701 0.00689128 0.00496542
v 0.00394638 0.00522800 0.00529439
v 0.00322547 0.00338524 0.00457134
v 0.01604253 0.01878482 0.08846604
v 0.02035172 0.00721511 0.10460281
v 0.00673536 0.00614852 0.00956075
v 0.03781122 0.00185239 0.07242180
v 0.00164486 0.00602901 0.00393738
v 0.03694081 -0.00559767 0.07485483
v -0.01057765 0.00354673 0.00011308
v -0.03371620 -0.00801954 0.03928131
v -0.02557072 0.00663256 0.00955047
v -0.02092742 0.00484292 0.00379346
v 0.00608984 0.00552485 0.00778567
v 0.00403119 0.00622648 0.00640467
v 0.03782493 0.00149301 0.07300436
v 0.00605557 0.00599474 0.00816262
v -0.02626293 0.00704378 0.01231246
v -0.01439424 0.01006620 0.10920499
v -0.00160481 0.00289650 0.00173053
v 0.02577461 -0.00566749 0.10056947
v -0.01597056 -0.01175132 0.10871495
v -0.00044227 0.00556811 0.00229252
v -0.02209253 0.00617851 0.00497570
v -0.00735218 0.00559767 0.00027414
v 0.02275904 0.00538949 0.10403738
v 0.00811978 0.00513376 0.10795420
v 0.00640896 0.00244073 0.00888567
v -0.01636293 0.00269903 0.00203209
v -0.01196721 0.00271124 0.00077103
v -0.00844875 0.00294919 0.00017819
v -0.01717336 0.00992913 0.10920156
v -0.03442898 0.00723139 0.10554174
v -0.00816433 0.00310232 0.00012679
v -0.02540452 -0.01234501 0.04344143
v -0.00435716 0.00624533 0.00181963
v -0.02036714 -0.01100685 0.10878349
v 0.02491106 0.00299566 0.10254673
v -0.00070645 0.00244373 0.00247414
v 0.02102165 -0.01175304 0.09937009
v -0.02680951 -0.01091947 0.10689190
v 0.02464206 -0.00461546 0.10286542
v -0.00137125 0.00339060 0.00169283
v -0.01248209 0.00321241 0.00046262
v 0.00236877 0.00261229 0.00423209
v 0.00441585 0.00324089 0.00574330
v 0.02503271 -0.00175473 0.10331776
v -0.01985483 -0.01134782 0.10873552
v 0.02181325 0.00628302 0.10430124
v 0.02345125 -0.00807010 0.10176200
v -0.03210904 -0.00949906 0.04036418
v -0.03629315 0.00453494 0.10431495
v 0.00317043 0.00409031 0.00446854
v -0.02816823 0.00684674 0.01740125
v -0.03514175 -0.00522371 0.03714813
v -0.01636978 0.00956075 0.10936604
v -0.03413770 -0.00756978 0.03924875
v 0.01870514 0.00791246 0.10505514
v 0.02371340 -0.00889338 0.10075451
v 0.01534860 0.00894907 0.10558286
v 0.03392181 -0.00964813 0.07641402
v -0.00474139 0.00611040 0.00123364
v -0.03476823 0.00690713 0.10538411
v -0.02180981 0.01001480 0.10844766
v 0.02065670 0.01708170 0.08999097
v -0.01881480 0.00616009 0.00273458
v -0.03557010 0.00460733 0.10536698
v 0.00112367 0.00467714 0.00297788
v -0.00312352 0.00566363 0.00125421
v -0.01553536 0.00446683 0.00104860
v -0.01495623 -0.01177274 0.10869439
v 0.03778723 -0.00315008 0.07419860
v -0.02874736 0.00669467 0.01838131
v 0.03796542 0.00028480 0.07271137
v -0.02107820 -0.01166993 0.10782742
v -0.01227734 0.00413914 0.00027072
v -0.00145414 0.00550814 0.00180249
v -0.03306169 -0.00875630 0.03991869
v -0.02067383 0.01020927 0.10860187
v -0.01130156 0.00604915 0.00057913
v -0.03401091 0.00058026 0.02979081
v -0.02507726 -0.01238099 0.04340802
v -0.01122360 0.00286716 0.00047975
v -0.00652033 0.00438887 0.00019190
v -0.01100771 0.00318349 0.00025701
v -0.02122041 0.00958731 0.10859501
v -0.02182352 0.00694268 0.00591807
v 0.02146885 0.01708512 0.08898006
v -0.03618349 0.00461718 0.10481527
v -0.01875483 0.00596348 0.00259751
v -0.02565468 0.00598447 0.00933801
v -0.02606075 -0.01068902 0.10749159
v -0.02921340 0.01023412 0.10506199
v 0.02449642 -0.00746355 0.10125483
v 0.03480592 -0.00880343 0.07605421
v -0.03061838 0.00981262 0.10571308
v -0.00588680 0.00594677 0.00074361
v -0.01260460 0.00264806 0.00101090
v -0.01366690 0.00494615 0.00054829
v -0.00844533 0.00254632 0.00052430
v -0.02644798 0.00374078 0.01073956
v -0.03345577 0.00227989 0.02877305
v 0.02438505 0.00139535 0.10383178
v -0.02012897 -0.01085950 0.10884860
v -0.02650623 0.00674093 0.01159626
v -0.03659471 -0.00372663 0.10432866
v -0.03443240 0.00618751 0.10569595
v -0.03557352 -0.00555182 0.10503801
v -0.01465468 -0.01048427 0.10932835
v 0.02512866 -0.00046240 0.10333146
v 0.03702648 0.00378317 0.07035717
v -0.01708084 0.00318242 0.00180935
v -0.01669190 0.00307726 0.00170312
v -0.03529253 -0.00506222 0.10544922
v -0.02823334 -0.01060934 0.10636418
v -0.02938817 0.01014931 0.10600094
v -0.03199938 -0.00901331 0.10578848
v -0.02696885 0.00619393 0.01210685
v -0.01320514 -0.01160054 0.10878349
v 0.00739502 0.00474654 0.00944424
v -0.01277594 0.00646507 0.00167570
v 0.01965436 -0.01759401 0.09079283
v -0.01808489 0.00617294 0.00239190
v -0.03476480 0.00703435 0.10498318
v -0.02984736 0.01006449 0.10529502
v -0.02093770 -0.01148403 0.10838255
v -0.03671464 0.00351183 0.10417446
v 0.00750039 0.00543446 0.00976636
v -0.01892446 0.00591893 0.00266947
v -0.01817570 0.00531153 0.00214860
v -0.03664611 0.00208757 0.10498318
v -0.02591511 -0.01080210 0.10748131
v -0.02428053 0.00517874 0.00727508
v -0.00000821 0.00217987 0.00328629
v 0.00342229 0.00612968 0.00552741
v 0.03195141 -0.01128957 0.07657165
v -0.01598427 0.00309290 0.00141869
v -0.00246965 0.00508151 0.00129190
v 0.02560327 -0.00110161 0.10280031
v -0.02283443 0.00342187 0.00584611
v -0.03322275 -0.00862780 0.03990499
v 0.03380187 -0.00984774 0.07606106
v -0.00061661 0.00471784 0.00202181
v 0.00531667 0.00345978 0.00667882
v 0.01997819 -0.01875226 0.08623520
v -0.01389564 0.00706433 0.10968131
v 0.02255857 -0.01017586 0.10049065
v -0.02396184 0.00553727 0.00686044
v 0.00622391 0.00368080 0.00776511
v -0.01978115 0.00491831 0.00301558
v -0.00836394 0.00616780 0.00072991
v -0.03011122 -0.01074042 0.04124229
v 0.02495047 0.00313380 0.10233770
v -0.00647449 0.00566449 0.00042835
v 0.00238398 0.00769315 0.10923582
v -0.00720654 0.00303079 0.00021246
v -0.01787415 -0.01143777 0.10895483
v -0.03044704 -0.00956931 0.10650124
v -0.01168193 0.00553213 0.00029813
v 0.03249627 -0.01088092 0.07617585
v -0.02509611 0.00648949 0.00870062
v -0.02538224 0.00685445 0.00961900
v -0.02292524 0.00384187 0.00576729
v 0.03779751 -0.00326466 0.07441106
v 0.00283503 0.00508279 0.00426978
v 0.02535312 -0.00330921 0.10276947
v -0.03267789 0.00881971 0.10571308
v -0.02563926 0.00353474 0.00950249
v -0.02487851 0.00694697 0.00913925
v 0.00739673 0.00367909 0.00944424
v -0.01045600 0.00931916 0.10962991
v 0.00054668 0.00743957 0.10958879
v 0.01504019 0.01879510 0.08721527
v -0.02921340 -0.01127585 0.04249649
v 0.02388645 0.00350282 0.10385919
v -0.01661480 0.00275429 0.00203551
v -0.03448723 -0.00096838 0.03142710
v -0.00432761 0.00431819 0.00065109
v -0.01759144 -0.01164081 0.10876978
v -0.03403147 -0.00607098 0.10580903
v -0.00471312 0.00795359 0.10996231
v 0.00006309 0.00316828 0.00242617
v -0.02599050 0.00680433 0.01060249
v -0.02207197 -0.01024182 0.10850592
v -0.03558723 -0.00551113 0.10505857
v -0.00348676 0.00442142 0.00088754
v -0.02895982 0.00658287 0.01840530
v 0.03258194 -0.01084151 0.07648427
v -0.02115873 0.00304278 0.00458162
v 0.02285156 -0.01005592 0.10030904
v -0.01407640 0.00981433 0.10944486
v 0.00734276 0.00450280 0.00934486
v -0.01320257 0.00461803 0.00043178
v 0.00176951 0.00302093 0.00354330
v -0.01401558 0.00269689 0.00124735
v -0.02217305 0.00685230 0.00585639
v -0.02572150 0.00516889 0.00936885
v -0.00231565 0.00523614 0.00137757
v -0.00796815 0.00517788 0.00009252
v -0.02769190 0.01043801 0.10650810
v 0.03673178 0.00430105 0.06977119
v -0.01977944 -0.01093146 0.10889658
v -0.03400405 0.00043165 0.02978910
v 0.00361741 0.00375619 0.00487632
v -0.00194256 0.00233429 0.00211776
v -0.02542165 0.00366753 0.00905016
v -0.01189611 0.00494786 0.00021931
v 0.03785577 0.00152406 0.07278334
v -0.00831340 0.00530853 0.00009595
v -0.03379845 0.00120741 0.02920483
v -0.00684716 0.00273180 0.00041464
v 0.02558271 -0.00407489 0.10209782
v 0.03686885 0.00452336 0.07095686
v -0.01160483 0.00502239 0.00018505
v 0.03634798 0.00570004 0.07016183
v -0.02845608 0.00675079 0.01758629
v -0.03498069 0.00543104 0.10555545
v -0.03572773 0.00518474 0.10518879
v 0.00454778 0.00247350 0.00641838
v 0.02205826 0.00625689 0.10413333
v -0.03621433 0.00405861 0.10502430
v 0.00290485 0.00563964 0.00451994
v -0.03612866 0.00475768 0.10481527
v -0.01424860 0.01008162 0.10916044
v -0.03329813 0.00251763 0.02818022
v -0.00722453 0.00597504 0.00056885
v -0.02585001 -0.01222593 0.04297110
v 0.03388754 -0.00970211 0.07575093
v 0.01998847 -0.01875055 0.08663956
v -0.02257570 0.00322997 0.00574330
v -0.01650343 0.00281768 0.00188474
v -0.02544907 0.00628303 0.00911526
v 0.02111761 0.00642523 0.10459252
v 0.00650577 0.00590436 0.00863894
v 0.00058732 0.00617765 0.00356386
v -0.00090451 0.00605857 0.00251869
v -0.03600530 -0.00474567 0.10494548
v -0.02030031 0.00326231 0.00363240
v -0.02054190 0.01052539 0.10837570
v -0.03526169 -0.00396179 0.03575514
v -0.01287189 0.00439872 0.00036324
v 0.00011990 0.00449467 0.00238162
v 0.02451869 -0.00517831 0.10272150
v 0.02530857 0.00232957 0.10220062
v -0.02706309 -0.01094945 0.10626823
v -0.02311200 0.00605386 0.00594891
v -0.01991994 0.00638583 0.00352274
v 0.02308287 -0.00887711 0.10140218
v -0.02559128 0.00375577 0.00925234
v -0.01505047 0.00976893 0.10944143
v -0.03415141 -0.00741728 0.03877414
v 0.02442960 0.00284638 0.10353365
v -0.02856231 -0.01043372 0.10661090
v 0.00122979 0.00537792 0.00316978
v 0.00512648 0.00515175 0.00650748
v 0.03355857 -0.01003965 0.07594455
v -0.00303764 0.00622948 0.00217944
v -0.03630000 -0.00436830 0.10439377
v 0.02318910 0.00543104 0.10349252
v -0.02829502 -0.01037032 0.10689875
v -0.02774159 -0.01061705 0.10688162
v -0.01912664 0.00604529 0.00283738
v 0.02476714 -0.00366153 0.10308474
v 0.02470374 -0.00409373 0.10299564
v -0.02588941 0.00694997 0.01085608
v 0.00031280 0.00764260 0.10959564
v -0.02239066 0.00683431 0.00599688
v -0.03098162 0.00540577 0.02285327
v 0.02396355 -0.00951449 0.09917477
v -0.02678209 0.00472255 0.01130841
v 0.00752609 0.00274079 0.01023925
v -0.02173100 0.00667025 0.00512305
v -0.00458205 0.00791846 0.10996573
v 0.02475343 -0.00461675 0.10281402
v -0.03150250 0.00461033 0.02357632
v 0.00539120 0.00492901 0.00676791
v -0.03147851 0.00475982 0.02360716
v 0.03496356 0.00261036 0.07923598
v 0.00544389 0.00259622 0.00731963
v 0.03106729 -0.01184385 0.07672928
v -0.01011160 0.00573174 0.00023645
v 0.03312337 -0.01042602 0.07620841
v -0.01932539 0.00661414 0.00350903
v -0.00472212 0.00620892 0.00152835
v -0.03528910 0.00591465 0.10535670
v -0.01512757 0.00326702 0.00106231
v -0.03150935 -0.00919579 0.10616884
v 0.02525374 0.00177058 0.10270779
v -0.01545826 -0.01160654 0.10894112
v -0.02025234 0.00599346 0.00348847
v -0.02165218 0.00346342 0.00461589
v 0.02140717 0.00620549 0.10451713
v -0.00823972 0.00354373 0.00004455
v 0.03540904 0.00681246 0.06840903
v -0.01627726 0.00659401 0.00247414
v -0.03465857 -0.00581183 0.10564797
v -0.02568380 0.00412672 0.00931745
v 0.01999019 -0.01875226 0.08648878
v 0.03613894 0.00568761 0.06900530
v 0.03775982 -0.00219786 0.07511869
v 0.02155966 0.01709369 0.08877788
v 0.02440732 0.00263970 0.10365701
v 0.02208567 -0.01055024 0.10036387
v 0.03374704 -0.00986831 0.07627352
v -0.00492858 0.00583711 0.00084642
v -0.01887648 0.00622477 0.00280997
v 0.01833334 0.01874198 0.08560468
v 0.00171768 0.00375319 0.00335826
v 0.02160078 -0.01116535 0.09988069
v -0.00516460 0.00331906 0.00051402
v 0.02170016 -0.01757173 0.08846261
v 0.00483820 0.00522843 0.00620935
v -0.01950530 0.00334327 0.00304299
v 0.03664268 0.00484848 0.07131495
v -0.03564206 0.00396737 0.10536013
v -0.00102225 0.00623376 0.00298131
v -0.01897072 0.00603416 0.00274829
v -0.00947936 0.00630744 0.00101776
v 0.02427539 0.00489603 0.10178255
v 0.03783178 0.00174273 0.07242352
v 0.00426978 0.00583283 0.00592150
v -0.00193871 0.00607442 0.00211433
v -0.00247564 0.00523871 0.00131931
v -0.00705876 0.00243195 0.00071963
v 0.00752780 0.00295732 0.00998224
v -0.03039907 -0.00989228 0.10532243
v 0.03626916 0.00533123 0.06910296
v 0.01928427 -0.01875569 0.08470342
v 0.03619377 -0.00704120 0.07527632
v -0.01745950 0.00654775 0.00262492
v -0.02980281 0.00614124 0.01981371
v 0.02461122 0.00145478 0.10369813
v 0.00689899 0.00569747 0.00898162
v -0.03508349 -0.00218050 0.03368878
v 0.02385047 0.00420039 0.10355763
v -0.01964237 0.00375320 0.00302243
v -0.02796776 0.01038918 0.10650124
v -0.02312571 -0.01093917 0.10820094
v 0.03389782 -0.00971667 0.07580233
v -0.01857321 -0.01037204 0.10909875
v -0.02398069 0.01070959 0.10733396
v -0.01587461 -0.01181129 0.10856760
v -0.02370141 -0.01112679 0.10795078
v -0.01410125 0.00999167 0.10928037
v 0.02373225 0.00409373 0.10377009
v -0.03450779 -0.00630401 0.10567882
v -0.00387998 0.00249364 0.00127134
v -0.03211589 -0.00860467 0.10619626
v -0.01098030 0.00539206 0.00017134
v 0.00519116 0.00235014 0.00739159
v -0.02056760 0.00693240 0.00522586
v -0.03412742 -0.00713800 0.10568909
v -0.03483676 0.00620593 0.10556916
v -0.02515265 -0.01233473 0.04320156
v -0.01687866 0.00658201 0.00254953
v -0.01551480 0.00325224 0.00118567
v -0.03026542 0.00992656 0.10570623
v -0.01700888 0.00568419 0.00169626
v 0.00116918 0.00478209 0.00301900
v 0.00037614 0.00423466 0.00251184
v -0.03046761 0.00985803 0.10578848
v -0.02085888 0.00673751 0.00460561
v 0.02252944 0.00596176 0.10391060
v 0.00694953 0.00522928 0.00884798
v -0.03216044 0.00906473 0.10594268
v -0.02457695 0.00620293 0.00785078
v 0.00296396 0.00493244 0.00434860
v 0.01823739 0.00818318 0.10506542
v -0.03049845 -0.00984602 0.10535670
v -0.03665982 0.00364911 0.10431838
v -0.01519439 0.00653361 0.00210748
v -0.01390935 0.00264356 0.00132617
v -0.01585748 -0.01172219 0.10877321
v -0.02007414 0.00659786 0.00387913
v -0.01494252 0.01008591 0.10922555
v -0.02265966 0.00413957 0.00539377
v -0.00015672 0.00217987 0.00321433
v -0.00266155 0.00797500 0.10989720
v -0.03466542 -0.00040484 0.03176978
v 0.02337243 -0.00879144 0.10129938
v -0.03474081 -0.00626588 0.03781122
v -0.03010094 0.00998054 0.10441433
v -0.00253111 0.00808123 0.10983894
v -0.00056376 0.00237777 0.00262492
v -0.02358490 -0.01071043 0.10814611
v -0.02195374 0.00746527 0.10848878
v 0.00282089 0.00282561 0.00444455
v 0.01653085 0.00874174 0.10538754
v -0.01826823 0.00305756 0.00248100
v -0.02586714 0.00675849 0.01026667
v 0.03686542 -0.00581613 0.07499190
v 0.01617274 0.00877858 0.10548691
v 0.00087533 0.00611040 0.00357757
v 0.01950187 0.01874198 0.08662243
v -0.03137570 -0.01008247 0.04094330
v 0.02423427 -0.00670923 0.10215950
v -0.02142430 0.00648092 0.00463988
v -0.03494642 0.00455464 0.10557259
v 0.03489502 0.00725280 0.06810491
v 0.00449809 0.00281018 0.00604143
v -0.02088115 0.00583155 0.00386885
v -0.01710140 0.00672508 0.00322804
v 0.02212508 0.00613952 0.10416075
v 0.00685658 0.00592492 0.00918037
v -0.02040312 0.00659187 0.00406760
v -0.00580456 0.00453236 0.00032555
v -0.03559066 0.00576515 0.10504143
v -0.03235919 -0.00928917 0.04018427
v -0.02517664 0.00648906 0.00881713
v -0.00243259 0.00588852 0.00166885
v -0.00494957 0.00339488 0.00054829
v 0.03774611 -0.00332121 0.07486854
v 0.00711145 0.00278984 0.00945452
v -0.00098467 0.00621620 0.00291277
v -0.02252087 0.00648092 0.00559252
v 0.03767072 -0.00067990 0.07514782
v -0.02428738 0.00671052 0.00785078
v 0.00485576 0.00292948 0.00635670
v 0.02284471 -0.00946480 0.10105950
v -0.03340094 -0.00835965 0.03951947
v -0.03305826 0.00851644 0.10575763
v -0.00851386 0.00271638 0.00033240
v -0.02804829 -0.01053995 0.10680623
v 0.03772555 0.00221263 0.07227103
v 0.02583972 -0.00318478 0.10199159
v -0.02809112 0.01033778 0.10658692
v -0.01941277 0.00307791 0.00315265
v -0.02573863 0.00656874 0.00976636
v -0.01769252 0.00401235 0.00191900
v -0.00004271 0.00553084 0.00247757
v -0.00449724 0.00247586 0.00115483
v 0.01818769 -0.01881394 0.08398723
v 0.01693178 0.01876939 0.08881900
v -0.03429190 0.00070999 0.03103302
v -0.01198006 0.00601102 0.00061340
v -0.03383614 -0.00749867 0.10569938
v -0.00163683 0.00552356 0.00173396
v -0.01101799 0.00297189 0.00037009
v 0.00699151 0.00611811 0.00987601
v 0.00270438 0.00493287 0.00413956
v -0.02928879 -0.01123130 0.04202274
v 0.02155624 0.00660000 0.10427041
v -0.01278279 0.00281597 0.00079502
v -0.00356236 0.00339253 0.00090467
v -0.02231355 0.00327559 0.00540405
v -0.01791184 0.00613139 0.00228567
v 0.02448443 -0.00696067 0.10175514
v -0.02988505 0.01000452 0.10606947
v -0.01567757 0.00983147 0.10937975
v 0.03448723 0.00390440 0.07875109
v -0.02841496 -0.01046884 0.10665888
v -0.02125296 0.00318264 0.00447196
v -0.01304066 0.00487376 0.00040436
v -0.02943957 -0.01006619 0.10661090
v 0.03795172 -0.00142223 0.07318427
v 0.02303318 0.00543403 0.10375981
v -0.03557695 -0.00505408 0.10529844
v 0.02178583 -0.01113793 0.09979501
v -0.02201543 -0.01160397 0.10762523
v -0.02634003 0.00707205 0.01281963
v 0.00348676 0.00349404 0.00478037
v -0.02780156 0.00689385 0.01633894
v -0.00024105 0.00494229 0.00223427
v -0.03437415 0.00007027 0.03081542
v -0.01760171 0.00648692 0.00255296
v -0.02048879 0.00663599 0.00418754
v -0.02881589 -0.01133068 0.04175203
v -0.03406916 0.00032290 0.02997243
v -0.03337010 0.00237820 0.02832757
v 0.02136947 -0.01753575 0.08925078
v -0.02663302 0.00706005 0.01377570
v -0.00684673 0.00295989 0.00028785
v -0.00544860 0.00597547 0.00086012
v 0.02266823 -0.00967212 0.10096013
v 0.03784548 0.00152620 0.07285529
v -0.03054642 -0.00980319 0.10577477
v -0.02103536 0.01050141 0.10834143
v 0.03505950 0.00712515 0.06818115
v 0.00423552 0.00586967 0.00592150
v 0.00338953 0.00586581 0.00511963
v 0.00009552 0.00500826 0.00241931
v -0.00698380 0.00253711 0.00057913
v -0.03186231 -0.00909898 0.10578505
v 0.02551932 -0.00480822 0.10178255
v -0.03393552 0.00775912 0.10563769
v -0.00530553 0.00615238 0.00118910
v -0.01598941 0.01020242 0.10911589
v -0.03569689 0.00542119 0.10512368
v -0.01796838 0.00281897 0.00261121
v -0.00486776 0.00524214 0.00060997
v -0.03616293 0.00480951 0.10431495
v -0.03383271 -0.00764174 0.10527445
v -0.01546340 -0.01145919 0.10907819
v -0.03105016 0.00526656 0.02270592
v -0.03509720 -0.00513418 0.03684829
v -0.03704019 0.00047783 0.10486667
v -0.00962843 0.00524728 0.00005140
v 0.00592107 0.00609626 0.00818660
v 0.03631029 0.00554969 0.06939938
v 0.01857321 0.01878824 0.08629003
v -0.02131293 0.00598061 0.00423894
v -0.01246067 0.00293291 0.00062025
v -0.01413038 0.00596391 0.00095607
v 0.03523770 -0.00835880 0.07569610
v 0.03796542 -0.00100106 0.07441448
v -0.00089921 0.00301579 0.00199097
v -0.00202759 0.00460647 0.00139813
v -0.00289114 0.00623334 0.00225140
v -0.01269627 -0.01107710 0.10901308
v 0.00793559 0.00569790 0.01071900
v 0.00304085 0.00460133 0.00437601
v -0.03514175 -0.00268339 0.03425420
v -0.02471745 0.00626889 0.00806667
v 0.02213707 -0.01054510 0.10034673
v -0.02579689 0.00694011 0.01063333
v 0.02311885 0.00543403 0.10362960
v -0.03103303 -0.00953333 0.10600436
v 0.03637196 0.00553555 0.07072212
v -0.03512461 -0.00190743 0.03363395
v -0.03623832 0.00458377 0.10467476
v -0.02769876 0.01044487 0.10643956
v 0.02200343 -0.01758715 0.08680405
v -0.02671356 -0.01068730 0.10727913
v -0.00180121 0.00260179 0.00183676
v -0.03288692 0.00867493 0.10570966
v -0.00059241 0.00536721 0.00214517
v 0.00034247 0.00227368 0.00325545
v 0.02257228 0.00558053 0.10409221
v 0.00626418 0.00257738 0.00843676
v -0.02117072 -0.01116791 0.10857103
v 0.03595047 0.00575744 0.06861293
v -0.02906262 0.01026924 0.10513053
v -0.03135514 -0.00998052 0.04064860
v 0.00346235 0.00496799 0.00478723
v -0.00048901 0.00226083 0.00285452
v -0.02794035 -0.01080467 0.10500031
v -0.03558038 0.00588124 0.10483240
v 0.02228785 -0.01012617 0.10069969
v 0.02465234 -0.00580927 0.10235483
v -0.03370250 0.00805725 0.10555203
v -0.02619268 0.00706434 0.01230903
v -0.00437858 0.00524685 0.00073333
v -0.02306745 0.00359300 0.00601745
v 0.00068086 0.00221457 0.00357414
v -0.00646464 0.00471570 0.00021589
v 0.03259564 -0.00924720 0.08027430
v -0.02104907 0.00680775 0.00490031
v -0.02714533 0.01032921 0.10702212
v -0.02766106 -0.01047912 0.10707695
v -0.02459580 0.00999681 0.10784455
v -0.02412976 -0.01248894 0.04377983
v -0.02811683 -0.01073528 0.10536013
v 0.00260736 0.00603630 0.00466386
v -0.03332555 0.00204216 0.02796604
v -0.03340779 -0.00801183 0.10534642
v -0.00164122 0.00620721 0.00260093
v 0.00119745 0.00500997 0.00306698
v -0.01265514 0.00531153 0.00038723
v -0.01620358 0.00318435 0.00144611
v 0.03596075 0.00627402 0.06992882
v -0.00537792 0.00614038 0.00114455
v 0.00308411 0.00603801 0.00506137
v 0.00256495 0.00280997 0.00424579
v 0.00276092 0.00219936 0.00516760
v 0.02271963 -0.00981091 0.10078879
v -0.01741667 0.00637469 0.00230966
v 0.00465744 0.00247522 0.00653832
v -0.02373396 -0.01250350 0.04382952
v -0.02881932 0.01032579 0.10450343
v -0.02329362 0.00407917 0.00613738
v -0.02320795 0.00644751 0.00629159
v -0.01748692 -0.01159455 0.10884517
v -0.03199938 0.00423595 0.02489907
v -0.01275794 0.00632972 0.00116511
v -0.02443988 0.00655589 0.00787134
v -0.03394580 -0.00745755 0.10560343
v -0.03608754 0.00477653 0.10489751
v 0.00597675 0.00552185 0.00764174
v -0.01919517 0.00596819 0.00283738
v -0.03342835 -0.00765887 0.10590841
v 0.03781807 -0.00317428 0.07466464
v -0.01788271 0.00361870 0.00205607
v 0.03669408 0.00495257 0.07067586
v 0.00797415 0.00551157 0.01063333
v -0.02389159 0.00705920 0.00854299
v -0.01854751 0.00498299 0.00231308
v -0.03504923 0.00653704 0.10530187
v -0.00800841 0.00248207 0.00060312
v 0.02268536 0.00582297 0.10385234
v -0.03432275 0.00025182 0.03067492
v 0.01764626 0.00824914 0.10531900
v 0.02195717 -0.01759743 0.08601589
v 0.02456496 -0.00777882 0.10074081
v -0.01410810 0.01007563 0.10915016
v 0.00671309 0.00500312 0.00846417
v 0.03791745 0.00109443 0.07293925
v -0.01962866 0.00307833 0.00330000
v -0.03065608 0.00560024 0.02175670
v -0.01887648 0.00310511 0.00279284
v 0.02562726 -0.00117507 0.10276262
v 0.00655117 0.00352917 0.00822430
v -0.02245577 0.00331264 0.00551713
v 0.03692711 -0.00516675 0.07581090
v -0.02197087 0.00772656 0.10848193
v -0.03599502 0.00281233 0.10525390
v -0.02600250 -0.01224392 0.04355023
v 0.03664954 -0.00626418 0.07513069
v -0.02751200 0.00696967 0.01619159
v -0.00800327 0.00480265 0.00004798
v 0.03650561 0.00507336 0.06958099
v -0.02475686 0.00620036 0.00809751
v -0.02384362 -0.01247866 0.04371472
v -0.03427820 0.00007034 0.03054813
v 0.00205608 0.00751239 0.10932835
v -0.00387741 0.00591293 0.00120623
v 0.02333474 -0.00850873 0.10154268
v -0.01384681 0.00683217 0.10968816
v -0.01910608 -0.01148489 0.10874922
v -0.02360032 0.00353174 0.00670966
v -0.02872679 -0.01052196 0.10564455
v 0.03423365 0.00759634 0.06737328
v -0.02659876 0.00390483 0.01094860
v -0.00461417 0.00615024 0.00136386
v -0.00062726 0.00379732 0.00199439
v -0.02544736 0.00382559 0.00903302
v 0.00112302 0.00300701 0.00310810
v -0.03018661 0.00995655 0.10558972
v -0.00347669 0.00564735 0.11000000
v -0.02438505 0.01007734 0.10788225
v 0.02513038 0.00142490 0.10308474
v 0.00218908 0.00308540 0.00382087
v 0.02563069 -0.00027813 0.10268722
v -0.02131464 0.00670666 0.00485919
v -0.03601558 -0.00365338 0.10519221
v -0.02183038 0.01013131 0.10842025
v 0.03799627 -0.00166414 0.07407524
v -0.02627835 0.00653061 0.01075327
v 0.03794486 0.00058839 0.07330078
v 0.00748925 0.00592921 0.01024268
v 0.00316786 0.00281318 0.00474611
v 0.02323022 -0.00857640 0.10154268
v -0.02804486 -0.01070615 0.10600436
v 0.03541932 0.00676234 0.06833022
v 0.02537711 0.00028927 0.10300592
v 0.03608412 0.00612582 0.06954673
v 0.00168834 0.00317107 0.00343364
v 0.02536511 -0.00000246 0.10306760
v 0.02235125 -0.01001223 0.10077851
v 0.00588894 0.00295090 0.00757321
v 0.03304112 0.00800156 0.06599315
v -0.03428505 -0.00725880 0.03870561
v 0.00360670 0.00493201 0.00491402
v -0.01124759 0.00439743 0.00012336
v -0.02060872 0.01061621 0.10819408
v -0.00358271 0.00302779 0.00098349
v -0.01996449 0.00589366 0.00326573
v -0.00711316 0.00258766 0.00050374
v -0.00621192 0.00298645 0.00039408
v -0.02028661 -0.01115677 0.10875607
v 0.00312181 0.00598789 0.00502368
v 0.03589564 0.00635455 0.06985343
v 0.03627944 0.00524641 0.06908412
v 0.00147438 0.00221564 0.00409159
v 0.00125549 0.00588123 0.10943458
v -0.01783816 0.00636870 0.00247072
v -0.01421604 0.00970896 0.10949626
v 0.02221418 0.00629801 0.10391060
v 0.03789004 0.00070731 0.07355607
v -0.00855670 0.00596562 0.00043520
v -0.01988396 0.00651048 0.00364268
v 0.02482882 -0.00588337 0.10213209
v -0.02922025 0.00990086 0.10668287
v -0.02557072 0.00693926 0.01021526
v -0.03472711 -0.00116757 0.03212103
v -0.02013754 0.00307962 0.00367009
v -0.03462430 -0.00044248 0.03161558
v -0.00333020 0.00361398 0.00095265
v -0.03415483 -0.00749610 0.03896604
v 0.00139363 0.00625004 0.00436573
v 0.00572274 0.00260693 0.00766231
v 0.01972461 0.01705942 0.09071060
v -0.01499564 0.00590094 0.00112399
v 0.00023629 0.00225847 0.00322461
v -0.00532566 0.00391297 0.00042492
v 0.02403552 0.00274721 0.10392772
v -0.03491215 -0.00576600 0.03735031
v -0.02677524 0.00665226 0.01209657
v -0.01306207 0.00450795 0.00040093
v 0.03734517 -0.00469085 0.07511012
v -0.02684891 0.00697824 0.01363178
v 0.00195092 0.00770514 0.10931464
v 0.03715327 0.00361526 0.07197804
v 0.00733762 0.00565935 0.00963271
v -0.02437648 0.00619736 0.00758006
v -0.00553127 0.00522843 0.00045919
v -0.02287555 0.00322354 0.00610312
v 0.03578941 0.00648520 0.06910296
v -0.01805234 0.00664284 0.00305670
v -0.03567975 0.00359214 0.10535327
v -0.00815405 0.00560752 0.00020561
v -0.01109081 0.00639011 0.00131246
v 0.03774611 -0.00340302 0.07480171
v -0.02269564 0.00977578 0.10829003
v -0.01291815 -0.01163395 0.10868754
v -0.02882617 -0.01029151 0.10669315
v -0.02028832 0.00384315 0.00342679
v -0.02873022 0.01029152 0.10612087
v -0.02658676 0.00413057 0.01087321
v 0.00756036 0.00367823 0.00970810
v -0.03143053 0.00950421 0.10541496
v -0.02930250 0.00644452 0.01897072
v -0.00223105 0.00609412 0.00203551
v -0.03027913 -0.01067359 0.04122772
v 0.02103022 -0.01178731 0.09932555
v -0.03139969 0.00494144 0.02359003
v -0.03521714 -0.00423294 0.03595904
v 0.03664611 -0.00622349 0.07546994
v -0.02943614 -0.01115677 0.04187453
v -0.01116706 0.00631601 0.00102118
v 0.00001861 0.00585382 0.00272087
v -0.00040632 0.00390697 0.00210062
v -0.00396737 0.00613096 0.00151464
v -0.00231887 0.00339231 0.00131246
v 0.02535312 -0.00197576 0.10305732
v -0.02196402 0.00598275 0.00477695
v -0.03433988 -0.00725451 0.03889065
v 0.00122893 0.00217816 0.00401963
v 0.00563065 0.00255467 0.00760748
v -0.03563863 0.00577758 0.10483240
v -0.02808256 -0.01170763 0.04286230
v -0.03096449 -0.00959158 0.10586043
v 0.02591854 -0.00318263 0.10182710
v 0.03717383 0.00375962 0.07146573
v -0.02888100 0.01025554 0.10614829
v -0.00111820 0.00551457 0.00194984
v 0.02282243 0.00577114 0.10370841
v -0.02516636 0.00689642 0.00939626
v -0.01743552 -0.01092461 0.10918442
v -0.03578941 -0.00498983 0.10512025
v 0.02455639 -0.00818318 0.10018910
v 0.02528287 -0.00517403 0.10195732
v 0.02334159 0.00514276 0.10356449
v -0.03377446 -0.00804953 0.03954517
v -0.02377337 -0.01245467 0.04364447
v -0.03388754 0.00781909 0.10563084
v -0.03359284 0.00811379 0.10564455
v 0.00512691 0.00620721 0.00753894
v 0.02517492 -0.00845218 0.09841402
v -0.00458462 0.00773341 0.10997259
v 0.02326449 0.00521172 0.10362617
v -0.02520748 0.00351932 0.00886854
v -0.02313085 -0.01125958 0.10800561
v -0.02765763 0.00693069 0.01619844
v -0.01912150 0.01017158 0.10885202
v 0.00003778 0.00286244 0.00252555
v 0.00016971 0.00218715 0.00335826
v 0.02464206 -0.00596433 0.10227601
v -0.02607960 -0.01222593 0.04373442
v -0.00470670 0.00605857 0.00115140
v -0.00308433 0.00598061 0.00154548
v -0.03591620 -0.00459661 0.10513053
v -0.00583069 0.00838536 0.10989034
v 0.00402648 0.00280761 0.00555826
v 0.00797157 0.00582854 0.01098287
v -0.02980623 -0.01012274 0.10573022
v 0.02452726 0.00204130 0.10369813
v -0.01231246 0.00613396 0.00078474
v 0.03680717 0.00466086 0.07041371
v -0.02007243 0.00380803 0.00328972
v -0.02113988 0.00384358 0.00405047
v 0.03704704 -0.00510078 0.07558302
v 0.02456667 -0.00595148 0.10234798
v -0.03053614 0.00982976 0.10586386
v -0.02526231 0.00701208 0.01001651
v -0.01233816 0.00523486 0.00032212
v 0.01847726 0.00801012 0.10510311
v -0.00918980 0.00494572 0.00001713
v 0.00800927 0.00569618 0.01086293
v -0.01884393 -0.01063419 0.10905764
v 0.02328676 0.00496842 0.10379066
v -0.00188259 0.00577929 0.00177850
v -0.01218824 0.00260479 0.00101090
v 0.03307539 -0.01043458 0.07603364
v -0.01136752 0.00639225 0.00130903
v 0.00240711 0.00220771 0.00483520
v -0.01409268 0.00992485 0.10935576
v -0.01589517 0.00509436 0.00118224
v -0.00963528 0.00424751 0.00000343
v -0.01526807 0.01017843 0.10912274
v 0.02172072 0.00612924 0.10440405
v 0.02222960 0.00623419 0.10397913
v 0.02377508 0.00449209 0.10343084
v -0.03478194 -0.00055701 0.03221698
v 0.00717142 0.00330236 0.00917695
v -0.00097706 0.00486819 0.00186760
v 0.02469003 -0.00284274 0.10328349
v -0.01534003 0.01023583 0.10903364
v -0.02361573 0.00418412 0.00651776
v -0.03498069 -0.00603586 0.10549720
v 0.02544736 0.00138378 0.10250904
v 0.00268768 0.00416270 0.00406760
v -0.00971838 0.00616609 0.10987663
v -0.02684891 0.00420639 0.01142150
v -0.02658162 0.00628303 0.01120561
v 0.03283209 -0.01062648 0.07609019
v -0.01152687 0.00614167 0.00070592
v -0.01459985 0.00495643 0.00078131
v -0.03550499 0.00598961 0.10490779
v 0.03674891 0.00473968 0.07110078
v -0.01117477 0.00495086 0.00012679
v 0.00280076 0.00773341 0.10913302
v -0.02524860 0.00711317 0.01077040
v 0.00197940 0.00287808 0.00375919
v 0.00609541 0.00583454 0.00800498
v 0.02284299 -0.00974066 0.10077165
v -0.03468941 0.00657773 0.10559314
v -0.01437025 0.00601445 0.00104860
v -0.03584081 -0.00368551 0.10527445
v 0.00220343 0.00576901 0.10927010
v 0.02485109 -0.00692341 0.10121028
v -0.03211246 -0.00871518 0.10615514
v 0.00201710 0.00475296 0.00359128
v -0.02264596 -0.01152772 0.10761838
v -0.02466604 0.01048856 0.10760467
v -0.02579860 0.00686044 0.01037290
v -0.01583349 0.00547388 0.00121651
v 0.00629545 0.00615495 0.00889595
v -0.03049845 0.00986403 0.10500374
v 0.01554222 0.01879167 0.08808909
v -0.03616293 0.00480951 0.10446230
v -0.02925795 0.00978007 0.10673427
v 0.00065061 0.00423680 0.00266947
v -0.02516122 0.00576301 0.00856698
v -0.01235873 -0.01238442 0.04706270
v -0.02449985 0.00650877 0.00790903
v -0.02559300 -0.01226791 0.04304478
v -0.02465748 0.00699837 0.00906044
v -0.02547991 -0.01232017 0.04325981
v -0.02907633 -0.01032063 0.10636418
v -0.03608412 -0.00466686 0.10484610
v 0.00057843 0.00216830 0.00364611
v 0.00581741 0.00611854 0.00810436
v -0.02097710 0.01047142 0.10838255
v 0.00103778 0.00492559 0.00295389
v 0.00351460 0.00244844 0.00539377
v -0.01006363 0.00553813 0.00014393
v 0.03700250 0.00401063 0.07041542
v -0.03088225 -0.00964470 0.10570280
v -0.02430966 0.00700994 0.00869377
v -0.03475795 0.00557368 0.10561714
v -0.02561527 0.00688057 0.01009875
v -0.02059159 0.00399479 0.00361184
v -0.02570437 -0.01221993 0.04292227
v -0.02570950 0.01030437 0.10748131
v 0.03782493 0.00160684 0.07222477
v 0.03796200 -0.00068258 0.07425343
v -0.02249860 0.00625090 0.00539377
v -0.02387274 0.00590737 0.00681589
v -0.02929564 0.01019642 0.10565826
v -0.03658443 0.00372793 0.10458910
v -0.00482364 0.00369194 0.00054829
v 0.03687228 0.00204750 0.07530031
v 0.00719027 0.00316614 0.00926947
v -0.00356236 0.00317235 0.00094579
v -0.01460327 0.00276136 0.00130561
v -0.02560670 0.00355659 0.00942025
v 0.02533085 -0.00441242 0.10234112
v 0.01770795 0.01875569 0.08882586
v -0.02787181 0.00690114 0.01677757
v 0.03782150 -0.00293312 0.07481028
v 0.03543645 -0.00805382 0.07591199
v -0.00874603 0.00632115 0.00116511
v -0.03181433 0.00932259 0.10528131
v 0.03637196 0.00553726 0.06962554
v -0.01468209 0.00596691 0.00108629
v -0.03117695 0.00961044 0.10528131
v -0.02485966 -0.01239813 0.04341145
v -0.02605047 0.00420254 0.00988972
v -0.01626184 0.00567391 0.00141526
v -0.01803692 -0.01170934 0.10856075
v -0.03500125 -0.00548843 0.03712243
v -0.03440156 -0.00716113 0.03887866
v -0.01091348 0.00264013 0.00070592
v -0.03443583 -0.00678590 0.10562742
v 0.03789689 -0.00080578 0.07462009
v -0.03428505 -0.00735046 0.03903115
v -0.02858630 0.00666469 0.01751433
v -0.02374938 0.00686944 0.00752523
v -0.00147663 0.00303935 0.00172710
v -0.02519377 0.00635670 0.00876573
v -0.01680498 0.00660857 0.00262150
v -0.00620549 0.00516846 0.00031526
v -0.03536792 -0.00342764 0.03565748
v -0.03199938 0.00923178 0.10556573
v -0.00156337 0.00783279 0.10982523
v -0.03531652 -0.00330235 0.03524112
v -0.01905468 0.00297125 0.00303956
v -0.02327820 0.00658758 0.00651090
v 0.03470312 -0.00892251 0.07605421
v -0.01093489 0.00941426 0.10958536
v -0.01912492 0.00679833 0.00394424
v -0.03525826 -0.00209955 0.03447009
v -0.01651714 0.00517403 0.00141184
v -0.02159907 -0.01128785 0.10839969
v -0.01474206 0.00466558 0.00081215
v -0.03523427 -0.00569489 0.10540468
v -0.00154955 0.00267740 0.00187788
v 0.00088294 0.00557282 0.00302586
v -0.03044704 0.00987345 0.10561371
v -0.00062196 0.00600203 0.00256324
v -0.03086854 0.00547730 0.02238037
v -0.03500125 0.00663727 0.10527103
v -0.02335016 0.00658416 0.00658972
v 0.00728193 0.00375362 0.00925576
v -0.01350756 0.00302757 0.00076760
v -0.02247461 0.00335890 0.00549657
v -0.02434735 0.01065133 0.10740249
v 0.00256196 0.00338396 0.00402305
v -0.00725280 0.00475767 0.00010966
v -0.03538848 -0.00449809 0.10543209
v -0.02171729 0.00651134 0.00490374
v 0.00242103 0.00622006 0.00494829
v -0.03622461 0.00468272 0.10446230
v -0.02076978 0.00686815 0.00493801
v -0.00155833 0.00509007 0.00164829
v -0.01248294 0.00645094 0.00160374
v 0.01676043 -0.01875911 0.08929533
v -0.02482539 0.00628431 0.00822087
v 0.03547072 -0.00797415 0.07598224
v 0.02558785 -0.00801441 0.09818099
v 0.03203022 -0.01121161 0.07631293
v -0.01408926 -0.01107710 0.10920841
v -0.02597851 0.00710374 0.01216168
v -0.02691916 -0.01092803 0.10676168
v -0.02269222 -0.01145405 0.10784455
v -0.02486137 -0.01238356 0.04334377
v -0.01670904 -0.01173162 0.10869439
v -0.00503567 0.00621192 0.00144953
v -0.01329167 0.00479237 0.00045576
v -0.03245514 -0.00873660 0.10548349
v -0.02817508 0.01006364 0.10691931
v -0.02195888 0.00697652 0.00620592
v -0.00407231 0.00317578 0.00080187
v -0.01320343 -0.01122017 0.10905421
v 0.03751652 0.00247071 0.07277991
v 0.00297424 0.00567049 0.00459533
v 0.02441246 -0.00481807 0.10287570
v -0.01599284 0.00546916 0.00126791
v -0.01983769 0.00676321 0.00409502
v 0.00350689 0.00378832 0.00477352
v -0.03522742 -0.00478679 0.03677975
v -0.02636745 -0.01216682 0.04337119
v -0.03198567 0.00877259 0.10620654
v -0.03418225 0.00750639 0.10558972
v -0.03218785 0.00407103 0.02549190
v 0.02407664 -0.00910670 0.09968878
v -0.03529595 0.00620378 0.10518879
v -0.03446667 -0.00620549 0.10569595
v 0.02623552 -0.00127959 0.10147757
v 0.03671807 0.00183483 0.07586744
v -0.02131636 0.00605643 0.00426978
v -0.03227695 0.00870063 0.10613458
v 0.03796200 -0.00229445 0.07426713
v -0.03554954 0.00389327 0.10539439
v -0.02043224 0.00538692 0.00346449
v -0.03098162 -0.01036176 0.04136651
v 0.00665440 0.00611597 0.00930716
v -0.02617041 0.00656659 0.01056822
v 0.03781122 -0.00323061 0.07447788
v 0.00743785 0.00591593 0.01012274
v 0.01551480 0.00891822 0.10556573
v -0.03154362 -0.00908870 0.10624766
v -0.02093941 0.00328159 0.00411215
v -0.00219293 0.00572146 0.00161745
v -0.02257742 0.00447668 0.00524299
v -0.01953271 0.00315437 0.00316636
v 0.03063552 -0.01207430 0.07673785
v -0.01797866 0.01018529 0.10899595
v 0.01712197 0.00851815 0.10535327
v 0.03484362 -0.00869806 0.07620499
v -0.01409439 0.00647022 0.00174424
v 0.03459004 0.00731020 0.06734502
v 0.02152025 -0.01131013 0.09973676
v -0.00321947 0.00230152 0.00181963
v -0.02586371 0.00361613 0.00978006
v -0.02900437 -0.01127243 0.04173318
v -0.02412975 0.00663427 0.00756978
v 0.00689813 0.00280419 0.00910156
v 0.02011355 0.00720055 0.10476729
v 0.00124371 0.00266990 0.00337539
v -0.01526807 0.01021698 0.10906106
v -0.01622757 0.00413357 0.00129533
v 0.02313427 -0.00909899 0.10120685
v 0.00458333 0.00261486 0.00629844
v -0.01566386 0.00992057 0.10934548
v -0.02453069 0.00667368 0.00810436
v -0.02860000 0.01034720 0.10361589
v 0.02560670 -0.00571461 0.10089502
v -0.02655249 0.00692512 0.01231931
v 0.03574486 -0.00769572 0.07566869
v 0.03795514 -0.00119670 0.07453442
v -0.02618754 0.00697738 0.01165794
v -0.01928598 0.01014588 0.10883832
v 0.00502753 0.00579085 0.00669252
v -0.03269502 0.00879401 0.10576449
v -0.02936761 0.01019300 0.10521962
v 0.00524899 0.00610826 0.00737445
v -0.03247913 -0.00838450 0.10611744
v -0.03395950 -0.00746954 0.10555203
v -0.01614876 -0.01040973 0.10931122
v 0.01506589 0.00903988 0.10556231
v -0.03282866 0.00864237 0.10586386
v -0.00157643 0.00602901 0.00218629
v 0.00607442 0.00618150 0.00867321
v -0.00244908 0.00612839 0.00202866
v 0.02140888 -0.01760429 0.08899377
v -0.01013559 0.00304792 0.00022617
v -0.03498412 -0.00546744 0.03706418
v -0.02663302 0.00635713 0.01137009
v -0.02892897 -0.01128613 0.04171176
v -0.02296122 0.00433061 0.00568847
v 0.00577629 0.00310082 0.00735047
v -0.02129751 0.00384572 0.00417726
v -0.01936994 0.00300423 0.00320748
v -0.01833333 0.00620849 0.00253240
v 0.02124954 0.00673493 0.10439719
v 0.00783964 0.00345399 0.01022897
v 0.02526916 -0.00131974 0.10319439
v -0.01506246 0.00973123 0.10945171
v -0.01571013 0.00531239 0.00114455
v -0.02511667 0.01063505 0.10717975
v 0.00482449 0.00252619 0.00666511
v -0.00665397 0.00545974 0.00031184
v -0.01605109 0.00963786 0.10939003
v -0.01974689 0.00315287 0.00331371
v -0.03520343 -0.00388598 0.03553754
v -0.02077321 0.00388556 0.00375919
v -0.02775187 -0.01070015 0.10666916
v -0.03040250 0.00989058 0.10467476
v -0.03667695 0.00357972 0.10439035
v 0.03736573 0.00326916 0.07129953
v 0.00672851 0.00302350 0.00866636
v -0.03265733 0.00886426 0.10541838
v -0.01438225 0.00623120 0.00126106
v -0.01228933 0.00553427 0.00038723
v -0.02570608 0.00405818 0.00935514
v -0.03449751 -0.00698422 0.03867991
v -0.00023364 0.00559809 0.10967445
v -0.01576153 0.00265984 0.00188474
v 0.02557929 -0.00379475 0.10224175
v -0.01678271 0.00955733 0.10931464
v -0.00862352 0.00621320 0.00080187
v -0.02201029 -0.01077640 0.10849564
v 0.03453178 0.00732476 0.06725249
v -0.01187383 0.00582812 0.00046262
v -0.03408972 0.00775398 0.10520249
v 0.03744798 0.00098606 0.07483769
v -0.00249984 0.00765545 0.10995545
v 0.01930826 0.01874712 0.08765390
v -0.00067095 0.00548672 0.00214860
v -0.03482648 -0.00619692 0.03787804
v -0.02306059 0.00970468 0.10821807
v -0.02671184 -0.01075327 0.10722430
v 0.02184751 0.01703886 0.08829471
v 0.01668162 0.01876768 0.08878473
v 0.00221349 0.00493544 0.00375919
v 0.03746854 -0.00402391 0.07420202
v 0.03599845 0.00624361 0.06943707
v -0.01758116 -0.01129899 0.10906791
v -0.01709798 0.00599989 0.00186417
v -0.01422118 0.00644451 0.00166885
v 0.00221285 0.00751410 0.10929751
v 0.00812749 0.00337025 0.01080125
v -0.02765763 0.00691955 0.01605109
v 0.02358832 -0.00916410 0.10056604
v -0.01781760 0.00498256 0.00194984
v 0.02437477 0.00240668 0.10376324
v 0.00390269 0.00582812 0.00555483
v 0.02489564 -0.00439872 0.10280716
v 0.03700250 -0.00556640 0.07504844
v -0.02560670 0.00704035 0.01081153
v -0.02663131 0.00641753 0.01141807
v -0.01238785 -0.01144120 0.10875950
v -0.00041930 0.00221307 0.00299502
v -0.02920997 0.00637941 0.01848411
v 0.00654432 0.00295582 0.00845047
v -0.02280187 0.00673365 0.00619907
v 0.00427492 0.00275964 0.00584268
v -0.03499097 -0.00580584 0.03764673
v 0.02544564 -0.00379646 0.10246106
v -0.00623890 0.00550343 0.00039751
v 0.00153927 0.00605343 0.00390312
v -0.02926137 -0.01124844 0.04209556
v -0.02701511 -0.01201347 0.04296939
v 0.01906838 0.00737445 0.10510654
v 0.00189759 0.00233536 0.00418411
v 0.00136022 0.00288172 0.00332399
v -0.00426421 0.00622648 0.00174766
v 0.00573088 0.00242124 0.00795016
v -0.02642056 0.00398665 0.01056480
v 0.00009578 0.00523528 0.00246044
v -0.00303871 0.00607099 0.00169969
v 0.00428392 0.00226789 0.00649377
v -0.01276052 -0.01168450 0.10858816
v -0.02607274 0.00496243 0.00994112
v -0.02207539 0.00583583 0.00483178
v 0.00177037 0.00260865 0.00378318
v -0.01816714 0.00439743 0.00212804
v -0.03176979 0.00928404 0.10597009
v -0.03507664 -0.00519972 0.03689112
v 0.00110718 0.00736932 0.10950311
v 0.00607442 0.00606885 0.00832710
v 0.00805981 0.00371636 0.01058878
v -0.02117929 0.00313980 0.00445483
v 0.03778038 0.00199675 0.07234813
v -0.01604938 0.00274893 0.00181620
v -0.03590592 0.00429977 0.10521962
v -0.01998505 0.00682746 0.00438287
v -0.03011465 0.00608642 0.02102336
v 0.00673836 0.00507251 0.00851215
v -0.03260935 -0.00853442 0.10591869
v -0.02466091 0.00704206 0.00931402
v -0.01515841 0.00286180 0.00133988
v 0.00477780 0.00600160 0.00666168
v -0.03002555 0.00591979 0.02014611
v -0.02232726 0.00679747 0.00585639
v 0.00778481 0.00569833 0.01043458
v -0.03050530 0.00985974 0.10483240
v 0.00425993 0.00590865 0.00599003
v -0.01058879 0.00278556 0.00047290
v -0.02197944 0.01042688 0.10825919
v -0.02569237 0.00653361 0.00965327
v 0.02186465 0.01710054 0.08805483
v -0.00846160 0.00346899 0.00004798
v -0.01730187 0.00281683 0.00225483
v -0.00183012 0.00624019 0.00269346
v -0.00475424 0.00544475 0.00068879
v -0.01642119 -0.01174275 0.10869782
v -0.02288412 0.00568291 0.00559595
v 0.00117957 0.00431262 0.00299159
v -0.03022430 0.00583198 0.02063614
v -0.03480592 -0.00073258 0.03224611
v -0.03313022 -0.00800841 0.10594268
v 0.02601449 -0.00044308 0.10188193
v 0.02539767 -0.00232015 0.10295794
v -0.01694206 0.00297896 0.00188816
v -0.03256823 0.00314387 0.02606417
v 0.00523014 0.00368337 0.00654860
v 0.03744798 0.00117614 0.07468520
v 0.02508412 -0.00564221 0.10195389
v -0.03176293 0.00458120 0.02457009
v 0.02583972 -0.00177551 0.10232741
v -0.01201776 0.00695768 0.10978068
v 0.02493505 -0.00613610 0.10180312
v -0.02976169 -0.01017157 0.10514424
v -0.02794206 0.00684331 0.01641433
v -0.00022656 0.00612711 0.00298816
v 0.00153949 0.00624576 0.00443769
v -0.03523770 -0.00271594 0.03451293
v 0.00799813 0.00474739 0.01046199
v 0.02074066 0.00692255 0.10459252
v -0.00060863 0.00290485 0.00217601
v 0.03734860 -0.00019758 0.07573038
v -0.02406807 0.00583497 0.00705576
v -0.02609330 0.00663170 0.01049969
v 0.02191947 -0.01757687 0.08773614
v -0.03127975 0.00942797 0.10616542
v -0.00064252 0.00482664 0.00202181
v -0.02321823 0.00462317 0.00593178
v 0.00748326 0.00559124 0.00982118
v -0.02261169 0.00612754 0.00544517
v -0.02805514 0.01029923 0.10669315
v 0.00286030 0.00537578 0.00436573
v -0.01598770 0.00399821 0.00121651
v -0.00956931 0.00831254 0.10983209
v 0.00013888 0.00569961 0.00266262
v -0.01634922 0.00660943 0.00254611
v -0.02972056 -0.01015615 0.10572679
v 0.02543022 -0.00135605 0.10302991
v 0.03702991 -0.00535394 0.07540140
v 0.03774611 -0.00330107 0.07421402
v -0.03335296 0.00186075 0.02803458
v -0.01250608 -0.01238271 0.04698988
v -0.00970896 0.00410230 0.00001028
v 0.00762890 0.00561737 0.01008505
v -0.02042025 0.00687629 0.00480093
f 1453 1464 655
f 655 1868 1453
f 1382 173 315
f 987 742 1626
f 1285 1811 987
f 987 427 1285
f 987 1756 1399
f 987 1811 1383
f 1965 302 594
f 841 611 1610
f 1796 1457 1592
f 1878 287 1947
f 1796 1868 83
f 1464 1208 620
f 620 655 1464
f 1208 655 620
f 1873 1208 1314
f 1314 1682 1873
f 1682 879 1873
f 1873 287 1208
f 1873 1947 287
f 1314 1208 1121
f 987 1314 1121
f 1654 920 366
f 1310 920 311
f 311 1448 1310
f 959 1142 1791
f 173 181 1246
f 315 173 1246
f 1142 959 1246
f 1747 427 987
f 987 1626 1747
f 1811 1285 1422
f 473 1756 987
f 654 742 987
f 987 1399 654
f 48 586 1572
f 366 920 1072
f 284 1196 525
f 400 1682 1825
f 1408 1825 1682
f 1387 1965 1529
f 1529 1091 1387
f 1725 1529 1082
f 1082 1965 594
f 1082 1529 1965
f 1133 1264 1878
f 243 1133 1606
f 1264 1133 243
f 1676 1092 967
f 1092 243 967
f 1977 1871 1614
f 611 841 1633
f 611 1633 95
f 1495 1682 400
f 1495 879 1682
f 1495 1182 879
f 886 1995 1269
f 1578 1868 1796
f 1796 1592 1578
f 1453 1868 1578
f 1435 655 1208
f 1868 655 1435
f 1435 83 1868
f 1247 1682 1314
f 1314 818 1247
f 1468 42 1247
f 1247 42 1682
f 1611 1682 220
f 1682 42 220
f 352 1121 1216
f 1216 1121 935
f 1715 1121 352
f 68 1121 1715
f 86 1121 1686
f 358 1632 1310
f 1310 1448 358
f 358 1448 1632
f 1575 311 540
f 920 1654 540
f 540 311 920
f 366 6 922
f 922 1654 366
f 1741 1246 616
f 724 1246 1741
f 1230 1871 1977
f 1958 1773 13
f 13 1230 1958
f 1114 1773 72
f 13 1773 1114
f 72 653 1114
f 1114 653 13
f 1684 653 72
f 477 1360 1125
f 1125 1360 3
f 1360 477 3
f 1648 1246 1997
f 1997 1246 181
f 1138 425 1402
f 1558 181 173
f 173 1382 1558
f 1274 1285 427
f 427 1747 1274
f 1165 1121 68
f 987 1121 1165
f 1165 473 987
f 742 654 180
f 180 654 1399
f 545 1306 794
f 955 794 1306
f 955 1306 66
f 743 1399 1756
f 743 180 1399
f 543 1383 1811
f 1811 1422 543
f 1422 525 543
f 284 525 868
f 985 1714 1005
f 1005 1714 1600
f 400 1825 874
f 704 1825 146
f 704 874 1825
f 146 1825 480
f 480 1714 985
f 480 1825 1714
f 1310 1632 1419
f 921 1200 688
f 887 1690 1942
f 1854 941 1310
f 1184 229 941
f 866 229 1184
f 941 1854 1184
f 1184 1854 15
f 1089 1091 23
f 23 1091 1412
f 1870 558 179
f 92 1082 594
f 179 1082 92
f 92 1870 179
f 1878 1550 1073
f 1073 1133 1878
f 852 1102 1058
f 1058 967 852
f 1102 1614 385
f 385 1614 1871
f 1058 1102 385
f 385 703 1058
f 1871 703 385
f 1774 703 1676
f 1058 703 1774
f 1676 967 1774
f 1774 967 1058
f 333 861 1610
f 595 1633 1925
f 1862 1872 1442
f 986 1872 1862
f 611 95 1862
f 1862 1925 986
f 1862 1633 595
f 1862 95 1633
f 726 1495 400
f 376 1873 879
f 1226 1503 1516
f 1269 1995 1881
f 1881 382 1269
f 1878 1264 267
f 737 1435 1208
f 83 1435 737
f 1796 83 1292
f 536 287 1878
f 544 1121 86
f 544 1515 1121
f 935 1121 1740
f 1121 1515 1740
f 714 544 86
f 1515 544 714
f 539 75 1829
f 1828 261 1208
f 1253 1208 1464
f 1253 820 1208
f 1253 1464 1453
f 1253 1781 820
f 1208 261 1561
f 1561 829 1208
f 1736 1121 1208
f 1208 829 1736
f 1331 140 356
f 1877 585 486
f 57 586 48
f 379 362 988
f 140 1331 1290
f 1290 1331 1545
f 1632 1448 25
f 25 928 1632
f 1448 311 25
f 1553 415 1575
f 1575 540 1553
f 1051 540 1654
f 1051 1553 540
f 160 6 66
f 160 922 6
f 66 814 160
f 160 814 1698
f 1394 1698 1166
f 1698 814 1166
f 335 486 855
f 335 1877 486
f 617 1748 384
f 1749 46 1637
f 936 1741 616
f 513 32 334
f 1871 1230 1699
f 1699 1482 1871
f 1610 611 1323
f 611 1862 1323
f 666 1958 299
f 299 1958 1230
f 299 1977 666
f 299 1230 1977
f 511 1684 72
f 1546 1226 511
f 1226 1684 511
f 1959 333 980
f 597 1958 666
f 1773 1958 597
f 1461 332 437
f 1585 1503 204
f 204 1226 1546
f 204 1503 1226
f 1814 16 598
f 692 1164 1791
f 1791 1917 692
f 1378 1142 1599
f 1791 1142 159
f 159 1917 1791
f 1142 1378 159
f 875 477 1125
f 1125 3 1083
f 616 663 812
f 812 663 1980
f 812 1125 616
f 812 1980 1125
f 1336 663 1043
f 1043 663 616
f 609 1741 1156
f 1741 885 1156
f 959 1406 604
f 845 405 1236
f 1944 1236 914
f 1402 425 1168
f 742 180 1936
f 1987 1068 1036
f 845 1236 1831
f 298 490 672
f 240 1400 131
f 321 1496 767
f 1317 1869 1859
f 270 1317 1859
f 1496 1317 270
f 1172 664 1884
f 804 1297 185
f 586 57 1908
f 1305 778 798
f 941 229 1248
f 1248 229 866
f 1850 1326 915
f 545 794 1369
f 794 955 1369
f 38 955 1557
f 66 6 1557
f 1557 955 66
f 473 1165 815
f 815 1165 68
f 68 1715 1932
f 1663 743 744
f 180 743 1663
f 1663 1936 180
f 465 525 1422
f 465 868 525
f 987 1383 365
f 365 580 987
f 1383 543 365
f 520 1335 987
f 987 580 520
f 697 818 1643
f 1643 101 697
f 1643 1314 987
f 1643 818 1314
f 987 1335 1643
f 1335 101 1643
f 786 509 232
f 985 1005 232
f 509 480 232
f 786 232 1480
f 1480 232 1005
f 841 1909 750
f 1600 1714 1158
f 1714 1825 1158
f 1825 1408 1158
f 357 1005 1600
f 109 42 1468
f 1468 1053 109
f 1310 1419 676
f 1632 928 1734
f 1734 1419 1632
f 1630 448 584
f 1630 921 688
f 688 448 1630
f 1690 810 1642
f 1642 1942 1690
f 284 887 1853
f 887 1942 1853
f 1853 1196 284
f 1853 1642 1196
f 1942 1642 1853
f 1687 1857 1708
f 522 1587 910
f 522 1642 810
f 15 1854 1674
f 1674 1334 15
f 1310 268 1674
f 1674 1854 1310
f 15 1334 1737
f 866 1184 1737
f 1737 1184 15
f 1305 866 1737
f 1543 1737 1334
f 1387 1091 20
f 1091 1089 20
f 208 778 302
f 208 798 778
f 1308 1412 1091
f 1308 1529 1725
f 1091 1529 1308
f 23 1412 1955
f 938 92 594
f 594 302 938
f 924 332 1146
f 924 210 1842
f 1606 1133 1556
f 1133 1073 1556
f 1066 1159 1116
f 1102 852 1066
f 62 1614 1102
f 666 1977 62
f 1977 1614 62
f 330 332 1461
f 1963 703 1871
f 1871 1482 1963
f 1676 703 1963
f 1676 1963 601
f 601 267 1264
f 601 1092 1676
f 1264 243 601
f 601 243 1092
f 100 210 861
f 980 333 534
f 1580 1444 1116
f 1116 78 1580
f 1580 330 1444
f 989 78 1116
f 1116 1159 989
f 245 1803 1909
f 39 1803 245
f 1047 245 752
f 752 1909 841
f 752 245 1909
f 146 480 1192
f 595 1925 1478
f 1478 1862 595
f 1925 1862 1478
f 623 879 819
f 879 322 819
f 879 1182 872
f 872 322 879
f 872 819 322
f 1803 819 872
f 1909 1803 872
f 1182 1495 1793
f 271 879 623
f 271 376 879
f 902 1550 1878
f 1873 376 902
f 840 1342 325
f 308 1516 1503
f 308 1881 1995
f 1995 886 978
f 978 308 1995
f 1395 1684 1226
f 1226 1516 1395
f 653 1684 1395
f 1516 308 1395
f 1269 382 1887
f 1887 888 1269
f 211 888 1887
f 317 1974 1015
f 1015 1974 451
f 669 777 1506
f 1506 601 669
f 1141 251 1345
f 1108 1292 76
f 1108 1457 1796
f 1796 1292 1108
f 565 737 1208
f 83 737 565
f 1128 601 1506
f 267 601 1128
f 1878 267 144
f 144 536 1878
f 267 1128 144
f 1945 1638 130
f 1945 813 1638
f 139 818 697
f 139 1155 818
f 1879 1247 818
f 818 1155 1879
f 1322 1121 1950
f 1950 75 1322
f 75 539 368
f 37 850 1752
f 37 1686 1121
f 1121 850 37
f 37 1375 965
f 1536 497 1437
f 1536 539 1829
f 1437 539 1536
f 751 1375 876
f 1437 497 876
f 1300 539 1437
f 1437 876 1300
f 1300 876 1375
f 1752 539 1300
f 1300 37 1752
f 1375 37 1300
f 1866 37 965
f 1866 256 1533
f 1533 1132 1866
f 124 714 86
f 124 1132 714
f 86 1686 124
f 1208 820 1641
f 1641 1828 1208
f 820 1781 1641
f 1829 75 1370
f 1370 75 1950
f 1545 1331 364
f 364 804 1545
f 1297 804 364
f 1653 1268 140
f 585 1237 1075
f 855 486 1075
f 486 585 1075
f 48 384 386
f 386 57 48
f 384 1748 386
f 1969 379 988
f 551 1290 1545
f 1271 311 1575
f 1271 25 311
f 1575 415 1271
f 999 160 415
f 922 160 999
f 415 1553 999
f 1553 1051 999
f 1654 922 999
f 999 1051 1654
f 33 1698 1394
f 1394 1160 33
f 345 1306 545
f 1394 1166 730
f 775 1166 814
f 775 730 1166
f 1363 1877 1337
f 906 390 1363
f 972 1268 390
f 356 140 972
f 140 1268 972
f 200 335 855
f 46 335 200
f 855 1748 200
f 1748 617 200
f 200 1637 46
f 200 617 384
f 1694 1741 609
f 1741 936 421
f 1442 513 923
f 923 513 334
f 1824 452 32
f 32 513 1824
f 1319 1670 129
f 1670 1699 129
f 445 1230 13
f 445 1699 1230
f 445 129 1699
f 1482 1699 496
f 496 1699 1670
f 496 1452 1482
f 1057 1761 467
f 1761 1323 467
f 1773 597 1966
f 1966 597 380
f 72 1773 1966
f 1966 511 72
f 333 1959 649
f 380 1959 374
f 374 1966 380
f 511 1966 374
f 374 1959 980
f 980 85 374
f 1446 597 666
f 835 1298 1812
f 1585 217 1994
f 1994 217 1531
f 1794 242 428
f 560 443 1812
f 505 443 1634
f 1634 560 908
f 443 560 1634
f 719 443 505
f 719 505 428
f 428 242 719
f 1026 1298 1585
f 1585 204 1026
f 1143 1814 598
f 1125 1980 705
f 1770 1083 3
f 3 790 1770
f 1889 1083 1770
f 1770 631 1889
f 790 1554 1770
f 1770 1554 631
f 505 1554 1744
f 1744 1554 790
f 1562 3 477
f 1562 790 3
f 477 1794 1562
f 1562 1794 428
f 428 1744 1562
f 1562 1744 790
f 959 604 1112
f 1112 1246 959
f 1336 1043 1112
f 1112 604 1336
f 616 1246 1112
f 1112 1043 616
f 1402 1667 1596
f 1944 914 1697
f 1697 1596 844
f 1697 914 1402
f 1402 1596 1697
f 303 1988 219
f 1502 219 1719
f 1650 1667 1402
f 1402 1168 1650
f 213 1168 425
f 1532 1527 966
f 892 955 38
f 1780 1527 1532
f 185 1297 1780
f 1780 1297 1754
f 553 1471 1025
f 1025 1471 405
f 1296 1138 1402
f 1402 1471 1296
f 667 1236 405
f 405 1471 667
f 667 1471 1402
f 1402 914 667
f 667 914 1236
f 435 1626 742
f 435 1895 1626
f 435 446 1895
f 791 1089 23
f 489 1375 751
f 965 1375 489
f 489 1040 965
f 965 1040 150
f 454 150 1040
f 1880 1068 1987
f 162 1724 1050
f 1998 490 298
f 298 1602 1998
f 73 490 1998
f 1998 1602 73
f 1944 1697 249
f 249 1697 844
f 1316 897 249
f 363 1236 1944
f 363 1831 1236
f 899 1831 363
f 899 858 824
f 298 672 824
f 964 131 1400
f 474 1400 1890
f 438 1514 1023
f 1311 438 1023
f 1660 438 1311
f 1502 1007 1267
f 1689 1496 321
f 1689 1317 1496
f 1372 270 1859
f 1496 270 738
f 270 1372 738
f 738 1372 466
f 738 1267 913
f 466 1267 738
f 21 1884 1260
f 1260 1884 664
f 1693 14 1172
f 1693 1762 14
f 26 21 321
f 1620 256 316
f 1533 256 1620
f 1885 575 1388
f 1388 575 1533
f 1533 1620 1388
f 1388 1620 50
f 399 1216 935
f 1169 613 404
f 547 613 1169
f 481 547 1885
f 481 613 547
f 356 972 1101
f 1935 1101 1635
f 178 1101 1935
f 559 345 1935
f 1754 1297 931
f 1297 178 931
f 586 1908 1766
f 1707 920 1310
f 1707 1765 920
f 1924 84 1695
f 916 866 1305
f 1305 798 916
f 991 915 1148
f 1148 915 1326
f 293 1248 866
f 866 916 293
f 1089 791 1961
f 1387 20 1961
f 1961 20 1089
f 1465 808 1065
f 1565 1195 1680
f 1195 629 1680
f 1695 84 1832
f 84 1799 1832
f 1303 966 1711
f 55 1837 398
f 1510 808 725
f 1738 815 2000
f 2000 1932 1738
f 2000 815 68
f 68 1932 2000
f 542 1735 145
f 1211 493 707
f 707 145 1211
f 1936 1663 1651
f 1651 1663 744
f 1361 370 1738
f 1738 370 901
f 901 815 1738
f 1756 473 901
f 473 815 901
f 901 743 1756
f 1567 1422 1285
f 1567 465 1422
f 907 365 543
f 930 1171 1262
f 1441 1171 930
f 1014 101 1335
f 1335 520 1014
f 603 480 985
f 985 232 603
f 603 232 480
f 1206 750 419
f 419 1793 1206
f 1206 726 400
f 1805 1682 1611
f 1603 1805 456
f 1611 220 456
f 456 1805 1611
f 1600 1158 570
f 570 1158 1189
f 570 357 1600
f 1189 357 570
f 1038 1408 1682
f 1682 1805 1038
f 833 1603 1189
f 1189 1158 833
f 833 1805 1603
f 833 1038 1805
f 833 1158 1408
f 1408 1038 833
f 71 357 1189
f 71 1 357
f 1005 357 96
f 357 1 96
f 1 1809 96
f 101 608 273
f 1772 1160 1394
f 558 1870 1354
f 659 558 1354
f 776 1354 1870
f 1870 92 776
f 92 938 776
f 492 531 1857
f 1687 1708 1524
f 1524 810 1690
f 690 1708 1857
f 302 778 1351
f 778 1543 1351
f 1644 1543 778
f 1737 1543 1644
f 1644 778 1305
f 1305 1737 1644
f 798 208 1039
f 1039 916 798
f 1283 293 1039
f 1039 293 916
f 1769 1965 1387
f 302 1965 1769
f 1769 208 302
f 1725 1412 89
f 89 1308 1725
f 1412 1308 89
f 932 791 23
f 1330 1073 1550
f 1330 1556 1073
f 638 1066 852
f 638 852 967
f 638 243 1606
f 638 967 243
f 1116 1444 485
f 485 1066 1116
f 1102 1066 485
f 485 62 1102
f 1444 62 485
f 1458 62 1444
f 1458 330 1461
f 1444 330 1458
f 830 1963 1482
f 82 1963 830
f 830 1482 1289
f 1289 82 830
f 1077 333 1610
f 1077 534 333
f 1610 1323 1077
f 479 1580 1146
f 330 1580 479
f 1146 332 479
f 332 330 479
f 1499 989 325
f 325 752 1499
f 917 752 841
f 1610 861 917
f 917 841 1610
f 861 210 917
f 917 1499 752
f 917 924 1146
f 210 924 917
f 986 1925 88
f 74 750 704
f 74 704 226
f 226 1505 74
f 146 1192 1197
f 226 704 1197
f 1197 704 146
f 1709 1872 986
f 1709 1192 1872
f 1709 1505 226
f 226 1197 1709
f 1709 1197 1192
f 1442 1872 571
f 571 1563 1442
f 1872 1192 571
f 623 819 478
f 1405 1793 419
f 1909 872 1405
f 1405 750 1909
f 419 750 1405
f 1495 726 1202
f 1202 1793 1495
f 726 1206 1202
f 1202 1206 1793
f 1481 376 372
f 376 271 372
f 1878 1947 1115
f 1115 902 1878
f 1947 1873 1115
f 1873 902 1115
f 1450 653 1777
f 1777 1269 1450
f 653 1395 1777
f 1777 886 1269
f 1777 978 886
f 1881 308 823
f 382 1881 823
f 1450 1269 754
f 1269 888 754
f 754 888 805
f 338 382 1139
f 338 1887 382
f 169 1974 317
f 317 377 169
f 169 377 211
f 1476 1141 451
f 251 1141 1476
f 1238 1929 777
f 777 669 1238
f 1238 669 82
f 1238 82 1289
f 1289 1929 1238
f 1759 601 1963
f 1759 669 601
f 1759 1963 82
f 82 669 1759
f 1506 777 1547
f 777 1855 1547
f 1033 692 1917
f 526 1253 1453
f 1781 1253 526
f 261 1828 1656
f 1828 1641 1656
f 829 1561 1821
f 1821 1561 261
f 261 1656 1821
f 1213 1292 83
f 83 565 1213
f 287 76 1213
f 76 1292 1213
f 1208 287 1213
f 1213 565 1208
f 803 76 287
f 287 536 1374
f 1374 1475 287
f 1457 1108 1511
f 536 144 1332
f 1332 144 1128
f 813 1945 1291
f 1291 1053 1468
f 274 1879 1155
f 1468 1247 274
f 1247 1879 274
f 274 1291 1468
f 813 1291 274
f 1598 1740 1515
f 1515 714 1598
f 1752 850 1912
f 1098 539 1752
f 1098 368 539
f 1752 1912 1098
f 1098 1912 368
f 469 850 1121
f 1121 1322 469
f 469 1912 850
f 368 1912 469
f 1916 764 497
f 497 1536 1916
f 1916 1536 1829
f 1829 1526 1916
f 1916 1526 1136
f 497 764 1573
f 1573 876 497
f 751 876 1573
f 1573 630 751
f 764 630 1573
f 1686 37 58
f 37 1866 58
f 58 1866 1132
f 58 124 1686
f 1132 124 58
f 1130 1370 1950
f 1228 1370 1130
f 1950 1121 1130
f 1121 656 1130
f 394 656 1049
f 1228 1130 394
f 394 1130 656
f 276 147 1736
f 407 1366 57
f 1748 929 407
f 1653 929 1852
f 1852 929 1748
f 1852 1075 1237
f 1852 1748 855
f 855 1075 1852
f 379 1969 1140
f 140 1290 781
f 781 1653 140
f 1662 551 1545
f 928 25 1613
f 1613 1160 928
f 1613 33 1160
f 1698 33 1613
f 415 160 1613
f 1613 160 1698
f 1778 1212 1031
f 518 1212 1778
f 1419 1734 518
f 1778 1513 518
f 518 1513 1419
f 1390 345 559
f 66 1306 1823
f 1306 345 1823
f 1823 814 66
f 1823 1390 814
f 345 1390 1823
f 585 1877 432
f 1877 1363 432
f 432 323 585
f 637 384 48
f 637 200 384
f 637 48 724
f 1637 200 637
f 760 499 940
f 1566 335 46
f 46 499 1566
f 1741 1694 27
f 1694 940 27
f 1749 1637 27
f 27 940 1749
f 616 1125 1830
f 1830 683 616
f 207 18 1004
f 936 746 431
f 459 746 936
f 459 936 616
f 616 683 459
f 459 683 279
f 1431 1154 452
f 1431 1824 307
f 763 1154 1431
f 1289 1482 1410
f 1482 1452 1410
f 1410 754 805
f 1452 754 1410
f 13 653 1815
f 1815 445 13
f 129 445 1815
f 1319 129 1815
f 1815 653 1450
f 1746 1323 1862
f 1746 923 334
f 1746 1862 1442
f 1442 923 1746
f 333 649 161
f 861 333 161
f 161 100 861
f 161 649 1842
f 1842 210 161
f 210 100 161
f 1546 511 24
f 511 374 24
f 685 437 332
f 685 422 437
f 1842 422 685
f 437 422 1993
f 1993 1959 380
f 1417 217 1585
f 1417 835 217
f 1585 1298 1417
f 1298 835 1417
f 4 1503 1585
f 477 875 127
f 1812 1298 30
f 30 560 1812
f 1531 719 97
f 97 1143 1531
f 1814 1143 97
f 97 719 242
f 443 719 532
f 1812 443 532
f 532 835 1812
f 532 719 1531
f 1531 217 532
f 217 835 532
f 1555 30 1298
f 1864 1026 204
f 1057 467 113
f 113 467 1323
f 347 1210 113
f 113 864 347
f 1531 1143 1421
f 1421 823 1205
f 1791 1164 1745
f 1164 765 1745
f 974 1745 765
f 1118 875 1125
f 1125 705 1118
f 1118 127 875
f 1889 631 873
f 1407 1554 505
f 505 1634 1407
f 1407 1634 908
f 428 505 774
f 774 1744 428
f 505 1744 774
f 1599 1142 369
f 1142 1246 369
f 1798 660 87
f 1798 1558 425
f 17 1910 1599
f 1599 1477 17
f 340 782 529
f 626 336 1863
f 1937 529 1679
f 1679 626 1863
f 1679 529 782
f 844 506 1257
f 1316 249 1257
f 1257 249 844
f 1257 1679 782
f 506 1679 1257
f 280 336 1186
f 336 626 1186
f 912 506 844
f 844 1596 912
f 912 1596 280
f 280 1186 912
f 1100 303 219
f 1100 537 340
f 1717 1762 1844
f 14 1762 1717
f 1717 758 474
f 474 1890 1717
f 300 1007 1502
f 1502 1719 300
f 425 1558 471
f 471 213 425
f 1365 1382 315
f 1365 471 1382
f 315 1246 1365
f 464 1780 1532
f 464 1907 362
f 185 1780 464
f 1532 1255 464
f 464 1255 1907
f 464 379 185
f 362 379 464
f 955 892 693
f 693 1754 545
f 693 1780 1754
f 545 1369 693
f 693 1369 955
f 1041 336 280
f 280 1596 1041
f 1041 1596 1667
f 1667 1650 1041
f 1907 1255 138
f 988 362 138
f 362 1907 138
f 602 528 1303
f 336 138 1281
f 420 1045 1960
f 1960 927 420
f 1937 1045 420
f 1960 1045 1949
f 528 602 1949
f 429 1471 553
f 553 1296 429
f 429 1296 1471
f 742 1936 1588
f 1588 435 742
f 1936 1651 1588
f 1588 45 1487
f 1487 446 1588
f 446 435 1588
f 1084 791 297
f 791 932 1618
f 1618 297 791
f 259 297 1618
f 1079 264 1813
f 1813 264 919
f 460 413 1951
f 1023 1514 839
f 839 1013 1023
f 1847 1013 839
f 1905 1951 1509
f 764 1916 1574
f 1574 1916 1136
f 411 630 1429
f 1224 883 1429
f 1429 1574 1224
f 1429 630 764
f 764 1574 1429
f 1287 489 751
f 751 630 1287
f 675 1207 162
f 642 1207 675
f 675 147 642
f 1049 147 675
f 792 1760 1036
f 1827 1050 1724
f 1136 1050 1827
f 1224 1574 1827
f 1827 1574 1136
f 73 1423 1107
f 1788 883 1224
f 1224 1827 8
f 8 1827 1724
f 1252 363 1944
f 1944 249 1252
f 1252 249 897
f 899 363 1252
f 1252 897 1316
f 1316 858 1252
f 1252 858 899
f 890 1467 298
f 298 824 890
f 890 824 858
f 340 537 154
f 154 537 858
f 577 1831 899
f 899 824 577
f 845 1831 577
f 577 824 672
f 793 1470 131
f 240 131 943
f 943 664 240
f 203 964 1400
f 203 1400 474
f 131 964 502
f 1779 793 502
f 502 793 131
f 502 964 827
f 1172 14 759
f 14 1717 759
f 759 1717 1890
f 240 664 759
f 759 664 1172
f 1095 438 1660
f 1514 438 747
f 747 839 1514
f 454 839 747
f 73 1602 1591
f 1591 1423 73
f 913 1267 1753
f 1753 1267 1007
f 1753 300 913
f 1007 300 1753
f 1844 1762 1640
f 1640 738 1844
f 1762 1693 1640
f 937 1479 21
f 21 1260 937
f 1839 1479 937
f 321 767 569
f 569 26 321
f 552 1884 21
f 21 26 552
f 1172 1884 552
f 552 1693 1172
f 1858 500 309
f 309 695 1858
f 21 695 309
f 321 21 309
f 309 500 321
f 21 1479 1380
f 1380 695 21
f 1869 1317 1249
f 1317 305 1249
f 1317 1689 1631
f 1631 305 1317
f 1631 1689 321
f 321 500 1631
f 1631 500 1858
f 1858 305 1631
f 1795 575 1885
f 1216 399 1991
f 352 1216 1991
f 1991 600 352
f 1885 1388 35
f 35 481 1885
f 613 481 111
f 1858 695 111
f 1635 1101 1786
f 1786 1101 972
f 122 178 1297
f 1297 364 122
f 356 1101 122
f 122 1331 356
f 122 364 1331
f 1957 1935 1635
f 559 1935 1957
f 730 775 1957
f 178 1935 538
f 538 931 178
f 1754 931 538
f 545 1754 538
f 538 345 545
f 538 1935 345
f 1420 1572 586
f 586 1766 1420
f 724 48 1420
f 48 1572 1420
f 1350 1908 57
f 57 1366 1350
f 1710 1326 1850
f 1707 735 1710
f 1765 1707 1054
f 1054 1530 1765
f 1707 1710 1054
f 1850 1530 1054
f 1054 1710 1850
f 84 1924 1309
f 1309 1530 84
f 1765 1530 1309
f 1309 1924 1695
f 1716 1707 1310
f 1716 735 1707
f 1310 941 1716
f 941 735 1716
f 107 1017 895
f 107 791 1084
f 107 1961 791
f 1387 1961 591
f 591 1769 1387
f 208 1769 591
f 184 591 1961
f 208 591 184
f 1283 1039 184
f 184 1039 208
f 808 1465 512
f 512 1195 1565
f 512 1465 1195
f 920 1765 7
f 7 1903 920
f 266 1072 920
f 920 1903 266
f 1195 1465 266
f 1500 629 1195
f 1500 1903 1695
f 1695 1832 1500
f 827 964 1666
f 827 406 236
f 1779 502 236
f 236 502 827
f 1837 55 1789
f 865 693 892
f 926 1396 487
f 926 342 1396
f 926 927 1960
f 1303 1711 686
f 686 602 1303
f 686 1949 602
f 38 1557 825
f 825 1234 38
f 491 1234 825
f 1065 808 825
f 825 808 1510
f 1510 491 825
f 1433 725 808
f 1433 512 1565
f 808 512 1433
f 1433 954 725
f 1357 954 1433
f 1565 1680 1020
f 1020 1433 1565
f 1010 901 370
f 1010 1081 743
f 743 901 1010
f 1940 1901 1081
f 1081 1010 1940
f 1901 1940 488
f 1176 134 1280
f 784 145 1735
f 784 1211 145
f 1735 1086 784
f 1723 1171 1441
f 1441 1642 1723
f 1723 522 910
f 1642 522 1723
f 1175 1587 1262
f 1262 1171 1175
f 910 1587 1175
f 1175 1723 910
f 1171 1723 1175
f 868 465 1683
f 365 907 1346
f 1441 930 1673
f 750 1206 1785
f 874 704 1785
f 704 750 1785
f 400 874 1785
f 1785 1206 400
f 1301 456 220
f 220 71 1301
f 1301 71 1189
f 1189 1603 1301
f 1603 456 1301
f 350 71 220
f 1 71 350
f 678 1480 1005
f 1005 96 678
f 678 96 1809
f 1155 139 1731
f 1638 813 1731
f 1731 273 1638
f 813 274 1731
f 1731 274 1155
f 1587 522 285
f 1517 475 900
f 482 972 390
f 482 1786 972
f 482 1162 1635
f 1635 1786 482
f 1200 921 998
f 998 94 1200
f 658 94 998
f 921 1212 994
f 994 998 921
f 658 998 994
f 994 1772 1394
f 945 268 1310
f 1310 676 945
f 136 531 659
f 659 1354 136
f 1354 1339 136
f 1857 531 136
f 136 690 1857
f 847 877 132
f 584 448 132
f 448 847 132
f 1768 448 1299
f 1768 847 448
f 291 1857 1687
f 291 492 1857
f 291 612 492
f 1687 1524 291
f 291 1690 887
f 291 1524 1690
f 659 531 1933
f 1708 690 1923
f 576 938 302
f 1955 234 1939
f 23 1955 1939
f 1939 932 23
f 1342 840 123
f 123 1217 1342
f 137 1217 123
f 1159 1594 447
f 325 989 447
f 447 989 1159
f 447 840 325
f 447 123 840
f 1556 1330 1564
f 137 123 56
f 56 1403 137
f 56 447 1594
f 123 447 56
f 1159 1066 11
f 11 1594 1159
f 216 1446 666
f 666 62 216
f 62 1458 216
f 856 1761 1057
f 78 989 1891
f 989 1499 1891
f 1891 1580 78
f 1428 88 1925
f 1505 88 1428
f 1428 1925 1633
f 986 88 1080
f 1080 1709 986
f 1080 88 1505
f 1505 1709 1080
f 1576 480 509
f 1576 1192 480
f 1576 571 1192
f 1563 1989 1616
f 1442 1563 1616
f 1616 513 1442
f 307 1824 1616
f 1616 1824 513
f 679 1576 509
f 1975 819 1803
f 1975 478 819
f 1975 1803 39
f 39 478 1975
f 623 478 1840
f 1590 872 1182
f 1590 1405 872
f 1182 1793 1590
f 1793 1405 1590
f 1481 372 1605
f 641 752 325
f 325 1604 641
f 325 1342 201
f 201 1604 325
f 978 1777 1783
f 1783 1777 1395
f 308 978 1783
f 1783 1395 308
f 1894 823 308
f 1205 823 1894
f 1894 308 1503
f 1503 4 1894
f 1531 1421 1894
f 1894 1421 1205
f 1894 1994 1531
f 1450 754 324
f 324 1670 1319
f 324 1815 1450
f 1319 1815 324
f 1669 888 211
f 211 377 1669
f 805 888 1669
f 777 1929 1669
f 925 377 317
f 1661 377 925
f 317 1015 925
f 925 1015 1661
f 1887 338 1841
f 1345 251 1398
f 251 1476 1398
f 451 1974 1398
f 1398 1476 451
f 1324 1578 1592
f 1784 526 1453
f 1218 526 1784
f 1453 1578 1784
f 1289 1410 1022
f 1022 1410 805
f 1022 1929 1289
f 1022 821 1929
f 1623 1128 1506
f 1506 1547 1623
f 1623 1332 1128
f 1659 1033 1917
f 1917 159 1659
f 1659 159 1378
f 1659 1378 1599
f 1599 1910 1659
f 1910 5 1659
f 1164 692 1381
f 692 1033 1381
f 1781 526 117
f 1294 1943 1892
f 696 1108 76
f 696 1511 1108
f 76 803 696
f 1345 1457 1113
f 1457 1511 1113
f 1511 1882 1113
f 1113 1141 1345
f 130 1443 114
f 114 1945 130
f 114 768 1945
f 1740 1598 209
f 209 1598 575
f 935 1740 209
f 575 1795 209
f 209 399 935
f 209 1795 399
f 221 1598 714
f 575 1598 221
f 1533 575 221
f 221 1132 1533
f 714 1132 221
f 1071 469 1322
f 368 469 1071
f 1071 1322 75
f 75 368 1071
f 1228 394 1971
f 1971 394 1049
f 162 1050 1971
f 1049 675 1971
f 1971 675 162
f 1049 656 1493
f 1493 1972 1049
f 1493 656 1121
f 1736 147 65
f 65 147 1049
f 1049 1972 65
f 642 147 29
f 147 276 29
f 426 1736 829
f 426 276 1736
f 829 1821 426
f 1268 1653 1519
f 1519 323 1268
f 1519 1237 585
f 585 323 1519
f 589 1366 1434
f 1434 929 1653
f 1653 781 1434
f 57 386 1059
f 1059 407 57
f 1059 386 1748
f 1748 407 1059
f 1653 1852 1067
f 1067 1519 1653
f 1290 551 1183
f 1183 1140 1290
f 185 379 1183
f 379 1140 1183
f 1290 1140 1579
f 1579 781 1290
f 1579 1140 1969
f 25 1271 1720
f 1720 1613 25
f 1720 1271 415
f 415 1613 1720
f 1664 1212 921
f 1664 1031 1212
f 921 1630 329
f 329 1664 921
f 1031 1664 329
f 1212 518 1110
f 1110 994 1212
f 1772 994 1110
f 1110 518 1734
f 1110 1734 928
f 928 1160 1110
f 1160 1772 1110
f 1250 1390 559
f 559 1957 1250
f 1250 1957 775
f 1250 775 814
f 814 1390 1250
f 1074 1363 390
f 1074 432 1363
f 390 1268 1074
f 1268 323 1074
f 323 432 1074
f 724 1741 355
f 355 637 724
f 1741 1637 355
f 1637 637 355
f 1749 940 572
f 572 940 499
f 572 46 1749
f 572 499 46
f 335 1566 318
f 255 499 760
f 255 1566 499
f 889 27 1637
f 279 683 748
f 683 18 748
f 1004 18 1284
f 1284 18 683
f 1284 207 1004
f 1125 1083 1284
f 1284 1083 1889
f 1889 207 1284
f 1284 1830 1125
f 683 1830 1284
f 18 207 67
f 1528 421 936
f 936 431 1528
f 292 421 1528
f 452 1824 523
f 523 1431 452
f 1824 1431 523
f 665 1344 760
f 32 452 1552
f 1455 864 755
f 334 32 433
f 433 1746 334
f 470 1746 433
f 1323 1746 1758
f 1758 1746 470
f 1918 421 292
f 292 1528 1918
f 1918 1528 166
f 1741 421 1918
f 1918 885 1741
f 1918 801 885
f 885 801 1187
f 534 1077 1893
f 684 677 115
f 389 856 1057
f 1088 856 389
f 1239 24 374
f 1239 1864 204
f 374 1864 1239
f 1239 204 1546
f 1546 24 1239
f 332 924 90
f 90 685 332
f 90 924 1842
f 1842 685 90
f 1414 1993 380
f 380 597 1414
f 1538 649 1959
f 1959 1993 1538
f 1538 1993 422
f 1842 649 1538
f 1538 422 1842
f 1713 1794 477
f 477 127 1713
f 242 1794 1743
f 1794 1685 1743
f 1743 97 242
f 1743 1685 1814
f 1814 97 1743
f 115 677 578
f 1336 604 2
f 344 93 598
f 598 16 344
f 1085 1143 598
f 598 93 1085
f 1085 1421 1143
f 1096 1619 1597
f 974 1619 1096
f 127 1118 956
f 956 1713 127
f 956 1118 705
f 705 1096 956
f 1836 1463 1232
f 1232 1463 788
f 631 1554 671
f 1554 1407 671
f 671 1407 908
f 639 1541 1477
f 639 1477 1599
f 1599 369 639
f 639 369 1246
f 1246 1541 639
f 1245 1296 553
f 1245 1798 425
f 660 1798 1245
f 87 660 1161
f 553 1469 1161
f 1161 1245 553
f 660 1245 1161
f 680 834 1721
f 1721 834 1976
f 1019 1798 87
f 1246 1655 193
f 193 1541 1246
f 442 1997 181
f 1648 1997 442
f 708 133 340
f 340 529 708
f 708 529 1937
f 1937 420 708
f 708 420 133
f 1930 1679 1863
f 1930 1045 1937
f 1937 1679 1930
f 506 912 1009
f 1009 912 1186
f 1009 1186 626
f 1009 1679 506
f 626 1679 1009
f 155 1100 219
f 537 1100 155
f 858 537 155
f 155 890 858
f 303 1100 1170
f 1170 1100 340
f 487 1396 81
f 81 303 487
f 1988 303 81
f 1621 300 1719
f 1719 206 1621
f 913 300 1621
f 1844 738 1621
f 1621 738 913
f 758 1717 1601
f 1601 206 758
f 1601 1717 1844
f 1844 1621 1601
f 1601 1621 206
f 884 206 1719
f 219 1988 884
f 884 1719 219
f 1988 758 884
f 758 206 884
f 1426 1558 1382
f 1382 471 1426
f 1426 471 1558
f 1168 213 1750
f 1750 1691 1168
f 471 1365 125
f 1691 1750 125
f 896 1691 125
f 213 471 125
f 125 1750 213
f 724 896 125
f 125 1246 724
f 125 1365 1246
f 336 1041 70
f 648 1766 1908
f 1908 70 648
f 648 70 1041
f 648 1420 1766
f 648 1691 896
f 1908 1350 739
f 739 1350 449
f 739 70 1908
f 138 70 739
f 1303 528 1834
f 1834 966 1303
f 528 541 1834
f 1834 541 1281
f 553 1025 644
f 644 1469 553
f 587 1747 1626
f 1626 1895 587
f 259 1618 1833
f 1833 932 1896
f 1833 1618 932
f 1970 1504 780
f 780 1701 1970
f 780 1504 61
f 1285 1274 110
f 110 61 1504
f 1274 832 110
f 832 61 110
f 1813 1701 567
f 567 1701 780
f 780 61 567
f 579 1701 1813
f 1451 1782 259
f 1451 1833 1896
f 259 1833 1451
f 1816 1079 1813
f 1813 567 1816
f 1816 61 832
f 1816 567 61
f 1329 446 1487
f 1329 1079 446
f 225 919 264
f 1782 1451 225
f 239 454 1040
f 239 839 454
f 1905 1509 800
f 1359 59 1220
f 59 383 1220
f 153 383 59
f 411 1429 734
f 734 1429 883
f 734 883 63
f 63 413 734
f 734 460 411
f 413 460 734
f 1119 630 411
f 1119 1287 630
f 411 460 1119
f 1069 190 103
f 162 1207 1906
f 1906 1207 642
f 1423 1013 1733
f 1733 231 1423
f 1948 490 73
f 73 1107 1948
f 1948 672 490
f 1948 577 672
f 170 1107 187
f 1423 231 187
f 187 1107 1423
f 484 405 845
f 1321 621 694
f 1595 1788 1224
f 51 1788 1595
f 1224 8 1595
f 1595 8 51
f 1316 1257 1729
f 1729 1257 782
f 1729 858 1316
f 1729 154 858
f 1729 782 340
f 340 154 1729
f 1470 793 1215
f 1215 793 1779
f 1779 236 1215
f 131 1470 1393
f 1393 943 131
f 904 1260 664
f 664 943 904
f 943 1393 904
f 964 203 118
f 118 1666 964
f 474 1243 1922
f 1922 203 474
f 1922 1243 1396
f 1396 203 1922
f 240 759 944
f 944 759 1890
f 944 1400 240
f 944 1890 1400
f 965 150 811
f 811 1866 965
f 256 1866 811
f 438 1095 627
f 627 747 438
f 256 811 627
f 397 1311 1023
f 397 1591 1311
f 1023 1013 397
f 397 1013 1423
f 1423 1591 397
f 265 1640 1693
f 738 1640 265
f 265 767 1496
f 1496 738 265
f 581 1591 1602
f 1311 1591 581
f 581 1602 298
f 298 1467 581
f 1467 1624 581
f 1021 1624 1467
f 1467 890 1021
f 1021 1267 466
f 1660 1311 1163
f 1311 581 1163
f 1163 581 1624
f 50 1620 549
f 563 1388 50
f 563 152 1388
f 1858 152 563
f 1885 547 1185
f 1185 1795 1885
f 399 1795 1185
f 1185 1991 399
f 547 1169 1705
f 1169 600 1705
f 600 1991 1705
f 1388 152 233
f 233 35 1388
f 233 152 1858
f 481 35 233
f 1858 111 233
f 233 111 481
f 441 1101 178
f 178 122 441
f 441 122 1101
f 589 449 728
f 449 1350 728
f 728 1366 589
f 728 1350 1366
f 1973 1148 1326
f 1326 1710 1973
f 735 1956 1333
f 1024 293 1283
f 1024 107 895
f 783 735 941
f 871 1557 6
f 871 561 1557
f 1903 7 869
f 1695 1903 869
f 869 1309 1695
f 1765 1309 869
f 869 7 1765
f 366 1072 1861
f 1072 266 1861
f 1861 266 1465
f 1195 266 1875
f 1875 266 1903
f 1875 1500 1195
f 1903 1500 1875
f 982 1500 1832
f 1799 1680 982
f 982 1832 1799
f 982 1680 629
f 629 1500 982
f 827 1666 1851
f 1396 342 1127
f 342 1413 1127
f 398 1837 1105
f 351 406 827
f 827 1837 351
f 1837 1789 351
f 1411 1489 1849
f 1527 1780 733
f 773 686 1711
f 1711 1413 773
f 1960 1949 773
f 1949 686 773
f 1065 825 444
f 1557 561 444
f 444 825 1557
f 1190 977 1835
f 1835 1789 1190
f 1190 1789 55
f 1384 977 1357
f 1357 1433 1384
f 1384 1433 1612
f 1835 977 1384
f 1357 977 408
f 398 1105 722
f 1259 756 1416
f 1044 491 1510
f 1510 725 1044
f 1044 725 1416
f 1416 756 1044
f 1416 725 1730
f 725 954 1730
f 1730 954 699
f 699 722 1730
f 1730 1259 1416
f 1763 770 134
f 1763 134 1176
f 1176 1361 1763
f 1738 1932 1763
f 1763 1361 1738
f 337 1715 352
f 352 600 337
f 770 1763 337
f 337 1932 1715
f 337 1763 1932
f 646 1380 1479
f 430 1361 1176
f 370 1361 430
f 430 1010 370
f 1188 1280 134
f 1219 1484 493
f 493 1211 1219
f 1219 1188 1484
f 1280 1188 1219
f 1447 784 1086
f 1211 784 1447
f 1176 1280 1447
f 1447 1219 1211
f 1280 1219 1447
f 1447 430 1176
f 1010 430 1447
f 983 1651 744
f 45 1588 983
f 983 1588 1651
f 1702 983 744
f 112 983 1702
f 744 743 1702
f 743 1081 1702
f 1081 1901 1702
f 1901 732 1702
f 1231 732 1901
f 580 365 713
f 365 1346 713
f 1346 1673 713
f 713 1673 930
f 930 1548 713
f 1521 520 580
f 1521 1548 520
f 580 713 1521
f 1521 713 1548
f 1196 1642 939
f 787 1240 1986
f 787 608 101
f 101 1240 787
f 128 285 1981
f 1657 1291 1945
f 401 509 786
f 401 679 509
f 1989 679 401
f 375 307 401
f 1064 678 1809
f 1843 1064 1263
f 640 94 763
f 1200 94 640
f 640 475 1200
f 900 475 640
f 640 277 900
f 258 277 640
f 273 1731 650
f 697 101 650
f 101 273 650
f 1262 1587 171
f 1587 285 171
f 171 128 1262
f 285 128 171
f 130 1638 1668
f 1638 388 1668
f 1981 238 546
f 1364 1443 546
f 546 1767 1364
f 238 1767 546
f 1876 1443 1364
f 1876 1517 1443
f 1876 1767 688
f 1364 1767 1876
f 475 1517 1876
f 1162 482 1199
f 658 994 1199
f 1199 1867 658
f 1199 482 390
f 1199 390 906
f 1559 1560 1354
f 1559 1768 1299
f 1559 1299 1826
f 1826 1560 1559
f 1354 776 1559
f 776 1768 1559
f 1354 1560 1235
f 1235 1339 1354
f 1235 1560 1826
f 1826 1339 1235
f 690 136 981
f 981 136 1339
f 77 1032 1035
f 1032 163 1035
f 1035 163 268
f 268 945 1035
f 1035 945 77
f 268 163 1391
f 1931 1032 77
f 1931 47 1032
f 1032 47 1099
f 1778 1031 1129
f 1129 1513 1778
f 1419 1513 1129
f 199 1768 776
f 199 877 847
f 847 1768 199
f 1726 877 199
f 492 612 1145
f 1145 234 295
f 1145 1939 234
f 596 1701 1001
f 887 596 1001
f 1701 579 1001
f 1001 291 887
f 612 291 1001
f 531 492 521
f 521 1933 531
f 535 558 659
f 659 1933 535
f 179 558 535
f 535 1082 179
f 1725 1082 535
f 535 1412 1725
f 1981 285 343
f 285 1923 343
f 527 238 1981
f 700 238 527
f 1981 343 527
f 527 343 1923
f 662 1923 285
f 662 522 810
f 662 285 522
f 1708 1923 662
f 810 1524 662
f 662 1524 1708
f 556 576 1726
f 938 576 556
f 1726 199 556
f 556 776 938
f 556 199 776
f 1543 1221 1622
f 1221 576 1622
f 1622 1351 1543
f 302 1351 1622
f 1622 576 302
f 1939 1145 715
f 1556 1564 286
f 1606 1556 286
f 286 638 1606
f 1270 1564 1330
f 1403 56 1270
f 1270 56 1594
f 1270 1330 1550
f 1550 1403 1270
f 1594 286 1270
f 1270 286 1564
f 1066 638 1149
f 1149 11 1066
f 638 286 1149
f 1594 11 1149
f 1149 286 1594
f 289 1458 1461
f 289 216 1458
f 1461 437 289
f 437 1446 289
f 1446 216 289
f 1078 856 1088
f 1088 1893 1078
f 1078 1893 1077
f 1761 856 1078
f 1078 1323 1761
f 1078 1077 1323
f 1146 1580 304
f 1580 1891 304
f 304 917 1146
f 1499 917 304
f 304 1891 1499
f 1505 1428 969
f 969 74 1505
f 969 1625 74
f 307 1616 1967
f 1967 1616 1989
f 1967 401 307
f 1989 401 1967
f 995 1989 1563
f 995 679 1989
f 571 1576 995
f 1576 679 995
f 618 641 1604
f 39 245 618
f 618 245 1047
f 1034 1605 372
f 1256 372 271
f 1256 271 623
f 623 1840 1256
f 1256 1034 372
f 1047 752 1106
f 752 641 1106
f 1106 618 1047
f 641 618 1106
f 1994 1894 687
f 687 1894 4
f 1585 1994 687
f 687 4 1585
f 566 754 1452
f 566 324 754
f 1670 324 566
f 566 496 1670
f 1452 496 566
f 1929 821 1134
f 1134 1669 1929
f 805 1669 1134
f 1134 1022 805
f 821 1022 1134
f 423 1855 777
f 777 1669 423
f 423 1669 377
f 1661 1855 423
f 423 377 1661
f 211 1887 1927
f 1887 1841 1927
f 1927 169 211
f 1974 169 1927
f 338 633 1523
f 1523 1841 338
f 1523 1927 1841
f 647 1457 1345
f 1345 1398 647
f 647 1592 1457
f 647 1324 1592
f 1578 1324 1941
f 1941 1784 1578
f 828 312 515
f 214 227 40
f 218 515 214
f 1147 942 312
f 306 1398 1974
f 306 942 1398
f 1934 515 312
f 1409 214 1934
f 1934 214 515
f 1027 1547 1855
f 1027 1623 1547
f 1856 472 392
f 392 1608 1856
f 1856 1802 1900
f 1836 1232 634
f 272 227 392
f 40 227 272
f 1033 1659 1808
f 183 1659 5
f 504 1232 1093
f 1093 1232 788
f 757 1463 1836
f 1900 1463 757
f 757 1856 1900
f 472 1856 757
f 1836 634 757
f 757 634 472
f 189 1821 1656
f 1926 1641 1781
f 1781 117 1926
f 1926 117 831
f 831 189 1926
f 202 312 828
f 202 1147 312
f 1069 103 1126
f 177 218 1069
f 1069 1126 177
f 177 1126 393
f 177 515 218
f 1987 1036 381
f 1036 1760 381
f 1760 254 381
f 816 381 254
f 254 1126 816
f 816 1126 103
f 1511 696 9
f 9 1882 1511
f 9 696 803
f 1475 1374 9
f 287 1475 9
f 9 803 287
f 294 1370 1228
f 1228 1971 294
f 1829 1370 294
f 294 1971 1050
f 294 1526 1829
f 1136 1526 294
f 294 1050 1136
f 339 65 1972
f 339 1493 1121
f 1972 1493 339
f 1121 1736 339
f 1736 65 339
f 1294 1760 22
f 1760 792 22
f 276 426 949
f 1366 407 1456
f 1456 1434 1366
f 1456 407 929
f 929 1434 1456
f 1265 1852 1237
f 1265 1067 1852
f 1237 1519 1265
f 1519 1067 1265
f 185 1183 590
f 590 1183 551
f 551 1662 590
f 590 804 185
f 1545 804 590
f 590 1662 1545
f 461 1969 589
f 589 1434 461
f 1031 329 1167
f 1167 599 47
f 1167 329 1630
f 1630 599 1167
f 1877 335 946
f 335 318 946
f 1337 1877 946
f 946 318 906
f 946 1363 1337
f 906 1363 946
f 760 1344 1718
f 1718 255 760
f 1152 1718 1344
f 255 1718 1152
f 1867 1199 1152
f 906 318 1152
f 1152 1199 906
f 1273 1637 1741
f 1741 889 1273
f 1273 889 1637
f 1741 27 52
f 52 889 1741
f 27 889 52
f 961 748 18
f 749 207 1889
f 749 67 207
f 1889 873 749
f 1123 1117 166
f 592 918 94
f 658 1867 592
f 592 94 658
f 1062 1455 281
f 281 1455 755
f 755 864 281
f 1323 1758 281
f 281 113 1323
f 864 113 281
f 402 288 470
f 933 288 801
f 801 1918 933
f 470 288 933
f 933 1758 470
f 501 940 1694
f 1883 1552 230
f 1883 712 971
f 32 1552 1883
f 836 1156 885
f 885 1187 836
f 628 1893 1088
f 677 1893 628
f 1088 389 628
f 1026 1864 1904
f 1555 684 44
f 44 684 115
f 437 1993 953
f 1993 1414 953
f 953 1446 437
f 597 1446 953
f 953 1414 597
f 909 1685 1794
f 1794 1713 909
f 1318 344 16
f 619 344 1318
f 1318 909 1713
f 1318 956 619
f 1713 956 1318
f 1685 909 1318
f 16 1814 1318
f 1814 1685 1318
f 560 30 1968
f 468 44 1485
f 1485 578 1571
f 115 578 1485
f 1485 44 115
f 1791 1745 519
f 1745 2 519
f 519 2 604
f 950 663 1336
f 1336 2 950
f 1745 974 950
f 950 2 1745
f 823 1421 196
f 1421 1085 196
f 1139 382 196
f 382 823 196
f 196 1085 93
f 1139 196 1227
f 1227 196 93
f 1900 1802 326
f 326 1463 1900
f 788 1463 326
f 817 867 1275
f 1214 1232 504
f 354 873 631
f 631 671 354
f 354 749 873
f 354 671 908
f 425 1138 223
f 223 1245 425
f 1138 1296 223
f 1296 1245 223
f 1757 610 1225
f 1469 610 1757
f 1537 857 1703
f 1537 621 857
f 1537 1491 694
f 694 621 1537
f 769 183 5
f 1454 183 769
f 606 1569 1804
f 1798 1019 260
f 260 1019 126
f 181 1558 260
f 1558 1798 260
f 1469 680 241
f 87 1161 241
f 241 1161 1469
f 1541 193 1358
f 1358 193 1655
f 1477 1541 1358
f 1358 17 1477
f 606 1804 409
f 409 1804 278
f 948 1246 1648
f 890 155 1055
f 1055 1021 890
f 1055 219 1502
f 1055 155 219
f 1502 1267 1055
f 1267 1021 1055
f 487 303 1373
f 303 1170 1373
f 1373 926 487
f 927 926 1373
f 1396 1243 554
f 554 81 1396
f 474 758 554
f 554 1243 474
f 296 138 336
f 336 70 296
f 296 70 138
f 1420 648 849
f 849 896 724
f 724 1420 849
f 31 1041 1650
f 31 648 1041
f 31 1650 1168
f 1168 1691 31
f 1691 648 31
f 1544 739 449
f 138 739 1544
f 1544 449 589
f 589 1969 1544
f 1544 1969 988
f 988 138 1544
f 1045 1930 990
f 1532 966 1800
f 966 1834 1800
f 1800 1834 1281
f 1800 1255 1532
f 1800 138 1255
f 1800 1281 138
f 1225 610 1124
f 610 215 1124
f 1124 215 170
f 1472 215 610
f 1472 610 1469
f 1469 644 1472
f 1355 832 1274
f 1355 587 832
f 1355 1274 1747
f 1747 587 1355
f 1504 1970 1276
f 868 1683 1276
f 465 1567 1276
f 1276 1683 465
f 1030 887 284
f 284 868 1030
f 1030 596 887
f 868 1276 1030
f 1030 1276 1970
f 1030 1701 596
f 1030 1970 1701
f 1888 110 1504
f 1888 1276 1567
f 1504 1276 1888
f 1888 1567 1285
f 1285 110 1888
f 361 579 1813
f 1813 919 361
f 1612 1439 718
f 446 1079 164
f 1079 1816 164
f 1895 446 164
f 164 587 1895
f 832 587 164
f 164 1816 832
f 244 225 1451
f 244 1451 1896
f 919 225 244
f 1501 361 244
f 244 361 919
f 460 239 911
f 911 1119 460
f 1287 1119 911
f 489 1287 911
f 1040 489 911
f 911 239 1040
f 795 239 460
f 795 1951 1905
f 795 460 1951
f 283 1509 59
f 283 800 1509
f 283 59 1359
f 1359 1220 10
f 1225 1124 1498
f 992 1498 383
f 59 1509 1304
f 1304 153 59
f 1304 1509 1951
f 153 1304 1356
f 1951 413 1356
f 1356 1304 1951
f 153 1356 557
f 557 413 63
f 557 1356 413
f 135 172 40
f 1962 1018 135
f 190 172 135
f 1090 172 190
f 1090 190 1069
f 1069 218 1090
f 218 214 1090
f 40 172 1090
f 1090 214 40
f 772 103 190
f 190 135 772
f 772 135 1018
f 642 29 191
f 231 1733 766
f 1359 10 766
f 1706 283 1359
f 800 283 1706
f 845 577 848
f 577 1948 848
f 848 484 845
f 848 1948 1107
f 170 215 970
f 970 1107 170
f 970 848 1107
f 484 848 970
f 405 484 970
f 694 1491 1000
f 1739 1321 952
f 952 69 1739
f 1609 1321 1739
f 51 8 582
f 564 8 1724
f 564 1534 8
f 792 1534 391
f 162 1906 391
f 391 1906 792
f 1534 564 391
f 391 1724 162
f 391 564 1724
f 1722 1036 1068
f 1722 792 1036
f 1539 838 1775
f 1775 145 707
f 1775 838 145
f 785 236 406
f 785 1215 236
f 1120 1479 1839
f 1120 1484 1479
f 1666 118 1520
f 1520 1851 1666
f 802 809 1520
f 809 1851 1520
f 1150 203 1396
f 1150 118 203
f 454 747 1483
f 747 627 1483
f 150 454 1483
f 1483 811 150
f 1483 627 811
f 34 627 1095
f 316 256 34
f 256 627 34
f 26 569 176
f 176 265 1693
f 176 569 767
f 767 265 176
f 1693 552 176
f 176 552 26
f 548 1095 1660
f 1660 1163 548
f 1869 1095 548
f 466 1372 1589
f 1589 1021 466
f 1589 1372 1859
f 1624 1021 1028
f 1028 1163 1624
f 1021 1589 1028
f 1028 1589 1163
f 721 549 1249
f 721 1249 305
f 894 1620 316
f 894 549 1620
f 316 34 894
f 894 34 1095
f 1249 549 894
f 894 1095 1869
f 1869 1249 894
f 1109 1185 547
f 1991 1185 1109
f 547 1705 1109
f 1109 1705 1991
f 1278 1024 895
f 991 636 727
f 727 915 991
f 727 1436 915
f 1017 107 727
f 727 1282 1017
f 1148 1973 250
f 250 1333 1148
f 735 1333 250
f 250 1710 735
f 250 1973 1710
f 373 1333 1956
f 107 1024 1996
f 941 1248 158
f 158 783 941
f 1914 573 1436
f 1584 1837 827
f 827 1851 1584
f 1584 1851 809
f 809 1787 1584
f 1584 1105 1837
f 1584 1787 1105
f 275 809 802
f 275 1127 809
f 802 1150 275
f 1396 1127 275
f 275 1150 1396
f 809 1127 319
f 319 1787 809
f 1790 1127 1413
f 1849 319 1790
f 1790 319 1127
f 1920 1539 406
f 406 351 1920
f 1489 1411 436
f 1527 1003 436
f 436 1003 1489
f 1241 1413 1711
f 1241 1790 1413
f 1241 1411 1849
f 1849 1790 1241
f 693 865 1209
f 865 733 1209
f 1780 693 1209
f 1209 733 1780
f 1489 1003 1928
f 1347 733 865
f 865 1003 1347
f 1527 733 1347
f 1347 1003 1527
f 1222 892 38
f 1222 865 892
f 1203 1413 342
f 1203 773 1413
f 1960 773 1203
f 1203 926 1960
f 342 926 1203
f 1492 1465 1065
f 1065 444 1492
f 1492 444 561
f 977 1190 104
f 104 408 977
f 699 408 104
f 104 1190 55
f 104 722 699
f 104 55 398
f 398 722 104
f 1357 408 652
f 652 408 699
f 652 954 1357
f 699 954 652
f 1259 1730 91
f 1266 1259 91
f 91 722 1105
f 91 1730 722
f 91 1787 1266
f 1105 1787 91
f 530 1439 1612
f 1612 1433 530
f 1433 1020 530
f 915 1436 514
f 1436 573 514
f 1512 646 770
f 1512 1169 404
f 1512 600 1169
f 1512 337 600
f 770 337 1512
f 134 770 1097
f 770 646 1097
f 1097 646 1479
f 247 1447 1086
f 247 488 1940
f 247 1940 1010
f 1010 1447 247
f 247 1086 1735
f 689 1702 732
f 112 1702 689
f 997 225 264
f 997 1204 225
f 1782 225 1979
f 225 1204 1979
f 45 983 1551
f 1551 983 112
f 542 248 574
f 1901 488 1229
f 1229 248 1901
f 1229 574 248
f 488 247 1229
f 1229 247 1735
f 1229 1735 542
f 542 574 1229
f 1712 1231 1901
f 1727 1231 1712
f 1901 248 1712
f 1441 1673 257
f 1673 939 257
f 257 1642 1441
f 257 939 1642
f 1820 939 1673
f 1820 1346 907
f 1820 1673 1346
f 615 1240 101
f 1362 1668 388
f 1362 1986 1755
f 1362 787 1986
f 608 787 1362
f 1986 1240 651
f 1240 615 651
f 1480 678 224
f 678 1064 224
f 224 1064 1843
f 786 1480 224
f 224 401 786
f 1843 401 224
f 175 1064 1809
f 1809 1263 175
f 175 1263 1064
f 331 1792 1
f 846 1809 1
f 1 1792 846
f 846 1263 1809
f 258 870 846
f 1845 1731 139
f 1845 650 1731
f 1845 139 697
f 697 650 1845
f 688 1767 1776
f 1776 1767 238
f 1645 546 1443
f 1486 128 1981
f 1981 546 1486
f 546 1645 1486
f 1486 1645 1755
f 1486 651 128
f 1755 1986 1486
f 1986 651 1486
f 688 1200 494
f 494 1876 688
f 475 1876 494
f 1443 1517 878
f 878 114 1443
f 878 1517 900
f 768 114 878
f 878 1449 768
f 142 1449 878
f 878 277 142
f 900 277 878
f 1162 1199 1822
f 1822 1199 994
f 1822 994 1394
f 1394 730 1822
f 730 1957 1822
f 1635 1162 1822
f 1822 1957 1635
f 1819 1339 1826
f 1819 981 1339
f 903 1674 268
f 268 1391 903
f 1334 1674 903
f 198 576 1221
f 1726 576 198
f 1401 132 877
f 1401 877 1726
f 1726 198 1401
f 77 945 661
f 661 945 676
f 1032 1099 1302
f 1302 1099 353
f 1302 163 1032
f 1302 1391 163
f 1221 1391 1302
f 881 676 1419
f 1419 1129 881
f 881 1129 1031
f 1031 1167 881
f 881 1167 47
f 612 1001 1525
f 1525 1001 579
f 1525 1145 612
f 1412 535 252
f 252 1955 1412
f 252 234 1955
f 295 234 252
f 252 1145 295
f 252 535 1933
f 492 1145 252
f 252 521 492
f 1933 521 252
f 182 244 1896
f 1501 244 182
f 1896 932 182
f 932 1939 182
f 1939 715 182
f 1886 969 1428
f 841 750 1886
f 1886 1633 841
f 1886 1428 1633
f 1563 571 1087
f 1087 995 1563
f 571 995 1087
f 1605 1034 1177
f 137 1403 1177
f 1177 1217 137
f 1177 1034 1217
f 1481 1605 1177
f 1177 1403 1550
f 1177 376 1481
f 1550 902 1177
f 1177 902 376
f 1217 1034 863
f 1034 1256 863
f 863 1256 1840
f 863 618 1604
f 39 618 863
f 1604 201 863
f 863 478 39
f 863 1840 478
f 1342 1217 863
f 863 201 1342
f 1974 1927 156
f 1927 1523 156
f 156 306 1974
f 1999 1941 753
f 753 942 1999
f 1398 942 753
f 1324 647 119
f 119 1941 1324
f 119 753 1941
f 119 647 1398
f 1398 753 119
f 828 515 1392
f 1392 202 828
f 393 202 1392
f 1392 177 393
f 515 177 1392
f 1218 1147 1048
f 831 117 1048
f 1048 526 1218
f 1048 117 526
f 942 1147 1507
f 1507 1941 1999
f 1507 1147 1218
f 1218 1784 1507
f 1784 1941 1507
f 942 306 1178
f 312 942 1178
f 1178 1934 312
f 1409 1934 1178
f 1802 1856 1677
f 1139 1227 1677
f 1677 1227 1802
f 1677 1856 1608
f 1677 338 1139
f 472 634 963
f 963 135 40
f 1962 135 963
f 40 272 963
f 963 272 472
f 860 1018 1962
f 860 1275 1018
f 860 1214 1577
f 1232 1214 860
f 817 1275 860
f 860 1454 817
f 1577 1454 860
f 392 472 1415
f 1415 272 392
f 472 272 1415
f 593 1454 1577
f 593 183 1454
f 387 1808 504
f 504 1093 387
f 387 1381 1033
f 1033 1808 387
f 1494 1093 788
f 788 326 1494
f 1164 1381 360
f 98 1135 797
f 254 1135 98
f 98 1126 254
f 393 1126 98
f 237 562 1628
f 1628 202 237
f 237 202 393
f 453 189 831
f 562 237 453
f 1821 189 1938
f 797 1943 1938
f 1938 426 1821
f 1943 949 1938
f 1938 949 426
f 1312 189 1656
f 1312 1926 189
f 1312 1656 1641
f 1641 1926 1312
f 1293 1892 1943
f 1293 1135 1892
f 1293 1943 797
f 797 1135 1293
f 148 1135 254
f 1892 1135 148
f 148 254 1760
f 148 1760 1294
f 1294 1892 148
f 1466 1348 168
f 381 816 168
f 1325 1348 1466
f 1466 772 1325
f 1325 772 867
f 1732 867 817
f 1029 483 1374
f 1459 9 1374
f 1374 483 1459
f 1882 9 1459
f 1459 1113 1882
f 1141 1113 1424
f 451 1141 1424
f 1424 1015 451
f 1661 1015 1424
f 1294 22 1474
f 1474 1943 1294
f 781 1579 1992
f 1992 1434 781
f 1992 461 1434
f 1992 1579 1969
f 1969 461 1992
f 47 599 624
f 584 132 624
f 624 1630 584
f 624 599 1630
f 1157 1152 318
f 255 1152 1157
f 1157 318 1566
f 1566 255 1157
f 18 67 1629
f 1629 961 18
f 347 864 1430
f 864 1455 1430
f 1430 1455 1062
f 1062 410 1430
f 67 749 1194
f 749 354 1194
f 1117 1123 1328
f 279 748 1328
f 748 961 1328
f 166 1528 854
f 166 1117 395
f 1117 1328 395
f 918 592 851
f 851 1016 918
f 149 712 723
f 723 1883 230
f 712 1883 723
f 918 1016 1593
f 94 918 1593
f 1016 723 1593
f 1593 1154 763
f 763 94 1593
f 1593 723 230
f 452 1154 1593
f 1593 1552 452
f 230 1552 1593
f 1062 281 1897
f 166 1462 1897
f 1897 933 166
f 1897 281 1758
f 1758 933 1897
f 1307 402 470
f 806 1386 1103
f 1103 1386 1187
f 1103 1307 806
f 402 1307 1103
f 1103 1187 801
f 801 288 1103
f 288 402 1103
f 1518 1918 166
f 166 933 1518
f 1518 933 1918
f 940 501 717
f 760 940 717
f 717 665 760
f 498 433 32
f 32 1883 498
f 1432 1386 971
f 501 1386 1432
f 971 712 1432
f 1432 717 501
f 120 1694 609
f 151 628 389
f 151 389 1057
f 1057 113 151
f 151 113 1210
f 85 1904 740
f 740 1904 1864
f 740 374 85
f 740 1864 374
f 762 1904 85
f 762 85 980
f 677 684 762
f 980 534 762
f 534 1893 762
f 762 1893 677
f 1964 1968 30
f 468 1968 1964
f 1964 44 468
f 30 1555 1964
f 1555 44 1964
f 1261 1968 468
f 908 560 1261
f 560 1968 1261
f 1261 1210 347
f 468 1485 1261
f 1261 354 908
f 1261 1571 1210
f 1261 1485 1571
f 1094 959 1791
f 1791 519 1094
f 1094 1406 959
f 1094 604 1406
f 1094 519 604
f 1980 663 1002
f 663 950 1002
f 974 1096 1002
f 1002 950 974
f 341 326 1802
f 341 1227 93
f 1802 1227 341
f 1070 1096 1597
f 1070 956 1096
f 619 1042 716
f 716 344 619
f 93 344 716
f 1018 1275 1764
f 1764 1275 867
f 1764 772 1018
f 867 772 1764
f 192 1757 1225
f 192 992 1491
f 1469 1757 1678
f 605 680 1469
f 1469 1678 605
f 1569 1976 996
f 859 5 1910
f 1898 260 126
f 1898 442 181
f 181 260 1898
f 1721 1976 701
f 701 1569 606
f 701 1976 1569
f 41 1198 1019
f 41 1019 87
f 87 241 41
f 126 1019 1349
f 1019 1198 1349
f 606 409 439
f 1648 442 1191
f 1191 948 1648
f 442 1898 1191
f 282 1655 1246
f 1246 948 282
f 927 1373 440
f 133 420 440
f 440 420 927
f 1988 81 1806
f 81 554 1806
f 1806 758 1988
f 1806 554 758
f 1652 648 896
f 896 849 1652
f 1652 849 648
f 367 1949 1045
f 1045 990 367
f 367 990 541
f 528 1949 367
f 367 541 528
f 843 1930 1863
f 843 990 1930
f 1863 336 843
f 336 1281 843
f 1281 541 843
f 541 990 843
f 43 297 259
f 64 297 43
f 789 1789 1835
f 789 351 1789
f 1983 1384 1612
f 1612 718 1983
f 718 789 1983
f 1835 1384 1983
f 1983 789 1835
f 839 239 968
f 239 795 968
f 1847 839 968
f 1905 1847 968
f 968 795 1905
f 170 187 898
f 898 766 10
f 898 187 231
f 231 766 898
f 197 1220 383
f 383 1498 197
f 197 10 1220
f 170 898 197
f 197 898 10
f 197 1124 170
f 197 1498 1124
f 643 1000 359
f 643 1321 694
f 694 1000 643
f 952 557 1137
f 1137 557 63
f 709 816 103
f 103 772 709
f 709 772 1466
f 1466 168 709
f 709 168 816
f 741 1906 642
f 642 191 741
f 741 191 1906
f 1367 191 29
f 1367 22 792
f 792 191 1367
f 792 1906 822
f 822 191 792
f 1906 191 822
f 800 1706 310
f 310 1847 1905
f 1905 800 310
f 310 1013 1847
f 310 1733 1013
f 310 766 1733
f 1359 766 310
f 310 1706 1359
f 215 1472 1286
f 1286 970 215
f 1286 1472 644
f 1286 644 1025
f 1286 1025 405
f 405 970 1286
f 359 1000 583
f 583 153 359
f 1491 992 583
f 583 1000 1491
f 383 153 583
f 583 992 383
f 1251 1788 51
f 51 582 1251
f 1874 582 837
f 1470 1215 1104
f 1215 785 524
f 524 1104 1215
f 99 1104 524
f 524 1775 707
f 707 99 524
f 495 1393 1470
f 1470 1104 495
f 495 1104 99
f 880 1120 1839
f 1839 937 880
f 880 937 1260
f 1260 904 880
f 802 1520 1583
f 1583 1520 118
f 1583 1150 802
f 118 1150 1583
f 973 548 1163
f 1163 1589 973
f 973 1589 1859
f 1859 1869 973
f 1869 548 973
f 50 549 1581
f 549 721 1581
f 1581 563 50
f 1858 563 1581
f 1581 305 1858
f 1581 721 305
f 293 1024 1404
f 1024 1278 1404
f 1248 293 1404
f 1617 727 107
f 1617 107 1084
f 1084 517 1617
f 157 727 636
f 1282 727 157
f 157 1278 895
f 1017 1282 157
f 1488 636 991
f 1488 373 636
f 1148 1333 253
f 1333 373 253
f 1961 107 1368
f 107 1996 1368
f 1368 184 1961
f 1368 1996 1024
f 1283 184 1368
f 1368 1024 1283
f 533 297 64
f 533 1617 517
f 1084 297 533
f 533 517 1084
f 1111 718 1860
f 1860 718 1439
f 366 1861 450
f 450 1696 366
f 1696 450 1540
f 1540 1492 561
f 1465 1492 1540
f 1540 1861 1465
f 1540 450 1861
f 1052 319 1849
f 1787 319 1052
f 1527 436 1838
f 1838 966 1527
f 1838 1711 966
f 1838 1241 1711
f 1838 436 1411
f 1411 1241 1838
f 756 1259 263
f 263 1044 756
f 263 1222 38
f 263 1259 1266
f 1266 1928 263
f 38 1234 263
f 263 1234 491
f 491 1044 263
f 1063 530 1020
f 1439 530 1063
f 1063 1860 1439
f 915 514 28
f 1850 915 28
f 28 1530 1850
f 28 1799 84
f 84 1530 28
f 646 1512 1144
f 613 111 1144
f 404 613 1144
f 1144 1512 404
f 710 1188 134
f 134 1097 710
f 1484 1188 710
f 1479 1484 710
f 710 1097 1479
f 1639 997 264
f 264 1079 1639
f 1079 1329 1639
f 1204 997 1639
f 1671 248 542
f 542 145 1671
f 145 838 1671
f 939 1820 607
f 607 543 525
f 607 525 1196
f 1196 939 607
f 101 1014 1151
f 1151 615 101
f 1151 1014 520
f 520 615 1151
f 396 1362 1755
f 1668 1362 396
f 1755 1645 396
f 396 1645 1443
f 396 1443 130
f 130 1668 396
f 608 1362 228
f 228 1362 388
f 228 273 608
f 1638 273 228
f 228 388 1638
f 1262 128 417
f 128 651 417
f 417 930 1262
f 417 1548 930
f 520 1548 417
f 417 615 520
f 417 651 615
f 258 640 1865
f 1865 870 258
f 1865 640 763
f 763 1431 1865
f 1431 870 1865
f 375 870 960
f 960 870 1431
f 960 307 375
f 960 1431 307
f 1 350 702
f 702 331 1
f 779 220 42
f 779 350 220
f 779 702 350
f 331 702 779
f 1263 846 1848
f 1848 846 870
f 1843 1263 1848
f 1848 401 1843
f 375 401 1848
f 1848 870 375
f 106 1657 1945
f 1945 893 106
f 1291 1657 106
f 106 109 1053
f 1053 1291 106
f 1945 768 12
f 12 893 1945
f 768 1449 12
f 12 1449 142
f 142 893 12
f 258 846 1817
f 1817 277 258
f 142 277 1817
f 1817 893 142
f 796 238 700
f 796 1776 238
f 796 700 1826
f 1826 1299 796
f 688 1776 796
f 796 448 688
f 1299 448 796
f 1200 475 1418
f 1418 494 1200
f 475 494 1418
f 1179 527 1923
f 981 1819 1179
f 700 527 1179
f 1179 1923 690
f 690 981 1179
f 1826 700 1179
f 1179 1819 1826
f 1334 903 1037
f 1037 903 1391
f 1037 1391 1221
f 1037 1543 1334
f 1037 1221 1543
f 1771 198 1221
f 1221 1302 1771
f 1771 1302 353
f 353 1401 1771
f 1771 1401 198
f 503 353 132
f 132 1401 503
f 503 1401 353
f 698 661 676
f 676 881 698
f 47 1931 698
f 698 881 47
f 1899 715 1145
f 1145 1525 1899
f 1899 1525 579
f 1899 361 1501
f 579 361 1899
f 1501 182 1899
f 1899 182 715
f 174 1886 750
f 969 1886 174
f 1625 969 174
f 750 74 174
f 74 1625 174
f 105 1608 392
f 392 227 105
f 227 1728 105
f 1006 156 1523
f 1523 1728 1006
f 1006 1728 227
f 1006 214 1409
f 227 214 1006
f 807 1048 1147
f 807 202 1628
f 1147 202 807
f 1628 562 807
f 1999 942 1984
f 1984 1507 1999
f 942 1507 1984
f 205 1677 1608
f 205 105 633
f 1608 105 205
f 205 633 338
f 338 1677 205
f 1962 963 958
f 958 963 634
f 958 860 1962
f 958 634 1232
f 1232 860 958
f 1659 183 1902
f 183 593 1902
f 1902 1808 1659
f 1902 593 1577
f 1577 1214 1902
f 504 1808 1902
f 1902 1214 504
f 1381 387 1846
f 1846 387 1093
f 1846 360 1381
f 455 1619 974
f 455 974 765
f 455 765 1164
f 1542 1494 371
f 1093 1494 1542
f 1542 1846 1093
f 360 1846 1542
f 635 453 831
f 562 453 635
f 635 807 562
f 831 1048 635
f 1048 807 635
f 1818 453 237
f 393 98 1818
f 1818 237 393
f 1818 98 797
f 189 453 720
f 720 1938 189
f 797 1938 720
f 720 1818 797
f 453 1818 720
f 1348 1325 1181
f 817 1454 657
f 657 1732 817
f 290 1374 536
f 290 1029 1374
f 536 1332 290
f 1332 1623 290
f 483 1029 424
f 1688 1459 483
f 483 424 1688
f 1376 949 1943
f 1943 1474 1376
f 276 949 1376
f 1376 29 276
f 1376 1367 29
f 1376 1474 22
f 22 1367 1376
f 141 1099 47
f 47 624 141
f 141 624 132
f 132 353 141
f 353 1099 141
f 1062 1897 1233
f 1233 1629 67
f 416 1194 354
f 416 1261 347
f 354 1261 416
f 410 1194 416
f 347 1430 416
f 416 1430 410
f 736 431 746
f 746 1797 736
f 736 1528 431
f 736 854 1528
f 736 1797 1123
f 736 1123 166
f 166 854 736
f 1123 1797 1272
f 1272 1797 746
f 1272 459 279
f 746 459 1272
f 1352 1462 166
f 166 395 1352
f 476 1328 961
f 476 395 1328
f 476 1352 395
f 1462 1352 476
f 645 851 592
f 645 592 1867
f 1867 1152 645
f 645 1152 1344
f 1016 851 1473
f 1473 723 1016
f 149 723 1473
f 1473 1344 149
f 1473 645 1344
f 851 645 1473
f 665 717 731
f 149 1344 731
f 1344 665 731
f 102 1386 806
f 806 1307 102
f 102 1307 470
f 470 433 102
f 433 498 102
f 971 1386 80
f 80 1883 971
f 80 498 1883
f 1386 102 80
f 80 102 498
f 1952 836 1187
f 1156 836 1952
f 1187 1386 993
f 993 501 1694
f 993 1386 501
f 628 151 1353
f 1353 578 677
f 677 628 1353
f 1571 578 1353
f 1681 762 684
f 1904 762 1681
f 1026 1904 1681
f 1298 1026 1681
f 1681 1555 1298
f 1681 684 1555
f 622 705 1980
f 1980 1002 622
f 622 1096 705
f 622 1002 1096
f 956 1070 1153
f 1153 1070 1042
f 619 956 1153
f 1153 1042 619
f 188 341 93
f 93 716 188
f 326 341 188
f 1498 992 1675
f 992 192 1675
f 1225 1498 1675
f 1675 192 1225
f 1491 1537 1258
f 1258 192 1491
f 1757 192 1258
f 1258 1678 1757
f 1537 605 313
f 313 605 1678
f 313 1258 1537
f 1678 1258 313
f 680 605 668
f 1703 834 668
f 834 680 668
f 668 1537 1703
f 668 605 1537
f 1068 1880 412
f 1880 1371 412
f 632 1954 1122
f 632 996 54
f 1569 996 165
f 1320 996 1976
f 1320 834 1703
f 1320 1976 834
f 1703 857 1320
f 857 54 1320
f 54 996 1320
f 418 54 857
f 857 621 418
f 621 1438 418
f 262 1321 1609
f 621 1321 262
f 262 1438 621
f 143 769 5
f 5 859 143
f 948 1191 49
f 49 1191 1898
f 49 1898 126
f 126 1349 49
f 328 701 606
f 167 439 186
f 1198 439 167
f 186 1349 167
f 167 1349 1198
f 745 439 409
f 745 859 1910
f 1910 17 745
f 133 440 951
f 951 440 1373
f 951 1373 1170
f 340 133 951
f 951 1170 340
f 1111 1860 1692
f 1692 1914 64
f 573 1914 1692
f 1692 1860 573
f 259 1046 53
f 53 43 259
f 351 789 1953
f 1953 1920 351
f 414 643 359
f 359 153 414
f 153 557 414
f 1012 69 952
f 952 1137 1012
f 60 1340 1277
f 60 1982 1609
f 1277 1982 60
f 771 1739 69
f 1340 60 771
f 1609 1739 771
f 771 60 1609
f 883 1788 462
f 1788 1251 462
f 63 883 462
f 8 1534 1990
f 1990 582 8
f 1990 837 582
f 1244 1340 1874
f 1874 837 1244
f 1244 1990 1722
f 837 1990 1244
f 1315 785 406
f 1315 524 785
f 406 1539 1315
f 1539 1775 1315
f 1775 524 1315
f 507 495 99
f 1131 880 904
f 636 373 799
f 799 157 636
f 799 373 1956
f 1956 1490 799
f 799 1490 1278
f 1278 157 799
f 1607 158 1248
f 1248 1404 1607
f 783 158 1607
f 1607 1956 735
f 735 783 1607
f 1278 1490 1193
f 1193 1404 1278
f 1193 1607 1404
f 1193 1490 1956
f 1956 1607 1193
f 895 1017 1427
f 1427 157 895
f 1017 157 1427
f 373 1488 327
f 327 253 373
f 327 1488 991
f 991 1148 327
f 1148 253 327
f 1617 533 1522
f 1522 1914 1436
f 64 1914 1522
f 1522 533 64
f 1436 727 1522
f 727 1617 1522
f 561 871 1700
f 1700 1540 561
f 1696 1540 1700
f 1700 871 6
f 1700 6 366
f 366 1696 1700
f 1787 1052 346
f 1489 1928 346
f 1849 1489 346
f 346 1052 1849
f 1266 1787 346
f 346 1928 1266
f 194 1928 1003
f 194 263 1928
f 1222 263 194
f 573 1860 458
f 1860 1063 458
f 1799 28 458
f 458 1063 1020
f 458 514 573
f 458 28 514
f 458 1680 1799
f 458 1020 1680
f 1279 1144 111
f 646 1144 1279
f 1380 646 1279
f 695 1380 1279
f 1279 111 695
f 1665 1329 1487
f 1665 1639 1329
f 1060 301 1385
f 248 1671 1385
f 1385 1671 1060
f 1727 1712 1385
f 1385 1712 248
f 706 1820 907
f 706 607 1820
f 706 907 543
f 543 607 706
f 42 109 614
f 614 779 42
f 109 106 614
f 331 779 614
f 1792 331 614
f 614 106 1792
f 1568 846 1792
f 1568 1817 846
f 1792 106 1568
f 1568 106 893
f 893 1817 1568
f 673 698 1931
f 661 698 673
f 673 1931 77
f 77 661 673
f 984 1728 1523
f 984 105 1728
f 984 1523 633
f 633 105 984
f 306 156 934
f 156 1006 934
f 934 1178 306
f 1409 1178 934
f 934 1006 1409
f 1164 360 246
f 246 455 1164
f 842 1070 1597
f 1597 1619 842
f 1619 455 842
f 1042 1070 842
f 842 716 1042
f 360 1542 378
f 378 1542 371
f 1348 1181 979
f 979 168 1348
f 381 168 979
f 1987 381 979
f 979 1880 1987
f 867 1732 1615
f 1615 1325 867
f 1615 348 1325
f 1615 1732 1122
f 1122 348 1615
f 1880 348 1636
f 1636 1954 882
f 1122 1954 1636
f 1636 348 1122
f 882 1173 1636
f 1636 1371 1880
f 1636 1173 1371
f 1623 1027 1397
f 1397 290 1623
f 1029 290 1397
f 1397 424 1029
f 1113 1459 1313
f 1459 1688 1313
f 1313 1424 1113
f 1313 1688 1424
f 67 1194 1807
f 1807 1233 67
f 1807 1194 410
f 1807 410 1062
f 1062 1233 1807
f 349 1328 1123
f 1123 1272 349
f 279 1328 349
f 349 1272 279
f 961 1629 1379
f 1379 476 961
f 1629 1233 1379
f 1462 476 1288
f 1288 1897 1462
f 1288 1233 1897
f 1288 1379 1233
f 476 1379 1288
f 862 731 717
f 862 1432 712
f 717 1432 862
f 862 712 149
f 149 731 862
f 1187 993 1751
f 1751 993 120
f 1751 1952 1187
f 1751 120 609
f 609 1156 1751
f 1156 1952 1751
f 1694 120 555
f 555 993 1694
f 120 993 555
f 1571 1353 1586
f 1586 1353 151
f 1210 1571 1586
f 1586 151 1210
f 326 188 1343
f 371 1494 1343
f 1343 1494 326
f 1658 412 1371
f 1277 1340 1915
f 1915 1295 1277
f 1340 1244 1915
f 412 1658 1915
f 1915 1658 1295
f 1068 412 1915
f 1915 1722 1068
f 1915 1244 1722
f 1174 632 54
f 996 632 670
f 670 165 996
f 632 165 670
f 957 1982 1277
f 1609 1982 957
f 957 262 1609
f 1358 49 1497
f 1497 1349 186
f 1497 49 1349
f 1570 49 1358
f 948 49 1570
f 1570 1358 1655
f 1655 282 1570
f 1570 282 948
f 1198 41 853
f 41 328 853
f 853 328 606
f 606 439 853
f 853 439 1198
f 1338 328 41
f 1338 41 241
f 1721 701 1338
f 701 328 1338
f 1338 680 1721
f 1338 241 680
f 186 439 1341
f 439 745 1341
f 1341 745 17
f 17 1358 1341
f 1341 1497 186
f 1358 1497 1341
f 64 43 19
f 19 1692 64
f 43 53 905
f 79 1647 588
f 79 1046 1704
f 79 53 1046
f 588 905 79
f 79 905 53
f 1060 1671 1985
f 1985 1953 1060
f 1920 1953 1985
f 1539 1920 1985
f 1985 838 1539
f 1985 1671 838
f 643 414 508
f 952 1321 508
f 1321 643 508
f 508 557 952
f 508 414 557
f 1549 582 1874
f 1874 1340 1549
f 1340 771 1549
f 510 462 1251
f 510 1012 1137
f 510 1137 63
f 63 462 510
f 69 1012 510
f 510 771 69
f 792 1722 121
f 1722 1990 121
f 121 1534 792
f 121 1990 1534
f 493 1484 1061
f 707 493 1061
f 1484 1120 1061
f 1120 507 1061
f 1061 99 707
f 1061 507 99
f 1120 880 550
f 550 507 1120
f 1222 194 403
f 112 689 116
f 689 269 116
f 975 269 222
f 1810 269 689
f 732 1231 1810
f 1810 689 732
f 222 269 1810
f 1231 212 1810
f 1801 1231 1727
f 1801 212 1231
f 1727 1385 516
f 516 1385 301
f 516 1801 1727
f 212 1801 516
f 222 1810 1389
f 1389 1810 212
f 1389 516 301
f 212 516 1389
f 45 1551 195
f 1487 45 195
f 195 1665 1487
f 729 301 1060
f 729 1508 301
f 674 842 455
f 674 378 371
f 455 378 674
f 371 1343 674
f 674 1343 188
f 674 188 716
f 716 842 674
f 360 378 1913
f 1913 378 455
f 1913 246 360
f 455 246 1913
f 1880 979 1254
f 1254 979 1181
f 1254 1181 1325
f 1254 348 1880
f 1325 348 1254
f 1377 143 859
f 1732 657 1445
f 1445 1377 1627
f 424 1397 1582
f 1582 1855 1661
f 1582 1027 1855
f 1582 1397 1027
f 108 1173 882
f 882 1658 108
f 1371 1173 108
f 108 1658 1371
f 1438 262 1535
f 1535 1174 54
f 54 418 1535
f 1535 418 1438
f 1954 632 1646
f 632 1174 1646
f 882 1954 1646
f 682 1658 882
f 1295 1658 682
f 882 1646 682
f 682 1646 1174
f 262 957 1056
f 1056 1535 262
f 1174 1535 1056
f 1056 682 1174
f 1056 957 1277
f 1277 1295 1056
f 1295 682 1056
f 1111 1692 1011
f 1011 19 43
f 588 1647 1011
f 43 905 1011
f 1011 905 588
f 1425 79 1704
f 891 1549 771
f 891 510 1251
f 771 510 891
f 891 1251 582
f 582 1549 891
f 495 507 463
f 507 550 463
f 1393 495 463
f 1076 904 1393
f 1076 1131 904
f 1393 463 1076
f 1076 463 550
f 880 1131 1076
f 1076 550 880
f 1222 403 568
f 568 1003 865
f 865 1222 568
f 568 194 1003
f 568 403 194
f 976 1551 112
f 112 116 976
f 976 195 1551
f 1665 195 976
f 1204 1639 976
f 1639 1665 976
f 1946 1046 259
f 1508 1180 1327
f 1327 1180 1425
f 301 1508 1649
f 1649 1389 301
f 1508 1327 1649
f 222 1389 1649
f 1649 975 222
f 1649 1327 975
f 947 718 1111
f 1111 1011 947
f 947 1011 1647
f 278 1804 1921
f 1804 681 1921
f 1921 409 278
f 1921 681 1627
f 1921 745 409
f 859 745 1921
f 1921 1377 859
f 1627 1377 1921
f 36 657 1454
f 769 143 1201
f 143 1377 1201
f 1454 769 1201
f 1201 36 1454
f 657 36 1201
f 1201 1445 657
f 1377 1445 1201
f 1569 165 1440
f 424 1582 457
f 1424 1688 457
f 457 1688 424
f 1661 1424 457
f 457 1582 1661
f 1692 19 1919
f 1919 1011 1692
f 19 1011 1919
f 1204 976 711
f 711 976 116
f 1704 1046 434
f 1046 1946 434
f 1508 729 761
f 761 1180 1508
f 1425 1180 761
f 79 1425 761
f 1704 975 1742
f 975 1327 1742
f 1742 1425 1704
f 1742 1327 1425
f 320 789 718
f 320 1953 789
f 1060 1953 320
f 1008 1445 1627
f 826 116 269
f 826 711 116
f 269 975 1223
f 1223 975 1704
f 1704 434 1223
f 962 947 1647
f 718 947 962
f 962 320 718
f 1627 681 1911
f 1911 1008 1627
f 1911 681 1804
f 1911 1804 1569
f 1569 1440 1911
f 1445 1008 1460
f 1122 1732 1460
f 1732 1445 1460
f 1460 632 1122
f 1460 165 632
f 1460 1440 165
f 691 826 269
f 269 1223 691
f 691 1223 434
f 691 434 1946
f 1946 826 691
f 625 826 1946
f 625 1979 1204
f 1204 711 625
f 711 826 625
f 1978 962 1647
f 1647 79 1978
f 79 761 1978
f 314 1911 1440
f 1008 1911 314
f 1440 1460 314
f 314 1460 1008
f 1242 625 1946
f 259 1782 1242
f 1242 1946 259
f 1782 1979 1242
f 1979 625 1242
f 962 1978 235
f 320 962 235
f 1672 235 1978
f 1672 761 729
f 1672 1978 761
f 320 235 1672
f 1672 729 1060
f 1060 320 1672

