# https://github.com/mikedh/trimesh
v 0.01371802 0.02265959 -0.04744834
v 0.07049262 0.02111620 -0.05277053
v 0.07049829 0.02248317 -0.05223726
v 0.07059732 0.02524669 -0.05094635
v 0.07067996 0.02868414 -0.04892190
v 0.07071280 0.03028395 -0.04779730
v 0.07071710 0.03222419 -0.04625324
v 0.07069811 0.03340042 -0.04520834
v 0.07062973 0.03615518 -0.04237630
v 0.07054907 0.03802069 -0.04007115
v 0.07046004 0.03896808 -0.03875361
v 0.07033324 0.04099033 -0.03546307
v 0.07021884 0.04187840 -0.03376575
v 0.07009326 0.04299431 -0.03129196
v 0.06998258 0.04396251 -0.02870525
v 0.06988414 0.04450722 -0.02698364
v 0.06979032 0.04546995 -0.02303244
v 0.06841145 0.00733241 0.03642098
v 0.06860259 0.00853379 0.03631766
v 0.06888495 0.01038270 0.03592984
v 0.06819411 -0.00437770 0.03642143
v -0.01229983 0.02124202 -0.03985516
v -0.02031184 0.01936645 -0.03600620
v -0.02745584 0.01832372 -0.03043385
v -0.03330091 0.01777373 -0.02349932
v -0.03753381 0.01741352 -0.01544589
v -0.03989852 0.01717071 -0.00674872
v -0.04038384 0.01712960 0.00220334
v -0.03887931 0.01712864 0.01113856
v -0.03547771 0.01724342 0.01954017
v -0.03037154 0.01741761 0.02692770
v -0.02378390 0.01783406 0.03313092
v -0.01592865 0.01842374 0.03780906
v -0.00728932 0.01931942 0.04068006
v 0.00155474 0.02112334 0.04166939
v 0.04400464 0.02626875 -0.05240713
v 0.04153275 0.02793784 -0.05184189
v 0.03868754 0.02914937 -0.05129747
v 0.03777354 0.02955652 -0.05107736
v 0.03384860 0.03047637 -0.05037387
v 0.02907661 0.03113505 -0.04947170
v 0.01415890 0.03151217 -0.04601889
v 0.01901049 0.03158100 -0.04726339
v 0.02567995 0.03143630 -0.04875396
v 0.07100252 0.03281116 0.02445403
v 0.07097763 0.03451870 0.02297332
v 0.07091283 0.03560885 0.02192021
v 0.07075275 0.03824503 0.01891162
v 0.07053175 0.04058885 0.01545698
v 0.07031311 0.04233762 0.01210682
v 0.07010762 0.04397157 0.00790035
v 0.06996162 0.04515428 0.00356991
v 0.06987248 0.04552168 0.00182188
v 0.06979057 0.04627226 -0.00311156
v 0.06971883 0.04654678 -0.00614946
v 0.06967998 0.04668619 -0.01119349
v 0.06968292 0.04657287 -0.01438557
v 0.06970324 0.04638855 -0.01673779
v 0.06972989 0.04603977 -0.01966648
v 0.04713765 0.04554093 -0.02283591
v 0.04713540 0.04655773 -0.01498638
v -0.00329097 0.04619395 -0.00759524
v -0.00439891 0.04616915 -0.00722834
v -0.00215114 0.04658529 -0.00354958
v -0.00527613 0.04616545 -0.00664877
v -0.00610764 0.04616534 -0.00589488
v -0.00300444 0.04658372 -0.00289867
v -0.00682254 0.04616539 -0.00504959
v -0.00742591 0.04616528 -0.00411228
v -0.00365257 0.04658369 -0.00202215
v -0.00790039 0.04616531 -0.00310352
v -0.00823767 0.04616518 -0.00204908
v -0.00405175 0.04658363 -0.00100772
v -0.00843560 0.04616521 -0.00094433
v -0.00848748 0.04616508 0.00015395
v -0.00417480 0.04658356 0.00007538
v -0.00839136 0.04616510 0.00128037
v -0.00815861 0.04616506 0.00234339
v -0.00401327 0.04658350 0.00115339
v -0.00779199 0.04616498 0.00336796
v -0.00727587 0.04616486 0.00437377
v -0.00357827 0.04658344 0.00215295
v -0.00664927 0.04616487 0.00527720
v -0.00589537 0.04616475 0.00610870
v -0.00289939 0.04658337 0.00300583
v -0.00505009 0.04616477 0.00682360
v -0.00411284 0.04616466 0.00742692
v -0.00202290 0.04658333 0.00365393
v 0.00486300 0.04374325 0.01891057
v 0.00233610 0.04462820 0.01627861
v 0.00722508 0.04032112 0.02734266
v 0.00349324 0.04211722 0.02392236
v 0.00462669 0.03875000 0.03105631
v -0.00807983 0.04031014 -0.02715111
v -0.00883071 0.03876729 -0.03009660
v -0.01251139 0.03875081 -0.02879898
v -0.00923072 0.03803520 -0.03134859
v -0.01145066 0.03151149 -0.03866093
v -0.01594810 0.03134001 -0.03713824
v 0.00004490 0.04658461 0.00415503
v -0.00013495 0.04671549 0.00003498
v -0.00100849 0.04658328 0.00405311
v 0.00122703 0.04651540 0.00493920
v -0.00677176 0.04218190 -0.02303664
v -0.00463442 0.04462957 -0.01577226
v -0.00567061 0.04375043 -0.01868542
v -0.00965767 0.04212119 -0.02215692
v 0.01014145 0.03372134 0.03738975
v 0.00575195 0.03210000 0.03955869
v 0.00198941 0.03153784 0.04025933
v 0.00055053 0.03875959 0.03137732
v -0.00418890 0.03138958 0.04017037
v -0.00347847 0.03876692 0.03117500
v -0.00682972 0.03156780 0.03971058
v -0.00758889 0.03876630 0.03043786
v 0.00360935 0.04510119 0.01399315
v 0.00241234 0.04592617 0.00982111
v 0.00118465 0.04619246 0.00819783
v 0.00010510 0.04616833 0.00846230
v -0.00094491 0.04616463 0.00843660
v -0.00204969 0.04616459 0.00823866
v -0.00310415 0.04616469 0.00790136
v -0.02458176 0.03876699 0.01948661
v -0.03003960 0.03156777 0.02685516
v -0.02177633 0.03876635 0.02257995
v -0.02790068 0.03136807 0.02922019
v -0.01867702 0.03876072 0.02521684
v -0.02343955 0.03150579 0.03281652
v -0.01520022 0.03876522 0.02744343
v -0.01958121 0.03134826 0.03535290
v -0.01146830 0.03876070 0.02920948
v -0.01538433 0.03150580 0.03727811
v -0.00996921 0.03136809 0.03915201
v -0.03043830 0.03876649 -0.00758893
v -0.03971072 0.03156763 -0.00682973
v -0.03117542 0.03876710 -0.00347843
v -0.04017049 0.03138942 -0.00418890
v -0.03137772 0.03875976 0.00055065
v -0.04027736 0.03150096 0.00205655
v -0.03101296 0.03876471 0.00474065
v -0.03993296 0.03135274 0.00619627
v -0.03016449 0.03875938 0.00866044
v -0.03875841 0.03151303 0.01112764
v -0.02880426 0.03876468 0.01243329
v -0.03713808 0.03135276 0.01593099
v -0.02689066 0.03875969 0.01617857
v -0.03523400 0.03150097 0.01962293
v -0.03183029 0.03138950 0.02486047
v -0.01948679 0.03876718 -0.02458214
v -0.02685527 0.03156754 -0.03003975
v -0.02258021 0.03876654 -0.02177667
v -0.02922030 0.03136786 -0.02790077
v -0.02521719 0.03876090 -0.01867732
v -0.03281663 0.03150558 -0.02343964
v -0.02744382 0.03876541 -0.01520044
v -0.03535301 0.03134808 -0.01958128
v -0.02920992 0.03876089 -0.01146846
v -0.03727823 0.03150562 -0.01538440
v -0.03915216 0.03136790 -0.00996923
v -0.01617866 0.03875986 -0.02689106
v -0.01962298 0.03150081 -0.03523411
v -0.02486052 0.03138929 -0.03183043
v 0.00042976 0.04212460 0.02415605
v -0.00268908 0.04212669 0.02400449
v -0.00583320 0.04212668 0.02343984
v -0.00883359 0.04212676 0.02248142
v -0.01170325 0.04212676 0.02113021
v -0.01437101 0.04212685 0.01941444
v -0.01677514 0.04212685 0.01737950
v -0.01892175 0.04212696 0.01501381
v -0.02070305 0.04212697 0.01244335
v -0.02217338 0.04212708 0.00958063
v -0.02321607 0.04212738 0.00666578
v -0.02387854 0.04212720 0.00364178
v -0.02415087 0.04212722 0.00043505
v -0.02400453 0.04212733 -0.00268890
v -0.02343990 0.04212734 -0.00583305
v -0.02248146 0.04212744 -0.00883354
v -0.02113024 0.04212744 -0.01170328
v -0.01941443 0.04212753 -0.01437108
v -0.01737940 0.04212752 -0.01677529
v -0.01501364 0.04212759 -0.01892191
v -0.01244974 0.04212565 -0.02070485
v 0.00026563 0.04463756 0.01641047
v -0.00182536 0.04464153 0.01629556
v -0.00395968 0.04464154 0.01591231
v -0.00599647 0.04464161 0.01526165
v -0.00794453 0.04464163 0.01434444
v -0.00975547 0.04464172 0.01317967
v -0.01138754 0.04464175 0.01179830
v -0.01284470 0.04464186 0.01019235
v -0.01405398 0.04464189 0.00844740
v -0.01505201 0.04464200 0.00650413
v -0.01575961 0.04464225 0.00452534
v -0.01620957 0.04464216 0.00247253
v -0.01639447 0.04464220 0.00029575
v -0.01629508 0.04464231 -0.00182496
v -0.01591185 0.04464235 -0.00395932
v -0.01526118 0.04464245 -0.00599615
v -0.01434395 0.04464247 -0.00794427
v -0.01317915 0.04464256 -0.00975526
v -0.01179773 0.04464256 -0.01138737
v -0.01019175 0.04464263 -0.01284452
v -0.00847917 0.04463874 -0.01405166
v -0.00660667 0.04462939 -0.01506100
v -0.00422563 0.04508577 -0.01391575
v -0.00302598 0.04593560 -0.00960982
v -0.00150313 0.04651840 -0.00483430
v 0.01601046 0.03761371 -0.03937218
v 0.01766496 0.04076938 -0.03357668
v 0.02180593 0.04559019 -0.01915875
v 0.02046369 0.04445963 -0.02383033
v 0.01907019 0.04287244 -0.02864724
v 0.02350230 0.04647486 -0.01325774
v 0.02516684 0.04677420 -0.00740346
v 0.03762644 0.04346362 -0.03119823
v 0.04474503 0.04324670 -0.03201387
v 0.04458241 0.04105544 -0.03772327
v 0.03669283 0.03365720 -0.04818307
v 0.02216345 0.03823906 -0.04004530
v 0.03093969 0.04484956 -0.02512844
v 0.02908803 0.03472014 -0.04652941
v 0.02917434 0.03671365 -0.04404699
v 0.02928580 0.03854943 -0.04124572
v 0.02973921 0.04123576 -0.03601883
v 0.03033527 0.04332063 -0.03056257
v 0.04414718 0.02868272 -0.05135593
v 0.04431923 0.03193181 -0.04938500
v 0.05855667 0.04443986 -0.02752160
v 0.02793537 0.04560341 -0.02081286
v 0.03437267 0.04557836 -0.02221444
v 0.04495501 0.04479331 -0.02635492
v 0.04076100 0.04555099 -0.02275059
v 0.04440941 0.03494705 -0.04681198
v 0.03673016 0.03616691 -0.04557349
v 0.04449307 0.03744907 -0.04389410
v 0.03683335 0.03827800 -0.04271509
v 0.04454892 0.03941936 -0.04089000
v 0.03697178 0.03997723 -0.03981755
v 0.03719676 0.04141981 -0.03679488
v 0.05162736 0.03345274 -0.04739742
v 0.05175616 0.03614417 -0.04467565
v 0.05173383 0.03846241 -0.04162493
v 0.05169317 0.04280154 -0.03290009
v 0.04117964 0.04641145 -0.01677384
v 0.03519092 0.04645374 -0.01610485
v 0.03601838 0.04674967 -0.01022187
v 0.02927440 0.04647663 -0.01484777
v 0.03055104 0.04677479 -0.00893996
v 0.05006321 0.00921911 -0.05719759
v 0.04969684 0.00756191 -0.05732818
v 0.06810168 0.00789944 -0.05734046
v 0.06823131 0.01002128 -0.05702151
v 0.06849571 0.01149112 -0.05655619
v 0.06808549 -0.00475739 -0.05730937
v 0.04951086 -0.00372507 -0.05731180
v 0.04939195 -0.00495704 -0.05721173
v 0.04910626 -0.00748029 -0.05661909
v 0.04843253 -0.00921074 -0.05576777
v 0.06811308 -0.00803212 -0.05657621
v 0.06960751 -0.02637268 0.02464810
v 0.06960092 -0.02738451 0.02381391
v 0.06978832 -0.03700087 -0.03327713
v 0.06978403 -0.03626855 -0.03447507
v 0.06984019 -0.02081316 -0.04934005
v 0.07049036 -0.02001854 -0.04971400
v 0.06981677 -0.02394595 -0.04734987
v 0.06981334 -0.02257527 -0.04826711
v 0.06979125 -0.03285150 -0.03917795
v 0.06980603 -0.03144435 -0.04079030
v 0.06979174 -0.02967514 -0.04261824
v 0.06979197 -0.02644556 -0.04548140
v 0.06977411 -0.03388422 -0.03788739
v 0.06975787 -0.03858161 -0.03035969
v 0.06974634 -0.03945294 -0.02849126
v 0.06974518 -0.04299465 -0.01504014
v 0.06974541 -0.04287622 -0.01607084
v 0.06974139 -0.04213632 -0.02031347
v 0.06976912 -0.04095921 -0.02455313
v 0.06976956 -0.04039698 -0.02615611
v 0.06971848 -0.04310775 -0.00710663
v 0.06969817 -0.04322850 -0.00975969
v 0.06970844 -0.04322261 -0.01140206
v 0.06971286 -0.04290697 -0.00505745
v 0.06969147 -0.04217103 -0.00073368
v 0.06965167 -0.03962755 0.00719626
v 0.06968781 -0.04046990 0.00506845
v 0.06969490 -0.04102059 0.00347508
v 0.06964735 -0.03865525 0.00931967
v 0.06966863 -0.03701928 0.01235443
v 0.06964582 -0.03119442 0.02017004
v 0.06963571 -0.03294483 0.01817432
v 0.06962931 -0.03400134 0.01684339
v 0.06965557 -0.03634599 0.01346129
v 0.06962726 -0.02980164 0.02160298
v 0.06962128 -0.02397096 0.02644132
v 0.06961206 -0.02277337 0.02724829
v 0.06963319 -0.02154437 0.02801731
v 0.06795103 -0.00667943 0.03609595
v 0.05088119 -0.00702540 0.03601670
v 0.05042943 -0.00896759 0.03527947
v 0.05005473 -0.00985647 0.03479616
v 0.06790177 -0.00905610 0.03526356
v 0.04627607 -0.02385078 -0.04703474
v 0.04458630 -0.01602428 -0.05076543
v 0.04415919 -0.03994418 0.00336431
v 0.04372739 -0.04172298 -0.01507806
v 0.04342445 -0.03961146 -0.02411067
v 0.04410297 -0.03048451 -0.04024237
v 0.04759526 -0.02410420 0.02624251
v 0.04689737 -0.03114583 0.01993775
v 0.04632144 -0.03673678 0.01221507
v 0.04719497 -0.04081114 0.00368217
v 0.04568472 -0.04250141 -0.00575847
v 0.04706321 -0.04281242 -0.01532052
v 0.04670325 -0.04068435 -0.02468618
v 0.04575304 -0.03655473 -0.03313702
v 0.04703678 -0.03095602 -0.04109391
v 0.04540563 -0.01622421 -0.05100163
v 0.10358137 -0.00789056 -0.04852522
v 0.10380574 -0.01229148 -0.04700239
v 0.10332184 -0.01662335 -0.04533251
v 0.10359407 -0.02048495 -0.04285727
v 0.10325637 -0.02427196 -0.04016894
v 0.10358567 -0.02748251 -0.03681148
v 0.10324474 -0.03054899 -0.03332217
v 0.10357157 -0.03290019 -0.02931557
v 0.10322867 -0.03508004 -0.02521233
v 0.10355332 -0.03644574 -0.02077131
v 0.10320860 -0.03762088 -0.01627500
v 0.10353246 -0.03792682 -0.01163760
v 0.10318596 -0.03803329 -0.00699012
v 0.10350780 -0.03726312 -0.00240512
v 0.10316073 -0.03629436 0.00214094
v 0.10348471 -0.03448665 0.00642684
v 0.10313494 -0.03249429 0.01063007
v 0.10345950 -0.02974893 0.01438184
v 0.10311279 -0.02683716 0.01801310
v 0.10343890 -0.02329963 0.02103158
v 0.10309723 -0.01962970 0.02388926
v 0.10351176 -0.01553383 0.02593985
v 0.10334076 -0.01125516 0.02781339
v 0.10375260 -0.00671074 0.02887707
v 0.10341941 -0.00213787 0.02979404
v 0.10340217 0.00247863 0.03000244
v 0.10342212 0.00710762 0.02965410
v 0.10372956 0.01165350 0.02861449
v 0.10338618 0.01609123 0.02740469
v 0.10374724 0.02024481 0.02532976
v 0.10341802 0.02432239 0.02309924
v 0.10375540 0.02787224 0.02014627
v 0.10344286 0.03131672 0.01703349
v 0.10376289 0.03411427 0.01332394
v 0.10339010 0.03677343 0.00951430
v 0.10365518 0.03866741 0.00527115
v 0.10324108 0.04038931 0.00095606
v 0.10350585 0.04125637 -0.00359986
v 0.10313834 0.04190790 -0.00818465
v 0.10349147 0.04166235 -0.01280936
v 0.10321852 0.04119671 -0.01741790
v 0.10364270 0.03985223 -0.02185940
v 0.10340329 0.03832274 -0.02624132
v 0.10381445 0.03598820 -0.03025139
v 0.10354836 0.03350778 -0.03416724
v 0.10391876 0.03032544 -0.03753679
v 0.10360849 0.02702832 -0.04079154
v 0.10392663 0.02316916 -0.04335712
v 0.10356393 0.01922397 -0.04578600
v 0.10387745 0.01490984 -0.04738364
v 0.10358709 0.01051497 -0.04879700
v 0.10392171 0.00589461 -0.04935291
v 0.10358171 0.00130596 -0.04974054
v 0.10393186 -0.00328881 -0.04920981
v 0.11197113 0.00219750 0.01091360
v 0.11197065 -0.00368694 0.01016320
v 0.11197051 0.01783774 0.00349815
v 0.11197035 0.01341710 0.00744803
v 0.11197065 0.00805699 0.00998853
v 0.11197040 0.02247113 -0.01319179
v 0.11197076 0.02255481 -0.00725850
v 0.11197080 0.02096786 -0.00154241
v 0.11197081 0.01289091 -0.02761056
v 0.11197072 0.01743231 -0.02379355
v 0.11197035 0.02071785 -0.01885291
v 0.11197058 -0.00427788 -0.02982305
v 0.11197033 0.00157810 -0.03075716
v 0.11197058 0.00745921 -0.02999736
v 0.11197029 -0.01719993 -0.01828951
v 0.11197069 -0.01406246 -0.02332566
v 0.11197079 -0.00963636 -0.02727594
v 0.11197078 -0.01693523 -0.00097880
v 0.11197072 -0.01869148 -0.00664535
v 0.11197036 -0.01878418 -0.01257867
v 0.11197030 -0.00912038 0.00778339
v 0.11197048 -0.01365653 0.00396659
v 0.10962899 0.00634712 0.02344562
v 0.10963233 -0.02012115 -0.03537012
v 0.10963253 -0.01365583 -0.03976084
v 0.10963384 -0.00635202 -0.04253954
v 0.10963461 0.00139083 -0.04355953
v 0.10963392 0.00916059 -0.04276996
v 0.10963247 0.03426849 -0.00074520
v 0.10963286 0.03127921 0.00647562
v 0.10963436 0.02670376 0.01281018
v 0.10963474 0.02079702 0.01791675
v 0.10963359 0.01387070 0.02152826
v 0.10962338 0.00239133 0.02374949
v 0.10962894 -0.00157175 0.02356341
v 0.10963350 -0.00914903 0.02187060
v 0.10963461 -0.01617972 0.01846662
v 0.10963421 -0.02223570 0.01353785
v 0.10963265 0.01654364 -0.04020947
v 0.10963247 0.02313654 -0.03601286
v 0.10963333 0.02858187 -0.03040744
v 0.10963497 0.03258517 -0.02369812
v 0.10963486 0.03493530 -0.01625379
v 0.10963311 0.03550956 -0.00846106
v 0.10963267 -0.02699752 0.00734206
v 0.10963224 -0.03020023 0.00021321
v 0.10963285 -0.03167011 -0.00746246
v 0.10963464 -0.03132763 -0.01526890
v 0.10963475 -0.02919984 -0.02277991
v 0.10963313 -0.02539762 -0.02960533
v 0.07045627 0.02168707 -0.05255586
v 0.07054751 0.02377288 -0.05164550
v 0.07065249 0.02702511 -0.04991167
v 0.07071122 0.02954500 -0.04832337
v 0.07071683 0.03127343 -0.04701567
v 0.07071992 0.03276922 -0.04577475
v 0.07067719 0.03473698 -0.04384803
v 0.07058647 0.03716681 -0.04114035
v 0.07051739 0.03846933 -0.03945507
v 0.07040471 0.03997613 -0.03712729
v 0.07027395 0.04146323 -0.03457185
v 0.07016598 0.04242274 -0.03257101
v 0.07003045 0.04349890 -0.02995987
v 0.06993571 0.04422675 -0.02788697
v 0.06983273 0.04499343 -0.02501966
v 0.06847588 0.00762927 0.03640323
v 0.06880655 0.00964675 0.03610635
v 0.06836987 0.00176664 0.03642844
v 0.00107300 0.02264678 -0.04381788
v -0.01583588 0.02075732 -0.03833063
v -0.02369683 0.01887451 -0.03346258
v -0.03026352 0.01788585 -0.02709513
v -0.03528933 0.01729337 -0.01954603
v -0.03860865 0.01700419 -0.01116133
v -0.04005734 0.01688186 -0.00228644
v -0.03949976 0.01677003 0.00667400
v -0.03705727 0.01683308 0.01530981
v -0.03283461 0.01708708 0.02325211
v -0.02694132 0.01739153 0.03009174
v -0.01968686 0.01791103 0.03554363
v -0.01138411 0.01884001 0.03937927
v 0.03493585 0.00883010 0.03910580
v -0.00236235 0.02064880 0.04138725
v 0.05700048 0.02387850 -0.05255510
v 0.05705056 0.02462621 -0.05226016
v 0.04284597 0.02679944 -0.05224121
v 0.04014900 0.02839456 -0.05163659
v 0.03828697 0.02925163 -0.05123773
v 0.03592240 0.02974328 -0.05087086
v 0.03153246 0.03071457 -0.04998144
v 0.01373120 0.02421020 -0.04745222
v 0.00107280 0.02421031 -0.04381802
v 0.01661394 0.03157555 -0.04663312
v 0.02743944 0.03099564 -0.04928348
v 0.02250492 0.03148960 -0.04805799
v 0.07099193 0.03362394 0.02375399
v 0.07096642 0.03499034 0.02252352
v 0.07086798 0.03681808 0.02056068
v 0.07066032 0.03943148 0.01719767
v 0.07042849 0.04147328 0.01380098
v 0.07020964 0.04317001 0.01001135
v 0.07001164 0.04460821 0.00561583
v 0.06991711 0.04534539 0.00268250
v 0.06982870 0.04589731 -0.00061096
v 0.06975837 0.04641375 -0.00461728
v 0.06968506 0.04662280 -0.00865168
v 0.06967593 0.04663186 -0.01284844
v 0.06969073 0.04648350 -0.01556014
v 0.06974504 0.04577576 -0.02126550
v 0.06971513 0.04622085 -0.01817097
v 0.05803965 0.04553552 -0.02286114
v 0.05803553 0.04580764 -0.02124417
v 0.05803543 0.04657682 -0.01469006
v 0.05804006 0.04648788 -0.01585867
v -0.00378082 0.04619233 -0.00736093
v -0.00324316 0.04639521 -0.00530425
v -0.00481566 0.04616821 -0.00694901
v -0.00365265 0.04639569 -0.00501388
v -0.00568129 0.04616816 -0.00626044
v -0.00256614 0.04658538 -0.00322316
v -0.00405774 0.04639567 -0.00469160
v -0.00447355 0.04639526 -0.00431738
v -0.00645328 0.04616815 -0.00546195
v -0.00482863 0.04639564 -0.00389424
v -0.00711096 0.04616811 -0.00457272
v -0.00331315 0.04658535 -0.00244909
v -0.00513642 0.04639562 -0.00347806
v -0.00543907 0.04639521 -0.00301177
v -0.00764914 0.04616807 -0.00360103
v -0.00567382 0.04639558 -0.00250778
v -0.00805405 0.04616803 -0.00257168
v -0.00383442 0.04658531 -0.00150793
v -0.00586335 0.04639556 -0.00202605
v -0.00603366 0.04639513 -0.00150064
v -0.00832137 0.04616796 -0.00149378
v -0.00613030 0.04639550 -0.00094959
v -0.00844582 0.04616794 -0.00039471
v -0.00409432 0.04658525 -0.00046397
v -0.00618858 0.04639548 -0.00043522
v -0.00621665 0.04639505 0.00011291
v -0.00842397 0.04616784 0.00071618
v -0.00616679 0.04639541 0.00067392
v -0.00825951 0.04616783 0.00180974
v -0.00407519 0.04658518 0.00061153
v -0.00608991 0.04639539 0.00118573
v -0.00597622 0.04639496 0.00171688
v -0.00796104 0.04616777 0.00284930
v -0.00579082 0.04639533 0.00222748
v -0.00752031 0.04616767 0.00386351
v -0.00377831 0.04658512 0.00164558
v -0.00558449 0.04639529 0.00270210
v -0.00532915 0.04639487 0.00320407
v -0.00694948 0.04616766 0.00481678
v -0.00501451 0.04639525 0.00365393
v -0.00626099 0.04616758 0.00568231
v -0.00322389 0.04658506 0.00256754
v -0.00469225 0.04639521 0.00405898
v -0.00431802 0.04639479 0.00447478
v -0.00546239 0.04616754 0.00645438
v -0.00389485 0.04639516 0.00482990
v -0.00457326 0.04616749 0.00711199
v -0.00244983 0.04658500 0.00331453
v -0.00347873 0.04639513 0.00513765
v -0.00301245 0.04639472 0.00544029
v 0.03722381 0.04389425 0.01335699
v 0.03598357 0.04435998 0.01197066
v 0.03591930 0.04491770 0.00988825
v 0.00362271 0.04413999 0.01776006
v 0.03853166 0.04131496 0.01981193
v 0.03672707 0.04226993 0.01797291
v 0.03661318 0.04306595 0.01591815
v 0.00414447 0.04302289 0.02117374
v 0.00545283 0.04111605 0.02586650
v 0.03748145 0.03971038 0.02322246
v 0.03735212 0.04053062 0.02165758
v 0.00594017 0.03965377 0.02896361
v 0.00399298 0.04044765 0.02751310
v -0.00842336 0.03950689 -0.02870917
v -0.01025930 0.03960163 -0.02785036
v -0.01054851 0.03876506 -0.02949005
v -0.00901280 0.03841874 -0.03070075
v -0.01085459 0.03831282 -0.03024323
v -0.01190783 0.02421025 -0.04008480
v 0.00148656 0.03151930 -0.04237656
v -0.00972111 0.03691578 -0.03310700
v -0.01433570 0.02384308 -0.03921306
v -0.01804293 0.02384299 -0.03767858
v -0.01347449 0.03722335 -0.03117659
v -0.01174466 0.03694254 -0.03233952
v -0.01355404 0.03155983 -0.03788558
v 0.03459075 0.04658406 -0.00109931
v 0.03452236 0.04664891 -0.00306278
v 0.03451283 0.04670962 -0.00528191
v -0.00106009 0.04665670 -0.00178539
v -0.00149459 0.04665669 -0.00144154
v -0.00181704 0.04665667 -0.00100545
v -0.00201567 0.04665664 -0.00050073
v -0.00207690 0.04665661 0.00003811
v -0.00199656 0.04665658 0.00057444
v -0.00178011 0.04665654 0.00107177
v -0.00144237 0.04665651 0.00149611
v -0.00100628 0.04665649 0.00181857
v 0.00003844 0.04665645 0.00207839
v -0.00150868 0.04658495 0.00383579
v -0.00046480 0.04658492 0.00409568
v -0.00050157 0.04665646 0.00201719
v 0.03519527 0.04642025 0.00080818
v 0.03517271 0.04653693 -0.00050336
v 0.00065479 0.04654296 0.00464710
v -0.00737854 0.04124105 -0.02513989
v -0.00614098 0.04298710 -0.02084728
v -0.00505006 0.04421573 -0.01718411
v -0.00894828 0.04115731 -0.02478545
v -0.01120930 0.04044828 -0.02544183
v -0.00809116 0.04216250 -0.02262062
v -0.00763646 0.04300762 -0.02023612
v 0.04062986 0.03303549 0.03111050
v 0.04054261 0.03411296 0.03019211
v 0.04039734 0.03496251 0.02939203
v 0.04028544 0.03624818 0.02796022
v 0.03713746 0.01812672 0.03879215
v 0.03753480 0.01961487 0.03843540
v 0.03823752 0.03675160 0.02778443
v 0.03796929 0.03811474 0.02582681
v 0.00509183 0.03722346 0.03357910
v 0.00827752 0.03372135 0.03779792
v 0.03530521 0.01665719 0.03909984
v 0.03544232 0.01718742 0.03906521
v 0.03523431 0.01107064 0.03910842
v 0.00195826 0.02421012 0.04177102
v 0.00334427 0.03723678 0.03374339
v 0.00412695 0.03202928 0.03977371
v 0.00264635 0.03878096 0.03117232
v 0.00122271 0.03721680 0.03394699
v -0.00535075 0.02392329 0.04145330
v -0.00134571 0.02392351 0.04169109
v -0.00112968 0.03157020 0.04017307
v -0.00166225 0.03719483 0.03391152
v -0.00146549 0.03876509 0.03128392
v -0.00366589 0.03722307 0.03376449
v -0.00709325 0.02421012 0.04121448
v -0.00562990 0.03161286 0.03986028
v -0.00491588 0.03724170 0.03356237
v -0.00552945 0.03878425 0.03078671
v -0.00679567 0.03724112 0.03322618
v 0.03650872 0.04516111 0.00871781
v 0.03647655 0.04531448 0.00797650
v 0.00297734 0.04491114 0.01494899
v 0.03588781 0.04574935 0.00576459
v 0.03585584 0.04611174 0.00338781
v 0.00299870 0.04550790 0.01194700
v 0.03519920 0.04624717 0.00253734
v 0.00120967 0.04636627 0.00647036
v 0.00184040 0.04605938 0.00902572
v 0.00006290 0.04639453 0.00621875
v 0.00066923 0.04636880 0.00648982
v 0.00123569 0.04601880 0.00932507
v 0.00070006 0.04619182 0.00824449
v -0.00043595 0.04639504 0.00618981
v -0.00095026 0.04639504 0.00613151
v -0.00039535 0.04616738 0.00844684
v -0.00150132 0.04639466 0.00603485
v -0.00149429 0.04616737 0.00832239
v -0.00360161 0.04616745 0.00765015
v -0.00250846 0.04639509 0.00567504
v -0.00202678 0.04639508 0.00586453
v -0.00257239 0.04616742 0.00805501
v -0.03117467 0.02421022 0.02787629
v -0.02584310 0.03724166 0.02197151
v -0.02316459 0.03878431 0.02101923
v -0.02456091 0.03724109 0.02338663
v -0.02981094 0.02387702 0.02928537
v -0.02682592 0.02387716 0.03196634
v -0.02901238 0.03161218 0.02789579
v -0.02352263 0.03722321 0.02449858
v -0.02023377 0.03876505 0.02390365
v -0.02200271 0.03720584 0.02583334
v -0.02432275 0.02421014 0.03401951
v -0.02567500 0.03158894 0.03093075
v -0.01995418 0.03722158 0.02748540
v -0.01693029 0.03877473 0.02632404
v -0.01818981 0.03722912 0.02861884
v -0.02196732 0.02383550 0.03552042
v -0.01845745 0.02383550 0.03746447
v -0.02143116 0.03161016 0.03403812
v -0.01645583 0.03722349 0.02971023
v -0.00952926 0.03876503 0.02983247
v -0.01333350 0.03877472 0.02831615
v -0.01593562 0.02421013 0.03866496
v -0.01461075 0.03722914 0.03060116
v -0.01748530 0.03161016 0.03622364
v -0.01271395 0.03722158 0.03149552
v -0.01286728 0.02387713 0.03969773
v -0.00901117 0.02387695 0.04080592
v -0.00825684 0.03161220 0.03939183
v -0.00828904 0.03722323 0.03293593
v -0.01022677 0.03720587 0.03235562
v -0.01259992 0.03158895 0.03817272
v -0.04121448 0.02421023 -0.00709324
v -0.03322676 0.03724103 -0.00679572
v -0.03078714 0.03878444 -0.00552942
v -0.03356292 0.03724161 -0.00491592
v -0.04145330 0.02392340 -0.00535076
v -0.04169109 0.02392363 -0.00134570
v -0.03986041 0.03161269 -0.00562994
v -0.03376503 0.03722298 -0.00366590
v -0.03128434 0.03876526 -0.00146543
v -0.03391206 0.03719473 -0.00166221
v -0.04176661 0.02421023 0.00209629
v -0.04017320 0.03157004 -0.00112965
v -0.03394750 0.03721672 0.00122280
v -0.03117270 0.03878112 0.00264652
v -0.03374387 0.03723670 0.00334438
v -0.04151147 0.02384296 0.00469265
v -0.04084564 0.02384301 0.00864928
v -0.04001993 0.03161102 0.00415249
v -0.03356646 0.03722335 0.00517756
v -0.03059429 0.03876533 0.00670012
v -0.04019665 0.02421017 0.01154053
v -0.03310269 0.03721784 0.00738348
v -0.03927873 0.03160893 0.00860181
v -0.03264459 0.03722345 0.00937242
v -0.02948887 0.03876531 0.01055019
v -0.03921305 0.02384299 0.01433572
v -0.03767858 0.02384290 0.01804293
v -0.03188952 0.03721784 0.01154811
v -0.03785958 0.03160895 0.01354477
v -0.03120069 0.03722336 0.01341732
v -0.02574198 0.03876518 0.01783799
v -0.02782870 0.03878107 0.01429320
v -0.03651755 0.02421014 0.02037921
v -0.03037855 0.03723673 0.01506544
v -0.03612765 0.03161101 0.01770961
v -0.02942566 0.03721675 0.01697189
v -0.03462763 0.02392355 0.02325693
v -0.03230146 0.02392338 0.02652588
v -0.02667757 0.03722303 0.02101911
v -0.03080297 0.03161281 0.02591752
v -0.02786513 0.03719479 0.01939863
v -0.03345547 0.03157008 0.02226861
v -0.02787629 0.02421022 -0.03117466
v -0.02197182 0.03724157 -0.02584358
v -0.02101945 0.03878450 -0.02316493
v -0.02338701 0.03724100 -0.02456133
v -0.02928539 0.02387708 -0.02981091
v -0.03196632 0.02387726 -0.02682593
v -0.02789597 0.03161194 -0.02901246
v -0.02449899 0.03722311 -0.02352303
v -0.02390395 0.03876524 -0.02023411
v -0.02583377 0.03720573 -0.02200312
v -0.03401950 0.02421022 -0.02432275
v -0.03093086 0.03158872 -0.02567511
v -0.02748589 0.03722147 -0.01995455
v -0.02632441 0.03877492 -0.01693053
v -0.02861934 0.03722902 -0.01819013
v -0.03552041 0.02383561 -0.02196733
v -0.03746446 0.02383563 -0.01845746
v -0.03403825 0.03160995 -0.02143124
v -0.02971074 0.03722339 -0.01645612
v -0.02983291 0.03876522 -0.00952936
v -0.02831656 0.03877492 -0.01333369
v -0.03866495 0.02421025 -0.01593564
v -0.03060169 0.03722904 -0.01461102
v -0.03622377 0.03160996 -0.01748539
v -0.03149608 0.03722148 -0.01271418
v -0.03969773 0.02387725 -0.01286728
v -0.04080593 0.02387707 -0.00901115
v -0.03293651 0.03722313 -0.00828916
v -0.03939198 0.03161200 -0.00825685
v -0.03235619 0.03720577 -0.01022694
v -0.03817287 0.03158876 -0.01259998
v -0.01429322 0.03878123 -0.02782911
v -0.01286088 0.04044553 -0.02460214
v -0.01783814 0.03876535 -0.02574237
v -0.02037922 0.02421023 -0.03651755
v -0.01506557 0.03723664 -0.03037905
v -0.01770965 0.03161085 -0.03612777
v -0.01697208 0.03721665 -0.02942616
v -0.02325693 0.02392363 -0.03462762
v -0.02652585 0.02392341 -0.03230148
v -0.02101939 0.03722292 -0.02667807
v -0.02591755 0.03161257 -0.03080317
v -0.01939890 0.03719468 -0.02786562
v -0.02226868 0.03156989 -0.03345559
v 0.00266215 0.04304886 0.02122313
v 0.00203978 0.04212564 0.02402664
v 0.00254768 0.04044492 0.02764338
v 0.00050031 0.04044928 0.02779684
v -0.00110602 0.04044523 0.02774127
v -0.00309508 0.04044930 0.02762852
v -0.00112739 0.04213408 0.02406837
v -0.00471211 0.04044503 0.02735845
v -0.00671394 0.04044931 0.02697848
v -0.00425893 0.04213395 0.02371355
v -0.00826161 0.04044520 0.02650492
v -0.01016731 0.04044934 0.02587550
v -0.00733124 0.04213409 0.02295172
v -0.01347019 0.04044937 0.02432017
v -0.01164866 0.04044515 0.02519993
v -0.01026400 0.04213407 0.02179794
v -0.01654080 0.04044940 0.02234546
v -0.01485148 0.04044518 0.02345555
v -0.01303279 0.04213412 0.02026441
v -0.01930777 0.04044944 0.02000320
v -0.01778768 0.04044529 0.02131585
v -0.01556668 0.04213422 0.01839040
v -0.02177863 0.04044947 0.01728038
v -0.02042526 0.04044518 0.01880165
v -0.01784228 0.04213417 0.01619024
v -0.02270927 0.04044543 0.01597175
v -0.02382870 0.04044950 0.01432184
v -0.01980438 0.04213440 0.01372384
v -0.02552118 0.04044955 0.01102690
v -0.02460183 0.04044517 0.01286100
v -0.02143076 0.04213423 0.01100741
v -0.02672192 0.04044959 0.00767220
v -0.02607634 0.04044559 0.00953277
v -0.02268703 0.04213457 0.00811699
v -0.02748375 0.04044962 0.00419151
v -0.02707980 0.04044563 0.00612659
v -0.02353749 0.04213463 0.00515498
v -0.02779707 0.04044966 0.00050050
v -0.02764358 0.04044530 0.00254795
v -0.02400595 0.04213442 0.00203838
v -0.02762878 0.04044970 -0.00309499
v -0.02774151 0.04044563 -0.00110588
v -0.02406839 0.04213470 -0.00112717
v -0.02697875 0.04044975 -0.00671387
v -0.02735871 0.04044545 -0.00471202
v -0.02371360 0.04213459 -0.00425877
v -0.02650518 0.04044564 -0.00826160
v -0.02587576 0.04044978 -0.01016738
v -0.02295177 0.04213476 -0.00733109
v -0.02432039 0.04044981 -0.01347033
v -0.02520018 0.04044559 -0.01164878
v -0.02179796 0.04213475 -0.01026401
v -0.02234565 0.04044983 -0.01654100
v -0.02345576 0.04044562 -0.01485163
v -0.02026442 0.04213480 -0.01303282
v -0.02000329 0.04044985 -0.01930808
v -0.02131601 0.04044571 -0.01778792
v -0.01839036 0.04213490 -0.01556676
v -0.01728041 0.04044988 -0.02177890
v -0.01880169 0.04044559 -0.02042555
v -0.01619007 0.04213481 -0.01784248
v -0.00900007 0.04304978 -0.01940243
v -0.01101607 0.04212705 -0.02144835
v -0.01597175 0.04044582 -0.02270955
v -0.01432178 0.04044988 -0.02382899
v -0.01372366 0.04213500 -0.01980452
v 0.00260071 0.04409565 0.01799060
v 0.00138878 0.04462890 0.01635691
v 0.00193985 0.04494658 0.01486952
v 0.00126937 0.04534606 0.01285734
v 0.00010739 0.04544295 0.01233130
v -0.00036268 0.04544260 0.01231138
v 0.00034137 0.04341385 0.02025583
v -0.00137257 0.04544348 0.01225472
v -0.00196070 0.04544258 0.01215884
v -0.00074195 0.04341161 0.02021857
v -0.00225524 0.04341389 0.02013276
v -0.00076475 0.04464754 0.01632833
v -0.00297758 0.04544352 0.01196641
v -0.00354140 0.04544265 0.01179627
v -0.00336897 0.04341153 0.01994826
v -0.00489223 0.04341393 0.01965909
v -0.00288912 0.04464749 0.01608765
v -0.00504891 0.04544267 0.01123364
v -0.00450930 0.04544355 0.01147721
v -0.00595870 0.04341164 0.01933429
v -0.00740865 0.04341397 0.01885538
v -0.00497339 0.04464758 0.01557080
v -0.00647784 0.04544272 0.01047484
v -0.00597422 0.04544360 0.01078737
v -0.00842944 0.04341165 0.01839147
v -0.00981542 0.04341401 0.01772203
v -0.00696295 0.04464760 0.01478811
v -0.00779113 0.04544279 0.00953874
v -0.00733611 0.04544365 0.00991154
v -0.01076752 0.04341170 0.01712779
v -0.01205290 0.04341407 0.01628310
v -0.00884133 0.04464766 0.01374774
v -0.00897132 0.04544282 0.00843742
v -0.00856335 0.04544371 0.00887268
v -0.01291264 0.04341179 0.01557507
v -0.01406918 0.04341413 0.01457633
v -0.01056028 0.04464775 0.01247642
v -0.00999975 0.04544293 0.00719007
v -0.00965923 0.04544377 0.00766504
v -0.01483980 0.04341178 0.01374991
v -0.01586963 0.04341420 0.01259226
v -0.01210408 0.04464776 0.01098383
v -0.01085159 0.04544293 0.00582298
v -0.01056852 0.04544383 0.00635280
v -0.01651186 0.04341197 0.01169165
v -0.01736348 0.04341426 0.01043640
v -0.01343515 0.04464791 0.00931060
v -0.01152334 0.04544308 0.00434828
v -0.01131916 0.04544390 0.00489145
v -0.01789719 0.04341187 0.00943119
v -0.01859675 0.04341433 0.00803546
v -0.01453851 0.04464788 0.00746779
v -0.01198402 0.04544315 0.00284184
v -0.01185174 0.04544397 0.00340353
v -0.01898054 0.04341215 0.00700666
v -0.01947175 0.04341440 0.00559094
v -0.01539069 0.04464809 0.00550700
v -0.01225003 0.04544314 0.00126280
v -0.01218962 0.04544404 0.00185976
v -0.01971958 0.04341222 0.00452676
v -0.02002689 0.04341447 0.00305459
v -0.01596767 0.04464817 0.00349752
v -0.01231061 0.04544327 -0.00036211
v -0.01232859 0.04544411 0.00022268
v -0.02013842 0.04341208 0.00192309
v -0.02025517 0.04341455 0.00036507
v -0.01628551 0.04464811 0.00138320
v -0.01215805 0.04544328 -0.00196027
v -0.01225394 0.04544417 -0.00137208
v -0.02021834 0.04341232 -0.00074159
v -0.02013256 0.04341461 -0.00225497
v -0.01632783 0.04464830 -0.00076425
v -0.01179554 0.04544338 -0.00354083
v -0.01196565 0.04544423 -0.00297706
v -0.01994805 0.04341226 -0.00336873
v -0.01965889 0.04341468 -0.00489197
v -0.01608716 0.04464829 -0.00288878
v -0.01123286 0.04544342 -0.00504849
v -0.01147645 0.04544429 -0.00450882
v -0.01933410 0.04341240 -0.00595844
v -0.01885516 0.04341474 -0.00740847
v -0.01557034 0.04464841 -0.00497300
v -0.01047405 0.04544346 -0.00647742
v -0.01078658 0.04544434 -0.00597382
v -0.01839123 0.04341242 -0.00842932
v -0.01772180 0.04341479 -0.00981531
v -0.01478760 0.04464845 -0.00696269
v -0.00953788 0.04544352 -0.00779080
v -0.00991071 0.04544439 -0.00733575
v -0.01712756 0.04341247 -0.01076741
v -0.01628282 0.04341484 -0.01205285
v -0.01374724 0.04464850 -0.00884107
v -0.00843659 0.04544353 -0.00897094
v -0.00887185 0.04544442 -0.00856296
v -0.01557477 0.04341255 -0.01291259
v -0.01457600 0.04341488 -0.01406915
v -0.01247586 0.04464857 -0.01056010
v -0.00718920 0.04544360 -0.00999939
v -0.00766415 0.04544446 -0.00965890
v -0.01374952 0.04341251 -0.01483981
v -0.01259187 0.04341491 -0.01586964
v -0.01098323 0.04464856 -0.01210391
v -0.00644858 0.04544398 -0.01050991
v -0.00733892 0.04409550 -0.01663252
v -0.01169128 0.04341266 -0.01651184
v -0.01045481 0.04341492 -0.01735216
v -0.00931001 0.04464867 -0.01343496
v -0.00551850 0.04463001 -0.01545909
v -0.00622316 0.04416468 -0.01694705
v -0.00749914 0.04463033 -0.01460079
v -0.00437935 0.04484760 -0.01492130
v -0.00624039 0.04494794 -0.01363088
v -0.00535328 0.04489169 -0.01437378
v -0.00311169 0.04607051 -0.00859924
v -0.00389892 0.04601870 -0.00856329
v -0.00574121 0.04534676 -0.01157335
v -0.00367136 0.04551166 -0.01175450
v -0.00235373 0.04636584 -0.00615869
v -0.00287266 0.04636936 -0.00585535
v -0.00184805 0.04654800 -0.00425118
v 0.01562276 0.03670556 -0.04076908
v 0.00347160 0.03780106 -0.03542740
v 0.00299579 0.03673296 -0.03709784
v 0.00490490 0.04050993 -0.03046477
v 0.00883935 0.04531349 -0.01668417
v 0.00952838 0.04578614 -0.01429609
v 0.00795570 0.04455513 -0.01977272
v 0.00751681 0.04410430 -0.02131185
v 0.00822498 0.04478502 -0.01887398
v 0.02111651 0.04502143 -0.02154598
v 0.00622842 0.04255372 -0.02579473
v 0.00681243 0.04330551 -0.02373159
v 0.01015529 0.04632590 -0.01053705
v 0.01083945 0.04655083 -0.00817163
v 0.01032909 0.04620057 -0.01156342
v 0.01105168 0.04650464 -0.00896973
v 0.02264889 0.04604057 -0.01623866
v 0.04711360 0.04674122 -0.00900775
v 0.01159119 0.04668262 -0.00553358
v 0.01256695 0.04674561 -0.00368556
v 0.02436248 0.04663882 -0.01025155
v 0.05698432 0.04360992 -0.03041240
v 0.05690282 0.04392653 -0.02940843
v 0.04124031 0.04336172 -0.03159226
v 0.05716817 0.04101098 -0.03670782
v 0.05710993 0.04143631 -0.03587375
v 0.05698188 0.04209469 -0.03441162
v 0.04464489 0.04219284 -0.03481005
v 0.03766992 0.03244627 -0.04917759
v 0.03558108 0.03317561 -0.04856984
v 0.03312437 0.03403061 -0.04759164
v 0.01865364 0.03690183 -0.04129254
v 0.02105432 0.03684262 -0.04201974
v 0.00714610 0.03935403 -0.03349524
v 0.00673240 0.03860208 -0.03490651
v 0.00651548 0.03817306 -0.03564937
v 0.01900042 0.03785403 -0.03981177
v 0.01991879 0.03962812 -0.03658062
v 0.02621010 0.04518970 -0.02226421
v 0.02561018 0.04465533 -0.02445915
v 0.03435197 0.04420834 -0.02800332
v 0.02940713 0.03439222 -0.04692924
v 0.02781161 0.03464302 -0.04644139
v 0.02449992 0.03613499 -0.04390663
v 0.02776887 0.03574213 -0.04507774
v 0.02922284 0.03568178 -0.04536521
v 0.02453761 0.03697979 -0.04262593
v 0.02562674 0.03839215 -0.04062933
v 0.02918657 0.03761544 -0.04269051
v 0.01082052 0.04080661 -0.03151541
v 0.01141279 0.04173303 -0.02946160
v 0.02351225 0.04092130 -0.03492942
v 0.02431923 0.04212325 -0.03215245
v 0.02581351 0.03974564 -0.03801704
v 0.02945652 0.03990843 -0.03863212
v 0.01234566 0.04354424 -0.02461101
v 0.02532824 0.04391408 -0.02711375
v 0.02455443 0.04305307 -0.02969842
v 0.03398486 0.04339102 -0.03089458
v 0.03064841 0.04411956 -0.02775923
v 0.03003801 0.04231809 -0.03322727
v 0.05694664 0.02544386 -0.05191089
v 0.05703408 0.02701397 -0.05116822
v 0.05710105 0.02880241 -0.05013041
v 0.04426012 0.02753253 -0.05187792
v 0.04314981 0.02872894 -0.05139689
v 0.05726086 0.03007513 -0.04935339
v 0.05730163 0.03117977 -0.04857906
v 0.04322466 0.03031402 -0.05047705
v 0.04176468 0.03121553 -0.04999279
v 0.04127042 0.03196591 -0.04947078
v 0.04050189 0.03294387 -0.04869609
v 0.04433710 0.03016036 -0.05049068
v 0.06376826 0.04450288 -0.02721631
v 0.05164597 0.04392647 -0.02949237
v 0.02484858 0.04559744 -0.01997659
v 0.02568054 0.04604271 -0.01708063
v 0.02937680 0.04522692 -0.02298109
v 0.03271261 0.04520915 -0.02372715
v 0.03114104 0.04561260 -0.02139363
v 0.05700307 0.04468637 -0.02661066
v 0.05698291 0.04513902 -0.02473853
v 0.04605827 0.04517673 -0.02457023
v 0.04134179 0.04418461 -0.02859303
v 0.04485037 0.04406884 -0.02904476
v 0.03803869 0.04483168 -0.02571834
v 0.05178823 0.04458174 -0.02707545
v 0.03961437 0.04514238 -0.02449942
v 0.05488218 0.04583315 -0.02107232
v 0.04399277 0.04554625 -0.02279288
v 0.03760142 0.04556306 -0.02249460
v 0.04283060 0.04515857 -0.02463486
v 0.05740500 0.03426412 -0.04596262
v 0.05739489 0.03546953 -0.04472476
v 0.04052202 0.03423789 -0.04757041
v 0.04435178 0.03346278 -0.04813008
v 0.03316595 0.03503099 -0.04654808
v 0.03669750 0.03491236 -0.04691588
v 0.03279388 0.03549424 -0.04598873
v 0.03286678 0.03650035 -0.04474717
v 0.04056380 0.03561414 -0.04615910
v 0.05733670 0.03774865 -0.04201236
v 0.05726865 0.03827479 -0.04128669
v 0.04445347 0.03628197 -0.04530221
v 0.04061920 0.03682418 -0.04473064
v 0.03293021 0.03747679 -0.04341359
v 0.03299700 0.03841857 -0.04198417
v 0.03676029 0.03728471 -0.04409433
v 0.04066786 0.03791389 -0.04325621
v 0.05727971 0.03919730 -0.03988162
v 0.05717839 0.04026720 -0.03812490
v 0.04456304 0.04025381 -0.03931067
v 0.04451954 0.03850395 -0.04232158
v 0.04073162 0.03886903 -0.04178791
v 0.04086258 0.04049891 -0.03882944
v 0.03305133 0.03931394 -0.04044343
v 0.03322872 0.04057527 -0.03799023
v 0.03689486 0.03917302 -0.04121467
v 0.04079116 0.03973480 -0.04030699
v 0.03740629 0.04245928 -0.03399129
v 0.04109196 0.04234851 -0.03440127
v 0.04095064 0.04127425 -0.03718728
v 0.03344478 0.04135654 -0.03634778
v 0.03372415 0.04239608 -0.03363859
v 0.03706184 0.04070119 -0.03832523
v 0.06080359 0.03180998 -0.04770935
v 0.06080816 0.03279362 -0.04692040
v 0.06079718 0.03351324 -0.04628596
v 0.04810292 0.03282270 -0.04829050
v 0.04820911 0.03404692 -0.04723902
v 0.06081984 0.03619300 -0.04353906
v 0.06076541 0.03718071 -0.04232692
v 0.04825929 0.03567179 -0.04560099
v 0.04830564 0.03671366 -0.04438501
v 0.06070021 0.03874106 -0.04021796
v 0.04825613 0.03812670 -0.04250696
v 0.04832446 0.03881286 -0.04145314
v 0.06043357 0.04297020 -0.03198548
v 0.06041720 0.04337516 -0.03089059
v 0.04828636 0.04294847 -0.03267175
v 0.04815376 0.04204254 -0.03504287
v 0.05507708 0.04641726 -0.01670979
v 0.05506334 0.04623299 -0.01828011
v 0.04417055 0.04649559 -0.01578531
v 0.03781971 0.04601018 -0.01945239
v 0.04098207 0.04599636 -0.01971835
v 0.04120252 0.04652342 -0.01532221
v 0.03476325 0.04602550 -0.01917151
v 0.03821302 0.04642707 -0.01649647
v 0.05249129 0.04672873 -0.01079201
v 0.05248315 0.04667677 -0.01223695
v 0.04156836 0.04665603 -0.01258112
v 0.03562679 0.04661921 -0.01296595
v 0.02636549 0.04647628 -0.01404128
v 0.02722204 0.04663982 -0.01103811
v 0.02860918 0.04604476 -0.01787801
v 0.03175320 0.04603529 -0.01854945
v 0.03223354 0.04646719 -0.01545697
v 0.04978344 0.04674337 -0.00994605
v 0.02784853 0.04677417 -0.00819093
v 0.03288553 0.04662987 -0.01239718
v 0.03328756 0.04676059 -0.00964713
v 0.02994705 0.04664078 -0.01177779
v 0.04731982 0.01802097 -0.05480374
v 0.04584424 0.01835376 -0.05467916
v 0.04414971 0.01852501 -0.05452591
v 0.04353771 0.01841766 -0.05449534
v 0.04150998 0.01843801 -0.05425778
v 0.03891178 0.01826517 -0.05389644
v 0.03377049 0.01756776 -0.05292989
v 0.03710213 0.01786317 -0.05362398
v 0.03093777 0.01652758 -0.05224650
v 0.03351848 0.01702569 -0.05291212
v 0.04983258 0.00833484 -0.05728683
v 0.05903574 0.00869303 -0.05732126
v 0.05904759 0.00774151 -0.05740972
v 0.05561788 0.01854152 -0.05464825
v 0.05904794 0.00983230 -0.05713191
v 0.06819643 0.00877844 -0.05723983
v 0.06945510 0.01632753 -0.05466062
v 0.05597760 0.01909540 -0.05443799
v 0.06844480 0.01133876 -0.05661564
v 0.06811290 0.00176671 -0.05736597
v 0.03081992 0.00955174 -0.05221451
v 0.01811530 0.00937360 -0.04856459
v 0.03086474 0.01111526 -0.05222729
v 0.04955095 0.00178884 -0.05731986
v 0.05904951 0.00181113 -0.05742799
v 0.05904811 -0.00377607 -0.05742534
v 0.01780622 0.00854932 -0.04842520
v 0.05904469 -0.00507741 -0.05733058
v 0.04945421 -0.00395493 -0.05729682
v 0.01727071 0.00702055 -0.04800200
v 0.01387586 0.00606457 -0.04634589
v 0.04916276 -0.00583050 -0.05703853
v 0.01358646 0.00506494 -0.04585412
v 0.04872408 -0.00868691 -0.05607411
v 0.06822570 -0.00606346 -0.05709225
v 0.05907853 -0.00629131 -0.05711453
v 0.05903698 -0.00803684 -0.05661827
v 0.05896420 -0.00989713 -0.05575132
v 0.06959406 -0.02686882 0.02424431
v 0.06979531 -0.03665767 -0.03384645
v 0.05993470 -0.01548228 -0.05247984
v 0.06860726 -0.01532279 -0.05257717
v 0.06950120 -0.01489513 -0.05272476
v 0.07047898 -0.02029967 -0.04955739
v 0.06981127 -0.02165970 -0.04882800
v 0.06981745 -0.02324112 -0.04782531
v 0.06980224 -0.03216875 -0.03996468
v 0.06981098 -0.03062251 -0.04164751
v 0.06981795 -0.02511472 -0.04648421
v 0.06977387 -0.02808688 -0.04404093
v 0.06977468 -0.03509325 -0.03616880
v 0.06978279 -0.03332065 -0.03859828
v 0.06978268 -0.03777711 -0.03185375
v 0.06973793 -0.03903473 -0.02940047
v 0.06975389 -0.04294142 -0.01553556
v 0.06973862 -0.04253959 -0.01806070
v 0.06975756 -0.04153125 -0.02253376
v 0.06976015 -0.03993793 -0.02730084
v 0.06978045 -0.04066173 -0.02541299
v 0.06971432 -0.04317155 -0.00843493
v 0.06973678 -0.04311079 -0.01325661
v 0.06968606 -0.04323067 -0.01054145
v 0.06972446 -0.04301772 -0.00613538
v 0.06970127 -0.04256510 -0.00298104
v 0.06968050 -0.04006404 0.00610108
v 0.06969535 -0.04157783 0.00147738
v 0.06969566 -0.04072544 0.00434194
v 0.06962662 -0.03916405 0.00822333
v 0.06967296 -0.03781416 0.01088958
v 0.06965156 -0.03207628 0.01916920
v 0.06962254 -0.03343901 0.01756024
v 0.06966608 -0.03670101 0.01288619
v 0.06964597 -0.03519043 0.01513849
v 0.06961522 -0.02857921 0.02272713
v 0.06964036 -0.03052043 0.02087004
v 0.06962422 -0.02517637 0.02554529
v 0.06961916 -0.02332214 0.02688137
v 0.06960594 -0.02218489 0.02761978
v 0.06815621 -0.00507554 0.03635812
v 0.03445762 0.00751353 0.03897339
v 0.02230727 0.00580095 0.03833124
v 0.02605461 0.00655437 0.03875916
v 0.05900578 -0.00702246 0.03603626
v 0.02178133 0.00472255 0.03788578
v 0.05896029 -0.00818472 0.03564509
v 0.05065744 -0.00783812 0.03574348
v 0.02126567 0.00373769 0.03734178
v 0.05992897 -0.01578214 0.03139537
v 0.05020998 -0.00970182 0.03489455
v 0.06863570 -0.01569597 0.03145249
v 0.06792980 -0.00812235 0.03564456
v 0.05899373 -0.00926269 0.03518051
v 0.05897357 -0.01008536 0.03473905
v 0.01199674 -0.00320469 -0.04071334
v 0.00892216 -0.00401470 -0.03793587
v 0.04839546 -0.01641947 -0.05174125
v 0.05900745 -0.02205320 -0.04860125
v 0.05904640 -0.02396428 -0.04737906
v 0.05903285 -0.02304950 -0.04799164
v 0.05899597 -0.02547784 -0.04624680
v 0.01244322 0.00088824 -0.04323885
v 0.04556575 -0.01249151 -0.05300644
v 0.04459925 -0.01924796 -0.04901969
v 0.00385385 -0.01330448 0.00648864
v 0.00539189 -0.01317473 0.01058344
v 0.00761266 -0.01301001 0.01417776
v 0.00396479 -0.01382889 -0.01475322
v 0.00303433 -0.01396841 -0.01069136
v 0.00289956 -0.01407628 -0.00636760
v 0.00571894 -0.01256886 -0.02302674
v 0.00400175 -0.01287312 -0.01908685
v 0.04347724 -0.04065312 -0.01969329
v 0.00860293 -0.00740521 -0.03469335
v 0.04409478 -0.02683321 -0.04350528
v 0.01578067 -0.00433632 0.03122203
v 0.01974983 -0.00349012 0.03296300
v 0.05899128 -0.02541508 0.02538526
v 0.05893488 -0.02602829 0.02488290
v 0.05902517 -0.02398172 0.02645569
v 0.05901626 -0.02318237 0.02699489
v 0.05899083 -0.02245131 0.02745411
v 0.04912272 -0.01650946 0.03086997
v 0.01143317 -0.00839237 0.02529092
v 0.01504513 -0.00775664 0.02796827
v 0.05894618 -0.02893078 0.02237463
v 0.05902782 -0.03120778 0.02018447
v 0.05899842 -0.03227566 0.01896703
v 0.05894187 -0.03288324 0.01820725
v 0.05900369 -0.03028193 0.02113539
v 0.04736933 -0.02747835 0.02333292
v 0.00793375 -0.01131885 0.01822712
v 0.01094006 -0.01092953 0.02156555
v 0.05897594 -0.03801672 0.01054621
v 0.05902932 -0.03703849 0.01236415
v 0.05896060 -0.03524115 0.01506311
v 0.05901753 -0.03652798 0.01320152
v 0.04440707 -0.03812598 0.00777087
v 0.04664549 -0.03389892 0.01626307
v 0.05897390 -0.04167261 0.00119854
v 0.05896642 -0.04012790 0.00593624
v 0.05902066 -0.04065252 0.00461609
v 0.05903158 -0.04103270 0.00351317
v 0.05892335 -0.03965736 0.00697506
v 0.04537129 -0.04037332 0.00357935
v 0.04724553 -0.03887238 0.00811318
v 0.00297299 -0.01411299 -0.00208038
v 0.00369671 -0.01410498 0.00229175
v 0.05902206 -0.04308601 -0.00659024
v 0.05896496 -0.04315884 -0.00819499
v 0.05903095 -0.04294844 -0.00520193
v 0.05897118 -0.04255531 -0.00284756
v 0.04395706 -0.04089334 -0.00117439
v 0.04381319 -0.04182191 -0.01046000
v 0.04712289 -0.04187563 -0.00095944
v 0.05903742 -0.04302250 -0.01503988
v 0.05903071 -0.04292588 -0.01588018
v 0.05897384 -0.04254062 -0.01813174
v 0.05892651 -0.04316155 -0.01200725
v 0.05898324 -0.04315469 -0.01289859
v 0.04512364 -0.04231218 -0.01519358
v 0.04716248 -0.04290482 -0.01045903
v 0.05896994 -0.04004203 -0.02704608
v 0.05898280 -0.04165637 -0.02218014
v 0.05904107 -0.04099861 -0.02452904
v 0.05902544 -0.04060654 -0.02565076
v 0.04482982 -0.04125860 -0.01982484
v 0.04443788 -0.04004107 -0.02437122
v 0.04695246 -0.04184502 -0.01995202
v 0.00829619 -0.01023134 -0.03071755
v 0.00586794 -0.01070439 -0.02725269
v 0.05904245 -0.03702913 -0.03329149
v 0.05902884 -0.03648428 -0.03418158
v 0.05897363 -0.03518873 -0.03604302
v 0.05899367 -0.03797370 -0.03154430
v 0.05893739 -0.03844849 -0.03053550
v 0.04332410 -0.03763863 -0.02846787
v 0.04410122 -0.03321725 -0.03667079
v 0.04656455 -0.03875304 -0.02897681
v 0.05901539 -0.03223106 -0.03993202
v 0.05904455 -0.03135092 -0.04094042
v 0.05901680 -0.03019966 -0.04212656
v 0.05896400 -0.02854341 -0.04360780
v 0.05896202 -0.03282866 -0.03918884
v 0.04688940 -0.02742272 -0.04418672
v 0.04509032 -0.03065321 -0.04065785
v 0.04720546 -0.03398062 -0.03724260
v 0.04635739 -0.01281060 -0.05316675
v 0.04545345 -0.01939741 -0.04929429
v 0.04502263 -0.01612717 -0.05090272
v 0.08493034 -0.00750543 -0.05318922
v 0.08471476 -0.01044565 -0.05230648
v 0.10360073 -0.01007995 -0.04784070
v 0.08438587 -0.01310607 -0.05118582
v 0.08519346 -0.01912923 -0.04771525
v 0.08518723 -0.01870293 -0.04795743
v 0.10346375 -0.01443149 -0.04626070
v 0.08519468 -0.02076467 -0.04673912
v 0.08517713 -0.02263943 -0.04554206
v 0.08518350 -0.02172950 -0.04615029
v 0.08518373 -0.02387546 -0.04462478
v 0.10331183 -0.01858039 -0.04418684
v 0.08516739 -0.02739869 -0.04170740
v 0.08517163 -0.02562454 -0.04327501
v 0.10330809 -0.02242165 -0.04158009
v 0.08516080 -0.03075574 -0.03823582
v 0.08515648 -0.02990511 -0.03921036
v 0.08517097 -0.02894981 -0.04020116
v 0.10330456 -0.02593453 -0.03854468
v 0.08513740 -0.03391859 -0.03407161
v 0.08516520 -0.03197924 -0.03673436
v 0.08514330 -0.03257363 -0.03598880
v 0.10329841 -0.02907232 -0.03512274
v 0.08512527 -0.03543824 -0.03165732
v 0.08514463 -0.03503154 -0.03232548
v 0.08512366 -0.03633858 -0.02999770
v 0.10329134 -0.03179225 -0.03135961
v 0.08512698 -0.03724003 -0.02813955
v 0.08510945 -0.03770454 -0.02713807
v 0.08511126 -0.03855492 -0.02494690
v 0.08510427 -0.03828208 -0.02571407
v 0.10328335 -0.03405755 -0.02730595
v 0.08507765 -0.03988426 -0.02067032
v 0.08508963 -0.03924083 -0.02296356
v 0.10327401 -0.03583771 -0.02301656
v 0.08506409 -0.04084697 -0.01554962
v 0.08505361 -0.04077510 -0.01615315
v 0.08506792 -0.04038530 -0.01841786
v 0.10326442 -0.03710813 -0.01854900
v 0.08504726 -0.04105018 -0.01355682
v 0.08503813 -0.04118435 -0.01051517
v 0.08503166 -0.04117830 -0.01149164
v 0.10325371 -0.03785195 -0.01396359
v 0.08500893 -0.04108728 -0.00702358
v 0.08502797 -0.04115537 -0.00853553
v 0.08500872 -0.04097647 -0.00585422
v 0.10324253 -0.03805864 -0.00932231
v 0.08499337 -0.04070067 -0.00374969
v 0.08497828 -0.04030081 -0.00141471
v 0.10323021 -0.03772562 -0.00468768
v 0.08496818 -0.03974579 0.00082298
v 0.08495644 -0.03880633 0.00396551
v 0.08495380 -0.03915781 0.00294177
v 0.10321636 -0.03685738 -0.00012216
v 0.08493504 -0.03765312 0.00694667
v 0.08495346 -0.03811355 0.00578805
v 0.08492687 -0.03705456 0.00825911
v 0.10320654 -0.03546287 0.00431176
v 0.08492075 -0.03608974 0.01012066
v 0.08490511 -0.03525469 0.01166394
v 0.08489815 -0.03477880 0.01244897
v 0.10319303 -0.03356444 0.00855508
v 0.08487551 -0.03169328 0.01680687
v 0.08487768 -0.03240785 0.01590286
v 0.08488955 -0.03362536 0.01415562
v 0.10317832 -0.03118625 0.01255037
v 0.08486010 -0.02949168 0.01933938
v 0.08487476 -0.03039991 0.01830627
v 0.08484953 -0.02857591 0.02028214
v 0.10317030 -0.02835737 0.01624102
v 0.08482437 -0.02512851 0.02337466
v 0.08483768 -0.02586290 0.02276695
v 0.08484850 -0.02706230 0.02167527
v 0.08482650 -0.02386410 0.02432267
v 0.10315694 -0.02512054 0.01958058
v 0.08482228 -0.02223886 0.02549444
v 0.08480695 -0.02152422 0.02597641
v 0.08480463 -0.02069652 0.02649414
v 0.08385498 -0.01476819 0.02996949
v 0.10315007 -0.02151550 0.02251966
v 0.08408076 -0.01263103 0.03110568
v 0.10314924 -0.01759187 0.02501801
v 0.08444063 -0.00930772 0.03238585
v 0.08435317 -0.01008448 0.03213205
v 0.10333950 -0.01336847 0.02695650
v 0.08454377 -0.00667784 0.03309623
v 0.10345192 -0.00896892 0.02842318
v 0.08450546 -0.00321608 0.03363237
v 0.08456188 -0.00402359 0.03353670
v 0.10348787 -0.00444158 0.02940617
v 0.08442078 0.00494490 0.03375244
v 0.08448485 0.00542081 0.03372330
v 0.08443344 -0.00087753 0.03374979
v 0.10344818 0.00016538 0.02989613
v 0.08453280 0.00799999 0.03350772
v 0.10346275 0.00479842 0.02981970
v 0.08454319 0.01037167 0.03307150
v 0.08450502 0.01117757 0.03290151
v 0.10347724 0.00939038 0.02920605
v 0.08442578 0.01349917 0.03220233
v 0.05324643 0.02327194 0.03447816
v 0.10341835 0.01389068 0.02810006
v 0.05332108 0.02601545 0.03322806
v 0.10345462 0.01821528 0.02643276
v 0.05517463 0.02904319 0.03097023
v 0.05332963 0.02847731 0.03176789
v 0.10347338 0.02231973 0.02428345
v 0.08551725 0.03068714 0.02287781
v 0.08555678 0.03174940 0.02194372
v 0.08558516 0.03223816 0.02146841
v 0.05516131 0.03064348 0.02974631
v 0.10345852 0.02615664 0.02168671
v 0.08558030 0.03379962 0.01993827
v 0.08558511 0.03515143 0.01840160
v 0.10348784 0.02965076 0.01864496
v 0.08556768 0.03670112 0.01648485
v 0.08553466 0.03785870 0.01478384
v 0.10349374 0.03277639 0.01522718
v 0.08548412 0.03913258 0.01277703
v 0.08542220 0.04003119 0.01107537
v 0.10346664 0.03549848 0.01147918
v 0.08534382 0.04105463 0.00896681
v 0.08525625 0.04190385 0.00681311
v 0.10341314 0.03778005 0.00744501
v 0.08517255 0.04267075 0.00462337
v 0.08508029 0.04332084 0.00226310
v 0.10333598 0.03959012 0.00317404
v 0.08504709 0.04377067 0.00026359
v 0.08498472 0.04397011 -0.00068443
v 0.08493601 0.04438798 -0.00340062
v 0.10325334 0.04089533 -0.00128208
v 0.08492306 0.04460220 -0.00545551
v 0.08489428 0.04474235 -0.00705025
v 0.08489597 0.04482081 -0.00981285
v 0.10319383 0.04166315 -0.00586568
v 0.08491266 0.04478979 -0.01189308
v 0.08492082 0.04472652 -0.01355348
v 0.08495857 0.04461206 -0.01496560
v 0.08499937 0.04442930 -0.01648679
v 0.10318622 0.04186817 -0.01051036
v 0.08518826 0.04332200 -0.02245335
v 0.08510830 0.04382323 -0.02039866
v 0.08502835 0.04416460 -0.01845212
v 0.10322994 0.04150758 -0.01514463
v 0.08540498 0.04193884 -0.02691387
v 0.08534234 0.04242907 -0.02560487
v 0.08524885 0.04279645 -0.02447720
v 0.10331497 0.04059160 -0.01969809
v 0.08560434 0.04006236 -0.03119407
v 0.08554464 0.04049808 -0.03035861
v 0.08545585 0.04118138 -0.02886573
v 0.10341197 0.03914813 -0.02410724
v 0.08572423 0.03791896 -0.03493549
v 0.08564450 0.03906344 -0.03308110
v 0.10349873 0.03720870 -0.02831572
v 0.08585956 0.03520073 -0.03864003
v 0.08580756 0.03619822 -0.03740375
v 0.08577817 0.03672296 -0.03668257
v 0.10357042 0.03480239 -0.03227015
v 0.08592498 0.03221149 -0.04188320
v 0.08589147 0.03370898 -0.04035097
v 0.10362260 0.03196352 -0.03592142
v 0.08595529 0.02885444 -0.04479410
v 0.08594743 0.03002194 -0.04386558
v 0.08595237 0.03063352 -0.04332667
v 0.10365222 0.02873031 -0.03922494
v 0.08590907 0.02451303 -0.04768624
v 0.08593133 0.02628097 -0.04663250
v 0.08595990 0.02719287 -0.04599568
v 0.10365682 0.02514482 -0.04214061
v 0.08582395 0.02094852 -0.04953703
v 0.08587362 0.02250917 -0.04880263
v 0.10363321 0.02125279 -0.04463354
v 0.08575141 0.01827604 -0.05063776
v 0.08579519 0.01904485 -0.05033244
v 0.08483124 0.01283136 -0.05272299
v 0.08478553 0.01325718 -0.05259678
v 0.10358961 0.01710041 -0.04666828
v 0.08492242 0.01033420 -0.05339182
v 0.10361224 0.01272765 -0.04817377
v 0.08490475 0.00691841 -0.05392225
v 0.08495505 0.00773540 -0.05382073
v 0.10365598 0.00820912 -0.04914977
v 0.08483722 0.00453348 -0.05404495
v 0.08485844 -0.00148478 -0.05403549
v 0.10362396 0.00361236 -0.04963534
v 0.08493858 -0.00420385 -0.05381213
v 0.08498735 -0.00508260 -0.05366122
v 0.10365753 -0.00559044 -0.04894380
v 0.10364209 -0.00100965 -0.04955682
v 0.11197560 -0.00073550 0.01047730
v 0.11200001 0.00969053 0.00651832
v 0.11200001 0.00756741 0.00841407
v 0.11197483 0.01559016 0.00543017
v 0.11197560 0.00511630 0.01039028
v 0.11197514 0.01070950 0.00866457
v 0.11197538 0.02245026 -0.01022177
v 0.11197548 0.01935010 0.00094282
v 0.11200000 0.02092105 -0.00746774
v 0.11197565 0.02169938 -0.00441748
v 0.11197563 0.01511988 -0.02565330
v 0.11200001 0.01857549 -0.00776947
v 0.11197464 0.02154225 -0.01600588
v 0.11200000 0.02007859 -0.01018653
v 0.11197528 0.01902223 -0.02129106
v 0.11200001 -0.00092308 -0.00946925
v 0.11200001 0.00658228 -0.01303258
v 0.11200001 0.00638763 -0.02612836
v 0.11200001 0.00796187 -0.02375703
v 0.11197498 -0.00134193 -0.03023195
v 0.11197554 0.01015083 -0.02874507
v 0.11200000 0.01202167 -0.02621213
v 0.11200000 0.00160271 -0.02910392
v 0.11197498 0.00451250 -0.03031889
v 0.11200001 -0.00872573 -0.02590373
v 0.11197524 -0.01557741 -0.02077702
v 0.11197553 -0.00693110 -0.02849135
v 0.11197561 -0.01180619 -0.02525332
v 0.11200002 -0.00699705 0.00437165
v 0.11200001 -0.01010529 -0.01517926
v 0.11200001 -0.01479969 -0.01206283
v 0.11197563 -0.01775190 -0.00383093
v 0.11197459 -0.01793934 -0.01541923
v 0.11200000 -0.01568446 -0.01762762
v 0.11200000 -0.01706405 -0.00690314
v 0.11197534 -0.01867502 -0.00961048
v 0.11197511 -0.00637770 0.00891883
v 0.11200001 -0.00542282 0.00674299
v 0.11200001 -0.00824592 0.00637995
v 0.11197546 -0.01524420 0.00145731
v 0.11197479 -0.01135246 0.00583107
v 0.10689495 0.00457616 0.02718060
v 0.10690213 0.00676285 0.02699901
v 0.10726121 0.00906982 0.02618644
v 0.11135862 0.00406315 0.01562056
v 0.11135680 0.00701222 0.01516558
v 0.10726114 -0.02032483 -0.03926575
v 0.10690211 -0.02246475 -0.03808116
v 0.10726116 -0.02394574 -0.03613455
v 0.11135674 -0.01610032 -0.02814389
v 0.11135672 -0.01383796 -0.03016208
v 0.10726113 -0.01295755 -0.04359791
v 0.10690205 -0.01531298 -0.04293880
v 0.10726111 -0.01720292 -0.04138622
v 0.11135676 -0.00820741 -0.03342900
v 0.11135668 -0.01094461 -0.03212615
v 0.10989323 -0.01659928 -0.03713907
v 0.10690205 -0.00723369 -0.04601615
v 0.10726114 -0.00943074 -0.04494125
v 0.10726115 -0.00478976 -0.04611429
v 0.11135656 -0.00493609 -0.03466926
v 0.11135670 -0.00194480 -0.03515223
v 0.10989480 -0.00982158 -0.04066605
v 0.10726122 0.00373814 -0.04667916
v 0.10690210 0.00133747 -0.04714730
v 0.10726117 -0.00104821 -0.04660806
v 0.11135629 0.00150762 -0.03560044
v 0.10989852 -0.00241334 -0.04252990
v 0.10726120 0.01216657 -0.04526220
v 0.10690215 0.00993853 -0.04627132
v 0.10726124 0.00749273 -0.04629677
v 0.11135672 0.00497185 -0.03525489
v 0.11135660 0.00797613 -0.03486091
v 0.10989857 0.00522390 -0.04264330
v 0.10726122 0.03657970 0.00239726
v 0.10690212 0.03771667 0.00023172
v 0.10726123 0.03788428 -0.00220841
v 0.11135684 0.02692044 -0.00445996
v 0.11135683 0.02610928 -0.00153886
v 0.10726119 0.03280502 0.01006516
v 0.10690209 0.03441075 0.00822018
v 0.10726121 0.03513657 0.00588446
v 0.11135684 0.02317308 0.00426787
v 0.11135676 0.02477044 0.00169175
v 0.10989356 0.03229776 0.00266744
v 0.10726116 0.02736373 0.01665588
v 0.10690207 0.02935167 0.01523093
v 0.10726118 0.03059659 0.01312555
v 0.11135659 0.02112057 0.00710165
v 0.11135673 0.01886628 0.00912559
v 0.10989552 0.02857258 0.00933794
v 0.10726121 0.02054917 0.02181401
v 0.10690213 0.02281214 0.02088591
v 0.10726118 0.02450904 0.01912443
v 0.11135636 0.01623359 0.01139185
v 0.10989959 0.02340702 0.01496520
v 0.10726121 0.01272873 0.02526162
v 0.10690214 0.01514474 0.02488041
v 0.10726122 0.01720216 0.02355770
v 0.11135678 0.01314271 0.01301015
v 0.11135665 0.01040243 0.01430401
v 0.10989441 0.00995456 0.02198645
v 0.10989770 0.01709103 0.01926027
v 0.10690213 0.00244432 0.02731500
v 0.11135630 0.00227118 0.01576817
v 0.10967741 0.00433658 0.02350799
v 0.10726117 -0.00421180 0.02638390
v 0.10690209 -0.00188170 0.02712754
v 0.10689493 0.00030942 0.02724404
v 0.11135860 0.00047562 0.01567400
v 0.11135677 -0.00248571 0.01530697
v 0.10967739 0.00043975 0.02356594
v 0.10726121 -0.01241865 0.02399800
v 0.10690213 -0.01032284 0.02525897
v 0.10726118 -0.00789658 0.02556822
v 0.11135660 -0.00590013 0.01454667
v 0.11135670 -0.00867773 0.01333492
v 0.10989434 -0.00522101 0.02221217
v 0.10726118 -0.01985409 0.01978385
v 0.10690211 -0.01810558 0.02149414
v 0.10726121 -0.01581602 0.02235456
v 0.11135628 -0.01181544 0.01180927
v 0.10989760 -0.01243540 0.01969936
v 0.10726121 -0.02611724 0.01396851
v 0.10690214 -0.02481027 0.01603596
v 0.10726120 -0.02278085 0.01740122
v 0.11135662 -0.01451444 0.00962232
v 0.11135649 -0.01682804 0.00766629
v 0.10989945 -0.01887637 0.01559395
v 0.10726124 0.02004086 -0.04193971
v 0.10690216 0.01810563 -0.04343544
v 0.10726120 0.01573170 -0.04402427
v 0.11135674 0.01405737 -0.03249733
v 0.11135680 0.01128277 -0.03371831
v 0.10989489 0.01268424 -0.04100037
v 0.10726117 0.02693686 -0.03689088
v 0.10690208 0.02539873 -0.03879261
v 0.10726121 0.02322450 -0.03991300
v 0.11135679 0.01700769 -0.03062006
v 0.11135683 0.01932890 -0.02866998
v 0.10989339 0.01956360 -0.03767628
v 0.10726123 0.03248248 -0.03038778
v 0.10690209 0.03142441 -0.03259298
v 0.10726117 0.02956723 -0.03418458
v 0.11135671 0.02176404 -0.02615939
v 0.11135682 0.02344492 -0.02363756
v 0.10989406 0.02548810 -0.03285133
v 0.10726122 0.03637897 -0.02278105
v 0.10690215 0.03585793 -0.02517078
v 0.10726125 0.03441784 -0.02714777
v 0.11135647 0.02523161 -0.02063225
v 0.10989694 0.03013564 -0.02678786
v 0.10726118 0.03841625 -0.01448078
v 0.10690209 0.03846038 -0.01692628
v 0.10726119 0.03751502 -0.01918211
v 0.11135657 0.02717109 -0.01443359
v 0.11135671 0.02628337 -0.01732966
v 0.10990070 0.03325704 -0.01981687
v 0.10726122 0.03848434 -0.00593442
v 0.10690209 0.03909129 -0.00830383
v 0.10726118 0.03869166 -0.01071684
v 0.11135685 0.02743353 -0.01094380
v 0.11135675 0.02747382 -0.00791313
v 0.10989381 0.03437957 -0.00468412
v 0.10989622 0.03470501 -0.01231718
v 0.10726122 -0.03087043 0.00686557
v 0.10690219 -0.03007545 0.00917866
v 0.10726123 -0.02841561 0.01097514
v 0.11135663 -0.02063738 0.00236718
v 0.11135671 -0.01896403 0.00489474
v 0.10989533 -0.02420705 0.01012272
v 0.10726120 -0.03385750 -0.00114205
v 0.10690212 -0.03361741 0.00129204
v 0.10726119 -0.03241659 0.00342288
v 0.11135670 -0.02207177 -0.00082233
v 0.11135669 -0.02296948 -0.00371817
v 0.10989332 -0.02812899 0.00356586
v 0.10726119 -0.03491734 -0.00962270
v 0.10690210 -0.03524508 -0.00719886
v 0.10726119 -0.03456802 -0.00484855
v 0.11135659 -0.02362531 -0.00715350
v 0.11135669 -0.02367513 -0.01018415
v 0.10989354 -0.03042847 -0.00372073
v 0.10726125 -0.03399278 -0.01811917
v 0.10690222 -0.03487061 -0.01583623
v 0.10726124 -0.03475387 -0.01339311
v 0.11135655 -0.02271516 -0.01660162
v 0.11135640 -0.02351649 -0.01368037
v 0.10989596 -0.03098058 -0.01134084
v 0.10726119 -0.03113386 -0.02617342
v 0.10690209 -0.03251456 -0.02415449
v 0.10726120 -0.03296431 -0.02175030
v 0.11135633 -0.02176191 -0.01993408
v 0.10990049 -0.02975610 -0.01888031
v 0.10726113 -0.02649452 -0.03335129
v 0.10690205 -0.02830358 -0.03170519
v 0.10726117 -0.02929566 -0.02946951
v 0.11135669 -0.02006522 -0.02299128
v 0.11135660 -0.01845993 -0.02556200
v 0.10989389 -0.02237784 -0.03214012
v 0.10989673 -0.02684323 -0.02594115
f 256 1128 1127
f 1128 22 442
f 1127 442 1
f 1128 442 1127
f 330 1333 1334
f 1333 278 1328
f 1334 1328 329
f 1333 1328 1334
f 385 1502 1501
f 1502 376 1487
f 1501 1487 374
f 1502 1487 1501
f 28 1215 1252
f 1215 307 1259
f 1252 1259 314
f 1215 1259 1252
f 32 452 1238
f 452 31 1237
f 1238 1237 312
f 452 1237 1238
f 28 1252 449
f 1252 314 1253
f 449 1253 29
f 1252 1253 449
f 123 702 710
f 702 146 712
f 710 712 148
f 702 712 710
f 405 1578 1577
f 1578 350 1402
f 1577 1402 349
f 1578 1402 1577
f 376 1502 1497
f 1502 385 1504
f 1497 1504 384
f 1502 1504 1497
f 382 1618 1624
f 1618 412 1626
f 1624 1626 413
f 1618 1626 1624
f 412 1615 1626
f 1615 367 1623
f 1626 1623 413
f 1615 1623 1626
f 413 1623 1622
f 1623 367 1465
f 1622 1465 366
f 1623 1465 1622
f 366 1461 1622
f 1461 365 1621
f 1622 1621 413
f 1461 1621 1622
f 365 1629 1621
f 1629 414 1632
f 1621 1632 413
f 1629 1632 1621
f 256 1131 1132
f 1131 252 1126
f 1132 1126 255
f 1131 1126 1132
f 308 1273 1218
f 1273 316 1272
f 1218 1272 307
f 1273 1272 1218
f 317 1284 1282
f 1284 316 1273
f 1282 1273 308
f 1284 1273 1282
f 326 1681 1322
f 1681 423 1682
f 1322 1682 327
f 1681 1682 1322
f 272 1309 1156
f 1309 324 1308
f 1156 1308 271
f 1309 1308 1156
f 331 1342 1336
f 1342 332 1340
f 1336 1340 282
f 1342 1340 1336
f 330 1338 1331
f 1338 331 1335
f 1331 1335 276
f 1338 1335 1331
f 307 1272 1266
f 1272 316 1274
f 1266 1274 315
f 1272 1274 1266
f 316 1269 1274
f 1269 278 1263
f 1274 1263 315
f 1269 1263 1274
f 282 1255 1264
f 1255 314 1267
f 1264 1267 315
f 1255 1267 1264
f 315 1267 1266
f 1267 314 1259
f 1266 1259 307
f 1267 1259 1266
f 279 1329 1163
f 1329 329 1328
f 1163 1328 278
f 1329 1328 1163
f 279 1270 1165
f 1270 316 1271
f 1165 1271 280
f 1270 1271 1165
f 279 1163 1270
f 1163 278 1269
f 1270 1269 316
f 1163 1269 1270
f 280 1326 1165
f 1326 328 1325
f 1165 1325 279
f 1326 1325 1165
f 279 1325 1329
f 1325 328 1330
f 1329 1330 329
f 1325 1330 1329
f 401 1559 1556
f 1559 400 1549
f 1556 1549 371
f 1559 1549 1556
f 322 1299 1302
f 1299 260 1297
f 1302 1297 321
f 1299 1297 1302
f 400 1553 1551
f 1553 399 1545
f 1551 1545 373
f 1553 1545 1551
f 260 1141 1483
f 1141 255 1482
f 1483 1482 373
f 1141 1482 1483
f 329 1330 1677
f 1330 328 1676
f 1677 1676 422
f 1330 1676 1677
f 327 1682 1675
f 1682 423 1686
f 1675 1686 422
f 1682 1686 1675
f 422 1676 1675
f 1676 328 1327
f 1675 1327 327
f 1676 1327 1675
f 272 1206 1155
f 1206 304 1204
f 1155 1204 267
f 1206 1204 1155
f 304 1205 1204
f 1205 268 1152
f 1204 1152 267
f 1205 1152 1204
f 312 1241 1244
f 1241 293 1234
f 1244 1234 311
f 1241 1234 1244
f 311 1229 1244
f 1229 32 1238
f 1244 1238 312
f 1229 1238 1244
f 311 1231 1236
f 1231 262 1224
f 1236 1224 310
f 1231 1224 1236
f 31 452 645
f 452 32 646
f 645 646 126
f 452 646 645
f 31 709 451
f 709 148 708
f 451 708 30
f 709 708 451
f 29 450 697
f 450 30 698
f 697 698 145
f 450 698 697
f 60 1026 1033
f 1026 232 1035
f 1033 1035 233
f 1026 1035 1033
f 17 1025 484
f 1025 232 1026
f 484 1026 60
f 1025 1026 484
f 217 1028 1018
f 1028 232 1030
f 1018 1030 229
f 1028 1030 1018
f 216 1027 967
f 1027 232 1028
f 967 1028 217
f 1027 1028 967
f 217 1064 967
f 1064 240 1063
f 967 1063 216
f 1064 1063 967
f 216 1063 1002
f 1063 240 1067
f 1002 1067 226
f 1063 1067 1002
f 117 623 627
f 623 54 625
f 627 625 118
f 623 625 627
f 251 1117 1119
f 1117 250 1118
f 1119 1118 252
f 1117 1118 1119
f 251 1119 1130
f 1119 252 1131
f 1130 1131 256
f 1119 1131 1130
f 43 1113 1116
f 1113 250 1117
f 1116 1117 251
f 1113 1117 1116
f 304 1209 1294
f 1209 305 1295
f 1294 1295 319
f 1209 1295 1294
f 257 1133 1135
f 1133 22 1128
f 1135 1128 256
f 1133 1128 1135
f 257 1138 1133
f 1138 258 1136
f 1133 1136 22
f 1138 1136 1133
f 256 1132 1135
f 1132 255 1134
f 1135 1134 257
f 1132 1134 1135
f 260 1143 1142
f 1143 258 1138
f 1142 1138 257
f 1143 1138 1142
f 257 1134 1142
f 1134 255 1141
f 1142 1141 260
f 1134 1141 1142
f 259 1293 1208
f 1293 319 1295
f 1208 1295 305
f 1293 1295 1208
f 304 1294 1202
f 1294 319 1293
f 1202 1293 259
f 1294 1293 1202
f 259 1140 1144
f 1140 258 1143
f 1144 1143 260
f 1140 1143 1144
f 391 1515 1514
f 1515 385 1501
f 1514 1501 374
f 1515 1501 1514
f 374 1523 1514
f 1523 395 1525
f 1514 1525 391
f 1523 1525 1514
f 391 1525 1654
f 1525 395 1655
f 1654 1655 418
f 1525 1655 1654
f 375 1524 1486
f 1524 395 1523
f 1486 1523 374
f 1524 1523 1486
f 350 1578 1407
f 1578 405 1579
f 1407 1579 351
f 1578 1579 1407
f 374 1487 1488
f 1487 376 1489
f 1488 1489 377
f 1487 1489 1488
f 383 1500 1503
f 1500 384 1504
f 1503 1504 385
f 1500 1504 1503
f 414 1631 1630
f 1631 384 1500
f 1630 1500 383
f 1631 1500 1630
f 382 1624 1496
f 1624 413 1625
f 1496 1625 383
f 1624 1625 1496
f 383 1625 1630
f 1625 413 1632
f 1630 1632 414
f 1625 1632 1630
f 381 1499 1494
f 1499 384 1498
f 1494 1498 379
f 1499 1498 1494
f 376 1497 1493
f 1497 384 1499
f 1493 1499 381
f 1497 1499 1493
f 54 1425 1427
f 1425 357 1430
f 1427 1430 358
f 1425 1430 1427
f 358 1428 1427
f 1428 55 478
f 1427 478 54
f 1428 478 1427
f 358 1435 1429
f 1435 359 1431
f 1429 1431 56
f 1435 1431 1429
f 56 479 1429
f 479 55 1428
f 1429 1428 358
f 479 1428 1429
f 404 1575 1574
f 1575 377 1489
f 1574 1489 376
f 1575 1489 1574
f 405 1580 1581
f 1580 377 1575
f 1581 1575 404
f 1580 1575 1581
f 352 1410 1572
f 1410 351 1571
f 1572 1571 404
f 1410 1571 1572
f 404 1571 1581
f 1571 351 1579
f 1581 1579 405
f 1571 1579 1581
f 359 1435 1646
f 1435 358 1645
f 1646 1645 417
f 1435 1645 1646
f 357 1562 1644
f 1562 402 1649
f 1644 1649 417
f 1562 1649 1644
f 417 1645 1644
f 1645 358 1430
f 1644 1430 357
f 1645 1430 1644
f 273 1317 1157
f 1317 326 1315
f 1157 1315 264
f 1317 1315 1157
f 317 1279 1278
f 1279 273 1157
f 1278 1157 264
f 1279 1157 1278
f 264 1146 1278
f 1146 263 1277
f 1278 1277 317
f 1146 1277 1278
f 327 1319 1320
f 1319 263 1146
f 1320 1146 264
f 1319 1146 1320
f 264 1315 1320
f 1315 326 1322
f 1320 1322 327
f 1315 1322 1320
f 318 1290 1288
f 1290 304 1206
f 1288 1206 272
f 1290 1206 1288
f 272 1156 1288
f 1156 271 1287
f 1288 1287 318
f 1156 1287 1288
f 318 1289 1292
f 1289 273 1279
f 1292 1279 317
f 1289 1279 1292
f 325 1313 1314
f 1313 271 1308
f 1314 1308 324
f 1313 1308 1314
f 423 1681 1680
f 1681 326 1318
f 1680 1318 325
f 1681 1318 1680
f 324 1533 1314
f 1533 397 1534
f 1314 1534 325
f 1533 1534 1314
f 325 1534 1680
f 1534 397 1685
f 1680 1685 423
f 1534 1685 1680
f 277 1162 1332
f 1162 278 1333
f 1332 1333 330
f 1162 1333 1332
f 330 1331 1332
f 1331 276 1161
f 1332 1161 277
f 1331 1161 1332
f 277 1262 1162
f 1262 315 1263
f 1162 1263 278
f 1262 1263 1162
f 276 1261 1161
f 1261 315 1262
f 1161 1262 277
f 1261 1262 1161
f 283 1337 1168
f 1337 331 1336
f 1168 1336 282
f 1337 1336 1168
f 283 1167 1337
f 1167 276 1335
f 1337 1335 331
f 1167 1335 1337
f 282 1264 1168
f 1264 315 1265
f 1168 1265 283
f 1264 1265 1168
f 283 1265 1167
f 1265 315 1261
f 1167 1261 276
f 1265 1261 1167
f 317 1277 1280
f 1277 263 1159
f 1280 1159 274
f 1277 1159 1280
f 274 1159 1321
f 1159 263 1319
f 1321 1319 327
f 1159 1319 1321
f 327 1327 1321
f 1327 328 1323
f 1321 1323 274
f 1327 1323 1321
f 400 1559 1552
f 1559 401 1557
f 1552 1557 386
f 1559 1557 1552
f 386 1547 1552
f 1547 399 1553
f 1552 1553 400
f 1547 1553 1552
f 385 1546 1505
f 1546 399 1547
f 1505 1547 386
f 1546 1547 1505
f 412 1620 1617
f 1620 401 1554
f 1617 1554 369
f 1620 1554 1617
f 260 1299 1149
f 1299 322 1301
f 1149 1301 266
f 1299 1301 1149
f 371 1549 1481
f 1549 400 1550
f 1481 1550 372
f 1549 1550 1481
f 400 1551 1550
f 1551 373 1485
f 1550 1485 372
f 1551 1485 1550
f 372 1485 1480
f 1485 373 1482
f 1480 1482 255
f 1485 1482 1480
f 252 1476 1479
f 1476 371 1481
f 1479 1481 372
f 1476 1481 1479
f 372 1480 1479
f 1480 255 1126
f 1479 1126 252
f 1480 1126 1479
f 320 1543 1298
f 1543 399 1544
f 1298 1544 321
f 1543 1544 1298
f 320 1484 1543
f 1484 373 1545
f 1543 1545 399
f 1484 1545 1543
f 321 1297 1298
f 1297 260 1296
f 1298 1296 320
f 1297 1296 1298
f 260 1483 1296
f 1483 373 1484
f 1296 1484 320
f 1483 1484 1296
f 323 1532 1310
f 1532 397 1533
f 1310 1533 324
f 1532 1533 1310
f 323 1310 1306
f 1310 324 1309
f 1306 1309 272
f 1310 1309 1306
f 272 1155 1306
f 1155 267 1304
f 1306 1304 323
f 1155 1304 1306
f 323 1304 1305
f 1304 267 1152
f 1305 1152 268
f 1304 1152 1305
f 419 1660 1662
f 1660 391 1654
f 1662 1654 418
f 1660 1654 1662
f 284 1341 1343
f 1341 332 1345
f 1343 1345 333
f 1341 1345 1343
f 33 1221 454
f 1221 310 1222
f 454 1222 34
f 1221 1222 454
f 33 1230 1221
f 1230 311 1236
f 1221 1236 310
f 1230 1236 1221
f 32 1229 453
f 1229 311 1230
f 453 1230 33
f 1229 1230 453
f 171 784 783
f 784 146 702
f 783 702 123
f 784 702 783
f 53 1424 477
f 1424 357 1425
f 477 1425 54
f 1424 1425 477
f 53 477 622
f 477 54 623
f 622 623 117
f 477 623 622
f 123 710 642
f 710 148 711
f 642 711 124
f 710 711 642
f 124 644 642
f 644 125 643
f 642 643 123
f 644 643 642
f 126 648 647
f 648 125 644
f 647 644 124
f 648 644 647
f 124 711 641
f 711 148 709
f 641 709 31
f 711 709 641
f 31 645 641
f 645 126 647
f 641 647 124
f 645 647 641
f 147 713 707
f 713 148 712
f 707 712 146
f 713 712 707
f 147 704 713
f 704 30 708
f 713 708 148
f 704 708 713
f 147 706 704
f 706 145 698
f 704 698 30
f 706 698 704
f 43 1116 466
f 1116 251 1115
f 466 1115 42
f 1116 1115 466
f 42 464 465
f 464 1 442
f 465 442 22
f 464 442 465
f 256 1127 1129
f 1127 1 464
f 1129 464 42
f 1127 464 1129
f 42 1115 1129
f 1115 251 1130
f 1129 1130 256
f 1115 1130 1129
f 104 584 954
f 584 106 955
f 954 955 213
f 584 955 954
f 213 955 1001
f 955 106 999
f 1001 999 226
f 955 999 1001
f 44 1114 468
f 1114 250 1113
f 468 1113 43
f 1114 1113 468
f 236 1048 1052
f 1048 235 1051
f 1052 1051 237
f 1048 1051 1052
f 26 1217 1213
f 1217 308 1218
f 1213 1218 307
f 1217 1218 1213
f 24 718 714
f 718 152 720
f 714 720 150
f 718 720 714
f 133 666 667
f 666 33 454
f 667 454 34
f 666 454 667
f 408 1596 1595
f 1596 375 1486
f 1595 1486 374
f 1596 1486 1595
f 297 1226 1183
f 1226 310 1225
f 1183 1225 296
f 1226 1225 1183
f 298 1227 1184
f 1227 310 1226
f 1184 1226 297
f 1227 1226 1184
f 231 1088 1034
f 1088 245 1089
f 1034 1089 233
f 1088 1089 1034
f 233 1035 1034
f 1035 232 1031
f 1034 1031 231
f 1035 1031 1034
f 103 626 580
f 626 118 625
f 580 625 54
f 626 625 580
f 54 478 580
f 478 55 581
f 580 581 103
f 478 581 580
f 103 581 582
f 581 55 564
f 582 564 100
f 581 564 582
f 189 855 852
f 855 188 846
f 852 846 86
f 855 846 852
f 248 1100 1099
f 1100 231 1023
f 1099 1023 230
f 1100 1023 1099
f 388 1678 1683
f 1678 422 1686
f 1683 1686 423
f 1678 1686 1683
f 406 1585 1588
f 1585 377 1580
f 1588 1580 405
f 1585 1580 1588
f 406 1588 1584
f 1588 405 1577
f 1584 1577 349
f 1588 1577 1584
f 376 1493 1568
f 1493 381 1569
f 1568 1569 403
f 1493 1569 1568
f 403 1576 1568
f 1576 404 1574
f 1568 1574 376
f 1576 1574 1568
f 403 1569 1570
f 1569 381 1564
f 1570 1564 402
f 1569 1564 1570
f 379 1498 1641
f 1498 384 1642
f 1641 1642 416
f 1498 1642 1641
f 416 1650 1641
f 1650 417 1647
f 1641 1647 379
f 1650 1647 1641
f 359 1646 1638
f 1646 417 1650
f 1638 1650 416
f 1646 1650 1638
f 402 1564 1563
f 1564 381 1495
f 1563 1495 380
f 1564 1495 1563
f 380 1648 1563
f 1648 417 1649
f 1563 1649 402
f 1648 1649 1563
f 380 1495 1492
f 1495 381 1494
f 1492 1494 379
f 1495 1494 1492
f 379 1647 1492
f 1647 417 1648
f 1492 1648 380
f 1647 1648 1492
f 352 1572 1413
f 1572 404 1573
f 1413 1573 353
f 1572 1573 1413
f 353 1416 1412
f 1416 354 1414
f 1412 1414 49
f 1416 1414 1412
f 404 1576 1573
f 1576 403 1565
f 1573 1565 353
f 1576 1565 1573
f 353 1565 1416
f 1565 403 1566
f 1416 1566 354
f 1565 1566 1416
f 355 1567 1560
f 1567 403 1570
f 1560 1570 402
f 1567 1570 1560
f 354 1566 1419
f 1566 403 1567
f 1419 1567 355
f 1566 1567 1419
f 24 1201 1219
f 1201 304 1220
f 1219 1220 309
f 1201 1220 1219
f 304 1290 1220
f 1290 318 1291
f 1220 1291 309
f 1290 1291 1220
f 317 1275 1283
f 1275 24 1219
f 1283 1219 309
f 1275 1219 1283
f 309 1291 1283
f 1291 318 1292
f 1283 1292 317
f 1291 1292 1283
f 271 1313 1154
f 1313 325 1312
f 1154 1312 270
f 1313 1312 1154
f 270 1286 1154
f 1286 318 1287
f 1154 1287 271
f 1286 1287 1154
f 275 1324 1164
f 1324 328 1326
f 1164 1326 280
f 1324 1326 1164
f 275 1160 1324
f 1160 274 1323
f 1324 1323 328
f 1160 1323 1324
f 280 1271 1164
f 1271 316 1268
f 1164 1268 275
f 1271 1268 1164
f 275 1268 1281
f 1268 316 1284
f 1281 1284 317
f 1268 1284 1281
f 317 1280 1281
f 1280 274 1160
f 1281 1160 275
f 1280 1160 1281
f 387 1507 1508
f 1507 383 1503
f 1508 1503 385
f 1507 1503 1508
f 385 1505 1508
f 1505 386 1509
f 1508 1509 387
f 1505 1509 1508
f 382 1496 1506
f 1496 383 1507
f 1506 1507 387
f 1496 1507 1506
f 387 1509 1558
f 1509 386 1557
f 1558 1557 401
f 1509 1557 1558
f 387 1619 1506
f 1619 412 1618
f 1506 1618 382
f 1619 1618 1506
f 387 1558 1619
f 1558 401 1620
f 1619 1620 412
f 1558 1620 1619
f 370 1555 1478
f 1555 401 1556
f 1478 1556 371
f 1555 1556 1478
f 370 1475 1555
f 1475 369 1554
f 1555 1554 401
f 1475 1554 1555
f 368 1468 1616
f 1468 367 1615
f 1616 1615 412
f 1468 1615 1616
f 412 1617 1616
f 1617 369 1473
f 1616 1473 368
f 1617 1473 1616
f 4 1462 1467
f 1462 367 1468
f 1467 1468 368
f 1462 1468 1467
f 2 1469 1123
f 1469 369 1472
f 1123 1472 254
f 1469 1472 1123
f 265 1150 1300
f 1150 266 1301
f 1300 1301 322
f 1150 1301 1300
f 265 1303 1151
f 1303 323 1305
f 1151 1305 268
f 1303 1305 1151
f 322 1307 1300
f 1307 323 1303
f 1300 1303 265
f 1307 1303 1300
f 265 1151 1203
f 1151 268 1205
f 1203 1205 304
f 1151 1205 1203
f 304 1202 1203
f 1202 259 1147
f 1203 1147 265
f 1202 1147 1203
f 265 1147 1148
f 1147 259 1144
f 1148 1144 260
f 1147 1144 1148
f 260 1149 1148
f 1149 266 1150
f 1148 1150 265
f 1149 1150 1148
f 398 1539 1538
f 1539 323 1307
f 1538 1307 322
f 1539 1307 1538
f 397 1532 1542
f 1532 323 1539
f 1542 1539 398
f 1532 1539 1542
f 321 1544 1537
f 1544 399 1548
f 1537 1548 398
f 1544 1548 1537
f 398 1538 1537
f 1538 322 1302
f 1537 1302 321
f 1538 1302 1537
f 390 1536 1541
f 1536 397 1542
f 1541 1542 398
f 1536 1542 1541
f 398 1540 1541
f 1540 385 1512
f 1541 1512 390
f 1540 1512 1541
f 398 1548 1540
f 1548 399 1546
f 1540 1546 385
f 1548 1546 1540
f 281 1254 1166
f 1254 314 1255
f 1166 1255 282
f 1254 1255 1166
f 281 1169 1254
f 1169 284 1256
f 1254 1256 314
f 1169 1256 1254
f 282 1340 1166
f 1340 332 1339
f 1166 1339 281
f 1340 1339 1166
f 332 1341 1339
f 1341 284 1169
f 1339 1169 281
f 1341 1169 1339
f 288 1248 1172
f 1248 313 1245
f 1172 1245 285
f 1248 1245 1172
f 285 1170 1344
f 1170 284 1343
f 1344 1343 333
f 1170 1343 1344
f 314 1256 1257
f 1256 284 1170
f 1257 1170 285
f 1256 1170 1257
f 285 1245 1257
f 1245 313 1260
f 1257 1260 314
f 1245 1260 1257
f 312 1237 1243
f 1237 31 1212
f 1243 1212 306
f 1237 1212 1243
f 306 1250 1243
f 1250 313 1251
f 1243 1251 312
f 1250 1251 1243
f 31 451 1212
f 451 30 1211
f 1212 1211 306
f 451 1211 1212
f 306 1211 1210
f 1211 30 450
f 1210 450 29
f 1211 450 1210
f 306 1210 1258
f 1210 29 1253
f 1258 1253 314
f 1210 1253 1258
f 314 1260 1258
f 1260 313 1250
f 1258 1250 306
f 1260 1250 1258
f 287 1247 1173
f 1247 313 1248
f 1173 1248 288
f 1247 1248 1173
f 287 1171 1247
f 1171 286 1246
f 1247 1246 313
f 1171 1246 1247
f 262 1231 1180
f 1231 311 1235
f 1180 1235 295
f 1231 1235 1180
f 311 1232 1235
f 1232 291 1181
f 1235 1181 295
f 1232 1181 1235
f 291 1362 1181
f 1362 338 1364
f 1181 1364 295
f 1362 1364 1181
f 295 1368 1180
f 1368 339 1367
f 1180 1367 262
f 1368 1367 1180
f 295 1364 1368
f 1364 338 1370
f 1368 1370 339
f 1364 1370 1368
f 32 453 656
f 453 33 657
f 656 657 130
f 453 657 656
f 170 785 780
f 785 171 783
f 780 783 123
f 785 783 780
f 123 643 780
f 643 125 781
f 780 781 170
f 643 781 780
f 170 781 782
f 781 125 777
f 782 777 169
f 781 777 782
f 167 849 853
f 849 188 855
f 853 855 189
f 849 855 853
f 189 854 853
f 854 168 776
f 853 776 167
f 854 776 853
f 167 776 771
f 776 168 775
f 771 775 129
f 776 775 771
f 169 777 778
f 777 125 649
f 778 649 127
f 777 649 778
f 127 774 778
f 774 168 779
f 778 779 169
f 774 779 778
f 129 775 654
f 775 168 774
f 654 774 127
f 775 774 654
f 127 649 650
f 649 125 648
f 650 648 126
f 649 648 650
f 357 1424 1423
f 1424 53 476
f 1423 476 52
f 1424 476 1423
f 52 540 475
f 540 90 539
f 475 539 51
f 540 539 475
f 116 620 624
f 620 53 622
f 624 622 117
f 620 622 624
f 90 540 621
f 540 52 619
f 621 619 116
f 540 619 621
f 116 619 620
f 619 52 476
f 620 476 53
f 619 476 620
f 250 1111 1110
f 1111 40 462
f 1110 462 39
f 1111 462 1110
f 40 973 462
f 973 219 972
f 462 972 39
f 973 972 462
f 366 1465 1458
f 1465 367 1464
f 1458 1464 6
f 1465 1464 1458
f 364 1628 1457
f 1628 414 1629
f 1457 1629 365
f 1628 1629 1457
f 364 1454 1628
f 1454 363 1627
f 1628 1627 414
f 1454 1627 1628
f 365 1456 1457
f 1456 9 1451
f 1457 1451 364
f 1456 1451 1457
f 361 1441 1442
f 1441 15 437
f 1442 437 16
f 1441 437 1442
f 16 1024 438
f 1024 232 1025
f 438 1025 17
f 1024 1025 438
f 16 1017 1024
f 1017 229 1030
f 1024 1030 232
f 1017 1030 1024
f 217 1018 966
f 1018 229 1017
f 966 1017 16
f 1018 1017 966
f 16 437 966
f 437 15 965
f 966 965 217
f 437 965 966
f 362 1450 1444
f 1450 363 1449
f 1444 1449 12
f 1450 1449 1444
f 226 1067 1004
f 1067 240 1066
f 1004 1066 225
f 1067 1066 1004
f 225 996 1004
f 996 213 1001
f 1004 1001 226
f 996 1001 1004
f 104 954 994
f 954 213 996
f 994 996 225
f 954 996 994
f 205 932 933
f 932 106 927
f 933 927 204
f 932 927 933
f 205 931 932
f 931 105 585
f 932 585 106
f 931 585 932
f 105 931 934
f 931 205 936
f 934 936 206
f 931 936 934
f 204 939 935
f 939 207 940
f 935 940 206
f 939 940 935
f 206 936 935
f 936 205 933
f 935 933 204
f 936 933 935
f 226 999 1000
f 999 106 951
f 1000 951 212
f 999 951 1000
f 106 585 951
f 585 105 950
f 951 950 212
f 585 950 951
f 105 934 950
f 934 206 952
f 950 952 212
f 934 952 950
f 41 974 463
f 974 219 973
f 463 973 40
f 974 973 463
f 235 1041 1040
f 1041 219 974
f 1040 974 41
f 1041 974 1040
f 41 463 1112
f 463 40 1111
f 1112 1111 250
f 463 1111 1112
f 250 1114 1112
f 1114 44 467
f 1112 467 41
f 1114 467 1112
f 25 719 445
f 719 152 718
f 445 718 24
f 719 718 445
f 25 445 1276
f 445 24 1275
f 1276 1275 317
f 445 1275 1276
f 317 1282 1276
f 1282 308 1216
f 1276 1216 25
f 1282 1216 1276
f 308 1217 1216
f 1217 26 446
f 1216 446 25
f 1217 446 1216
f 27 1214 448
f 1214 307 1215
f 448 1215 28
f 1214 1215 448
f 27 447 1214
f 447 26 1213
f 1214 1213 307
f 447 1213 1214
f 23 1200 444
f 1200 304 1201
f 444 1201 24
f 1200 1201 444
f 23 1207 1200
f 1207 305 1209
f 1200 1209 304
f 1207 1209 1200
f 23 1139 1207
f 1139 259 1208
f 1207 1208 305
f 1139 1208 1207
f 22 1136 443
f 1136 258 1137
f 443 1137 23
f 1136 1137 443
f 258 1140 1137
f 1140 259 1139
f 1137 1139 23
f 1140 1139 1137
f 22 443 559
f 443 23 560
f 559 560 99
f 443 560 559
f 97 562 555
f 562 99 561
f 555 561 96
f 562 561 555
f 180 815 810
f 815 181 814
f 810 814 153
f 815 814 810
f 352 1413 1409
f 1413 353 1411
f 1409 1411 48
f 1413 1411 1409
f 48 1411 472
f 1411 353 1412
f 472 1412 49
f 1411 1412 472
f 349 1402 1398
f 1402 350 1401
f 1398 1401 109
f 1402 1401 1398
f 109 596 597
f 596 48 472
f 597 472 49
f 596 472 597
f 348 1583 1399
f 1583 406 1584
f 1399 1584 349
f 1583 1584 1399
f 349 1398 1399
f 1398 109 1396
f 1399 1396 348
f 1398 1396 1399
f 348 1396 1395
f 1396 109 595
f 1395 595 20
f 1396 595 1395
f 409 1603 1600
f 1603 408 1592
f 1600 1592 343
f 1603 1592 1600
f 375 1596 1601
f 1596 408 1603
f 1601 1603 409
f 1596 1603 1601
f 336 1652 1361
f 1652 418 1653
f 1361 1653 337
f 1652 1653 1361
f 262 1367 1145
f 1367 339 1366
f 1145 1366 261
f 1367 1366 1145
f 339 1369 1366
f 1369 296 1182
f 1366 1182 261
f 1369 1182 1366
f 310 1224 1223
f 1224 262 1145
f 1223 1145 261
f 1224 1145 1223
f 261 1182 1223
f 1182 296 1225
f 1223 1225 310
f 1182 1225 1223
f 343 1592 1385
f 1592 408 1593
f 1385 1593 344
f 1592 1593 1385
f 343 1385 1381
f 1385 344 1384
f 1381 1384 299
f 1385 1384 1381
f 299 1384 1185
f 1384 344 1383
f 1185 1383 21
f 1384 1383 1185
f 299 1191 1197
f 1191 301 1198
f 1197 1198 303
f 1191 1198 1197
f 299 1185 1186
f 1185 21 455
f 1186 455 35
f 1185 455 1186
f 34 1222 1193
f 1222 310 1228
f 1193 1228 302
f 1222 1228 1193
f 302 1195 1193
f 1195 301 1190
f 1193 1190 34
f 1195 1190 1193
f 310 1227 1228
f 1227 298 1194
f 1228 1194 302
f 1227 1194 1228
f 302 1194 1199
f 1194 298 1196
f 1199 1196 303
f 1194 1196 1199
f 303 1198 1199
f 1198 301 1195
f 1199 1195 302
f 1198 1195 1199
f 300 1188 1187
f 1188 35 456
f 1187 456 34
f 1188 456 1187
f 34 1190 1187
f 1190 301 1192
f 1187 1192 300
f 1190 1192 1187
f 300 1189 1188
f 1189 299 1186
f 1188 1186 35
f 1189 1186 1188
f 301 1191 1192
f 1191 299 1189
f 1192 1189 300
f 1191 1189 1192
f 215 962 963
f 962 64 567
f 963 567 101
f 962 567 963
f 101 566 963
f 566 56 961
f 963 961 215
f 566 961 963
f 100 564 576
f 564 55 565
f 576 565 101
f 564 565 576
f 101 565 566
f 565 55 479
f 566 479 56
f 565 479 566
f 57 1094 480
f 1094 247 1093
f 480 1093 56
f 1094 1093 480
f 56 1431 480
f 1431 359 1432
f 480 1432 57
f 1431 1432 480
f 359 1433 1432
f 1433 58 481
f 1432 481 57
f 1433 481 1432
f 59 483 1434
f 483 58 1433
f 1434 1433 359
f 483 1433 1434
f 17 484 482
f 484 60 485
f 482 485 59
f 484 485 482
f 245 1085 1086
f 1085 58 483
f 1086 483 59
f 1085 483 1086
f 59 485 1032
f 485 60 1033
f 1032 1033 233
f 485 1033 1032
f 233 1089 1032
f 1089 245 1086
f 1032 1086 59
f 1089 1086 1032
f 215 961 1103
f 961 56 1102
f 1103 1102 249
f 961 1102 1103
f 56 1093 1102
f 1093 247 1105
f 1102 1105 249
f 1093 1105 1102
f 249 1106 1103
f 1106 248 1098
f 1103 1098 215
f 1106 1098 1103
f 214 958 956
f 958 207 937
f 956 937 62
f 958 937 956
f 214 1097 1020
f 1097 248 1099
f 1020 1099 230
f 1097 1099 1020
f 214 957 964
f 957 64 962
f 964 962 215
f 957 962 964
f 215 1098 964
f 1098 248 1097
f 964 1097 214
f 1098 1097 964
f 245 1088 1092
f 1088 231 1091
f 1092 1091 246
f 1088 1091 1092
f 231 1100 1091
f 1100 248 1101
f 1091 1101 246
f 1100 1101 1091
f 246 1104 1096
f 1104 249 1105
f 1096 1105 247
f 1104 1105 1096
f 248 1106 1101
f 1106 249 1104
f 1101 1104 246
f 1106 1104 1101
f 390 1512 1513
f 1512 385 1510
f 1513 1510 389
f 1512 1510 1513
f 385 1515 1510
f 1515 391 1516
f 1510 1516 389
f 1515 1516 1510
f 389 1511 1684
f 1511 388 1683
f 1684 1683 423
f 1511 1683 1684
f 389 1535 1513
f 1535 397 1536
f 1513 1536 390
f 1535 1536 1513
f 423 1685 1684
f 1685 397 1535
f 1684 1535 389
f 1685 1535 1684
f 393 1519 1520
f 1519 389 1516
f 1520 1516 391
f 1519 1516 1520
f 388 1511 1518
f 1511 389 1519
f 1518 1519 393
f 1511 1519 1518
f 374 1488 1490
f 1488 377 1491
f 1490 1491 378
f 1488 1491 1490
f 377 1585 1491
f 1585 406 1586
f 1491 1586 378
f 1585 1586 1491
f 374 1490 1530
f 1490 378 1531
f 1530 1531 396
f 1490 1531 1530
f 396 1531 1587
f 1531 378 1586
f 1587 1586 406
f 1531 1586 1587
f 415 1636 1637
f 1636 384 1631
f 1637 1631 414
f 1636 1631 1637
f 415 1643 1636
f 1643 416 1642
f 1636 1642 384
f 1643 1642 1636
f 414 1627 1637
f 1627 363 1635
f 1637 1635 415
f 1627 1635 1637
f 415 1635 1634
f 1635 363 1450
f 1634 1450 362
f 1635 1450 1634
f 415 1634 1633
f 1634 362 1447
f 1633 1447 361
f 1634 1447 1633
f 361 1640 1633
f 1640 416 1643
f 1633 1643 415
f 1640 1643 1633
f 360 1639 1443
f 1639 416 1640
f 1443 1640 361
f 1639 1640 1443
f 359 1638 1439
f 1638 416 1639
f 1439 1639 360
f 1638 1639 1439
f 361 1442 1443
f 1442 16 1436
f 1443 1436 360
f 1442 1436 1443
f 360 1436 1437
f 1436 16 438
f 1437 438 17
f 1436 438 1437
f 17 482 1437
f 482 59 1438
f 1437 1438 360
f 482 1438 1437
f 360 1438 1439
f 1438 59 1434
f 1439 1434 359
f 1438 1434 1439
f 356 1561 1426
f 1561 402 1562
f 1426 1562 357
f 1561 1562 1426
f 356 1422 1561
f 1422 355 1560
f 1561 1560 402
f 1422 1560 1561
f 51 1418 1420
f 1418 355 1422
f 1420 1422 356
f 1418 1422 1420
f 357 1423 1426
f 1423 52 1421
f 1426 1421 356
f 1423 1421 1426
f 356 1421 1420
f 1421 52 475
f 1420 475 51
f 1421 475 1420
f 49 1414 473
f 1414 354 1415
f 473 1415 50
f 1414 1415 473
f 354 1419 1415
f 1419 355 1417
f 1415 1417 50
f 1419 1417 1415
f 50 1417 474
f 1417 355 1418
f 474 1418 51
f 1417 1418 474
f 51 544 474
f 544 92 543
f 474 543 50
f 544 543 474
f 269 1153 1311
f 1153 270 1312
f 1311 1312 325
f 1153 1312 1311
f 269 1316 1158
f 1316 326 1317
f 1158 1317 273
f 1316 1317 1158
f 269 1311 1316
f 1311 325 1318
f 1316 1318 326
f 1311 1318 1316
f 273 1289 1158
f 1289 318 1285
f 1158 1285 269
f 1289 1285 1158
f 318 1286 1285
f 1286 270 1153
f 1285 1153 269
f 1286 1153 1285
f 3 1470 424
f 1470 369 1469
f 424 1469 2
f 1470 1469 424
f 3 1466 1470
f 1466 368 1473
f 1470 1473 369
f 1466 1473 1470
f 4 1467 425
f 1467 368 1466
f 425 1466 3
f 1467 1466 425
f 250 1108 1107
f 1108 37 459
f 1107 459 36
f 1108 459 1107
f 2 1123 457
f 1123 254 1124
f 457 1124 36
f 1123 1124 457
f 36 458 457
f 458 3 424
f 457 424 2
f 458 424 457
f 334 1347 1348
f 1347 287 1173
f 1348 1173 288
f 1347 1173 1348
f 334 1346 1349
f 1346 285 1344
f 1349 1344 333
f 1346 1344 1349
f 288 1172 1348
f 1172 285 1346
f 1348 1346 334
f 1172 1346 1348
f 333 1657 1349
f 1657 419 1658
f 1349 1658 334
f 1657 1658 1349
f 336 1355 1354
f 1355 290 1175
f 1354 1175 289
f 1355 1175 1354
f 289 1175 1239
f 1175 290 1240
f 1239 1240 312
f 1175 1240 1239
f 312 1251 1239
f 1251 313 1249
f 1239 1249 289
f 1251 1249 1239
f 313 1246 1249
f 1246 286 1174
f 1249 1174 289
f 1246 1174 1249
f 128 652 651
f 652 126 646
f 651 646 32
f 652 646 651
f 32 656 651
f 656 130 658
f 651 658 128
f 656 658 651
f 128 653 652
f 653 127 650
f 652 650 126
f 653 650 652
f 128 658 655
f 658 130 659
f 655 659 129
f 658 659 655
f 129 654 655
f 654 127 653
f 655 653 128
f 654 653 655
f 129 659 663
f 659 130 664
f 663 664 132
f 659 664 663
f 33 666 662
f 666 133 671
f 662 671 132
f 666 671 662
f 132 664 662
f 664 130 657
f 662 657 33
f 664 657 662
f 144 705 703
f 705 147 707
f 703 707 146
f 705 707 703
f 145 706 701
f 706 147 705
f 701 705 144
f 706 705 701
f 171 785 869
f 785 170 868
f 869 868 192
f 785 868 869
f 38 460 1109
f 460 37 1108
f 1109 1108 250
f 460 1108 1109
f 250 1110 1109
f 1110 39 461
f 1109 461 38
f 1110 461 1109
f 5 1463 426
f 1463 367 1462
f 426 1462 4
f 1463 1462 426
f 5 427 1463
f 427 6 1464
f 1463 1464 367
f 427 1464 1463
f 366 1458 1459
f 1458 6 428
f 1459 428 7
f 1458 428 1459
f 363 1454 1448
f 1454 364 1453
f 1448 1453 11
f 1454 1453 1448
f 11 433 1448
f 433 12 1449
f 1448 1449 363
f 433 1449 1448
f 218 1065 971
f 1065 240 1064
f 971 1064 217
f 1065 1064 971
f 239 1060 1068
f 1060 225 1066
f 1068 1066 240
f 1060 1066 1068
f 240 1065 1068
f 1065 218 1058
f 1068 1058 239
f 1065 1058 1068
f 223 988 987
f 988 44 468
f 987 468 43
f 988 468 987
f 223 1049 1043
f 1049 237 1051
f 1043 1051 235
f 1049 1051 1043
f 104 994 583
f 994 225 993
f 583 993 94
f 994 993 583
f 211 953 948
f 953 212 952
f 948 952 206
f 953 952 948
f 211 948 949
f 948 206 940
f 949 940 207
f 948 940 949
f 211 960 1019
f 960 214 1020
f 1019 1020 230
f 960 1020 1019
f 207 958 949
f 958 214 960
f 949 960 211
f 958 960 949
f 98 563 558
f 563 99 562
f 558 562 97
f 563 562 558
f 97 945 558
f 945 209 946
f 558 946 98
f 945 946 558
f 98 946 557
f 946 209 944
f 557 944 42
f 946 944 557
f 98 557 556
f 557 42 465
f 556 465 22
f 557 465 556
f 22 559 556
f 559 99 563
f 556 563 98
f 559 563 556
f 161 749 750
f 749 96 561
f 750 561 99
f 749 561 750
f 161 750 748
f 750 99 560
f 748 560 23
f 750 560 748
f 154 726 725
f 726 153 723
f 725 723 152
f 726 723 725
f 152 719 725
f 719 25 724
f 725 724 154
f 719 724 725
f 51 539 538
f 539 90 541
f 538 541 89
f 539 541 538
f 89 545 538
f 545 92 544
f 538 544 51
f 545 544 538
f 34 456 608
f 456 35 609
f 608 609 112
f 456 609 608
f 352 1409 1408
f 1409 48 471
f 1408 471 47
f 1409 471 1408
f 47 1405 1408
f 1405 351 1410
f 1408 1410 352
f 1405 1410 1408
f 350 1407 1400
f 1407 351 1406
f 1400 1406 108
f 1407 1406 1400
f 108 599 1400
f 599 109 1401
f 1400 1401 350
f 599 1401 1400
f 108 1406 590
f 1406 351 1403
f 590 1403 45
f 1406 1403 590
f 48 596 593
f 596 109 599
f 593 599 108
f 596 599 593
f 108 592 593
f 592 47 471
f 593 471 48
f 592 471 593
f 347 1397 1393
f 1397 348 1395
f 1393 1395 20
f 1397 1395 1393
f 346 1528 1394
f 1528 396 1529
f 1394 1529 347
f 1528 1529 1394
f 406 1583 1582
f 1583 348 1397
f 1582 1397 347
f 1583 1397 1582
f 347 1529 1582
f 1529 396 1587
f 1582 1587 406
f 1529 1587 1582
f 20 595 440
f 595 109 594
f 440 594 19
f 595 594 440
f 346 1394 1390
f 1394 347 1392
f 1390 1392 19
f 1394 1392 1390
f 19 1392 440
f 1392 347 1393
f 440 1393 20
f 1392 1393 440
f 339 1370 1611
f 1370 338 1610
f 1611 1610 411
f 1370 1610 1611
f 418 1655 1656
f 1655 395 1613
f 1656 1613 411
f 1655 1613 1656
f 411 1609 1656
f 1609 337 1653
f 1656 1653 418
f 1609 1653 1656
f 338 1365 1610
f 1365 337 1609
f 1610 1609 411
f 1365 1609 1610
f 395 1524 1526
f 1524 375 1522
f 1526 1522 394
f 1524 1522 1526
f 375 1601 1522
f 1601 409 1602
f 1522 1602 394
f 1601 1602 1522
f 394 1612 1526
f 1612 411 1613
f 1526 1613 395
f 1612 1613 1526
f 294 1360 1179
f 1360 337 1359
f 1179 1359 293
f 1360 1359 1179
f 294 1179 1242
f 1179 293 1241
f 1242 1241 312
f 1179 1241 1242
f 312 1240 1242
f 1240 290 1178
f 1242 1178 294
f 1240 1178 1242
f 294 1178 1356
f 1178 290 1355
f 1356 1355 336
f 1178 1355 1356
f 336 1361 1356
f 1361 337 1360
f 1356 1360 294
f 1361 1360 1356
f 292 1363 1176
f 1363 338 1362
f 1176 1362 291
f 1363 1362 1176
f 292 1358 1363
f 1358 337 1365
f 1363 1365 338
f 1358 1365 1363
f 293 1359 1177
f 1359 337 1358
f 1177 1358 292
f 1359 1358 1177
f 292 1233 1177
f 1233 311 1234
f 1177 1234 293
f 1233 1234 1177
f 292 1176 1233
f 1176 291 1232
f 1233 1232 311
f 1176 1232 1233
f 345 1389 1594
f 1389 344 1593
f 1594 1593 408
f 1389 1593 1594
f 345 1527 1391
f 1527 396 1528
f 1391 1528 346
f 1527 1528 1391
f 346 1390 1391
f 1390 19 1387
f 1391 1387 345
f 1390 1387 1391
f 345 1387 1386
f 1387 19 439
f 1386 439 18
f 1387 439 1386
f 345 1386 1388
f 1386 18 441
f 1388 441 21
f 1386 441 1388
f 21 1383 1388
f 1383 344 1389
f 1388 1389 345
f 1383 1389 1388
f 87 534 847
f 534 86 846
f 847 846 188
f 534 846 847
f 87 537 534
f 537 88 536
f 534 536 86
f 537 536 534
f 82 573 523
f 573 101 572
f 523 572 79
f 573 572 523
f 102 633 578
f 633 120 632
f 578 632 100
f 633 632 578
f 121 636 635
f 636 120 633
f 635 633 102
f 636 633 635
f 100 576 578
f 576 101 579
f 578 579 102
f 576 579 578
f 102 579 577
f 579 101 575
f 577 575 88
f 579 575 577
f 62 937 488
f 937 207 938
f 488 938 63
f 937 938 488
f 63 938 926
f 938 207 939
f 926 939 204
f 938 939 926
f 204 930 926
f 930 203 921
f 926 921 63
f 930 921 926
f 61 487 1087
f 487 58 1085
f 1087 1085 245
f 487 1085 1087
f 61 486 487
f 486 57 481
f 487 481 58
f 486 481 487
f 245 1092 1087
f 1092 246 1090
f 1087 1090 61
f 1092 1090 1087
f 247 1094 1095
f 1094 57 486
f 1095 486 61
f 1094 486 1095
f 61 1090 1095
f 1090 246 1096
f 1095 1096 247
f 1090 1096 1095
f 208 959 941
f 959 214 956
f 941 956 62
f 959 956 941
f 64 957 943
f 957 214 959
f 943 959 208
f 957 959 943
f 62 488 941
f 488 63 942
f 941 942 208
f 488 942 941
f 208 942 943
f 942 63 489
f 943 489 64
f 942 489 943
f 391 1660 1517
f 1660 419 1661
f 1517 1661 392
f 1660 1661 1517
f 392 1521 1517
f 1521 393 1520
f 1517 1520 391
f 1521 1520 1517
f 422 1678 1679
f 1678 388 1672
f 1679 1672 421
f 1678 1672 1679
f 388 1518 1672
f 1518 393 1673
f 1672 1673 421
f 1518 1673 1672
f 421 1671 1670
f 1671 331 1338
f 1670 1338 330
f 1671 1338 1670
f 330 1334 1670
f 1334 329 1669
f 1670 1669 421
f 1334 1669 1670
f 329 1677 1669
f 1677 422 1679
f 1669 1679 421
f 1677 1679 1669
f 250 1107 1121
f 1107 36 1120
f 1121 1120 253
f 1107 1120 1121
f 253 1120 1125
f 1120 36 1124
f 1125 1124 254
f 1120 1124 1125
f 252 1118 1122
f 1118 250 1121
f 1122 1121 253
f 1118 1121 1122
f 253 1477 1122
f 1477 371 1476
f 1122 1476 252
f 1477 1476 1122
f 253 1474 1477
f 1474 370 1478
f 1477 1478 371
f 1474 1478 1477
f 369 1475 1471
f 1475 370 1474
f 1471 1474 253
f 1475 1474 1471
f 253 1125 1471
f 1125 254 1472
f 1471 1472 369
f 1125 1472 1471
f 4 425 1006
f 425 3 1005
f 1006 1005 227
f 425 1005 1006
f 3 458 1005
f 458 36 1008
f 1005 1008 227
f 458 1008 1005
f 227 1008 1009
f 1008 36 459
f 1009 459 37
f 1008 459 1009
f 227 1007 1006
f 1007 5 426
f 1006 426 4
f 1007 426 1006
f 286 1171 1350
f 1171 287 1351
f 1350 1351 335
f 1171 1351 1350
f 287 1347 1351
f 1347 334 1353
f 1351 1353 335
f 1347 1353 1351
f 336 1354 1357
f 1354 289 1352
f 1357 1352 335
f 1354 1352 1357
f 335 1352 1350
f 1352 289 1174
f 1350 1174 286
f 1352 1174 1350
f 335 1353 1659
f 1353 334 1658
f 1659 1658 419
f 1353 1658 1659
f 335 1651 1357
f 1651 418 1652
f 1357 1652 336
f 1651 1652 1357
f 335 1659 1651
f 1659 419 1662
f 1651 1662 418
f 1659 1662 1651
f 29 697 692
f 697 145 700
f 692 700 143
f 697 700 692
f 179 913 812
f 913 201 914
f 812 914 180
f 913 914 812
f 198 896 905
f 896 71 902
f 905 902 199
f 896 902 905
f 191 864 863
f 864 170 782
f 863 782 169
f 864 782 863
f 191 870 864
f 870 192 868
f 864 868 170
f 870 868 864
f 193 871 880
f 871 78 877
f 880 877 194
f 871 877 880
f 171 869 873
f 869 192 875
f 873 875 193
f 869 875 873
f 234 1044 1047
f 1044 235 1048
f 1047 1048 236
f 1044 1048 1047
f 234 1038 1044
f 1038 219 1041
f 1044 1041 235
f 1038 1041 1044
f 8 1455 1460
f 1455 365 1461
f 1460 1461 366
f 1455 1461 1460
f 366 1459 1460
f 1459 7 429
f 1460 429 8
f 1459 429 1460
f 8 430 1455
f 430 9 1456
f 1455 1456 365
f 430 1456 1455
f 8 1036 430
f 1036 234 1037
f 430 1037 9
f 1036 1037 430
f 236 1046 1045
f 1046 11 432
f 1045 432 10
f 1046 432 1045
f 10 1452 431
f 1452 364 1451
f 431 1451 9
f 1452 1451 431
f 10 432 1452
f 432 11 1453
f 1452 1453 364
f 432 1453 1452
f 243 1078 1079
f 1078 11 1046
f 1079 1046 236
f 1078 1046 1079
f 361 1447 1440
f 1447 362 1446
f 1440 1446 14
f 1447 1446 1440
f 14 436 1440
f 436 15 1441
f 1440 1441 361
f 436 1441 1440
f 224 992 990
f 992 223 987
f 990 987 43
f 992 987 990
f 225 1060 998
f 1060 239 1059
f 998 1059 224
f 1060 1059 998
f 224 1059 1050
f 1059 239 1061
f 1050 1061 237
f 1059 1061 1050
f 237 1049 1050
f 1049 223 992
f 1050 992 224
f 1049 992 1050
f 222 985 986
f 985 41 467
f 986 467 44
f 985 467 986
f 44 988 986
f 988 223 989
f 986 989 222
f 988 989 986
f 235 1040 1042
f 1040 41 985
f 1042 985 222
f 1040 985 1042
f 222 989 1042
f 989 223 1043
f 1042 1043 235
f 989 1043 1042
f 225 998 997
f 998 224 991
f 997 991 220
f 998 991 997
f 220 980 979
f 980 209 945
f 979 945 97
f 980 945 979
f 220 991 976
f 991 224 990
f 976 990 43
f 991 990 976
f 43 466 976
f 466 42 975
f 976 975 220
f 466 975 976
f 42 944 975
f 944 209 980
f 975 980 220
f 944 980 975
f 221 982 1021
f 982 211 1019
f 1021 1019 230
f 982 1019 1021
f 212 953 983
f 953 211 982
f 983 982 221
f 953 982 983
f 226 1000 1003
f 1000 212 983
f 1003 983 221
f 1000 983 1003
f 230 1023 1021
f 1023 231 1022
f 1021 1022 221
f 1023 1022 1021
f 221 984 1003
f 984 216 1002
f 1003 1002 226
f 984 1002 1003
f 232 1027 1029
f 1027 216 984
f 1029 984 221
f 1027 984 1029
f 221 1022 1029
f 1022 231 1031
f 1029 1031 232
f 1022 1031 1029
f 150 715 755
f 715 149 754
f 755 754 162
f 715 754 755
f 162 757 752
f 757 161 748
f 752 748 23
f 757 748 752
f 24 714 753
f 714 150 755
f 753 755 162
f 714 755 753
f 162 752 753
f 752 23 444
f 753 444 24
f 752 444 753
f 96 749 745
f 749 161 751
f 745 751 160
f 749 751 745
f 161 757 751
f 757 162 756
f 751 756 160
f 757 756 751
f 160 756 747
f 756 162 754
f 747 754 149
f 756 754 747
f 152 723 721
f 723 153 722
f 721 722 151
f 723 722 721
f 151 717 721
f 717 150 720
f 721 720 152
f 717 720 721
f 151 716 717
f 716 149 715
f 717 715 150
f 716 715 717
f 151 722 813
f 722 153 814
f 813 814 181
f 722 814 813
f 201 911 920
f 911 66 917
f 920 917 202
f 911 917 920
f 202 925 919
f 925 203 923
f 919 923 181
f 925 923 919
f 180 914 918
f 914 201 920
f 918 920 202
f 914 920 918
f 202 919 918
f 919 181 815
f 918 815 180
f 919 815 918
f 26 735 730
f 735 158 737
f 730 737 156
f 735 737 730
f 156 729 730
f 729 25 446
f 730 446 26
f 729 446 730
f 156 731 729
f 731 154 724
f 729 724 25
f 731 724 729
f 131 772 661
f 772 167 771
f 661 771 129
f 772 771 661
f 129 663 661
f 663 132 665
f 661 665 131
f 663 665 661
f 131 665 670
f 665 132 671
f 670 671 133
f 665 671 670
f 133 669 670
f 669 115 660
f 670 660 131
f 669 660 670
f 185 831 832
f 831 120 636
f 832 636 121
f 831 636 832
f 110 610 603
f 610 112 609
f 603 609 35
f 610 609 603
f 35 455 603
f 455 21 602
f 603 602 110
f 455 602 603
f 21 441 602
f 441 18 600
f 602 600 110
f 441 600 602
f 110 601 605
f 601 19 594
f 605 594 109
f 601 594 605
f 18 439 600
f 439 19 601
f 600 601 110
f 439 601 600
f 114 668 614
f 668 133 667
f 614 667 34
f 668 667 614
f 34 608 614
f 608 112 615
f 614 615 114
f 608 615 614
f 114 618 668
f 618 115 669
f 668 669 133
f 618 669 668
f 45 1403 469
f 1403 351 1404
f 469 1404 46
f 1403 1404 469
f 351 1405 1404
f 1405 47 470
f 1404 470 46
f 1405 470 1404
f 46 591 469
f 591 108 590
f 469 590 45
f 591 590 469
f 47 592 470
f 592 108 591
f 470 591 46
f 592 591 470
f 342 1599 1382
f 1599 409 1600
f 1382 1600 343
f 1599 1600 1382
f 342 1380 1599
f 1380 341 1598
f 1599 1598 409
f 1380 1598 1599
f 303 1376 1379
f 1376 341 1380
f 1379 1380 342
f 1376 1380 1379
f 343 1381 1382
f 1381 299 1378
f 1382 1378 342
f 1381 1378 1382
f 342 1378 1379
f 1378 299 1197
f 1379 1197 303
f 1378 1197 1379
f 409 1598 1608
f 1598 341 1606
f 1608 1606 410
f 1598 1606 1608
f 410 1607 1608
f 1607 394 1602
f 1608 1602 409
f 1607 1602 1608
f 411 1612 1614
f 1612 394 1607
f 1614 1607 410
f 1612 1607 1614
f 339 1611 1604
f 1611 411 1614
f 1604 1614 410
f 1611 1614 1604
f 407 1589 1597
f 1589 345 1594
f 1597 1594 408
f 1589 1594 1597
f 396 1527 1591
f 1527 345 1589
f 1591 1589 407
f 1527 1589 1591
f 407 1597 1590
f 1597 408 1595
f 1590 1595 374
f 1597 1595 1590
f 374 1530 1590
f 1530 396 1591
f 1590 1591 407
f 1530 1591 1590
f 88 537 638
f 537 87 637
f 638 637 122
f 537 637 638
f 121 635 640
f 635 102 639
f 640 639 122
f 635 639 640
f 122 639 638
f 639 102 577
f 638 577 88
f 639 577 638
f 86 536 533
f 536 88 535
f 533 535 85
f 536 535 533
f 88 575 535
f 575 101 574
f 535 574 85
f 575 574 535
f 101 573 574
f 573 82 529
f 574 529 85
f 573 529 574
f 83 530 527
f 530 85 529
f 527 529 82
f 530 529 527
f 101 569 570
f 569 70 505
f 570 505 73
f 569 505 570
f 73 505 506
f 505 70 503
f 506 503 71
f 505 503 506
f 67 568 493
f 568 101 567
f 493 567 64
f 568 567 493
f 67 499 568
f 499 70 569
f 568 569 101
f 499 569 568
f 71 503 502
f 503 70 501
f 502 501 69
f 503 501 502
f 199 902 901
f 902 71 502
f 901 502 69
f 902 502 901
f 64 489 491
f 489 63 490
f 491 490 65
f 489 490 491
f 65 494 491
f 494 67 493
f 491 493 64
f 494 493 491
f 66 495 492
f 495 67 494
f 492 494 65
f 495 494 492
f 65 490 922
f 490 63 921
f 922 921 203
f 490 921 922
f 65 916 492
f 916 202 917
f 492 917 66
f 916 917 492
f 203 925 922
f 925 202 916
f 922 916 65
f 925 916 922
f 393 1521 1667
f 1521 392 1666
f 1667 1666 420
f 1521 1666 1667
f 420 1674 1667
f 1674 421 1673
f 1667 1673 393
f 1674 1673 1667
f 420 1666 1668
f 1666 392 1661
f 1668 1661 419
f 1666 1661 1668
f 333 1345 1665
f 1345 332 1664
f 1665 1664 420
f 1345 1664 1665
f 420 1668 1665
f 1668 419 1657
f 1665 1657 333
f 1668 1657 1665
f 332 1342 1664
f 1342 331 1663
f 1664 1663 420
f 1342 1663 1664
f 331 1671 1663
f 1671 421 1674
f 1663 1674 420
f 1671 1674 1663
f 140 686 690
f 686 139 689
f 690 689 141
f 686 689 690
f 141 694 690
f 694 143 693
f 690 693 140
f 694 693 690
f 141 689 687
f 689 139 682
f 687 682 28
f 689 682 687
f 28 449 687
f 449 29 688
f 687 688 141
f 449 688 687
f 29 692 688
f 692 143 694
f 688 694 141
f 692 694 688
f 201 913 915
f 913 179 909
f 915 909 200
f 913 909 915
f 199 901 910
f 901 69 907
f 910 907 200
f 901 907 910
f 200 908 910
f 908 178 904
f 910 904 199
f 908 904 910
f 200 909 908
f 909 179 809
f 908 809 178
f 909 809 908
f 180 810 811
f 810 153 727
f 811 727 155
f 810 727 811
f 155 807 811
f 807 179 812
f 811 812 180
f 807 812 811
f 155 732 736
f 732 156 737
f 736 737 158
f 732 737 736
f 153 726 727
f 726 154 728
f 727 728 155
f 726 728 727
f 154 731 728
f 731 156 732
f 728 732 155
f 731 732 728
f 176 800 894
f 800 175 893
f 894 893 197
f 800 893 894
f 197 900 894
f 900 198 898
f 894 898 176
f 900 898 894
f 190 865 859
f 865 191 863
f 859 863 169
f 865 863 859
f 190 858 860
f 858 168 854
f 860 854 189
f 858 854 860
f 169 779 859
f 779 168 858
f 859 858 190
f 779 858 859
f 190 856 865
f 856 83 862
f 865 862 191
f 856 862 865
f 174 797 792
f 797 175 796
f 792 796 140
f 797 796 792
f 144 790 696
f 790 173 789
f 696 789 142
f 790 789 696
f 140 693 691
f 693 143 695
f 691 695 142
f 693 695 691
f 142 793 691
f 793 174 792
f 691 792 140
f 793 792 691
f 173 794 789
f 794 174 793
f 789 793 142
f 794 793 789
f 145 701 699
f 701 144 696
f 699 696 142
f 701 696 699
f 142 695 699
f 695 143 700
f 699 700 145
f 695 700 699
f 140 796 685
f 796 175 795
f 685 795 138
f 796 795 685
f 138 684 685
f 684 139 686
f 685 686 140
f 684 686 685
f 175 800 795
f 800 176 799
f 795 799 138
f 800 799 795
f 138 799 680
f 799 176 798
f 680 798 136
f 799 798 680
f 194 879 878
f 879 173 791
f 878 791 172
f 879 791 878
f 172 874 878
f 874 193 880
f 878 880 194
f 874 880 878
f 171 873 788
f 873 193 874
f 788 874 172
f 873 874 788
f 172 791 786
f 791 173 790
f 786 790 144
f 791 790 786
f 146 784 787
f 784 171 788
f 787 788 172
f 784 788 787
f 172 786 787
f 786 144 703
f 787 703 146
f 786 703 787
f 228 1013 1014
f 1013 38 461
f 1014 461 39
f 1013 461 1014
f 228 1014 1015
f 1014 39 972
f 1015 972 219
f 1014 972 1015
f 219 1038 1015
f 1038 234 1039
f 1015 1039 228
f 1038 1039 1015
f 37 460 1012
f 460 38 1013
f 1012 1013 228
f 460 1013 1012
f 228 1016 1012
f 1016 227 1009
f 1012 1009 37
f 1016 1009 1012
f 5 1007 1010
f 1007 227 1016
f 1010 1016 228
f 1007 1016 1010
f 6 427 1011
f 427 5 1010
f 1011 1010 228
f 427 1010 1011
f 242 1076 1077
f 1076 234 1047
f 1077 1047 236
f 1076 1047 1077
f 9 1037 1074
f 1037 234 1076
f 1074 1076 242
f 1037 1076 1074
f 236 1045 1077
f 1045 10 1075
f 1077 1075 242
f 1045 1075 1077
f 242 1075 1074
f 1075 10 431
f 1074 431 9
f 1075 431 1074
f 238 1055 1054
f 1055 218 968
f 1054 968 12
f 1055 968 1054
f 12 433 1054
f 433 11 1053
f 1054 1053 238
f 433 1053 1054
f 11 1078 1053
f 1078 243 1080
f 1053 1080 238
f 1078 1080 1053
f 238 1080 1056
f 1080 243 1079
f 1056 1079 236
f 1080 1079 1056
f 238 1062 1055
f 1062 239 1058
f 1055 1058 218
f 1062 1058 1055
f 236 1052 1056
f 1052 237 1057
f 1056 1057 238
f 1052 1057 1056
f 237 1061 1057
f 1061 239 1062
f 1057 1062 238
f 1061 1062 1057
f 244 1084 1083
f 1084 218 971
f 1083 971 217
f 1084 971 1083
f 244 1081 1084
f 1081 14 970
f 1084 970 218
f 1081 970 1084
f 217 965 1083
f 965 15 1082
f 1083 1082 244
f 965 1082 1083
f 15 436 1082
f 436 14 1081
f 1082 1081 244
f 436 1081 1082
f 12 968 434
f 968 218 969
f 434 969 13
f 968 969 434
f 218 970 969
f 970 14 435
f 969 435 13
f 970 435 969
f 362 1444 1445
f 1444 12 434
f 1445 434 13
f 1444 434 1445
f 13 435 1445
f 435 14 1446
f 1445 1446 362
f 435 1446 1445
f 210 947 995
f 947 94 993
f 995 993 225
f 947 993 995
f 225 997 995
f 997 220 981
f 995 981 210
f 997 981 995
f 210 981 947
f 981 220 977
f 947 977 94
f 981 977 947
f 95 978 554
f 978 220 979
f 554 979 97
f 978 979 554
f 94 977 551
f 977 220 978
f 551 978 95
f 977 978 551
f 97 555 554
f 555 96 553
f 554 553 95
f 555 553 554
f 96 552 553
f 552 94 551
f 553 551 95
f 552 551 553
f 107 589 588
f 589 106 584
f 588 584 104
f 589 584 588
f 104 583 588
f 583 94 586
f 588 586 107
f 583 586 588
f 107 586 587
f 586 94 552
f 587 552 96
f 586 552 587
f 96 745 587
f 745 160 746
f 587 746 107
f 745 746 587
f 183 822 821
f 822 160 747
f 821 747 149
f 822 747 821
f 183 820 822
f 820 107 746
f 822 746 160
f 820 746 822
f 204 927 929
f 927 106 819
f 929 819 183
f 927 819 929
f 106 589 819
f 589 107 820
f 819 820 183
f 589 820 819
f 163 833 764
f 833 185 834
f 764 834 164
f 833 834 764
f 92 545 759
f 545 89 758
f 759 758 163
f 545 758 759
f 120 831 829
f 831 185 835
f 829 835 184
f 831 835 829
f 184 826 827
f 826 116 624
f 827 624 117
f 826 624 827
f 90 621 825
f 621 116 826
f 825 826 184
f 621 826 825
f 185 833 835
f 833 163 830
f 835 830 184
f 833 830 835
f 184 824 825
f 824 89 541
f 825 541 90
f 824 541 825
f 184 830 824
f 830 163 758
f 824 758 89
f 830 758 824
f 187 841 850
f 841 87 847
f 850 847 188
f 841 847 850
f 187 842 841
f 842 122 637
f 841 637 87
f 842 637 841
f 166 769 768
f 769 131 660
f 768 660 115
f 769 660 768
f 115 766 768
f 766 165 770
f 768 770 166
f 766 770 768
f 167 772 773
f 772 131 769
f 773 769 166
f 772 769 773
f 165 843 770
f 843 187 844
f 770 844 166
f 843 844 770
f 188 849 848
f 849 167 773
f 848 773 166
f 849 773 848
f 166 844 848
f 844 187 850
f 848 850 188
f 844 850 848
f 112 610 611
f 610 110 607
f 611 607 111
f 610 607 611
f 111 761 762
f 761 163 764
f 762 764 164
f 761 764 762
f 339 1604 1375
f 1604 410 1605
f 1375 1605 340
f 1604 1605 1375
f 340 1605 1377
f 1605 410 1606
f 1377 1606 341
f 1605 1606 1377
f 297 1183 1372
f 1183 296 1371
f 1372 1371 340
f 1183 1371 1372
f 340 1371 1375
f 1371 296 1369
f 1375 1369 339
f 1371 1369 1375
f 340 1373 1372
f 1373 298 1184
f 1372 1184 297
f 1373 1184 1372
f 303 1196 1374
f 1196 298 1373
f 1374 1373 340
f 1196 1373 1374
f 340 1377 1374
f 1377 341 1376
f 1374 1376 303
f 1377 1376 1374
f 81 526 525
f 526 83 527
f 525 527 82
f 526 527 525
f 192 870 867
f 870 191 861
f 867 861 81
f 870 861 867
f 191 862 861
f 862 83 526
f 861 526 81
f 862 526 861
f 79 572 517
f 572 101 571
f 517 571 76
f 572 571 517
f 101 570 571
f 570 73 511
f 571 511 76
f 570 511 571
f 76 511 512
f 511 73 509
f 512 509 74
f 511 509 512
f 74 510 512
f 510 75 513
f 512 513 76
f 510 513 512
f 72 507 504
f 507 73 506
f 504 506 71
f 507 506 504
f 74 509 508
f 509 73 507
f 508 507 72
f 509 507 508
f 71 896 504
f 896 198 897
f 504 897 72
f 896 897 504
f 72 897 891
f 897 198 900
f 891 900 197
f 897 900 891
f 197 892 891
f 892 74 508
f 891 508 72
f 892 508 891
f 70 499 500
f 499 67 497
f 500 497 68
f 499 497 500
f 68 498 500
f 498 69 501
f 500 501 70
f 498 501 500
f 68 497 496
f 497 67 495
f 496 495 66
f 497 495 496
f 68 496 912
f 496 66 911
f 912 911 201
f 496 911 912
f 201 915 912
f 915 200 906
f 912 906 68
f 915 906 912
f 68 906 498
f 906 200 907
f 498 907 69
f 906 907 498
f 178 809 805
f 809 179 808
f 805 808 157
f 809 808 805
f 179 807 808
f 807 155 734
f 808 734 157
f 807 734 808
f 157 734 738
f 734 155 736
f 738 736 158
f 734 736 738
f 177 803 899
f 803 176 898
f 899 898 198
f 803 898 899
f 199 904 903
f 904 178 806
f 903 806 177
f 904 806 903
f 177 899 903
f 899 198 905
f 903 905 199
f 899 905 903
f 136 798 802
f 798 176 803
f 802 803 177
f 798 803 802
f 83 856 528
f 856 190 857
f 528 857 84
f 856 857 528
f 86 533 532
f 533 85 531
f 532 531 84
f 533 531 532
f 85 530 531
f 530 83 528
f 531 528 84
f 530 528 531
f 189 852 851
f 852 86 532
f 851 532 84
f 852 532 851
f 84 857 851
f 857 190 860
f 851 860 189
f 857 860 851
f 136 675 679
f 675 135 678
f 679 678 137
f 675 678 679
f 139 684 683
f 684 138 681
f 683 681 137
f 684 681 683
f 137 681 679
f 681 138 680
f 679 680 136
f 681 680 679
f 28 682 677
f 682 139 683
f 677 683 137
f 682 683 677
f 137 676 677
f 676 27 448
f 677 448 28
f 676 448 677
f 137 678 676
f 678 135 672
f 676 672 27
f 678 672 676
f 195 883 885
f 883 173 879
f 885 879 194
f 883 879 885
f 195 884 883
f 884 174 794
f 883 794 173
f 884 794 883
f 241 1072 1073
f 1072 228 1039
f 1073 1039 234
f 1072 1039 1073
f 241 1071 1070
f 1071 8 429
f 1070 429 7
f 1071 429 1070
f 234 1036 1073
f 1036 8 1071
f 1073 1071 241
f 1036 1071 1073
f 241 1070 1069
f 1070 7 428
f 1069 428 6
f 1070 428 1069
f 6 1011 1069
f 1011 228 1072
f 1069 1072 241
f 1011 1072 1069
f 182 823 816
f 823 183 821
f 816 821 149
f 823 821 816
f 182 817 818
f 817 151 813
f 818 813 181
f 817 813 818
f 149 716 816
f 716 151 817
f 816 817 182
f 716 817 816
f 181 923 818
f 923 203 924
f 818 924 182
f 923 924 818
f 182 924 928
f 924 203 930
f 928 930 204
f 924 930 928
f 204 929 928
f 929 183 823
f 928 823 182
f 929 823 928
f 119 828 630
f 828 184 827
f 630 827 117
f 828 827 630
f 120 829 634
f 829 184 828
f 634 828 119
f 829 828 634
f 117 627 630
f 627 118 631
f 630 631 119
f 627 631 630
f 118 626 631
f 626 103 629
f 631 629 119
f 626 629 631
f 119 629 628
f 629 103 582
f 628 582 100
f 629 582 628
f 100 632 628
f 632 120 634
f 628 634 119
f 632 634 628
f 186 845 839
f 845 187 843
f 839 843 165
f 845 843 839
f 164 834 838
f 834 185 840
f 838 840 186
f 834 840 838
f 186 839 838
f 839 165 767
f 838 767 164
f 839 767 838
f 186 840 836
f 840 185 832
f 836 832 121
f 840 832 836
f 121 640 836
f 640 122 837
f 836 837 186
f 640 837 836
f 122 842 837
f 842 187 845
f 837 845 186
f 842 845 837
f 112 611 613
f 611 111 612
f 613 612 113
f 611 612 613
f 115 618 617
f 618 114 616
f 617 616 113
f 618 616 617
f 113 616 613
f 616 114 615
f 613 615 112
f 616 615 613
f 113 612 763
f 612 111 762
f 763 762 164
f 612 762 763
f 113 765 617
f 765 165 766
f 617 766 115
f 765 766 617
f 164 767 763
f 767 165 765
f 763 765 113
f 767 765 763
f 93 604 598
f 604 110 605
f 598 605 109
f 604 605 598
f 93 606 604
f 606 111 607
f 604 607 110
f 606 607 604
f 93 598 547
f 598 109 597
f 547 597 49
f 598 597 547
f 49 473 547
f 473 50 548
f 547 548 93
f 473 548 547
f 92 759 550
f 759 163 760
f 550 760 93
f 759 760 550
f 163 761 760
f 761 111 606
f 760 606 93
f 761 606 760
f 80 524 521
f 524 82 523
f 521 523 79
f 524 523 521
f 80 522 524
f 522 81 525
f 524 525 82
f 522 525 524
f 79 519 521
f 519 78 520
f 521 520 80
f 519 520 521
f 78 871 520
f 871 193 872
f 520 872 80
f 871 872 520
f 80 872 866
f 872 193 875
f 866 875 192
f 872 875 866
f 192 867 866
f 867 81 522
f 866 522 80
f 867 522 866
f 77 515 514
f 515 76 513
f 514 513 75
f 515 513 514
f 75 881 514
f 881 195 882
f 514 882 77
f 881 882 514
f 77 516 518
f 516 78 519
f 518 519 79
f 516 519 518
f 79 517 518
f 517 76 515
f 518 515 77
f 517 515 518
f 194 877 876
f 877 78 516
f 876 516 77
f 877 516 876
f 77 882 876
f 882 195 885
f 876 885 194
f 882 885 876
f 159 743 744
f 743 157 738
f 744 738 158
f 743 738 744
f 159 744 739
f 744 158 735
f 739 735 26
f 744 735 739
f 26 447 739
f 447 27 740
f 739 740 159
f 447 740 739
f 27 672 740
f 672 135 742
f 740 742 159
f 672 742 740
f 136 802 674
f 802 177 801
f 674 801 134
f 802 801 674
f 157 743 733
f 743 159 741
f 733 741 134
f 743 741 733
f 178 805 804
f 805 157 733
f 804 733 134
f 805 733 804
f 134 801 804
f 801 177 806
f 804 806 178
f 801 806 804
f 134 673 674
f 673 135 675
f 674 675 136
f 673 675 674
f 134 741 673
f 741 159 742
f 673 742 135
f 741 742 673
f 196 890 887
f 890 195 881
f 887 881 75
f 890 881 887
f 196 886 895
f 886 74 892
f 895 892 197
f 886 892 895
f 196 887 886
f 887 75 510
f 886 510 74
f 887 510 886
f 197 893 895
f 893 175 889
f 895 889 196
f 893 889 895
f 175 797 889
f 797 174 888
f 889 888 196
f 797 888 889
f 174 884 888
f 884 195 890
f 888 890 196
f 884 890 888
f 91 542 546
f 542 50 543
f 546 543 92
f 542 543 546
f 92 550 546
f 550 93 549
f 546 549 91
f 550 549 546
f 91 549 542
f 549 93 548
f 542 548 50
f 549 548 542

