# https://github.com/mikedh/trimesh
v 0.00022519 0.04678917 0.03223797
v -0.00004596 0.03943642 0.04342684
v -0.00024689 0.04648602 0.00767222
v -0.00015765 0.04632793 0.00325625
v -0.00008086 0.04591534 -0.00349270
v -0.00020528 -0.03828152 0.04350491
v 0.03858480 -0.02874738 -0.12126297
v 0.03724006 0.03169965 -0.11830545
v -0.02475232 0.01790950 -0.11097657
v -0.02181794 0.01644361 -0.11429067
v -0.02364388 0.00964597 -0.11475152
v -0.03179877 0.02680798 -0.09007945
v -0.03399724 0.02320336 -0.09096396
v -0.03518408 0.02443753 -0.08282091
v -0.00024033 0.00058993 -0.12619797
v -0.00087401 0.00155141 -0.12606170
v 0.00546732 0.00063544 -0.12711885
v -0.01731782 0.00327914 -0.11990238
v -0.01649695 0.00687041 -0.12004574
v -0.01265619 0.00543942 -0.12210169
v -0.02837163 0.00059372 -0.11157456
v -0.02518421 0.00183839 -0.11450781
v -0.02421718 0.00078125 -0.11532345
v -0.04569003 0.00464383 -0.04889866
v -0.04598661 0.00310599 -0.03634205
v -0.04587394 0.00074002 -0.05214973
v -0.04606997 0.00076682 -0.03632608
v -0.04525384 0.00479071 -0.06229890
v -0.04547506 0.00072506 -0.06296440
v -0.04476000 0.00471514 -0.06940721
v -0.04485281 0.00047983 -0.07088177
v -0.04390723 0.00448190 -0.07674548
v -0.04398467 0.00048575 -0.07754631
v -0.04249548 0.00397784 -0.08434362
v -0.04284418 0.00067562 -0.08348728
v -0.04136667 0.00071372 -0.08905499
v -0.04023119 0.00321330 -0.09218362
v -0.04040478 0.00063500 -0.09195941
v -0.03678593 0.00161755 -0.10011152
v -0.03750331 0.00073562 -0.09876028
v -0.03941690 0.00087793 -0.09453442
v -0.03485942 0.00087297 -0.10341424
v -0.03630673 0.00590336 -0.10032658
v -0.03203559 0.00066867 -0.10740388
v -0.03155924 0.00409912 -0.10778821
v -0.03151622 0.00064152 -0.10805719
v -0.02844606 0.00312043 -0.11139899
v -0.02448793 0.00568820 -0.11476595
v -0.02014101 0.00087384 -0.11827149
v -0.01549670 0.00057295 -0.12095414
v -0.01151007 0.00054935 -0.12279080
v -0.00858334 0.00414356 -0.12381658
v -0.00936443 0.00061512 -0.12362879
v -0.00577575 0.00068272 -0.12481783
v 0.00567416 0.03208192 -0.12280078
v 0.00737718 0.03203315 -0.12319962
v 0.00446631 0.01823213 -0.12663193
v 0.00880088 0.03197386 -0.12349519
v 0.01281896 0.01564206 -0.12764753
v 0.01139673 0.02212086 -0.12753400
v 0.01550110 0.03178005 -0.12415694
v 0.01063766 0.03194313 -0.12376146
v -0.01389848 0.03346771 -0.11047618
v -0.01071472 0.03317373 -0.11374258
v -0.01444138 0.02724879 -0.11602928
v -0.00709957 0.03285306 -0.11671746
v -0.01129247 0.02514328 -0.11921249
v -0.00311634 0.03254109 -0.11927078
v -0.00773137 0.02327579 -0.12181138
v 0.00127616 0.03225303 -0.12137647
v -0.00386992 0.02149798 -0.12389902
v -0.02462507 0.03426462 -0.08823760
v -0.02353763 0.03458002 -0.09075030
v -0.02526228 0.03300688 -0.09267358
v -0.02230912 0.03455137 -0.09477348
v -0.02518695 0.03159311 -0.09713502
v -0.02075503 0.03440750 -0.09889393
v -0.02435074 0.03022728 -0.10144356
v -0.01886966 0.03415083 -0.10295323
v -0.02290364 0.02886030 -0.10556166
v -0.02490564 0.03426059 -0.08669002
v 0.01063577 0.01032811 -0.12754636
v 0.00230572 0.01300835 -0.12638372
v 0.00024580 0.01975753 -0.12550938
v -0.00575076 0.01608765 -0.12380712
v -0.00964463 0.01774825 -0.12187474
v -0.01329174 0.01942646 -0.11952527
v -0.01667224 0.02112207 -0.11673672
v -0.01971225 0.02277361 -0.11354765
v -0.02233689 0.02434637 -0.11003150
v -0.02916810 0.03016353 -0.08924494
v -0.02859150 0.02933452 -0.09366372
v -0.02766838 0.02834560 -0.09791617
v -0.02633234 0.02717884 -0.10211165
v -0.02454745 0.02585034 -0.10618183
v -0.01664002 0.03375034 -0.10694515
v -0.03567756 0.02492456 -0.07535005
v -0.03256692 0.02791598 -0.08219507
v -0.02957729 0.03101210 -0.08165447
v -0.02018255 0.00814185 -0.11761555
v -0.04495521 0.00850783 -0.04899887
v -0.04295249 0.01350421 -0.06224972
v -0.04434761 0.00939989 -0.06228080
v -0.04249688 0.01375330 -0.06912879
v -0.04391477 0.00931277 -0.06934560
v -0.04189262 0.01338158 -0.07648262
v -0.04316019 0.00896974 -0.07670420
v -0.04074218 0.01268513 -0.08420158
v -0.04185204 0.00832641 -0.08436758
v -0.03872276 0.01160041 -0.09222522
v -0.03968897 0.00729917 -0.09230979
v -0.03545268 0.01006553 -0.10038478
v -0.03081114 0.00808089 -0.10794580
v -0.01852853 0.01492916 -0.11727021
v -0.01497630 0.01337941 -0.11985411
v -0.01121994 0.01182672 -0.12203112
v -0.00715746 0.01023533 -0.12387084
v 0.00063346 0.00745513 -0.12622999
v 0.00873761 0.00486474 -0.12743135
v 0.01141913 0.00060242 -0.12760987
v 0.01573347 0.00060521 -0.12768992
v -0.04066512 0.01775678 -0.06892383
v -0.03809285 0.02140708 -0.07570149
v -0.04018276 0.01754457 -0.07611440
v -0.03738990 0.02073756 -0.08341102
v -0.03924016 0.01682682 -0.08387664
v -0.03582221 0.01957213 -0.09156206
v -0.03741607 0.01569612 -0.09197033
v -0.03303834 0.01788047 -0.09976152
v -0.03432447 0.01410440 -0.10020113
v -0.02871690 0.01572918 -0.10759454
v -0.02987998 0.01211895 -0.10777156
v -0.02683789 0.01080249 -0.11157176
v -0.03154432 0.02156966 -0.09909486
v -0.02967989 0.02026821 -0.10344677
v -0.02738658 0.01926362 -0.10729177
v -0.03102042 0.02577080 -0.09455823
v -0.02973582 0.02496831 -0.09864435
v -0.02807052 0.02388406 -0.10281301
v -0.02602475 0.02259056 -0.10681689
v 0.02249546 0.03169341 -0.12363599
v 0.03158156 -0.02884123 -0.12452216
v 0.03050011 0.03168743 -0.12150377
v 0.02297907 -0.02899285 -0.12678109
v 0.01544674 -0.02918663 -0.12737553
v -0.00688998 -0.03049335 -0.12138349
v -0.00267758 -0.03018924 -0.12350932
v 0.00158441 -0.02988262 -0.12514483
v 0.00389488 -0.02977843 -0.12581999
v 0.00594727 -0.02968957 -0.12631170
v 0.01038152 -0.02939696 -0.12706968
v -0.01491770 -0.03087363 -0.11567977
v -0.01096153 -0.03062175 -0.11883814
v -0.04621474 -0.00572977 -0.00441144
v -0.04605676 -0.00054119 -0.03632857
v -0.04508022 -0.01303826 -0.00446353
v -0.04564260 -0.01030254 -0.00442243
v -0.04279127 -0.01995512 -0.00453847
v -0.04446475 -0.01533251 -0.00446975
v -0.04064815 -0.02422828 -0.00453884
v -0.01163391 0.04532462 0.00333233
v -0.00805818 0.04585702 0.00338168
v -0.00777825 0.04566690 -0.00179689
v -0.00611235 0.04605323 0.00333405
v -0.00749692 0.04531090 -0.00729970
v -0.01748194 0.04391369 0.00345191
v -0.01639504 0.04406486 -0.00181817
v -0.02136351 0.04256061 0.00339502
v -0.02077228 0.04223947 -0.00729834
v -0.02520946 0.04021154 -0.00722898
v -0.02435391 0.04122574 0.00340101
v -0.02592846 0.04040646 0.00343738
v -0.02957310 0.03752999 -0.00717329
v -0.02958592 0.03813391 0.00349684
v -0.03369288 0.03411181 -0.00708643
v -0.03309573 0.03531148 0.00358650
v -0.03717083 0.03020068 -0.00693616
v -0.03630710 0.03193603 0.00365461
v -0.03995298 0.02613776 -0.00673237
v -0.03887105 0.02851764 0.00370906
v -0.04221515 0.02187931 -0.00648396
v -0.04117997 0.02465131 0.00376059
v -0.04399131 0.01741216 -0.00620524
v -0.04315739 0.02035182 0.00380347
v -0.04526383 0.01281511 -0.00592034
v -0.04466080 0.01589162 0.00382696
v -0.04569559 0.01135809 0.00381321
v -0.04602946 0.00826156 -0.00565843
v -0.04609732 0.00869085 0.00379282
v -0.04652424 0.00075984 0.00376746
v -0.04635601 0.00604793 0.00377947
v -0.04612642 0.00277477 -0.02629453
v -0.04623949 0.00320961 -0.01586755
v -0.01593183 0.04381702 -0.00739741
v -0.02062714 0.04330121 0.03233579
v -0.02174350 0.04280986 0.03234694
v -0.01842866 0.03629953 0.04338319
v -0.04643838 0.00096720 0.03243950
v -0.03913969 0.00053988 0.04340255
v -0.04623736 0.00517062 0.03261083
v -0.03859500 0.00615599 0.04350825
v -0.04596236 0.00765121 0.03264952
v -0.04355187 0.01749528 0.03293247
v -0.04440479 0.01487328 0.03281997
v -0.03709766 0.01270789 0.04357718
v -0.04499623 0.01252333 0.03289728
v -0.04564442 0.00945440 0.03281424
v -0.04196086 0.02163240 0.03286048
v -0.03500093 0.01856890 0.04356633
v -0.03993742 0.02565330 0.03290248
v -0.03223043 0.02383436 0.04354467
v -0.03745837 0.02959974 0.03284307
v -0.02882080 0.02833074 0.04354859
v -0.03440288 0.03346184 0.03270336
v -0.02800425 0.02925779 0.04352821
v -0.03116026 0.03662824 0.03274807
v -0.02372540 0.03315790 0.04343394
v -0.02880773 0.03858603 0.03255647
v -0.02504592 0.04106094 0.03254352
v -0.01749965 0.04445820 0.03236829
v -0.01300003 0.03821935 0.04336972
v -0.01495052 0.04523537 0.03221640
v -0.01229569 0.04581941 0.03226876
v -0.00724991 0.03925210 0.04335354
v -0.00739132 0.04652288 0.03221123
v -0.00212842 0.04676574 0.03230994
v -0.00425499 -0.03817016 0.04345128
v -0.00478607 -0.04534634 0.03328816
v -0.02056784 -0.04109311 0.03335612
v -0.01910744 -0.04176252 0.03333073
v -0.01627952 -0.03497029 0.04352270
v -0.01611729 -0.04289284 0.03342787
v -0.01036350 -0.03710232 0.04346183
v -0.01170175 -0.04421816 0.03330514
v -0.00733107 -0.04502137 0.03337881
v -0.03310691 -0.03221003 0.03305539
v -0.03178743 -0.03352106 0.03302703
v -0.02669870 -0.02803914 0.04353764
v -0.02948258 -0.03548023 0.03322675
v -0.02175810 -0.03198911 0.04352152
v -0.02579445 -0.03820047 0.03322687
v -0.02187885 -0.04042105 0.03341287
v -0.03454947 -0.01771544 0.04346102
v -0.03979485 -0.02337698 0.03296784
v -0.03096110 -0.02343439 0.04347399
v -0.03731177 -0.02724749 0.03291187
v -0.03434110 -0.03087660 0.03307924
v -0.03710678 -0.01169725 0.04342033
v -0.04209743 -0.01891313 0.03286083
v -0.04110000 -0.02105736 0.03280018
v -0.03859916 -0.00563977 0.04341953
v -0.04511932 -0.01011931 0.03270196
v -0.04381363 -0.01464668 0.03269684
v -0.04613632 -0.00437315 0.03262016
v -0.04603192 -0.00536577 0.03256743
v -0.04579889 -0.00694947 0.03255042
v -0.04643698 -0.00011705 0.03248003
v -0.03349651 -0.03317522 0.01663442
v -0.03329645 -0.03392698 0.00434870
v -0.03599155 -0.03106248 0.00424360
v -0.03885260 -0.02728656 0.00416612
v -0.04135222 -0.02310029 0.00412541
v -0.04271720 -0.02022936 0.00415017
v -0.04356770 -0.01810000 0.00408149
v -0.04491051 -0.01381095 0.00403800
v -0.04589700 -0.00896891 0.00390396
v -0.04642069 -0.00380067 0.00379904
v -0.04612102 -0.00730459 0.00385233
v -0.04621058 -0.00626754 -0.00028075
v -0.04508414 -0.01321883 -0.00015239
v -0.03932563 -0.02658882 -0.00022809
v -0.04277490 -0.02017526 -0.00027414
v -0.03121188 -0.02466701 -0.09960377
v -0.03261529 -0.02089229 -0.10008437
v -0.03050419 -0.02010696 -0.10404227
v 0.01301781 -0.01843602 -0.12765475
v 0.00441550 -0.02067520 -0.12664030
v 0.00266609 -0.01494429 -0.12646726
v 0.00676064 -0.02623808 -0.12691713
v 0.01112194 -0.02503365 -0.12751691
v 0.00797443 -0.00082588 -0.12738031
v -0.00018315 -0.00284338 -0.12618284
v -0.00827851 -0.00499247 -0.12388578
v -0.01602524 -0.00709056 -0.12032642
v -0.01738116 -0.00004199 -0.11994053
v -0.03108053 -0.00363251 -0.10838284
v -0.02802816 -0.00281005 -0.11180270
v -0.02468733 -0.00196019 -0.11488545
v -0.02111169 -0.00097616 -0.11760863
v -0.03809126 -0.00562840 -0.09681276
v -0.03614459 -0.00507238 -0.10077340
v -0.03379714 -0.00438580 -0.10468115
v -0.04245080 -0.00265527 -0.08476513
v -0.04011911 -0.00201114 -0.09257550
v -0.04432437 -0.00751857 -0.06974258
v -0.04474061 -0.00794728 -0.06249370
v -0.04532716 -0.00346014 -0.06263217
v -0.04575324 -0.00347921 -0.04902202
v -0.04512590 -0.00787121 -0.04906561
v -0.02797932 -0.02669464 -0.10332350
v -0.02320570 -0.02476539 -0.11067005
v -0.01808914 -0.02934971 -0.11353610
v -0.02029689 -0.02344496 -0.11404579
v -0.01510137 -0.02801234 -0.11669773
v -0.01704444 -0.02199920 -0.11710782
v -0.01172814 -0.02645674 -0.11956094
v -0.01348938 -0.02053100 -0.11978844
v -0.00800463 -0.02491999 -0.12200685
v -0.00968478 -0.01906988 -0.12206533
v -0.00402554 -0.02342822 -0.12399963
v -0.00568796 -0.01764350 -0.12393063
v 0.00010473 -0.02197523 -0.12553133
v -0.03407458 -0.02601813 -0.09132666
v -0.03563022 -0.02263743 -0.09162796
v -0.03427468 -0.02183868 -0.09595350
v -0.01997477 -0.00827066 -0.11782672
v -0.02355135 -0.00938369 -0.11503612
v -0.02686746 -0.01044952 -0.11187574
v -0.02986977 -0.01144696 -0.10838375
v -0.03251710 -0.01235874 -0.10461834
v -0.03478568 -0.01317331 -0.10065434
v -0.03662880 -0.01389905 -0.09666455
v -0.03912339 -0.01029724 -0.09259010
v 0.00108388 -0.00901611 -0.12631158
v 0.01104727 -0.01267833 -0.12757024
v -0.00687279 -0.01136078 -0.12400710
v -0.01104966 -0.01268075 -0.12221266
v -0.01492552 -0.01407542 -0.12008295
v -0.01861584 -0.01539787 -0.11756801
v -0.02206596 -0.01668826 -0.11467081
v -0.02522488 -0.01791953 -0.11141773
v -0.02804888 -0.01906852 -0.10785232
v -0.02579822 -0.02582743 -0.10704505
v -0.03979495 -0.00608394 -0.09254497
v -0.04132395 -0.01117406 -0.08471339
v -0.04204277 -0.00683634 -0.08481816
v -0.04265567 -0.01178125 -0.07695476
v -0.04350022 -0.00718637 -0.07710192
v -0.04336477 -0.01218960 -0.06949903
v -0.04370382 -0.01240818 -0.06235378
v -0.04148559 -0.01611914 -0.07666042
v -0.04203129 -0.01655630 -0.06918160
v -0.04228387 -0.01660300 -0.06221268
v -0.03824284 -0.01453560 -0.09231645
v -0.04030155 -0.01545109 -0.08447410
v -0.03896491 -0.01963755 -0.08412063
v -0.03994800 -0.02035199 -0.07625672
v -0.03808555 -0.02431231 -0.07575530
v -0.03832584 -0.02446830 -0.06858790
v -0.04030055 -0.02075296 -0.06885083
v -0.03705815 -0.01858721 -0.09212444
v -0.03731411 -0.02366446 -0.08363784
v -0.03564166 -0.02700331 -0.08279748
v -0.00004113 -0.04555183 0.03333119
v 0.00015048 -0.04289748 0.03888652
v 0.00039654 0.04415763 0.03848053
v -0.00028350 0.04645552 0.00675632
v -0.00012057 0.04607029 -0.00125094
v -0.00019217 0.04571829 -0.00583038
v 0.03899127 0.02253557 -0.12129639
v 0.04301542 -0.02866971 -0.11839835
v 0.04417079 0.03169330 -0.11330577
v 0.04755672 0.03173119 -0.10992466
v 0.05000377 -0.02848443 -0.11215071
v 0.05036774 0.03170071 -0.10654126
v 0.05573330 -0.02836470 -0.10440320
v 0.05291099 0.03166559 -0.10275199
v 0.05497168 0.03161641 -0.09890624
v 0.05976288 -0.02827612 -0.09562134
v 0.05672869 0.03155454 -0.09464256
v 0.05798256 0.03146948 -0.09049869
v 0.06189962 -0.02824027 -0.08620986
v 0.05889763 0.03133985 -0.08592780
v 0.05937877 0.03112854 -0.08164764
v 0.06205546 -0.02834347 -0.07667800
v 0.05951867 0.03075814 -0.07691867
v 0.05945969 0.03010850 -0.07297109
v 0.06030255 -0.02963453 -0.06845662
v 0.01766827 0.03665330 0.04331307
v 0.02285610 0.03391127 0.04330577
v 0.02699408 0.03059019 0.04334554
v 0.01787491 -0.03417872 0.04347018
v 0.02202865 -0.03181655 0.04345940
v 0.00665358 0.03925710 0.04334651
v 0.01617177 0.03723526 0.04331560
v 0.01219325 0.03842896 0.04330403
v 0.00945423 0.03891405 0.04333600
v 0.02860096 0.02898800 0.04334799
v 0.03249358 0.02386507 0.04338887
v 0.03734826 0.01238642 0.04346087
v 0.03813122 0.00872519 0.04347372
v 0.03852623 0.00584576 0.04348531
v 0.03879617 0.00200853 0.04348533
v 0.03130214 -0.02307841 0.04345193
v 0.02789908 -0.02708779 0.04342723
v 0.02306402 -0.03110654 0.04345946
v 0.00189101 -0.03832024 0.04345385
v 0.00619909 -0.03785109 0.04347404
v 0.03639675 0.01566811 0.04342746
v 0.03524223 0.01867735 0.04340620
v 0.03305216 0.02291326 0.04340633
v 0.03881862 0.00044537 0.04348383
v 0.03838388 -0.00561760 0.04347822
v 0.00842059 -0.03745042 0.04346940
v 0.01224449 -0.03646120 0.04345836
v 0.01560767 -0.03522580 0.04346138
v 0.03261131 -0.02121673 0.04344679
v 0.03460005 -0.01781352 0.04343742
v 0.03611870 -0.01440743 0.04344546
v 0.03697305 -0.01191152 0.04346171
v 0.03810690 -0.00743757 0.04345981
v 0.04597437 0.00057098 0.03360863
v 0.04576559 0.00508934 0.03367284
v 0.04557935 0.00681173 0.03371607
v 0.04511038 0.00992881 0.03374436
v 0.04464713 0.01215205 0.03379245
v 0.04412371 0.01429764 0.03377617
v 0.04338837 0.01678009 0.03376832
v 0.04178571 0.02106071 0.03373096
v 0.03975743 0.02518141 0.03372453
v 0.03767475 0.02857320 0.03369504
v 0.03511176 0.03198333 0.03363807
v 0.03204087 0.03537847 0.03332017
v 0.02874179 0.03818584 0.03325266
v 0.02640812 0.03987925 0.03305319
v 0.02478430 0.04087062 0.03302981
v 0.02133024 0.04270970 0.03277365
v 0.01859877 0.04388435 0.03251116
v 0.01463852 0.04514893 0.03230977
v 0.01052911 0.04603382 0.03213888
v 0.00509718 0.04660893 0.03227187
v 0.00664552 0.04651264 0.03215214
v 0.04571888 -0.00381516 0.03379434
v 0.04539831 -0.00666938 0.03374949
v 0.04160258 -0.01926108 0.03397243
v 0.04315893 -0.01547392 0.03391392
v 0.04365864 -0.01400370 0.03389541
v 0.04452995 -0.01092117 0.03386611
v 0.03584579 -0.02848967 0.03412554
v 0.03699807 -0.02703432 0.03405706
v 0.03867578 -0.02459880 0.03403570
v 0.04074505 -0.02100710 0.03400017
v 0.02765929 -0.03638598 0.03401099
v 0.03097121 -0.03363117 0.03414890
v 0.03318334 -0.03154258 0.03406675
v 0.01988119 -0.04102829 0.03383892
v 0.02104531 -0.04046115 0.03386566
v 0.02389877 -0.03888143 0.03396117
v 0.01287538 -0.04364503 0.03371806
v 0.01473342 -0.04308274 0.03371808
v 0.01864891 -0.04159990 0.03376569
v 0.00447041 -0.04527788 0.03351619
v 0.00562173 -0.04513092 0.03359190
v 0.00743110 -0.04488304 0.03357803
v 0.01012190 -0.04435687 0.03363922
v 0.00177015 0.04644013 0.00677078
v 0.00642125 0.04612780 0.00675155
v 0.00783783 0.04576979 0.00233369
v 0.00378987 0.04617779 0.00230892
v 0.00364511 0.04591133 -0.00209159
v 0.00244223 -0.03614539 -0.12245848
v 0.00917262 -0.03596456 -0.12412879
v 0.04369388 -0.03522854 -0.11509613
v 0.04887429 -0.03522535 -0.11016680
v 0.05335957 -0.03497070 -0.10440521
v 0.05679941 -0.03489324 -0.09789535
v 0.05911684 -0.03483163 -0.09088686
v 0.06022662 -0.03481904 -0.08356857
v 0.06010058 -0.03485043 -0.07625626
v 0.05895778 -0.03486862 -0.06979251
v 0.03748432 -0.03532725 -0.11925557
v 0.03083313 -0.03539607 -0.12226444
v 0.02384369 -0.03550037 -0.12411092
v 0.01656520 -0.03568268 -0.12475891
v 0.01924903 -0.05541249 -0.08864653
v -0.00953934 -0.05533928 -0.09057597
v -0.00525412 -0.05535899 -0.06366445
v -0.00744411 -0.05534235 -0.06647635
v 0.00972104 -0.05535345 -0.09718680
v 0.00292051 -0.05541246 -0.05824917
v 0.01093134 -0.05538020 -0.05107767
v 0.01542198 -0.05538749 -0.05076886
v 0.02016633 -0.05538635 -0.05106996
v 0.01095712 -0.05541248 -0.05484610
v 0.02193596 -0.05541246 -0.05255474
v 0.02200751 -0.05535708 -0.05107719
v 0.01446358 -0.05541249 -0.08987931
v 0.02177361 -0.05535459 -0.08864740
v 0.02340620 -0.05535060 -0.08719203
v 0.01062023 -0.05534777 -0.09694867
v -0.00911262 -0.05533924 -0.06960616
v -0.01034196 -0.05533924 -0.07297476
v -0.01111734 -0.05533929 -0.07647584
v -0.01142627 -0.05533929 -0.08004835
v -0.01126314 -0.05533928 -0.08363050
v -0.01063042 -0.05533928 -0.08716011
v -0.00800860 -0.05533929 -0.09381870
v -0.00605917 -0.05533799 -0.09686065
v -0.00523762 -0.05533545 -0.09772319
v -0.00273326 -0.05535703 -0.09824081
v -0.00271484 -0.05537327 -0.06116335
v 0.00006354 -0.05538169 -0.05900182
v -0.00423986 -0.05533548 -0.09826202
v -0.00316919 -0.05534067 -0.09841944
v 0.02468771 -0.05535061 -0.08532026
v 0.02380153 -0.05541251 -0.07706937
v 0.02551803 -0.05535060 -0.08320926
v 0.02585469 -0.05535060 -0.08096592
v 0.02562556 -0.05535740 -0.07884720
v -0.00788784 -0.04946786 -0.10866237
v -0.00871223 -0.04909095 -0.10877979
v -0.00985231 -0.04858841 -0.10881283
v -0.01265847 -0.04622594 -0.10939112
v -0.00661141 -0.05007901 -0.10829131
v 0.04727555 -0.05057523 -0.08060162
v 0.04562443 -0.05024999 -0.06851605
v 0.04077071 -0.05057475 -0.09976940
v 0.03716175 -0.05123058 -0.10106084
v 0.03865201 -0.05053052 -0.10239780
v 0.04653770 -0.05044030 -0.07252757
v 0.04701338 -0.05057660 -0.07657620
v 0.04700392 -0.05057431 -0.08474508
v 0.04616544 -0.05059264 -0.08873233
v 0.04306374 -0.05057510 -0.09633475
v 0.04489801 -0.05057486 -0.09260744
v 0.04753177 -0.04902520 -0.06781430
v 0.04793704 -0.04937707 -0.07045169
v 0.04936325 -0.04940775 -0.07812760
v 0.05045062 -0.04846863 -0.07612171
v 0.04946743 -0.04910618 -0.07519472
v 0.04960286 -0.04845806 -0.07171576
v 0.05075015 -0.04845969 -0.08060265
v 0.04936308 -0.04940786 -0.08307773
v 0.04795221 -0.04935117 -0.09083492
v 0.04954799 -0.04846868 -0.08964951
v 0.04881620 -0.04927370 -0.08810030
v 0.05042937 -0.04846904 -0.08524060
v 0.04811067 -0.04846578 -0.09390920
v 0.04597710 -0.04942044 -0.09545913
v 0.04606016 -0.04846318 -0.09808488
v 0.04351451 -0.04935659 -0.09983544
v 0.04347636 -0.04848631 -0.10189558
v 0.04103150 -0.04878626 -0.10419160
v 0.03492961 -0.05057006 -0.10561763
v 0.03704081 -0.04848627 -0.10832113
v 0.03936714 -0.04879035 -0.10584779
v 0.03624534 -0.05123131 -0.10197332
v 0.03757972 -0.05053320 -0.10346136
v 0.01164877 -0.04987569 -0.11324006
v 0.03158788 -0.05053682 -0.10794033
v 0.02795810 -0.05047097 -0.10989961
v 0.01591951 -0.05020207 -0.11289114
v 0.02004302 -0.05031619 -0.11237615
v 0.02408832 -0.05039731 -0.11138888
v 0.03525877 -0.04927508 -0.10831137
v 0.02676526 -0.04940581 -0.11243083
v 0.02917453 -0.04846519 -0.11289175
v 0.03113398 -0.04936611 -0.11063826
v 0.03327919 -0.04846933 -0.11085967
v 0.02483904 -0.04846140 -0.11436912
v 0.02221244 -0.04940642 -0.11365073
v 0.02034566 -0.04846461 -0.11525843
v 0.01753278 -0.04936841 -0.11428198
v 0.01577430 -0.04846839 -0.11555163
v 0.01279091 -0.04914786 -0.11452073
v 0.01124670 -0.04848579 -0.11523357
v 0.00794159 -0.04857663 -0.11452243
v 0.00573422 -0.04812300 -0.11449400
v 0.02322815 -0.05533126 -0.05183379
v 0.02557260 -0.05484439 -0.05083970
v 0.02278336 -0.05511783 -0.08989687
v 0.02458919 -0.05511796 -0.08821366
v 0.02606894 -0.05511782 -0.08605377
v 0.02702771 -0.05511797 -0.08361375
v 0.02741770 -0.05511776 -0.08102129
v 0.02725471 -0.05511788 -0.07868913
v 0.00999491 -0.05496151 -0.09946495
v 0.01091684 -0.05504540 -0.09887465
v 0.01177637 -0.05511013 -0.09807022
v -0.00283828 -0.05478483 -0.10121482
v -0.00931980 -0.05430272 -0.09938159
v -0.00801577 -0.05434960 -0.10059063
v -0.00436652 -0.05462766 -0.10157329
v -0.00605702 -0.05463601 -0.10096663
v -0.00558019 -0.05312382 -0.10448344
v -0.01088109 -0.05245719 -0.10246502
v -0.00849206 -0.05291953 -0.10355587
v -0.00711775 -0.05302646 -0.10410561
v -0.01224009 -0.05206911 -0.10164521
v -0.01857516 -0.05256437 -0.08242358
v -0.01903478 -0.05208298 -0.08442466
v -0.01535305 -0.05431133 -0.08406801
v -0.01522083 -0.05257266 -0.09549675
v -0.01480334 -0.05207730 -0.09768778
v -0.01162381 -0.05429311 -0.09587119
v -0.01268951 -0.05246117 -0.10016563
v -0.01103040 -0.05498172 -0.06886793
v -0.01558221 -0.05429322 -0.07995616
v -0.01341100 -0.05429309 -0.09208979
v -0.01461922 -0.05431173 -0.08816040
v -0.01511652 -0.05434396 -0.07594732
v -0.01321439 -0.05473329 -0.07229917
v -0.00889057 -0.05508259 -0.06571244
v -0.01682662 -0.05207424 -0.09342018
v -0.01717842 -0.05254192 -0.09057499
v -0.01858280 -0.05234535 -0.08537969
v -0.01802421 -0.05245695 -0.08772966
v -0.01820594 -0.05208154 -0.08907524
v -0.01923704 -0.05208302 -0.07990174
v -0.01818854 -0.05275916 -0.07730670
v -0.01457123 -0.04616030 -0.10764841
v -0.00058458 -0.04203733 -0.11811268
v 0.00078381 -0.04260007 -0.11824435
v 0.00255918 -0.04461859 -0.11711946
v 0.00184524 -0.04363789 -0.11777850
v 0.00329484 -0.04575807 -0.11621697
v 0.00323926 -0.04546871 -0.11649278
v 0.00270606 -0.04486622 -0.11692747
v 0.00999446 -0.04307851 -0.12036579
v 0.00969427 -0.04371751 -0.11979934
v 0.00942815 -0.04454314 -0.11901252
v 0.00909977 -0.04509423 -0.11841533
v 0.00902682 -0.04535536 -0.11814335
v 0.00901253 -0.04597391 -0.11752062
v 0.00948797 -0.04430902 -0.11924027
v 0.01173851 -0.04280960 -0.12081894
v 0.01094457 -0.04282421 -0.12071489
v 0.03956264 -0.04276562 -0.11333228
v 0.04055963 -0.04297951 -0.11235086
v 0.04054086 -0.04476490 -0.11037694
v 0.04072354 -0.04385738 -0.11129301
v 0.03994895 -0.04603142 -0.10925743
v 0.04018543 -0.04581175 -0.10934101
v 0.04038124 -0.04554453 -0.10951729
v 0.04047210 -0.04497333 -0.11017612
v 0.04730068 -0.04312238 -0.10548603
v 0.04668779 -0.04371718 -0.10548032
v 0.04587348 -0.04454185 -0.10531859
v 0.04519107 -0.04509313 -0.10530530
v 0.04491836 -0.04535420 -0.10523338
v 0.04437111 -0.04597273 -0.10493544
v 0.04610060 -0.04430818 -0.10538002
v 0.04846987 -0.04279565 -0.10440767
v 0.04815925 -0.04278729 -0.10482919
v 0.04267213 -0.04735856 -0.10477619
v 0.04243188 -0.04750590 -0.10482068
v 0.04336278 -0.04691727 -0.10466270
v 0.04378871 -0.04662606 -0.10461548
v 0.05514355 -0.04287521 -0.08962221
v 0.05569551 -0.04284118 -0.07431498
v 0.05598380 -0.04288297 -0.07685484
v 0.04897427 -0.04286561 -0.10361111
v 0.05058577 -0.04285312 -0.10111143
v 0.05468427 -0.04282950 -0.09155026
v 0.05196346 -0.04282280 -0.09861624
v 0.05223433 -0.04286304 -0.09799634
v 0.05334747 -0.04284197 -0.09548191
v 0.05571983 -0.04283446 -0.08677029
v 0.05599459 -0.04286604 -0.08436448
v 0.05605468 -0.04288504 -0.08346508
v 0.05619040 -0.04283864 -0.08058701
v 0.05606991 -0.04286502 -0.07775427
v 0.05471715 -0.04297250 -0.07017007
v 0.03981927 -0.04665144 -0.10855375
v 0.03987725 -0.04716313 -0.10782398
v 0.03993759 -0.04735005 -0.10751907
v 0.03980238 -0.04639861 -0.10890065
v 0.00830441 -0.04736267 -0.11596729
v 0.00814361 -0.04751086 -0.11578017
v 0.00874538 -0.04691992 -0.11650962
v 0.00899909 -0.04662771 -0.11685583
v 0.01483577 -0.04283720 -0.12099241
v 0.01754129 -0.04285203 -0.12095525
v 0.02055168 -0.04283286 -0.12072542
v 0.02317279 -0.04288502 -0.12028779
v 0.02364889 -0.04287885 -0.12020062
v 0.02623511 -0.04283667 -0.11963080
v 0.02879515 -0.04287550 -0.11882327
v 0.02923596 -0.04288607 -0.11866268
v 0.03170311 -0.04283300 -0.11774126
v 0.03444768 -0.04284753 -0.11642936
v 0.03682770 -0.04284219 -0.11509003
v -0.02419348 -0.04690283 -0.08404150
v -0.02414180 -0.04714762 -0.08001478
v -0.02311959 -0.04657351 -0.09137855
v -0.02360398 -0.04668601 -0.08906936
v -0.02404940 -0.04679671 -0.08605668
v -0.02193797 -0.04644780 -0.09522998
v -0.02087672 -0.04638865 -0.09781241
v -0.02063395 -0.04633929 -0.09839680
v -0.01925075 -0.04624439 -0.10111713
v -0.01769044 -0.04616879 -0.10366381
v -0.01716243 -0.04609193 -0.10449594
v 0.00467542 -0.04720778 -0.11516196
v -0.00298710 -0.04126986 -0.11746243
v 0.00440696 -0.04705717 -0.11523279
v 0.00378252 -0.04657398 -0.11553122
v 0.00003077 0.04512335 0.03657802
v 0.00006015 0.04679476 0.01829194
v -0.02330638 0.01713962 -0.11265482
v -0.02268184 0.01310627 -0.11456048
v -0.03294299 0.02502053 -0.09042634
v -0.03348938 0.02563843 -0.08647639
v -0.03463992 0.02383569 -0.08682088
v -0.00052104 0.00101681 -0.12613916
v 0.00266821 0.00067067 -0.12667428
v -0.01690459 0.00503270 -0.11998461
v -0.01489213 0.00427764 -0.12107386
v -0.01453314 0.00616721 -0.12110996
v -0.02675186 0.00106753 -0.11308941
v -0.02465090 0.00128455 -0.11496146
v -0.04587918 0.00346111 -0.04256537
v -0.04580787 0.00266448 -0.05048891
v -0.04592689 0.00214351 -0.04414500
v -0.04597397 0.00076844 -0.04413014
v -0.04545736 0.00485659 -0.05552436
v -0.04559264 0.00274234 -0.05715952
v -0.04567963 0.00072481 -0.05746930
v -0.04539589 0.00264849 -0.06263421
v -0.04500896 0.00476215 -0.06585326
v -0.04514735 0.00260470 -0.06618656
v -0.04517303 0.00062893 -0.06686745
v -0.04483424 0.00262683 -0.07013611
v -0.04433973 0.00464203 -0.07303830
v -0.04441231 0.00255942 -0.07374302
v -0.04443024 0.00040778 -0.07415888
v -0.04396259 0.00250747 -0.07718386
v -0.04322456 0.00424053 -0.08048628
v -0.04328288 0.00242626 -0.08082287
v -0.04341675 0.00065962 -0.08053633
v -0.04269264 0.00222884 -0.08389912
v -0.04190445 0.00245479 -0.08684119
v -0.04209347 0.00071803 -0.08635409
v -0.04138235 0.00378471 -0.08821799
v -0.04087331 0.00215287 -0.09040696
v -0.04086514 0.00061187 -0.09058315
v -0.04034817 0.00174284 -0.09203823
v -0.03714321 0.00117815 -0.09944689
v -0.03975637 0.00218037 -0.09353747
v -0.03996530 0.00067146 -0.09312884
v -0.03848844 0.00089929 -0.09659254
v -0.03585765 0.00110706 -0.10172933
v -0.03836329 0.00448549 -0.09616982
v -0.03661601 0.00366225 -0.10013963
v -0.03719357 0.00349539 -0.09898851
v -0.03805982 0.00359857 -0.09705422
v -0.03539339 0.00351908 -0.10221489
v -0.03337723 0.00073821 -0.10552674
v -0.03333146 0.00274956 -0.10543824
v -0.03389653 0.00512369 -0.10417636
v -0.03188665 0.00231877 -0.10750385
v -0.03004374 0.00058123 -0.10972142
v -0.03175830 0.00063861 -0.10776017
v -0.03140696 0.00223257 -0.10811211
v -0.02843692 0.00170513 -0.11147633
v -0.02677404 0.00245389 -0.11301632
v -0.02992763 0.00352456 -0.10972009
v -0.03010410 0.00174173 -0.10962395
v -0.02411568 0.00768523 -0.11472714
v -0.02477269 0.00371019 -0.11470458
v -0.02389013 0.00321199 -0.11542163
v -0.02658594 0.00462141 -0.11297231
v -0.01883498 0.00219650 -0.11902608
v -0.02223649 0.00114510 -0.11676057
v -0.02215357 0.00332302 -0.11667354
v -0.01628057 0.00202367 -0.12050490
v -0.01411750 0.00306549 -0.12151909
v -0.01203475 0.00302899 -0.12247757
v -0.01350391 0.00050282 -0.12187819
v -0.01064586 0.00478326 -0.12296451
v -0.01016794 0.00252224 -0.12326463
v -0.01036332 0.00061626 -0.12324433
v -0.00902055 0.00236041 -0.12371141
v -0.00331641 0.00114851 -0.12544909
v -0.00705646 0.00252108 -0.12436108
v -0.00764085 0.00061345 -0.12420809
v 0.00656113 0.03213260 -0.12293827
v 0.00464020 0.02070023 -0.12656800
v 0.00560150 0.02057183 -0.12676914
v 0.00682195 0.01176259 -0.12713614
v 0.00805355 0.03205760 -0.12329195
v 0.00639313 0.02045675 -0.12690878
v 0.01213549 0.01878524 -0.12759525
v 0.01387959 0.01909163 -0.12766980
v 0.01312430 0.02255276 -0.12760956
v 0.00782833 0.01170854 -0.12726900
v 0.00965250 0.03201101 -0.12357356
v 0.01094093 0.02256564 -0.12748648
v 0.01293166 0.03220903 -0.12364722
v -0.01200710 0.03384473 -0.11148778
v -0.01555324 0.02780827 -0.11473362
v -0.01399708 0.02742849 -0.11630894
v -0.00887504 0.03332621 -0.11482266
v -0.01232099 0.02606848 -0.11814266
v -0.01046596 0.02568198 -0.11958299
v -0.00515072 0.03295179 -0.11767311
v -0.00851254 0.02453896 -0.12106640
v -0.00649945 0.02421171 -0.12224851
v 0.00347528 0.03233640 -0.12192859
v -0.00099964 0.03262718 -0.12005528
v -0.00433420 0.02311608 -0.12345151
v -0.00215489 0.02285943 -0.12438756
v -0.02428178 0.03431629 -0.08942787
v -0.02518352 0.03325540 -0.09188949
v -0.02172192 0.03523305 -0.09230869
v -0.02476697 0.03307643 -0.09392079
v -0.02506724 0.03200088 -0.09642651
v -0.02096608 0.03485340 -0.09650662
v -0.02439979 0.03175077 -0.09853425
v -0.02411742 0.03082345 -0.10091629
v -0.01954359 0.03452392 -0.10062779
v -0.02320739 0.03048329 -0.10302538
v -0.02253348 0.02961181 -0.10525936
v -0.02479478 0.03425123 -0.08740591
v 0.01168385 0.01298696 -0.12759576
v 0.01098823 0.01611082 -0.12753998
v 0.00337143 0.01814361 -0.12639606
v 0.00350088 0.01559906 -0.12653200
v 0.00545562 0.01780958 -0.12681387
v -0.00378764 0.01187962 -0.12478876
v -0.00262580 0.01041803 -0.12520165
v 0.00245883 0.02157054 -0.12598435
v 0.00015358 0.02180763 -0.12530429
v 0.00122117 0.01635030 -0.12594685
v -0.00281059 0.01986581 -0.12447744
v -0.00484900 0.01878049 -0.12384060
v -0.00716380 0.02112233 -0.12248267
v -0.00874492 0.02048426 -0.12182323
v -0.00671622 0.01956234 -0.12292562
v -0.01124167 0.02249666 -0.11997554
v -0.01235583 0.02222640 -0.11935516
v -0.01046261 0.02127422 -0.12072183
v -0.01146001 0.01855308 -0.12073403
v -0.01920963 0.01886471 -0.11552132
v -0.01502538 0.02396218 -0.11692107
v -0.01567279 0.02400392 -0.11639601
v -0.01393482 0.02304051 -0.11804455
v -0.01498646 0.02023997 -0.11816514
v -0.02221061 0.02041759 -0.11225612
v -0.02073085 0.01962806 -0.11395985
v -0.01833435 0.02541512 -0.11344846
v -0.01703335 0.02477499 -0.11494513
v -0.01820242 0.02191622 -0.11517773
v -0.02355316 0.02113661 -0.11051989
v -0.01962438 0.02626587 -0.11166361
v -0.02105768 0.02352581 -0.11180914
v -0.03053549 0.02846144 -0.08966848
v -0.02765813 0.03171731 -0.08868083
v -0.02745792 0.03157270 -0.09025901
v -0.02757461 0.03120776 -0.09121437
v -0.02778992 0.03174360 -0.08774341
v -0.03018039 0.02806842 -0.09196694
v -0.02726393 0.03092042 -0.09314539
v -0.02686200 0.03080733 -0.09464958
v -0.02699780 0.03033075 -0.09546161
v -0.02889124 0.02973564 -0.09154353
v -0.02652203 0.02993594 -0.09745050
v -0.02579481 0.02990813 -0.09907415
v -0.02601720 0.02928285 -0.09968676
v -0.02816073 0.02883040 -0.09579212
v -0.02535509 0.02875530 -0.10171142
v -0.02425063 0.02886620 -0.10341254
v -0.02460496 0.02805264 -0.10383329
v -0.02703422 0.02774771 -0.10002136
v -0.02372969 0.02739332 -0.10584545
v -0.02343508 0.02517753 -0.10809697
v -0.02547938 0.02649420 -0.10415389
v -0.01523772 0.03378267 -0.10842361
v -0.01758368 0.03420580 -0.10458247
v -0.02135726 0.02918513 -0.10733313
v -0.02109544 0.02674617 -0.10971927
v -0.02217971 0.02743609 -0.10785379
v -0.03541875 0.02476234 -0.07881537
v -0.03222573 0.02735712 -0.08612542
v -0.03391089 0.02617197 -0.08248729
v -0.03084796 0.02907541 -0.08571478
v -0.03418510 0.02638770 -0.07856238
v -0.02794606 0.03212673 -0.08422099
v -0.02932846 0.03068658 -0.08529264
v -0.03100818 0.02957064 -0.08185641
v -0.02187195 0.00896882 -0.11622309
v -0.01890127 0.00552466 -0.11870583
v -0.01831706 0.00749980 -0.11886251
v -0.02219841 0.00670603 -0.11634226
v -0.02027411 0.00445989 -0.11789804
v -0.04525965 0.00698242 -0.04898324
v -0.04504730 0.00706214 -0.05551998
v -0.04483088 0.00710866 -0.06227446
v -0.04473999 0.00860338 -0.05552357
v -0.04357540 0.01173779 -0.06224945
v -0.04273962 0.01361370 -0.06555072
v -0.04341314 0.01168570 -0.06565393
v -0.04460781 0.00707786 -0.06581651
v -0.04436416 0.00701478 -0.06940551
v -0.04413746 0.00935595 -0.06576425
v -0.04321589 0.01159146 -0.06924036
v -0.04221632 0.01355614 -0.07271776
v -0.04290771 0.01142642 -0.07284191
v -0.04398500 0.00687823 -0.07300775
v -0.04355761 0.00670449 -0.07675043
v -0.04355818 0.00911857 -0.07295692
v -0.04253744 0.01121645 -0.07660889
v -0.04135682 0.01301644 -0.08024947
v -0.04197182 0.01090008 -0.08035863
v -0.04291844 0.00641870 -0.08048081
v -0.04219530 0.00609492 -0.08438072
v -0.04254136 0.00862886 -0.08045042
v -0.04130600 0.01053913 -0.08430127
v -0.03979388 0.01213468 -0.08811387
v -0.04033376 0.01003437 -0.08819159
v -0.04115592 0.00561789 -0.08823622
v -0.03998155 0.00509919 -0.09227561
v -0.03807927 0.00656671 -0.09624738
v -0.04082826 0.00780595 -0.08824027
v -0.03921156 0.00948239 -0.09228375
v -0.03587587 0.00797473 -0.10039483
v -0.03717749 0.01084014 -0.09621211
v -0.03764891 0.00875723 -0.09625121
v -0.03356673 0.00702004 -0.10421329
v -0.03121584 0.00606204 -0.10784988
v -0.02936473 0.00569715 -0.10999304
v -0.03315635 0.00907112 -0.10422379
v -0.02016887 0.01565817 -0.11581664
v -0.02102752 0.01240032 -0.11604290
v -0.01588337 0.01725405 -0.11840328
v -0.01755902 0.01804287 -0.11703911
v -0.01929377 0.01167764 -0.11746878
v -0.01567100 0.01021031 -0.11998026
v -0.01228737 0.01562416 -0.12087325
v -0.01408936 0.01641953 -0.11971848
v -0.01751583 0.01094820 -0.11875426
v -0.01674281 0.01412560 -0.11859573
v -0.01379918 0.00947315 -0.12106311
v -0.01187305 0.00873503 -0.12208944
v -0.00755420 0.01672158 -0.12295714
v -0.00846173 0.01398677 -0.12293403
v -0.01039954 0.01480226 -0.12196956
v -0.01308463 0.01257571 -0.12097188
v -0.00993566 0.00800425 -0.12297334
v -0.00777465 0.00723091 -0.12387550
v -0.00351802 0.01699513 -0.12449803
v -0.00336155 0.01495447 -0.12472884
v -0.00651308 0.01321129 -0.12381478
v -0.00925227 0.01103975 -0.12294372
v 0.00070986 0.00401331 -0.12631258
v -0.00009594 0.00454192 -0.12615082
v 0.00326066 0.00402075 -0.12672266
v -0.00277139 0.00440527 -0.12547138
v 0.00472597 0.01501487 -0.12675527
v 0.00148442 0.01025107 -0.12630936
v 0.00025181 0.01359182 -0.12583363
v 0.00717737 0.00279510 -0.12728660
v 0.00990704 0.01339997 -0.12747154
v 0.00936705 0.01376425 -0.12741575
v 0.00974913 0.00758441 -0.12749421
v 0.01217282 0.00812099 -0.12763101
v 0.01100159 0.00546458 -0.12757727
v 0.01009310 0.00270884 -0.12752433
v 0.01573208 0.01154228 -0.12768944
v -0.04154353 0.01589090 -0.06897515
v -0.03664700 0.02295904 -0.07911288
v -0.03683988 0.02326716 -0.07547451
v -0.03939805 0.01959163 -0.07216962
v -0.04133176 0.01572068 -0.07252880
v -0.04104400 0.01549955 -0.07631126
v -0.04040960 0.01772146 -0.07234027
v -0.03914219 0.01951276 -0.07587941
v -0.03569590 0.02203884 -0.08710670
v -0.03630990 0.02258134 -0.08313338
v -0.03777747 0.02108106 -0.07940952
v -0.03879622 0.01918442 -0.07965288
v -0.04057744 0.01516843 -0.08007569
v -0.03999609 0.01478512 -0.08405538
v -0.03975381 0.01717225 -0.07989495
v -0.03832436 0.01879548 -0.08366030
v -0.03489629 0.02141131 -0.09131032
v -0.03667510 0.02014417 -0.08738900
v -0.03756038 0.01825750 -0.08761006
v -0.03911483 0.01425996 -0.08797707
v -0.03806953 0.01367922 -0.09211450
v -0.03839331 0.01625185 -0.08782436
v -0.03662015 0.01765177 -0.09178502
v -0.03448841 0.01874536 -0.09562893
v -0.03524356 0.01688968 -0.09581942
v -0.03658652 0.01293562 -0.09611842
v -0.03488033 0.01212675 -0.10031157
v -0.03595984 0.01490542 -0.09599939
v -0.03365296 0.01605704 -0.10000745
v -0.02662435 0.01671713 -0.10948124
v -0.03150600 0.01499706 -0.10395778
v -0.03264384 0.01113869 -0.10417430
v -0.03039195 0.01015379 -0.10780148
v -0.03210665 0.01307257 -0.10408974
v -0.02926622 0.01398379 -0.10770596
v -0.02574954 0.01445615 -0.11131312
v -0.02427557 0.01379828 -0.11294420
v -0.02523757 0.01022478 -0.11318643
v -0.02764301 0.00691070 -0.11153795
v -0.02591745 0.00808113 -0.11300872
v -0.02868274 0.00920845 -0.11001133
v -0.02757117 0.01346834 -0.10978850
v -0.02825650 0.01155010 -0.10979515
v -0.03283053 0.02230382 -0.09512152
v -0.03366347 0.02062793 -0.09537328
v -0.03232338 0.01979507 -0.09932723
v -0.03128748 0.01891747 -0.10186628
v -0.03178687 0.01694431 -0.10236706
v -0.02943379 0.01786096 -0.10532434
v -0.03054722 0.02100588 -0.10135931
v -0.02602659 0.01872459 -0.10914082
v -0.02474430 0.02165337 -0.10890368
v -0.02805491 0.01758230 -0.10740209
v -0.02858043 0.01971127 -0.10536879
v -0.03136271 0.02636693 -0.09237236
v -0.03253408 0.02432115 -0.09300450
v -0.02978315 0.02763024 -0.09410586
v -0.02928783 0.02717402 -0.09619830
v -0.03150025 0.02348499 -0.09667412
v -0.02870054 0.02665230 -0.09833392
v -0.02800614 0.02611323 -0.10039859
v -0.03064771 0.02329916 -0.09884194
v -0.03044990 0.02527808 -0.09660854
v -0.02721329 0.02550910 -0.10249164
v -0.02630939 0.02488977 -0.10449074
v -0.02974903 0.02274952 -0.10106329
v -0.02883579 0.02218309 -0.10312479
v -0.02890845 0.02443006 -0.10075724
v -0.02418555 0.02343937 -0.10845143
v -0.02530362 0.02420878 -0.10650098
v -0.02781184 0.02158842 -0.10508997
v -0.02666524 0.02093801 -0.10710797
v -0.02708217 0.02323326 -0.10480847
v 0.01055441 0.04116723 -0.05900406
v 0.01883843 0.03195203 -0.12374653
v 0.01914238 0.01154191 -0.12742684
v 0.03525703 -0.02875991 -0.12286732
v 0.01381642 0.04116661 -0.05814242
v 0.03535694 -0.00186713 -0.12307864
v 0.03376635 0.03198619 -0.11971158
v 0.02644573 0.03195276 -0.12238413
v 0.03169307 -0.00186712 -0.12474656
v 0.01914246 -0.01280403 -0.12742683
v 0.02308653 -0.00186710 -0.12704563
v 0.02733231 -0.02887599 -0.12570512
v 0.02739831 -0.00186711 -0.12595218
v 0.01573852 -0.01280431 -0.12768928
v 0.01911750 -0.02904413 -0.12713808
v -0.00491113 -0.03048952 -0.12235188
v -0.00054549 -0.03006342 -0.12433389
v 0.00276101 -0.02982371 -0.12549666
v 0.00486847 -0.02975483 -0.12605199
v 0.00777067 -0.01296165 -0.12726080
v 0.01280145 -0.02941275 -0.12721158
v 0.00810762 -0.02968419 -0.12666319
v -0.00909955 -0.03062152 -0.12000195
v -0.01310819 -0.03088240 -0.11709493
v -0.04596614 -0.00012287 -0.04413901
v -0.04606562 0.00006233 -0.03632296
v -0.04594280 -0.00799073 -0.00443078
v -0.04535329 -0.01174813 -0.00444901
v -0.04480974 -0.01407889 -0.00447673
v -0.04368966 -0.01752897 -0.00451534
v -0.04167019 -0.02223218 -0.00456110
v -0.00974895 0.04561201 0.00337897
v -0.00375911 0.04602558 0.00070940
v -0.00993811 0.04546790 0.00075299
v -0.00800506 0.04575776 0.00090294
v -0.00320572 0.04619344 0.00328021
v -0.00714410 0.04595486 0.00338456
v -0.00670462 0.04588598 0.00081558
v -0.00356782 0.04564106 -0.00538929
v -0.00821473 0.04084439 -0.05643735
v -0.00664863 0.04086334 -0.05761219
v -0.00494003 0.04087699 -0.05866778
v -0.00314775 0.04088701 -0.05954443
v -0.00129957 0.04089188 -0.06025521
v -0.01239082 0.04072350 -0.05203041
v -0.01113085 0.04077553 -0.05361581
v -0.00971508 0.04081695 -0.05509419
v -0.00765813 0.04548805 -0.00453741
v -0.01370692 0.04477280 0.00072602
v -0.01735897 0.04386606 0.00094740
v -0.01911375 0.04335305 0.00344901
v -0.01911147 0.04325967 0.00085134
v -0.02146264 0.03888130 -0.04758984
v -0.02082745 0.03903212 -0.04867783
v -0.02202844 0.03870577 -0.04689932
v -0.01877115 0.04311175 -0.00453469
v -0.02117651 0.04235909 -0.00192629
v -0.02460958 0.03750662 -0.04686078
v -0.02295401 0.04126845 -0.00724805
v -0.02295019 0.04186124 0.00337702
v -0.02272501 0.04167229 -0.00195652
v -0.02457347 0.04082455 -0.00194047
v -0.02570865 0.04023220 -0.00192597
v -0.02507950 0.04085690 0.00342663
v -0.02750233 0.03573111 -0.04683668
v -0.02965014 0.03424768 -0.04436946
v -0.02734381 0.03893654 -0.00719097
v -0.02755371 0.03911365 -0.00190642
v -0.02760822 0.03938322 0.00345079
v -0.02953478 0.03786306 -0.00187916
v -0.03322815 0.03095938 -0.04440993
v -0.03148535 0.03270800 -0.04433677
v -0.03161628 0.03588461 -0.00714210
v -0.03136446 0.03642818 -0.00187954
v -0.03132236 0.03677507 0.00354022
v -0.03334080 0.03476348 -0.00179670
v -0.03642884 0.02755594 -0.04116197
v -0.03469512 0.02930817 -0.04434669
v -0.03768775 0.02577458 -0.04119812
v -0.03552792 0.03209903 -0.00702204
v -0.03510420 0.03293718 -0.00177247
v -0.03476962 0.03359301 0.00363373
v -0.03671988 0.03109619 -0.00169772
v -0.04033772 0.02190882 -0.03784834
v -0.03892921 0.02394263 -0.04110636
v -0.03861110 0.02813956 -0.00684411
v -0.03807271 0.02930249 -0.00166536
v -0.03763330 0.03020304 0.00368871
v -0.03940344 0.02734880 -0.00156826
v -0.04264513 0.01755993 -0.03439645
v -0.04227597 0.01803162 -0.03771174
v -0.04140856 0.01989011 -0.03772409
v -0.04110803 0.02400804 -0.00661817
v -0.04058127 0.02538144 -0.00152869
v -0.04004031 0.02659778 0.00374127
v -0.04170251 0.02326682 -0.00141098
v -0.04342340 0.01559676 -0.03427344
v -0.04413883 0.01353531 -0.03420483
v -0.04312760 0.01964002 -0.00635124
v -0.04270037 0.02109778 -0.00136434
v -0.04219543 0.02249135 0.00379209
v -0.04358110 0.01887965 -0.00123947
v -0.04546901 0.00885686 -0.02742589
v -0.04511975 0.01061082 -0.02748815
v -0.04479250 0.01118773 -0.03404031
v -0.04465364 0.01509328 -0.00606333
v -0.04434139 0.01661872 -0.00119341
v -0.04393793 0.01809547 0.00382884
v -0.04497015 0.01434667 -0.00107046
v -0.04550324 0.01198092 -0.00103852
v -0.04521572 0.01352540 0.00383676
v -0.04586320 0.00642906 -0.02725357
v -0.04567591 0.01045884 -0.00578424
v -0.04586489 0.00983540 -0.00096834
v -0.04591778 0.00992720 0.00379541
v -0.04606386 0.00847388 -0.00092645
v -0.04629743 0.00073658 -0.01627555
v -0.04605739 0.00501736 -0.02252679
v -0.04617473 0.00451887 -0.01630138
v -0.04620441 0.00709176 -0.00093223
v -0.04622705 0.00742703 0.00378975
v -0.04605978 0.00287071 -0.03131439
v -0.04599797 0.00194640 -0.03911354
v -0.04611383 0.00314933 -0.02610475
v -0.04605484 0.00215389 -0.03390183
v -0.04615316 0.00208439 -0.02609426
v -0.04638151 0.00204165 -0.00604439
v -0.04630693 0.00445633 -0.00605234
v -0.04618234 0.00300797 -0.02108441
v -0.01857083 0.03977025 -0.04870901
v -0.01715949 0.03999401 -0.05043419
v -0.01590669 0.04009997 -0.05210544
v -0.01335579 0.04466068 -0.00211237
v -0.01184153 0.04477619 -0.00460209
v -0.01170538 0.04459989 -0.00736534
v -0.01610099 0.04395724 -0.00462890
v -0.01847962 0.04301573 -0.00737054
v -0.02110058 0.04306916 0.01619485
v -0.02171607 0.04280592 0.01621194
v -0.02313106 0.04216726 0.01625124
v -0.02118857 0.04306160 0.03233572
v -0.02011543 0.04160146 0.03677563
v -0.02096607 0.04124123 0.03675220
v -0.04666020 0.00092999 0.01644991
v -0.04658670 0.00333571 0.01645741
v -0.04651932 0.00208038 0.00663860
v -0.04472878 0.00093787 0.03672107
v -0.04636468 0.00701610 0.01650524
v -0.04649890 0.00559248 0.01648013
v -0.04636841 0.00287645 0.03244773
v -0.04452974 0.00302407 0.03695957
v -0.03859274 0.00338656 0.04363106
v -0.04426660 0.00577732 0.03709920
v -0.04605692 0.00940895 0.01653898
v -0.04623196 0.00821106 0.01652464
v -0.04609684 0.00650317 0.03262514
v -0.04414651 0.00713937 0.03704646
v -0.04363674 0.01886651 0.01667199
v -0.04430892 0.01687607 0.01665091
v -0.04474262 0.01547518 0.01664460
v -0.04401546 0.01611633 0.03284099
v -0.03090787 0.00566870 0.04557414
v -0.03753684 0.00941378 0.04373490
v -0.04196679 0.01574480 0.03744015
v -0.04252057 0.01430852 0.03726115
v -0.04510103 0.01411378 0.01660746
v -0.04556155 0.01208266 0.01658695
v -0.04340985 0.00981386 0.03749178
v -0.04470071 0.01375363 0.03282358
v -0.04279899 0.01291861 0.03740696
v -0.04590911 0.01035711 0.01656627
v -0.04385706 0.00825714 0.03726177
v -0.04582786 0.00849405 0.03268840
v -0.04531594 0.01097011 0.03290009
v -0.04181401 0.02319097 0.01668167
v -0.04276058 0.02111903 0.01668100
v -0.04280294 0.01948309 0.03288528
v -0.04093358 0.01858030 0.03745996
v -0.03577911 0.01553552 0.04375113
v -0.04013900 0.02083211 0.03731022
v -0.03962190 0.02720786 0.01666719
v -0.04074717 0.02530641 0.01667840
v -0.04096161 0.02364989 0.03288394
v -0.03902405 0.02289252 0.03746409
v -0.03335136 0.02102053 0.04375443
v -0.03764112 0.02559151 0.03736700
v -0.03709708 0.03088635 0.01663684
v -0.03838332 0.02915153 0.01665178
v -0.03876288 0.02761727 0.03276174
v -0.03630037 0.02774907 0.03732878
v -0.03024295 0.02596120 0.04373245
v -0.03446738 0.03014617 0.03736506
v -0.03394775 0.03451141 0.01657491
v -0.03551838 0.03283968 0.01660634
v -0.03596528 0.03151443 0.03279234
v -0.03310706 0.03200631 0.03716954
v -0.02833035 0.02869705 0.04361823
v -0.03243469 0.03281457 0.03707267
v -0.03219344 0.03620717 0.01653235
v -0.03275235 0.03512871 0.03265528
v -0.03083445 0.03424576 0.03724442
v -0.02090817 0.03436869 0.04367009
v -0.02277701 0.02349676 0.04557411
v -0.02137053 0.02534938 0.04557409
v -0.02574187 0.03082694 0.04371619
v -0.02864319 0.03612171 0.03729636
v -0.02936869 0.03847878 0.01644207
v -0.03095729 0.03722390 0.01647644
v -0.02999217 0.03761533 0.03266287
v -0.02738916 0.03735757 0.03695233
v -0.02463581 0.04140631 0.01629174
v -0.02551825 0.04093917 0.01631701
v -0.02738390 0.03980076 0.01637827
v -0.02326169 0.04203304 0.03238757
v -0.02265934 0.04020639 0.03704914
v -0.02530152 0.03867033 0.03706571
v -0.02698068 0.03983642 0.03246379
v -0.01759637 0.04432758 0.01613186
v -0.01714675 0.04438718 0.01362950
v -0.01940536 0.04370566 0.01615496
v -0.01913170 0.04385981 0.03235914
v -0.01847893 0.04212876 0.03693743
v -0.01559884 0.03695844 0.04359268
v -0.01593117 0.04305773 0.03685866
v -0.01561613 0.04482700 0.01361065
v -0.01616315 0.04488371 0.03224805
v -0.01445908 0.04360185 0.03663153
v -0.01199929 0.04572661 0.01609850
v -0.01006672 0.04602006 0.01611392
v -0.01432671 0.04512448 0.01358690
v -0.01291994 0.04387346 0.03678347
v -0.01370027 0.04552625 0.03220844
v -0.00351829 0.03912980 0.04353316
v -0.01089768 0.03058608 0.04557399
v -0.01003128 0.03844926 0.04355982
v -0.01008545 0.04439512 0.03673309
v -0.00792507 0.04632103 0.01611615
v -0.00667602 0.04644806 0.01612698
v -0.00989506 0.04619363 0.03216665
v -0.00747949 0.04481565 0.03660821
v -0.00090440 0.04678800 0.03224187
v -0.00113611 0.04504786 0.03672048
v -0.00121495 0.04678785 0.01826660
v -0.00465153 0.04488107 0.03677651
v -0.00459533 0.04665647 0.03227894
v -0.00210303 -0.03814053 0.04353750
v -0.00461221 -0.04376750 0.03688435
v -0.01989349 -0.04141013 0.03333112
v -0.01932453 -0.03971769 0.03720134
v -0.01840174 -0.04017379 0.03713502
v -0.01770565 -0.04230771 0.03335698
v -0.01676716 -0.04070777 0.03731491
v -0.00724779 -0.03734621 0.04364782
v -0.01322433 -0.03569591 0.04371787
v -0.01387111 -0.04175860 0.03721774
v -0.01394607 -0.04358726 0.03328467
v -0.01145689 -0.04257841 0.03699186
v -0.00616272 -0.04348899 0.03707448
v -0.00603442 -0.04520922 0.03328668
v -0.00909957 -0.04294893 0.03714725
v -0.00940724 -0.04464564 0.03336192
v -0.03246711 -0.03286312 0.03301042
v -0.01753262 -0.02551849 0.04557391
v -0.03131038 -0.03131964 0.03726840
v -0.03050891 -0.03217668 0.03717861
v -0.03072415 -0.03445142 0.03308063
v -0.02916147 -0.03320181 0.03740448
v -0.01886521 -0.03317936 0.04373688
v -0.02401137 -0.02973270 0.04375450
v -0.02674612 -0.03511182 0.03741649
v -0.02769260 -0.03683155 0.03319848
v -0.02478398 -0.03667604 0.03722374
v -0.02109211 -0.04082801 0.03338139
v -0.02003485 -0.03923286 0.03741483
v -0.02259640 -0.03785155 0.03739566
v -0.02369475 -0.03941263 0.03331386
v -0.03869243 -0.02157576 0.03715757
v -0.01920344 -0.02365518 0.04557393
v -0.02854135 -0.02551751 0.04373602
v -0.03246166 -0.02040890 0.04368583
v -0.03692865 -0.02429342 0.03727450
v -0.03860390 -0.02523770 0.03297982
v -0.03568047 -0.02641124 0.03706686
v -0.03364416 -0.03162502 0.03309228
v -0.03188017 -0.03055505 0.03746005
v -0.03394293 -0.02841810 0.03726240
v -0.03580325 -0.02916764 0.03287954
v -0.03008948 0.00067978 0.04557413
v -0.02168560 -0.01883379 0.04557398
v -0.03554776 -0.01458184 0.04364044
v -0.02753189 -0.01420341 0.04557405
v -0.04007614 -0.01895780 0.03707235
v -0.04126530 -0.01606708 0.03708743
v -0.03955114 -0.02025251 0.03691831
v -0.04052621 -0.02212193 0.03282356
v -0.04157480 -0.02006926 0.03279971
v -0.03856409 -0.00250996 0.04361306
v -0.03069964 0.00315196 0.04557414
v -0.03753157 -0.00861448 0.04363156
v -0.04292803 -0.01135337 0.03696635
v -0.04365000 -0.00837829 0.03698746
v -0.04227165 -0.01382218 0.03684394
v -0.04292828 -0.01686438 0.03280020
v -0.04450849 -0.01235585 0.03262463
v -0.04445725 -0.00216460 0.03699209
v -0.04420741 -0.00505017 0.03700901
v -0.04422588 -0.00567669 0.03682963
v -0.04607184 -0.00501205 0.03258655
v -0.04410244 -0.00667296 0.03677687
v -0.04549526 -0.00845191 0.03257971
v -0.04593212 -0.00608311 0.03254667
v -0.04643984 0.00027856 -0.00359582
v -0.04643356 -0.00023556 -0.00359541
v -0.04666727 0.00048196 0.01644748
v -0.04644387 0.00064966 0.03244265
v -0.04469858 0.00011824 0.03679045
v -0.04629162 -0.00232308 0.03254385
v -0.03348558 -0.03286881 0.02319778
v -0.03403414 -0.03228675 0.02318666
v -0.03341726 -0.03353027 0.01047246
v -0.03683066 -0.02932220 0.01706300
v -0.03532644 -0.03117685 0.01707333
v -0.03453959 -0.03235016 0.01048729
v -0.03436372 -0.03280576 0.00434770
v -0.03961221 -0.02533688 0.01703092
v -0.03825437 -0.02743001 0.01705060
v -0.03742607 -0.02920340 0.00416375
v -0.04102102 -0.02363149 -0.00028255
v -0.04076666 -0.02339566 0.01700612
v -0.04198036 -0.02102824 0.01696909
v -0.04148701 -0.02205349 0.01699136
v -0.04015254 -0.02514599 0.00417953
v -0.04260956 -0.01968073 0.01695142
v -0.04210151 -0.02154875 0.00415644
v -0.04403105 -0.01668602 -0.00017942
v -0.04303534 -0.01863610 0.01693719
v -0.04387422 -0.01648371 0.01687510
v -0.04312819 -0.01922161 0.00414340
v -0.04461961 -0.01481214 -0.00011878
v -0.04522376 -0.01200670 0.01676092
v -0.04458534 -0.01424246 0.01681428
v -0.04424866 -0.01596265 0.00404653
v -0.04578140 -0.00956793 -0.00021578
v -0.04617424 -0.00709021 0.01659066
v -0.04603236 -0.00803065 0.01662966
v -0.04632909 -0.00462311 -0.00029792
v -0.04624149 -0.00211515 -0.01628331
v -0.04648486 -0.00407430 0.01651508
v -0.04661018 -0.00207240 0.01648096
v -0.04590804 -0.00864273 -0.00027723
v -0.04631896 -0.00596584 0.01655347
v -0.04626808 -0.00638158 0.01657232
v -0.04602626 -0.00803112 0.00384807
v -0.04620819 -0.00604971 -0.00234261
v -0.04594463 -0.00820735 -0.00234701
v -0.04638371 -0.00524097 0.01449034
v -0.04632317 -0.00499090 0.00178126
v -0.04615464 -0.00689116 0.00178868
v -0.04509770 -0.01306512 -0.00233366
v -0.04539794 -0.01164128 -0.00226145
v -0.04475548 -0.01437072 -0.00224979
v -0.04540219 -0.01130348 0.01465416
v -0.04567389 -0.00995250 0.01462895
v -0.04497615 -0.01360008 0.00195070
v -0.04553693 -0.01091684 0.00190856
v -0.04003102 -0.02534734 -0.00240935
v -0.03909534 -0.02693203 0.00192236
v -0.04037632 -0.02480504 0.00189369
v -0.04278430 -0.02006265 -0.00242000
v -0.04370594 -0.01757535 -0.00233122
v -0.04163658 -0.02239240 -0.00240502
v -0.04200672 -0.02178320 0.00185475
v -0.04273765 -0.02022375 0.00199173
v -0.04326043 -0.01892802 0.00189154
v -0.03181210 -0.02289491 -0.09995718
v -0.03071176 -0.02259080 -0.10197730
v -0.03157036 -0.02053222 -0.10205230
v 0.01313368 -0.00139689 -0.12765781
v 0.01414613 0.00203908 -0.12767767
v 0.01229810 -0.00890962 -0.12763559
v 0.01415849 -0.00889848 -0.12767842
v 0.01395856 -0.02235386 -0.12767274
v 0.00399909 -0.02378684 -0.12642797
v 0.00496359 -0.02372989 -0.12664925
v 0.00433224 -0.00717766 -0.12684371
v 0.00302672 -0.02095115 -0.12631627
v 0.00656657 -0.02058882 -0.12697753
v 0.00357174 -0.01782179 -0.12655958
v 0.00641946 -0.02663638 -0.12683942
v 0.00831621 -0.02652180 -0.12714268
v 0.00562299 -0.02334513 -0.12678991
v 0.00510361 -0.02037810 -0.12676550
v 0.01301101 -0.02574529 -0.12760636
v 0.01087599 -0.02575122 -0.12748787
v 0.01211245 -0.02172469 -0.12759051
v 0.00680572 -0.00011882 -0.12726213
v 0.00840812 0.00203199 -0.12741034
v 0.00970774 -0.00010152 -0.12749878
v 0.00902174 -0.01360882 -0.12739359
v 0.00939624 -0.01292564 -0.12743603
v -0.00015672 -0.00109344 -0.12620268
v -0.00090081 -0.00077400 -0.12603744
v 0.00282012 -0.00109977 -0.12669146
v -0.00308445 -0.00130360 -0.12548141
v -0.01016639 -0.00244573 -0.12323059
v -0.00881788 -0.00220279 -0.12376212
v -0.00677850 -0.00226927 -0.12443816
v -0.01554529 -0.00334624 -0.12075575
v -0.01350805 -0.00342081 -0.12169510
v -0.01218924 -0.00599705 -0.12213401
v -0.01736448 0.00163241 -0.11992316
v -0.01869439 0.00027602 -0.11915683
v -0.01646942 0.00024562 -0.12043781
v -0.01683405 -0.00359436 -0.12006664
v -0.02978976 -0.00134941 -0.10994793
v -0.03167955 -0.00149984 -0.10776039
v -0.03125950 -0.00137828 -0.10828785
v -0.02821554 -0.00100515 -0.11168571
v -0.02956011 -0.00321458 -0.11011059
v -0.02653380 -0.00057625 -0.11325960
v -0.02526295 -0.00014729 -0.11442848
v -0.02448481 -0.00057417 -0.11508836
v -0.02634374 -0.00235989 -0.11337919
v -0.02270917 0.00002736 -0.11644649
v -0.02059499 -0.00008848 -0.11796668
v -0.01862174 -0.00407706 -0.11896188
v -0.01909680 -0.00080493 -0.11886964
v -0.02283714 -0.00155313 -0.11630768
v -0.03782326 -0.00244505 -0.09778852
v -0.03879305 -0.00240579 -0.09565471
v -0.03640877 -0.00176325 -0.10060227
v -0.03682107 -0.00218832 -0.09982581
v -0.03558025 -0.00213544 -0.10201976
v -0.03714361 -0.00538552 -0.09875765
v -0.03436376 -0.00180921 -0.10402840
v -0.03288572 -0.00174353 -0.10612290
v -0.03245065 -0.00402710 -0.10653952
v -0.03498400 -0.00475494 -0.10272819
v -0.04325836 -0.00141094 -0.08095091
v -0.04266523 -0.00100303 -0.08408732
v -0.04186812 -0.00117130 -0.08708088
v -0.04079614 -0.00100449 -0.09065163
v -0.04028184 -0.00063972 -0.09223273
v -0.03973384 -0.00078463 -0.09366536
v -0.03910632 -0.00355762 -0.09478384
v -0.04128590 -0.00254237 -0.08869353
v -0.04461304 -0.00356585 -0.07037034
v -0.04452601 -0.00782437 -0.06607320
v -0.04561529 -0.00150382 -0.05728807
v -0.04541433 -0.00140282 -0.06281266
v -0.04508903 -0.00168814 -0.06681892
v -0.04484653 -0.00533714 -0.06626099
v -0.04505270 -0.00568915 -0.06254321
v -0.04582793 -0.00146562 -0.05056011
v -0.04598835 -0.00456266 -0.02668067
v -0.04592586 -0.00175239 -0.04262857
v -0.04569849 -0.00696074 -0.02672487
v -0.04611096 -0.00329016 -0.02258103
v -0.04526008 -0.00573722 -0.05570654
v -0.04553790 -0.00355286 -0.05573450
v -0.04507792 -0.01058342 -0.02680740
v -0.04539071 -0.00905345 -0.02676272
v -0.04492861 -0.00795701 -0.05567049
v -0.04544711 -0.00573300 -0.04905609
v -0.02950976 -0.02561883 -0.10167788
v -0.02917195 -0.02367801 -0.10362396
v -0.01656778 -0.03003980 -0.11459252
v -0.02059064 -0.02717249 -0.11211258
v -0.02175417 -0.02410263 -0.11238310
v -0.01918956 -0.02648639 -0.11376858
v -0.01510714 -0.02944240 -0.11612128
v -0.01321257 -0.02897503 -0.11777534
v -0.01667904 -0.02868048 -0.11507144
v -0.01769941 -0.02578705 -0.11535735
v -0.01867267 -0.02268658 -0.11561220
v -0.01605328 -0.02498083 -0.11693560
v -0.00953387 -0.02767031 -0.12059328
v -0.01149268 -0.02807506 -0.11927055
v -0.01345080 -0.02716076 -0.11815510
v -0.01438607 -0.02426798 -0.11833174
v -0.01038029 -0.02462856 -0.12073782
v -0.01526553 -0.02123488 -0.11847874
v -0.01259120 -0.02347274 -0.11969557
v -0.00760609 -0.02680307 -0.12186832
v -0.00553018 -0.02647774 -0.12293500
v -0.01073913 -0.02272930 -0.12091061
v -0.00631087 -0.02347593 -0.12299632
v -0.01158298 -0.01977531 -0.12095302
v -0.00884249 -0.02198145 -0.12204163
v -0.00343035 -0.02562433 -0.12398461
v -0.00130117 -0.02536532 -0.12479097
v -0.00684492 -0.02123407 -0.12304975
v -0.00207824 -0.02242313 -0.12477518
v -0.00767976 -0.01833512 -0.12302027
v -0.00485905 -0.02052857 -0.12396575
v 0.00072353 -0.02463123 -0.12553686
v 0.00202966 -0.02439593 -0.12591904
v 0.00129533 -0.01843612 -0.12599291
v -0.00353035 -0.01335002 -0.12488950
v -0.00277845 -0.01981587 -0.12474693
v -0.03477608 -0.02448871 -0.09148707
v -0.03271919 -0.02353410 -0.09758515
v -0.03352575 -0.02123642 -0.09799267
v -0.03397953 -0.02428100 -0.09378253
v -0.03488853 -0.02237047 -0.09385070
v -0.01806324 -0.00768338 -0.11906102
v -0.02232042 -0.00509661 -0.11639272
v -0.02051269 -0.00460345 -0.11774983
v -0.02579808 -0.00608657 -0.11344568
v -0.02410816 -0.00561058 -0.11498904
v -0.02174828 -0.00881148 -0.11646433
v -0.02899599 -0.00702844 -0.11014641
v -0.02745225 -0.00657865 -0.11186077
v -0.02520382 -0.00990435 -0.11348571
v -0.03048955 -0.00748922 -0.10840137
v -0.03186392 -0.00790440 -0.10654196
v -0.02837222 -0.01093944 -0.11015284
v -0.03150753 -0.01627339 -0.10435810
v -0.03436702 -0.00869949 -0.10269868
v -0.03317677 -0.00832563 -0.10466787
v -0.03120466 -0.01189673 -0.10651482
v -0.03369381 -0.01712449 -0.10037724
v -0.03264724 -0.01670940 -0.10236061
v -0.03649027 -0.00940326 -0.09869821
v -0.03548848 -0.00907500 -0.10073471
v -0.03366773 -0.01276127 -0.10263961
v -0.03464419 -0.01750885 -0.09831089
v -0.03734745 -0.00971739 -0.09685014
v -0.03544345 -0.01785717 -0.09641509
v -0.03574746 -0.01352458 -0.09860967
v -0.03851185 -0.00813668 -0.09491420
v -0.03786755 -0.01187930 -0.09480455
v 0.00353962 -0.00419836 -0.12676942
v -0.00259953 -0.00451366 -0.12550269
v 0.00193319 -0.01198321 -0.12640135
v 0.00045529 -0.00592554 -0.12624846
v -0.00350823 -0.00705003 -0.12515571
v 0.00040172 -0.01546791 -0.12588525
v 0.01121952 -0.00603492 -0.12758984
v 0.01201689 -0.01555992 -0.12761288
v 0.01107484 -0.01882837 -0.12754330
v 0.00954012 -0.00675443 -0.12747843
v -0.00748951 -0.00820274 -0.12397561
v -0.00632658 -0.01455407 -0.12395051
v -0.00322186 -0.01662375 -0.12482688
v -0.00990049 -0.00875440 -0.12297379
v -0.01336129 -0.00986201 -0.12136492
v -0.01032718 -0.01592859 -0.12215424
v -0.00835962 -0.01524594 -0.12307550
v -0.00904152 -0.01201881 -0.12309575
v -0.01550988 -0.01069188 -0.12018026
v -0.01416765 -0.01732831 -0.11995892
v -0.01228605 -0.01663742 -0.12108294
v -0.01739921 -0.01130432 -0.11898246
v -0.01297021 -0.01339027 -0.12117213
v -0.01779308 -0.01872330 -0.11736627
v -0.01602372 -0.01803938 -0.11869016
v -0.01924842 -0.01192456 -0.11772369
v -0.02103425 -0.01252261 -0.11633276
v -0.01675648 -0.01471515 -0.11885688
v -0.02115104 -0.02008275 -0.11439291
v -0.01951985 -0.01942140 -0.11590552
v -0.02276893 -0.01312260 -0.11488160
v -0.02442426 -0.01369371 -0.11330494
v -0.02033097 -0.01602277 -0.11615309
v -0.02419391 -0.02137763 -0.11107168
v -0.02272447 -0.02075329 -0.11275328
v -0.02601625 -0.01426042 -0.11167609
v -0.02751653 -0.01479351 -0.10993053
v -0.02364105 -0.01728527 -0.11307794
v -0.02928486 -0.01957760 -0.10596909
v -0.02559418 -0.02200813 -0.10927380
v -0.02894141 -0.01531594 -0.10814863
v -0.03026735 -0.01580281 -0.10626014
v -0.02663855 -0.01847701 -0.10966620
v -0.02809598 -0.02316511 -0.10552149
v -0.02696318 -0.02631780 -0.10506200
v -0.02451057 -0.02535172 -0.10884386
v -0.02688302 -0.02258383 -0.10745048
v -0.03894373 -0.00584742 -0.09471708
v -0.04113743 -0.00431985 -0.08870227
v -0.03999263 -0.00395004 -0.09250121
v -0.03947155 -0.00819631 -0.09255415
v -0.04025705 -0.01072656 -0.08862546
v -0.04225739 -0.00468837 -0.08480154
v -0.04061134 -0.00860763 -0.08867596
v -0.04093166 -0.00644436 -0.08870936
v -0.04168794 -0.00901049 -0.08478629
v -0.04349009 -0.00979325 -0.07324757
v -0.04202815 -0.01145684 -0.08074218
v -0.04421020 -0.00345164 -0.07390628
v -0.04377042 -0.00338124 -0.07730283
v -0.04304344 -0.00472212 -0.08078849
v -0.04393634 -0.00729422 -0.07334253
v -0.04242871 -0.00930910 -0.08082180
v -0.04279889 -0.00701693 -0.08088991
v -0.04307200 -0.00958347 -0.07705634
v -0.04384165 -0.00997056 -0.06961443
v -0.04405765 -0.01010743 -0.06597137
v -0.04303315 -0.01196368 -0.07314608
v -0.04442727 -0.01260552 -0.03338101
v -0.04406608 -0.01393774 -0.03340339
v -0.04423347 -0.01020589 -0.06240790
v -0.04443242 -0.01013833 -0.05563635
v -0.04354273 -0.01229524 -0.06586458
v -0.04208303 -0.01394615 -0.07682319
v -0.04243761 -0.01418136 -0.07298906
v -0.04271213 -0.01437707 -0.06935288
v -0.04286581 -0.01452810 -0.06570551
v -0.04178387 -0.01631830 -0.07283046
v -0.04260303 -0.01812076 -0.03340482
v -0.04336036 -0.01602570 -0.03339027
v -0.04296543 -0.01463463 -0.06225366
v -0.04213339 -0.01666693 -0.06554700
v -0.03742471 -0.01427872 -0.09451920
v -0.03871654 -0.01241533 -0.09238875
v -0.03979896 -0.01286675 -0.08852872
v -0.04082140 -0.01330653 -0.08460982
v -0.04150865 -0.01364223 -0.08060940
v -0.04093581 -0.01576373 -0.08047165
v -0.03929697 -0.01495784 -0.08842183
v -0.03731623 -0.02113471 -0.08788938
v -0.04025472 -0.01789530 -0.08028120
v -0.03964698 -0.01752832 -0.08431597
v -0.04073577 -0.01822158 -0.07647409
v -0.04100310 -0.01846675 -0.07261975
v -0.03950221 -0.01997467 -0.08008905
v -0.03901052 -0.02237467 -0.07602292
v -0.03945408 -0.02440551 -0.03658740
v -0.03814093 -0.02454038 -0.07191670
v -0.04148599 -0.02049584 -0.03664836
v -0.04044655 -0.02256691 -0.03664453
v -0.04117951 -0.01866753 -0.06898463
v -0.04133245 -0.01861721 -0.06545516
v -0.04014406 -0.02055488 -0.07241089
v -0.03916913 -0.02261211 -0.07215906
v -0.03922401 -0.02280514 -0.06866471
v -0.03639168 -0.02059042 -0.09180302
v -0.03566507 -0.02000854 -0.09426626
v -0.03672924 -0.01643752 -0.09459420
v -0.03765696 -0.01655050 -0.09223654
v -0.03870324 -0.01705230 -0.08826493
v -0.03805150 -0.01909805 -0.08810350
v -0.03566770 -0.02493820 -0.08748831
v -0.03650511 -0.02312060 -0.08767389
v -0.03815029 -0.02164510 -0.08391086
v -0.03864916 -0.02203540 -0.07984802
v -0.03769939 -0.02405863 -0.07960658
v -0.03680073 -0.02572975 -0.07950145
v -0.03637298 -0.02564853 -0.08289036
v -0.00037759 -0.04397447 0.03687916
v -0.00234470 -0.04388627 0.03687480
v -0.00246663 -0.04545351 0.03332211
v 0.00004634 -0.04285914 0.03895007
v 0.00005987 -0.04397897 0.03688146
v 0.00026880 0.04512117 0.03657680
v 0.00031263 0.04413094 0.03853160
v -0.00026694 0.04647091 0.00721858
v -0.00027219 0.04639357 0.00506579
v -0.00322379 0.04625988 0.00509263
v -0.00374818 0.04665446 0.01780152
v -0.00153542 0.04676135 0.01780514
v -0.00015178 0.04619801 0.00097770
v -0.00010907 0.04599287 -0.00237355
v -0.00374234 0.04589818 -0.00152354
v -0.00363981 0.04571824 -0.00423692
v -0.00018634 0.04581180 -0.00471910
v 0.00369831 0.04106767 -0.05998280
v 0.00438210 0.04106951 -0.06010345
v 0.00496826 0.04107054 -0.06019094
v 0.00766102 0.04107375 -0.06035689
v 0.00572523 0.04107189 -0.06027408
v 0.00180160 0.04106441 -0.05947737
v 0.01045102 0.04107439 -0.06012211
v -0.00349648 0.04554069 -0.00661847
v 0.03869667 -0.00186716 -0.12146556
v 0.03900515 0.02256882 -0.12128798
v 0.03535695 0.02253639 -0.12307852
v 0.04080553 -0.02876327 -0.11985320
v 0.04122919 -0.00184229 -0.11985191
v 0.04066668 0.03194339 -0.11560774
v 0.04282906 0.02253508 -0.11859078
v 0.04483164 -0.00186747 -0.11722284
v 0.04587202 0.03188963 -0.11141548
v 0.04648961 -0.02841529 -0.11541013
v 0.04817712 -0.00189236 -0.11424322
v 0.05015055 -0.00186718 -0.11226521
v 0.04888049 0.03186212 -0.10814908
v 0.05190227 -0.00189235 -0.11015035
v 0.05295336 -0.02834874 -0.10830513
v 0.05434383 -0.00189236 -0.10683165
v 0.05155602 0.03182639 -0.10456796
v 0.05588150 -0.00186719 -0.10447959
v 0.05715800 -0.00189234 -0.10206626
v 0.05385472 0.03178052 -0.10076052
v 0.05784834 -0.02813742 -0.10003573
v 0.05886995 -0.00189234 -0.09831872
v 0.05576694 0.03171816 -0.09671009
v 0.05990188 -0.00186720 -0.09568778
v 0.06065533 -0.00189232 -0.09308032
v 0.05727508 0.03163727 -0.09251356
v 0.06093272 -0.02805447 -0.09093007
v 0.06156545 -0.00189232 -0.08906204
v 0.05837684 0.03150838 -0.08815492
v 0.06204226 -0.00186720 -0.08626025
v 0.06224730 -0.00189229 -0.08356992
v 0.05910234 0.03130229 -0.08372815
v 0.06207315 -0.02810543 -0.08138363
v 0.06231719 -0.00189229 -0.07945045
v 0.05946910 0.03093515 -0.07920190
v 0.06221244 -0.00186720 -0.07659432
v 0.06191341 -0.00187216 -0.07424055
v 0.05966751 0.03013102 -0.07462042
v 0.06096686 -0.02958410 -0.07185905
v 0.00728561 0.03083623 0.04557370
v 0.00934774 0.02974703 0.04557370
v 0.02003752 0.03504836 0.04352128
v 0.01096985 0.02846689 0.04557370
v 0.02482310 0.03194046 0.04353302
v 0.00727117 -0.02927817 0.04557361
v 0.00902364 -0.02827221 0.04557361
v 0.01984559 -0.03278071 0.04361667
v 0.00326918 0.03847096 0.04390590
v 0.00351911 0.04393433 0.03862252
v 0.00684258 0.03100983 0.04557370
v 0.01684887 0.03684230 0.04339645
v 0.00520555 0.03149620 0.04557369
v 0.01415501 0.03764079 0.04343765
v 0.00412370 0.03171004 0.04557369
v 0.00803960 0.03899026 0.04340531
v 0.01075259 0.03856141 0.04340159
v 0.02768604 0.02967922 0.04345236
v 0.01313357 0.02582816 0.04557370
v 0.02410149 0.02230853 0.04557353
v 0.03029778 0.02617349 0.04359814
v 0.03758693 0.01050625 0.04356885
v 0.01560834 0.01851292 0.04557370
v 0.00793809 0.01724183 0.04557378
v 0.01237902 0.01838376 0.04557374
v 0.03070758 0.00776627 0.04557352
v 0.03822935 0.00726554 0.04354405
v 0.03850893 0.00387829 0.04358261
v 0.01270816 -0.02477051 0.04557361
v 0.01094284 -0.02468780 0.04557363
v 0.00602835 -0.02343312 0.04557369
v 0.00842272 -0.02425500 0.04557366
v 0.01131531 -0.02639236 0.04557361
v 0.02946162 -0.02487507 0.04359702
v 0.00932926 -0.02806324 0.04557361
v 0.02246797 -0.03140283 0.04351940
v 0.02520013 -0.02891324 0.04365099
v 0.00088604 -0.03729175 0.04405036
v 0.00120096 -0.04399949 0.03679147
v 0.00101633 -0.04283956 0.03894860
v 0.00256124 -0.03077139 0.04557360
v 0.00401505 -0.03788172 0.04359400
v 0.03672769 0.01396532 0.04354443
v 0.01421302 0.02379092 0.04557370
v 0.02734629 0.01763354 0.04557353
v 0.02931213 0.01304419 0.04557352
v 0.02981958 0.01031755 0.04557353
v 0.03570233 0.01707027 0.04351216
v 0.03273513 0.02331306 0.04344578
v 0.03393997 0.02071205 0.04354968
v 0.03133921 0.00282103 0.04557352
v 0.03870663 0.00126332 0.04354805
v 0.03114730 0.00019117 0.04557353
v 0.03832325 -0.00254037 0.04365649
v 0.00342210 -0.03060343 0.04557361
v 0.00729481 -0.03755489 0.04353396
v 0.00500433 -0.03018610 0.04557361
v 0.01025375 -0.03679511 0.04357587
v 0.00640936 -0.02967014 0.04557361
v 0.01667538 -0.03458136 0.04355374
v 0.01391076 -0.03571433 0.04354130
v 0.03186809 -0.02206897 0.04352595
v 0.03346048 -0.01945565 0.04354280
v -0.00046900 -0.00045829 0.04557384
v 0.00793486 -0.01997186 0.04557369
v -0.00039351 -0.01052005 0.04557381
v 0.02732046 -0.01511940 0.04557353
v 0.02779464 -0.01443924 0.04557353
v 0.03520066 -0.01598695 0.04356682
v 0.03640632 -0.01311885 0.04354659
v 0.00776045 0.01174312 0.04557378
v 0.00034728 0.00239182 0.04557384
v 0.00123108 0.00484074 0.04557384
v 0.00236893 0.00697668 0.04557383
v 0.00571361 0.01056216 0.04557380
v 0.03103719 -0.00045917 0.04557353
v 0.03814052 -0.00652054 0.04353610
v 0.03004359 -0.00880811 0.04557353
v 0.03732605 -0.00960148 0.04360314
v 0.05429838 -0.01312293 -0.02213826
v 0.05408968 0.01183566 -0.02058451
v 0.04449175 0.00151915 0.03684248
v 0.04446646 0.00041024 0.03691366
v 0.05396041 0.01430395 -0.02045798
v 0.04419512 0.00564311 0.03696565
v 0.04436962 0.00362646 0.03690188
v 0.04589423 0.00294765 0.03358031
v 0.05381986 0.01553748 -0.02034981
v 0.04393010 0.00809869 0.03688095
v 0.04412922 0.00662587 0.03689944
v 0.04566615 0.00600428 0.03371010
v 0.05352373 0.01743959 -0.02026437
v 0.04369982 0.00968006 0.03686773
v 0.04534917 0.00836025 0.03373412
v 0.05322082 0.01888888 -0.02019826
v 0.04304561 0.01269739 0.03690020
v 0.04342520 0.01090365 0.03692706
v 0.04486973 0.01109000 0.03377691
v 0.05287357 0.02025970 -0.02015207
v 0.04278425 0.01392127 0.03682004
v 0.04439239 0.01322683 0.03377288
v 0.05237010 0.02191680 -0.02011220
v 0.04240699 0.01513188 0.03686190
v 0.04190284 0.01692092 0.03676771
v 0.04377149 0.01547642 0.03379674
v 0.05135058 0.02459936 -0.02009916
v 0.04116765 0.01897467 0.03671044
v 0.04044204 0.02074814 0.03673894
v 0.04263647 0.01886227 0.03371221
v 0.05003578 0.02728819 -0.02014578
v 0.03940417 0.02280483 0.03679930
v 0.03822717 0.02512058 0.03674560
v 0.04077519 0.02314552 0.03373027
v 0.04867701 0.02952769 -0.02024889
v 0.03682167 0.02739235 0.03674393
v 0.03737637 0.02668907 0.03656493
v 0.03877263 0.02686739 0.03363199
v 0.04693014 0.03187788 -0.02042338
v 0.03344288 0.03178954 0.03675104
v 0.03541187 0.02906235 0.03699640
v 0.03641813 0.03022152 0.03375281
v 0.04487687 0.03410838 -0.02068411
v 0.03090920 0.03456122 0.03654385
v 0.03197152 0.03355186 0.03649479
v 0.03363699 0.03369890 0.03337794
v 0.04266683 0.03603188 -0.02099095
v 0.02710750 0.03758768 0.03665267
v 0.02919279 0.03593213 0.03667820
v 0.03039017 0.03680867 0.03327989
v 0.04106283 0.03718887 -0.02124776
v 0.02578334 0.03861366 0.03647051
v 0.02751592 0.03910374 0.03310217
v 0.03987133 0.03793986 -0.02149584
v 0.02217792 0.04046958 0.03672687
v 0.02467498 0.03917997 0.03666398
v 0.02570902 0.04031734 0.03303697
v 0.03739734 0.03931794 -0.02353791
v 0.03774609 0.03905594 -0.02177957
v 0.02038327 0.04150603 0.03649016
v 0.02313258 0.04174468 0.03296512
v 0.03587419 0.03993393 -0.02378659
v 0.01901222 0.04213653 0.03636984
v 0.01805913 0.04248759 0.03639389
v 0.02000000 0.04330361 0.03262325
v 0.03256433 0.04089348 -0.02784590
v 0.03315738 0.04078670 -0.02607981
v 0.03373379 0.04061463 -0.02404815
v 0.01614528 0.04305493 0.03646086
v 0.01392033 0.04372091 0.03642284
v 0.01671774 0.04448989 0.03245725
v 0.03012903 0.04131087 -0.02984171
v 0.03082358 0.04124802 -0.02794663
v 0.00871890 0.04466966 0.03640635
v 0.01187102 0.04418561 0.03635831
v 0.01031115 0.04444748 0.03643018
v 0.01258712 0.04561421 0.03218065
v 0.00264723 0.04670337 0.03225024
v 0.00267068 0.04499045 0.03667177
v 0.00591102 0.04485402 0.03664516
v 0.00688169 0.04487129 0.03644933
v 0.00849247 0.04629833 0.03211279
v 0.00589192 0.04656606 0.03219474
v 0.05415148 -0.01562220 -0.02196145
v 0.04427181 -0.00181003 0.03709851
v 0.04404644 -0.00489212 0.03709679
v 0.04586536 -0.00168794 0.03366663
v 0.05388638 -0.01757618 -0.02177302
v 0.04397312 -0.00643606 0.03688948
v 0.04383894 -0.00754951 0.03679123
v 0.04556511 -0.00529182 0.03376142
v 0.04002075 -0.01939704 0.03690638
v 0.04084406 -0.01766128 0.03682602
v 0.04164814 -0.01572007 0.03679198
v 0.04207770 -0.01438208 0.03687727
v 0.04240698 -0.01738022 0.03388240
v 0.05218978 -0.02200634 -0.01818329
v 0.04235599 -0.01359554 0.03684341
v 0.04341132 -0.01472122 0.03392682
v 0.05344778 -0.01977956 -0.02167287
v 0.05267006 -0.02032862 -0.01825583
v 0.04274024 -0.01199562 0.03697104
v 0.04337171 -0.00961254 0.03690858
v 0.04499654 -0.00880606 0.03374153
v 0.04406787 -0.01258009 0.03388352
v 0.03517583 -0.02715935 0.03696280
v 0.03349863 -0.02909086 0.03699780
v 0.03593111 -0.02628188 0.03683997
v 0.03659788 -0.02535147 0.03681702
v 0.03647196 -0.02771600 0.03407614
v 0.03745021 -0.02406845 0.03684961
v 0.03853774 -0.02220982 0.03685166
v 0.03777752 -0.02591776 0.03404607
v 0.03955208 -0.02044772 0.03682455
v 0.04117573 -0.02013501 0.03399977
v 0.03973684 -0.02277302 0.03402204
v 0.02589304 -0.03605359 0.03676061
v 0.02666856 -0.03540861 0.03692505
v 0.03072364 -0.03196142 0.03704976
v 0.02830937 -0.03393300 0.03714641
v 0.02936791 -0.03496106 0.03412464
v 0.03213255 -0.03072668 0.03687366
v 0.03455188 -0.02997701 0.03411425
v 0.03212214 -0.03259454 0.03404173
v 0.01968139 -0.03955176 0.03690392
v 0.01867899 -0.04000073 0.03691639
v 0.02042762 -0.03920828 0.03687709
v 0.02040608 -0.04077590 0.03384881
v 0.02186781 -0.03835507 0.03701338
v 0.02411385 -0.03711132 0.03693043
v 0.02577530 -0.03769520 0.03389481
v 0.02239919 -0.03972187 0.03390612
v 0.01117927 -0.04253853 0.03695122
v 0.01305140 -0.04205402 0.03693467
v 0.01418717 -0.04174016 0.03687616
v 0.01598449 -0.04110411 0.03684506
v 0.01376871 -0.04338198 0.03371334
v 0.01793636 -0.04036232 0.03685251
v 0.01938188 -0.04125479 0.03383188
v 0.01672027 -0.04234509 0.03372192
v 0.00237200 -0.04544009 0.03335919
v 0.00336166 -0.04383201 0.03689741
v 0.00554392 -0.04353227 0.03705328
v 0.00609739 -0.04352905 0.03694307
v 0.00515467 -0.04517726 0.03361023
v 0.00719251 -0.04341443 0.03686868
v 0.00834627 -0.04321294 0.03685420
v 0.00649383 -0.04502007 0.03356659
v 0.00971922 -0.04294230 0.03686861
v 0.01155137 -0.04398698 0.03369550
v 0.00875555 -0.04462873 0.03360931
v 0.00096768 0.04677207 0.01786704
v 0.00077638 0.04646844 0.00724431
v 0.00089774 0.04638671 0.00501299
v 0.00075907 0.04645262 0.00675361
v 0.00348965 0.04668222 0.01785151
v 0.00850324 0.04622665 0.01779278
v 0.00566298 0.04653960 0.01782357
v 0.00651388 0.04646902 0.01782135
v 0.02640670 0.04108910 -0.04797227
v 0.02728971 0.04107850 -0.04646757
v 0.02818540 0.04105385 -0.04472521
v 0.02881712 0.04103135 -0.04308057
v 0.00927147 0.04603795 0.01562139
v 0.00724551 0.04593446 0.00451743
v 0.00181668 0.04626145 0.00275940
v 0.00182922 0.04613116 0.00048930
v 0.02361804 0.04127193 -0.04948403
v 0.02471218 0.04126286 -0.04797641
v 0.00453695 0.04655140 0.01571300
v 0.00272891 0.04631575 0.00460034
v 0.00511837 0.04615751 0.00457852
v 0.00594002 0.04596539 0.00226978
v 0.00186449 0.04591445 -0.00283451
v 0.01800907 0.04116683 -0.05625237
v 0.01536401 0.04116973 -0.05747081
v 0.00184765 0.04599500 -0.00167985
v 0.02096283 0.04116009 -0.05420340
v 0.02236304 0.04115244 -0.05292816
v 0.02352417 0.04114677 -0.05160283
v 0.00368734 0.04604380 0.00005773
v -0.00007337 -0.03423160 -0.12257903
v 0.00201494 -0.03420298 -0.12334088
v 0.00349156 -0.03430646 -0.12370567
v 0.00631212 -0.03436502 -0.12434365
v 0.00749135 -0.03411083 -0.12473676
v 0.00997710 -0.03398380 -0.12518441
v 0.00571753 -0.03615854 -0.12324962
v 0.04322727 -0.03272901 -0.11664594
v 0.04663419 -0.03249375 -0.11374191
v 0.04940385 -0.03256672 -0.11101789
v 0.04622443 -0.03534048 -0.11267161
v 0.05178946 -0.03226108 -0.10809983
v 0.05439411 -0.03235876 -0.10444027
v 0.05121171 -0.03496028 -0.10732670
v 0.05632592 -0.03214516 -0.10096322
v 0.05817169 -0.03216358 -0.09686836
v 0.05509241 -0.03504801 -0.10112133
v 0.05944154 -0.03208173 -0.09308702
v 0.06045641 -0.03202254 -0.08871004
v 0.05791678 -0.03508566 -0.09437398
v 0.06101726 -0.03207781 -0.08476041
v 0.06116160 -0.03194066 -0.08026671
v 0.05964398 -0.03499704 -0.08726438
v 0.06100100 -0.03213769 -0.07635470
v 0.06019151 -0.03487505 -0.07996131
v 0.06043172 -0.03194211 -0.07263357
v 0.05977914 -0.03188014 -0.06912876
v 0.05039642 -0.02736367 -0.01866244
v 0.05134285 -0.02507588 -0.01874466
v 0.05170136 -0.02407028 -0.01882325
v 0.04988429 -0.02841506 -0.01862194
v 0.05951193 -0.03479653 -0.07266284
v 0.03790835 -0.03298548 -0.12006771
v 0.03453529 -0.03308157 -0.12165258
v 0.04016838 -0.03307334 -0.11859280
v 0.04053227 -0.03535739 -0.11723369
v 0.03108209 -0.03322958 -0.12311823
v 0.03417101 -0.03536051 -0.12080250
v 0.02753483 -0.03321512 -0.12412772
v 0.02338830 -0.03347413 -0.12508004
v 0.02730838 -0.03537441 -0.12327198
v 0.01964719 -0.03361596 -0.12543057
v 0.01597966 -0.03372964 -0.12565289
v 0.01328780 -0.03399873 -0.12541335
v 0.02012372 -0.03562106 -0.12447382
v -0.00554108 -0.05053625 -0.01615231
v -0.00657824 -0.05041507 -0.01615684
v -0.00792847 -0.05036221 -0.01755138
v -0.00624669 -0.05535952 -0.06508357
v -0.00165497 -0.05541245 -0.06271111
v 0.00296736 -0.05059312 -0.00987632
v 0.00526136 -0.05069167 -0.00980285
v 0.00711186 -0.05541247 -0.05510024
v 0.00770059 -0.05069057 -0.00957046
v 0.01329625 -0.05539029 -0.05099323
v 0.01022577 -0.05068409 -0.00968291
v 0.01148760 -0.05541248 -0.05508376
v 0.01567895 -0.05541249 -0.05193481
v 0.01779230 -0.05538905 -0.05095348
v 0.00693900 -0.05541247 -0.05654788
v 0.01113035 -0.05541248 -0.05339895
v 0.01550572 -0.05541249 -0.05338199
v 0.01118061 -0.05066759 -0.00972073
v 0.01347478 -0.05052916 -0.00958422
v 0.02085321 -0.05538718 -0.05120144
v 0.02165537 -0.05541247 -0.05233540
v 0.01685630 -0.05541249 -0.08926291
v 0.00869222 -0.05541247 -0.07406448
v 0.02010532 -0.05541249 -0.08815745
v 0.02083039 -0.05541249 -0.08748909
v 0.01843767 -0.05541249 -0.08810548
v 0.02252385 -0.05535789 -0.08790827
v 0.01461026 -0.05541248 -0.09220886
v 0.00088100 -0.05541245 -0.09291175
v 0.01005873 -0.05537130 -0.09686928
v 0.01221753 -0.05541248 -0.09282524
v 0.01615971 -0.05536367 -0.09265992
v -0.00823665 -0.05534470 -0.06804091
v -0.00244197 -0.05541245 -0.06421665
v -0.00302435 -0.05541245 -0.06581252
v 0.00274700 -0.05541246 -0.08162734
v 0.00050095 -0.05541245 -0.08457327
v -0.00967939 -0.05534469 -0.07130795
v -0.01067964 -0.05534473 -0.07473642
v -0.00948359 -0.05541243 -0.07672641
v -0.01122105 -0.05534473 -0.07826648
v -0.00902625 -0.05541243 -0.08676196
v 0.00006434 -0.05541245 -0.08962134
v -0.00940618 -0.05541243 -0.07842345
v -0.01129371 -0.05534474 -0.08183710
v -0.01003630 -0.05534472 -0.08885250
v -0.01089659 -0.05534472 -0.08538633
v -0.00872782 -0.05534473 -0.09217556
v -0.00699400 -0.05534473 -0.09529782
v -0.00628886 -0.05541243 -0.09329755
v 0.00280162 -0.05541245 -0.09615697
v -0.00556380 -0.05541243 -0.09483387
v -0.00550099 -0.05536097 -0.09709923
v 0.00345258 -0.05535918 -0.09767606
v -0.00417354 -0.05055836 -0.01489873
v -0.00388509 -0.05537387 -0.06244230
v -0.00410055 -0.05541244 -0.06453521
v 0.00047519 -0.05541245 -0.06007359
v -0.00262493 -0.05057891 -0.01380394
v 0.00178122 -0.05541245 -0.05898714
v 0.00545329 -0.05538463 -0.05512611
v -0.00125291 -0.05538206 -0.06010333
v 0.00311164 -0.05541245 -0.09632622
v -0.00459051 -0.05536826 -0.09768733
v 0.00320351 -0.05541245 -0.09646477
v 0.00344142 -0.05541245 -0.09638889
v -0.00291374 -0.05535897 -0.09822426
v -0.00361688 -0.05537177 -0.09799126
v 0.02398804 -0.05535790 -0.08621578
v 0.01336120 -0.05541248 -0.06765951
v 0.02192793 -0.05541250 -0.06449362
v 0.02258399 -0.05541250 -0.06460660
v 0.01913255 -0.05541250 -0.08347434
v 0.02332982 -0.05541250 -0.08460031
v 0.02503636 -0.05535790 -0.08423865
v 0.02561577 -0.05535789 -0.08207700
v 0.02317430 -0.05541248 -0.06575910
v 0.02287779 -0.05541250 -0.06554794
v 0.01942633 -0.05541250 -0.08441569
v 0.02340042 -0.05541250 -0.08264186
v 0.02409532 -0.05541251 -0.07801071
v 0.02431844 -0.05541250 -0.08091048
v 0.02569651 -0.05535789 -0.07984052
v -0.00823089 -0.04928991 -0.10874400
v -0.00905542 -0.04890283 -0.10884165
v -0.00933377 -0.03831134 -0.11590783
v -0.01449581 -0.03728969 -0.11283578
v -0.01196640 -0.03769896 -0.11458982
v -0.01908625 -0.03425653 -0.10990239
v -0.01648633 -0.03645807 -0.11142508
v -0.01032371 -0.04828568 -0.10889010
v -0.00693179 -0.04996683 -0.10834052
v 0.03284694 -0.04584845 -0.01814021
v 0.03366165 -0.04543803 -0.01804932
v 0.03538435 -0.04448139 -0.01792966
v 0.03209945 -0.04619734 -0.01822315
v 0.03788190 -0.05134660 -0.09950379
v 0.03927535 -0.05079190 -0.10069552
v 0.03736204 -0.05117261 -0.10115512
v 0.04482956 -0.05087716 -0.07076768
v 0.04554772 -0.05114808 -0.07865643
v 0.04579987 -0.05090011 -0.07464644
v 0.04555094 -0.05114715 -0.08254912
v 0.04527654 -0.05107634 -0.08645500
v 0.04068422 -0.05112070 -0.09719110
v 0.04412391 -0.05112074 -0.09019861
v 0.04253100 -0.05115379 -0.09375727
v 0.03765931 -0.04297258 -0.01778229
v 0.03591846 -0.04413326 -0.01783631
v 0.04712439 -0.04931501 -0.06792205
v 0.03860418 -0.04254771 -0.01878463
v 0.04053076 -0.04095410 -0.01872856
v 0.04628022 -0.05011841 -0.06958914
v 0.04690322 -0.05011930 -0.07143922
v 0.04795950 -0.04900756 -0.06891978
v 0.04810438 -0.05016174 -0.07931990
v 0.04797504 -0.05016233 -0.07737181
v 0.04931594 -0.04931526 -0.07626454
v 0.05053010 -0.04848054 -0.07701597
v 0.04789227 -0.04990955 -0.07390063
v 0.04826330 -0.04991279 -0.07581639
v 0.05038021 -0.04847539 -0.07567449
v 0.04848101 -0.04931487 -0.07199418
v 0.04933204 -0.04847775 -0.07084687
v 0.04995585 -0.04846930 -0.07343351
v 0.04959517 -0.04931558 -0.08060266
v 0.05069125 -0.04847275 -0.07929088
v 0.04810420 -0.05016184 -0.08188542
v 0.04797455 -0.05016257 -0.08383349
v 0.05069126 -0.04847274 -0.08191443
v 0.04690297 -0.05011944 -0.08976597
v 0.04627986 -0.05011862 -0.09161602
v 0.04844329 -0.04931542 -0.08935292
v 0.04933198 -0.04847781 -0.09035839
v 0.04781039 -0.05004652 -0.08644985
v 0.04742411 -0.05004864 -0.08836308
v 0.04968850 -0.04847507 -0.08906092
v 0.04929622 -0.04931556 -0.08508619
v 0.05052984 -0.04848076 -0.08418934
v 0.05012516 -0.04848874 -0.08682272
v 0.04704670 -0.04931703 -0.09347338
v 0.04860163 -0.04848198 -0.09251870
v 0.04434695 -0.05017350 -0.09574031
v 0.04520852 -0.05017362 -0.09398838
v 0.04761155 -0.04847955 -0.09498804
v 0.04506209 -0.04931671 -0.09750866
v 0.04661077 -0.04847415 -0.09703725
v 0.04203640 -0.05011899 -0.09965962
v 0.04312284 -0.05011741 -0.09803782
v 0.04525341 -0.04848127 -0.09932572
v 0.04257009 -0.04931658 -0.10122966
v 0.04398439 -0.04848059 -0.10122016
v 0.04108157 -0.04969845 -0.10205925
v 0.03992388 -0.04971454 -0.10335585
v 0.04224863 -0.04866179 -0.10301731
v 0.03637567 -0.04931642 -0.10741446
v 0.03956900 -0.04933910 -0.10456131
v 0.04058688 -0.04835809 -0.10539943
v 0.03721268 -0.04970295 -0.10591115
v 0.03819949 -0.04863120 -0.10711453
v 0.03672973 -0.05122138 -0.10154229
v 0.03466057 -0.05134844 -0.10270796
v 0.03721123 -0.05101472 -0.10204189
v 0.03846756 -0.05030425 -0.10328011
v 0.03584635 -0.05079738 -0.10409802
v 0.03853538 -0.04971922 -0.10473304
v 0.03633617 -0.05117479 -0.10217001
v 0.03244736 -0.05105897 -0.10569537
v 0.02906096 -0.05105983 -0.10763644
v 0.01785283 -0.05086564 -0.11122563
v 0.02548483 -0.05102862 -0.10921907
v 0.02173771 -0.05096941 -0.11040950
v 0.03497869 -0.05004985 -0.10691950
v 0.03648105 -0.04847872 -0.10874887
v 0.03336779 -0.05004756 -0.10799686
v 0.02717132 -0.05016263 -0.11087912
v 0.02533582 -0.05016219 -0.11150240
v 0.02873324 -0.04931686 -0.11182952
v 0.02816834 -0.04847599 -0.11326484
v 0.03118559 -0.05012748 -0.10913147
v 0.02944726 -0.05012634 -0.10998890
v 0.03044566 -0.04848217 -0.11228736
v 0.03270471 -0.04931636 -0.10986981
v 0.03459180 -0.04849045 -0.10999648
v 0.03247792 -0.04847814 -0.11128922
v 0.02453982 -0.04931689 -0.11325368
v 0.02602503 -0.04847377 -0.11399573
v 0.02107885 -0.05016236 -0.11251264
v 0.02297986 -0.05016253 -0.11213346
v 0.02363080 -0.04847412 -0.11463734
v 0.02019650 -0.04931542 -0.11411937
v 0.02140946 -0.04847541 -0.11507723
v 0.01672841 -0.05012856 -0.11300461
v 0.01866266 -0.05012750 -0.11287780
v 0.01894859 -0.04848187 -0.11537003
v 0.01577695 -0.04931479 -0.11440837
v 0.01668946 -0.04847741 -0.11552241
v 0.01227592 -0.04989055 -0.11327661
v 0.01426983 -0.04993915 -0.11331702
v 0.01421234 -0.04848912 -0.11546153
v 0.01136906 -0.04931529 -0.11411687
v 0.01195254 -0.04847846 -0.11532452
v 0.00984872 -0.04951874 -0.11352928
v 0.00964670 -0.04866576 -0.11472407
v -0.00101565 -0.04874226 -0.11166841
v -0.00044209 -0.04932352 -0.11111760
v 0.00664669 -0.04813381 -0.11472630
v 0.01415423 -0.05047933 -0.00971298
v 0.01460732 -0.05042499 -0.00968569
v 0.02195400 -0.05541240 -0.05254572
v 0.02240929 -0.05535628 -0.05136687
v 0.02440421 -0.05535585 -0.06564308
v 0.01942555 -0.04941908 -0.00930826
v 0.02073938 -0.04900554 -0.00922933
v 0.02287798 -0.04820216 -0.00918234
v 0.01491566 -0.05037343 -0.00960028
v 0.01595569 -0.05021449 -0.00952675
v 0.01767072 -0.04987173 -0.00940633
v 0.03567925 -0.05257889 -0.05964554
v 0.03536006 -0.05295575 -0.06212399
v 0.03503966 -0.05315766 -0.06436855
v 0.02415726 -0.05518368 -0.05141239
v 0.02257263 -0.05518124 -0.08962633
v 0.02340528 -0.05517926 -0.08887884
v 0.02813378 -0.05322436 -0.09686189
v 0.02935575 -0.05322935 -0.09579873
v 0.02432632 -0.05518196 -0.08798811
v 0.03183455 -0.05322490 -0.09321205
v 0.03072073 -0.05322873 -0.09450014
v 0.03018288 -0.05323010 -0.09503166
v 0.02363424 -0.05511862 -0.08911296
v 0.02507523 -0.05517929 -0.08694846
v 0.02576245 -0.05518202 -0.08589011
v 0.02625296 -0.05517927 -0.08472745
v 0.03250386 -0.05322449 -0.09224471
v 0.03355669 -0.05322450 -0.09065343
v 0.03444605 -0.05322485 -0.08885044
v 0.02534305 -0.05511788 -0.08714360
v 0.02669337 -0.05518193 -0.08352418
v 0.02691098 -0.05517923 -0.08228114
v 0.03589686 -0.05322477 -0.08395762
v 0.03551228 -0.05322431 -0.08587796
v 0.03488665 -0.05322477 -0.08773555
v 0.02656228 -0.05511839 -0.08483865
v 0.02707068 -0.05518193 -0.08100981
v 0.02700459 -0.05517922 -0.07974959
v 0.03620175 -0.05322452 -0.08076391
v 0.03608370 -0.05322449 -0.07886119
v 0.03607259 -0.05322485 -0.08277179
v 0.02723712 -0.05511838 -0.08232028
v 0.02692365 -0.05517960 -0.07872671
v 0.03600061 -0.05322509 -0.07781782
v 0.02569775 -0.05517717 -0.06551334
v 0.02605989 -0.05510888 -0.06544417
v 0.02733394 -0.05511783 -0.07971454
v 0.00990186 -0.05518338 -0.09841341
v 0.01495768 -0.05287546 -0.10545104
v 0.01690096 -0.05294550 -0.10483885
v 0.01031448 -0.05520809 -0.09817029
v 0.01094203 -0.05519505 -0.09803216
v 0.02088468 -0.05315029 -0.10245061
v 0.01915523 -0.05307781 -0.10361353
v 0.01729436 -0.05300029 -0.10454550
v 0.01048281 -0.05500928 -0.09915898
v 0.01702070 -0.05519325 -0.09364447
v 0.01148159 -0.05517633 -0.09784359
v 0.02262102 -0.05321201 -0.10100147
v 0.02115957 -0.05318794 -0.10210040
v 0.01725841 -0.05511996 -0.09396620
v 0.01157420 -0.05507880 -0.09837287
v 0.00356557 -0.05518470 -0.09896749
v -0.00265775 -0.05518457 -0.09951143
v -0.00297854 -0.05514998 -0.09970737
v 0.00652659 -0.05257520 -0.10698922
v 0.00855910 -0.05279834 -0.10625166
v 0.00366040 -0.05495475 -0.10005128
v -0.00821511 -0.05512329 -0.09609290
v -0.00716354 -0.05512438 -0.09769695
v -0.00663922 -0.05515863 -0.09802643
v -0.00615836 -0.05514711 -0.09858459
v -0.00835823 -0.05452666 -0.09960430
v -0.00427506 -0.05517116 -0.09942222
v -0.00353999 -0.05517967 -0.09951529
v 0.00380971 -0.05206731 -0.10796800
v 0.00587545 -0.05234588 -0.10751167
v 0.00456847 -0.05227634 -0.10759103
v -0.00335248 -0.05472164 -0.10139426
v -0.00556023 -0.05516343 -0.09889805
v -0.00491504 -0.05516293 -0.09924495
v -0.00685410 -0.05462436 -0.10052287
v -0.00526985 -0.05459501 -0.10140113
v -0.00679690 -0.05106876 -0.10693894
v -0.00633258 -0.05116989 -0.10694915
v 0.00335103 -0.05168824 -0.10862216
v 0.00144844 -0.05115224 -0.10915741
v 0.00002050 -0.05058586 -0.10960106
v -0.00499983 -0.05376481 -0.10347783
v -0.01073975 -0.05053358 -0.10553261
v -0.01153513 -0.05021556 -0.10533693
v -0.01044575 -0.05329108 -0.10111048
v -0.00966256 -0.05325953 -0.10198755
v -0.00889046 -0.05087587 -0.10630514
v -0.00981672 -0.05066659 -0.10603039
v -0.00857146 -0.05344554 -0.10246742
v -0.00736123 -0.05384771 -0.10237535
v -0.00982720 -0.05237379 -0.10351199
v -0.00770621 -0.05103584 -0.10665841
v -0.00842396 -0.05093071 -0.10647482
v -0.00581614 -0.05384542 -0.10306263
v -0.00662177 -0.05381417 -0.10282919
v -0.00625209 -0.05308734 -0.10432577
v -0.00775386 -0.05298570 -0.10386747
v -0.01129827 -0.05296054 -0.10088934
v -0.01180589 -0.05213629 -0.10204494
v -0.01909825 -0.05209505 -0.08350567
v -0.01265220 -0.05512438 -0.08378598
v -0.01718465 -0.05343009 -0.08322656
v -0.01785110 -0.05296045 -0.08429770
v -0.01530512 -0.05208629 -0.09670954
v -0.01004303 -0.05512326 -0.09280331
v -0.00923046 -0.05512442 -0.09449723
v -0.00995919 -0.05455734 -0.09721028
v -0.01363345 -0.05343170 -0.09571108
v -0.01375723 -0.05296048 -0.09710509
v -0.01131156 -0.05333286 -0.09986664
v -0.01265327 -0.05209053 -0.10103547
v -0.01390055 -0.05210177 -0.09909482
v -0.01238443 -0.05332990 -0.09821671
v -0.01147597 -0.04983668 -0.01903962
v -0.01039158 -0.05512422 -0.06904139
v -0.01104662 -0.05512308 -0.07080229
v -0.01267329 -0.05512330 -0.07814720
v -0.01282356 -0.05512444 -0.08001989
v -0.01274980 -0.05512327 -0.08189717
v -0.01727612 -0.05342939 -0.08126039
v -0.01463599 -0.05462127 -0.08198945
v -0.01083991 -0.05512437 -0.09108805
v -0.01447516 -0.05343105 -0.09393181
v -0.01175065 -0.05462230 -0.09360236
v -0.01142633 -0.05512327 -0.08928992
v -0.01232981 -0.05512327 -0.08564963
v -0.01198672 -0.05512444 -0.08749674
v -0.01438036 -0.05455345 -0.08601079
v -0.01326299 -0.05460694 -0.08988324
v -0.01831839 -0.04779528 -0.02249424
v -0.01755519 -0.04814070 -0.02246594
v -0.02147335 -0.04606603 -0.02266484
v -0.01930303 -0.04731024 -0.02256185
v -0.01210414 -0.05512319 -0.07442714
v -0.01249872 -0.05512444 -0.07626397
v -0.01458784 -0.05460971 -0.07797529
v -0.01683881 -0.04828599 -0.02076324
v -0.01495901 -0.04900297 -0.02070295
v -0.01268647 -0.04967678 -0.02066642
v -0.01168408 -0.05512421 -0.07258299
v -0.01171271 -0.05496786 -0.07056591
v -0.01366784 -0.05471531 -0.07407410
v -0.01010302 -0.04995827 -0.01750608
v -0.00829920 -0.05029475 -0.01750340
v -0.00870066 -0.05512385 -0.06579240
v -0.00952553 -0.05512310 -0.06735994
v -0.00972683 -0.05507784 -0.06726181
v -0.01628849 -0.05208961 -0.09462217
v -0.01570781 -0.05296059 -0.09298271
v -0.01552448 -0.05340681 -0.09134764
v -0.01611979 -0.05340826 -0.08947158
v -0.01729233 -0.05208837 -0.09204204
v -0.01897655 -0.05208779 -0.08486465
v -0.01736666 -0.05322646 -0.08484502
v -0.01657425 -0.05357048 -0.08598456
v -0.01664832 -0.05332676 -0.08795352
v -0.01832134 -0.05239033 -0.08654658
v -0.01704904 -0.05296055 -0.08878668
v -0.01798366 -0.05209314 -0.08984096
v -0.01832979 -0.05208751 -0.08851635
v -0.02674541 -0.04197535 -0.02489653
v -0.02612032 -0.04258709 -0.02484671
v -0.01922181 -0.05208201 -0.08120169
v -0.01804608 -0.05296061 -0.07989782
v -0.02578030 -0.04283713 -0.02369242
v -0.02441495 -0.04402201 -0.02355481
v -0.02229194 -0.04558991 -0.02339350
v -0.01724169 -0.05341107 -0.07847569
v -0.01703674 -0.05343146 -0.07652501
v -0.01894787 -0.05224989 -0.07845060
v -0.01944939 -0.03433725 -0.10946587
v -0.02070184 -0.03475428 -0.10776417
v -0.01414486 -0.04616650 -0.10809659
v -0.01250249 -0.04995793 -0.10476850
v -0.01315658 -0.04976465 -0.10431651
v -0.00167681 -0.03677415 -0.12059590
v 0.00071284 -0.03855485 -0.12054081
v -0.00552261 -0.04430085 -0.11429904
v 0.00156527 -0.03882286 -0.12069022
v -0.00410265 -0.04575590 -0.11368613
v -0.00458663 -0.04526772 -0.11392426
v 0.00005539 -0.04225370 -0.11821721
v -0.00291742 -0.04668767 -0.11321599
v -0.00329662 -0.04639845 -0.11337148
v -0.00358804 -0.04615745 -0.11350078
v 0.00145906 -0.04337806 -0.11786888
v 0.00223942 -0.04439579 -0.11722844
v -0.00239715 -0.04724541 -0.11281941
v 0.00440219 -0.04654643 -0.11575028
v -0.00249921 -0.04711541 -0.11292020
v 0.00536655 -0.04634077 -0.11621482
v 0.00443973 -0.04639934 -0.11590821
v 0.00322521 -0.04566453 -0.11629075
v -0.00280190 -0.04680963 -0.11313215
v 0.00263223 -0.04479270 -0.11697612
v 0.00296835 -0.04519830 -0.11667892
v 0.00606505 -0.03887946 -0.12187557
v 0.00887139 -0.03871342 -0.12262920
v 0.01106391 -0.04613404 -0.11768007
v 0.00520122 -0.04198349 -0.11986119
v 0.01086746 -0.04617402 -0.11761393
v 0.00517673 -0.04248412 -0.11952991
v 0.00551801 -0.04304428 -0.11922850
v 0.00983133 -0.04366034 -0.11987481
v 0.01056764 -0.04628977 -0.11745429
v 0.00581912 -0.04430503 -0.11828042
v 0.00550658 -0.04396650 -0.11849057
v 0.01034009 -0.04648621 -0.11722014
v 0.00568785 -0.04464699 -0.11793558
v 0.00574813 -0.04479498 -0.11781512
v 0.00930198 -0.04488432 -0.11866000
v 0.01026564 -0.04656762 -0.11712554
v 0.00799499 -0.04629854 -0.11695899
v 0.00598851 -0.04527037 -0.11742644
v 0.00572495 -0.04497426 -0.11763888
v 0.00908620 -0.04526704 -0.11824311
v 0.01015994 -0.04683481 -0.11683643
v 0.00909571 -0.04571202 -0.11780065
v 0.01066028 -0.04625901 -0.11749900
v 0.00549696 -0.04371542 -0.11869917
v 0.00965405 -0.04421316 -0.11936070
v 0.00949212 -0.04449886 -0.11906715
v 0.01137642 -0.03657414 -0.12403999
v 0.01065758 -0.03840104 -0.12309111
v 0.01372071 -0.03832205 -0.12334205
v 0.01221936 -0.04607461 -0.11786763
v 0.00974821 -0.03856981 -0.12288273
v 0.01190945 -0.04609124 -0.11781988
v 0.01140773 -0.04608886 -0.11776674
v 0.01043343 -0.04304022 -0.12047186
v 0.01133636 -0.04290290 -0.12070889
v 0.04172375 -0.03845344 -0.11461702
v 0.03903925 -0.03831645 -0.11653192
v 0.03808525 -0.04608642 -0.11065981
v 0.03753163 -0.04607571 -0.11107672
v 0.04265530 -0.03867959 -0.11369919
v 0.04486464 -0.03886311 -0.11147556
v 0.03836593 -0.04611689 -0.11041347
v 0.04007541 -0.04299373 -0.11272968
v 0.03877650 -0.04638195 -0.10975764
v 0.03862324 -0.04621167 -0.11009638
v 0.04055183 -0.04372932 -0.11158558
v 0.04044934 -0.04458315 -0.11068241
v 0.03877867 -0.04683146 -0.10917479
v 0.04053527 -0.04654633 -0.10803855
v 0.03999173 -0.04594668 -0.10933196
v 0.04141937 -0.04634084 -0.10743580
v 0.03882106 -0.04665919 -0.10936362
v 0.04069113 -0.04639908 -0.10808490
v 0.03981253 -0.04590365 -0.10953743
v 0.04020864 -0.04572463 -0.10943509
v 0.03881668 -0.04641915 -0.10967753
v 0.04045779 -0.04492656 -0.11024851
v 0.04038907 -0.04529546 -0.10983371
v 0.04796121 -0.03892015 -0.10833173
v 0.04551927 -0.04613442 -0.10325703
v 0.04449725 -0.04197725 -0.10940481
v 0.04536422 -0.04617337 -0.10339521
v 0.04419549 -0.04248404 -0.10925779
v 0.04410513 -0.04304416 -0.10881156
v 0.04682153 -0.04366017 -0.10539933
v 0.04507565 -0.04628786 -0.10357761
v 0.04343442 -0.04430524 -0.10807659
v 0.04346051 -0.04396613 -0.10845267
v 0.04475767 -0.04648395 -0.10365990
v 0.04307038 -0.04464684 -0.10801807
v 0.04299623 -0.04479480 -0.10790566
v 0.04550408 -0.04488324 -0.10525250
v 0.04463702 -0.04656541 -0.10367880
v 0.04337824 -0.04629887 -0.10553105
v 0.04277961 -0.04527047 -0.10750297
v 0.04283181 -0.04497437 -0.10783743
v 0.04503454 -0.04526579 -0.10523187
v 0.04433266 -0.04683266 -0.10362706
v 0.04465518 -0.04571091 -0.10500336
v 0.04516133 -0.04625763 -0.10351807
v 0.04363647 -0.04371482 -0.10856541
v 0.04628773 -0.04421249 -0.10529641
v 0.04595296 -0.04449748 -0.10529042
v 0.04932297 -0.03827894 -0.10723911
v 0.05099011 -0.03832256 -0.10499252
v 0.04622445 -0.04608769 -0.10237870
v 0.04883691 -0.03853600 -0.10765086
v 0.04613459 -0.04609580 -0.10248818
v 0.04577133 -0.04609125 -0.10299239
v 0.04762083 -0.04308999 -0.10514153
v 0.04833789 -0.04282556 -0.10454966
v 0.04331032 -0.04764402 -0.10356388
v 0.04344130 -0.04653914 -0.10513003
v 0.04310839 -0.04781857 -0.10351663
v 0.04224197 -0.04759210 -0.10489929
v 0.04359442 -0.04627173 -0.10534434
v 0.04332718 -0.04654570 -0.10524186
v 0.04257041 -0.04741110 -0.10481021
v 0.04371820 -0.04734570 -0.10355674
v 0.04380081 -0.04638655 -0.10496012
v 0.04303234 -0.04712848 -0.10471710
v 0.04397210 -0.04714992 -0.10356226
v 0.04411008 -0.04632436 -0.10470310
v 0.04359046 -0.04677387 -0.10461887
v 0.05746259 -0.03846945 -0.09024443
v 0.05210652 -0.04607893 -0.08965961
v 0.05227503 -0.04608250 -0.08895449
v 0.05822268 -0.03838307 -0.07499097
v 0.05766103 -0.03838445 -0.07188057
v 0.05286534 -0.04607189 -0.07540652
v 0.05275104 -0.04608161 -0.07470685
v 0.05241071 -0.04606518 -0.07297957
v 0.05836306 -0.03847705 -0.07650447
v 0.05307474 -0.04608930 -0.07740908
v 0.05299187 -0.04607832 -0.07649853
v 0.05584349 -0.04289054 -0.07572821
v 0.05136862 -0.03844808 -0.10435097
v 0.04655638 -0.04608222 -0.10191774
v 0.04868155 -0.04285549 -0.10403899
v 0.05238710 -0.03844403 -0.10276035
v 0.04810614 -0.04608403 -0.09948284
v 0.04729562 -0.04608852 -0.10076149
v 0.04970836 -0.04291484 -0.10241101
v 0.05622267 -0.03835601 -0.09453577
v 0.05715045 -0.03840239 -0.09160206
v 0.05166931 -0.04605326 -0.09134449
v 0.05190622 -0.04608292 -0.09042665
v 0.05490213 -0.04289686 -0.09053038
v 0.05323944 -0.03831966 -0.10132906
v 0.05456081 -0.03832665 -0.09878873
v 0.04931076 -0.04608224 -0.09725388
v 0.04882353 -0.04607203 -0.09819274
v 0.05131860 -0.04283911 -0.09979116
v 0.05474536 -0.03844047 -0.09827960
v 0.04993944 -0.04607872 -0.09590631
v 0.04950101 -0.04608772 -0.09685214
v 0.05210248 -0.04285589 -0.09828257
v 0.05545539 -0.03845063 -0.09662847
v 0.05104930 -0.04605775 -0.09317580
v 0.05048027 -0.04608504 -0.09464892
v 0.05404487 -0.04282289 -0.09348862
v 0.05271009 -0.04290033 -0.09685557
v 0.05784263 -0.03835693 -0.08857906
v 0.05830942 -0.03833522 -0.08558359
v 0.05253065 -0.04609815 -0.08756188
v 0.05282041 -0.04609094 -0.08598022
v 0.05540721 -0.04288846 -0.08822667
v 0.05841795 -0.03844199 -0.08424952
v 0.05307474 -0.04608930 -0.08379621
v 0.05299187 -0.04607832 -0.08470681
v 0.05586624 -0.04285861 -0.08547992
v 0.05845979 -0.03847812 -0.08351472
v 0.05312395 -0.04608220 -0.08326291
v 0.05601124 -0.04289622 -0.08392677
v 0.05857333 -0.03837537 -0.08181921
v 0.05855320 -0.03833269 -0.07874962
v 0.05317862 -0.04607928 -0.07925265
v 0.05321886 -0.04608278 -0.08060266
v 0.05317862 -0.04607928 -0.08195266
v 0.05609626 -0.04290172 -0.08211763
v 0.05844282 -0.03843684 -0.07723636
v 0.05312395 -0.04608220 -0.07794236
v 0.05601131 -0.04289611 -0.07727844
v 0.05612308 -0.04286438 -0.07908668
v 0.04527563 -0.03609105 -0.01870259
v 0.04609399 -0.03503181 -0.01870986
v 0.04719911 -0.03342892 -0.01874699
v 0.04842952 -0.03132006 -0.01880873
v 0.04249687 -0.03909146 -0.01875846
v 0.04358109 -0.03802072 -0.01872914
v 0.05717881 -0.03848692 -0.06986940
v 0.05167841 -0.04606536 -0.06993087
v 0.05196133 -0.04607500 -0.07095767
v 0.05521109 -0.04288981 -0.07216384
v 0.03872039 -0.04718028 -0.10876751
v 0.04003410 -0.04629479 -0.10883661
v 0.04012872 -0.04619614 -0.10888285
v 0.03871586 -0.04749270 -0.10835623
v 0.04022509 -0.04640971 -0.10851205
v 0.03983836 -0.04690510 -0.10820052
v 0.03868453 -0.04767973 -0.10812814
v 0.04005227 -0.04750463 -0.10720434
v 0.04036550 -0.04642993 -0.10835491
v 0.03990761 -0.04723796 -0.10769668
v 0.03873234 -0.04702039 -0.10896701
v 0.03986226 -0.04621830 -0.10908612
v 0.03978678 -0.04652915 -0.10874239
v 0.00970535 -0.04764991 -0.11591586
v 0.00837664 -0.04653997 -0.11681260
v 0.00964587 -0.04782687 -0.11571471
v 0.00798008 -0.04759726 -0.11565467
v 0.00826492 -0.04627145 -0.11705287
v 0.00822300 -0.04654661 -0.11676971
v 0.00822415 -0.04741521 -0.11589626
v 0.00991485 -0.04735030 -0.11626685
v 0.00870127 -0.04638649 -0.11703936
v 0.00853298 -0.04713131 -0.11625046
v 0.01003650 -0.04715286 -0.11649112
v 0.00908368 -0.04632555 -0.11717838
v 0.00889701 -0.04677574 -0.11668561
v 0.01539626 -0.03841719 -0.12339289
v 0.01533911 -0.04609095 -0.11801832
v 0.01373576 -0.04608918 -0.11795095
v 0.01324201 -0.04281824 -0.12091169
v 0.01721512 -0.03844620 -0.12336066
v 0.01756137 -0.04607992 -0.11799188
v 0.01660534 -0.04607415 -0.11802568
v 0.01620186 -0.04289787 -0.12094389
v 0.02193045 -0.03837877 -0.12296151
v 0.01888994 -0.03832679 -0.12329163
v 0.02043787 -0.04608459 -0.11773923
v 0.01899943 -0.04608418 -0.11787517
v 0.01903636 -0.04284961 -0.12084264
v 0.02348291 -0.03847886 -0.12267347
v 0.02271059 -0.04608390 -0.11738411
v 0.02177901 -0.04607397 -0.11754693
v 0.02197192 -0.04289276 -0.12047032
v 0.02396675 -0.03845894 -0.12259062
v 0.02306184 -0.04608200 -0.11731791
v 0.02340215 -0.04289739 -0.12023642
v 0.02836434 -0.03834609 -0.12151897
v 0.02542489 -0.03835142 -0.12230930
v 0.02547126 -0.04608268 -0.11675776
v 0.02423290 -0.04607999 -0.11705215
v 0.02483992 -0.04288379 -0.11992473
v 0.02976494 -0.03845262 -0.12103479
v 0.02786310 -0.04608197 -0.11603048
v 0.02680326 -0.04607920 -0.11635995
v 0.02760673 -0.04287864 -0.11918678
v 0.03021633 -0.03848051 -0.12086361
v 0.02819502 -0.04608361 -0.11591428
v 0.02907463 -0.04607425 -0.11559192
v 0.02902274 -0.04289631 -0.11873060
v 0.03450925 -0.03832154 -0.11909238
v 0.03171304 -0.03838510 -0.12033107
v 0.03032055 -0.04608466 -0.11509316
v 0.03163985 -0.04608382 -0.11448932
v 0.03035299 -0.04289603 -0.11822466
v 0.03598716 -0.03843873 -0.11831978
v 0.03295525 -0.04607998 -0.11386595
v 0.03379834 -0.04607363 -0.11341868
v 0.03308462 -0.04284232 -0.11708656
v 0.03758704 -0.03842594 -0.11742370
v 0.03625857 -0.04609012 -0.11190917
v 0.03489922 -0.04609112 -0.11277343
v 0.03815982 -0.04282600 -0.11422552
v 0.03561578 -0.04289820 -0.11573789
v -0.03273734 -0.03514940 -0.04409203
v -0.03151437 -0.03509129 -0.07983999
v -0.03163518 -0.03516855 -0.07610777
v -0.02161381 -0.04971460 -0.08317051
v -0.02149510 -0.04974184 -0.08429665
v -0.03274595 -0.03522349 -0.04243495
v -0.02822162 -0.04049853 -0.02483143
v -0.02833119 -0.04070651 -0.03141967
v -0.02831378 -0.04099711 -0.03757039
v -0.02990977 -0.03929494 -0.03776172
v -0.03147724 -0.03726503 -0.03799575
v -0.03200209 -0.03651200 -0.04022825
v -0.02169528 -0.04969925 -0.08121743
v -0.02167563 -0.04973759 -0.07983254
v -0.02418392 -0.04702055 -0.08189918
v -0.02915158 -0.03545117 -0.09132809
v -0.03065083 -0.03439048 -0.08772437
v -0.02022086 -0.04972062 -0.09102119
v -0.02047476 -0.04973673 -0.09004079
v -0.03086506 -0.03455343 -0.08646137
v -0.02086485 -0.04973829 -0.08838775
v -0.02071136 -0.04972968 -0.08910368
v -0.02336833 -0.04665501 -0.09015216
v -0.03150566 -0.03488249 -0.08104776
v -0.03108365 -0.03468983 -0.08482092
v -0.03037055 -0.03607087 -0.08452272
v -0.02141365 -0.04973256 -0.08512152
v -0.02133434 -0.04973813 -0.08569802
v -0.02111833 -0.04973470 -0.08697602
v -0.02411261 -0.04687231 -0.08503242
v -0.02381725 -0.04677578 -0.08750425
v -0.02850607 -0.03524718 -0.09360328
v -0.02848427 -0.03353129 -0.09579344
v -0.01911975 -0.04973928 -0.09422085
v -0.01965249 -0.04971519 -0.09277359
v -0.02253971 -0.04654585 -0.09322729
v -0.02668039 -0.03464167 -0.09862059
v -0.02800703 -0.03348759 -0.09695288
v -0.01808599 -0.04974270 -0.09660978
v -0.01855691 -0.04973681 -0.09555046
v -0.02137080 -0.04642249 -0.09661268
v -0.02648342 -0.03457045 -0.09910302
v -0.01791295 -0.04973828 -0.09698234
v -0.01748293 -0.04972155 -0.09785125
v -0.02075492 -0.04638525 -0.09807690
v -0.02571589 -0.03442843 -0.10067793
v -0.02413416 -0.03539750 -0.10251958
v -0.01673433 -0.04974355 -0.09920043
v -0.01582951 -0.04975496 -0.10064230
v -0.01999337 -0.04632385 -0.09962928
v -0.02331675 -0.03529246 -0.10388055
v -0.02234219 -0.03496451 -0.10551892
v -0.01507736 -0.04973802 -0.10184842
v -0.01843330 -0.04622785 -0.10243273
v -0.02200535 -0.03489832 -0.10603355
v -0.01440900 -0.04972105 -0.10281417
v -0.01480920 -0.04974143 -0.10222749
v -0.01600337 -0.04607431 -0.10597463
v -0.01745076 -0.04615745 -0.10402135
v -0.00158276 -0.04807271 -0.11222481
v 0.00499084 -0.04735823 -0.11510347
v 0.00404298 -0.04643008 -0.11576127
v -0.00465352 -0.03677157 -0.11917459
v -0.00298821 -0.03675887 -0.11998794
v -0.00705402 -0.04315210 -0.11432994
v -0.00213351 -0.04129950 -0.11785590
v -0.00170961 -0.04795570 -0.11230620
v -0.00179801 -0.04789941 -0.11233617
v 0.00383658 -0.04640993 -0.11571811
v 0.00451521 -0.04712626 -0.11519568
v -0.00209078 -0.04763969 -0.11251041
v 0.00348551 -0.04619097 -0.11583158
v 0.00406834 -0.04681878 -0.11537021
f 5 1037 1033
f 1037 143 1040
f 1033 1040 141
f 1037 1040 1033
f 375 1740 1741
f 1740 372 1738
f 1741 1738 374
f 1740 1738 1741
f 143 1710 1038
f 1710 360 1708
f 1038 1708 7
f 1710 1708 1038
f 143 1037 2001
f 1037 5 1999
f 2001 1999 460
f 1037 1999 2001
f 482 2061 2065
f 2061 481 2064
f 2065 2064 483
f 2061 2064 2065
f 372 1740 2027
f 1740 375 2028
f 2027 2028 468
f 1740 2028 2027
f 362 2003 1716
f 2003 460 2004
f 1716 2004 363
f 2003 2004 1716
f 362 1716 1718
f 1716 363 1719
f 1718 1719 364
f 1716 1719 1718
f 373 1736 1898
f 1736 371 1897
f 1898 1897 430
f 1736 1897 1898
f 374 1738 1739
f 1738 372 1737
f 1739 1737 373
f 1738 1737 1739
f 372 1735 1737
f 1735 371 1736
f 1737 1736 373
f 1735 1736 1737
f 364 1722 2018
f 1722 366 2019
f 2018 2019 465
f 1722 2019 2018
f 369 1728 1729
f 1728 366 1726
f 1729 1726 368
f 1728 1726 1729
f 369 1732 1734
f 1732 371 1735
f 1734 1735 372
f 1732 1735 1734
f 400 1790 1793
f 1790 2 1769
f 1793 1769 392
f 1790 1769 1793
f 161 1081 1260
f 1081 167 1262
f 1260 1262 223
f 1081 1262 1260
f 168 1084 1089
f 1084 167 1088
f 1089 1088 169
f 1084 1088 1089
f 169 1088 1169
f 1088 167 1168
f 1169 1168 194
f 1088 1168 1169
f 167 1081 1168
f 1081 161 1165
f 1168 1165 194
f 1081 1165 1168
f 61 1034 959
f 1034 141 1035
f 959 1035 121
f 1034 1035 959
f 68 796 1075
f 796 66 1074
f 1075 1074 165
f 796 1074 1075
f 165 1076 1075
f 1076 70 800
f 1075 800 68
f 1076 800 1075
f 68 798 796
f 798 69 797
f 796 797 66
f 798 797 796
f 68 800 801
f 800 70 802
f 801 802 71
f 800 802 801
f 363 2004 1720
f 2004 460 2005
f 1720 2005 365
f 2004 2005 1720
f 364 1719 1721
f 1719 363 1720
f 1721 1720 365
f 1719 1720 1721
f 365 1723 1721
f 1723 366 1722
f 1721 1722 364
f 1723 1722 1721
f 430 1897 1989
f 1897 371 1988
f 1989 1988 458
f 1897 1988 1989
f 2 1689 698
f 1689 356 1688
f 698 1688 1
f 1689 1688 698
f 358 2002 1696
f 2002 460 1999
f 1696 1999 5
f 2002 1999 1696
f 358 1696 1698
f 1696 5 1071
f 1698 1071 165
f 1696 1071 1698
f 175 1103 1112
f 1103 98 1110
f 1112 1110 177
f 1103 1110 1112
f 177 1115 1112
f 1115 178 1113
f 1112 1113 175
f 1115 1113 1112
f 214 1227 1228
f 1227 212 1224
f 1228 1224 213
f 1227 1224 1228
f 214 1226 1227
f 1226 178 1219
f 1227 1219 212
f 1226 1219 1227
f 254 1337 1349
f 1337 199 1348
f 1349 1348 257
f 1337 1348 1349
f 249 1335 1368
f 1335 253 1369
f 1368 1369 264
f 1335 1369 1368
f 410 1927 1825
f 1927 438 1928
f 1825 1928 411
f 1927 1928 1825
f 411 1823 1822
f 1823 403 1799
f 1822 1799 392
f 1823 1799 1822
f 392 1770 1822
f 1770 197 1817
f 1822 1817 411
f 1770 1817 1822
f 377 1827 1744
f 1827 412 1826
f 1744 1826 375
f 1827 1826 1744
f 509 2132 2130
f 2132 506 2124
f 2130 2124 487
f 2132 2124 2130
f 394 1775 1780
f 1775 6 1779
f 1780 1779 395
f 1775 1779 1780
f 253 1335 1334
f 1335 249 1325
f 1334 1325 248
f 1335 1325 1334
f 248 1332 1334
f 1332 252 1336
f 1334 1336 253
f 1332 1336 1334
f 408 1917 1815
f 1917 435 1918
f 1815 1918 409
f 1917 1918 1815
f 410 1825 1816
f 1825 411 1824
f 1816 1824 409
f 1825 1824 1816
f 409 1919 1816
f 1919 436 1920
f 1816 1920 410
f 1919 1920 1816
f 435 1921 1918
f 1921 436 1919
f 1918 1919 409
f 1921 1919 1918
f 409 1824 1810
f 1824 411 1818
f 1810 1818 205
f 1824 1818 1810
f 205 1320 1810
f 1320 248 1812
f 1810 1812 409
f 1320 1812 1810
f 486 2123 2129
f 2123 506 2132
f 2129 2132 509
f 2123 2132 2129
f 483 2122 2071
f 2122 506 2123
f 2071 2123 486
f 2122 2123 2071
f 440 2628 1938
f 2628 663 2629
f 1938 2629 441
f 2628 2629 1938
f 395 1944 1947
f 1944 444 1949
f 1947 1949 445
f 1944 1949 1947
f 445 1949 2632
f 1949 444 2631
f 2632 2631 663
f 1949 2631 2632
f 6 1775 1278
f 1775 394 1776
f 1278 1776 227
f 1775 1776 1278
f 6 1278 1683
f 1278 227 1684
f 1683 1684 354
f 1278 1684 1683
f 481 2061 2058
f 2061 482 2060
f 2058 2060 354
f 2061 2060 2058
f 354 2060 2062
f 2060 482 2065
f 2062 2065 483
f 2060 2065 2062
f 483 2071 2062
f 2071 486 2069
f 2062 2069 354
f 2071 2069 2062
f 165 1079 1078
f 1079 96 869
f 1078 869 79
f 1079 869 1078
f 80 813 870
f 813 79 869
f 870 869 96
f 813 869 870
f 94 862 863
f 862 79 813
f 863 813 80
f 862 813 863
f 86 827 829
f 827 68 801
f 829 801 71
f 827 801 829
f 69 798 828
f 798 68 827
f 828 827 86
f 798 827 828
f 71 802 826
f 802 70 825
f 826 825 85
f 802 825 826
f 70 941 825
f 941 117 943
f 825 943 85
f 941 943 825
f 15 945 706
f 945 118 947
f 706 947 17
f 945 947 706
f 60 785 783
f 785 61 784
f 783 784 59
f 785 784 783
f 62 789 788
f 789 61 785
f 788 785 60
f 789 785 788
f 364 2015 1717
f 2015 463 2014
f 1717 2014 361
f 2015 2014 1717
f 361 1715 1717
f 1715 362 1718
f 1717 1718 364
f 1715 1718 1717
f 361 1711 1712
f 1711 7 1708
f 1712 1708 360
f 1711 1708 1712
f 360 1714 1712
f 1714 362 1715
f 1712 1715 361
f 1714 1715 1712
f 7 1711 2039
f 1711 361 2041
f 2039 2041 471
f 1711 2041 2039
f 471 2041 2042
f 2041 361 2014
f 2042 2014 463
f 2041 2014 2042
f 8 1713 1709
f 1713 362 1714
f 1709 1714 360
f 1713 1714 1709
f 460 2003 2000
f 2003 362 1713
f 2000 1713 8
f 2003 1713 2000
f 8 1709 1039
f 1709 360 1710
f 1039 1710 143
f 1709 1710 1039
f 143 2001 1039
f 2001 460 2000
f 1039 2000 8
f 2001 2000 1039
f 364 2018 2016
f 2018 465 2020
f 2016 2020 464
f 2018 2020 2016
f 464 2020 2546
f 2020 465 2547
f 2546 2547 643
f 2020 2547 2546
f 464 2017 2016
f 2017 463 2015
f 2016 2015 364
f 2017 2015 2016
f 649 2590 2567
f 2590 654 2587
f 2567 2587 467
f 2590 2587 2567
f 372 2027 2025
f 2027 468 2029
f 2025 2029 467
f 2027 2029 2025
f 467 2024 2025
f 2024 369 1734
f 2025 1734 372
f 2024 1734 2025
f 389 1791 1795
f 1791 400 1796
f 1795 1796 401
f 1791 1796 1795
f 2 1790 1765
f 1790 400 1791
f 1765 1791 389
f 1790 1791 1765
f 390 1792 1772
f 1792 400 1793
f 1772 1793 392
f 1792 1793 1772
f 171 1092 1093
f 1092 168 1089
f 1093 1089 169
f 1092 1089 1093
f 167 1084 1082
f 1084 168 1083
f 1082 1083 166
f 1084 1083 1082
f 62 786 787
f 786 17 780
f 787 780 58
f 786 780 787
f 58 949 819
f 949 118 950
f 819 950 83
f 949 950 819
f 58 780 949
f 780 17 947
f 949 947 118
f 780 947 949
f 359 1700 1705
f 1700 55 799
f 1705 799 70
f 1700 799 1705
f 165 1071 1707
f 1071 5 1699
f 1707 1699 359
f 1071 1699 1707
f 359 1705 1707
f 1705 70 1076
f 1707 1076 165
f 1705 1076 1707
f 62 787 1704
f 787 58 1702
f 1704 1702 359
f 787 1702 1704
f 359 1703 1704
f 1703 61 789
f 1704 789 62
f 1703 789 1704
f 359 1699 1706
f 1699 5 1033
f 1706 1033 141
f 1699 1033 1706
f 141 1034 1706
f 1034 61 1703
f 1706 1703 359
f 1034 1703 1706
f 84 942 823
f 942 117 941
f 823 941 70
f 942 941 823
f 70 799 823
f 799 55 822
f 823 822 84
f 799 822 823
f 84 822 824
f 822 55 817
f 824 817 83
f 822 817 824
f 83 950 824
f 950 118 951
f 824 951 84
f 950 951 824
f 368 1986 1730
f 1986 458 1987
f 1730 1987 370
f 1986 1987 1730
f 370 1987 1733
f 1987 458 1988
f 1733 1988 371
f 1987 1988 1733
f 370 1731 1730
f 1731 369 1729
f 1730 1729 368
f 1731 1729 1730
f 371 1732 1733
f 1732 369 1731
f 1733 1731 370
f 1732 1731 1733
f 459 1993 2006
f 1993 365 2005
f 2006 2005 460
f 1993 2005 2006
f 460 2002 2006
f 2002 358 1992
f 2006 1992 459
f 2002 1992 2006
f 431 1903 1904
f 1903 1 1688
f 1904 1688 356
f 1903 1688 1904
f 162 1064 1261
f 1064 161 1260
f 1261 1260 223
f 1064 1260 1261
f 299 1493 1494
f 1493 156 1060
f 1494 1060 157
f 1493 1060 1494
f 257 1348 1347
f 1348 199 1179
f 1347 1179 198
f 1348 1179 1347
f 199 1183 1179
f 1183 200 1182
f 1179 1182 198
f 1183 1182 1179
f 205 1818 1211
f 1818 411 1819
f 1211 1819 209
f 1818 1819 1211
f 392 1769 1771
f 1769 2 1265
f 1771 1265 224
f 1769 1265 1771
f 224 1266 1771
f 1266 197 1770
f 1771 1770 392
f 1266 1770 1771
f 167 1082 1251
f 1082 166 1250
f 1251 1250 220
f 1082 1250 1251
f 220 1250 1252
f 1250 166 1083
f 1252 1083 168
f 1250 1083 1252
f 215 1230 1229
f 1230 214 1228
f 1229 1228 213
f 1230 1228 1229
f 177 1110 1109
f 1110 98 877
f 1109 877 97
f 1110 877 1109
f 97 962 1109
f 962 123 1111
f 1109 1111 177
f 962 1111 1109
f 104 1123 960
f 1123 181 1124
f 960 1124 122
f 1123 1124 960
f 177 1111 1118
f 1111 123 1117
f 1118 1117 179
f 1111 1117 1118
f 179 1116 1125
f 1116 122 1124
f 1125 1124 181
f 1116 1124 1125
f 123 963 1117
f 963 122 1116
f 1117 1116 179
f 963 1116 1117
f 173 1105 1106
f 1105 175 1108
f 1106 1108 176
f 1105 1108 1106
f 176 1108 1114
f 1108 175 1113
f 1114 1113 178
f 1108 1113 1114
f 178 1226 1114
f 1226 214 1225
f 1114 1225 176
f 1226 1225 1114
f 73 1162 805
f 1162 194 1163
f 805 1163 75
f 1162 1163 805
f 169 1169 1086
f 1169 194 1162
f 1086 1162 73
f 1169 1162 1086
f 99 1104 1098
f 1104 175 1105
f 1098 1105 173
f 1104 1105 1098
f 173 1097 1098
f 1097 81 878
f 1098 878 99
f 1097 878 1098
f 98 1103 880
f 1103 175 1104
f 880 1104 99
f 1103 1104 880
f 267 1380 1381
f 1380 254 1349
f 1381 1349 257
f 1380 1349 1381
f 157 1060 1392
f 1060 156 1391
f 1392 1391 270
f 1060 1391 1392
f 270 1394 1395
f 1394 252 1342
f 1395 1342 256
f 1394 1342 1395
f 156 1061 1391
f 1061 159 1393
f 1391 1393 270
f 1061 1393 1391
f 263 1365 1370
f 1365 249 1368
f 1370 1368 264
f 1365 1368 1370
f 525 2294 2288
f 2294 574 2295
f 2288 2295 573
f 2294 2295 2288
f 574 2290 2295
f 2290 507 2285
f 2295 2285 573
f 2290 2285 2295
f 682 2705 2708
f 2705 471 2499
f 2708 2499 628
f 2705 2499 2708
f 628 2499 2498
f 2499 471 2042
f 2498 2042 463
f 2499 2042 2498
f 258 1350 1351
f 1350 236 1316
f 1351 1316 247
f 1350 1316 1351
f 480 2121 2063
f 2121 506 2122
f 2063 2122 483
f 2121 2122 2063
f 480 2074 2121
f 2074 487 2124
f 2121 2124 506
f 2074 2124 2121
f 375 1826 1909
f 1826 412 1912
f 1909 1912 433
f 1826 1912 1909
f 392 1799 1797
f 1799 403 1800
f 1797 1800 402
f 1799 1800 1797
f 403 1911 1800
f 1911 433 1910
f 1800 1910 402
f 1911 1910 1800
f 402 1910 1829
f 1910 433 1912
f 1829 1912 412
f 1910 1912 1829
f 401 1796 1858
f 1796 400 1857
f 1858 1857 420
f 1796 1857 1858
f 376 1743 1742
f 1743 375 1741
f 1742 1741 374
f 1743 1741 1742
f 376 1745 1743
f 1745 377 1744
f 1743 1744 375
f 1745 1744 1743
f 423 1868 1875
f 1868 377 1872
f 1875 1872 424
f 1868 1872 1875
f 422 1864 1871
f 1864 377 1868
f 1871 1868 423
f 1864 1868 1871
f 251 1330 1329
f 1330 205 1194
f 1329 1194 199
f 1330 1194 1329
f 251 1331 1330
f 1331 248 1320
f 1330 1320 205
f 1331 1320 1330
f 251 1339 1341
f 1339 255 1343
f 1341 1343 256
f 1339 1343 1341
f 256 1342 1341
f 1342 252 1333
f 1341 1333 251
f 1342 1333 1341
f 252 1332 1333
f 1332 248 1331
f 1333 1331 251
f 1332 1331 1333
f 199 1337 1329
f 1337 254 1338
f 1329 1338 251
f 1337 1338 1329
f 254 1340 1338
f 1340 255 1339
f 1338 1339 251
f 1340 1339 1338
f 250 1327 1326
f 1327 244 1309
f 1326 1309 243
f 1327 1309 1326
f 243 1324 1326
f 1324 249 1328
f 1326 1328 250
f 1324 1328 1326
f 243 1322 1324
f 1322 248 1325
f 1324 1325 249
f 1322 1325 1324
f 437 1930 1923
f 1930 438 1927
f 1923 1927 410
f 1930 1927 1923
f 410 1920 1923
f 1920 436 1924
f 1923 1924 437
f 1920 1924 1923
f 470 2035 2034
f 2035 436 1921
f 2034 1921 435
f 2035 1921 2034
f 470 2633 2571
f 2633 663 2636
f 2571 2636 650
f 2633 2636 2571
f 470 2036 2035
f 2036 437 1924
f 2035 1924 436
f 2036 1924 2035
f 394 1813 1777
f 1813 409 1811
f 1777 1811 231
f 1813 1811 1777
f 231 1811 1321
f 1811 409 1812
f 1321 1812 248
f 1811 1812 1321
f 535 2589 2568
f 2589 654 2590
f 2568 2590 649
f 2589 2590 2568
f 649 2569 2568
f 2569 536 2188
f 2568 2188 535
f 2569 2188 2568
f 516 2270 2151
f 2270 570 2271
f 2151 2271 520
f 2270 2271 2151
f 570 2272 2271
f 2272 521 2153
f 2271 2153 520
f 2272 2153 2271
f 442 1941 2630
f 1941 441 2629
f 2630 2629 663
f 1941 2629 2630
f 442 2037 1940
f 2037 470 2034
f 1940 2034 435
f 2037 2034 1940
f 663 2633 2630
f 2633 470 2037
f 2630 2037 442
f 2633 2037 2630
f 442 1940 1939
f 1940 435 1917
f 1939 1917 408
f 1940 1917 1939
f 408 1937 1939
f 1937 441 1941
f 1939 1941 442
f 1937 1941 1939
f 407 1936 1809
f 1936 441 1937
f 1809 1937 408
f 1936 1937 1809
f 408 1815 1809
f 1815 409 1814
f 1809 1814 407
f 1815 1814 1809
f 407 1814 1808
f 1814 409 1813
f 1808 1813 394
f 1814 1813 1808
f 407 1808 1934
f 1808 394 1933
f 1934 1933 440
f 1808 1933 1934
f 440 1938 1934
f 1938 441 1936
f 1934 1936 407
f 1938 1936 1934
f 448 2146 2160
f 2146 516 2161
f 2160 2161 526
f 2146 2161 2160
f 526 2159 2160
f 2159 443 1956
f 2160 1956 448
f 2159 1956 2160
f 439 1931 1932
f 1931 394 1780
f 1932 1780 395
f 1931 1780 1932
f 395 1947 1932
f 1947 445 1948
f 1932 1948 439
f 1947 1948 1932
f 440 1933 1935
f 1933 394 1931
f 1935 1931 439
f 1933 1931 1935
f 439 2627 1935
f 2627 663 2628
f 1935 2628 440
f 2627 2628 1935
f 439 1948 2627
f 1948 445 2632
f 2627 2632 663
f 1948 2632 2627
f 395 1779 1783
f 1779 6 1781
f 1783 1781 396
f 1779 1781 1783
f 396 1945 1783
f 1945 444 1944
f 1783 1944 395
f 1945 1944 1783
f 396 1943 1945
f 1943 443 1946
f 1945 1946 444
f 1943 1946 1945
f 481 2058 2057
f 2058 354 1685
f 2057 1685 228
f 2058 1685 2057
f 228 1279 1291
f 1279 227 1290
f 1291 1290 235
f 1279 1290 1291
f 228 1685 1279
f 1685 354 1684
f 1279 1684 227
f 1685 1684 1279
f 165 1078 1077
f 1078 79 811
f 1077 811 77
f 1078 811 1077
f 75 1163 808
f 1163 194 1164
f 808 1164 77
f 1163 1164 808
f 77 1164 1077
f 1164 194 1167
f 1077 1167 165
f 1164 1167 1077
f 77 809 808
f 809 76 807
f 808 807 75
f 809 807 808
f 115 932 930
f 932 114 925
f 930 925 87
f 932 925 930
f 66 797 830
f 797 69 832
f 830 832 87
f 797 832 830
f 87 833 930
f 833 86 929
f 930 929 115
f 833 929 930
f 69 828 832
f 828 86 833
f 832 833 87
f 828 833 832
f 88 926 834
f 926 114 923
f 834 923 10
f 926 923 834
f 10 840 834
f 840 89 843
f 834 843 88
f 840 843 834
f 88 843 836
f 843 89 842
f 836 842 65
f 843 842 836
f 88 838 926
f 838 87 925
f 926 925 114
f 838 925 926
f 10 923 701
f 923 114 924
f 701 924 11
f 923 924 701
f 16 946 705
f 946 118 945
f 705 945 15
f 946 945 705
f 276 1412 1410
f 1412 120 956
f 1410 956 59
f 1412 956 1410
f 276 1411 1413
f 1411 61 959
f 1413 959 121
f 1411 959 1413
f 59 784 1410
f 784 61 1411
f 1410 1411 276
f 784 1411 1410
f 59 956 815
f 956 120 957
f 815 957 82
f 956 957 815
f 82 816 815
f 816 60 783
f 815 783 59
f 816 783 815
f 121 1035 1042
f 1035 141 1043
f 1042 1043 144
f 1035 1043 1042
f 141 1040 1043
f 1040 143 1045
f 1043 1045 144
f 1040 1045 1043
f 658 2605 2606
f 2605 467 2029
f 2606 2029 468
f 2605 2029 2606
f 649 2567 2609
f 2567 467 2605
f 2609 2605 658
f 2567 2605 2609
f 658 2607 2609
f 2607 536 2569
f 2609 2569 649
f 2607 2569 2609
f 658 2608 2607
f 2608 537 2191
f 2607 2191 536
f 2608 2191 2607
f 369 2024 2022
f 2024 467 2026
f 2022 2026 466
f 2024 2026 2022
f 466 2026 2586
f 2026 467 2587
f 2586 2587 654
f 2026 2587 2586
f 466 2023 2021
f 2023 465 2019
f 2021 2019 366
f 2023 2019 2021
f 366 1728 2021
f 1728 369 2022
f 2021 2022 466
f 1728 2022 2021
f 377 1745 1884
f 1745 376 1883
f 1884 1883 427
f 1745 1883 1884
f 399 1789 1850
f 1789 390 1849
f 1850 1849 418
f 1789 1849 1850
f 400 1792 1794
f 1792 390 1789
f 1794 1789 399
f 1792 1789 1794
f 169 1087 1091
f 1087 81 1090
f 1091 1090 170
f 1087 1090 1091
f 170 1094 1091
f 1094 171 1093
f 1091 1093 169
f 1094 1093 1091
f 170 1090 1099
f 1090 81 1097
f 1099 1097 173
f 1090 1097 1099
f 83 817 818
f 817 55 778
f 818 778 57
f 817 778 818
f 57 782 818
f 782 58 819
f 818 819 83
f 782 819 818
f 55 1700 777
f 1700 359 1701
f 777 1701 56
f 1700 1701 777
f 56 1701 781
f 1701 359 1702
f 781 1702 58
f 1701 1702 781
f 56 779 777
f 779 57 778
f 777 778 55
f 779 778 777
f 58 782 781
f 782 57 779
f 781 779 56
f 782 779 781
f 365 1993 1724
f 1993 459 1994
f 1724 1994 367
f 1993 1994 1724
f 368 1726 1727
f 1726 366 1725
f 1727 1725 367
f 1726 1725 1727
f 366 1723 1725
f 1723 365 1724
f 1725 1724 367
f 1723 1724 1725
f 367 1985 1727
f 1985 458 1986
f 1727 1986 368
f 1985 1986 1727
f 367 1994 1985
f 1994 459 1998
f 1985 1998 458
f 1994 1998 1985
f 458 1998 1990
f 1998 459 1997
f 1990 1997 457
f 1998 1997 1990
f 459 1995 1997
f 1995 431 1983
f 1997 1983 457
f 1995 1983 1997
f 430 1989 1982
f 1989 458 1990
f 1982 1990 457
f 1989 1990 1982
f 163 1697 1080
f 1697 358 1698
f 1080 1698 165
f 1697 1698 1080
f 161 1064 1066
f 1064 162 1067
f 1066 1067 163
f 1064 1067 1066
f 165 1167 1080
f 1167 194 1166
f 1080 1166 163
f 1167 1166 1080
f 163 1166 1066
f 1166 194 1165
f 1066 1165 161
f 1166 1165 1066
f 157 1059 1489
f 1059 154 1487
f 1489 1487 298
f 1059 1487 1489
f 298 1496 1489
f 1496 299 1494
f 1489 1494 157
f 1496 1494 1489
f 154 1378 1487
f 1378 267 1490
f 1487 1490 298
f 1378 1490 1487
f 156 1493 1633
f 1493 299 1636
f 1633 1636 340
f 1493 1636 1633
f 340 1634 1633
f 1634 159 1061
f 1633 1061 156
f 1634 1061 1633
f 26 718 1481
f 718 29 1482
f 1481 1482 297
f 718 1482 1481
f 297 1492 1481
f 1492 298 1486
f 1481 1486 26
f 1492 1486 1481
f 31 722 723
f 722 29 721
f 723 721 30
f 722 721 723
f 31 1483 722
f 1483 297 1482
f 722 1482 29
f 1483 1482 722
f 295 1484 1479
f 1484 297 1483
f 1479 1483 31
f 1484 1483 1479
f 33 1624 726
f 1624 338 1623
f 726 1623 31
f 1624 1623 726
f 31 1623 1479
f 1623 338 1626
f 1479 1626 295
f 1623 1626 1479
f 345 1652 1651
f 1652 341 1638
f 1651 1638 337
f 1652 1638 1651
f 295 1626 1621
f 1626 338 1629
f 1621 1629 337
f 1626 1629 1621
f 105 901 894
f 901 107 899
f 894 899 30
f 901 899 894
f 106 898 897
f 898 105 896
f 897 896 104
f 898 896 897
f 107 901 902
f 901 105 898
f 902 898 106
f 901 898 902
f 76 809 857
f 809 77 858
f 857 858 93
f 809 858 857
f 138 1019 1020
f 1019 93 864
f 1020 864 94
f 1019 864 1020
f 137 1017 1022
f 1017 93 1019
f 1022 1019 138
f 1017 1019 1022
f 207 1205 1204
f 1205 202 1189
f 1204 1189 201
f 1205 1189 1204
f 199 1194 1184
f 1194 205 1195
f 1184 1195 201
f 1194 1195 1184
f 201 1185 1184
f 1185 200 1183
f 1184 1183 199
f 1185 1183 1184
f 201 1189 1185
f 1189 202 1188
f 1185 1188 200
f 1189 1188 1185
f 203 1193 1196
f 1193 204 1197
f 1196 1197 205
f 1193 1197 1196
f 203 1210 1209
f 1210 209 1212
f 1209 1212 208
f 1210 1212 1209
f 205 1211 1196
f 1211 209 1210
f 1196 1210 203
f 1211 1210 1196
f 205 1197 1202
f 1197 204 1201
f 1202 1201 206
f 1197 1201 1202
f 207 1204 1206
f 1204 201 1200
f 1206 1200 206
f 1204 1200 1206
f 206 1200 1202
f 1200 201 1195
f 1202 1195 205
f 1200 1195 1202
f 213 1224 1223
f 1224 212 1222
f 1223 1222 211
f 1224 1222 1223
f 211 1217 1820
f 1217 209 1819
f 1820 1819 411
f 1217 1819 1820
f 219 1247 1246
f 1247 197 1175
f 1246 1175 196
f 1247 1175 1246
f 196 1172 1246
f 1172 171 1243
f 1246 1243 219
f 1172 1243 1246
f 168 1092 1171
f 1092 171 1172
f 1171 1172 196
f 1092 1172 1171
f 197 1266 1255
f 1266 224 1267
f 1255 1267 221
f 1266 1267 1255
f 221 1256 1255
f 1256 220 1254
f 1255 1254 197
f 1256 1254 1255
f 221 1267 1263
f 1267 224 1268
f 1263 1268 223
f 1267 1268 1263
f 214 1230 1232
f 1230 215 1233
f 1232 1233 216
f 1230 1233 1232
f 218 1240 1241
f 1240 176 1231
f 1241 1231 216
f 1240 1231 1241
f 216 1231 1232
f 1231 176 1225
f 1232 1225 214
f 1231 1225 1232
f 14 873 875
f 873 97 877
f 875 877 98
f 873 877 875
f 123 962 961
f 962 97 873
f 961 873 14
f 962 873 961
f 14 969 961
f 969 125 970
f 961 970 123
f 969 970 961
f 182 1126 1128
f 1126 179 1125
f 1128 1125 181
f 1126 1125 1128
f 72 814 1085
f 814 81 1087
f 1085 1087 169
f 814 1087 1085
f 169 1086 1085
f 1086 73 803
f 1085 803 72
f 1086 803 1085
f 74 804 806
f 804 73 805
f 806 805 75
f 804 805 806
f 200 1188 1180
f 1188 202 1187
f 1180 1187 189
f 1188 1187 1180
f 24 1144 1135
f 1144 188 1145
f 1135 1145 185
f 1144 1145 1135
f 185 1136 1135
f 1136 101 886
f 1135 886 24
f 1136 886 1135
f 26 714 713
f 714 25 712
f 713 712 24
f 714 712 713
f 102 1122 891
f 1122 181 1123
f 891 1123 104
f 1122 1123 891
f 102 1129 1122
f 1129 183 1131
f 1122 1131 181
f 1129 1131 1122
f 186 1139 1141
f 1139 183 1138
f 1141 1138 185
f 1139 1138 1141
f 186 1198 1192
f 1198 206 1201
f 1192 1201 204
f 1198 1201 1192
f 204 1193 1192
f 1193 203 1191
f 1192 1191 186
f 1193 1191 1192
f 103 889 1137
f 889 101 1136
f 1137 1136 185
f 889 1136 1137
f 185 1138 1137
f 1138 183 1130
f 1137 1130 103
f 1138 1130 1137
f 183 1129 1130
f 1129 102 890
f 1130 890 103
f 1129 890 1130
f 103 887 889
f 887 24 886
f 889 886 101
f 887 886 889
f 104 896 892
f 896 105 895
f 892 895 103
f 896 895 892
f 103 890 892
f 890 102 891
f 892 891 104
f 890 891 892
f 269 1389 1386
f 1389 267 1378
f 1386 1378 154
f 1389 1378 1386
f 254 1380 1388
f 1380 267 1389
f 1388 1389 269
f 1380 1389 1388
f 269 1386 1387
f 1386 154 1059
f 1387 1059 157
f 1386 1059 1387
f 342 1665 1646
f 1665 350 1666
f 1646 1666 343
f 1665 1666 1646
f 343 1645 1646
f 1645 340 1641
f 1646 1641 342
f 1645 1641 1646
f 159 1634 1644
f 1634 340 1645
f 1644 1645 343
f 1634 1645 1644
f 253 1336 1373
f 1336 252 1372
f 1373 1372 265
f 1336 1372 1373
f 252 1394 1372
f 1394 270 1396
f 1372 1396 265
f 1394 1396 1372
f 264 1369 1374
f 1369 253 1373
f 1374 1373 265
f 1369 1373 1374
f 265 1371 1374
f 1371 159 1367
f 1374 1367 264
f 1371 1367 1374
f 265 1396 1371
f 1396 270 1393
f 1371 1393 159
f 1396 1393 1371
f 509 2297 2302
f 2297 575 2306
f 2302 2306 576
f 2297 2306 2302
f 576 2306 2303
f 2306 575 2299
f 2303 2299 521
f 2306 2299 2303
f 576 2303 2305
f 2303 521 2272
f 2305 2272 570
f 2303 2272 2305
f 576 2304 2302
f 2304 569 2263
f 2302 2263 509
f 2304 2263 2302
f 570 2273 2305
f 2273 569 2304
f 2305 2304 576
f 2273 2304 2305
f 521 2299 2152
f 2299 575 2298
f 2152 2298 515
f 2299 2298 2152
f 508 2127 2291
f 2127 507 2290
f 2291 2290 574
f 2127 2290 2291
f 574 2301 2291
f 2301 575 2296
f 2291 2296 508
f 2301 2296 2291
f 509 2133 2134
f 2133 507 2127
f 2134 2127 508
f 2133 2127 2134
f 508 2296 2134
f 2296 575 2297
f 2134 2297 509
f 2296 2297 2134
f 644 2549 2553
f 2549 464 2546
f 2553 2546 643
f 2549 2546 2553
f 644 2552 2549
f 2552 636 2521
f 2549 2521 464
f 2552 2521 2549
f 643 2548 2553
f 2548 541 2550
f 2553 2550 644
f 2548 2550 2553
f 517 2286 2279
f 2286 573 2289
f 2279 2289 572
f 2286 2289 2279
f 572 2280 2279
f 2280 518 2148
f 2279 2148 517
f 2280 2148 2279
f 555 2224 2226
f 2224 544 2219
f 2226 2219 550
f 2224 2219 2226
f 682 2708 2706
f 2708 628 2501
f 2706 2501 555
f 2708 2501 2706
f 505 2284 2126
f 2284 573 2285
f 2126 2285 507
f 2284 2285 2126
f 481 2057 2112
f 2057 228 2110
f 2112 2110 502
f 2057 2110 2112
f 502 2111 2112
f 2111 480 2059
f 2112 2059 481
f 2111 2059 2112
f 501 2109 2113
f 2109 480 2111
f 2113 2111 502
f 2109 2111 2113
f 502 2110 2113
f 2110 228 2106
f 2113 2106 501
f 2110 2106 2113
f 477 2052 2053
f 2052 228 1291
f 2053 1291 235
f 2052 1291 2053
f 501 2106 2107
f 2106 228 2052
f 2107 2052 477
f 2106 2052 2107
f 494 2092 2384
f 2092 493 2383
f 2384 2383 598
f 2092 2383 2384
f 602 2405 2404
f 2405 234 1288
f 2404 1288 232
f 2405 1288 2404
f 597 2380 2407
f 2380 234 2405
f 2407 2405 602
f 2380 2405 2407
f 483 2064 2068
f 2064 481 2067
f 2068 2067 484
f 2064 2067 2068
f 484 2066 2068
f 2066 480 2063
f 2068 2063 483
f 2066 2063 2068
f 481 2059 2067
f 2059 480 2066
f 2067 2066 484
f 2059 2066 2067
f 491 2085 2084
f 2085 480 2056
f 2084 2056 478
f 2085 2056 2084
f 478 2056 2108
f 2056 480 2109
f 2108 2109 501
f 2056 2109 2108
f 501 2107 2108
f 2107 477 2055
f 2108 2055 478
f 2107 2055 2108
f 478 2055 2054
f 2055 477 2053
f 2054 2053 235
f 2055 2053 2054
f 434 1916 1914
f 1916 433 1911
f 1914 1911 403
f 1916 1911 1914
f 434 1915 1929
f 1915 411 1928
f 1929 1928 438
f 1915 1928 1929
f 403 1823 1914
f 1823 411 1915
f 1914 1915 434
f 1823 1915 1914
f 438 1925 1929
f 1925 375 1913
f 1929 1913 434
f 1925 1913 1929
f 375 1909 1913
f 1909 433 1916
f 1913 1916 434
f 1909 1916 1913
f 392 1797 1774
f 1797 402 1798
f 1774 1798 393
f 1797 1798 1774
f 393 1798 1828
f 1798 402 1829
f 1828 1829 412
f 1798 1829 1828
f 419 1859 1854
f 1859 420 1857
f 1854 1857 400
f 1859 1857 1854
f 419 1853 1855
f 1853 399 1850
f 1855 1850 418
f 1853 1850 1855
f 400 1794 1854
f 1794 399 1853
f 1854 1853 419
f 1794 1853 1854
f 418 1848 1855
f 1848 377 1852
f 1855 1852 419
f 1848 1852 1855
f 377 1856 1852
f 1856 420 1859
f 1852 1859 419
f 1856 1859 1852
f 421 1861 1862
f 1861 389 1795
f 1862 1795 401
f 1861 1795 1862
f 401 1858 1862
f 1858 420 1863
f 1862 1863 421
f 1858 1863 1862
f 422 1866 1867
f 1866 389 1861
f 1867 1861 421
f 1866 1861 1867
f 421 1860 1867
f 1860 377 1864
f 1867 1864 422
f 1860 1864 1867
f 421 1863 1860
f 1863 420 1856
f 1860 1856 377
f 1863 1856 1860
f 412 1827 1833
f 1827 377 1830
f 1833 1830 413
f 1827 1830 1833
f 392 1774 1831
f 1774 393 1832
f 1831 1832 413
f 1774 1832 1831
f 413 1832 1833
f 1832 393 1828
f 1833 1828 412
f 1832 1828 1833
f 391 1768 1773
f 1768 390 1772
f 1773 1772 392
f 1768 1772 1773
f 418 1849 1851
f 1849 390 1846
f 1851 1846 417
f 1849 1846 1851
f 417 1845 1851
f 1845 377 1848
f 1851 1848 418
f 1845 1848 1851
f 2 1765 1750
f 1765 389 1766
f 1750 1766 381
f 1765 1766 1750
f 381 1869 1874
f 1869 423 1875
f 1874 1875 424
f 1869 1875 1874
f 375 2032 2030
f 2032 470 2038
f 2030 2038 469
f 2032 2038 2030
f 469 2031 2030
f 2031 468 2028
f 2030 2028 375
f 2031 2028 2030
f 650 2578 2570
f 2578 651 2575
f 2570 2575 469
f 2578 2575 2570
f 469 2038 2570
f 2038 470 2571
f 2570 2571 650
f 2038 2571 2570
f 651 2625 2575
f 2625 662 2623
f 2575 2623 469
f 2625 2623 2575
f 438 1930 1926
f 1930 437 1922
f 1926 1922 378
f 1930 1922 1926
f 437 2036 1922
f 2036 470 2033
f 1922 2033 378
f 2036 2033 1922
f 378 1746 1926
f 1746 375 1925
f 1926 1925 438
f 1746 1925 1926
f 378 2033 1746
f 2033 470 2032
f 1746 2032 375
f 2033 2032 1746
f 248 1322 1323
f 1322 243 1312
f 1323 1312 245
f 1322 1312 1323
f 245 1310 1323
f 1310 231 1321
f 1323 1321 248
f 1310 1321 1323
f 246 1319 1315
f 1319 247 1318
f 1315 1318 245
f 1319 1318 1315
f 245 1313 1315
f 1313 244 1314
f 1315 1314 246
f 1313 1314 1315
f 245 1312 1313
f 1312 243 1309
f 1313 1309 244
f 1312 1309 1313
f 536 2191 2186
f 2191 537 2189
f 2186 2189 522
f 2191 2189 2186
f 522 2300 2292
f 2300 575 2301
f 2292 2301 574
f 2300 2301 2292
f 522 2154 2300
f 2154 515 2298
f 2300 2298 575
f 2154 2298 2300
f 522 2189 2180
f 2189 537 2190
f 2180 2190 533
f 2189 2190 2180
f 533 2179 2180
f 2179 515 2154
f 2180 2154 522
f 2179 2154 2180
f 525 2192 2183
f 2192 538 2193
f 2183 2193 534
f 2192 2193 2183
f 654 2589 2588
f 2589 535 2185
f 2588 2185 534
f 2589 2185 2588
f 530 2171 2172
f 2171 520 2153
f 2172 2153 521
f 2171 2153 2172
f 663 2631 2634
f 2631 444 2163
f 2634 2163 527
f 2631 2163 2634
f 444 1946 2163
f 1946 443 2162
f 2163 2162 527
f 1946 2162 2163
f 443 2159 2162
f 2159 526 2166
f 2162 2166 527
f 2159 2166 2162
f 516 2151 2164
f 2151 520 2165
f 2164 2165 527
f 2151 2165 2164
f 527 2166 2164
f 2166 526 2161
f 2164 2161 516
f 2166 2161 2164
f 233 1285 1778
f 1285 227 1776
f 1778 1776 394
f 1285 1776 1778
f 394 1777 1778
f 1777 231 1286
f 1778 1286 233
f 1777 1286 1778
f 235 1290 1292
f 1290 227 1285
f 1292 1285 233
f 1290 1285 1292
f 233 1289 1292
f 1289 234 1293
f 1292 1293 235
f 1289 1293 1292
f 233 1286 1287
f 1286 231 1284
f 1287 1284 232
f 1286 1284 1287
f 232 1288 1287
f 1288 234 1289
f 1287 1289 233
f 1288 1289 1287
f 383 1782 1753
f 1782 396 1781
f 1753 1781 6
f 1782 1781 1753
f 448 1956 1955
f 1956 443 1942
f 1955 1942 383
f 1956 1942 1955
f 443 1943 1942
f 1943 396 1782
f 1942 1782 383
f 1943 1782 1942
f 451 2266 2147
f 2266 570 2270
f 2147 2270 516
f 2266 2270 2147
f 405 1807 1803
f 1807 406 1805
f 1803 1805 6
f 1807 1805 1803
f 485 2072 2128
f 2072 486 2129
f 2128 2129 509
f 2072 2129 2128
f 509 2263 2128
f 2263 569 2261
f 2128 2261 485
f 2263 2261 2128
f 485 2261 2072
f 2261 569 2262
f 2072 2262 486
f 2261 2262 2072
f 63 841 845
f 841 89 846
f 845 846 90
f 841 846 845
f 65 842 791
f 842 89 841
f 791 841 63
f 842 841 791
f 90 871 845
f 871 96 868
f 845 868 63
f 871 868 845
f 63 868 1072
f 868 96 1079
f 1072 1079 165
f 868 1079 1072
f 64 835 792
f 835 88 836
f 792 836 65
f 835 836 792
f 65 791 792
f 791 63 790
f 792 790 64
f 791 790 792
f 165 1074 1073
f 1074 66 793
f 1073 793 64
f 1074 793 1073
f 64 790 1073
f 790 63 1072
f 1073 1072 165
f 790 1072 1073
f 66 830 795
f 830 87 831
f 795 831 67
f 830 831 795
f 87 838 831
f 838 88 837
f 831 837 67
f 838 837 831
f 67 794 795
f 794 64 793
f 795 793 66
f 794 793 795
f 88 835 837
f 835 64 794
f 837 794 67
f 835 794 837
f 100 927 931
f 927 114 932
f 931 932 115
f 927 932 931
f 100 881 927
f 881 11 924
f 927 924 114
f 881 924 927
f 324 1570 1569
f 1570 312 1531
f 1569 1531 283
f 1570 1531 1569
f 281 1430 1574
f 1430 120 1571
f 1574 1571 325
f 1430 1571 1574
f 120 1412 1571
f 1412 276 1572
f 1571 1572 325
f 1412 1572 1571
f 60 816 953
f 816 82 955
f 953 955 119
f 816 955 953
f 281 1428 1429
f 1428 17 952
f 1429 952 119
f 1428 952 1429
f 119 958 1429
f 958 120 1430
f 1429 1430 281
f 958 1430 1429
f 119 955 958
f 955 82 957
f 958 957 120
f 955 957 958
f 119 952 954
f 952 17 786
f 954 786 62
f 952 786 954
f 62 788 954
f 788 60 953
f 954 953 119
f 788 953 954
f 7 2039 1036
f 2039 471 2040
f 1036 2040 142
f 2039 2040 1036
f 143 1038 1041
f 1038 7 1036
f 1041 1036 142
f 1038 1036 1041
f 142 1044 1041
f 1044 144 1045
f 1041 1045 143
f 1044 1045 1041
f 643 2547 2581
f 2547 465 2579
f 2581 2579 652
f 2547 2579 2581
f 465 2582 2579
f 2582 653 2585
f 2579 2585 652
f 2582 2585 2579
f 652 2580 2581
f 2580 541 2548
f 2581 2548 643
f 2580 2548 2581
f 652 2585 2580
f 2585 653 2584
f 2580 2584 541
f 2585 2584 2580
f 655 2595 2591
f 2595 653 2582
f 2591 2582 465
f 2595 2582 2591
f 465 2023 2591
f 2023 466 2592
f 2591 2592 655
f 2023 2592 2591
f 655 2592 2599
f 2592 466 2596
f 2599 2596 656
f 2592 2596 2599
f 541 2584 2201
f 2584 653 2583
f 2201 2583 540
f 2584 2583 2201
f 653 2595 2583
f 2595 655 2594
f 2583 2594 540
f 2595 2594 2583
f 468 2614 2610
f 2614 660 2616
f 2610 2616 659
f 2614 2616 2610
f 659 2613 2610
f 2613 658 2606
f 2610 2606 468
f 2613 2606 2610
f 537 2608 2612
f 2608 658 2613
f 2612 2613 659
f 2608 2613 2612
f 659 2616 2611
f 2616 660 2615
f 2611 2615 533
f 2616 2615 2611
f 533 2190 2611
f 2190 537 2612
f 2611 2612 659
f 2190 2612 2611
f 657 2600 2603
f 2600 466 2586
f 2603 2586 654
f 2600 2586 2603
f 656 2596 2604
f 2596 466 2600
f 2604 2600 657
f 2596 2600 2604
f 657 2602 2604
f 2602 538 2597
f 2604 2597 656
f 2602 2597 2604
f 654 2588 2603
f 2588 534 2601
f 2603 2601 657
f 2588 2601 2603
f 657 2601 2602
f 2601 534 2193
f 2602 2193 538
f 2601 2193 2602
f 429 1893 1892
f 1893 376 1742
f 1892 1742 374
f 1893 1742 1892
f 374 1739 1892
f 1739 373 1891
f 1892 1891 429
f 1739 1891 1892
f 429 1891 1902
f 1891 373 1898
f 1902 1898 430
f 1891 1898 1902
f 426 1886 1880
f 1886 427 1885
f 1880 1885 379
f 1886 1885 1880
f 377 1884 1879
f 1884 427 1886
f 1879 1886 426
f 1884 1886 1879
f 384 1762 1899
f 1762 387 1901
f 1899 1901 430
f 1762 1901 1899
f 384 1905 1756
f 1905 431 1904
f 1756 1904 356
f 1905 1904 1756
f 384 1756 1755
f 1756 356 1689
f 1755 1689 2
f 1756 1689 1755
f 2 1761 1755
f 1761 387 1762
f 1755 1762 384
f 1761 1762 1755
f 172 1095 1100
f 1095 170 1099
f 1100 1099 173
f 1095 1099 1100
f 171 1094 1096
f 1094 170 1095
f 1096 1095 172
f 1094 1095 1096
f 219 1243 1244
f 1243 171 1096
f 1244 1096 172
f 1243 1096 1244
f 430 1982 1907
f 1982 457 1984
f 1907 1984 432
f 1982 1984 1907
f 432 1984 1908
f 1984 457 1983
f 1908 1983 431
f 1984 1983 1908
f 432 1906 1907
f 1906 384 1899
f 1907 1899 430
f 1906 1899 1907
f 431 1905 1908
f 1905 384 1906
f 1908 1906 432
f 1905 1906 1908
f 456 1981 1996
f 1981 431 1995
f 1996 1995 459
f 1981 1995 1996
f 1 1903 1977
f 1903 431 1981
f 1977 1981 456
f 1903 1981 1977
f 225 1269 1271
f 1269 162 1261
f 1271 1261 223
f 1269 1261 1271
f 223 1268 1271
f 1268 224 1272
f 1271 1272 225
f 1268 1272 1271
f 358 1697 1695
f 1697 163 1065
f 1695 1065 4
f 1697 1065 1695
f 357 1980 1691
f 1980 456 1979
f 1691 1979 4
f 1980 1979 1691
f 4 1991 1695
f 1991 459 1992
f 1695 1992 358
f 1991 1992 1695
f 4 1979 1991
f 1979 456 1996
f 1991 1996 459
f 1979 1996 1991
f 26 1486 1057
f 1486 298 1488
f 1057 1488 155
f 1486 1488 1057
f 155 1488 1379
f 1488 298 1490
f 1379 1490 267
f 1488 1490 1379
f 155 1058 1057
f 1058 27 715
f 1057 715 26
f 1058 715 1057
f 155 1379 1345
f 1379 267 1381
f 1345 1381 257
f 1379 1381 1345
f 257 1344 1345
f 1344 27 1058
f 1345 1058 155
f 1344 1058 1345
f 342 1641 1640
f 1641 340 1637
f 1640 1637 339
f 1641 1637 1640
f 295 1621 1630
f 1621 337 1632
f 1630 1632 339
f 1621 1632 1630
f 339 1639 1640
f 1639 341 1642
f 1640 1642 342
f 1639 1642 1640
f 339 1632 1639
f 1632 337 1638
f 1639 1638 341
f 1632 1638 1639
f 296 1485 1480
f 1485 297 1484
f 1480 1484 295
f 1485 1484 1480
f 295 1630 1480
f 1630 339 1631
f 1480 1631 296
f 1630 1631 1480
f 296 1631 1635
f 1631 339 1637
f 1635 1637 340
f 1631 1637 1635
f 296 1635 1495
f 1635 340 1636
f 1495 1636 299
f 1635 1636 1495
f 299 1496 1495
f 1496 298 1491
f 1495 1491 296
f 1496 1491 1495
f 298 1492 1491
f 1492 297 1485
f 1491 1485 296
f 1492 1485 1491
f 294 1477 1614
f 1477 290 1612
f 1614 1612 334
f 1477 1612 1614
f 338 1628 1627
f 1628 336 1620
f 1627 1620 335
f 1628 1620 1627
f 335 1622 1627
f 1622 337 1629
f 1627 1629 338
f 1622 1629 1627
f 345 1651 1650
f 1651 337 1622
f 1650 1622 335
f 1651 1622 1650
f 124 966 967
f 966 122 963
f 967 963 123
f 966 963 967
f 123 970 967
f 970 125 971
f 967 971 124
f 970 971 967
f 104 960 964
f 960 122 966
f 964 966 124
f 960 966 964
f 124 965 964
f 965 106 897
f 964 897 104
f 965 897 964
f 94 864 861
f 864 93 859
f 861 859 78
f 864 859 861
f 78 859 810
f 859 93 858
f 810 858 77
f 859 858 810
f 78 812 861
f 812 79 862
f 861 862 94
f 812 862 861
f 78 810 812
f 810 77 811
f 812 811 79
f 810 811 812
f 92 860 1016
f 860 93 1017
f 1016 1017 137
f 860 1017 1016
f 92 853 854
f 853 74 806
f 854 806 75
f 853 806 854
f 75 807 854
f 807 76 855
f 854 855 92
f 807 855 854
f 76 857 855
f 857 93 860
f 855 860 92
f 857 860 855
f 94 863 867
f 863 80 865
f 867 865 95
f 863 865 867
f 95 872 866
f 872 96 871
f 866 871 90
f 872 871 866
f 95 865 872
f 865 80 870
f 872 870 96
f 865 870 872
f 90 846 844
f 846 89 839
f 844 839 9
f 846 839 844
f 9 1010 844
f 1010 136 1011
f 844 1011 90
f 1010 1011 844
f 9 839 700
f 839 89 840
f 700 840 10
f 839 840 700
f 137 1022 1018
f 1022 138 1021
f 1018 1021 134
f 1022 1021 1018
f 130 988 1007
f 988 129 1006
f 1007 1006 135
f 988 1006 1007
f 129 1005 1006
f 1005 134 1009
f 1006 1009 135
f 1005 1009 1006
f 110 985 917
f 985 130 986
f 917 986 112
f 985 986 917
f 112 922 916
f 922 113 919
f 916 919 43
f 922 919 916
f 41 746 741
f 746 43 745
f 741 745 40
f 746 745 741
f 40 1461 741
f 1461 290 1462
f 741 1462 41
f 1461 1462 741
f 290 1477 1462
f 1477 294 1476
f 1462 1476 41
f 1477 1476 1462
f 257 1347 1346
f 1347 198 1176
f 1346 1176 190
f 1347 1176 1346
f 190 1149 1346
f 1149 27 1344
f 1346 1344 257
f 1149 1344 1346
f 217 1821 1234
f 1821 411 1817
f 1234 1817 197
f 1821 1817 1234
f 217 1235 1821
f 1235 211 1820
f 1821 1820 411
f 1235 1820 1821
f 213 1223 1236
f 1223 211 1235
f 1236 1235 217
f 1223 1235 1236
f 217 1237 1236
f 1237 215 1229
f 1236 1229 213
f 1237 1229 1236
f 217 1248 1242
f 1248 219 1249
f 1242 1249 218
f 1248 1249 1242
f 217 1234 1248
f 1234 197 1247
f 1248 1247 219
f 1234 1247 1248
f 218 1241 1242
f 1241 216 1238
f 1242 1238 217
f 1241 1238 1242
f 217 1238 1237
f 1238 216 1233
f 1237 1233 215
f 1238 1233 1237
f 197 1254 1174
f 1254 220 1253
f 1174 1253 195
f 1254 1253 1174
f 195 1173 1174
f 1173 196 1175
f 1174 1175 197
f 1173 1175 1174
f 195 1253 1170
f 1253 220 1252
f 1170 1252 168
f 1253 1252 1170
f 168 1171 1170
f 1171 196 1173
f 1170 1173 195
f 1171 1173 1170
f 222 1259 1264
f 1259 221 1263
f 1264 1263 223
f 1259 1263 1264
f 220 1256 1258
f 1256 221 1259
f 1258 1259 222
f 1256 1259 1258
f 223 1262 1264
f 1262 167 1257
f 1264 1257 222
f 1262 1257 1264
f 167 1251 1257
f 1251 220 1258
f 1257 1258 222
f 1251 1258 1257
f 210 1214 1215
f 1214 182 1207
f 1215 1207 208
f 1214 1207 1215
f 210 1218 1221
f 1218 211 1222
f 1221 1222 212
f 1218 1222 1221
f 208 1212 1215
f 1212 209 1216
f 1215 1216 210
f 1212 1216 1215
f 209 1217 1216
f 1217 211 1218
f 1216 1218 210
f 1217 1218 1216
f 179 1126 1121
f 1126 182 1127
f 1121 1127 180
f 1126 1127 1121
f 180 1120 1119
f 1120 178 1115
f 1119 1115 177
f 1120 1115 1119
f 177 1118 1119
f 1118 179 1121
f 1119 1121 180
f 1118 1121 1119
f 212 1219 1220
f 1219 178 1120
f 1220 1120 180
f 1219 1120 1220
f 180 1213 1220
f 1213 210 1221
f 1220 1221 212
f 1213 1221 1220
f 182 1214 1127
f 1214 210 1213
f 1127 1213 180
f 1214 1213 1127
f 187 1186 1203
f 1186 202 1205
f 1203 1205 207
f 1186 1205 1203
f 187 1147 1186
f 1147 189 1187
f 1186 1187 202
f 1147 1187 1186
f 187 1143 1142
f 1143 186 1141
f 1142 1141 185
f 1143 1141 1142
f 185 1145 1142
f 1145 188 1146
f 1142 1146 187
f 1145 1146 1142
f 188 1148 1146
f 1148 189 1147
f 1146 1147 187
f 1148 1147 1146
f 207 1206 1203
f 1206 206 1199
f 1203 1199 187
f 1206 1199 1203
f 206 1198 1199
f 1198 186 1143
f 1199 1143 187
f 1198 1143 1199
f 184 1190 1208
f 1190 203 1209
f 1208 1209 208
f 1190 1209 1208
f 184 1140 1190
f 1140 186 1191
f 1190 1191 203
f 1140 1191 1190
f 208 1207 1208
f 1207 182 1133
f 1208 1133 184
f 1207 1133 1208
f 184 1133 1132
f 1133 182 1128
f 1132 1128 181
f 1133 1128 1132
f 181 1131 1132
f 1131 183 1134
f 1132 1134 184
f 1131 1134 1132
f 183 1139 1134
f 1139 186 1140
f 1134 1140 184
f 1139 1140 1134
f 24 887 716
f 887 103 888
f 716 888 28
f 887 888 716
f 30 721 720
f 721 29 719
f 720 719 28
f 721 719 720
f 28 893 720
f 893 105 894
f 720 894 30
f 893 894 720
f 28 888 893
f 888 103 895
f 893 895 105
f 888 895 893
f 28 719 717
f 719 29 718
f 717 718 26
f 719 718 717
f 26 713 717
f 713 24 716
f 717 716 28
f 713 716 717
f 268 1384 1383
f 1384 255 1340
f 1383 1340 254
f 1384 1340 1383
f 254 1388 1383
f 1388 269 1390
f 1383 1390 268
f 1388 1390 1383
f 268 1390 1382
f 1390 269 1387
f 1382 1387 157
f 1390 1387 1382
f 521 2152 2168
f 2152 515 2167
f 2168 2167 528
f 2152 2167 2168
f 528 2624 2576
f 2624 662 2625
f 2576 2625 651
f 2624 2625 2576
f 661 2622 2617
f 2622 660 2614
f 2617 2614 468
f 2622 2614 2617
f 533 2615 2621
f 2615 660 2622
f 2621 2622 661
f 2615 2622 2621
f 662 2624 2626
f 2624 528 2619
f 2626 2619 661
f 2624 2619 2626
f 468 2031 2617
f 2031 469 2618
f 2617 2618 661
f 2031 2618 2617
f 661 2618 2626
f 2618 469 2623
f 2626 2623 662
f 2618 2623 2626
f 572 2282 2281
f 2282 571 2277
f 2281 2277 547
f 2282 2277 2281
f 547 2212 2281
f 2212 518 2280
f 2281 2280 572
f 2212 2280 2281
f 571 2276 2277
f 2276 544 2213
f 2277 2213 547
f 2276 2213 2277
f 682 2706 2707
f 2706 555 2235
f 2707 2235 559
f 2706 2235 2707
f 559 2235 2234
f 2235 555 2226
f 2234 2226 550
f 2235 2226 2234
f 544 2224 2207
f 2224 555 2225
f 2207 2225 545
f 2224 2225 2207
f 545 2225 2500
f 2225 555 2501
f 2500 2501 628
f 2225 2501 2500
f 546 2210 2211
f 2210 544 2207
f 2211 2207 545
f 2210 2207 2211
f 489 2076 2078
f 2076 475 2075
f 2078 2075 488
f 2076 2075 2078
f 489 2120 2125
f 2120 505 2126
f 2125 2126 507
f 2120 2126 2125
f 489 2125 2131
f 2125 507 2133
f 2131 2133 509
f 2125 2133 2131
f 509 2130 2131
f 2130 487 2077
f 2131 2077 489
f 2130 2077 2131
f 487 2073 2077
f 2073 475 2076
f 2077 2076 489
f 2073 2076 2077
f 489 2275 2278
f 2275 571 2282
f 2278 2282 572
f 2275 2282 2278
f 489 2078 2275
f 2078 488 2274
f 2275 2274 571
f 2078 2274 2275
f 572 2289 2278
f 2289 573 2283
f 2278 2283 489
f 2289 2283 2278
f 573 2284 2283
f 2284 505 2120
f 2283 2120 489
f 2284 2120 2283
f 258 1351 1355
f 1351 247 1354
f 1355 1354 260
f 1351 1354 1355
f 260 1356 1355
f 1356 259 1352
f 1355 1352 258
f 1356 1352 1355
f 260 1354 1353
f 1354 247 1319
f 1353 1319 246
f 1354 1319 1353
f 258 1352 2717
f 1352 259 2718
f 2717 2718 684
f 1352 2718 2717
f 684 2716 2717
f 2716 236 1350
f 2717 1350 258
f 2716 1350 2717
f 684 2723 2716
f 2723 609 2427
f 2716 2427 236
f 2723 2427 2716
f 259 1356 2718
f 1356 260 2719
f 2718 2719 684
f 1356 2719 2718
f 160 1664 1661
f 1664 350 1669
f 1661 1669 349
f 1664 1669 1661
f 160 2715 1398
f 2715 684 2721
f 1398 2721 271
f 2715 2721 1398
f 236 2427 1294
f 2427 609 2428
f 1294 2428 237
f 2427 2428 1294
f 493 2092 2090
f 2092 494 2091
f 2090 2091 492
f 2092 2091 2090
f 491 2381 2089
f 2381 597 2382
f 2089 2382 492
f 2381 2382 2089
f 597 2407 2382
f 2407 602 2406
f 2382 2406 492
f 2407 2406 2382
f 492 2086 2089
f 2086 480 2085
f 2089 2085 491
f 2086 2085 2089
f 487 2074 2087
f 2074 480 2086
f 2087 2086 492
f 2074 2086 2087
f 495 2095 2096
f 2095 492 2091
f 2096 2091 494
f 2095 2091 2096
f 495 2096 2385
f 2096 494 2384
f 2385 2384 598
f 2096 2384 2385
f 610 2436 2434
f 2436 609 2430
f 2434 2430 598
f 2436 2430 2434
f 610 2431 2436
f 2431 237 2428
f 2436 2428 609
f 2431 2428 2436
f 239 1298 2432
f 1298 237 2431
f 2432 2431 610
f 1298 2431 2432
f 241 1303 2433
f 1303 239 2432
f 2433 2432 610
f 1303 2432 2433
f 493 2090 2401
f 2090 492 2400
f 2401 2400 601
f 2090 2400 2401
f 601 2400 2408
f 2400 492 2406
f 2408 2406 602
f 2400 2406 2408
f 598 2383 2402
f 2383 493 2401
f 2402 2401 601
f 2383 2401 2402
f 601 2435 2402
f 2435 610 2434
f 2402 2434 598
f 2435 2434 2402
f 241 2433 2398
f 2433 610 2435
f 2398 2435 601
f 2433 2435 2398
f 601 2399 2398
f 2399 242 1308
f 2398 1308 241
f 2399 1308 2398
f 235 1293 2410
f 1293 234 2409
f 2410 2409 603
f 1293 2409 2410
f 603 2411 2410
f 2411 478 2054
f 2410 2054 235
f 2411 2054 2410
f 603 2409 2413
f 2409 234 2380
f 2413 2380 597
f 2409 2380 2413
f 603 2413 2412
f 2413 597 2381
f 2412 2381 491
f 2413 2381 2412
f 491 2084 2412
f 2084 478 2411
f 2412 2411 603
f 2084 2411 2412
f 377 1838 1834
f 1838 415 1840
f 1834 1840 414
f 1838 1840 1834
f 414 1837 1834
f 1837 413 1830
f 1834 1830 377
f 1837 1830 1834
f 392 1831 1836
f 1831 413 1837
f 1836 1837 414
f 1831 1837 1836
f 414 1835 1836
f 1835 391 1773
f 1836 1773 392
f 1835 1773 1836
f 415 1839 1840
f 1839 391 1835
f 1840 1835 414
f 1839 1835 1840
f 416 1847 1842
f 1847 417 1846
f 1842 1846 390
f 1847 1846 1842
f 390 1768 1842
f 1768 391 1843
f 1842 1843 416
f 1768 1843 1842
f 416 1843 1844
f 1843 391 1839
f 1844 1839 415
f 1843 1839 1844
f 416 1844 1841
f 1844 415 1838
f 1841 1838 377
f 1844 1838 1841
f 377 1845 1841
f 1845 417 1847
f 1841 1847 416
f 1845 1847 1841
f 380 1749 1748
f 1749 379 1747
f 1748 1747 2
f 1749 1747 1748
f 2 1750 1748
f 1750 381 1751
f 1748 1751 380
f 1750 1751 1748
f 380 1881 1749
f 1881 426 1880
f 1749 1880 379
f 1881 1880 1749
f 380 1751 1873
f 1751 381 1874
f 1873 1874 424
f 1751 1874 1873
f 388 1767 1865
f 1767 389 1866
f 1865 1866 422
f 1767 1866 1865
f 388 1764 1767
f 1764 381 1766
f 1767 1766 389
f 1764 1766 1767
f 422 1871 1865
f 1871 423 1870
f 1865 1870 388
f 1871 1870 1865
f 423 1869 1870
f 1869 381 1764
f 1870 1764 388
f 1869 1764 1870
f 240 1302 1304
f 1302 239 1303
f 1304 1303 241
f 1302 1303 1304
f 241 1308 1304
f 1308 242 1307
f 1304 1307 240
f 1308 1307 1304
f 240 1307 1300
f 1307 242 1306
f 1300 1306 231
f 1307 1306 1300
f 232 1284 1283
f 1284 231 1282
f 1283 1282 230
f 1284 1282 1283
f 230 2403 1283
f 2403 602 2404
f 1283 2404 232
f 2403 2404 1283
f 230 2397 2403
f 2397 601 2408
f 2403 2408 602
f 2397 2408 2403
f 523 2155 2293
f 2155 522 2292
f 2293 2292 574
f 2155 2292 2293
f 536 2186 2187
f 2186 522 2155
f 2187 2155 523
f 2186 2155 2187
f 523 2184 2187
f 2184 535 2188
f 2187 2188 536
f 2184 2188 2187
f 523 2182 2184
f 2182 534 2185
f 2184 2185 535
f 2182 2185 2184
f 523 2293 2157
f 2293 574 2294
f 2157 2294 525
f 2293 2294 2157
f 525 2183 2157
f 2183 534 2182
f 2157 2182 523
f 2183 2182 2157
f 663 2634 2635
f 2634 527 2175
f 2635 2175 531
f 2634 2175 2635
f 531 2175 2174
f 2175 527 2165
f 2174 2165 520
f 2175 2165 2174
f 520 2171 2174
f 2171 530 2176
f 2174 2176 531
f 2171 2176 2174
f 650 2636 2574
f 2636 663 2635
f 2574 2635 531
f 2636 2635 2574
f 531 2176 2574
f 2176 530 2573
f 2574 2573 650
f 2176 2573 2574
f 6 1805 1752
f 1805 406 1806
f 1752 1806 382
f 1805 1806 1752
f 382 1754 1752
f 1754 383 1753
f 1752 1753 6
f 1754 1753 1752
f 448 1955 1954
f 1955 383 1754
f 1954 1754 382
f 1955 1754 1954
f 450 1960 1962
f 1960 405 1959
f 1962 1959 449
f 1960 1959 1962
f 450 1962 2265
f 1962 449 2264
f 2265 2264 570
f 1962 2264 2265
f 570 2266 2265
f 2266 451 1965
f 2265 1965 450
f 2266 1965 2265
f 450 1965 1961
f 1965 451 1963
f 1961 1963 406
f 1965 1963 1961
f 406 1807 1961
f 1807 405 1960
f 1961 1960 450
f 1807 1960 1961
f 452 1966 2070
f 1966 354 2069
f 2070 2069 486
f 1966 2069 2070
f 486 2262 2070
f 2262 569 2259
f 2070 2259 452
f 2262 2259 2070
f 404 1804 1801
f 1804 405 1803
f 1801 1803 6
f 1804 1803 1801
f 449 1959 1958
f 1959 405 1804
f 1958 1804 404
f 1959 1804 1958
f 115 929 938
f 929 86 937
f 938 937 116
f 929 937 938
f 116 937 935
f 937 86 829
f 935 829 71
f 937 829 935
f 71 826 935
f 826 85 936
f 935 936 116
f 826 936 935
f 116 936 944
f 936 85 943
f 944 943 117
f 936 943 944
f 117 939 944
f 939 20 934
f 944 934 116
f 939 934 944
f 18 708 766
f 708 20 767
f 766 767 50
f 708 767 766
f 118 946 948
f 946 16 774
f 948 774 54
f 946 774 948
f 54 821 948
f 821 84 951
f 948 951 118
f 821 951 948
f 54 1566 1439
f 1566 324 1569
f 1439 1569 283
f 1566 1569 1439
f 50 767 769
f 767 20 768
f 769 768 51
f 767 768 769
f 284 1441 1442
f 1441 51 1437
f 1442 1437 283
f 1441 1437 1442
f 50 769 1440
f 769 51 1441
f 1440 1441 284
f 769 1441 1440
f 316 1540 1538
f 1540 289 1458
f 1538 1458 284
f 1540 1458 1538
f 571 2274 2320
f 2274 488 2316
f 2320 2316 579
f 2274 2316 2320
f 579 2318 2320
f 2318 544 2276
f 2320 2276 571
f 2318 2276 2320
f 550 2219 2319
f 2219 544 2318
f 2319 2318 579
f 2219 2318 2319
f 145 1414 1046
f 1414 276 1413
f 1046 1413 121
f 1414 1413 1046
f 121 1042 1046
f 1042 144 1047
f 1046 1047 145
f 1042 1047 1046
f 595 2374 2375
f 2374 593 2370
f 2375 2370 594
f 2374 2370 2375
f 599 2389 2390
f 2389 593 2374
f 2390 2374 595
f 2389 2374 2390
f 596 2379 2378
f 2379 595 2375
f 2378 2375 594
f 2379 2375 2378
f 471 2696 2044
f 2696 680 2697
f 2044 2697 472
f 2696 2697 2044
f 472 2043 2044
f 2043 142 2040
f 2044 2040 471
f 2043 2040 2044
f 539 2196 2195
f 2196 538 2192
f 2195 2192 525
f 2196 2192 2195
f 539 2198 2593
f 2198 540 2594
f 2593 2594 655
f 2198 2594 2593
f 656 2597 2598
f 2597 538 2196
f 2598 2196 539
f 2597 2196 2598
f 539 2593 2598
f 2593 655 2599
f 2598 2599 656
f 2593 2599 2598
f 524 2156 2200
f 2156 517 2199
f 2200 2199 541
f 2156 2199 2200
f 541 2201 2200
f 2201 540 2197
f 2200 2197 524
f 2201 2197 2200
f 573 2286 2287
f 2286 517 2156
f 2287 2156 524
f 2286 2156 2287
f 525 2288 2158
f 2288 573 2287
f 2158 2287 524
f 2288 2287 2158
f 524 2194 2158
f 2194 539 2195
f 2158 2195 525
f 2194 2195 2158
f 540 2198 2197
f 2198 539 2194
f 2197 2194 524
f 2198 2194 2197
f 379 1885 1888
f 1885 427 1890
f 1888 1890 428
f 1885 1890 1888
f 428 1890 1887
f 1890 427 1883
f 1887 1883 376
f 1890 1883 1887
f 376 1893 1887
f 1893 429 1896
f 1887 1896 428
f 1893 1896 1887
f 386 1763 1759
f 1763 387 1761
f 1759 1761 2
f 1763 1761 1759
f 430 1901 1900
f 1901 387 1763
f 1900 1763 386
f 1901 1763 1900
f 386 1895 1900
f 1895 429 1902
f 1900 1902 430
f 1895 1902 1900
f 174 1107 1239
f 1107 176 1240
f 1239 1240 218
f 1107 1240 1239
f 173 1106 1102
f 1106 176 1107
f 1102 1107 174
f 1106 1107 1102
f 174 1101 1102
f 1101 172 1100
f 1102 1100 173
f 1101 1100 1102
f 218 1249 1239
f 1249 219 1245
f 1239 1245 174
f 1249 1245 1239
f 219 1244 1245
f 1244 172 1101
f 1245 1101 174
f 1244 1101 1245
f 1 1977 699
f 1977 456 1978
f 699 1978 3
f 1977 1978 699
f 3 1978 1690
f 1978 456 1980
f 1690 1980 357
f 1978 1980 1690
f 2 698 1274
f 698 1 1273
f 1274 1273 226
f 698 1273 1274
f 226 1276 1274
f 1276 224 1265
f 1274 1265 2
f 1276 1265 1274
f 226 1277 1276
f 1277 225 1272
f 1276 1272 224
f 1277 1272 1276
f 1 699 1273
f 699 3 1275
f 1273 1275 226
f 699 1275 1273
f 357 1693 1694
f 1693 225 1277
f 1694 1277 226
f 1693 1277 1694
f 226 1275 1694
f 1275 3 1690
f 1694 1690 357
f 1275 1690 1694
f 357 1691 1692
f 1691 4 1068
f 1692 1068 164
f 1691 1068 1692
f 162 1269 1069
f 1269 225 1270
f 1069 1270 164
f 1269 1270 1069
f 164 1270 1692
f 1270 225 1693
f 1692 1693 357
f 1270 1693 1692
f 164 1070 1069
f 1070 163 1067
f 1069 1067 162
f 1070 1067 1069
f 164 1068 1070
f 1068 4 1065
f 1070 1065 163
f 1068 1065 1070
f 32 728 727
f 728 34 729
f 727 729 33
f 728 729 727
f 30 899 724
f 899 107 900
f 724 900 32
f 899 900 724
f 33 726 727
f 726 31 725
f 727 725 32
f 726 725 727
f 32 725 724
f 725 31 723
f 724 723 30
f 725 723 724
f 33 729 730
f 729 34 731
f 730 731 35
f 729 731 730
f 35 731 733
f 731 34 732
f 733 732 36
f 731 732 733
f 109 905 907
f 905 32 900
f 907 900 107
f 905 900 907
f 34 728 906
f 728 32 905
f 906 905 109
f 728 905 906
f 36 1474 1473
f 1474 294 1478
f 1473 1478 293
f 1474 1478 1473
f 293 1472 1473
f 1472 35 733
f 1473 733 36
f 1472 733 1473
f 334 1619 1613
f 1619 336 1617
f 1613 1617 293
f 1619 1617 1613
f 293 1478 1613
f 1478 294 1614
f 1613 1614 334
f 1478 1614 1613
f 33 730 1471
f 730 35 1472
f 1471 1472 293
f 730 1472 1471
f 293 1625 1471
f 1625 338 1624
f 1471 1624 33
f 1625 1624 1471
f 293 1617 1625
f 1617 336 1628
f 1625 1628 338
f 1617 1628 1625
f 317 1546 1541
f 1546 318 1545
f 1541 1545 287
f 1546 1545 1541
f 12 852 1014
f 852 92 1016
f 1014 1016 137
f 852 1016 1014
f 12 703 874
f 703 14 875
f 874 875 98
f 703 875 874
f 132 991 993
f 991 112 986
f 993 986 130
f 991 986 993
f 113 922 992
f 922 112 991
f 992 991 132
f 922 991 992
f 127 1004 983
f 1004 134 1005
f 983 1005 129
f 1004 1005 983
f 139 1027 1023
f 1027 138 1020
f 1023 1020 94
f 1027 1020 1023
f 139 1025 1027
f 1025 134 1021
f 1027 1021 138
f 1025 1021 1027
f 139 1026 1025
f 1026 135 1009
f 1025 1009 134
f 1026 1009 1025
f 94 867 1023
f 867 95 1024
f 1023 1024 139
f 867 1024 1023
f 136 1013 1031
f 1013 135 1030
f 1031 1030 140
f 1013 1030 1031
f 90 1011 1028
f 1011 136 1031
f 1028 1031 140
f 1011 1031 1028
f 140 1029 1028
f 1029 95 866
f 1028 866 90
f 1029 866 1028
f 140 1032 1029
f 1032 139 1024
f 1029 1024 95
f 1032 1024 1029
f 135 1026 1030
f 1026 139 1032
f 1030 1032 140
f 1026 1032 1030
f 38 1475 736
f 1475 294 1474
f 736 1474 36
f 1475 1474 736
f 38 740 1475
f 740 41 1476
f 1475 1476 294
f 740 1476 1475
f 191 1177 1181
f 1177 198 1182
f 1181 1182 200
f 1177 1182 1181
f 200 1180 1181
f 1180 189 1153
f 1181 1153 191
f 1180 1153 1181
f 191 1153 1152
f 1153 189 1148
f 1152 1148 188
f 1153 1148 1152
f 188 1144 1152
f 1144 24 1150
f 1152 1150 191
f 1144 1150 1152
f 191 1150 1151
f 1150 24 712
f 1151 712 25
f 1150 712 1151
f 256 1343 1377
f 1343 255 1376
f 1377 1376 266
f 1343 1376 1377
f 255 1384 1376
f 1384 268 1385
f 1376 1385 266
f 1384 1385 1376
f 266 1385 1375
f 1385 268 1382
f 1375 1382 157
f 1385 1382 1375
f 157 1392 1375
f 1392 270 1397
f 1375 1397 266
f 1392 1397 1375
f 266 1397 1377
f 1397 270 1395
f 1377 1395 256
f 1397 1395 1377
f 529 2170 2577
f 2170 528 2576
f 2577 2576 651
f 2170 2576 2577
f 529 2577 2572
f 2577 651 2578
f 2572 2578 650
f 2577 2578 2572
f 650 2573 2572
f 2573 530 2173
f 2572 2173 529
f 2573 2173 2572
f 529 2173 2169
f 2173 530 2172
f 2169 2172 521
f 2173 2172 2169
f 521 2168 2169
f 2168 528 2170
f 2169 2170 529
f 2168 2170 2169
f 532 2178 2177
f 2178 528 2167
f 2177 2167 515
f 2178 2167 2177
f 532 2620 2178
f 2620 661 2619
f 2178 2619 528
f 2620 2619 2178
f 532 2177 2181
f 2177 515 2179
f 2181 2179 533
f 2177 2179 2181
f 533 2621 2181
f 2621 661 2620
f 2181 2620 532
f 2621 2620 2181
f 548 2216 2217
f 2216 544 2210
f 2217 2210 546
f 2216 2210 2217
f 548 2218 2216
f 2218 547 2213
f 2216 2213 544
f 2218 2213 2216
f 518 2212 2214
f 2212 547 2218
f 2214 2218 548
f 2212 2218 2214
f 682 2707 2709
f 2707 559 2703
f 2709 2703 681
f 2707 2703 2709
f 681 2701 2709
f 2701 471 2705
f 2709 2705 682
f 2701 2705 2709
f 681 2704 2701
f 2704 680 2696
f 2701 2696 471
f 2704 2696 2701
f 629 2504 2505
f 2504 545 2500
f 2505 2500 628
f 2504 2500 2505
f 464 2521 2503
f 2521 636 2523
f 2503 2523 629
f 2521 2523 2503
f 463 2017 2502
f 2017 464 2503
f 2502 2503 629
f 2017 2503 2502
f 629 2505 2502
f 2505 628 2498
f 2502 2498 463
f 2505 2498 2502
f 546 2211 2644
f 2211 545 2643
f 2644 2643 666
f 2211 2643 2644
f 271 2721 1399
f 2721 684 2720
f 1399 2720 261
f 2721 2720 1399
f 261 2720 1359
f 2720 684 2719
f 1359 2719 260
f 2720 2719 1359
f 261 1359 1358
f 1359 260 1353
f 1358 1353 246
f 1359 1353 1358
f 246 1314 1358
f 1314 244 1357
f 1358 1357 261
f 1314 1357 1358
f 350 1664 1663
f 1664 160 1063
f 1663 1063 158
f 1664 1063 1663
f 158 1643 1663
f 1643 343 1666
f 1663 1666 350
f 1643 1666 1663
f 159 1644 1062
f 1644 343 1643
f 1062 1643 158
f 1644 1643 1062
f 262 1360 1400
f 1360 160 1398
f 1400 1398 271
f 1360 1398 1400
f 271 1399 1400
f 1399 261 1364
f 1400 1364 262
f 1399 1364 1400
f 262 1364 1361
f 1364 261 1357
f 1361 1357 244
f 1364 1357 1361
f 262 1361 1363
f 1361 244 1327
f 1363 1327 250
f 1361 1327 1363
f 250 1328 1363
f 1328 249 1362
f 1363 1362 262
f 1328 1362 1363
f 249 1365 1362
f 1365 263 1366
f 1362 1366 262
f 1365 1366 1362
f 346 1655 1656
f 1655 341 1652
f 1656 1652 345
f 1655 1652 1656
f 349 1669 1662
f 1669 350 1668
f 1662 1668 348
f 1669 1668 1662
f 348 1680 1681
f 1680 352 1682
f 1681 1682 353
f 1680 1682 1681
f 592 2367 2387
f 2367 495 2385
f 2387 2385 598
f 2367 2385 2387
f 425 1877 1878
f 1877 380 1873
f 1878 1873 424
f 1877 1873 1878
f 426 1881 1882
f 1881 380 1877
f 1882 1877 425
f 1881 1877 1882
f 424 1872 1878
f 1872 377 1876
f 1878 1876 425
f 1872 1876 1878
f 377 1879 1876
f 1879 426 1882
f 1876 1882 425
f 1879 1882 1876
f 231 1310 1295
f 1310 245 1311
f 1295 1311 238
f 1310 1311 1295
f 238 1301 1295
f 1301 240 1300
f 1295 1300 231
f 1301 1300 1295
f 236 1294 1296
f 1294 237 1297
f 1296 1297 238
f 1294 1297 1296
f 238 1297 1299
f 1297 237 1298
f 1299 1298 239
f 1297 1298 1299
f 239 1302 1299
f 1302 240 1301
f 1299 1301 238
f 1302 1301 1299
f 238 1317 1296
f 1317 247 1316
f 1296 1316 236
f 1317 1316 1296
f 238 1311 1317
f 1311 245 1318
f 1317 1318 247
f 1311 1318 1317
f 231 1306 1281
f 1306 242 1305
f 1281 1305 229
f 1306 1305 1281
f 229 1280 1281
f 1280 230 1282
f 1281 1282 231
f 1280 1282 1281
f 242 2399 1305
f 2399 601 2396
f 1305 2396 229
f 2399 2396 1305
f 601 2397 2396
f 2397 230 1280
f 2396 1280 229
f 2397 1280 2396
f 448 1954 1957
f 1954 382 1952
f 1957 1952 447
f 1954 1952 1957
f 447 2145 1957
f 2145 516 2146
f 1957 2146 448
f 2145 2146 1957
f 406 1963 1951
f 1963 451 1964
f 1951 1964 446
f 1963 1964 1951
f 446 1950 1951
f 1950 382 1806
f 1951 1806 406
f 1950 1806 1951
f 446 1953 1950
f 1953 447 1952
f 1950 1952 382
f 1953 1952 1950
f 446 1964 2144
f 1964 451 2147
f 2144 2147 516
f 1964 2147 2144
f 516 2145 2144
f 2145 447 1953
f 2144 1953 446
f 2145 1953 2144
f 354 1966 1785
f 1966 452 1967
f 1785 1967 397
f 1966 1967 1785
f 454 1972 1971
f 1972 404 1802
f 1971 1802 398
f 1972 1802 1971
f 398 1788 1968
f 1788 397 1967
f 1968 1967 452
f 1788 1967 1968
f 398 1802 1787
f 1802 404 1801
f 1787 1801 6
f 1802 1801 1787
f 6 1784 1787
f 1784 397 1788
f 1787 1788 398
f 1784 1788 1787
f 449 1958 1975
f 1958 404 1974
f 1975 1974 455
f 1958 1974 1975
f 455 1974 1976
f 1974 404 1972
f 1976 1972 454
f 1974 1972 1976
f 570 2264 2269
f 2264 449 1975
f 2269 1975 455
f 2264 1975 2269
f 455 1976 2269
f 1976 454 2268
f 2269 2268 570
f 1976 2268 2269
f 11 881 759
f 881 100 884
f 759 884 48
f 881 884 759
f 20 708 709
f 708 18 707
f 709 707 19
f 708 707 709
f 115 938 928
f 938 116 933
f 928 933 19
f 938 933 928
f 19 933 709
f 933 116 934
f 709 934 20
f 933 934 709
f 19 883 928
f 883 100 931
f 928 931 115
f 883 931 928
f 19 707 883
f 707 18 882
f 883 882 100
f 707 882 883
f 285 1443 1445
f 1443 18 766
f 1445 766 50
f 1443 766 1445
f 50 1440 1445
f 1440 284 1446
f 1445 1446 285
f 1440 1446 1445
f 285 1446 1459
f 1446 284 1458
f 1459 1458 289
f 1446 1458 1459
f 100 882 885
f 882 18 763
f 885 763 49
f 882 763 885
f 49 765 885
f 765 48 884
f 885 884 100
f 765 884 885
f 49 1444 1457
f 1444 285 1459
f 1457 1459 289
f 1444 1459 1457
f 18 1443 763
f 1443 285 1444
f 763 1444 49
f 1443 1444 763
f 324 1566 1568
f 1566 54 1436
f 1568 1436 282
f 1566 1436 1568
f 15 706 1433
f 706 17 1435
f 1433 1435 282
f 706 1435 1433
f 17 1565 1435
f 1565 324 1568
f 1435 1568 282
f 1565 1568 1435
f 282 1434 1433
f 1434 16 705
f 1433 705 15
f 1434 705 1433
f 282 1436 1434
f 1436 54 774
f 1434 774 16
f 1436 774 1434
f 53 776 1438
f 776 54 1439
f 1438 1439 283
f 776 1439 1438
f 283 1437 1438
f 1437 51 772
f 1438 772 53
f 1437 772 1438
f 327 1579 1578
f 1579 284 1442
f 1578 1442 283
f 1579 1442 1578
f 487 2087 2082
f 2087 492 2088
f 2082 2088 490
f 2087 2088 2082
f 492 2095 2088
f 2095 495 2094
f 2088 2094 490
f 2095 2094 2088
f 490 2079 2082
f 2079 475 2073
f 2082 2073 487
f 2079 2073 2082
f 488 2075 2083
f 2075 475 2079
f 2083 2079 490
f 2075 2079 2083
f 490 2317 2083
f 2317 579 2316
f 2083 2316 488
f 2317 2316 2083
f 278 1567 1417
f 1567 324 1565
f 1417 1565 17
f 1567 1565 1417
f 312 1570 1530
f 1570 324 1567
f 1530 1567 278
f 1570 1567 1530
f 151 1052 1431
f 1052 17 1428
f 1431 1428 281
f 1052 1428 1431
f 151 1419 1052
f 1419 278 1417
f 1052 1417 17
f 1419 1417 1052
f 152 1056 2138
f 1056 153 2139
f 2138 2139 513
f 1056 2139 2138
f 304 1504 1503
f 1504 153 1056
f 1503 1056 152
f 1504 1056 1503
f 306 1511 1512
f 1511 304 1508
f 1512 1508 305
f 1511 1508 1512
f 306 1510 1511
f 1510 153 1504
f 1511 1504 304
f 1510 1504 1511
f 498 2104 2100
f 2104 499 2103
f 2100 2103 497
f 2104 2103 2100
f 582 2331 2330
f 2331 499 2104
f 2330 2104 498
f 2331 2104 2330
f 554 2237 2228
f 2237 560 2238
f 2228 2238 556
f 2237 2238 2228
f 2 1747 1757
f 1747 379 1758
f 1757 1758 385
f 1747 1758 1757
f 385 1760 1757
f 1760 386 1759
f 1757 1759 2
f 1760 1759 1757
f 379 1888 1758
f 1888 428 1889
f 1758 1889 385
f 1888 1889 1758
f 385 1889 1894
f 1889 428 1896
f 1894 1896 429
f 1889 1896 1894
f 429 1895 1894
f 1895 386 1760
f 1894 1760 385
f 1895 1760 1894
f 107 902 904
f 902 106 903
f 904 903 108
f 902 903 904
f 108 908 904
f 908 109 907
f 904 907 107
f 908 907 904
f 110 910 909
f 910 109 908
f 909 908 108
f 910 908 909
f 34 906 911
f 906 109 914
f 911 914 111
f 906 914 911
f 111 914 915
f 914 109 910
f 915 910 110
f 914 910 915
f 110 917 915
f 917 112 918
f 915 918 111
f 917 918 915
f 111 918 913
f 918 112 916
f 913 916 43
f 918 916 913
f 287 1545 1451
f 1545 318 1544
f 1451 1544 286
f 1545 1544 1451
f 286 1447 1451
f 1447 21 1450
f 1451 1450 287
f 1447 1450 1451
f 291 1466 1464
f 1466 290 1461
f 1464 1461 40
f 1466 1461 1464
f 320 1551 1552
f 1551 291 1470
f 1552 1470 292
f 1551 1470 1552
f 44 1448 1468
f 1448 286 1469
f 1468 1469 292
f 1448 1469 1468
f 323 1618 1615
f 1618 336 1619
f 1615 1619 334
f 1618 1619 1615
f 323 1616 1618
f 1616 335 1620
f 1618 1620 336
f 1616 1620 1618
f 334 1612 1615
f 1612 290 1563
f 1615 1563 323
f 1612 1563 1615
f 290 1560 1563
f 1560 322 1564
f 1563 1564 323
f 1560 1564 1563
f 318 1546 1596
f 1546 317 1595
f 1596 1595 330
f 1546 1595 1596
f 92 852 856
f 852 12 847
f 856 847 91
f 852 847 856
f 73 804 849
f 804 74 850
f 849 850 91
f 804 850 849
f 74 853 850
f 853 92 856
f 850 856 91
f 853 856 850
f 91 848 849
f 848 72 803
f 849 803 73
f 848 803 849
f 91 847 876
f 847 12 874
f 876 874 98
f 847 874 876
f 98 880 876
f 880 99 879
f 876 879 91
f 880 879 876
f 91 879 851
f 879 99 878
f 851 878 81
f 879 878 851
f 81 814 851
f 814 72 848
f 851 848 91
f 814 848 851
f 130 1007 990
f 1007 135 1008
f 990 1008 131
f 1007 1008 990
f 131 994 990
f 994 132 993
f 990 993 130
f 994 993 990
f 131 1008 1012
f 1008 135 1013
f 1012 1013 136
f 1008 1013 1012
f 136 1010 1012
f 1010 9 989
f 1012 989 131
f 1010 989 1012
f 10 701 996
f 701 11 997
f 996 997 133
f 701 997 996
f 133 995 996
f 995 9 700
f 996 700 10
f 995 700 996
f 113 992 1000
f 992 132 1002
f 1000 1002 133
f 992 1002 1000
f 133 1001 995
f 1001 131 989
f 995 989 9
f 1001 989 995
f 132 994 1002
f 994 131 1001
f 1002 1001 133
f 994 1001 1002
f 11 759 997
f 759 48 999
f 997 999 133
f 759 999 997
f 137 1018 1015
f 1018 134 1003
f 1015 1003 13
f 1018 1003 1015
f 134 1004 1003
f 1004 127 976
f 1003 976 13
f 1004 976 1003
f 13 702 1015
f 702 12 1014
f 1015 1014 137
f 702 1014 1015
f 13 976 968
f 976 127 977
f 968 977 125
f 976 977 968
f 125 969 968
f 969 14 704
f 968 704 13
f 969 704 968
f 14 703 704
f 703 12 702
f 704 702 13
f 703 702 704
f 128 984 987
f 984 129 988
f 987 988 130
f 984 988 987
f 128 982 984
f 982 127 983
f 984 983 129
f 982 983 984
f 128 987 980
f 987 130 985
f 980 985 110
f 987 985 980
f 110 909 980
f 909 108 979
f 980 979 128
f 909 979 980
f 27 1149 1158
f 1149 190 1159
f 1158 1159 193
f 1149 1159 1158
f 193 1160 1156
f 1160 191 1151
f 1156 1151 25
f 1160 1151 1156
f 193 1159 1178
f 1159 190 1176
f 1178 1176 198
f 1159 1176 1178
f 198 1177 1178
f 1177 191 1160
f 1178 1160 193
f 1177 1160 1178
f 26 715 1157
f 715 27 1158
f 1157 1158 193
f 715 1158 1157
f 519 2149 2150
f 2149 517 2148
f 2150 2148 518
f 2149 2148 2150
f 519 2205 2149
f 2205 543 2204
f 2149 2204 517
f 2205 2204 2149
f 518 2214 2150
f 2214 548 2215
f 2150 2215 519
f 2214 2215 2150
f 519 2215 2208
f 2215 548 2217
f 2208 2217 546
f 2215 2217 2208
f 546 2209 2208
f 2209 543 2205
f 2208 2205 519
f 2209 2205 2208
f 517 2204 2202
f 2204 543 2206
f 2202 2206 542
f 2204 2206 2202
f 541 2199 2203
f 2199 517 2202
f 2203 2202 542
f 2199 2202 2203
f 636 2552 2522
f 2552 644 2551
f 2522 2551 542
f 2552 2551 2522
f 542 2551 2203
f 2551 644 2550
f 2203 2550 541
f 2551 2550 2203
f 558 2236 2231
f 2236 559 2234
f 2231 2234 550
f 2236 2234 2231
f 558 2702 2236
f 2702 681 2703
f 2236 2703 559
f 2702 2703 2236
f 680 2704 2699
f 2704 681 2702
f 2699 2702 558
f 2704 2702 2699
f 558 2233 2699
f 2233 557 2698
f 2699 2698 680
f 2233 2698 2699
f 664 2637 2649
f 2637 545 2647
f 2649 2647 667
f 2637 2647 2649
f 667 2648 2649
f 2648 632 2638
f 2649 2638 664
f 2648 2638 2649
f 545 2510 2647
f 2510 632 2648
f 2647 2648 667
f 2510 2648 2647
f 545 2504 2507
f 2504 629 2508
f 2507 2508 631
f 2504 2508 2507
f 665 2640 2642
f 2640 545 2637
f 2642 2637 664
f 2640 2637 2642
f 665 2646 2640
f 2646 666 2643
f 2640 2643 545
f 2646 2643 2640
f 604 2414 2415
f 2414 593 2389
f 2415 2389 599
f 2414 2389 2415
f 691 2758 2757
f 2758 596 2378
f 2757 2378 594
f 2758 2378 2757
f 272 1401 1403
f 1401 158 1063
f 1403 1063 160
f 1401 1063 1403
f 160 1360 1403
f 1360 262 1404
f 1403 1404 272
f 1360 1404 1403
f 272 1404 1405
f 1404 262 1366
f 1405 1366 263
f 1404 1366 1405
f 272 1405 1406
f 1405 263 1370
f 1406 1370 264
f 1405 1370 1406
f 264 1367 1406
f 1367 159 1402
f 1406 1402 272
f 1367 1402 1406
f 159 1062 1402
f 1062 158 1401
f 1402 1401 272
f 1062 1401 1402
f 352 1678 1677
f 1678 346 1654
f 1677 1654 314
f 1678 1654 1677
f 347 1659 1679
f 1659 346 1678
f 1679 1678 352
f 1659 1678 1679
f 352 1680 1679
f 1680 348 1660
f 1679 1660 347
f 1680 1660 1679
f 341 1655 1657
f 1655 346 1659
f 1657 1659 347
f 1655 1659 1657
f 347 1660 1667
f 1660 348 1668
f 1667 1668 350
f 1660 1668 1667
f 347 1667 1658
f 1667 350 1665
f 1658 1665 342
f 1667 1665 1658
f 342 1642 1658
f 1642 341 1657
f 1658 1657 347
f 1642 1657 1658
f 687 2733 2735
f 2733 348 1681
f 2735 1681 353
f 2733 1681 2735
f 353 1682 2735
f 1682 352 2734
f 2735 2734 687
f 1682 2734 2735
f 6 1683 1686
f 1683 354 1687
f 1686 1687 355
f 1683 1687 1686
f 355 1786 1686
f 1786 397 1784
f 1686 1784 6
f 1786 1784 1686
f 354 1785 1687
f 1785 397 1786
f 1687 1786 355
f 1785 1786 1687
f 454 1971 1973
f 1971 398 1969
f 1973 1969 453
f 1971 1969 1973
f 453 1969 1970
f 1969 398 1968
f 1970 1968 452
f 1969 1968 1970
f 570 2268 2267
f 2268 454 1973
f 2267 1973 453
f 2268 1973 2267
f 453 2260 2267
f 2260 569 2273
f 2267 2273 570
f 2260 2273 2267
f 453 1970 2260
f 1970 452 2259
f 2260 2259 569
f 1970 2259 2260
f 23 764 1456
f 764 49 1457
f 1456 1457 289
f 764 1457 1456
f 48 765 761
f 765 49 764
f 761 764 23
f 765 764 761
f 52 771 770
f 771 51 768
f 770 768 20
f 771 768 770
f 52 773 771
f 773 53 772
f 771 772 51
f 773 772 771
f 52 770 940
f 770 20 939
f 940 939 117
f 770 939 940
f 54 776 775
f 776 53 773
f 775 773 52
f 776 773 775
f 117 942 940
f 942 84 820
f 940 820 52
f 942 820 940
f 84 821 820
f 821 54 775
f 820 775 52
f 821 775 820
f 312 1528 1532
f 1528 148 1525
f 1532 1525 311
f 1528 1525 1532
f 476 2080 2093
f 2080 490 2094
f 2093 2094 495
f 2080 2094 2093
f 495 2098 2093
f 2098 496 2097
f 2093 2097 476
f 2098 2097 2093
f 497 2103 2099
f 2103 499 2101
f 2099 2101 476
f 2103 2101 2099
f 499 2102 2101
f 2102 490 2080
f 2101 2080 476
f 2102 2080 2101
f 476 2371 2099
f 2371 595 2372
f 2099 2372 497
f 2371 2372 2099
f 599 2390 2388
f 2390 595 2371
f 2388 2371 476
f 2390 2371 2388
f 556 2230 2227
f 2230 557 2229
f 2227 2229 551
f 2230 2229 2227
f 551 2232 2220
f 2232 558 2231
f 2220 2231 550
f 2232 2231 2220
f 557 2233 2229
f 2233 558 2232
f 2229 2232 551
f 2233 2232 2229
f 551 2222 2227
f 2222 554 2228
f 2227 2228 556
f 2222 2228 2227
f 276 1414 1427
f 1414 145 1425
f 1427 1425 280
f 1414 1425 1427
f 145 1053 1425
f 1053 151 1426
f 1425 1426 280
f 1053 1426 1425
f 280 1573 1427
f 1573 325 1572
f 1427 1572 276
f 1573 1572 1427
f 281 1574 1432
f 1574 325 1573
f 1432 1573 280
f 1574 1573 1432
f 280 1426 1432
f 1426 151 1431
f 1432 1431 281
f 1426 1431 1432
f 277 1420 1423
f 1420 278 1424
f 1423 1424 279
f 1420 1424 1423
f 278 1419 1424
f 1419 151 1422
f 1424 1422 279
f 1419 1422 1424
f 150 1421 1054
f 1421 279 1422
f 1054 1422 151
f 1421 1422 1054
f 277 1423 1416
f 1423 279 1421
f 1416 1421 150
f 1423 1421 1416
f 304 1503 1505
f 1503 152 1499
f 1505 1499 302
f 1503 1499 1505
f 513 2140 2141
f 2140 301 1500
f 2141 1500 302
f 2140 1500 2141
f 302 1499 2141
f 1499 152 2138
f 2141 2138 513
f 1499 2138 2141
f 695 2775 2774
f 2775 612 2444
f 2774 2444 513
f 2775 2444 2774
f 284 1579 1583
f 1579 327 1587
f 1583 1587 328
f 1579 1587 1583
f 316 1538 1586
f 1538 284 1583
f 1586 1583 328
f 1538 1583 1586
f 581 2351 2332
f 2351 586 2352
f 2332 2352 582
f 2351 2352 2332
f 582 2330 2332
f 2330 498 2329
f 2332 2329 581
f 2330 2329 2332
f 595 2379 2373
f 2379 596 2376
f 2373 2376 581
f 2379 2376 2373
f 497 2372 2328
f 2372 595 2373
f 2328 2373 581
f 2372 2373 2328
f 581 2329 2328
f 2329 498 2100
f 2328 2100 497
f 2329 2100 2328
f 512 2349 2142
f 2349 586 2350
f 2142 2350 513
f 2349 2350 2142
f 578 2311 2310
f 2311 490 2081
f 2310 2081 479
f 2311 2081 2310
f 554 2222 2314
f 2222 551 2313
f 2314 2313 578
f 2222 2313 2314
f 579 2317 2321
f 2317 490 2311
f 2321 2311 578
f 2317 2311 2321
f 550 2319 2312
f 2319 579 2321
f 2312 2321 578
f 2319 2321 2312
f 578 2313 2312
f 2313 551 2220
f 2312 2220 550
f 2313 2220 2312
f 560 2237 2241
f 2237 554 2240
f 2241 2240 561
f 2237 2240 2241
f 561 2686 2241
f 2686 677 2685
f 2241 2685 560
f 2686 2685 2241
f 679 2694 2693
f 2694 557 2230
f 2693 2230 556
f 2694 2230 2693
f 680 2698 2700
f 2698 557 2694
f 2700 2694 679
f 2698 2694 2700
f 679 2692 2700
f 2692 472 2697
f 2700 2697 680
f 2692 2697 2700
f 556 2238 2689
f 2238 560 2690
f 2689 2690 678
f 2238 2690 2689
f 560 2685 2690
f 2685 677 2691
f 2690 2691 678
f 2685 2691 2690
f 678 2695 2689
f 2695 679 2693
f 2689 2693 556
f 2695 2693 2689
f 678 2691 2688
f 2691 677 2683
f 2688 2683 472
f 2691 2683 2688
f 472 2692 2688
f 2692 679 2695
f 2688 2695 678
f 2692 2695 2688
f 472 2683 2047
f 2683 677 2684
f 2047 2684 473
f 2683 2684 2047
f 144 1044 2046
f 1044 142 2045
f 2046 2045 473
f 1044 2045 2046
f 142 2043 2045
f 2043 472 2047
f 2045 2047 473
f 2043 2047 2045
f 36 732 735
f 732 34 734
f 735 734 37
f 732 734 735
f 34 911 734
f 911 111 912
f 734 912 37
f 911 912 734
f 37 737 735
f 737 38 736
f 735 736 36
f 737 736 735
f 41 740 739
f 740 38 737
f 739 737 37
f 740 737 739
f 43 746 743
f 746 41 739
f 743 739 37
f 746 739 743
f 37 912 743
f 912 111 913
f 743 913 43
f 912 913 743
f 301 1610 1604
f 1610 333 1611
f 1604 1611 332
f 1610 1611 1604
f 291 1551 1557
f 1551 320 1558
f 1557 1558 321
f 1551 1558 1557
f 321 1562 1556
f 1562 322 1560
f 1556 1560 290
f 1562 1560 1556
f 290 1466 1556
f 1466 291 1557
f 1556 1557 321
f 1466 1557 1556
f 274 1559 1554
f 1559 322 1562
f 1554 1562 321
f 1559 1562 1554
f 43 919 750
f 919 113 920
f 750 920 45
f 919 920 750
f 40 745 738
f 745 43 744
f 738 744 39
f 745 744 738
f 39 1463 738
f 1463 291 1464
f 738 1464 40
f 1463 1464 738
f 611 2437 2439
f 2437 301 2140
f 2439 2140 513
f 2437 2140 2439
f 611 2438 2437
f 2438 333 1610
f 2437 1610 301
f 2438 1610 2437
f 513 2350 2439
f 2350 586 2440
f 2439 2440 611
f 2350 2440 2439
f 303 1593 1507
f 1593 330 1594
f 1507 1594 305
f 1593 1594 1507
f 305 1508 1507
f 1508 304 1506
f 1507 1506 303
f 1508 1506 1507
f 304 1505 1506
f 1505 302 1502
f 1506 1502 303
f 1505 1502 1506
f 303 1502 1501
f 1502 302 1500
f 1501 1500 301
f 1502 1500 1501
f 126 981 973
f 981 128 979
f 973 979 108
f 981 979 973
f 126 974 975
f 974 124 971
f 975 971 125
f 974 971 975
f 125 977 975
f 977 127 978
f 975 978 126
f 977 978 975
f 127 982 978
f 982 128 981
f 978 981 126
f 982 981 978
f 106 965 972
f 965 124 974
f 972 974 126
f 965 974 972
f 126 973 972
f 973 108 903
f 972 903 106
f 973 903 972
f 192 1154 1155
f 1154 25 714
f 1155 714 26
f 1154 714 1155
f 26 1157 1155
f 1157 193 1161
f 1155 1161 192
f 1157 1161 1155
f 192 1161 1154
f 1161 193 1156
f 1154 1156 25
f 1161 1156 1154
f 647 2561 2563
f 2561 542 2554
f 2563 2554 645
f 2561 2554 2563
f 648 2564 2566
f 2564 542 2561
f 2566 2561 647
f 2564 2561 2566
f 638 2528 2534
f 2528 542 2531
f 2534 2531 639
f 2528 2531 2534
f 542 2535 2531
f 2535 640 2539
f 2531 2539 639
f 2535 2539 2531
f 639 2539 2533
f 2539 640 2538
f 2533 2538 635
f 2539 2538 2533
f 634 2513 2515
f 2513 543 2209
f 2515 2209 546
f 2513 2209 2515
f 634 2537 2513
f 2537 640 2536
f 2513 2536 543
f 2537 2536 2513
f 635 2538 2520
f 2538 640 2537
f 2520 2537 634
f 2538 2537 2520
f 634 2514 2520
f 2514 545 2518
f 2520 2518 635
f 2514 2518 2520
f 634 2516 2514
f 2516 632 2510
f 2514 2510 545
f 2516 2510 2514
f 635 2518 2519
f 2518 545 2506
f 2519 2506 630
f 2518 2506 2519
f 545 2507 2506
f 2507 631 2509
f 2506 2509 630
f 2507 2509 2506
f 630 2509 2529
f 2509 631 2530
f 2529 2530 638
f 2509 2530 2529
f 630 2532 2519
f 2532 639 2533
f 2519 2533 635
f 2532 2533 2519
f 638 2534 2529
f 2534 639 2532
f 2529 2532 630
f 2534 2532 2529
f 638 2530 2545
f 2530 631 2543
f 2545 2543 642
f 2530 2543 2545
f 642 2542 2545
f 2542 542 2528
f 2545 2528 638
f 2542 2528 2545
f 637 2525 2527
f 2525 629 2523
f 2527 2523 636
f 2525 2523 2527
f 637 2526 2525
f 2526 631 2508
f 2525 2508 629
f 2526 2508 2525
f 637 2544 2526
f 2544 642 2543
f 2526 2543 631
f 2544 2543 2526
f 636 2522 2527
f 2522 542 2524
f 2527 2524 637
f 2522 2524 2527
f 542 2542 2524
f 2542 642 2544
f 2524 2544 637
f 2542 2544 2524
f 594 2370 2753
f 2370 593 2752
f 2753 2752 690
f 2370 2752 2753
f 690 2759 2753
f 2759 691 2757
f 2753 2757 594
f 2759 2757 2753
f 315 1561 1535
f 1561 322 1559
f 1535 1559 274
f 1561 1559 1535
f 344 1648 1647
f 1648 323 1564
f 1647 1564 322
f 1648 1564 1647
f 345 1650 1653
f 1650 335 1649
f 1653 1649 344
f 1650 1649 1653
f 335 1616 1649
f 1616 323 1648
f 1649 1648 344
f 1616 1648 1649
f 348 2733 2711
f 2733 687 2739
f 2711 2739 683
f 2733 2739 2711
f 349 1662 2712
f 1662 348 2711
f 2712 2711 683
f 1662 2711 2712
f 683 2710 2712
f 2710 160 1661
f 2712 1661 349
f 2710 1661 2712
f 684 2715 2724
f 2715 160 2710
f 2724 2710 683
f 2715 2710 2724
f 592 2421 2394
f 2421 607 2422
f 2394 2422 600
f 2421 2422 2394
f 600 2393 2392
f 2393 496 2098
f 2392 2098 495
f 2393 2098 2392
f 495 2367 2392
f 2367 592 2394
f 2392 2394 600
f 2367 2394 2392
f 599 2388 2395
f 2388 476 2391
f 2395 2391 600
f 2388 2391 2395
f 600 2391 2393
f 2391 476 2097
f 2393 2097 496
f 2391 2097 2393
f 686 2730 2740
f 2730 607 2738
f 2740 2738 687
f 2730 2738 2740
f 352 2726 2729
f 2726 685 2732
f 2729 2732 686
f 2726 2732 2729
f 686 2740 2729
f 2740 687 2734
f 2729 2734 352
f 2740 2734 2729
f 606 2423 2420
f 2423 607 2421
f 2420 2421 592
f 2423 2421 2420
f 687 2738 2737
f 2738 607 2423
f 2737 2423 606
f 2738 2423 2737
f 48 761 760
f 761 23 711
f 760 711 22
f 761 711 760
f 326 1582 1575
f 1582 327 1578
f 1575 1578 283
f 1582 1578 1575
f 326 1576 1582
f 1576 311 1581
f 1582 1581 327
f 1576 1581 1582
f 283 1531 1575
f 1531 312 1577
f 1575 1577 326
f 1531 1577 1575
f 312 1532 1577
f 1532 311 1576
f 1577 1576 326
f 1532 1576 1577
f 148 2008 1049
f 2008 461 2007
f 1049 2007 147
f 2008 2007 1049
f 147 2007 2442
f 2007 461 2443
f 2442 2443 612
f 2007 2443 2442
f 612 2775 2442
f 2775 695 2773
f 2442 2773 147
f 2775 2773 2442
f 462 2011 2012
f 2011 150 1054
f 2012 1054 151
f 2011 1054 2012
f 474 2050 2049
f 2050 151 1053
f 2049 1053 145
f 2050 1053 2049
f 474 2051 2672
f 2051 473 2671
f 2672 2671 674
f 2051 2671 2672
f 474 2049 2048
f 2049 145 1047
f 2048 1047 144
f 2049 1047 2048
f 144 2046 2048
f 2046 473 2051
f 2048 2051 474
f 2046 2051 2048
f 316 1586 1590
f 1586 328 1592
f 1590 1592 329
f 1586 1592 1590
f 305 1594 1588
f 1594 330 1597
f 1588 1597 329
f 1594 1597 1588
f 329 1591 1590
f 1591 317 1543
f 1590 1543 316
f 1591 1543 1590
f 329 1597 1591
f 1597 330 1595
f 1591 1595 317
f 1597 1595 1591
f 589 2364 2377
f 2364 581 2376
f 2377 2376 596
f 2364 2376 2377
f 586 2351 2365
f 2351 581 2364
f 2365 2364 589
f 2351 2364 2365
f 589 2441 2365
f 2441 611 2440
f 2365 2440 586
f 2441 2440 2365
f 514 2143 2257
f 2143 510 2256
f 2257 2256 568
f 2143 2256 2257
f 511 2136 2450
f 2136 512 2451
f 2450 2451 615
f 2136 2451 2450
f 615 2486 2473
f 2486 625 2488
f 2473 2488 621
f 2486 2488 2473
f 620 2487 2469
f 2487 625 2486
f 2469 2486 615
f 2487 2486 2469
f 669 2655 2656
f 2655 624 2651
f 2656 2651 668
f 2655 2651 2656
f 677 2686 2687
f 2686 561 2681
f 2687 2681 676
f 2686 2681 2687
f 676 2680 2687
f 2680 473 2684
f 2687 2684 677
f 2680 2684 2687
f 553 2239 2223
f 2239 561 2240
f 2223 2240 554
f 2239 2240 2223
f 319 1605 1553
f 1605 332 1606
f 1553 1606 320
f 1605 1606 1553
f 319 1547 1549
f 1547 286 1544
f 1549 1544 318
f 1547 1544 1549
f 292 1469 1548
f 1469 286 1547
f 1548 1547 319
f 1469 1547 1548
f 319 1553 1548
f 1553 320 1552
f 1548 1552 292
f 1553 1552 1548
f 301 1604 1598
f 1604 332 1607
f 1598 1607 331
f 1604 1607 1598
f 331 1599 1598
f 1599 303 1501
f 1598 1501 301
f 1599 1501 1598
f 330 1593 1602
f 1593 303 1599
f 1602 1599 331
f 1593 1599 1602
f 318 1596 1600
f 1596 330 1602
f 1600 1602 331
f 1596 1602 1600
f 331 1601 1600
f 1601 319 1549
f 1600 1549 318
f 1601 1549 1600
f 332 1605 1607
f 1605 319 1601
f 1607 1601 331
f 1605 1601 1607
f 320 1606 1550
f 1606 332 1603
f 1550 1603 275
f 1606 1603 1550
f 274 1554 1409
f 1554 321 1555
f 1409 1555 275
f 1554 1555 1409
f 275 1555 1550
f 1555 321 1558
f 1550 1558 320
f 1555 1558 1550
f 275 1603 1608
f 1603 332 1611
f 1608 1611 333
f 1603 1611 1608
f 333 1609 1608
f 1609 300 1498
f 1608 1498 275
f 1609 1498 1608
f 47 757 921
f 757 45 920
f 921 920 113
f 757 920 921
f 113 1000 921
f 1000 133 998
f 921 998 47
f 1000 998 921
f 47 998 762
f 998 133 999
f 762 999 48
f 998 999 762
f 47 756 755
f 756 22 710
f 755 710 21
f 756 710 755
f 48 760 762
f 760 22 756
f 762 756 47
f 760 756 762
f 42 749 748
f 749 45 751
f 748 751 44
f 749 751 748
f 42 748 1467
f 748 44 1468
f 1467 1468 292
f 748 1468 1467
f 43 750 747
f 750 45 749
f 747 749 42
f 750 749 747
f 42 742 747
f 742 39 744
f 747 744 43
f 742 744 747
f 292 1470 1467
f 1470 291 1465
f 1467 1465 42
f 1470 1465 1467
f 291 1463 1465
f 1463 39 742
f 1465 742 42
f 1463 742 1465
f 333 2438 2764
f 2438 611 2767
f 2764 2767 693
f 2438 2767 2764
f 611 2441 2767
f 2441 589 2765
f 2767 2765 693
f 2441 2765 2767
f 693 2765 2766
f 2765 589 2377
f 2766 2377 596
f 2765 2377 2766
f 646 2556 2557
f 2556 542 2206
f 2557 2206 543
f 2556 2206 2557
f 646 2560 2556
f 2560 645 2554
f 2556 2554 542
f 2560 2554 2556
f 543 2536 2557
f 2536 640 2558
f 2557 2558 646
f 2536 2558 2557
f 666 2646 2645
f 2646 665 2641
f 2645 2641 633
f 2646 2641 2645
f 546 2644 2511
f 2644 666 2645
f 2511 2645 633
f 2644 2645 2511
f 633 2517 2511
f 2517 634 2515
f 2511 2515 546
f 2517 2515 2511
f 632 2516 2512
f 2516 634 2517
f 2512 2517 633
f 2516 2517 2512
f 664 2638 2639
f 2638 632 2512
f 2639 2512 633
f 2638 2512 2639
f 633 2641 2639
f 2641 665 2642
f 2639 2642 664
f 2641 2642 2639
f 593 2414 2748
f 2414 604 2749
f 2748 2749 689
f 2414 2749 2748
f 689 2754 2748
f 2754 690 2752
f 2748 2752 593
f 2754 2752 2748
f 604 2743 2749
f 2743 688 2750
f 2749 2750 689
f 2743 2750 2749
f 688 2742 2750
f 2742 315 2747
f 2750 2747 689
f 2742 2747 2750
f 273 1534 1407
f 1534 315 1535
f 1407 1535 274
f 1534 1535 1407
f 274 1409 1407
f 1409 275 1408
f 1407 1408 273
f 1409 1408 1407
f 273 1408 1497
f 1408 275 1498
f 1497 1498 300
f 1408 1498 1497
f 273 1497 2755
f 1497 300 2756
f 2755 2756 691
f 1497 2756 2755
f 691 2759 2755
f 2759 690 2751
f 2755 2751 273
f 2759 2751 2755
f 690 2754 2751
f 2754 689 2746
f 2751 2746 273
f 2754 2746 2751
f 273 2746 1534
f 2746 689 2747
f 1534 2747 315
f 2746 2747 1534
f 314 1537 1533
f 1537 315 1536
f 1533 1536 313
f 1537 1536 1533
f 313 1536 2741
f 1536 315 2742
f 2741 2742 688
f 1536 2742 2741
f 313 2741 2725
f 2741 688 2745
f 2725 2745 685
f 2741 2745 2725
f 313 2725 1676
f 2725 685 2726
f 1676 2726 352
f 2725 2726 1676
f 352 1677 1676
f 1677 314 1533
f 1676 1533 313
f 1677 1533 1676
f 351 1671 1670
f 1671 315 1537
f 1670 1537 314
f 1671 1537 1670
f 351 1670 1675
f 1670 314 1654
f 1675 1654 346
f 1670 1654 1675
f 322 1561 1672
f 1561 315 1671
f 1672 1671 351
f 1561 1671 1672
f 351 1673 1672
f 1673 344 1647
f 1672 1647 322
f 1673 1647 1672
f 351 1675 1674
f 1675 346 1656
f 1674 1656 345
f 1675 1656 1674
f 345 1653 1674
f 1653 344 1673
f 1674 1673 351
f 1653 1673 1674
f 685 2745 2727
f 2745 688 2744
f 2727 2744 605
f 2745 2744 2727
f 605 2744 2418
f 2744 688 2743
f 2418 2743 604
f 2744 2743 2418
f 605 2418 2416
f 2418 604 2415
f 2416 2415 599
f 2418 2415 2416
f 599 2395 2416
f 2395 600 2417
f 2416 2417 605
f 2395 2417 2416
f 591 2714 2736
f 2714 683 2739
f 2736 2739 687
f 2714 2739 2736
f 687 2737 2736
f 2737 606 2419
f 2736 2419 591
f 2737 2419 2736
f 591 2419 2369
f 2419 606 2420
f 2369 2420 592
f 2419 2420 2369
f 288 1453 1454
f 1453 22 711
f 1454 711 23
f 1453 711 1454
f 288 1542 1455
f 1542 317 1541
f 1455 1541 287
f 1542 1541 1455
f 287 1450 1455
f 1450 21 1452
f 1455 1452 288
f 1450 1452 1455
f 21 710 1452
f 710 22 1453
f 1452 1453 288
f 710 1453 1452
f 288 1454 1460
f 1454 23 1456
f 1460 1456 289
f 1454 1456 1460
f 288 1460 1539
f 1460 289 1540
f 1539 1540 316
f 1460 1540 1539
f 316 1543 1539
f 1543 317 1542
f 1539 1542 288
f 1543 1542 1539
f 310 1527 1523
f 1527 311 1525
f 1523 1525 148
f 1527 1525 1523
f 148 1049 1523
f 1049 147 1522
f 1523 1522 310
f 1049 1522 1523
f 626 2490 2489
f 2490 462 2012
f 2489 2012 151
f 2490 2012 2489
f 151 2050 2489
f 2050 474 2491
f 2489 2491 626
f 2050 2491 2489
f 626 2491 2666
f 2491 474 2663
f 2666 2663 672
f 2491 2663 2666
f 149 2010 2009
f 2010 462 2013
f 2009 2013 461
f 2010 2013 2009
f 150 2011 1051
f 2011 462 2010
f 1051 2010 149
f 2011 2010 1051
f 149 2009 1050
f 2009 461 2008
f 1050 2008 148
f 2009 2008 1050
f 149 1050 1529
f 1050 148 1528
f 1529 1528 312
f 1050 1528 1529
f 277 1416 1415
f 1416 150 1051
f 1415 1051 149
f 1416 1051 1415
f 312 1530 1529
f 1530 278 1418
f 1529 1418 149
f 1530 1418 1529
f 149 1418 1415
f 1418 278 1420
f 1415 1420 277
f 1418 1420 1415
f 673 2667 2675
f 2667 474 2672
f 2675 2672 674
f 2667 2672 2675
f 672 2663 2670
f 2663 474 2667
f 2670 2667 673
f 2663 2667 2670
f 668 2651 2659
f 2651 624 2658
f 2659 2658 670
f 2651 2658 2659
f 670 2658 2662
f 2658 624 2661
f 2662 2661 671
f 2658 2661 2662
f 613 2452 2446
f 2452 615 2451
f 2446 2451 512
f 2452 2451 2446
f 513 2444 2447
f 2444 612 2448
f 2447 2448 613
f 2444 2448 2447
f 613 2446 2447
f 2446 512 2142
f 2447 2142 513
f 2446 2142 2447
f 612 2443 2448
f 2443 461 2445
f 2448 2445 613
f 2443 2445 2448
f 620 2469 2468
f 2469 615 2452
f 2468 2452 613
f 2469 2452 2468
f 624 2655 2484
f 2655 669 2654
f 2484 2654 623
f 2655 2654 2484
f 566 2652 2650
f 2652 669 2656
f 2650 2656 668
f 2652 2656 2650
f 668 2659 2650
f 2659 670 2657
f 2650 2657 566
f 2659 2657 2650
f 566 2657 2660
f 2657 670 2662
f 2660 2662 671
f 2657 2662 2660
f 671 2661 2660
f 2661 624 2483
f 2660 2483 566
f 2661 2483 2660
f 566 2478 2474
f 2478 623 2482
f 2474 2482 622
f 2478 2482 2474
f 624 2484 2483
f 2484 623 2478
f 2483 2478 566
f 2484 2478 2483
f 622 2477 2474
f 2477 621 2471
f 2474 2471 566
f 2477 2471 2474
f 621 2488 2471
f 2488 625 2485
f 2471 2485 566
f 2488 2485 2471
f 566 2485 2467
f 2485 625 2487
f 2467 2487 620
f 2485 2487 2467
f 675 2682 2677
f 2682 676 2681
f 2677 2681 561
f 2682 2681 2677
f 674 2671 2679
f 2671 473 2676
f 2679 2676 675
f 2671 2676 2679
f 473 2680 2676
f 2680 676 2682
f 2676 2682 675
f 2680 2682 2676
f 500 2323 2105
f 2323 580 2322
f 2105 2322 479
f 2323 2322 2105
f 554 2314 2309
f 2314 578 2315
f 2309 2315 577
f 2314 2315 2309
f 577 2308 2309
f 2308 553 2223
f 2309 2223 554
f 2308 2223 2309
f 580 2326 2327
f 2326 553 2308
f 2327 2308 577
f 2326 2308 2327
f 577 2315 2307
f 2315 578 2310
f 2307 2310 479
f 2315 2310 2307
f 479 2322 2307
f 2322 580 2327
f 2307 2327 577
f 2322 2327 2307
f 552 2221 2325
f 2221 553 2326
f 2325 2326 580
f 2221 2326 2325
f 580 2338 2325
f 2338 583 2336
f 2325 2336 552
f 2338 2336 2325
f 44 751 753
f 751 45 754
f 753 754 46
f 751 754 753
f 45 757 754
f 757 47 758
f 754 758 46
f 757 758 754
f 46 758 752
f 758 47 755
f 752 755 21
f 758 755 752
f 21 1447 752
f 1447 286 1449
f 752 1449 46
f 1447 1449 752
f 286 1448 1449
f 1448 44 753
f 1449 753 46
f 1448 753 1449
f 692 2760 2761
f 2760 300 1609
f 2761 1609 333
f 2760 1609 2761
f 333 2764 2761
f 2764 693 2768
f 2761 2768 692
f 2764 2768 2761
f 691 2756 2763
f 2756 300 2760
f 2763 2760 692
f 2756 2760 2763
f 596 2758 2762
f 2758 691 2763
f 2762 2763 692
f 2758 2763 2762
f 692 2768 2762
f 2768 693 2766
f 2762 2766 596
f 2768 2766 2762
f 641 2559 2541
f 2559 646 2558
f 2541 2558 640
f 2559 2558 2541
f 645 2560 2555
f 2560 646 2559
f 2555 2559 641
f 2560 2559 2555
f 647 2563 2562
f 2563 645 2555
f 2562 2555 641
f 2563 2555 2562
f 641 2565 2562
f 2565 648 2566
f 2562 2566 647
f 2565 2566 2562
f 641 2541 2540
f 2541 640 2535
f 2540 2535 542
f 2541 2535 2540
f 542 2564 2540
f 2564 648 2565
f 2540 2565 641
f 2564 2565 2540
f 608 2424 2426
f 2424 600 2422
f 2426 2422 607
f 2424 2422 2426
f 608 2425 2424
f 2425 605 2417
f 2424 2417 600
f 2425 2417 2424
f 685 2727 2728
f 2727 605 2425
f 2728 2425 608
f 2727 2425 2728
f 608 2731 2728
f 2731 686 2732
f 2728 2732 685
f 2731 2732 2728
f 607 2730 2426
f 2730 686 2731
f 2426 2731 608
f 2730 2731 2426
f 683 2714 2713
f 2714 591 2366
f 2713 2366 590
f 2714 2366 2713
f 609 2723 2429
f 2723 684 2722
f 2429 2722 590
f 2723 2722 2429
f 684 2724 2722
f 2724 683 2713
f 2722 2713 590
f 2724 2713 2722
f 590 2366 2368
f 2366 591 2369
f 2368 2369 592
f 2366 2369 2368
f 598 2430 2386
f 2430 609 2429
f 2386 2429 590
f 2430 2429 2386
f 590 2368 2386
f 2368 592 2387
f 2386 2387 598
f 2368 2387 2386
f 309 1524 1519
f 1524 310 1522
f 1519 1522 147
f 1524 1522 1519
f 147 1517 1519
f 1517 308 1521
f 1519 1521 309
f 1517 1521 1519
f 327 1581 1580
f 1581 311 1526
f 1580 1526 309
f 1581 1526 1580
f 311 1527 1526
f 1527 310 1524
f 1526 1524 309
f 1527 1524 1526
f 309 1585 1580
f 1585 328 1587
f 1580 1587 327
f 1585 1587 1580
f 307 1589 1584
f 1589 329 1592
f 1584 1592 328
f 1589 1592 1584
f 328 1585 1584
f 1585 309 1520
f 1584 1520 307
f 1585 1520 1584
f 307 1520 1518
f 1520 309 1521
f 1518 1521 308
f 1520 1521 1518
f 307 1515 1514
f 1515 306 1512
f 1514 1512 305
f 1515 1512 1514
f 305 1588 1514
f 1588 329 1589
f 1514 1589 307
f 1588 1589 1514
f 153 1510 1055
f 1510 306 1509
f 1055 1509 146
f 1510 1509 1055
f 146 1516 1048
f 1516 308 1517
f 1048 1517 147
f 1516 1517 1048
f 306 1515 1509
f 1515 307 1513
f 1509 1513 146
f 1515 1513 1509
f 146 1513 1516
f 1513 307 1518
f 1516 1518 308
f 1513 1518 1516
f 513 2139 2137
f 2139 153 1055
f 2137 1055 146
f 2139 1055 2137
f 146 2772 2137
f 2772 695 2774
f 2137 2774 513
f 2772 2774 2137
f 146 1048 2772
f 1048 147 2773
f 2772 2773 695
f 1048 2773 2772
f 461 2013 2463
f 2013 462 2464
f 2463 2464 619
f 2013 2464 2463
f 619 2465 2470
f 2465 566 2467
f 2470 2467 620
f 2465 2467 2470
f 620 2468 2470
f 2468 613 2466
f 2470 2466 619
f 2468 2466 2470
f 619 2466 2463
f 2466 613 2445
f 2463 2445 461
f 2466 2445 2463
f 696 2776 2777
f 2776 510 2135
f 2777 2135 511
f 2776 2135 2777
f 511 2450 2449
f 2450 615 2453
f 2449 2453 614
f 2450 2453 2449
f 614 2472 2475
f 2472 621 2477
f 2475 2477 622
f 2472 2477 2475
f 614 2453 2472
f 2453 615 2473
f 2472 2473 621
f 2453 2473 2472
f 584 2339 2341
f 2339 499 2331
f 2341 2331 582
f 2339 2331 2341
f 503 2114 2115
f 2114 490 2102
f 2115 2102 499
f 2114 2102 2115
f 499 2339 2115
f 2339 584 2340
f 2115 2340 503
f 2339 2340 2115
f 503 2340 2333
f 2340 584 2342
f 2333 2342 583
f 2340 2342 2333
f 580 2323 2324
f 2323 500 2118
f 2324 2118 504
f 2323 2118 2324
f 504 2334 2324
f 2334 583 2338
f 2324 2338 580
f 2334 2338 2324
f 504 2119 2334
f 2119 503 2333
f 2334 2333 583
f 2119 2333 2334
f 490 2114 2117
f 2114 503 2119
f 2117 2119 504
f 2114 2119 2117
f 479 2081 2116
f 2081 490 2117
f 2116 2117 504
f 2081 2117 2116
f 504 2118 2116
f 2118 500 2105
f 2116 2105 479
f 2118 2105 2116
f 549 2335 2345
f 2335 583 2348
f 2345 2348 585
f 2335 2348 2345
f 514 2257 2344
f 2257 568 2347
f 2344 2347 585
f 2257 2347 2344
f 585 2343 2344
f 2343 510 2143
f 2344 2143 514
f 2343 2143 2344
f 565 2337 2249
f 2337 583 2335
f 2249 2335 549
f 2337 2335 2249
f 565 2250 2337
f 2250 552 2336
f 2337 2336 583
f 2250 2336 2337
f 549 2252 2249
f 2252 566 2253
f 2249 2253 565
f 2252 2253 2249
f 565 2492 2665
f 2492 626 2666
f 2665 2666 672
f 2492 2666 2665
f 553 2221 2245
f 2221 552 2244
f 2245 2244 563
f 2221 2244 2245
f 563 2668 2674
f 2668 673 2675
f 2674 2675 674
f 2668 2675 2674
f 462 2490 2493
f 2490 626 2497
f 2493 2497 627
f 2490 2497 2493
f 627 2496 2493
f 2496 619 2464
f 2493 2464 462
f 2496 2464 2493
f 566 2465 2495
f 2465 619 2496
f 2495 2496 627
f 2465 2496 2495
f 626 2492 2497
f 2492 565 2494
f 2497 2494 627
f 2492 2494 2497
f 627 2494 2495
f 2494 565 2253
f 2495 2253 566
f 2494 2253 2495
f 694 2770 2769
f 2770 568 2256
f 2769 2256 510
f 2770 2256 2769
f 510 2776 2769
f 2776 696 2779
f 2769 2779 694
f 2776 2779 2769
f 618 2462 2460
f 2462 617 2456
f 2460 2456 511
f 2462 2456 2460
f 511 2449 2460
f 2449 614 2461
f 2460 2461 618
f 2449 2461 2460
f 618 2461 2476
f 2461 614 2475
f 2476 2475 622
f 2461 2475 2476
f 622 2482 2476
f 2482 623 2481
f 2476 2481 618
f 2482 2481 2476
f 618 2481 2462
f 2481 623 2480
f 2462 2480 617
f 2481 2480 2462
f 549 2345 2254
f 2345 585 2346
f 2254 2346 567
f 2345 2346 2254
f 567 2255 2254
f 2255 566 2252
f 2254 2252 549
f 2255 2252 2254
f 567 2346 2258
f 2346 585 2347
f 2258 2347 568
f 2346 2347 2258
f 669 2652 2653
f 2652 566 2255
f 2653 2255 567
f 2652 2255 2653
f 567 2479 2653
f 2479 623 2654
f 2653 2654 669
f 2479 2654 2653
f 568 2458 2258
f 2458 617 2457
f 2258 2457 567
f 2458 2457 2258
f 617 2480 2457
f 2480 623 2479
f 2457 2479 567
f 2480 2479 2457
f 587 2354 2353
f 2354 512 2136
f 2353 2136 511
f 2354 2136 2353
f 586 2349 2357
f 2349 512 2354
f 2357 2354 587
f 2349 2354 2357
f 582 2352 2355
f 2352 586 2357
f 2355 2357 587
f 2352 2357 2355
f 587 2356 2355
f 2356 584 2341
f 2355 2341 582
f 2356 2341 2355
f 583 2342 2360
f 2342 584 2361
f 2360 2361 588
f 2342 2361 2360
f 588 2362 2360
f 2362 585 2348
f 2360 2348 583
f 2362 2348 2360
f 584 2356 2361
f 2356 587 2363
f 2361 2363 588
f 2356 2363 2361
f 510 2343 2358
f 2343 585 2362
f 2358 2362 588
f 2343 2362 2358
f 511 2135 2359
f 2135 510 2358
f 2359 2358 588
f 2135 2358 2359
f 588 2363 2359
f 2363 587 2353
f 2359 2353 511
f 2363 2353 2359
f 564 2251 2664
f 2251 565 2665
f 2664 2665 672
f 2251 2665 2664
f 552 2250 2247
f 2250 565 2251
f 2247 2251 564
f 2250 2251 2247
f 564 2248 2247
f 2248 563 2244
f 2247 2244 552
f 2248 2244 2247
f 672 2670 2664
f 2670 673 2669
f 2664 2669 564
f 2670 2669 2664
f 673 2668 2669
f 2668 563 2248
f 2669 2248 564
f 2668 2248 2669
f 562 2246 2673
f 2246 563 2674
f 2673 2674 674
f 2246 2674 2673
f 553 2245 2242
f 2245 563 2246
f 2242 2246 562
f 2245 2246 2242
f 561 2239 2243
f 2239 553 2242
f 2243 2242 562
f 2239 2242 2243
f 674 2679 2673
f 2679 675 2678
f 2673 2678 562
f 2679 2678 2673
f 562 2678 2243
f 2678 675 2677
f 2243 2677 561
f 2678 2677 2243
f 697 2782 2780
f 2782 696 2777
f 2780 2777 511
f 2782 2777 2780
f 616 2771 2778
f 2771 694 2779
f 2778 2779 696
f 2771 2779 2778
f 616 2459 2455
f 2459 617 2458
f 2455 2458 568
f 2459 2458 2455
f 568 2770 2455
f 2770 694 2771
f 2455 2771 616
f 2770 2771 2455
f 511 2456 2454
f 2456 617 2459
f 2454 2459 616
f 2456 2459 2454
f 696 2782 2778
f 2782 697 2781
f 2778 2781 616
f 2782 2781 2778
f 616 2781 2454
f 2781 697 2780
f 2454 2780 511
f 2781 2780 2454

