# https://github.com/mikedh/trimesh
v 0.03248695 -0.02246567 0.04152926
v 0.03278912 -0.04680887 -0.00306777
v 0.03252855 -0.04671948 0.00440101
v 0.03270171 -0.04557936 0.01121358
v 0.03246131 -0.04337221 0.01804769
v 0.03244399 -0.04064590 0.02364433
v 0.03270880 -0.03945559 0.02560239
v 0.03254520 -0.03504264 0.03142650
v 0.03267590 -0.02951460 0.03674296
v 0.03272548 -0.00761063 0.04672745
v 0.03255242 -0.01487607 0.04487943
v 0.03245058 -0.00468567 0.04712817
v 0.03246607 0.01013941 0.04640305
v 0.03244613 0.01792728 0.04405924
v -0.03272003 -0.00761034 0.04672767
v -0.03243842 0.00064263 0.04742493
v -0.03254702 -0.01487604 0.04487959
v -0.03248142 -0.02246488 0.04152978
v -0.03267054 -0.02951441 0.03674321
v -0.03253970 -0.03504254 0.03142667
v -0.03270351 -0.03945555 0.02560249
v -0.03245602 -0.04337191 0.01804837
v -0.03243850 -0.04064600 0.02364409
v -0.03252315 -0.04671938 0.00440117
v -0.03269645 -0.04557926 0.01121376
v -0.03278372 -0.04680877 -0.00306756
v -0.03244042 0.01792745 0.04405937
v -0.03246078 0.01013362 0.04640468
v 0.05409974 0.00531181 0.01950320
v 0.05409341 0.00261078 0.02004832
v 0.05409215 0.00040110 0.02018005
v 0.05410163 0.00786736 0.01865239
v 0.05410233 0.00791226 0.01862807
v 0.05410216 0.00798198 0.01860145
v 0.05409951 0.00821013 0.01853306
v 0.05409843 0.00903133 0.01817459
v 0.05409024 0.01142292 0.01691281
v 0.05408072 0.01220769 0.01647183
v 0.05408709 0.01431576 0.01465087
v 0.05409688 0.01610184 0.01256699
v 0.05407067 0.01700131 0.01173245
v 0.05409207 0.01749752 0.01065504
v 0.05406535 0.01850220 0.00931683
v 0.05407158 0.01954609 0.00674217
v 0.05408174 0.01982772 0.00557016
v 0.05409261 0.02030543 0.00281764
v 0.05408242 0.02057730 0.00006616
v 0.05409363 0.02043689 -0.00121761
v 0.05409472 0.02005472 -0.00396441
v 0.05409529 0.01931786 -0.00658713
v 0.05406980 0.01906708 -0.00782173
v 0.05407327 0.01776754 -0.01031272
v 0.05409306 0.01637188 -0.01207374
v 0.05407484 0.01614237 -0.01261465
v 0.05408651 0.01531446 -0.01343199
v 0.05408070 0.01343140 -0.01531531
v 0.05408798 0.01325538 -0.01538278
v 0.05407511 0.01109453 -0.01707144
v 0.05409222 0.00992174 -0.01758336
v 0.05409337 0.00742121 -0.01870424
v 0.05408795 0.00558591 -0.01933824
v 0.05409203 0.00474366 -0.01950680
v 0.05408796 0.00357726 -0.01976420
v 0.05408078 0.00082443 -0.02007066
v 0.05407825 0.00036412 -0.02008942
v 0.05407725 -0.00236120 -0.01991221
v 0.05407631 -0.00329425 -0.01976810
v 0.05406855 -0.00600612 -0.01912976
v 0.05407671 -0.00854909 -0.01801096
v 0.05409299 -0.00969979 -0.01723503
v 0.05407926 -0.01094756 -0.01658618
v 0.05408830 -0.01152277 -0.01608477
v 0.05407908 -0.01312210 -0.01487839
v 0.05407674 -0.01334459 -0.01470053
v 0.05409192 -0.01506479 -0.01268898
v 0.05407536 -0.01681784 -0.01047614
v 0.05407269 -0.01816597 -0.00792730
v 0.05408182 -0.01853019 -0.00681133
v 0.05407523 -0.01908855 -0.00523703
v 0.05409330 -0.01942631 -0.00290520
v 0.05409480 -0.01947076 -0.00249318
v 0.05409117 -0.01962498 -0.00126583
v 0.05409033 -0.01967872 0.00012260
v 0.05407906 -0.01972641 0.00150228
v 0.05407584 -0.01936863 0.00426078
v 0.05409317 -0.01890881 0.00552015
v 0.05407149 -0.01861793 0.00701791
v 0.05409166 -0.01796306 0.00819748
v 0.05409117 -0.01670214 0.01061178
v 0.05408899 -0.01612269 0.01153577
v 0.05409447 -0.01495968 0.01298185
v 0.05408057 -0.01441184 0.01378608
v 0.05408525 -0.01239887 0.01563655
v 0.05407785 -0.01137528 0.01650314
v 0.05407483 -0.00898741 0.01800691
v 0.05408869 -0.00695628 0.01881003
v 0.05409125 -0.00634594 0.01901567
v 0.05409209 -0.00530728 0.01934758
v 0.05408890 -0.00262834 0.01997649
v 0.05503577 0.00041521 0.00010107
v 0.05490516 0.00529960 -0.00752528
v 0.05490514 0.00645891 -0.00664426
v 0.05490514 0.00746625 -0.00558299
v 0.05490518 0.00407952 -0.00818027
v 0.05490515 0.00828463 -0.00438166
v 0.05490516 0.00888944 -0.00309342
v 0.05490518 0.00927756 -0.00176111
v 0.05490524 0.00945242 -0.00044910
v 0.05490530 0.00945690 0.00054206
v 0.05490524 0.00935174 0.00155545
v 0.05490518 0.00904450 0.00284770
v 0.05490515 0.00852666 0.00412927
v 0.05490513 0.00677748 0.00654715
v 0.05490514 0.00565356 0.00748919
v 0.05490513 0.00775857 0.00540275
v 0.05490525 0.00151936 -0.00888509
v 0.05490518 0.00281134 -0.00863165
v 0.05435616 0.00043446 0.01769890
v 0.05461014 0.00255238 0.01450949
v 0.05460778 0.00474556 0.01404379
v 0.05460774 0.00685732 0.01320328
v 0.05460760 0.01067209 0.01049433
v 0.05460763 0.00886147 0.01201214
v 0.05460782 0.01225160 0.00864742
v 0.05460772 0.01432785 0.00452999
v 0.05460771 0.01349254 0.00659456
v 0.05460770 0.01407787 -0.00504862
v 0.05460752 0.01470646 -0.00290154
v 0.05460770 0.01498880 -0.00078951
v 0.05460782 0.01499716 0.00081283
v 0.05460774 0.01482567 0.00244799
v 0.05460764 0.01310250 -0.00712685
v 0.05460775 0.01178256 -0.00906133
v 0.05460772 0.01015791 -0.01077354
v 0.05460774 0.00829046 -0.01219317
v 0.05460785 0.00427842 -0.01397715
v 0.05460778 0.00632274 -0.01325002
v 0.05461067 0.00213020 -0.01435616
v 0.05490448 0.00040156 -0.00897384
v 0.05435512 0.00043803 -0.01750798
v 0.05490515 0.00441065 0.00822852
v 0.05490517 0.00310130 0.00874950
v 0.05490518 0.00177792 0.00905350
v 0.05489810 0.00040259 0.00933072
v 0.05490891 0.00041292 0.00903384
v 0.05490184 -0.00271177 0.00869389
v 0.05490184 -0.00415638 0.00802030
v 0.05490185 -0.00658920 0.00597904
v 0.05490184 -0.00750348 0.00467340
v 0.05490184 -0.00546207 0.00710611
v 0.05490184 -0.00858974 0.00168924
v 0.05490184 -0.00872872 0.00010138
v 0.05490184 -0.00817715 0.00322884
v 0.05490184 -0.00817736 -0.00302612
v 0.05490184 -0.00750379 -0.00447074
v 0.05490184 -0.00858986 -0.00148649
v 0.05490184 -0.00546256 -0.00690355
v 0.05490185 -0.00415692 -0.00781784
v 0.05490184 -0.00658959 -0.00577643
v 0.05490250 -0.00118674 -0.00888486
v 0.05490184 -0.00271233 -0.00849153
v 0.05436231 -0.00264769 -0.01715857
v 0.05436366 -0.00557391 -0.01635689
v 0.05436428 -0.00833818 -0.01505995
v 0.05436417 -0.01083966 -0.01330978
v 0.05436379 -0.01475051 -0.00865545
v 0.05436391 -0.01299990 -0.01115338
v 0.05436428 -0.01603559 -0.00588634
v 0.05436406 -0.01682785 -0.00293916
v 0.05436425 -0.01709159 0.00010165
v 0.05436409 -0.01682749 0.00314130
v 0.05436429 -0.01603513 0.00608938
v 0.05436391 -0.01475019 0.00885555
v 0.05436415 -0.01299556 0.01135637
v 0.05436399 -0.01084129 0.01351328
v 0.05436389 -0.00833889 0.01526698
v 0.05436417 -0.00557364 0.01655280
v 0.05436244 -0.00263963 0.01736064
v 0.05490237 -0.00118429 0.00909081
v -0.00585494 0.05321525 -0.07135473
v -0.00089085 -0.04064479 -0.06983744
v -0.00597754 -0.04021912 -0.07013266
v -0.00794337 -0.03988777 -0.07033105
v -0.01586910 -0.03772097 -0.07079574
v -0.01102535 -0.03922012 -0.07051640
v -0.04370263 -0.01095753 -0.07077498
v -0.04207428 -0.01447505 -0.07091585
v -0.04531161 -0.00640864 -0.07058650
v -0.04645955 -0.00164161 -0.07040641
v -0.04707998 0.00297985 -0.07024938
v -0.04702221 0.00133686 -0.06971937
v -0.04732368 0.00816442 -0.06957399
v -0.05409776 0.01918373 -0.00653750
v -0.05409020 0.01814439 -0.00915244
v -0.05409959 0.01656348 -0.01154330
v -0.05410420 0.01465202 -0.01373348
v -0.05410577 0.01241706 -0.01567680
v -0.05410512 0.00998729 -0.01726947
v -0.05410772 0.00733395 -0.01843580
v -0.05410571 0.00458205 -0.01923959
v -0.05410202 0.00175968 -0.01966965
v -0.05409879 0.00293778 0.01984094
v -0.05410080 0.00544373 0.01932981
v -0.05409816 0.00786431 0.01856322
v -0.05409765 0.00908125 0.01803943
v -0.05410388 0.01962814 0.00501936
v -0.05411191 0.02008095 0.00205836
v -0.05408015 0.01166626 0.01677846
v -0.05408718 0.01394222 0.01491261
v -0.05408420 0.01597915 0.01279564
v -0.05408809 0.01760079 0.01037651
v -0.05408269 0.01894562 0.00779866
v -0.05410106 0.02031366 -0.00075525
v -0.05411129 0.01982688 -0.00363844
v -0.05410168 -0.00144699 -0.01964529
v -0.05410089 -0.00414497 -0.01923400
v -0.05409850 -0.00691941 -0.01839859
v -0.05410541 -0.00956779 -0.01701950
v -0.05410094 -0.01198900 -0.01544001
v -0.05409784 -0.01648127 0.01062845
v -0.05410011 -0.01545057 0.01208434
v -0.05415251 -0.01019054 0.00315659
v -0.05409784 -0.01783440 0.00805092
v -0.05409812 -0.01473811 0.01301185
v -0.05409812 -0.01273074 0.01504597
v -0.05409778 -0.01043187 0.01679214
v -0.05409881 -0.01740158 -0.00875506
v -0.05409862 -0.01849934 -0.00607221
v -0.05409854 -0.01919897 -0.00327889
v -0.05410064 -0.01934045 -0.00213031
v -0.05409823 -0.01949649 -0.00035065
v -0.05409827 -0.01935006 0.00253637
v -0.05409842 -0.01878768 0.00532872
v -0.05409913 -0.01410654 -0.01350199
v -0.05410047 -0.01526240 -0.01211919
v -0.05409903 -0.01594444 -0.01122039
v -0.05409760 -0.00790435 0.01818888
v -0.05409974 -0.00637553 0.01878704
v -0.05409799 -0.00516253 0.01920622
v -0.05409856 -0.00235595 0.01980800
v -0.05409902 0.00041117 0.01999731
v -0.05343930 -0.01575631 0.01810865
v -0.05343859 -0.01202808 0.02085562
v -0.05344051 -0.02110886 -0.01093225
v -0.05344026 -0.02265224 -0.00717713
v -0.05369483 -0.01112941 -0.01960056
v -0.05345843 -0.01555737 -0.01796999
v -0.05343812 -0.01869273 -0.01476722
v -0.05343708 -0.02364674 -0.00262975
v -0.05343890 -0.02372125 0.00200828
v -0.05343953 -0.02294123 0.00642072
v -0.05343845 -0.02132709 0.01072035
v -0.05343692 -0.01890010 0.01470208
v -0.05343653 -0.00784550 0.02285302
v -0.05343995 -0.00339431 0.02398833
v -0.05344015 0.00043387 0.02429212
v -0.04608573 0.00054580 0.04068026
v -0.04970517 0.00048457 0.03479654
v -0.04610093 -0.00461538 0.04034431
v -0.04972640 -0.00504609 0.03432156
v -0.04591189 -0.00617520 0.04038542
v -0.04611011 -0.00993605 0.03930437
v -0.04973099 -0.01141842 0.03266453
v -0.04584257 -0.01341140 0.03861220
v -0.04611052 -0.01511243 0.03755776
v -0.04972740 -0.01739183 0.02983192
v -0.04610513 -0.01945960 0.03545138
v -0.04973261 -0.02274132 0.02588203
v -0.04611012 -0.02398900 0.03248842
v -0.04594716 -0.02074194 0.03495835
v -0.04598543 -0.03223072 0.02446642
v -0.04610740 -0.03137052 0.02530619
v -0.04972856 -0.02723228 0.02101122
v -0.04611323 -0.02812784 0.02891385
v -0.04582857 -0.02684422 0.03065415
v -0.04611170 -0.03443859 0.02083218
v -0.04973305 -0.03071521 0.01530354
v -0.04581415 -0.03634660 0.01816086
v -0.04610713 -0.03690712 0.01596146
v -0.04972432 -0.03304256 0.00917068
v -0.04609121 -0.03861661 0.01120707
v -0.04610698 -0.03969494 0.00619389
v -0.04973617 -0.03413484 0.00283670
v -0.04578498 -0.04047204 0.00338195
v -0.04611299 -0.04015236 0.00068375
v -0.04972700 -0.03403665 -0.00380382
v -0.04609275 -0.03992482 -0.00443834
v -0.04610635 -0.03899810 -0.00947369
v -0.04973214 -0.03262984 -0.01030532
v -0.04578692 -0.03867279 -0.01224994
v -0.04609386 -0.03735583 -0.01470184
v -0.04974522 -0.03043077 -0.01561319
v -0.04612867 -0.03531207 -0.01900644
v -0.05008673 -0.02665178 -0.02030851
v -0.05211996 0.00045269 0.02913785
v -0.05212046 -0.00417038 0.02876971
v -0.05211900 -0.00949567 0.02739587
v -0.05211899 -0.01451445 0.02501073
v -0.05211905 -0.01899334 0.02171446
v -0.05211918 -0.02275837 0.01761751
v -0.05211928 -0.02567601 0.01284789
v -0.05211978 -0.02761649 0.00769181
v -0.05211995 -0.02854929 0.00239042
v -0.05211945 -0.02845246 -0.00317246
v -0.05212022 -0.02727882 -0.00862171
v -0.05212039 -0.02542040 -0.01314693
v -0.05216411 -0.02252501 -0.01750423
v -0.05241510 -0.01834053 -0.02080167
v -0.01213655 0.05326180 -0.02542664
v -0.03463858 0.05124264 -0.01793476
v -0.04131718 0.04784868 -0.01562599
v -0.03829839 0.04993199 -0.01594244
v -0.04226116 0.04724654 -0.01437862
v -0.04065549 0.04886692 -0.01290679
v -0.04337983 0.04672024 -0.01105676
v -0.04381118 0.04674831 -0.00679917
v -0.04519674 0.04506633 -0.00714517
v -0.03047798 0.05203453 -0.01925610
v -0.02823177 0.05223866 -0.02110107
v -0.02591133 0.05242656 -0.02272658
v -0.02336500 0.05261995 -0.02393895
v -0.02063854 0.05280920 -0.02474296
v -0.01780777 0.05298244 -0.02520830
v -0.01350850 0.05321899 -0.02616271
v -0.01221104 0.05328328 -0.02609810
v -0.00793840 0.05345808 -0.02591292
v -0.00063482 0.05356090 -0.02565298
v -0.03861168 0.05030056 -0.00569399
v -0.03537531 0.05117708 -0.00507906
v -0.03263076 0.05174036 -0.01057549
v -0.03468955 0.05152469 -0.01117392
v -0.03260511 0.05183674 -0.01378904
v -0.03336542 0.05133379 -0.00467656
v -0.03222021 0.05186914 -0.01685835
v -0.03503965 0.05137328 -0.01474242
v -0.03782505 0.05055180 -0.01205476
v -0.04163619 0.04864591 -0.00633813
v -0.04406863 -0.01592076 0.03985758
v -0.04406951 -0.02079755 0.03748283
v -0.04018421 -0.02222507 0.03985846
v -0.04407741 -0.03654225 0.02204066
v -0.04408303 -0.03908716 0.01700986
v -0.04019921 -0.04161320 0.01816788
v -0.04405061 -0.02976863 0.03074087
v -0.04401679 -0.04263277 0.00080935
v -0.04418241 -0.03959281 -0.01529209
v -0.04517589 -0.03649267 -0.01942677
v -0.04406666 -0.04133951 -0.01012534
v -0.04406243 -0.04231987 -0.00470547
v -0.04404655 -0.04212635 0.00648226
v -0.04404082 -0.03340991 0.02668507
v -0.04407871 -0.02546991 0.03440532
v -0.04407322 -0.00506033 0.04272357
v -0.03579879 -0.04495568 0.01289524
v -0.04017380 -0.04360405 0.01260708
v -0.04411034 -0.04089438 0.01184278
v -0.04016791 -0.03894878 0.02344314
v -0.04011028 -0.03562801 0.02835199
v -0.03576038 -0.02806475 0.03766986
v -0.04017524 -0.02716529 0.03661280
v -0.04018307 -0.01129062 0.04432764
v -0.04019067 -0.00548491 0.04546279
v -0.04006147 -0.04511929 -0.00501311
v -0.04003051 -0.04541604 0.00091655
v -0.03578954 -0.04644499 -0.00503970
v -0.03568244 -0.04673796 0.00086668
v -0.03567888 -0.03672208 0.02916632
v -0.03576734 -0.04012732 0.02416287
v -0.03571659 -0.04289355 0.01874944
v -0.04012295 -0.03166957 0.03276769
v -0.03573877 -0.03254682 0.03381300
v -0.03571446 -0.00562793 0.04685700
v -0.03572732 -0.01161581 0.04568485
v -0.03576539 -0.01754073 0.04368742
v -0.04410177 0.00057702 0.04304444
v -0.04016619 0.00061701 0.04585420
v -0.03566811 0.00063777 0.04724959
v -0.04176234 -0.04157831 -0.01558305
v -0.04030929 -0.04400967 -0.01057999
v -0.03672666 -0.04533412 -0.01042250
v -0.03332861 -0.04664948 -0.00490440
v -0.03327284 -0.04691290 0.00079097
v -0.03402638 -0.04676141 0.00352701
v -0.04009356 -0.04489273 0.00682917
v -0.03568418 -0.04622374 0.00708382
v -0.03329177 -0.04638548 0.00718116
v -0.03331278 -0.04517349 0.01283083
v -0.03368441 -0.04467959 0.01443482
v -0.03329127 -0.04304224 0.01886110
v -0.03336974 -0.04066222 0.02360606
v -0.03331908 -0.04019145 0.02442032
v -0.03329229 -0.03688153 0.02924483
v -0.03387444 -0.03409112 0.03246460
v -0.03328243 -0.03255315 0.03406081
v -0.03331534 -0.02819121 0.03780848
v -0.03403236 -0.02562648 0.03958393
v -0.03574395 -0.02283045 0.04111672
v -0.04017348 -0.01690526 0.04245249
v -0.04408113 -0.01056845 0.04164058
v -0.03331271 -0.02283289 0.04132641
v -0.03327510 0.00064133 0.04742295
v -0.03331225 -0.00550331 0.04705338
v -0.03330187 -0.01163427 0.04586823
v -0.03387719 -0.01576058 0.04455320
v -0.03327845 -0.01780148 0.04378081
v -0.03574704 0.04253409 0.02285938
v -0.03568215 0.04538258 0.01739936
v -0.04019879 0.04410659 0.01679732
v -0.03327613 0.04553171 0.01749621
v -0.03326849 0.04277126 0.02281999
v -0.03396875 0.04140791 0.02496019
v -0.03326935 0.03901998 0.02835601
v -0.03327436 0.03454637 0.03336514
v -0.03581814 0.03442700 0.03320601
v -0.03416378 0.03193001 0.03568013
v -0.03574396 0.02931223 0.03756264
v -0.03327313 0.02929721 0.03780193
v -0.03326785 0.02398279 0.04119413
v -0.03564508 0.02390224 0.04104425
v -0.03327688 0.01792449 0.04405812
v -0.04412909 0.04360721 0.01040199
v -0.04016493 0.04628486 0.01134330
v -0.03565293 0.04760236 0.01180992
v -0.03326952 0.04775944 0.01188058
v -0.04013647 0.02323307 0.03983268
v -0.04016388 0.02858495 0.03638047
v -0.04018082 0.03347914 0.03220233
v -0.04015603 0.03775562 0.02743324
v -0.04405055 0.02193804 0.03737881
v -0.04409909 0.02691896 0.03411850
v -0.04411015 0.03152128 0.03018317
v -0.04406595 0.03553566 0.02575807
v -0.04408249 0.03893723 0.02074017
v -0.04629601 0.04269607 0.00416743
v -0.04423570 0.04514772 0.00491409
v -0.04025216 0.04795060 0.00566584
v -0.03574034 0.04929958 0.00614817
v -0.03328440 0.04944890 0.00630470
v -0.04605731 0.04142226 0.00967605
v -0.04412970 0.04154388 0.01561276
v -0.04016729 0.04129849 0.02222978
v -0.03576973 0.03884947 0.02826673
v -0.03415092 0.03678115 0.03097162
v -0.04604514 0.03947316 0.01465249
v -0.04609712 0.03691544 0.01944198
v -0.04573712 0.03554512 0.02249609
v -0.04609580 0.03359018 0.02432441
v -0.04602917 0.02995413 0.02853004
v -0.04601964 0.02561879 0.03225087
v -0.04596572 0.02084189 0.03541963
v -0.04570552 0.01849394 0.03702061
v -0.03565806 0.01786200 0.04389810
v -0.04014681 0.01736312 0.04260389
v -0.04405225 0.01631559 0.04003851
v -0.04599446 0.01542576 0.03793458
v -0.03329693 0.00944619 0.04655152
v -0.03566611 0.00942720 0.04637918
v -0.04015626 0.00916029 0.04501372
v -0.04409190 0.00862237 0.04225986
v -0.04605979 0.00814308 0.03997146
v -0.05344794 0.00958436 0.02244495
v -0.05346648 0.00722183 0.02318124
v -0.05253326 0.01087631 0.02580052
v -0.05216034 0.00852766 0.02785585
v -0.05210605 0.01134314 0.02704171
v -0.05085045 0.01254015 0.03003118
v -0.04971749 0.01016197 0.03337064
v -0.04869790 0.01407449 0.03398940
v -0.05345807 0.00492335 0.02377767
v -0.05214726 0.00579975 0.02854981
v -0.04972496 0.00683446 0.03415417
v -0.03288595 0.05084656 -0.00057600
v -0.03403779 0.05021967 0.00274428
v -0.03385594 0.05111491 -0.00272771
v -0.03619269 0.05084985 -0.00301261
v -0.03936460 0.04985900 -0.00349005
v -0.04231372 0.04811681 -0.00404982
v -0.04437950 0.04620600 -0.00452880
v -0.04571193 0.04450614 -0.00482533
v -0.03439360 0.05080464 -0.00060635
v -0.03686366 0.05043035 -0.00074354
v -0.03994716 0.04935586 -0.00112121
v -0.04277532 0.04759238 -0.00162277
v -0.04466339 0.04581514 -0.00219319
v -0.04601063 0.04407922 -0.00278072
v -0.04575053 0.04427623 -0.00041285
v -0.00497436 -0.04029571 -0.07036003
v -0.00097037 -0.04036137 -0.07111597
v -0.00956023 -0.03952348 -0.07065597
v -0.01807789 -0.03681387 -0.07106605
v -0.01384630 -0.03838891 -0.07084742
v -0.04125789 -0.01595550 -0.07112285
v -0.04312564 -0.01219708 -0.07105256
v -0.04475501 -0.00802722 -0.07089960
v -0.04599532 -0.00366192 -0.07073429
v -0.04678949 0.00075109 -0.07061270
v -0.04721093 0.00523770 -0.07031492
v -0.04712755 0.00813578 -0.07063906
v -0.04689786 0.01220780 -0.07045111
v -0.00053402 0.05388884 -0.06867319
v -0.00059821 0.05357061 -0.07069749
v -0.00194805 0.05381166 -0.06928742
v -0.00868111 0.05333334 -0.06989681
v -0.02229940 0.04936779 -0.07077741
v -0.02010833 0.05045936 -0.07019458
v -0.01770061 0.05125378 -0.07055964
v -0.01652656 0.05177387 -0.06981745
v -0.01317094 0.05254065 -0.07024105
v -0.01193218 0.05291841 -0.06950542
v -0.00721110 0.05358004 -0.06926926
v -0.03049457 0.04410781 -0.07104242
v -0.02672048 0.04711836 -0.07002448
v -0.02654918 0.04688753 -0.07127155
v -0.02531155 0.04788094 -0.07039977
v -0.02132353 0.04996152 -0.07015185
v -0.03975943 0.03336241 -0.07105133
v -0.03674047 0.03789221 -0.07057384
v -0.03727371 0.03703190 -0.07103182
v -0.03343559 0.04158224 -0.07062857
v -0.03420772 0.04065251 -0.07103949
v -0.03218804 0.04276045 -0.07066125
v -0.02950579 0.04503241 -0.07056520
v -0.04680439 0.01346425 -0.07017134
v -0.04645411 0.01579473 -0.07016845
v -0.04621415 0.01669251 -0.07055697
v -0.04586678 0.01865849 -0.07022515
v -0.04520920 0.02097642 -0.07056313
v -0.04441812 0.02369729 -0.07033109
v -0.04377144 0.02527437 -0.07071723
v -0.04248165 0.02856990 -0.07035015
v -0.04204477 0.02922500 -0.07089735
v -0.04131668 0.03085812 -0.07052334
v -0.03993837 0.03347671 -0.07009397
v -0.00656639 0.05374735 -0.05862210
v -0.00049207 0.05394247 -0.05862321
v -0.00168539 0.05393783 -0.05862360
v -0.05285992 0.02760496 -0.00245996
v -0.05372687 0.02281107 0.00379745
v -0.05272782 0.02708776 0.00663991
v -0.05315967 0.02247438 0.01282352
v -0.05302233 0.01805260 0.01913462
v -0.05128257 0.02232897 0.02254966
v -0.05347938 0.01608254 -0.01837089
v -0.04918000 0.03115146 0.01924590
v -0.00061970 0.05376791 -0.03102183
v -0.00107023 0.05375126 -0.03059769
v -0.00063119 0.05374119 -0.03003436
v -0.00351292 0.05386854 -0.05194341
v -0.00067155 0.05393007 -0.04271346
v -0.00068147 0.05393195 -0.04334407
v -0.00079248 0.05389354 -0.03785276
v -0.00069269 0.05391734 -0.04015066
v -0.00213362 0.05389166 -0.04136875
v -0.00066123 0.05392484 -0.04141474
v -0.00079739 0.05387612 -0.03663170
v -0.00076628 0.05384581 -0.03478412
v -0.00073245 0.05381113 -0.03296629
v -0.04647269 0.04234888 -0.01263003
v -0.04797814 0.04084422 -0.00296665
v -0.05217236 0.01393228 0.02557974
v -0.05011772 0.01787751 0.02914122
v -0.04757054 0.02158172 0.03224119
v -0.05353758 0.00982228 0.02180757
v -0.05279214 0.02437522 -0.01381958
v -0.05323413 0.02022779 -0.01608997
v -0.04883798 0.02642286 0.02580636
v -0.05154847 0.02687573 0.01603324
v -0.04864128 0.03579477 0.01282448
v -0.04741015 0.04027315 0.00656025
v -0.04983990 0.03632427 0.00342690
v -0.04837744 0.03960073 -0.00934782
v -0.04643779 0.04332076 -0.00659356
v -0.04623471 0.04111095 -0.01838435
v -0.04396932 0.04504638 -0.01584045
v -0.05103685 0.03154660 0.00972035
v -0.05166366 0.03197479 0.00036114
v -0.05121861 0.03262950 -0.00879868
v -0.04983424 0.03687384 -0.00593881
v -0.05000316 0.03526807 -0.01212801
v -0.04976911 0.03374927 -0.01771855
v -0.04836719 0.03816749 -0.01531777
v -0.05358397 0.02346579 -0.00504780
v -0.05213448 0.02851612 -0.01145225
v -0.05072010 0.02942682 -0.01989904
v 0.03266674 0.04825787 0.01038105
v 0.00056701 0.05356556 -0.02561568
v 0.04535794 -0.00628119 -0.07058845
v 0.04370784 -0.01095754 -0.07077599
v 0.04733001 0.00812860 -0.06957657
v 0.04713424 0.00355438 -0.07024533
v 0.04698887 0.00132437 -0.06996385
v 0.04651024 -0.00141201 -0.07040771
v 0.00054867 0.05389900 -0.06853876
v 0.00058415 0.05360278 -0.07056361
v 0.00056292 0.05393934 -0.05862376
v 0.00089227 -0.04050942 -0.07054833
v 0.00088596 -0.04071992 -0.06934272
v 0.00499290 0.05334608 -0.07105191
v 0.05403069 0.00810625 0.01919518
v 0.05402172 0.00305626 0.02058461
v 0.05402252 0.00563995 0.02007448
v 0.05401785 0.00943956 0.01869744
v 0.05397250 0.01215133 0.01747239
v 0.05399025 0.01446335 0.01550957
v 0.05398812 0.01657209 0.01331390
v 0.05399064 0.01830918 0.01079927
v 0.05399517 0.01962763 0.00809079
v 0.05402573 0.02037911 0.00516512
v 0.05404049 0.02081282 0.00211526
v 0.05401414 0.02109782 -0.00080246
v 0.05403432 0.02059607 -0.00377341
v 0.05400953 0.01995759 -0.00678900
v 0.05401119 0.01877267 -0.00948595
v 0.05401384 0.01720224 -0.01200181
v 0.05402720 0.01518787 -0.01425790
v 0.05402177 0.00475864 -0.02006553
v 0.05402139 0.00765492 -0.01922306
v 0.05403059 0.01284926 -0.01628509
v 0.05401341 0.01039772 -0.01802650
v 0.05402478 -0.00112800 -0.02043161
v 0.05402983 0.00184217 -0.02041031
v 0.05401704 -0.00153584 -0.02045583
v 0.05401159 -0.00436122 -0.02001922
v 0.05401044 -0.00723115 -0.01913300
v 0.05403650 -0.00993641 -0.01764362
v 0.05402725 -0.01247319 -0.01600068
v 0.05402590 -0.01466307 -0.01398946
v 0.05402856 -0.01585156 -0.01255831
v 0.05402667 -0.01653371 -0.01164660
v 0.05402440 -0.01804329 -0.00911350
v 0.05401749 -0.01923732 -0.00633921
v 0.05402266 -0.01993194 -0.00342844
v 0.05402334 -0.02010556 -0.00221127
v 0.05402222 -0.02024315 -0.00035914
v 0.05402515 -0.02006892 0.00262386
v 0.05401645 -0.01955465 0.00552434
v 0.05401424 -0.01856605 0.00837032
v 0.05401514 -0.01716092 0.01103869
v 0.05402627 -0.01604336 0.01253124
v 0.05401768 -0.01532827 0.01352583
v 0.05402459 -0.01321521 0.01559899
v 0.05402358 -0.01084716 0.01739877
v 0.05402213 -0.00823252 0.01885102
v 0.05401569 -0.00665181 0.01955038
v 0.05401508 -0.00536888 0.01997308
v 0.05401916 -0.00244130 0.02057164
v 0.05401801 0.00040554 0.02078097
v 0.05344388 -0.01202787 0.02085624
v 0.05344424 -0.01575790 0.01810996
v 0.05352426 -0.01169493 -0.02038396
v 0.05346291 -0.01556356 -0.01797035
v 0.05381267 -0.01076081 -0.01903791
v 0.05242047 -0.01834077 -0.02080175
v 0.05009214 -0.02665183 -0.02030865
v 0.04975061 -0.03043087 -0.01561340
v 0.04973753 -0.03262995 -0.01030546
v 0.04610046 -0.03735566 -0.01469809
v 0.04616787 -0.03526502 -0.01899178
v 0.04973239 -0.03403676 -0.00380400
v 0.04611177 -0.03899817 -0.00947386
v 0.04579237 -0.03867280 -0.01225009
v 0.04974157 -0.03413494 0.00283652
v 0.04611842 -0.04015241 0.00068359
v 0.04609805 -0.03992506 -0.00443848
v 0.04972971 -0.03304267 0.00917054
v 0.04611233 -0.03969509 0.00619377
v 0.04579035 -0.04047216 0.00338180
v 0.04973844 -0.03071532 0.01530336
v 0.04611254 -0.03690717 0.01596131
v 0.04609665 -0.03861662 0.01120691
v 0.04611279 -0.03137060 0.02530606
v 0.04599078 -0.03223087 0.02446632
v 0.04973396 -0.02723238 0.02101103
v 0.04611703 -0.03443877 0.02083206
v 0.04581953 -0.03634672 0.01816067
v 0.04611862 -0.02812799 0.02891364
v 0.04973801 -0.02274141 0.02588188
v 0.04583386 -0.02684446 0.03065406
v 0.04611551 -0.02398907 0.03248827
v 0.04973281 -0.01739191 0.02983173
v 0.04595262 -0.02074199 0.03495809
v 0.04973638 -0.01141853 0.03266434
v 0.04611584 -0.01511252 0.03755773
v 0.04611055 -0.01945972 0.03545115
v 0.04610713 -0.00461439 0.04034309
v 0.04591736 -0.00617538 0.04038513
v 0.04973087 -0.00504616 0.03432319
v 0.04611550 -0.00993616 0.03930419
v 0.04584791 -0.01341144 0.03861213
v 0.05346197 0.00043736 0.02421159
v 0.05344556 -0.00339603 0.02398692
v 0.05344211 -0.00784536 0.02285201
v 0.05344212 -0.01890112 0.01470225
v 0.05344417 -0.02372190 0.00200837
v 0.05344484 -0.02294165 0.00642071
v 0.05344385 -0.02132721 0.01072002
v 0.05344226 -0.02364781 -0.00263000
v 0.05344559 -0.02265253 -0.00717765
v 0.05344581 -0.02110970 -0.01093191
v 0.05344266 -0.01869651 -0.01476911
v 0.04609256 0.00054487 0.04067807
v 0.04973316 0.00048522 0.03475246
v 0.05215029 0.00045799 0.02906431
v 0.05212543 -0.00417234 0.02877048
v 0.05212439 -0.00949578 0.02739569
v 0.05212438 -0.01451454 0.02501057
v 0.05212444 -0.01899343 0.02171429
v 0.05212457 -0.02275846 0.01761734
v 0.05212467 -0.02567612 0.01284774
v 0.05212518 -0.02761657 0.00769162
v 0.05212534 -0.02854937 0.00239024
v 0.05212485 -0.02845256 -0.00317264
v 0.05212562 -0.02727891 -0.00862189
v 0.05212579 -0.02542050 -0.01314711
v 0.05216950 -0.02252512 -0.01750438
v 0.01216114 0.05326174 -0.02544803
v 0.00884581 0.05342570 -0.02592722
v 0.01356747 0.05321583 -0.02616367
v 0.01222760 0.05328260 -0.02610870
v 0.01781234 0.05298234 -0.02520522
v 0.02064478 0.05280905 -0.02474331
v 0.02337074 0.05261983 -0.02393992
v 0.02591694 0.05242645 -0.02272718
v 0.02823630 0.05223865 -0.02110050
v 0.03048993 0.05203358 -0.01925989
v 0.03464600 0.05124195 -0.01793408
v 0.03851922 0.04980262 -0.01598606
v 0.04018664 0.04825250 -0.01787499
v 0.04199119 0.04747501 -0.01454057
v 0.04078903 0.04877085 -0.01291823
v 0.04368566 0.04653671 -0.01011914
v 0.04381233 0.04675519 -0.00676196
v 0.04522105 0.04504530 -0.00710450
v 0.03337055 0.05133372 -0.00467703
v 0.03538090 0.05117695 -0.00507927
v 0.03263456 0.05174032 -0.01057501
v 0.03261070 0.05183662 -0.01378932
v 0.03469567 0.05152446 -0.01117428
v 0.03861698 0.05030049 -0.00569415
v 0.04163924 0.04864760 -0.00633304
v 0.03783123 0.05055134 -0.01205523
v 0.03222591 0.05186902 -0.01685741
v 0.03504555 0.05137303 -0.01474276
v 0.04407849 -0.00506045 0.04272355
v 0.03403788 -0.02562648 0.03958383
v 0.03332084 -0.02819144 0.03780822
v 0.03576619 -0.02806483 0.03766964
v 0.04407517 -0.02079756 0.03748241
v 0.04525321 -0.03641645 -0.01939396
v 0.04418624 -0.03959556 -0.01528957
v 0.04176735 -0.04157859 -0.01558349
v 0.04407196 -0.04133970 -0.01012554
v 0.03673089 -0.04533449 -0.01042263
v 0.03579472 -0.04644512 -0.00503995
v 0.03333385 -0.04664955 -0.00490481
v 0.03568801 -0.04673802 0.00086645
v 0.03327844 -0.04691301 0.00079076
v 0.04406790 -0.04231988 -0.00470560
v 0.04402205 -0.04263302 0.00080919
v 0.04405212 -0.04212627 0.00648205
v 0.03403188 -0.04676151 0.00352680
v 0.03568935 -0.04622388 0.00708366
v 0.03329694 -0.04638557 0.00718104
v 0.03580418 -0.04495578 0.01289512
v 0.03331790 -0.04517360 0.01283062
v 0.04411577 -0.04089445 0.01184263
v 0.04408845 -0.03908724 0.01700967
v 0.04408285 -0.03654230 0.02204048
v 0.04404619 -0.03341000 0.02668493
v 0.04031449 -0.04400985 -0.01058020
v 0.04006703 -0.04511931 -0.00501333
v 0.04003564 -0.04541625 0.00091643
v 0.04009917 -0.04489273 0.00682903
v 0.04017929 -0.04360411 0.01260687
v 0.04020440 -0.04161340 0.01816773
v 0.04017345 -0.03894883 0.02344293
v 0.04011555 -0.03562815 0.02835187
v 0.03572213 -0.04289362 0.01874925
v 0.03577256 -0.04012745 0.02416272
v 0.03568409 -0.03672219 0.02916617
v 0.03387988 -0.03409120 0.03246444
v 0.03329768 -0.03688165 0.02924461
v 0.03332431 -0.04019158 0.02442011
v 0.03337516 -0.04066237 0.02360578
v 0.03329698 -0.04304235 0.01886092
v 0.03368978 -0.04467971 0.01443462
v 0.03328769 -0.03255322 0.03406065
v 0.03574423 -0.03254692 0.03381281
v 0.04012842 -0.03166963 0.03276750
v 0.04405589 -0.02976883 0.03074074
v 0.04018092 -0.02716532 0.03661249
v 0.04408409 -0.02547003 0.03440515
v 0.04018944 -0.02222521 0.03985839
v 0.03574890 -0.02283059 0.04111660
v 0.03331816 -0.02283301 0.04132621
v 0.04407391 -0.01592088 0.03985752
v 0.04017914 -0.01690530 0.04245220
v 0.03577115 -0.01754073 0.04368724
v 0.03330728 -0.01163438 0.04586805
v 0.03388241 -0.01576052 0.04455309
v 0.03328391 -0.01780148 0.04378071
v 0.04408652 -0.01056852 0.04164042
v 0.04018838 -0.01129076 0.04432750
v 0.04019575 -0.00548504 0.04546277
v 0.03573261 -0.01161588 0.04568469
v 0.03572010 -0.00562814 0.04685677
v 0.03567353 0.00063766 0.04724941
v 0.04017163 0.00061693 0.04585400
v 0.04410703 0.00057695 0.04304439
v 0.03332344 -0.00550764 0.04705263
v 0.03328103 0.00064206 0.04742275
v 0.03327360 0.02398269 0.04119397
v 0.03565073 0.02390226 0.04104397
v 0.03574929 0.02931207 0.03756251
v 0.03719859 0.04904091 0.00598393
v 0.03481970 0.04940845 0.00618091
v 0.03566926 0.04759026 0.01183907
v 0.03323939 0.04946021 0.00626402
v 0.03331043 0.04772064 0.01198808
v 0.04301189 0.04623991 0.00515929
v 0.04022548 0.04797035 0.00565046
v 0.04017072 0.04627641 0.01136648
v 0.04413913 0.04359767 0.01041499
v 0.04491629 0.04444772 0.00471023
v 0.04408780 0.03893718 0.02074011
v 0.04605059 0.03947298 0.01465227
v 0.04413512 0.04154376 0.01561260
v 0.04606383 0.04141972 0.00967801
v 0.04633998 0.04263942 0.00415219
v 0.03415609 0.03678109 0.03097142
v 0.03582354 0.03442691 0.03320586
v 0.03577512 0.03884938 0.02826658
v 0.03328147 0.04553160 0.01749604
v 0.03568735 0.04538251 0.01739920
v 0.03327401 0.04277117 0.02281980
v 0.03575241 0.04253399 0.02285920
v 0.03397417 0.04140783 0.02495999
v 0.03327454 0.03901988 0.02835583
v 0.03327979 0.03454633 0.03336494
v 0.03416937 0.03192984 0.03568003
v 0.03327856 0.02929704 0.03780179
v 0.04020403 0.04410654 0.01679723
v 0.04017240 0.04129851 0.02222968
v 0.04016171 0.03775545 0.02743294
v 0.04018652 0.03347893 0.03220207
v 0.04016897 0.02858493 0.03638042
v 0.04014129 0.02323369 0.03983243
v 0.04407131 0.03553559 0.02575791
v 0.04411578 0.03152104 0.03018279
v 0.04410443 0.02691888 0.03411840
v 0.04405607 0.02193845 0.03737823
v 0.04571620 0.01849118 0.03701413
v 0.04597129 0.02084167 0.03541924
v 0.04602516 0.02561860 0.03225055
v 0.04603453 0.02995406 0.02852990
v 0.04610111 0.03359017 0.02432432
v 0.04574255 0.03554499 0.02249589
v 0.04610257 0.03691528 0.01944176
v 0.03328089 0.01792446 0.04405794
v 0.03565505 0.01786278 0.04389909
v 0.04014443 0.01736520 0.04260777
v 0.04406445 0.01631353 0.04003333
v 0.04600904 0.01542079 0.03792263
v 0.04606537 0.00814344 0.03997093
v 0.04409752 0.00862166 0.04225957
v 0.04016155 0.00915943 0.04501374
v 0.03567166 0.00942671 0.04637905
v 0.03330247 0.00944615 0.04655135
v 0.04875088 0.01404698 0.03391219
v 0.04972363 0.01017725 0.03336468
v 0.05216305 0.00854889 0.02785790
v 0.05111471 0.01231477 0.02947655
v 0.05346929 0.00720084 0.02319975
v 0.05269041 0.01072066 0.02531449
v 0.05375312 0.00892420 0.02094055
v 0.05346293 0.00492156 0.02378036
v 0.05215247 0.00579621 0.02855079
v 0.04973079 0.00683280 0.03415341
v 0.03289126 0.05084637 -0.00057564
v 0.03404394 0.05021927 0.00274418
v 0.04571734 0.04450600 -0.00482549
v 0.04438477 0.04620604 -0.00452895
v 0.04231900 0.04811679 -0.00404992
v 0.03937022 0.04985880 -0.00349028
v 0.03619816 0.05084974 -0.00301283
v 0.03386122 0.05111481 -0.00272784
v 0.04601598 0.04407918 -0.00278087
v 0.04466814 0.04581557 -0.00219089
v 0.04278173 0.04759131 -0.00162167
v 0.03995297 0.04935559 -0.00112169
v 0.03686876 0.05043041 -0.00074422
v 0.03439891 0.05080446 -0.00060592
v 0.04575034 0.04428318 -0.00040914
v 0.04130608 -0.01587865 -0.07111481
v 0.04310784 -0.01224801 -0.07105574
v 0.01085612 -0.03927230 -0.07049993
v 0.00940732 -0.03956510 -0.07061028
v 0.01385057 -0.03838932 -0.07084767
v 0.00615777 -0.04018988 -0.07019316
v 0.00493010 -0.04030495 -0.07033764
v 0.01808836 -0.03681157 -0.07106738
v 0.01582591 -0.03774023 -0.07079649
v 0.04678233 0.00074042 -0.07066296
v 0.04600371 -0.00365232 -0.07073092
v 0.04475225 -0.00805075 -0.07090137
v 0.04720920 0.00530346 -0.07030474
v 0.04713408 0.00809812 -0.07063997
v 0.00866789 0.05329218 -0.07014371
v 0.04621207 0.01666331 -0.07061619
v 0.04525429 0.02082894 -0.07056665
v 0.04385585 0.02507874 -0.07069433
v 0.04208711 0.02919887 -0.07080426
v 0.03987232 0.03326048 -0.07089558
v 0.03718445 0.03708669 -0.07119737
v 0.03412851 0.04075260 -0.07101216
v 0.03057576 0.04405513 -0.07101130
v 0.02653307 0.04688672 -0.07131658
v 0.02227793 0.04938006 -0.07077993
v 0.01777140 0.05122826 -0.07057347
v 0.01290923 0.05245103 -0.07090525
v 0.04689140 0.01223737 -0.07049408
v 0.04698139 0.01277372 -0.06967278
v 0.04647402 0.01572834 -0.07013329
v 0.04609760 0.01766457 -0.07016999
v 0.04488012 0.02229445 -0.07030384
v 0.04319185 0.02690355 -0.07045079
v 0.04138633 0.03073070 -0.07053286
v 0.04103642 0.03137218 -0.07056774
v 0.03881560 0.03503611 -0.07061937
v 0.03733883 0.03727121 -0.07018431
v 0.03588328 0.03891675 -0.07066705
v 0.03289414 0.04211545 -0.07062955
v 0.02933315 0.04516607 -0.07058742
v 0.02668690 0.04713117 -0.07008593
v 0.02523694 0.04792519 -0.07041643
v 0.02105185 0.05007940 -0.07015106
v 0.01672972 0.05170799 -0.06985356
v 0.01401091 0.05244543 -0.06976806
v 0.01202235 0.05290579 -0.06946408
v 0.00754808 0.05355493 -0.06922136
v 0.00244978 0.05380889 -0.06926987
v 0.00581390 0.05380383 -0.05862301
v 0.00065815 0.05374297 -0.03002741
v 0.00072450 0.05383895 -0.03401222
v 0.00044933 0.05383678 -0.03381809
v 0.00070496 0.05383136 -0.03361620
v 0.00065747 0.05392436 -0.04231373
v 0.00065719 0.05392521 -0.04250161
v 0.00067375 0.05392595 -0.04271894
v 0.00063428 0.05393683 -0.04877778
v 0.00068530 0.05377104 -0.03102930
v 0.00074718 0.05388270 -0.03668394
v 0.00070602 0.05390237 -0.03846335
v 0.00066401 0.05391403 -0.04018003
v 0.04395754 0.04506995 -0.01583019
v 0.05273321 0.02708766 0.00663972
v 0.05373231 0.02281089 0.00379630
v 0.05286532 0.02760486 -0.00246014
v 0.00114176 0.05374930 -0.03058265
v 0.05382415 -0.00373295 -0.02152783
v 0.05279768 0.02437427 -0.01381991
v 0.05323992 0.02022604 -0.01608877
v 0.05348490 0.01608162 -0.01837075
v 0.05358994 0.02346262 -0.00504698
v 0.05316577 0.02247140 0.01282236
v 0.05302896 0.01804941 0.01913072
v 0.05348057 0.00988100 0.02212924
v 0.05217569 0.01391752 0.02559536
v 0.05012295 0.01787320 0.02914402
v 0.04884336 0.02642276 0.02580623
v 0.04918538 0.03115137 0.01924575
v 0.04864667 0.03579468 0.01282434
v 0.04798353 0.04084413 -0.00296684
v 0.04644318 0.04332065 -0.00659373
v 0.00210251 0.05389288 -0.04137068
v 0.00340327 0.05387260 -0.05195463
v 0.04757591 0.02158144 0.03224117
v 0.05128796 0.02232886 0.02254951
v 0.05155386 0.02687564 0.01603309
v 0.04741554 0.04027304 0.00656009
v 0.04984529 0.03632417 0.00342676
v 0.05166905 0.03197469 0.00036096
v 0.05104224 0.03154650 0.00972020
v 0.04983963 0.03687374 -0.00593896
v 0.04838284 0.03960063 -0.00934796
v 0.04647966 0.04234424 -0.01263945
v 0.05213988 0.02851602 -0.01145243
v 0.05122400 0.03262940 -0.00879882
v 0.04624072 0.04111011 -0.01838373
v 0.04977604 0.03374629 -0.01771526
v 0.04837254 0.03816777 -0.01531706
v 0.05000855 0.03526798 -0.01212816
v 0.05072651 0.02942281 -0.01989939
v -0.00000007 -0.02673165 -0.11394753
v -0.00852800 -0.02560526 -0.11395111
v -0.01639631 -0.02229025 -0.11400174
v -0.02323977 -0.01698118 -0.11404559
v -0.02851420 -0.01018095 -0.11400317
v -0.03180256 -0.00228971 -0.11398500
v -0.03290916 0.00622860 -0.11399938
v -0.03175396 0.01470773 -0.11403676
v -0.02841368 0.02258523 -0.11410488
v -0.02314421 0.02935167 -0.11416233
v -0.01633469 0.03457429 -0.11416415
v -0.00842807 0.03792074 -0.11410242
v -0.00000006 0.03908248 -0.11405405
v 0.00842835 0.03792082 -0.11410229
v 0.01633423 0.03457440 -0.11416426
v 0.02314370 0.02935129 -0.11416283
v 0.02841228 0.02258507 -0.11410592
v 0.03175309 0.01470703 -0.11403760
v 0.03290843 0.00622860 -0.11399999
v 0.03180177 -0.00228953 -0.11398568
v 0.02851370 -0.01018097 -0.11400352
v 0.02323960 -0.01698105 -0.11404576
v 0.01639625 -0.02228999 -0.11400194
v 0.00852784 -0.02560507 -0.11395129
v 0.03244618 0.01385843 0.04531403
v 0.00000273 -0.00757361 0.04673727
v 0.00000268 -0.00255852 0.04726474
v 0.00000273 -0.01489869 0.04487261
v 0.00000272 -0.02248346 0.04152007
v 0.00000271 -0.02948764 0.03676830
v 0.00000270 -0.03503602 0.03143472
v 0.00000270 -0.03948547 0.02556173
v 0.00000269 -0.04336947 0.01805493
v 0.00000269 -0.04064602 0.02364408
v 0.00000268 -0.04672162 0.00438211
v 0.00000268 -0.04557335 0.01125079
v 0.00000267 -0.04681094 -0.00310480
v 0.00000274 0.01792747 0.04405926
v 0.00000274 0.01012736 0.04640611
v 0.00000274 0.01385852 0.04531412
v -0.03244044 0.01385860 0.04531418
v 0.05410627 0.00395390 0.01968894
v 0.05409216 0.00151424 0.02012196
v 0.05410423 0.00661015 0.01903892
v 0.05410241 0.00790671 0.01862951
v 0.05410233 0.00794606 0.01861431
v 0.05410204 0.00808223 0.01856105
v 0.05409884 0.00860045 0.01836494
v 0.05410020 0.01021017 0.01749445
v 0.05409583 0.01176335 0.01662154
v 0.05410421 0.01311676 0.01545115
v 0.05410384 0.01512505 0.01354497
v 0.05409510 0.01647551 0.01209497
v 0.05409068 0.01718870 0.01114702
v 0.05409840 0.01785169 0.00991342
v 0.05410601 0.01872856 0.00790598
v 0.05407937 0.01967006 0.00614028
v 0.05410218 0.01994249 0.00415162
v 0.05410907 0.02025019 0.00140100
v 0.05410522 0.02035515 -0.00056711
v 0.05410474 0.02015848 -0.00253763
v 0.05409731 0.01966937 -0.00526693
v 0.05409479 0.01909966 -0.00716475
v 0.05410991 0.01812645 -0.00890321
v 0.05410476 0.01691040 -0.01109233
v 0.05409139 0.01621331 -0.01230015
v 0.05408424 0.01571050 -0.01299995
v 0.05410873 0.01420088 -0.01422790
v 0.05408635 0.01332638 -0.01534187
v 0.05410935 0.01203038 -0.01602622
v 0.05409702 0.01045617 -0.01722713
v 0.05409407 0.00868168 -0.01812910
v 0.05409392 0.00647823 -0.01900108
v 0.05409168 0.00514936 -0.01941186
v 0.05409298 0.00416046 -0.01960968
v 0.05409429 0.00218930 -0.01983537
v 0.05407846 0.00058296 -0.02008955
v 0.05409133 -0.00097140 -0.01988933
v 0.05407536 -0.00282661 -0.01985314
v 0.05408749 -0.00460984 -0.01933412
v 0.05409104 -0.00724443 -0.01842169
v 0.05409300 -0.00911036 -0.01755404
v 0.05409293 -0.01029094 -0.01686359
v 0.05408771 -0.01122104 -0.01630514
v 0.05407818 -0.01322826 -0.01479142
v 0.05407989 -0.01833169 -0.00735464
v 0.05409677 -0.01866072 -0.00598200
v 0.05409924 -0.01913246 -0.00404147
v 0.05409335 -0.01945586 -0.00269454
v 0.05409861 -0.01949746 -0.00187751
v 0.05409915 -0.01957709 -0.00057722
v 0.05408865 -0.01966995 0.00080415
v 0.05409543 -0.01904836 0.00487072
v 0.05409108 -0.01869667 0.00624315
v 0.05409243 -0.01821116 0.00756642
v 0.05408910 -0.01735049 0.00941765
v 0.05409419 -0.01637335 0.01106975
v 0.05410025 -0.01547643 0.01221901
v 0.05409519 -0.01464683 0.01332958
v 0.05408327 -0.01188130 0.01605714
v 0.05410185 -0.00787772 0.01826055
v 0.05409207 -0.00663755 0.01889907
v 0.05409092 -0.00584644 0.01918291
v 0.05409646 -0.00109264 0.02003189
v 0.05409243 -0.00396812 0.01964724
v 0.05497329 0.00283349 -0.00367477
v 0.05497329 0.00340742 -0.00323839
v 0.05490558 0.00587225 -0.00707649
v 0.05497329 0.00390615 -0.00271298
v 0.05490557 0.00695466 -0.00610606
v 0.05497329 0.00222957 -0.00399927
v 0.05490558 0.00468384 -0.00784380
v 0.05497329 0.00431140 -0.00211825
v 0.05490558 0.00786659 -0.00497598
v 0.05497329 0.00461098 -0.00148049
v 0.05490558 0.00857750 -0.00373254
v 0.05497329 0.00480337 -0.00082087
v 0.05490558 0.00907359 -0.00242366
v 0.05497329 0.00489092 -0.00017096
v 0.05490558 0.00935577 -0.00110100
v 0.05497329 0.00489386 0.00031946
v 0.05490560 0.00944583 0.00004872
v 0.05497329 0.00484102 0.00082092
v 0.05490560 0.00939575 0.00104541
v 0.05497329 0.00468799 0.00146095
v 0.05490558 0.00918924 0.00219681
v 0.05497329 0.00443130 0.00209526
v 0.05490558 0.00877614 0.00348345
v 0.05497329 0.00356501 0.00329233
v 0.05497329 0.00300870 0.00375879
v 0.05490557 0.00620809 0.00701000
v 0.05497329 0.00405073 0.00272568
v 0.05490557 0.00813371 0.00475957
v 0.05490557 0.00725950 0.00596785
v 0.05497329 0.00096093 -0.00434937
v 0.05497329 0.00160172 -0.00422290
v 0.05490558 0.00344151 -0.00839637
v 0.05490558 0.00216185 -0.00874934
v 0.05423457 0.00293344 0.01853645
v 0.05422612 0.00158905 0.01886311
v 0.05421905 0.00040003 0.01899559
v 0.05421985 -0.00109677 0.01887791
v 0.05435260 0.00397899 0.01705143
v 0.05448185 0.00151843 0.01612779
v 0.05435231 0.00504641 0.01680792
v 0.05435227 0.00634191 0.01638509
v 0.05460867 0.00367607 0.01428057
v 0.05435322 0.00735778 0.01597043
v 0.05435315 0.00736347 0.01596902
v 0.05435299 0.00740226 0.01595503
v 0.05435262 0.00752001 0.01591027
v 0.05435212 0.00796691 0.01571445
v 0.05435225 0.00915062 0.01504775
v 0.05460872 0.00579631 0.01361498
v 0.05435229 0.01246537 0.01257256
v 0.05435236 0.01340346 0.01154898
v 0.05476000 0.00871361 0.00850866
v 0.05435257 0.01012941 0.01446066
v 0.05435224 0.01051335 0.01420041
v 0.05435226 0.01155620 0.01333905
v 0.05475987 0.00782857 0.00925720
v 0.05476000 0.00724783 0.00973774
v 0.05460856 0.00785354 0.01260128
v 0.05460840 0.00976160 0.01124823
v 0.05435266 0.01417778 0.01063986
v 0.05435229 0.01455932 0.01013593
v 0.05435289 0.01488864 0.00962479
v 0.05475986 0.00949232 0.00760811
v 0.05476000 0.00999302 0.00701607
v 0.05460865 0.01145531 0.00956452
v 0.05435246 0.01685020 0.00562762
v 0.05435251 0.01704323 0.00501118
v 0.05475989 0.01183539 0.00301761
v 0.05476000 0.01167194 0.00368415
v 0.05435287 0.01548838 0.00863186
v 0.05435222 0.01590423 0.00790327
v 0.05435220 0.01644148 0.00664814
v 0.05475988 0.01126699 0.00469652
v 0.05476000 0.01099544 0.00535564
v 0.05475987 0.01060517 0.00601171
v 0.05460875 0.01286426 0.00761481
v 0.05460848 0.01390404 0.00555798
v 0.05435241 0.01671807 -0.00580695
v 0.05435260 0.01648082 -0.00641279
v 0.05475988 0.01116230 -0.00472990
v 0.05476000 0.01146908 -0.00406598
v 0.05435225 0.01739741 -0.00341827
v 0.05435219 0.01703061 -0.00474787
v 0.05475988 0.01178056 -0.00301376
v 0.05476000 0.01197596 -0.00232829
v 0.05460842 0.01438469 -0.00397240
v 0.05435247 0.01774330 -0.00036900
v 0.05435224 0.01772306 -0.00100005
v 0.05435204 0.01754735 -0.00234345
v 0.05475989 0.01211998 -0.00128805
v 0.05476000 0.01220657 -0.00061773
v 0.05475994 0.01221216 -0.00010325
v 0.05460826 0.01484221 -0.00183869
v 0.05435191 0.01766520 0.00178558
v 0.05435205 0.01775175 0.00043478
v 0.05476000 0.01221443 0.00067663
v 0.05460856 0.01498406 0.00001663
v 0.05435215 0.01729449 0.00397856
v 0.05435218 0.01757198 0.00263232
v 0.05475994 0.01213292 0.00147391
v 0.05476000 0.01207490 0.00199953
v 0.05460855 0.01456971 0.00348199
v 0.05460849 0.01490419 0.00162464
v 0.05435227 0.01600379 -0.00743823
v 0.05435231 0.01537026 -0.00867814
v 0.05435262 0.01474001 -0.00960558
v 0.05476000 0.01067980 -0.00574617
v 0.05460860 0.01358204 -0.00608311
v 0.05435252 0.01410170 -0.01054282
v 0.05435225 0.01390890 -0.01079387
v 0.05435275 0.01350925 -0.01125204
v 0.05475987 0.00909760 -0.00786213
v 0.05476000 0.00961214 -0.00731296
v 0.05475987 0.01003736 -0.00669752
v 0.05460848 0.01243651 -0.00808978
v 0.05435236 0.01271437 -0.01209563
v 0.05435199 0.01177159 -0.01300733
v 0.05435269 0.01166794 -0.01308497
v 0.05475987 0.00770445 -0.00915471
v 0.05476000 0.00829823 -0.00869717
v 0.05460871 0.01096303 -0.00991090
v 0.05435227 0.01076458 -0.01377765
v 0.05435214 0.00965893 -0.01457384
v 0.05435279 0.00910625 -0.01488777
v 0.05476000 0.00678651 -0.00984664
v 0.05460858 0.00921820 -0.01147757
v 0.05435255 0.00585028 -0.01634870
v 0.05435221 0.00492921 -0.01664427
v 0.05435268 0.00448581 -0.01674728
v 0.05476000 0.00354102 -0.01129095
v 0.05435222 0.00813803 -0.01541412
v 0.05435223 0.00687409 -0.01598679
v 0.05475988 0.00582390 -0.01036892
v 0.05476000 0.00519525 -0.01070174
v 0.05475989 0.00454363 -0.01093826
v 0.05460871 0.00730034 -0.01271389
v 0.05460868 0.00529663 -0.01360568
v 0.05476000 0.00185720 -0.01162364
v 0.05475989 0.00251865 -0.01149679
v 0.05460881 0.00323213 -0.01417335
v 0.05497317 0.00041167 -0.00438616
v 0.05490548 0.00096498 -0.00891298
v 0.05475883 0.00122895 -0.01168424
v 0.05423666 0.00266057 -0.01837647
v 0.05422851 0.00206135 -0.01857368
v 0.05421966 0.00065258 -0.01878470
v 0.05421810 0.00035860 -0.01879797
v 0.05421990 -0.00097916 -0.01869194
v 0.05447022 0.00246230 -0.01587050
v 0.05448120 0.00131840 -0.01596053
v 0.05497329 0.00239341 0.00412495
v 0.05490558 0.00502621 0.00784973
v 0.05475988 0.00459336 0.01111887
v 0.05476000 0.00562684 0.01070242
v 0.05475987 0.00661056 0.01012255
v 0.05497329 0.00174519 0.00438309
v 0.05476000 0.00391915 0.01138252
v 0.05490558 0.00375144 0.00847935
v 0.05497329 0.00108990 0.00453380
v 0.05476000 0.00219296 0.01177959
v 0.05475989 0.00323859 0.01154343
v 0.05490558 0.00243682 0.00889145
v 0.05475842 0.00142927 0.01186692
v 0.05489924 0.00110823 0.00925481
v 0.05497329 0.00041357 0.00458482
v 0.05490909 0.00108688 0.00897718
v 0.05490413 0.00041240 0.00918600
v 0.05497317 -0.00111916 0.00431775
v 0.05497317 -0.00182805 0.00398721
v 0.05490254 -0.00342767 0.00834336
v 0.05497317 -0.00302189 0.00298552
v 0.05497317 -0.00347055 0.00234481
v 0.05490254 -0.00703393 0.00531752
v 0.05497317 -0.00246878 0.00353860
v 0.05490254 -0.00480053 0.00755079
v 0.05490254 -0.00601491 0.00653186
v 0.05497317 -0.00400360 0.00088042
v 0.05497317 -0.00407180 0.00010122
v 0.05490254 -0.00864413 0.00089399
v 0.05497317 -0.00380114 0.00163594
v 0.05490254 -0.00782658 0.00394471
v 0.05490254 -0.00836880 0.00245512
v 0.05497317 -0.00380124 -0.00143351
v 0.05497317 -0.00347070 -0.00214242
v 0.05490254 -0.00782683 -0.00374203
v 0.05497317 -0.00400366 -0.00067798
v 0.05490254 -0.00864419 -0.00069124
v 0.05490254 -0.00836897 -0.00225237
v 0.05497317 -0.00246903 -0.00333625
v 0.05497317 -0.00182832 -0.00378491
v 0.05490254 -0.00480106 -0.00734826
v 0.05497317 -0.00302209 -0.00278315
v 0.05490254 -0.00703428 -0.00511489
v 0.05490254 -0.00601534 -0.00632928
v 0.05497317 -0.00036392 -0.00431796
v 0.05475447 0.00035527 -0.01168295
v 0.05490465 -0.00037258 -0.00890241
v 0.05497317 -0.00111942 -0.00411551
v 0.05490254 -0.00342821 -0.00814096
v 0.05490254 -0.00193861 -0.00868317
v 0.05422029 -0.00246487 -0.01855729
v 0.05421920 -0.00299246 -0.01848127
v 0.05422015 -0.00431153 -0.01813268
v 0.05449596 -0.00032926 -0.01563714
v 0.05435744 -0.00111229 -0.01735416
v 0.05463530 -0.00196821 -0.01302735
v 0.05463524 -0.00270135 -0.01283191
v 0.05421923 -0.00578711 -0.01774282
v 0.05421996 -0.00708817 -0.01720041
v 0.05463524 -0.00489978 -0.01209420
v 0.05463546 -0.00414853 -0.01243700
v 0.05436497 -0.00409803 -0.01674111
v 0.05422092 -0.00844238 -0.01655855
v 0.05421902 -0.00907506 -0.01623720
v 0.05422094 -0.00968331 -0.01583220
v 0.05463546 -0.00625640 -0.01145399
v 0.05436576 -0.00695014 -0.01569309
v 0.05422255 -0.01087212 -0.01498152
v 0.05422004 -0.01121265 -0.01476828
v 0.05421825 -0.01201480 -0.01413396
v 0.05422050 -0.01213904 -0.01399149
v 0.05463546 -0.00816157 -0.01011988
v 0.05463524 -0.00748910 -0.01059914
v 0.05463524 -0.00875027 -0.00954081
v 0.05436586 -0.00958021 -0.01417317
v 0.05421922 -0.01579838 -0.00959347
v 0.05422099 -0.01646159 -0.00828882
v 0.05463524 -0.01149522 -0.00582449
v 0.05463546 -0.01114007 -0.00656999
v 0.05463524 -0.01067208 -0.00725033
v 0.05422088 -0.01317007 -0.01295577
v 0.05421844 -0.01411930 -0.01197911
v 0.05463546 -0.00980611 -0.00847522
v 0.05436553 -0.01190984 -0.01222336
v 0.05436516 -0.01386625 -0.00989835
v 0.05422120 -0.01708793 -0.00693975
v 0.05421924 -0.01734106 -0.00635233
v 0.05422119 -0.01757660 -0.00555442
v 0.05463546 -0.01212294 -0.00446204
v 0.05436573 -0.01537955 -0.00726360
v 0.05422041 -0.01797089 -0.00411078
v 0.05421817 -0.01823745 -0.00295054
v 0.05422017 -0.01825533 -0.00269178
v 0.05422161 -0.01830269 -0.00207819
v 0.05463524 -0.01251775 -0.00301483
v 0.05463546 -0.01272483 -0.00221545
v 0.05436591 -0.01641641 -0.00440839
v 0.05422029 -0.01844271 -0.00061492
v 0.05421812 -0.01848696 0.00010252
v 0.05422026 -0.01844159 0.00083758
v 0.05463524 -0.01286228 0.00092473
v 0.05463546 -0.01292746 0.00010153
v 0.05463524 -0.01286234 -0.00072168
v 0.05436578 -0.01694524 -0.00141719
v 0.05422066 -0.01830908 0.00231253
v 0.05421896 -0.01812769 0.00371842
v 0.05422197 -0.01793963 0.00437249
v 0.05463546 -0.01272467 0.00241848
v 0.05436580 -0.01694496 0.00162051
v 0.05422109 -0.01756578 0.00579849
v 0.05421916 -0.01734003 0.00655921
v 0.05422122 -0.01706730 0.00718884
v 0.05463524 -0.01177983 0.00541629
v 0.05463524 -0.01234298 0.00386920
v 0.05463546 -0.01212263 0.00466503
v 0.05436589 -0.01641638 0.00461175
v 0.05422010 -0.01644387 0.00855103
v 0.05421867 -0.01580756 0.00979015
v 0.05422161 -0.01546992 0.01025873
v 0.05463524 -0.01067158 0.00745322
v 0.05463546 -0.01113962 0.00677289
v 0.05436580 -0.01537836 0.00746649
v 0.05422086 -0.01462927 0.01147144
v 0.05421849 -0.01407320 0.01223609
v 0.05422008 -0.01372215 0.01261320
v 0.05463546 -0.00980553 0.00867807
v 0.05436589 -0.01385846 0.01009648
v 0.05421992 -0.01267290 0.01366556
v 0.05421859 -0.01167970 0.01462186
v 0.05422108 -0.01109204 0.01504658
v 0.05463524 -0.00874962 0.00974358
v 0.05463546 -0.00816086 0.01032262
v 0.05436544 -0.01190973 0.01242708
v 0.05422059 -0.00987632 0.01590351
v 0.05421967 -0.00865643 0.01666440
v 0.05463546 -0.00625563 0.01165659
v 0.05463524 -0.00693598 0.01118859
v 0.05436587 -0.00957916 0.01437586
v 0.05422142 -0.00728320 0.01728891
v 0.05422011 -0.00631946 0.01774179
v 0.05421929 -0.00598628 0.01787568
v 0.05422130 -0.00543987 0.01803489
v 0.05463546 -0.00414769 0.01263945
v 0.05463524 -0.00489898 0.01229670
v 0.05436538 -0.00695102 0.01589984
v 0.05422022 -0.00399960 0.01843151
v 0.05421943 -0.00262131 0.01874514
v 0.05435845 -0.00111046 0.01754532
v 0.05449700 -0.00011719 0.01579990
v 0.05436573 -0.00409457 0.01693496
v 0.05497317 -0.00036428 0.00452005
v 0.05475401 0.00056512 0.01186829
v 0.05489784 -0.00038644 0.00926864
v 0.05490896 -0.00036077 0.00896408
v 0.05490254 -0.00193803 0.00888548
v 0.05463524 -0.00335183 0.01285976
v 0.05463537 -0.00195265 0.01323225
v 0.01597407 -0.04378666 -0.03614454
v -0.01647345 -0.04378662 -0.03614439
v -0.00695633 -0.04004734 -0.07027223
v -0.04708944 0.00205908 -0.06973523
v -0.05409807 0.01863117 -0.00780719
v -0.05409911 0.01730863 -0.01033529
v -0.05410657 0.01555326 -0.01261846
v -0.05411128 0.01348281 -0.01464754
v -0.05067282 0.00943258 -0.04371399
v -0.05410748 0.01118796 -0.01645345
v -0.05068328 0.00798728 -0.04429150
v -0.05411063 0.00861551 -0.01781603
v -0.05069109 0.00640275 -0.04469343
v -0.05410985 0.00592980 -0.01880419
v -0.05069166 0.00484422 -0.04491134
v -0.05410665 0.00316356 -0.01941976
v -0.05410456 0.00418567 0.01952790
v -0.05410166 0.00665337 0.01892038
v -0.05414649 0.00686477 0.01767408
v -0.05410081 0.00844267 0.01827819
v -0.05411782 0.01972748 0.00351384
v -0.05409891 0.01028711 0.01733538
v -0.05414833 0.00792521 0.01632925
v -0.05414846 0.00910656 0.01610465
v -0.05414888 0.01080259 0.01549356
v -0.05415104 0.01605473 0.00795946
v -0.05408895 0.01276236 0.01581187
v -0.05414907 0.01680158 0.00833776
v -0.05415057 0.01701895 0.00697141
v -0.05409173 0.01492301 0.01380575
v -0.05414792 0.01759070 0.00723343
v -0.05409313 0.01674097 0.01153139
v -0.05410268 0.01919698 0.00634848
v -0.05409236 0.01821017 0.00905171
v -0.05415095 0.01648681 -0.00684845
v -0.05415104 0.01544181 -0.00775741
v -0.05411340 0.02011191 0.00066725
v -0.05415172 0.01608697 0.00660776
v -0.05411232 0.01941847 -0.00504825
v -0.05414909 0.01797064 -0.00604267
v -0.05414987 0.01723497 -0.00717822
v -0.05415011 0.01633017 -0.00821204
v -0.05411432 0.01996840 -0.00220904
v -0.05414158 0.00150867 -0.01851145
v -0.05410505 0.00016483 -0.01961674
v -0.05414466 0.00153919 -0.01787377
v -0.05414274 0.00024462 -0.01828257
v -0.05410488 -0.00276867 -0.01939874
v -0.05414676 0.00146437 -0.01684944
v -0.05414559 0.00022693 -0.01743319
v -0.05410334 -0.00550405 -0.01877881
v -0.05414749 0.00019722 -0.01621855
v -0.05410751 -0.00821413 -0.01764616
v -0.05414774 -0.00092589 -0.01544233
v -0.05410894 -0.01073170 -0.01617419
v -0.05410209 -0.01592894 0.01134386
v -0.05415097 0.00078893 -0.00581873
v -0.05415075 -0.00037694 -0.00658169
v -0.05415165 0.00142993 0.00854470
v -0.05415258 0.00446430 0.00121746
v -0.05414950 -0.01073738 -0.00570794
v -0.05414883 -0.01285206 0.00659972
v -0.05414878 -0.01237649 0.00729365
v -0.05410346 -0.01709342 0.00931748
v -0.05414886 -0.01349201 0.00538248
v -0.05410208 -0.01507190 0.01251876
v -0.05414874 -0.01204232 0.00771098
v -0.05414871 -0.01108961 0.00867735
v -0.05410245 -0.01370798 0.01398209
v -0.05414873 -0.00999703 0.00950308
v -0.05410139 -0.01155527 0.01588833
v -0.05414611 -0.01383519 -0.01141096
v -0.05414913 -0.01328760 -0.00255140
v -0.05414903 -0.01380879 -0.00128113
v -0.05410201 -0.01791534 -0.00739858
v -0.05410273 -0.01880492 -0.00464859
v -0.05414898 -0.01421727 0.00057059
v -0.05414549 -0.01783133 -0.00386313
v -0.05410252 -0.01923586 -0.00269039
v -0.05414902 -0.01427737 0.00141029
v -0.05410259 -0.01937955 -0.00124988
v -0.05414901 -0.01421006 0.00277215
v -0.05410397 -0.01935529 0.00107988
v -0.05414891 -0.01394669 0.00409352
v -0.05410196 -0.01826762 0.00667788
v -0.05410233 -0.01902359 0.00392046
v -0.05410498 -0.01300989 -0.01442440
v -0.05414584 -0.01483488 -0.01048885
v -0.05410248 -0.01466712 -0.01278113
v -0.05410300 -0.01662272 -0.00997746
v -0.05414579 -0.01415023 -0.01166555
v -0.05410240 -0.01557186 -0.01165889
v -0.05414870 -0.00880240 0.01016078
v -0.05410320 -0.00912639 0.01743810
v -0.05410166 -0.00711618 0.01845882
v -0.05414494 -0.00614184 0.01763633
v -0.05410174 -0.00576695 0.01896084
v -0.05414809 0.00542220 0.01630857
v -0.05414895 -0.00619444 0.01092283
v -0.05414514 -0.00480897 0.01792125
v -0.05410272 -0.00376172 0.01945224
v -0.05410252 0.00167829 0.01987598
v -0.05414821 0.00672991 0.01640179
v -0.05410238 -0.00096837 0.01986071
v -0.05377549 -0.01543063 0.01559694
v -0.05378078 -0.01431256 0.01667626
v -0.05377474 -0.01311169 0.01764029
v -0.05377900 -0.01133039 0.01891166
v -0.05377571 -0.00996234 0.01969361
v -0.05344345 -0.01388589 0.01947752
v -0.05378026 -0.01937830 -0.00988334
v -0.05377611 -0.01861648 -0.01123573
v -0.05377728 -0.02013463 -0.00810592
v -0.05378032 -0.02068979 -0.00668218
v -0.05377518 -0.02110481 -0.00517645
v -0.05344700 -0.02186168 -0.00904856
v -0.05044537 -0.00404214 -0.04462829
v -0.05034095 -0.00501503 -0.04470487
v -0.05385480 -0.00908923 -0.01941339
v -0.05387042 -0.01049294 -0.01860769
v -0.05385669 -0.01183809 -0.01780708
v -0.04994755 -0.00881771 -0.04410174
v -0.05378231 -0.01382166 -0.01688762
v -0.05377855 -0.01497142 -0.01585551
v -0.05360565 -0.01318839 -0.01874120
v -0.05377545 -0.01645733 -0.01430706
v -0.05378201 -0.01706329 -0.01353101
v -0.05377640 -0.01748901 -0.01301234
v -0.05344247 -0.01990493 -0.01283926
v -0.05344159 -0.01711091 -0.01644273
v -0.05377504 -0.02156059 -0.00306447
v -0.05378088 -0.02162219 -0.00238170
v -0.05377385 -0.02173668 -0.00140775
v -0.05344150 -0.02314702 -0.00491408
v -0.05377678 -0.02175642 0.00075415
v -0.05377933 -0.02165851 0.00232746
v -0.05344025 -0.02368758 -0.00030866
v -0.05377484 -0.02050803 0.00737651
v -0.05377565 -0.02131715 0.00441999
v -0.05378050 -0.02098261 0.00590834
v -0.05344311 -0.02332561 0.00421780
v -0.05377619 -0.01899465 0.01081392
v -0.05377859 -0.01971554 0.00940270
v -0.05344254 -0.02213137 0.00856769
v -0.05377344 -0.01787614 0.01267712
v -0.05378042 -0.01728604 0.01345957
v -0.05377469 -0.01688275 0.01402173
v -0.05344159 -0.01732689 0.01640361
v -0.05343994 -0.02011854 0.01270929
v -0.05377295 -0.00802029 0.02063527
v -0.05377975 -0.00716128 0.02093992
v -0.05377381 -0.00646780 0.02120632
v -0.05343980 -0.00993788 0.02185743
v -0.05377489 -0.00439640 0.02173507
v -0.05377966 -0.00287021 0.02203035
v -0.05344073 -0.00560902 0.02342440
v -0.05377472 0.00178177 0.02222519
v -0.05377759 -0.00105462 0.02219282
v -0.05378040 0.00040908 0.02227241
v -0.05344648 -0.00147893 0.02412111
v -0.04787413 0.00053424 0.03783217
v -0.04609854 -0.00220360 0.04051019
v -0.04788845 -0.00220962 0.03765490
v -0.04973624 -0.00229949 0.03454224
v -0.04789370 -0.00470681 0.03744526
v -0.04610608 -0.00537642 0.04023341
v -0.04787439 -0.00562535 0.03734433
v -0.04792100 -0.00761582 0.03684927
v -0.04610104 -0.00795065 0.03974512
v -0.04976155 -0.00819996 0.03346416
v -0.04792209 -0.01056190 0.03608725
v -0.04610249 -0.01169440 0.03877601
v -0.04787553 -0.01237301 0.03559944
v -0.04790781 -0.01344123 0.03513015
v -0.04610565 -0.01418046 0.03793267
v -0.04974638 -0.01440419 0.03124310
v -0.04791994 -0.01615881 0.03382164
v -0.04611777 -0.01729925 0.03648905
v -0.04789153 -0.01834839 0.03280135
v -0.04976098 -0.02004773 0.02783335
v -0.04792056 -0.02084085 0.03113705
v -0.04792218 -0.02329536 0.02932612
v -0.04787384 -0.01911850 0.03238631
v -0.04610508 -0.02004767 0.03511499
v -0.04609986 -0.02224440 0.03369202
v -0.04610955 -0.03173365 0.02483778
v -0.04975042 -0.02497785 0.02344277
v -0.04787918 -0.02979848 0.02271341
v -0.04789350 -0.02929364 0.02333131
v -0.04791459 -0.02559561 0.02734925
v -0.04611736 -0.02976428 0.02708780
v -0.04792418 -0.02763841 0.02511324
v -0.04787721 -0.02473310 0.02823967
v -0.04610414 -0.02535769 0.03138763
v -0.04610680 -0.02733734 0.02967635
v -0.04610422 -0.03322899 0.02267773
v -0.04792259 -0.03096775 0.02083996
v -0.04976221 -0.02895252 0.01813267
v -0.04792372 -0.03256871 0.01821612
v -0.04610257 -0.03526354 0.01934456
v -0.04787462 -0.03346629 0.01671273
v -0.04790953 -0.03394491 0.01552953
v -0.04610392 -0.03644062 0.01701003
v -0.04975017 -0.03186657 0.01222945
v -0.04791419 -0.03500035 0.01271588
v -0.04610815 -0.03773355 0.01365985
v -0.04787707 -0.03592887 0.01024767
v -0.04791049 -0.03646847 0.00758573
v -0.04609239 -0.03919134 0.00864529
v -0.04975845 -0.03356171 0.00600524
v -0.04792257 -0.03696340 0.00465564
v -0.04610824 -0.03987667 0.00470405
v -0.04788282 -0.03720794 0.00311442
v -0.04792761 -0.03720948 0.00162857
v -0.04610789 -0.04009949 0.00208001
v -0.04975999 -0.03406055 -0.00047788
v -0.04792401 -0.03716566 -0.00143477
v -0.04610303 -0.04005505 -0.00181092
v -0.04788161 -0.03708842 -0.00413360
v -0.04791587 -0.03656400 -0.00678454
v -0.04610003 -0.03946073 -0.00703055
v -0.04975813 -0.03330112 -0.00707300
v -0.04791896 -0.03590735 -0.00979358
v -0.04610044 -0.03862252 -0.01086495
v -0.04787327 -0.03556556 -0.01127181
v -0.04790613 -0.03502773 -0.01263755
v -0.04609986 -0.03783158 -0.01335548
v -0.04682068 -0.02043623 -0.04326916
v -0.04576316 -0.02262069 -0.04352730
v -0.04975060 -0.03151034 -0.01300168
v -0.04788873 -0.03402585 -0.01515322
v -0.04607821 -0.03633622 -0.01697464
v -0.04786085 -0.03301152 -0.01744254
v -0.04689974 -0.01884543 -0.04546310
v -0.05007745 -0.02810828 -0.01804642
v -0.05284984 0.00044084 0.02656032
v -0.05098231 0.00045903 0.03189775
v -0.05097645 -0.00222727 0.03171985
v -0.05284982 -0.00375863 0.02622645
v -0.05284704 -0.00178508 0.02640757
v -0.05098260 -0.00460936 0.03149573
v -0.05097392 -0.00768550 0.03074473
v -0.05213280 -0.00185851 0.02893488
v -0.05284578 -0.01077740 0.02397740
v -0.05284998 -0.00861463 0.02496924
v -0.05284575 -0.00632633 0.02559341
v -0.05098314 -0.01043626 0.02998673
v -0.05213090 -0.00680963 0.02807534
v -0.05284583 -0.01512290 0.02141261
v -0.05284994 -0.01318805 0.02279640
v -0.05097394 -0.01304040 0.02880060
v -0.05098282 -0.01593123 0.02737537
v -0.05213093 -0.01199974 0.02619099
v -0.05285008 -0.01726936 0.01979271
v -0.05097387 -0.01826143 0.02571775
v -0.05098306 -0.02083401 0.02376617
v -0.05097447 -0.02305144 0.02142307
v -0.05213091 -0.01674395 0.02335369
v -0.05284599 -0.01911072 0.01783680
v -0.05285025 -0.02069804 0.01605997
v -0.05098387 -0.02495664 0.01927969
v -0.05097437 -0.02669410 0.01653119
v -0.05213132 -0.02086492 0.01965790
v -0.05284590 -0.02421893 0.00951506
v -0.05284995 -0.02335744 0.01171441
v -0.05284586 -0.02213823 0.01376873
v -0.05098321 -0.02815288 0.01405900
v -0.05213113 -0.02420936 0.01522028
v -0.05285011 -0.02512701 0.00701468
v -0.05097435 -0.02919556 0.01141774
v -0.05098334 -0.03027819 0.00841509
v -0.05097543 -0.03086049 0.00535548
v -0.05213112 -0.02663514 0.01026168
v -0.05285061 -0.02597528 0.00218600
v -0.05284648 -0.02560594 0.00446608
v -0.05098436 -0.03129780 0.00260929
v -0.05097530 -0.03128837 -0.00061453
v -0.05213193 -0.02806758 0.00504582
v -0.05285044 -0.02588595 -0.00288157
v -0.05284638 -0.02596059 -0.00049852
v -0.05098422 -0.03119121 -0.00348184
v -0.05097439 -0.03055279 -0.00667639
v -0.05213184 -0.02848749 -0.00038741
v -0.05284986 -0.02481886 -0.00785183
v -0.05284591 -0.02534752 -0.00553940
v -0.05098295 -0.02991270 -0.00944704
v -0.05097599 -0.02886804 -0.01209070
v -0.05213115 -0.02784899 -0.00591425
v -0.05284984 -0.02312776 -0.01197060
v -0.05284669 -0.02394569 -0.01004656
v -0.05098276 -0.02787745 -0.01440588
v -0.05097452 -0.02623876 -0.01707030
v -0.05213230 -0.02633294 -0.01088078
v -0.04873990 -0.01451097 -0.04399379
v -0.05284614 -0.02175509 -0.01419127
v -0.05285046 -0.02047547 -0.01615206
v -0.05097673 -0.02497286 -0.01906003
v -0.05213134 -0.02396687 -0.01541732
v -0.04945876 -0.01013575 -0.04536787
v -0.05284690 -0.01727429 -0.01959332
v -0.05284650 -0.01866721 -0.01811710
v -0.05241410 -0.01994118 -0.01910806
v -0.03617028 0.05078050 -0.01699844
v -0.04017414 0.04869113 -0.01593632
v -0.04188520 0.04745008 -0.01507682
v -0.04091058 0.04841105 -0.01445160
v -0.03943091 0.04944347 -0.01454824
v -0.04183428 0.04775393 -0.01379837
v -0.04293913 0.04684168 -0.01288364
v -0.04204439 0.04784417 -0.01197859
v -0.04353706 0.04679010 -0.00902120
v -0.04470773 0.04539440 -0.00925752
v -0.04473881 0.04566347 -0.00699826
v -0.02927918 0.05214633 -0.02015589
v -0.02703270 0.05233610 -0.02189784
v -0.02463624 0.05252357 -0.02333836
v -0.02200603 0.05271452 -0.02434994
v -0.01923180 0.05289581 -0.02499469
v -0.01564689 0.05310193 -0.02572368
v -0.01215892 0.05327009 -0.02565840
v -0.01499074 0.05313105 -0.02553881
v -0.01288205 0.05325117 -0.02618886
v -0.01012505 0.05335785 -0.02569165
v -0.01014891 0.05337285 -0.02612922
v -0.00424021 0.05350792 -0.02571840
v -0.03682738 0.05087575 -0.00534262
v -0.02233026 0.05250668 -0.01806536
v -0.02238316 0.05251466 -0.01832443
v -0.02021722 0.05259819 -0.01815633
v -0.03341789 0.05152916 -0.00781088
v -0.03658662 0.05100442 -0.00849437
v -0.03489295 0.05137987 -0.00812618
v -0.03296510 0.05172618 -0.01071908
v -0.02631086 0.05234548 -0.01913112
v -0.02484601 0.05243212 -0.01928677
v -0.02203668 0.05258108 -0.01968398
v -0.03232661 0.05181403 -0.01215514
v -0.03317354 0.05175326 -0.01245158
v -0.02053023 0.05239599 -0.01520370
v -0.01685564 0.05243861 -0.01500954
v -0.03383673 0.05132279 -0.00482352
v -0.03299010 0.05154675 -0.00772291
v -0.03338670 0.05162187 -0.01743496
v -0.03115176 0.05197838 -0.01804085
v -0.02974980 0.05210934 -0.01878248
v -0.02851187 0.05220824 -0.01952042
v -0.02721387 0.05230562 -0.02008556
v -0.02585979 0.05239912 -0.02047662
v -0.03216232 0.05188753 -0.01523985
v -0.03494002 0.05127472 -0.01646702
v -0.03654011 0.05082773 -0.01532919
v -0.03480573 0.05148057 -0.01298086
v -0.03339156 0.05173455 -0.01412309
v -0.03339557 0.05169566 -0.01578344
v -0.03787063 0.05036767 -0.01400214
v -0.03922500 0.04982387 -0.01247244
v -0.03829314 0.05040342 -0.00890514
v -0.03627759 0.05112786 -0.01161726
v -0.03641301 0.05100084 -0.01350579
v -0.04085974 0.04897489 -0.00955509
v -0.04234766 0.04790123 -0.00887902
v -0.04291150 0.04761641 -0.00662360
v -0.04024429 0.04951649 -0.00604655
v -0.03977166 0.04966093 -0.00926152
v -0.04512796 -0.01443862 0.03918125
v -0.04545769 -0.01544260 0.03835771
v -0.04544976 -0.01769868 0.03727930
v -0.04545695 -0.01987841 0.03620107
v -0.04524769 -0.02081804 0.03595503
v -0.04413926 -0.01833703 0.03862317
v -0.04267926 -0.01889379 0.03975082
v -0.04269507 -0.02143700 0.03847379
v -0.04528259 -0.03410365 0.02329955
v -0.04545931 -0.03518065 0.02127650
v -0.04509685 -0.03645011 0.01986562
v -0.04509862 -0.03753666 0.01771736
v -0.04545782 -0.03770021 0.01629656
v -0.04544959 -0.03855096 0.01396441
v -0.04374069 -0.03811426 0.01969552
v -0.04268453 -0.03889734 0.02008734
v -0.04270915 -0.04014584 0.01753651
v -0.04544862 -0.03041469 0.02768821
v -0.04545668 -0.02873930 0.02953206
v -0.04511021 -0.02807120 0.03074168
v -0.04505276 -0.04143668 0.00230465
v -0.04545228 -0.04102586 0.00069136
v -0.04506732 -0.03912793 -0.01365646
v -0.04545422 -0.03813883 -0.01502409
v -0.04544635 -0.03709786 -0.01731439
v -0.04544743 -0.03618111 -0.01928631
v -0.04516588 -0.03741173 -0.01747582
v -0.04544506 -0.04031028 -0.00719541
v -0.04545410 -0.03983864 -0.00967305
v -0.04506698 -0.03985674 -0.01136277
v -0.04370475 -0.04083087 -0.01293280
v -0.04544394 -0.04092325 -0.00186530
v -0.04545286 -0.04076409 -0.00453327
v -0.04408703 -0.04245129 -0.00192314
v -0.04412019 -0.04178881 -0.00744478
v -0.04545444 -0.04054698 0.00633236
v -0.04505412 -0.04123146 0.00471354
v -0.04364918 -0.04275854 0.00368845
v -0.04528624 -0.03273785 0.02528980
v -0.04545609 -0.03204257 0.02584576
v -0.04393975 -0.03511882 0.02439692
v -0.04411462 -0.03154848 0.02868414
v -0.04545780 -0.02450781 0.03317990
v -0.04524290 -0.02283520 0.03463840
v -0.04510868 -0.02624628 0.03231367
v -0.04390195 -0.02327411 0.03607585
v -0.04268070 -0.02383274 0.03693835
v -0.04374444 -0.02780732 0.03284105
v -0.04544995 -0.00227223 0.04136500
v -0.04545835 -0.00471019 0.04118970
v -0.04520701 -0.00577154 0.04135274
v -0.03359582 -0.04542786 0.01173363
v -0.04022229 -0.04261614 0.01539065
v -0.04264084 -0.04273193 0.00940918
v -0.03747921 -0.04457004 0.01287767
v -0.04545786 -0.03942508 0.01142677
v -0.04544779 -0.04002082 0.00883700
v -0.04414499 -0.03995232 0.01444761
v -0.04268724 -0.04113529 0.01487495
v -0.04413302 -0.04148098 0.00913652
v -0.04268720 -0.04207138 0.01217580
v -0.04268171 -0.03758271 0.02262860
v -0.04021908 -0.04028926 0.02080778
v -0.04264506 -0.03602076 0.02500879
v -0.04262997 -0.03438798 0.02737755
v -0.04017295 -0.03729953 0.02589884
v -0.03355973 -0.02913474 0.03702501
v -0.04021517 -0.02470124 0.03824179
v -0.04265434 -0.02839202 0.03352685
v -0.04268847 -0.02620382 0.03534365
v -0.03748036 -0.02777171 0.03741221
v -0.04267896 -0.01359401 0.04191701
v -0.04270134 -0.00528014 0.04388119
v -0.04022155 -0.00838893 0.04490415
v -0.04256209 -0.04374096 -0.00198999
v -0.04258705 -0.04356154 -0.00484221
v -0.04255952 -0.04385624 0.00088990
v -0.04007819 -0.04527872 -0.00205202
v -0.03370591 -0.04672062 -0.00381514
v -0.01771206 -0.04366497 -0.03714934
v -0.02064214 -0.04337015 -0.03765972
v -0.02191204 -0.04315026 -0.03785875
v -0.03735365 -0.04609297 -0.00511817
v -0.03732902 -0.04627114 -0.00209968
v -0.03370236 -0.04683827 -0.00135310
v -0.03731815 -0.04638868 0.00093279
v -0.03582711 -0.04659928 -0.00210970
v -0.03361551 -0.03831313 0.02720077
v -0.03740627 -0.03640573 0.02896436
v -0.03362232 -0.03966086 0.02522879
v -0.03747180 -0.03980867 0.02395751
v -0.03743236 -0.03813641 0.02647283
v -0.03577806 -0.03843363 0.02668509
v -0.03750782 -0.04253955 0.01856675
v -0.03620383 -0.04387272 0.01583360
v -0.03748649 -0.04358208 0.01573565
v -0.03748285 -0.04120309 0.02127209
v -0.03583308 -0.04153129 0.02144564
v -0.04264179 -0.03056085 0.03164167
v -0.04262455 -0.03249216 0.02953845
v -0.04014933 -0.03365600 0.03056766
v -0.03744361 -0.03008419 0.03547084
v -0.04018348 -0.02941971 0.03470079
v -0.03355460 -0.03085763 0.03554034
v -0.03740626 -0.03440620 0.03124255
v -0.03572352 -0.03033551 0.03575195
v -0.03634114 -0.03460016 0.03141058
v -0.03742039 -0.03236657 0.03347428
v -0.03362896 -0.00701510 0.04680126
v -0.03748544 -0.00858268 0.04591084
v -0.03749666 -0.00561399 0.04646125
v -0.03362828 -0.00932141 0.04634951
v -0.03748867 -0.01154780 0.04529942
v -0.03582568 -0.00865821 0.04627650
v -0.03636281 -0.01451248 0.04462733
v -0.04545723 0.00055558 0.04151047
v -0.04414149 -0.00235408 0.04284827
v -0.04268379 -0.00244232 0.04410145
v -0.04021803 -0.00253417 0.04566584
v -0.03748237 -0.00260281 0.04668770
v -0.04268778 0.00059472 0.04425831
v -0.03567763 -0.00262400 0.04708283
v -0.03748188 0.00063359 0.04685252
v -0.04269717 -0.04089567 -0.01547372
v -0.04267090 -0.04164301 -0.01319508
v -0.02723013 -0.04119930 -0.04086932
v -0.04266164 -0.04249150 -0.01046405
v -0.04261372 -0.04305584 -0.00767406
v -0.04013738 -0.04458478 -0.00793296
v -0.04166869 -0.04233510 -0.01340243
v -0.02216253 -0.04270958 -0.04008359
v -0.02395460 -0.04227336 -0.04040848
v -0.03739437 -0.04557680 -0.00810731
v -0.03659891 -0.04577334 -0.00813395
v -0.03744438 -0.04513388 -0.01048567
v -0.03296587 -0.04672185 -0.00412805
v -0.01699793 -0.04371233 -0.03692525
v -0.03375624 -0.04663645 -0.00490606
v -0.03295873 -0.04686725 -0.00121166
v -0.03374911 -0.04689953 0.00077133
v -0.00029730 -0.04676216 0.00393125
v -0.03287222 -0.04674702 0.00408749
v -0.03461959 -0.04677798 0.00246121
v -0.03325885 -0.04686054 0.00219889
v -0.04257671 -0.04362700 0.00376466
v -0.04261579 -0.04333484 0.00660314
v -0.03742773 -0.04524859 0.00993469
v -0.04016810 -0.04425690 0.00972355
v -0.04009469 -0.04516484 0.00387945
v -0.03358752 -0.04591669 0.00946605
v -0.03574317 -0.04561129 0.01000417
v -0.03734715 -0.04615898 0.00396054
v -0.03643506 -0.04637900 0.00397150
v -0.03462623 -0.04656357 0.00506071
v -0.03738952 -0.04586882 0.00696890
v -0.00029730 -0.04658442 0.00558504
v -0.03287221 -0.04658821 0.00554565
v -0.03296591 -0.04595303 0.00938455
v -0.03339997 -0.04661074 0.00525063
v -0.03376328 -0.04637134 0.00718165
v -0.03297478 -0.04538960 0.01198288
v -0.03378030 -0.04517104 0.01278406
v -0.03277162 -0.04399010 0.01636777
v -0.03431667 -0.04481110 0.01390153
v -0.03431809 -0.04394270 0.01635940
v -0.03327516 -0.04496239 0.01356186
v -0.03277162 -0.04333649 0.01813996
v -0.03273862 -0.04178240 0.02141033
v -0.03378523 -0.04303259 0.01884549
v -0.03331045 -0.04395503 0.01645127
v -0.03273892 -0.04064634 0.02364344
v -0.03394442 -0.04056301 0.02373976
v -0.03394674 -0.04175132 0.02141898
v -0.03327766 -0.04178054 0.02140945
v -0.00029729 -0.04036896 0.02412870
v -0.03297434 -0.03986497 0.02495150
v -0.03273861 -0.04036958 0.02412762
v -0.03377909 -0.04015342 0.02445503
v -0.03327460 -0.04036828 0.02412587
v -0.00029728 -0.03579322 0.03054770
v -0.03287490 -0.03576719 0.03057713
v -0.03296706 -0.03827783 0.02728692
v -0.03376612 -0.03687173 0.02923457
v -0.00029729 -0.03461909 0.03190778
v -0.03287491 -0.03467145 0.03184714
v -0.03448618 -0.03527748 0.03104653
v -0.03448811 -0.03353672 0.03298764
v -0.03340414 -0.03540023 0.03098737
v -0.00029728 -0.03095632 0.03548012
v -0.03296905 -0.03092350 0.03550643
v -0.03376949 -0.03252965 0.03406318
v -0.03326923 -0.03335260 0.03326161
v -0.03297465 -0.02896866 0.03718743
v -0.03378052 -0.02821944 0.03776867
v -0.03467793 -0.02665986 0.03881048
v -0.03327509 -0.02688967 0.03874146
v -0.03749078 -0.02272216 0.04073222
v -0.03655990 -0.02539247 0.03928973
v -0.03747845 -0.02526182 0.03909852
v -0.03567433 -0.02018924 0.04243899
v -0.03467852 -0.02448130 0.04024464
v -0.04268577 -0.01630346 0.04097971
v -0.04021376 -0.01957060 0.04116282
v -0.04021270 -0.01409979 0.04339921
v -0.03747576 -0.01442212 0.04437044
v -0.03747702 -0.01728467 0.04338141
v -0.03747681 -0.02002060 0.04208221
v -0.04520264 -0.00813800 0.04089621
v -0.04545861 -0.01015502 0.04013982
v -0.04512529 -0.01215193 0.03995152
v -0.04376557 -0.01331468 0.04105916
v -0.04385724 -0.00789833 0.04240283
v -0.04269447 -0.01088310 0.04278735
v -0.04268670 -0.00807921 0.04336718
v -0.00029728 -0.02292822 0.04127659
v -0.03282200 -0.02254390 0.04148606
v -0.03378028 -0.02025911 0.04258215
v -0.03327584 -0.02433248 0.04042533
v -0.03378238 -0.02280287 0.04132634
v -0.00029743 -0.00256041 0.04726462
v -0.03273843 0.00064261 0.04742493
v -0.03378092 0.00064141 0.04740783
v -0.00029739 -0.00476425 0.04712261
v -0.03297619 -0.00675763 0.04686778
v -0.03378332 -0.00554387 0.04703393
v -0.03378122 -0.00263467 0.04724221
v -0.03327489 -0.00263491 0.04725734
v -0.03297573 -0.00942254 0.04635022
v -0.03289819 -0.01352477 0.04529934
v -0.03378228 -0.01162676 0.04585498
v -0.03289820 -0.01522354 0.04476146
v -0.03447942 -0.01394586 0.04509839
v -0.03447903 -0.01641718 0.04426695
v -0.03343549 -0.01384856 0.04518490
v -0.03282197 -0.02020490 0.04263119
v -0.03377984 -0.01780096 0.04376467
v -0.03335784 -0.02026418 0.04259460
v -0.03327492 -0.01674749 0.04420304
v -0.03566922 0.04397970 0.02014309
v -0.03749844 0.04502241 0.01722515
v -0.03377842 0.04411625 0.02022553
v -0.03378470 0.04552439 0.01747530
v -0.03376860 0.04276519 0.02280109
v -0.03326037 0.04412403 0.02024257
v -0.03461098 0.04188797 0.02412440
v -0.03327608 0.04209759 0.02392213
v -0.03326253 0.04028031 0.02660401
v -0.03378115 0.03454121 0.03334894
v -0.03327877 0.03324941 0.03455269
v -0.03482319 0.03302939 0.03462876
v -0.03668956 0.03181953 0.03524261
v -0.03481514 0.03085771 0.03647653
v -0.03327068 0.03071160 0.03670773
v -0.03377941 0.02929198 0.03778706
v -0.03273894 0.02105983 0.04261651
v -0.03326715 0.02673543 0.03946344
v -0.03565690 0.02664634 0.03931616
v -0.03377579 0.02672911 0.03944978
v -0.03376985 0.02397662 0.04118066
v -0.03274251 0.01792721 0.04405936
v -0.03278584 0.01385458 0.04531520
v -0.03327218 0.02105879 0.04261470
v -0.03377411 0.02105240 0.04260131
v -0.04267404 0.04376305 0.01343834
v -0.03746677 0.04616785 0.01439743
v -0.04020549 0.04522024 0.01401300
v -0.04266586 0.04479297 0.01082200
v -0.03567074 0.04653212 0.01454386
v -0.03745131 0.04723426 0.01167767
v -0.03377274 0.04667779 0.01460896
v -0.03326451 0.04668796 0.01462333
v -0.03377183 0.04774876 0.01186599
v -0.03745364 0.02644030 0.03898424
v -0.03744236 0.02371444 0.04070300
v -0.03747847 0.03169413 0.03508346
v -0.03747306 0.02917690 0.03718664
v -0.04018608 0.02589174 0.03812854
v -0.03749113 0.03417592 0.03292493
v -0.04021197 0.03103270 0.03430318
v -0.03745879 0.04039328 0.02538533
v -0.04020783 0.03563526 0.02981060
v -0.04264667 0.02246820 0.03845152
v -0.04265220 0.02505957 0.03681100
v -0.04267603 0.02764229 0.03510181
v -0.04267485 0.03002881 0.03310462
v -0.04411968 0.02437625 0.03575359
v -0.04269289 0.03236882 0.03105925
v -0.04267070 0.03447829 0.02876028
v -0.04413530 0.02921125 0.03214905
v -0.04266855 0.03650883 0.02645199
v -0.04412920 0.03354091 0.02792684
v -0.04267773 0.04134902 0.01873462
v -0.04366411 0.03759158 0.02345142
v -0.04418518 0.04435995 0.00775327
v -0.04562356 0.04357047 0.00452850
v -0.04270240 0.04559196 0.00812359
v -0.04020476 0.04710867 0.00859196
v -0.04274987 0.04640864 0.00522866
v -0.03746253 0.04808883 0.00888395
v -0.03566147 0.04846261 0.00900272
v -0.03748682 0.04894621 0.00596709
v -0.03377535 0.04861366 0.00904752
v -0.03327100 0.04862592 0.00905768
v -0.03378764 0.04943513 0.00629754
v -0.04548514 0.04214983 0.00988843
v -0.04595853 0.04234457 0.00711308
v -0.04555281 0.04285898 0.00727440
v -0.04269938 0.04266262 0.01613213
v -0.04414175 0.04259152 0.01296256
v -0.04414576 0.04022657 0.01814914
v -0.03746828 0.04215387 0.02275342
v -0.03747605 0.04363548 0.01994924
v -0.04021366 0.04272950 0.01947081
v -0.04019665 0.03955280 0.02480665
v -0.04266200 0.03827154 0.02391537
v -0.04267546 0.03994064 0.02140985
v -0.03647071 0.04058907 0.02553273
v -0.03459737 0.04031134 0.02644418
v -0.03377218 0.03901524 0.02833783
v -0.03667980 0.03654183 0.03063511
v -0.03747159 0.03639602 0.03049367
v -0.03746132 0.03853781 0.02805536
v -0.03327645 0.03789966 0.02971201
v -0.03326958 0.03569122 0.03218275
v -0.03479984 0.03579782 0.03194256
v -0.03480672 0.03769118 0.02982133
v -0.04547171 0.04119084 0.01238710
v -0.04605684 0.04047113 0.01210448
v -0.04547035 0.04015906 0.01497432
v -0.04545859 0.03763961 0.01987808
v -0.04545845 0.03891242 0.01744151
v -0.04605801 0.03820991 0.01707841
v -0.04503355 0.03559113 0.02390358
v -0.04504161 0.03706049 0.02172970
v -0.04608233 0.03601537 0.02090075
v -0.04545577 0.03424416 0.02486248
v -0.04608120 0.03442077 0.02324418
v -0.04545716 0.03045760 0.02908817
v -0.04544728 0.03243947 0.02691647
v -0.04605717 0.03183654 0.02638650
v -0.04544998 0.02601222 0.03288865
v -0.04544535 0.02826190 0.03100589
v -0.04601377 0.02777307 0.03044463
v -0.04543610 0.02125366 0.03597701
v -0.04543585 0.02358609 0.03449191
v -0.04581081 0.02331881 0.03409347
v -0.04502594 0.01997232 0.03720074
v -0.04602583 0.01952444 0.03601031
v -0.03565589 0.02098624 0.04245917
v -0.03377807 0.01791706 0.04404496
v -0.03744826 0.02081664 0.04210878
v -0.04018133 0.02038424 0.04119045
v -0.04264699 0.01970985 0.03978765
v -0.03746393 0.01771880 0.04353165
v -0.04365027 0.01936362 0.03904275
v -0.04502623 0.01761254 0.03832273
v -0.04266443 0.01679089 0.04112350
v -0.04600683 0.01698986 0.03724579
v -0.04543582 0.01568357 0.03861536
v -0.03273832 0.00494796 0.04705321
v -0.03278389 0.01009852 0.04641213
v -0.03377896 0.00494722 0.04703618
v -0.03327413 0.00494777 0.04705123
v -0.03331831 0.01383099 0.04531733
v -0.03377745 0.01382608 0.04530406
v -0.03746713 0.00489889 0.04648711
v -0.03567122 0.00493125 0.04687817
v -0.03566214 0.01378192 0.04515288
v -0.03745822 0.01366491 0.04477970
v -0.03378090 0.00945767 0.04653427
v -0.04266395 0.00465796 0.04391871
v -0.04020001 0.00479588 0.04547319
v -0.04018694 0.01338013 0.04380537
v -0.04265253 0.01292394 0.04231584
v -0.03748344 0.00935081 0.04598866
v -0.04412293 0.00452553 0.04267296
v -0.04411193 0.01257845 0.04111382
v -0.04542726 0.01213520 0.03969686
v -0.04268883 0.00885326 0.04344135
v -0.04608716 0.00430000 0.04033989
v -0.04543669 0.00436234 0.04119527
v -0.04599857 0.01194137 0.03897766
v -0.04545479 0.00832678 0.04074750
v -0.05378033 0.00868867 0.02066909
v -0.05378923 0.00638443 0.02139916
v -0.05378930 0.00763713 0.02098530
v -0.05347107 0.00833225 0.02277617
v -0.05297730 0.01030026 0.02418807
v -0.05296777 0.00897046 0.02469623
v -0.05287079 0.00781342 0.02541997
v -0.05242509 0.00957395 0.02662562
v -0.05231443 0.01111332 0.02646081
v -0.05210712 0.00998913 0.02751851
v -0.05145864 0.01040330 0.02915602
v -0.05153847 0.01189512 0.02841806
v -0.04784472 0.00939542 0.03675428
v -0.05100470 0.00921989 0.03059174
v -0.05037962 0.01125644 0.03154720
v -0.04743120 0.01632907 0.03516499
v -0.04736820 0.01465997 0.03599214
v -0.04740484 0.01113901 0.03699105
v -0.04981849 0.01342150 0.03192121
v -0.04913726 0.01209315 0.03383935
v -0.05378484 0.00392256 0.02196145
v -0.05378969 0.00525543 0.02167239
v -0.05345048 0.00270456 0.02403600
v -0.05346405 0.00611057 0.02346656
v -0.05285784 0.00307319 0.02629817
v -0.05214239 0.00316271 0.02882974
v -0.05287000 0.00658119 0.02572446
v -0.05215953 0.00725707 0.02816985
v -0.05287086 0.00533698 0.02601523
v -0.04786686 0.00380057 0.03755070
v -0.04972045 0.00370493 0.03448067
v -0.05098546 0.00361338 0.03161133
v -0.04788252 0.00742147 0.03715477
v -0.05100382 0.00783546 0.03093178
v -0.04974371 0.00860604 0.03370205
v -0.05100568 0.00630980 0.03128510
v -0.03467170 0.04984396 0.00424569
v -0.03325409 0.04987545 0.00445719
v -0.03298090 0.05055707 0.00107861
v -0.03428036 0.05119202 -0.00378022
v -0.03345305 0.05123071 -0.00368843
v -0.03302589 0.05099686 -0.00168190
v -0.03725103 0.05067985 -0.00420648
v -0.03579668 0.05101135 -0.00398356
v -0.03469606 0.05105711 -0.00282610
v -0.03900627 0.05007416 -0.00450103
v -0.04063733 0.04925717 -0.00481242
v -0.03763233 0.05048972 -0.00321331
v -0.04324529 0.04733490 -0.00537817
v -0.04201341 0.04836053 -0.00509297
v -0.04097469 0.04901610 -0.00378052
v -0.04414392 0.04643560 -0.00559711
v -0.04499769 0.04540915 -0.00582313
v -0.04352845 0.04707519 -0.00432281
v -0.04540286 0.04487194 -0.00591806
v -0.04522533 0.04516606 -0.00475436
v -0.03318213 0.05084831 -0.00060209
v -0.03421452 0.05050084 0.00114881
v -0.03399974 0.05098541 -0.00177296
v -0.03502701 0.05090361 -0.00186921
v -0.03793815 0.04951018 0.00247497
v -0.03655885 0.04986156 0.00259498
v -0.03540672 0.05033938 0.00124481
v -0.03651165 0.05066924 -0.00203157
v -0.03794005 0.05028900 -0.00221790
v -0.03537418 0.05069484 -0.00062146
v -0.04008367 0.04869207 0.00219894
v -0.03965486 0.04963236 -0.00247009
v -0.04123174 0.04878116 -0.00274653
v -0.03826442 0.05002678 -0.00088803
v -0.04340762 0.04650588 0.00163933
v -0.04211074 0.04750522 0.00189987
v -0.04255600 0.04786629 -0.00300023
v -0.04372293 0.04684697 -0.00326480
v -0.04150393 0.04848724 -0.00137574
v -0.04419141 0.04578232 0.00143292
v -0.04456853 0.04596814 -0.00347049
v -0.04537409 0.04496670 -0.00369554
v -0.04393273 0.04656461 -0.00188255
v -0.04588593 0.04426021 -0.00384017
v -0.04551502 0.04476586 -0.00262574
v -0.04627532 0.04314414 0.00176104
v -0.04501231 0.04479253 0.00204633
v -0.04499597 0.04530905 -0.00116756
v -0.04607902 0.04392400 -0.00181227
v -0.00293614 -0.04047770 -0.07010499
v -0.00567828 -0.04023531 -0.07024679
v -0.00670501 -0.03991706 -0.07098451
v -0.01984574 -0.04348251 -0.03748726
v -0.00097430 -0.04039681 -0.07097438
v -0.00288011 -0.04026289 -0.07107892
v -0.00872588 -0.03971251 -0.07049736
v -0.01038911 -0.03935191 -0.07058962
v -0.02298709 -0.04251720 -0.04028222
v -0.01689842 -0.03729972 -0.07093113
v -0.02863531 -0.04059717 -0.04112844
v -0.01501402 -0.03799958 -0.07085299
v -0.01234721 -0.03883217 -0.07068547
v -0.02599016 -0.04164456 -0.04075485
v -0.02535981 -0.04185735 -0.04061276
v -0.04167562 -0.01519915 -0.07101956
v -0.04528564 -0.02347550 -0.04366927
v -0.04385009 -0.02536733 -0.04507274
v -0.04346647 -0.01145737 -0.07091344
v -0.04251977 -0.01350726 -0.07099586
v -0.04643179 -0.02124648 -0.04347979
v -0.04416100 -0.00967554 -0.07085808
v -0.04508020 -0.00708153 -0.07073460
v -0.04740048 -0.01748448 -0.04548839
v -0.04838052 -0.01554982 -0.04421377
v -0.04560474 -0.00522257 -0.07068096
v -0.04625189 -0.00254752 -0.07057086
v -0.04918711 -0.01286121 -0.04390231
v -0.04930308 -0.01084290 -0.04546136
v -0.04660614 -0.00058392 -0.07051280
v -0.04692610 0.00200617 -0.07055133
v -0.04698477 0.00117370 -0.06984173
v -0.05029719 -0.00525329 -0.04481746
v -0.05017827 -0.00739231 -0.04404290
v -0.04713255 0.00391915 -0.07030845
v -0.04733149 0.00674090 -0.06962974
v -0.05069202 0.00370574 -0.04496256
v -0.05068796 0.00198441 -0.04497122
v -0.05067515 0.00041631 -0.04481084
v -0.05065547 -0.00117588 -0.04444775
v -0.05051535 -0.00301800 -0.04461502
v -0.04726292 0.00815232 -0.06994169
v -0.04715527 0.00671955 -0.07057766
v -0.04718010 0.01019561 -0.06965711
v -0.05053894 0.01122137 -0.04379662
v -0.04699920 0.01016800 -0.07063865
v -0.00054715 0.05371639 -0.06996250
v -0.00399107 0.05334127 -0.07118320
v -0.00110243 0.05388560 -0.06867983
v -0.00119716 0.05358749 -0.07059097
v -0.01977582 0.05274820 -0.04371907
v -0.03016171 0.04984513 -0.04280933
v -0.02774933 0.05080322 -0.04361278
v -0.02093961 0.04974512 -0.07153439
v -0.01891198 0.05087225 -0.07031105
v -0.02553021 0.05160830 -0.04327328
v -0.01857839 0.05121794 -0.06889882
v -0.01719550 0.05148174 -0.07025624
v -0.02352579 0.05212643 -0.04312893
v -0.01483206 0.05217483 -0.06998826
v -0.02312586 0.05223178 -0.04298871
v -0.02116163 0.05256004 -0.04365443
v -0.02242131 0.05239864 -0.04268124
v -0.01027292 0.05313812 -0.06968005
v -0.01262253 0.05270809 -0.06995563
v -0.00634580 0.05323793 -0.07118141
v -0.01915990 0.05283454 -0.04352687
v -0.01791271 0.05295193 -0.04440492
v -0.01665176 0.05305591 -0.04518052
v -0.01531565 0.05315810 -0.04577522
v -0.01393406 0.05325470 -0.04618730
v -0.00448028 0.05371410 -0.06920395
v -0.00803793 0.05344698 -0.06962671
v -0.03590707 0.04610187 -0.04291301
v -0.03293822 0.04827038 -0.04299826
v -0.02669183 0.04700555 -0.07054709
v -0.03188214 0.04894123 -0.04283599
v -0.02387434 0.04860465 -0.07055061
v -0.02609194 0.04751238 -0.07000466
v -0.02581977 0.04738527 -0.07109834
v -0.02851677 0.05047126 -0.04373735
v -0.02944524 0.05022452 -0.04257853
v -0.02174129 0.04971134 -0.07042231
v -0.02079887 0.05016777 -0.07022476
v -0.03852577 0.03519912 -0.07105655
v -0.03694456 0.03754158 -0.07081974
v -0.03778378 0.04440985 -0.04288240
v -0.03553147 0.03920990 -0.07082801
v -0.03372254 0.04122472 -0.07083040
v -0.03687293 0.04528650 -0.04284613
v -0.03137784 0.04342403 -0.07080323
v -0.03285042 0.04211659 -0.07071040
v -0.03538427 0.04656306 -0.04276763
v -0.03461250 0.04708180 -0.04310644
v -0.03002008 0.04455576 -0.07081810
v -0.02816464 0.04611140 -0.07005349
v -0.02807387 0.04588244 -0.07109949
v -0.04684167 0.01292657 -0.07031716
v -0.04661366 0.01464118 -0.07024526
v -0.04634392 0.01620903 -0.07035333
v -0.04604696 0.01769401 -0.07035423
v -0.04555513 0.01976401 -0.07039645
v -0.04479209 0.02240897 -0.07046092
v -0.04412559 0.02441226 -0.07052338
v -0.04309773 0.02699316 -0.07055039
v -0.04279465 0.02712681 -0.07143763
v -0.04228220 0.02887789 -0.07059541
v -0.04059641 0.03196039 -0.07091546
v -0.04168048 0.03007591 -0.07065925
v -0.03988129 0.03345029 -0.07039713
v -0.03867614 0.03531322 -0.07021421
v -0.04073175 0.03209501 -0.07008431
v -0.01369256 0.05327336 -0.04175532
v -0.01223922 0.05336315 -0.04200069
v -0.01004354 0.05348328 -0.04241692
v -0.00427339 0.05384005 -0.06305277
v -0.00677175 0.05373141 -0.06304876
v -0.00050540 0.05394193 -0.06304574
v -0.00099763 0.05394093 -0.06304857
v -0.00178967 0.05393535 -0.06304480
v -0.00098001 0.05394152 -0.05862357
v -0.05389995 0.02142490 0.00453652
v -0.05390838 0.02166772 0.00287143
v -0.05384066 0.02129467 0.00613172
v -0.05386662 0.02199962 0.00133656
v -0.05332405 0.02509997 0.00071245
v -0.05283955 0.02722069 0.00205220
v -0.05328055 0.02477815 0.00513254
v -0.05361237 0.01933425 0.01308605
v -0.05363599 0.02016218 0.01165895
v -0.05362253 0.02097061 0.01021565
v -0.05348861 0.02252795 0.00819293
v -0.05295932 0.02475107 0.00972048
v -0.05355715 0.01485142 0.01821322
v -0.05357432 0.01608924 0.01711686
v -0.05356307 0.01726466 0.01596822
v -0.05322449 0.01379903 0.02091816
v -0.05310452 0.02027007 0.01594314
v -0.05220189 0.02016376 0.02078366
v -0.05374838 0.01568839 -0.01630943
v -0.05375186 0.01443205 -0.01738199
v -0.05374137 0.01317728 -0.01828858
v -0.05027612 0.01405055 -0.04396529
v -0.05020993 0.01475323 -0.04389729
v -0.04764213 0.03414186 0.01927046
v -0.04758371 0.03325493 0.02082713
v -0.04764611 0.03231563 0.02193530
v -0.05027503 0.02671163 0.02090988
v -0.00450009 0.05360941 -0.02837671
v -0.00082968 0.05376012 -0.03081490
v -0.00426820 0.05360251 -0.02801818
v -0.00065393 0.05365901 -0.02798326
v -0.00059170 0.05375590 -0.03056117
v -0.00086085 0.05374638 -0.03031743
v -0.00280802 0.05389757 -0.05971795
v -0.00500236 0.05380997 -0.05527401
v -0.00266440 0.05390180 -0.05528985
v -0.00054020 0.05393759 -0.05099118
v -0.00116293 0.05393535 -0.05098286
v -0.00067342 0.05393103 -0.04302406
v -0.00454874 0.05367682 -0.03209342
v -0.00072421 0.05390589 -0.03900511
v -0.00792625 0.05355115 -0.03382218
v -0.00724914 0.05358567 -0.03381684
v -0.00514552 0.05367733 -0.03383106
v -0.00442411 0.05381642 -0.04997559
v -0.00190670 0.05391544 -0.05001375
v -0.00284390 0.05387940 -0.04667538
v -0.00139381 0.05391245 -0.04205699
v -0.00141687 0.05391292 -0.04237785
v -0.00151987 0.05389115 -0.03957673
v -0.00141430 0.05390553 -0.04074806
v -0.00066448 0.05392748 -0.04206505
v -0.00066368 0.05392130 -0.04079133
v -0.00138468 0.05390995 -0.04139947
v -0.00450833 0.05366947 -0.03147912
v -0.00080610 0.05388451 -0.03723384
v -0.00445503 0.05365534 -0.03053537
v -0.00077212 0.05386105 -0.03570092
v -0.00441580 0.05363868 -0.02961935
v -0.00063549 0.05379002 -0.03198985
v -0.00094849 0.05378072 -0.03179993
v -0.00075813 0.05382828 -0.03387208
v -0.04522804 0.04423281 -0.01194308
v -0.04578619 0.04380378 -0.00988874
v -0.04736001 0.04141587 0.00076623
v -0.04695397 0.04256796 -0.00298626
v -0.04715206 0.04216751 -0.00165979
v -0.05288675 0.01180254 0.02375778
v -0.05242501 0.01232479 0.02548307
v -0.05209267 0.01263835 0.02647384
v -0.05146808 0.01338939 0.02791541
v -0.05262240 0.01592097 0.02236518
v -0.05175063 0.01800685 0.02413271
v -0.05050672 0.01516183 0.02958144
v -0.04937698 0.01606004 0.03163919
v -0.05071883 0.02007502 0.02587803
v -0.05119053 0.01591333 0.02731458
v -0.04681486 0.02362864 0.03221369
v -0.04673913 0.02114887 0.03393992
v -0.04698246 0.01959441 0.03433350
v -0.04814426 0.01783537 0.03313230
v -0.04882431 0.01976010 0.03076187
v -0.05379393 0.00884065 0.02051453
v -0.05378592 0.00954715 0.02025621
v -0.05374171 0.01104963 0.01969287
v -0.05352025 0.00971537 0.02196971
v -0.05331964 0.01373928 0.02045209
v -0.05343450 0.02148636 -0.01153281
v -0.04963995 0.02022581 -0.04181030
v -0.04954589 0.02063180 -0.04191162
v -0.04935124 0.02162100 -0.04184654
v -0.05362132 0.01958371 -0.01270636
v -0.05364036 0.01866675 -0.01396944
v -0.05364565 0.01762629 -0.01516204
v -0.05007421 0.01684173 -0.04284369
v -0.04987286 0.01814701 -0.04286842
v -0.05336782 0.01808697 -0.01723634
v -0.05303204 0.02221694 -0.01494519
v -0.04751609 0.03011241 0.02490716
v -0.04740158 0.02826868 0.02722243
v -0.04744594 0.02595737 0.02912132
v -0.05008382 0.02438215 0.02419254
v -0.04903956 0.02877751 0.02250721
v -0.04950560 0.02206611 0.02753087
v -0.04824977 0.02390501 0.02905377
v -0.05218958 0.02695042 0.01124258
v -0.05240946 0.02459846 0.01436911
v -0.05233295 0.02239747 0.01757292
v -0.05144209 0.02459379 0.01925378
v -0.05040168 0.02901054 0.01762350
v -0.04735026 0.03868085 0.01119795
v -0.04730746 0.03771659 0.01380365
v -0.04740076 0.03629447 0.01624926
v -0.04894713 0.03347401 0.01594877
v -0.04690638 0.04142157 0.00530909
v -0.04671854 0.04086238 0.00822390
v -0.04805387 0.03803416 0.00961202
v -0.04812276 0.03954576 0.00356559
v -0.04889844 0.03863494 0.00027556
v -0.04926097 0.03607579 0.00813767
v -0.04859695 0.03839770 0.00502721
v -0.04748205 0.04091702 -0.01096604
v -0.04815492 0.04029082 -0.00627018
v -0.04580955 0.04421768 -0.00694370
v -0.04609672 0.04389669 -0.00561086
v -0.04641025 0.04342639 -0.00458924
v -0.04644176 0.04287670 -0.00957598
v -0.04719334 0.04213581 -0.00490826
v -0.04738269 0.04154226 -0.00792330
v -0.04168594 0.03934126 -0.04433822
v -0.04401984 0.03568979 -0.04414118
v -0.04307167 0.03733114 -0.04420621
v -0.04634825 0.04173029 -0.01557296
v -0.04269426 0.04641372 -0.01594090
v -0.04306872 0.04621843 -0.01515707
v -0.04402844 0.04547725 -0.01354041
v -0.04046397 0.04140290 -0.04302289
v -0.04092529 0.04076935 -0.04311364
v -0.03852844 0.04360841 -0.04300030
v -0.03896086 0.04311593 -0.04312337
v -0.04525743 0.04369199 -0.01425546
v -0.04513190 0.04308439 -0.01713370
v -0.05192691 0.02927097 0.00814575
v -0.05014940 0.03138882 0.01440153
v -0.05130482 0.02922545 0.01284208
v -0.04986553 0.03367630 0.01128263
v -0.05046118 0.03390707 0.00659804
v -0.05230160 0.02970601 -0.00111382
v -0.05221312 0.02950726 0.00354395
v -0.05079928 0.03410092 0.00185128
v -0.05140196 0.03168575 0.00502241
v -0.05204776 0.03014128 -0.00562951
v -0.05147064 0.03225182 -0.00428771
v -0.04893321 0.03884607 -0.00444659
v -0.04989126 0.03653036 -0.00133025
v -0.04911479 0.03824388 -0.00769691
v -0.05075988 0.03443959 -0.00280038
v -0.05057469 0.03467004 -0.00735305
v -0.04922191 0.03742396 -0.01072202
v -0.05063186 0.03388652 -0.01055279
v -0.04990366 0.03612952 -0.00911359
v -0.04761334 0.02722715 -0.04375500
v -0.04717293 0.02866970 -0.04372355
v -0.04674107 0.02978125 -0.04390143
v -0.04607947 0.03141185 -0.04384056
v -0.04994512 0.03433478 -0.01497138
v -0.04547278 0.03332836 -0.04273688
v -0.04517636 0.03389208 -0.04287945
v -0.04487374 0.03453867 -0.04278896
v -0.04747710 0.04021298 -0.01395936
v -0.04839169 0.03886293 -0.01233745
v -0.04734955 0.03958441 -0.01688508
v -0.04921390 0.03669909 -0.01368352
v -0.04909540 0.03589747 -0.01663647
v -0.05381383 0.02157112 -0.00599833
v -0.05377662 0.02118864 -0.00747921
v -0.05380164 0.02229827 -0.00274234
v -0.05383367 0.02188790 -0.00434274
v -0.05325389 0.02540362 -0.00378591
v -0.05366192 0.02315400 -0.00059732
v -0.05321697 0.02382930 -0.00938200
v -0.05252878 0.02797564 -0.00696151
v -0.05247376 0.02640483 -0.01266707
v -0.05168541 0.03055074 -0.01018902
v -0.05109314 0.03179410 -0.01204844
v -0.05097714 0.03107753 -0.01467235
v -0.05289599 0.02590472 -0.00818385
v -0.04836746 0.02403122 -0.04467638
v -0.04802624 0.02526419 -0.04482118
v -0.05171577 0.02699814 -0.01706522
v -0.05032103 0.03138665 -0.01876813
v -0.05138625 0.02903271 -0.01590230
v -0.00029847 0.04805762 0.01099227
v -0.00030335 0.04881955 0.00847727
v -0.00008899 0.05356334 -0.02563431
v -0.01624384 0.05242625 -0.01483575
v -0.00005498 0.05366342 -0.02799127
v 0.05071014 0.00691042 -0.04445731
v 0.05071472 0.00575988 -0.04466667
v 0.05071381 0.00425469 -0.04480659
v 0.05065725 -0.00114644 -0.04443610
v 0.04707575 0.00235693 -0.07000603
v 0.00001532 0.05389962 -0.06853697
v 0.00003074 0.05394146 -0.06304431
v -0.00000776 0.05374161 -0.06982226
v -0.00002980 0.05357871 -0.07066853
v 0.00055127 0.05376364 -0.06968161
v 0.00004571 0.05394091 -0.05862398
v 0.00055972 0.05393988 -0.06304267
v -0.00006630 -0.04054097 -0.07041219
v -0.00015176 -0.04038400 -0.07107821
v 0.00002370 -0.04073536 -0.06927247
v 0.00094167 -0.04063408 -0.06988259
v 0.05406683 0.00797239 0.01893288
v 0.05406691 0.00802520 0.01891184
v 0.05406670 0.00806586 0.01889718
v 0.05406329 0.00819898 0.01887222
v 0.05405903 0.00860972 0.01872620
v 0.05407030 0.00418021 0.01997778
v 0.05406720 0.00281493 0.02024783
v 0.05406659 0.00547209 0.01975499
v 0.05406995 0.00676973 0.01930447
v 0.05403177 0.00687738 0.01959587
v 0.05401760 0.00434975 0.02036622
v 0.05406080 0.00921667 0.01843522
v 0.05405030 0.01045336 0.01783615
v 0.05402697 0.00875471 0.01893700
v 0.05404489 0.01171712 0.01715179
v 0.05403324 0.01218110 0.01693773
v 0.05400159 0.01073118 0.01808348
v 0.05404460 0.01327604 0.01597166
v 0.05405090 0.01434788 0.01501759
v 0.05396051 0.01339453 0.01659215
v 0.05405058 0.01537300 0.01394560
v 0.05406310 0.01623488 0.01285232
v 0.05402261 0.01687726 0.01250079
v 0.05397047 0.01562533 0.01447784
v 0.05401592 0.01771898 0.01137283
v 0.05405022 0.01786024 0.01070727
v 0.05401853 0.01848733 0.01006169
v 0.05395811 0.01761800 0.01215454
v 0.05402887 0.01906983 0.00873183
v 0.05403610 0.01958196 0.00739670
v 0.05395167 0.01920586 0.00955408
v 0.05401161 0.02021179 0.00605004
v 0.05404358 0.02018440 0.00537838
v 0.05405734 0.02036824 0.00398357
v 0.05406539 0.02057285 0.00247171
v 0.05405474 0.02074966 0.00109605
v 0.05404923 0.02083853 -0.00034641
v 0.05406163 0.02071767 -0.00103663
v 0.05406060 0.02055329 -0.00247696
v 0.05406180 0.02035066 -0.00388694
v 0.05402085 0.02087369 -0.00232372
v 0.05405171 0.02003894 -0.00533905
v 0.05405505 0.01964271 -0.00665498
v 0.05402012 0.01963620 -0.00738093
v 0.05402488 0.02026513 -0.00527724
v 0.05403976 0.01893693 -0.00863945
v 0.05404269 0.01825966 -0.00992140
v 0.05396782 0.01962403 -0.00824509
v 0.05403514 0.01754810 -0.01118182
v 0.05405860 0.01675451 -0.01203238
v 0.05402256 0.01675914 -0.01246071
v 0.05397239 0.01820315 -0.01090649
v 0.05401417 0.01590484 -0.01356844
v 0.05405723 0.01525582 -0.01384256
v 0.05405243 0.01429727 -0.01482010
v 0.05403779 0.00520690 -0.01983380
v 0.05404325 0.00477355 -0.01989635
v 0.05404123 0.00418572 -0.02002413
v 0.05069566 0.00640345 -0.04469305
v 0.05404566 0.00884513 -0.01848276
v 0.05404957 0.00755704 -0.01903053
v 0.05404086 0.00661237 -0.01940274
v 0.05068694 0.00800578 -0.04429006
v 0.05402417 0.01333091 -0.01594917
v 0.05406011 0.01306690 -0.01582014
v 0.05404728 0.01199264 -0.01671819
v 0.05402881 0.01082386 -0.01763928
v 0.05404975 0.01015083 -0.01784924
v 0.05067732 0.00943297 -0.04371334
v 0.05401644 0.00900518 -0.01864758
v 0.05404697 -0.00038981 -0.02029715
v 0.05405474 -0.00170955 -0.02014656
v 0.05405151 0.00269274 -0.02015199
v 0.05405118 0.00134873 -0.02027385
v 0.05069584 0.00481729 -0.04491411
v 0.05403787 -0.00193861 -0.02025818
v 0.05401872 -0.00134113 -0.02045997
v 0.05403880 -0.00384566 -0.01993296
v 0.05403247 -0.00516688 -0.01964006
v 0.05403505 -0.00664374 -0.01916002
v 0.05404395 -0.00789413 -0.01857187
v 0.05063192 -0.00176470 -0.04439931
v 0.05405352 -0.00924803 -0.01785442
v 0.05406895 -0.00980240 -0.01741210
v 0.05405326 -0.01048421 -0.01713347
v 0.05404407 -0.01170542 -0.01638878
v 0.05407091 -0.01191554 -0.01597615
v 0.05406283 -0.01276736 -0.01536722
v 0.05403356 -0.01303773 -0.01542502
v 0.05420318 -0.01163029 -0.01463587
v 0.05406095 -0.01392888 -0.01431535
v 0.05407502 -0.01478140 -0.01324039
v 0.05420481 -0.01377420 -0.01255585
v 0.05400173 -0.01368812 -0.01512934
v 0.05407541 -0.01536223 -0.01254886
v 0.05420444 -0.01442842 -0.01178674
v 0.05401727 -0.01532156 -0.01331448
v 0.05405804 -0.01663595 -0.01102482
v 0.05420617 -0.01555390 -0.01016902
v 0.05420551 -0.01473268 -0.01135270
v 0.05403134 -0.01616438 -0.01209540
v 0.05405566 -0.01738277 -0.00979477
v 0.05405395 -0.01807816 -0.00848253
v 0.05420284 -0.01636656 -0.00885434
v 0.05399488 -0.01747168 -0.01049987
v 0.05402747 -0.01880817 -0.00722473
v 0.05405862 -0.01881668 -0.00656913
v 0.05405032 -0.01914487 -0.00575570
v 0.05398912 -0.01884721 -0.00781216
v 0.05405478 -0.01946648 -0.00433319
v 0.05407560 -0.01954400 -0.00313231
v 0.05399449 -0.01976590 -0.00490515
v 0.05406858 -0.01968839 -0.00256510
v 0.05407464 -0.01966624 -0.00234700
v 0.05407012 -0.01976793 -0.00171945
v 0.05401931 -0.02004925 -0.00281075
v 0.05407260 -0.01980960 -0.00082534
v 0.05407316 -0.01982837 -0.00010710
v 0.05404818 -0.02000731 0.00061371
v 0.05401573 -0.02022603 -0.00130405
v 0.05406208 -0.01982521 0.00202116
v 0.05405746 -0.01966321 0.00346016
v 0.05420356 -0.01840784 0.00285855
v 0.05400354 -0.02030426 0.00113093
v 0.05405006 -0.01944458 0.00485328
v 0.05406843 -0.01913290 0.00550107
v 0.05404131 -0.01909495 0.00632085
v 0.05399628 -0.01998458 0.00410377
v 0.05404262 -0.01861115 0.00766039
v 0.05406505 -0.01817734 0.00826485
v 0.05406235 -0.01756123 0.00949215
v 0.05399051 -0.01922459 0.00700652
v 0.05406633 -0.01685437 0.01076538
v 0.05406212 -0.01656687 0.01127238
v 0.05401857 -0.01783825 0.00970218
v 0.05407009 -0.01600592 0.01197406
v 0.05407763 -0.01539159 0.01267259
v 0.05401158 -0.01664981 0.01183560
v 0.05407263 -0.01505676 0.01316151
v 0.05405649 -0.01482128 0.01363158
v 0.05402117 -0.01570061 0.01302234
v 0.05406286 -0.01378271 0.01461388
v 0.05406803 -0.01272885 0.01555024
v 0.05403849 -0.01231586 0.01616274
v 0.05420345 -0.01203958 0.01448482
v 0.05400291 -0.01437130 0.01464988
v 0.05405928 -0.01109063 0.01688674
v 0.05405456 -0.00987472 0.01768353
v 0.05420241 -0.00957269 0.01629888
v 0.05399620 -0.01214573 0.01666361
v 0.05405449 -0.00860254 0.01838349
v 0.05406968 -0.00753495 0.01873618
v 0.05399528 -0.00962754 0.01830136
v 0.05405982 -0.00679379 0.01912816
v 0.05406457 -0.00646269 0.01921087
v 0.05406283 -0.00596070 0.01939100
v 0.05401102 -0.00745588 0.01925797
v 0.05406588 -0.00531609 0.01957352
v 0.05406078 -0.00398495 0.01991694
v 0.05401607 -0.00602800 0.01975282
v 0.05407118 -0.00100797 0.02026038
v 0.05406498 -0.00252908 0.02019294
v 0.05401160 -0.00394532 0.02030847
v 0.05405915 0.00153033 0.02039815
v 0.05406706 0.00040220 0.02039197
v 0.05401069 0.00173482 0.02075275
v 0.05401915 -0.00102457 0.02067547
v 0.05378447 -0.01134130 0.01890552
v 0.05378163 -0.00996925 0.01968542
v 0.05378064 -0.01543130 0.01560107
v 0.05378574 -0.01430983 0.01668639
v 0.05377969 -0.01312417 0.01763702
v 0.05344845 -0.01388706 0.01947885
v 0.05038689 -0.00412718 -0.04497798
v 0.05028028 -0.00520708 -0.04502489
v 0.05024397 -0.00709136 -0.04390948
v 0.04998145 -0.00867921 -0.04409254
v 0.05378734 -0.01383745 -0.01688101
v 0.05378261 -0.01499090 -0.01585675
v 0.05351760 -0.01344215 -0.01918288
v 0.05394739 -0.00957363 -0.01856249
v 0.05395075 -0.01090052 -0.01776109
v 0.05052456 -0.00359649 -0.04437839
v 0.05390794 -0.00890423 -0.01916506
v 0.05393834 -0.01029950 -0.01826705
v 0.05391439 -0.01169581 -0.01752431
v 0.05365562 -0.01128804 -0.01976994
v 0.05367667 -0.01300473 -0.01839939
v 0.04948246 -0.01004232 -0.04537131
v 0.05285227 -0.01727459 -0.01959337
v 0.04690515 -0.01884549 -0.04546325
v 0.04682608 -0.02043631 -0.04326934
v 0.05008287 -0.02810832 -0.01804659
v 0.04975599 -0.03151045 -0.01300182
v 0.04789412 -0.03402597 -0.01515337
v 0.04791152 -0.03502785 -0.01263766
v 0.04786623 -0.03301164 -0.01744271
v 0.04611955 -0.03628981 -0.01695316
v 0.04976352 -0.03330123 -0.00707317
v 0.04792435 -0.03590745 -0.00979376
v 0.04792126 -0.03656411 -0.00678471
v 0.04787866 -0.03556567 -0.01127196
v 0.04610515 -0.03783183 -0.01335561
v 0.04610586 -0.03862256 -0.01086515
v 0.04976539 -0.03406065 -0.00047806
v 0.04792940 -0.03716577 -0.00143493
v 0.04793300 -0.03720960 0.00162840
v 0.04788701 -0.03708853 -0.00413376
v 0.04610544 -0.03946082 -0.00703070
v 0.04610833 -0.04005529 -0.00181106
v 0.04976385 -0.03356181 0.00600508
v 0.04792796 -0.03696351 0.00465550
v 0.04791587 -0.03646859 0.00758559
v 0.04788821 -0.03720805 0.00311425
v 0.04611332 -0.04009954 0.00207983
v 0.04611360 -0.03987681 0.00470393
v 0.04975557 -0.03186666 0.01222930
v 0.04791957 -0.03500046 0.01271575
v 0.04791491 -0.03394502 0.01552936
v 0.04788244 -0.03592899 0.01024753
v 0.04609784 -0.03919135 0.00864513
v 0.04611356 -0.03773360 0.01365969
v 0.04611493 -0.03173371 0.02483769
v 0.04976761 -0.02895261 0.01813248
v 0.04789889 -0.02929372 0.02333116
v 0.04788458 -0.02979856 0.02271327
v 0.04792911 -0.03256882 0.01821594
v 0.04610955 -0.03322916 0.02267762
v 0.04792799 -0.03096785 0.02083979
v 0.04788001 -0.03346641 0.01671253
v 0.04610933 -0.03644071 0.01700983
v 0.04610791 -0.03526374 0.01934441
v 0.04612275 -0.02976439 0.02708762
v 0.04792957 -0.02763854 0.02511305
v 0.04975581 -0.02497797 0.02344258
v 0.04791998 -0.02559578 0.02734904
v 0.04611219 -0.02733755 0.02967609
v 0.04788260 -0.02473324 0.02823949
v 0.04792756 -0.02329543 0.02932601
v 0.04610954 -0.02535775 0.03138750
v 0.04976638 -0.02004779 0.02783320
v 0.04792595 -0.02084093 0.03113690
v 0.04610525 -0.02224447 0.03369185
v 0.04787923 -0.01911861 0.03238612
v 0.04975178 -0.01440427 0.03124290
v 0.04792535 -0.01615891 0.03382145
v 0.04791322 -0.01344128 0.03512998
v 0.04789693 -0.01834853 0.03280114
v 0.04611050 -0.02004781 0.03511474
v 0.04612319 -0.01729936 0.03648884
v 0.04611161 -0.00537648 0.04023306
v 0.04976694 -0.00820007 0.03346400
v 0.04789938 -0.00470292 0.03744505
v 0.04787979 -0.00562547 0.03734413
v 0.04792749 -0.01056199 0.03608705
v 0.04610644 -0.00795081 0.03974493
v 0.04792640 -0.00761592 0.03684907
v 0.04788094 -0.01237303 0.03559927
v 0.04611096 -0.01418049 0.03793266
v 0.04610788 -0.01169446 0.03877586
v 0.05378726 0.00178476 0.02218720
v 0.05379024 -0.00105783 0.02215275
v 0.05379363 0.00040790 0.02223018
v 0.05378097 -0.00439650 0.02172944
v 0.05378569 -0.00287200 0.02202436
v 0.05346113 -0.00147504 0.02407605
v 0.05377903 -0.00802817 0.02062552
v 0.05378578 -0.00716073 0.02093464
v 0.05377982 -0.00646869 0.02120101
v 0.05344541 -0.00993753 0.02185636
v 0.05344632 -0.00560892 0.02342336
v 0.05377891 -0.01787654 0.01267656
v 0.05378586 -0.01728785 0.01345832
v 0.05378005 -0.01688303 0.01402425
v 0.05344664 -0.01732818 0.01640454
v 0.05378207 -0.02175835 0.00075929
v 0.05378479 -0.02165870 0.00232592
v 0.05378105 -0.02131790 0.00441709
v 0.05378596 -0.02098442 0.00590346
v 0.05378047 -0.02050803 0.00737208
v 0.05344847 -0.02332586 0.00421766
v 0.05378432 -0.01971545 0.00939689
v 0.05378185 -0.01899414 0.01081250
v 0.05344525 -0.02011898 0.01270931
v 0.05344796 -0.02213134 0.00856746
v 0.05378023 -0.02156267 -0.00306689
v 0.05378604 -0.02162525 -0.00238222
v 0.05377901 -0.02173941 -0.00140268
v 0.05344543 -0.02368866 -0.00030886
v 0.05378565 -0.02068598 -0.00669729
v 0.05378064 -0.02110510 -0.00517899
v 0.05344667 -0.02314814 -0.00491443
v 0.05378110 -0.01861799 -0.01124344
v 0.05378567 -0.01937254 -0.00989483
v 0.05378263 -0.01997558 -0.00849187
v 0.05345257 -0.02186100 -0.00904844
v 0.05377932 -0.01648124 -0.01430522
v 0.05378622 -0.01707743 -0.01353375
v 0.05378080 -0.01749498 -0.01302023
v 0.05344571 -0.01711534 -0.01644700
v 0.05285189 -0.01866732 -0.01811730
v 0.05344733 -0.01990713 -0.01284074
v 0.04610622 -0.00220354 0.04050676
v 0.04790380 -0.00220557 0.03763629
v 0.04975004 -0.00229943 0.03452568
v 0.04789126 0.00053047 0.03781046
v 0.05287654 0.00045242 0.02647937
v 0.05286461 -0.00153211 0.02638785
v 0.05101191 0.00046787 0.03183854
v 0.05097930 -0.00768564 0.03074459
v 0.05098797 -0.00461260 0.03149511
v 0.05285521 -0.00376414 0.02622544
v 0.05099408 -0.00192602 0.03171729
v 0.05214997 -0.00185659 0.02890011
v 0.05285117 -0.01077749 0.02397726
v 0.05098852 -0.01043639 0.02998655
v 0.05285115 -0.00632644 0.02559323
v 0.05285537 -0.00861473 0.02496906
v 0.05213629 -0.00680976 0.02807517
v 0.05285532 -0.01318816 0.02279627
v 0.05285121 -0.01512302 0.02141249
v 0.05098822 -0.01593130 0.02737518
v 0.05097933 -0.01304050 0.02880041
v 0.05213631 -0.01199985 0.02619083
v 0.05285547 -0.01726948 0.01979258
v 0.05097987 -0.02305153 0.02142287
v 0.05098847 -0.02083408 0.02376598
v 0.05097928 -0.01826149 0.02571757
v 0.05213630 -0.01674404 0.02335353
v 0.05285138 -0.01911085 0.01783666
v 0.05097976 -0.02669420 0.01653102
v 0.05098927 -0.02495673 0.01927950
v 0.05285564 -0.02069816 0.01605983
v 0.05213671 -0.02086502 0.01965774
v 0.05098860 -0.02815300 0.01405884
v 0.05285125 -0.02213834 0.01376857
v 0.05285130 -0.02421901 0.00951489
v 0.05285535 -0.02335752 0.01171422
v 0.05213651 -0.02420946 0.01522015
v 0.05098084 -0.03086056 0.00535530
v 0.05098875 -0.03027826 0.00841492
v 0.05097975 -0.02919565 0.01141755
v 0.05285550 -0.02512709 0.00701449
v 0.05213652 -0.02663525 0.01026150
v 0.05098070 -0.03128845 -0.00061470
v 0.05098977 -0.03129787 0.00260910
v 0.05285600 -0.02597539 0.00218584
v 0.05285187 -0.02560604 0.00446590
v 0.05213733 -0.02806765 0.00504563
v 0.05097978 -0.03055289 -0.00667656
v 0.05098961 -0.03119132 -0.00348201
v 0.05285177 -0.02596068 -0.00049870
v 0.05285585 -0.02588601 -0.00288175
v 0.05213723 -0.02848760 -0.00038757
v 0.05098138 -0.02886815 -0.01209086
v 0.05098835 -0.02991280 -0.00944720
v 0.05285131 -0.02534760 -0.00553955
v 0.05285525 -0.02481899 -0.00785199
v 0.05213655 -0.02784907 -0.00591443
v 0.05097991 -0.02623885 -0.01707048
v 0.05098815 -0.02787756 -0.01440606
v 0.05285208 -0.02394579 -0.01004674
v 0.05285524 -0.02312784 -0.01197078
v 0.05213769 -0.02633306 -0.01088095
v 0.04876739 -0.01444413 -0.04399149
v 0.05241950 -0.01994125 -0.01910821
v 0.05098212 -0.02497296 -0.01906019
v 0.05285153 -0.02175519 -0.01419143
v 0.05285585 -0.02047559 -0.01615223
v 0.05213674 -0.02396696 -0.01541749
v 0.00472325 0.05349630 -0.02574545
v 0.01058812 0.05334121 -0.02570313
v 0.01218025 0.05326961 -0.02567126
v 0.01061115 0.05335549 -0.02613238
v 0.01291597 0.05324942 -0.02619631
v 0.01567904 0.05310033 -0.02572547
v 0.01499641 0.05313101 -0.02554658
v 0.01923676 0.05289571 -0.02499258
v 0.02201168 0.05271441 -0.02435090
v 0.02464203 0.05252344 -0.02333930
v 0.02703830 0.05233598 -0.02189833
v 0.02928406 0.05214628 -0.02015547
v 0.03617586 0.05078031 -0.01699871
v 0.04025094 0.04834857 -0.01721837
v 0.04068950 0.04835565 -0.01556985
v 0.04079429 0.04809013 -0.01636808
v 0.03961316 0.04931874 -0.01461910
v 0.04169703 0.04786203 -0.01390466
v 0.04313897 0.04669497 -0.01244712
v 0.04229828 0.04766984 -0.01154079
v 0.04365838 0.04673921 -0.00850600
v 0.04489782 0.04525572 -0.00871142
v 0.04475617 0.04565442 -0.00693376
v 0.00000272 0.05131609 -0.00441659
v -0.00011285 0.05123074 -0.00362409
v 0.01683730 0.05243827 -0.01496665
v 0.02098805 0.05238124 -0.01522292
v 0.03384208 0.05132269 -0.00482367
v 0.02235263 0.05250681 -0.01808902
v 0.02066640 0.05258221 -0.01816209
v 0.02239263 0.05251449 -0.01833196
v 0.03299331 0.05154672 -0.00772268
v 0.03342352 0.05152905 -0.00781110
v 0.02204145 0.05258088 -0.01968509
v 0.02485089 0.05243203 -0.01928632
v 0.02631631 0.05234538 -0.01913136
v 0.03233214 0.05181393 -0.01215540
v 0.03489882 0.05137969 -0.00812646
v 0.03297101 0.05172606 -0.01071940
v 0.03317949 0.05175311 -0.01245195
v 0.03683320 0.05087553 -0.00534289
v 0.03659271 0.05100412 -0.00849470
v 0.04089442 0.04895433 -0.00956268
v 0.04248207 0.04783494 -0.00843571
v 0.04291992 0.04761429 -0.00661056
v 0.04024913 0.04951670 -0.00604661
v 0.03787663 0.05036726 -0.01400251
v 0.03923110 0.04982335 -0.01247284
v 0.03628389 0.05112748 -0.01161770
v 0.03829871 0.05040324 -0.00890537
v 0.03977710 0.04966081 -0.00926174
v 0.02586521 0.05239902 -0.02047682
v 0.02721927 0.05230552 -0.02008574
v 0.02851723 0.05220814 -0.01952056
v 0.02975541 0.05210923 -0.01878279
v 0.03116366 0.05197743 -0.01804473
v 0.03339444 0.05162135 -0.01743314
v 0.03216804 0.05188739 -0.01524018
v 0.03494603 0.05127441 -0.01646746
v 0.03654589 0.05082747 -0.01532951
v 0.03339755 0.05173436 -0.01412349
v 0.03481185 0.05148030 -0.01298126
v 0.03641904 0.05100050 -0.01350618
v 0.03340172 0.05169540 -0.01578394
v 0.04546402 -0.00471025 0.04118918
v 0.04521262 -0.00577164 0.04135232
v 0.04545533 -0.00227232 0.04136487
v 0.00000271 -0.02564781 0.03961215
v 0.00000271 -0.02433350 0.04042702
v 0.03298014 -0.02896904 0.03718704
v 0.00030271 -0.02886117 0.03727752
v 0.00000271 -0.02811804 0.03786752
v 0.00000271 -0.02689085 0.03874304
v 0.03328059 -0.02688972 0.03874135
v 0.03356512 -0.02913500 0.03702470
v 0.03468354 -0.02665989 0.03881035
v 0.03378608 -0.02821969 0.03776841
v 0.04525318 -0.02081811 0.03595472
v 0.04545509 -0.01769883 0.03727920
v 0.04546240 -0.01987854 0.03620080
v 0.04551189 -0.03702412 -0.01730055
v 0.04555301 -0.03606246 -0.01924727
v 0.04545947 -0.03814176 -0.01501776
v 0.04507268 -0.03912805 -0.01365661
v 0.04517995 -0.03741017 -0.01746085
v 0.04270299 -0.04089533 -0.01547411
v 0.04545954 -0.03983867 -0.00967323
v 0.04507248 -0.03985669 -0.01136295
v 0.04545037 -0.04031049 -0.00719557
v 0.04371043 -0.04083070 -0.01293294
v 0.04267637 -0.04164304 -0.01319526
v 0.03371117 -0.04672073 -0.00381542
v 0.01771179 -0.04366462 -0.03714766
v 0.03660312 -0.04577369 -0.00813419
v 0.03297111 -0.04672193 -0.00412843
v 0.01628531 -0.04372456 -0.03681802
v 0.01700975 -0.04371100 -0.03692967
v 0.03376133 -0.04663653 -0.00490649
v 0.03370800 -0.04683836 -0.00135330
v 0.03583256 -0.04659937 -0.00210982
v 0.03296431 -0.04686735 -0.00121189
v 0.00030265 -0.04687030 -0.00116732
v 0.00000267 -0.04691473 0.00081591
v 0.03375494 -0.04689962 0.00077110
v 0.04544927 -0.04092342 -0.00186547
v 0.04545805 -0.04076445 -0.00453342
v 0.04412535 -0.04178914 -0.00744493
v 0.04545776 -0.04102585 0.00069118
v 0.04505817 -0.04143676 0.00230451
v 0.04409265 -0.04245117 -0.00192333
v 0.04545974 -0.04054718 0.00633221
v 0.04505944 -0.04123163 0.00471342
v 0.04365477 -0.04275846 0.00368833
v 0.03287764 -0.04674713 0.00408730
v 0.00000268 -0.04686233 0.00219887
v 0.00000268 -0.04680686 0.00338029
v 0.03462531 -0.04677804 0.00246100
v 0.03326444 -0.04686064 0.00219871
v 0.03359260 -0.04591680 0.00946586
v 0.03644053 -0.04637909 0.00397127
v 0.03463153 -0.04656369 0.00506055
v 0.03287764 -0.04658830 0.00554558
v 0.03297110 -0.04595313 0.00938436
v 0.00030266 -0.04596336 0.00934327
v 0.00000268 -0.04638782 0.00718129
v 0.03340522 -0.04661083 0.00525053
v 0.03376828 -0.04637144 0.00718151
v 0.03360087 -0.04542795 0.01173357
v 0.03574838 -0.04561143 0.01000402
v 0.03297994 -0.04538968 0.01198280
v 0.00030267 -0.04536034 0.01210922
v 0.00000269 -0.04515377 0.01291383
v 0.03378524 -0.04517116 0.01278389
v 0.04545320 -0.04002090 0.00883683
v 0.04546339 -0.03942500 0.01142659
v 0.04413834 -0.04148116 0.00913633
v 0.04546327 -0.03770024 0.01629636
v 0.04545508 -0.03855093 0.01396421
v 0.04510403 -0.03753676 0.01771717
v 0.04415046 -0.03995234 0.01444744
v 0.04528786 -0.03410387 0.02329948
v 0.04546457 -0.03518089 0.02127642
v 0.04510217 -0.03645029 0.01986548
v 0.04374608 -0.03811436 0.01969536
v 0.04546145 -0.03204267 0.02584564
v 0.04529155 -0.03273800 0.02528972
v 0.04394519 -0.03511887 0.02439674
v 0.04167327 -0.04233571 -0.01340275
v 0.04266677 -0.04249180 -0.01046424
v 0.03744962 -0.04513401 -0.01048583
v 0.04261921 -0.04305585 -0.00767420
v 0.03739960 -0.04557693 -0.00810752
v 0.03735892 -0.04609311 -0.00511832
v 0.04259287 -0.04356131 -0.00484238
v 0.04256746 -0.04374109 -0.00199016
v 0.04014297 -0.04458477 -0.00793316
v 0.03733441 -0.04627124 -0.00209977
v 0.03732353 -0.04638877 0.00093263
v 0.04256446 -0.04385668 0.00088976
v 0.03735245 -0.04615910 0.00396034
v 0.04008330 -0.04527896 -0.00205213
v 0.04258212 -0.04362709 0.00376452
v 0.04262170 -0.04333454 0.00660296
v 0.03739481 -0.04586896 0.00696872
v 0.03743319 -0.04524868 0.00993455
v 0.04009979 -0.04516509 0.00387926
v 0.04264649 -0.04273184 0.00940894
v 0.03748490 -0.04457006 0.01287754
v 0.04269251 -0.04207155 0.01217563
v 0.04017392 -0.04425679 0.00972336
v 0.04269257 -0.04113543 0.01487482
v 0.04271454 -0.04014594 0.01753635
v 0.04269005 -0.03889735 0.02008712
v 0.04022741 -0.04261637 0.01539052
v 0.04268736 -0.03758264 0.02262834
v 0.04265060 -0.03602077 0.02500859
v 0.04022443 -0.04028940 0.02080759
v 0.04263539 -0.03438805 0.02737738
v 0.04017838 -0.03729959 0.02589870
v 0.03620942 -0.04387276 0.01583351
v 0.03749183 -0.04358218 0.01573552
v 0.03751277 -0.04253977 0.01856661
v 0.03748804 -0.04120327 0.02127189
v 0.03362736 -0.03966096 0.02522864
v 0.03747723 -0.03980877 0.02395733
v 0.03743759 -0.03813652 0.02647275
v 0.03583830 -0.04153145 0.02144541
v 0.03362075 -0.03831320 0.02720063
v 0.03741132 -0.03640589 0.02896426
v 0.03578312 -0.03843372 0.02668503
v 0.03288044 -0.03467154 0.03184698
v 0.00000271 -0.03403067 0.03256685
v 0.00000271 -0.03335397 0.03326289
v 0.03449160 -0.03527761 0.03104632
v 0.03297245 -0.03827792 0.02728674
v 0.03288043 -0.03576733 0.03057690
v 0.00030269 -0.03825639 0.02732072
v 0.00000270 -0.03688402 0.02924535
v 0.03377149 -0.03687184 0.02923436
v 0.03340965 -0.03540036 0.03098714
v 0.03274420 -0.04036949 0.02412778
v 0.03297953 -0.03986503 0.02495138
v 0.00030269 -0.03995091 0.02481717
v 0.00000270 -0.04025030 0.02432883
v 0.03378409 -0.04015361 0.02445476
v 0.03274470 -0.04064648 0.02364321
v 0.03395235 -0.04175141 0.02141879
v 0.03394943 -0.04056319 0.02373947
v 0.03328001 -0.04036849 0.02412552
v 0.03277682 -0.04333682 0.01813920
v 0.03274419 -0.04178248 0.02141022
v 0.00030267 -0.04329455 0.01824968
v 0.00030267 -0.04178247 0.02141023
v 0.00000269 -0.04300094 0.01896055
v 0.03379141 -0.04303265 0.01884534
v 0.03328365 -0.04178060 0.02140934
v 0.03277682 -0.04399019 0.01636763
v 0.00030267 -0.04399223 0.01636214
v 0.00000269 -0.04496440 0.01356224
v 0.00000269 -0.04471922 0.01436357
v 0.03432186 -0.04481124 0.01390131
v 0.03328032 -0.04496256 0.01356148
v 0.03432388 -0.04394275 0.01635926
v 0.03331603 -0.04395514 0.01645110
v 0.03297432 -0.03092363 0.03550623
v 0.00000271 -0.03257155 0.03404630
v 0.03327450 -0.03335261 0.03326151
v 0.03355978 -0.03085777 0.03554014
v 0.03572901 -0.03033564 0.03575174
v 0.03741169 -0.03440630 0.03124237
v 0.03634641 -0.03460030 0.03141039
v 0.03449340 -0.03353681 0.03298750
v 0.03377462 -0.03252974 0.03406303
v 0.03744953 -0.03008422 0.03547054
v 0.04262984 -0.03249230 0.02953833
v 0.04015492 -0.03365600 0.03056744
v 0.03742614 -0.03236660 0.03347403
v 0.04545400 -0.03041481 0.02768803
v 0.04546206 -0.02873945 0.02953184
v 0.04511547 -0.02807147 0.03074158
v 0.04411990 -0.03154868 0.02868403
v 0.04264697 -0.03056106 0.03164160
v 0.03748649 -0.02777167 0.03741190
v 0.04018910 -0.02941974 0.03470052
v 0.04265961 -0.02839219 0.03352674
v 0.04511395 -0.02624646 0.03231363
v 0.04546320 -0.02450787 0.03317974
v 0.04524837 -0.02283523 0.03463815
v 0.04390766 -0.02327406 0.03607541
v 0.04374965 -0.02780752 0.03284100
v 0.04269380 -0.02620398 0.03534348
v 0.04270098 -0.02143691 0.03847328
v 0.04022012 -0.02470154 0.03824176
v 0.04268632 -0.02383279 0.03693802
v 0.03468400 -0.02448130 0.04024453
v 0.03656581 -0.02539246 0.03928951
v 0.03748378 -0.02526194 0.03909835
v 0.03749525 -0.02272240 0.04073227
v 0.03282761 -0.02254475 0.04148549
v 0.00000272 -0.02319142 0.04112510
v 0.03328121 -0.02433243 0.04042525
v 0.03378769 -0.02280294 0.04132618
v 0.04546290 -0.01544274 0.03835778
v 0.04513320 -0.01443871 0.03918128
v 0.04414480 -0.01833707 0.03862287
v 0.04268489 -0.01889379 0.03975051
v 0.04021867 -0.01957074 0.04116290
v 0.03748206 -0.02002073 0.04208206
v 0.04269108 -0.01630356 0.04097961
v 0.03568003 -0.02018939 0.04243875
v 0.03378568 -0.02025930 0.04258195
v 0.03748315 -0.01728468 0.04338107
v 0.03298114 -0.00942265 0.04635004
v 0.03290357 -0.01352486 0.04529916
v 0.00030273 -0.00946737 0.04634282
v 0.00030273 -0.01348938 0.04531126
v 0.00000273 -0.01163878 0.04586954
v 0.03290357 -0.01522354 0.04476132
v 0.00030272 -0.01537249 0.04471250
v 0.00000272 -0.01594107 0.04451535
v 0.03448423 -0.01641707 0.04426688
v 0.03344084 -0.01384863 0.04518473
v 0.03282758 -0.02020506 0.04263101
v 0.00030272 -0.02019432 0.04263655
v 0.00000272 -0.01674811 0.04420490
v 0.00000272 -0.01779659 0.04378514
v 0.03336348 -0.02026439 0.04259438
v 0.03378532 -0.01780095 0.04376456
v 0.03328037 -0.01674728 0.04420301
v 0.04520811 -0.00813816 0.04089594
v 0.04546400 -0.01015512 0.04013966
v 0.04513061 -0.01215201 0.03995144
v 0.04386246 -0.00789852 0.04240281
v 0.04377092 -0.01331478 0.04105903
v 0.04268433 -0.01359411 0.04191685
v 0.04021794 -0.01409991 0.04339911
v 0.04269987 -0.01088319 0.04278717
v 0.04270618 -0.00528029 0.04388146
v 0.04269182 -0.00807939 0.04336721
v 0.04022690 -0.00838905 0.04490399
v 0.03363363 -0.00932152 0.04634933
v 0.03748143 -0.01442214 0.04437021
v 0.03636838 -0.01451245 0.04462716
v 0.03378767 -0.01162684 0.04585480
v 0.03448460 -0.01394589 0.04509825
v 0.03749388 -0.01154791 0.04529929
v 0.03363471 -0.00701561 0.04680099
v 0.03749072 -0.00858281 0.04591069
v 0.03750198 -0.00561410 0.04646109
v 0.03583097 -0.00865833 0.04627633
v 0.03568342 -0.00262410 0.04708259
v 0.04022344 -0.00253427 0.04566566
v 0.03748774 -0.00260291 0.04668753
v 0.03748727 0.00063349 0.04685235
v 0.04546232 0.00055553 0.04151069
v 0.04414645 -0.00235413 0.04284853
v 0.04268895 -0.00244239 0.04410146
v 0.04269325 0.00059463 0.04425807
v 0.03298199 -0.00675836 0.04686751
v 0.03275657 -0.00476426 0.04712254
v 0.00030273 -0.00663775 0.04688914
v 0.00000272 -0.00547616 0.04705914
v 0.03378948 -0.00554438 0.04703370
v 0.03378700 -0.00263473 0.04724204
v 0.03275656 -0.00255960 0.04726458
v 0.00030272 0.00064334 0.04742483
v 0.03378631 0.00064133 0.04740765
v 0.03329297 -0.00263490 0.04725696
v 0.03274464 0.02105967 0.04261638
v 0.00030111 0.02106002 0.04261632
v 0.00000212 0.02673650 0.03946492
v 0.00000273 0.02398432 0.04119539
v 0.03377586 0.02397654 0.04118047
v 0.03566232 0.02664624 0.03931597
v 0.03346179 0.04879614 0.00850542
v 0.03575092 0.04931054 0.00608869
v 0.03353716 0.04807711 0.01086704
v 0.03656190 0.04830203 0.00897750
v 0.03490448 0.04855238 0.00902897
v 0.00000273 0.04946529 0.00624987
v 0.00002906 0.04987648 0.00446137
v 0.03292708 0.04882690 0.00844812
v 0.03364671 0.04944854 0.00627135
v 0.00000092 0.04668958 0.01462410
v 0.00000273 0.04769618 0.01206378
v 0.03297182 0.04803328 0.01106168
v 0.03377857 0.04772442 0.01193474
v 0.03858070 0.04863520 0.00584723
v 0.04177411 0.04710570 0.00540323
v 0.03806001 0.04792526 0.00886183
v 0.03745694 0.04722572 0.01170149
v 0.04219040 0.04595921 0.00827583
v 0.04022422 0.04710196 0.00858892
v 0.04347382 0.04499670 0.00796791
v 0.04267152 0.04478443 0.01084537
v 0.04416636 0.04522836 0.00487625
v 0.04480315 0.04373648 0.00756734
v 0.04547726 0.04119056 0.01238687
v 0.04414717 0.04259140 0.01296241
v 0.04415117 0.04022645 0.01814899
v 0.04547589 0.04015880 0.01497408
v 0.04549076 0.04214762 0.00989342
v 0.04562026 0.04278309 0.00725799
v 0.04606230 0.04047093 0.01210427
v 0.04573158 0.04344228 0.00449398
v 0.04600438 0.04229084 0.00709681
v 0.00000274 0.03680993 0.03100602
v 0.03669507 0.03181935 0.03524248
v 0.03480495 0.03579780 0.03194236
v 0.03481157 0.03769112 0.02982121
v 0.03668492 0.03654178 0.03063500
v 0.00000273 0.04553562 0.01749232
v 0.03326983 0.04668785 0.01462317
v 0.03567597 0.04653205 0.01454369
v 0.03377801 0.04667769 0.01460879
v 0.03747195 0.04616780 0.01439730
v 0.03378988 0.04552429 0.01747515
v 0.00000238 0.04412557 0.02024326
v 0.00000273 0.04277550 0.02281624
v 0.00000310 0.04209934 0.02392303
v 0.03326589 0.04412393 0.02024238
v 0.03647629 0.04058897 0.02553249
v 0.03378380 0.04411614 0.02022536
v 0.03567440 0.04397961 0.02014295
v 0.03377416 0.04276509 0.02280090
v 0.00000274 0.04146204 0.02493502
v 0.03460252 0.04031129 0.02644400
v 0.03328159 0.04209749 0.02392195
v 0.03461643 0.04188788 0.02412419
v 0.00000233 0.04028179 0.02660494
v 0.00000274 0.03902422 0.02835355
v 0.00000254 0.03790117 0.02971328
v 0.03328163 0.03789956 0.02971184
v 0.03377709 0.03901515 0.02833768
v 0.03326773 0.04028022 0.02660383
v 0.00000273 0.03454969 0.03336461
v 0.00000305 0.03569258 0.03218402
v 0.03327500 0.03569122 0.03218248
v 0.03378654 0.03454117 0.03334874
v 0.00000289 0.03325075 0.03455418
v 0.00000273 0.03194916 0.03572334
v 0.00000292 0.03071272 0.03670923
v 0.03482071 0.03085749 0.03647644
v 0.03482877 0.03302926 0.03462862
v 0.03328419 0.03324932 0.03455253
v 0.00000274 0.02929938 0.03780271
v 0.03327288 0.02673539 0.03946323
v 0.03378146 0.02672904 0.03944957
v 0.03378477 0.02929180 0.03778693
v 0.03327610 0.03071135 0.03670769
v 0.04021077 0.04522019 0.01401288
v 0.04267933 0.04376302 0.01343823
v 0.04268291 0.04134905 0.01873456
v 0.04270467 0.04266260 0.01613202
v 0.03750365 0.04502235 0.01722503
v 0.04268051 0.03994075 0.02140985
v 0.03748122 0.04363543 0.01994911
v 0.03747347 0.04215381 0.02275328
v 0.04021877 0.04272952 0.01947073
v 0.03746719 0.03853764 0.02805507
v 0.03746430 0.04039317 0.02538511
v 0.04020202 0.03955272 0.02480647
v 0.03749654 0.03417580 0.03292480
v 0.03747724 0.03639588 0.03049345
v 0.04021378 0.03563499 0.02981022
v 0.03747834 0.02917678 0.03718651
v 0.03748380 0.03169399 0.03508335
v 0.04021712 0.03103263 0.03430315
v 0.03744781 0.02371454 0.04070269
v 0.03745902 0.02644019 0.03898407
v 0.04019107 0.02589174 0.03812854
v 0.04366939 0.03759154 0.02345135
v 0.04266726 0.03827152 0.02391526
v 0.04267405 0.03650867 0.02645176
v 0.04267642 0.03447801 0.02875992
v 0.04269886 0.03236845 0.03105873
v 0.04413461 0.03354079 0.02792665
v 0.04268032 0.03002868 0.03310442
v 0.04268096 0.02764239 0.03510194
v 0.04414112 0.02921093 0.03214853
v 0.04265703 0.02505971 0.03681120
v 0.04265141 0.02246928 0.03845127
v 0.04412504 0.02437617 0.03575347
v 0.04503580 0.01997117 0.03719538
v 0.04544155 0.02358578 0.03449142
v 0.04544183 0.02125335 0.03597648
v 0.04603139 0.01952422 0.03600992
v 0.04545085 0.02826174 0.03100560
v 0.04545564 0.02601194 0.03288820
v 0.04581635 0.02331861 0.03409313
v 0.04545256 0.03243946 0.02691640
v 0.04546251 0.03045753 0.02908804
v 0.04601913 0.02777300 0.03044448
v 0.04546100 0.03424423 0.02486243
v 0.04606247 0.03183651 0.02638645
v 0.04504712 0.03706026 0.02172947
v 0.04503891 0.03559106 0.02390341
v 0.04608651 0.03442080 0.02324403
v 0.04546410 0.03763937 0.01987784
v 0.04606347 0.03820974 0.01707818
v 0.04546398 0.03891218 0.01744127
v 0.04608778 0.03601520 0.02090054
v 0.03279118 0.01385448 0.04531502
v 0.03274847 0.01792704 0.04405922
v 0.03327791 0.02105861 0.04261457
v 0.03377807 0.02105293 0.04260090
v 0.03565997 0.02098664 0.04245906
v 0.03744668 0.02081838 0.04210991
v 0.03378012 0.01791720 0.04404488
v 0.04018013 0.02038748 0.04119270
v 0.04265051 0.01971266 0.03978820
v 0.03745558 0.01772083 0.04353508
v 0.04365912 0.01936474 0.03903923
v 0.04504386 0.01760815 0.03830980
v 0.04266680 0.01679240 0.04112627
v 0.04602140 0.01698469 0.03723387
v 0.04545590 0.01567644 0.03859879
v 0.04609241 0.00429994 0.04033991
v 0.04544192 0.00436227 0.04119529
v 0.04600650 0.01194023 0.03897412
v 0.04412832 0.00452543 0.04267277
v 0.04412596 0.01257423 0.04110667
v 0.04543979 0.01213156 0.03968837
v 0.04546015 0.00832667 0.04074736
v 0.04020541 0.00479578 0.04547301
v 0.04266941 0.00465786 0.04391848
v 0.04019046 0.01337900 0.04380686
v 0.04265648 0.01292264 0.04231774
v 0.04269428 0.00885219 0.04344131
v 0.03567697 0.00493114 0.04687794
v 0.03747247 0.00489880 0.04648695
v 0.03566076 0.01378182 0.04515384
v 0.03745684 0.01366465 0.04478182
v 0.03748873 0.00935008 0.04598863
v 0.03278896 0.01010447 0.04641050
v 0.00030265 0.00494789 0.04705313
v 0.00030266 0.00940874 0.04656110
v 0.00000273 0.00875902 0.04666950
v 0.03378472 0.00494710 0.04703601
v 0.03327952 0.00494762 0.04705107
v 0.03332163 0.01383096 0.04531719
v 0.03378158 0.01382590 0.04530403
v 0.03378704 0.00945742 0.04653410
v 0.04745185 0.01631885 0.03514126
v 0.04739024 0.01465027 0.03596596
v 0.04742355 0.01113409 0.03696880
v 0.04784913 0.00939868 0.03675486
v 0.04918290 0.01209394 0.03376446
v 0.05100992 0.00920742 0.03059514
v 0.04997726 0.01330084 0.03161247
v 0.05049948 0.01117267 0.03129983
v 0.05163240 0.01036340 0.02874253
v 0.05379252 0.00633798 0.02142561
v 0.05287578 0.00776371 0.02543436
v 0.05245770 0.00959837 0.02651961
v 0.05193417 0.01148974 0.02739381
v 0.05307981 0.00883972 0.02434627
v 0.05390381 0.00844613 0.02002083
v 0.05389046 0.00718524 0.02053676
v 0.05388953 0.00922250 0.01977832
v 0.05385350 0.01063773 0.01922527
v 0.05365633 0.00794521 0.02187234
v 0.05379056 0.00392600 0.02195874
v 0.05379509 0.00525535 0.02167223
v 0.05346197 0.00270179 0.02400578
v 0.05287244 0.00276714 0.02628593
v 0.05346944 0.00611052 0.02346639
v 0.05100287 0.00324850 0.03161322
v 0.05216044 0.00316038 0.02879243
v 0.05216491 0.00725699 0.02816971
v 0.05287540 0.00658113 0.02572429
v 0.05287622 0.00533088 0.02601624
v 0.04787439 0.00379663 0.03754744
v 0.04974012 0.00370331 0.03445289
v 0.04788792 0.00742134 0.03715460
v 0.04974911 0.00860587 0.03370190
v 0.05100921 0.00783534 0.03093163
v 0.05101101 0.00630441 0.03128597
v 0.00000272 0.05084808 -0.00058558
v -0.00007656 0.05055641 0.00108295
v 0.00000269 0.05025262 0.00277839
v 0.03557644 0.04976009 0.00405727
v 0.03449263 0.04985494 0.00427712
v 0.03320133 0.04987607 0.00445721
v 0.03298614 0.05055667 0.00107947
v 0.04540830 0.04487179 -0.00591822
v 0.04414908 0.04643576 -0.00559726
v 0.04500306 0.04540909 -0.00582330
v 0.04523078 0.04516588 -0.00475451
v 0.04325068 0.04733480 -0.00537831
v 0.04201907 0.04836024 -0.00509310
v 0.04353349 0.04707542 -0.00432293
v 0.03901156 0.05007410 -0.00450121
v 0.04064253 0.04925719 -0.00481252
v 0.04098020 0.04901593 -0.00378068
v 0.03580216 0.05101124 -0.00398376
v 0.03725683 0.05067964 -0.00420675
v 0.03763812 0.05048951 -0.00321357
v 0.00015212 0.05099794 -0.00168995
v 0.00000272 0.05112666 -0.00266776
v 0.03345844 0.05123060 -0.00368857
v 0.03428559 0.05119193 -0.00378035
v 0.03303115 0.05099676 -0.00168206
v 0.03470119 0.05105704 -0.00282626
v 0.04589129 0.04426016 -0.00384033
v 0.04421011 0.04576607 0.00143549
v 0.04537948 0.04496660 -0.00369568
v 0.04457398 0.04596797 -0.00347063
v 0.04552035 0.04476584 -0.00262589
v 0.04289850 0.04693980 0.00173057
v 0.04405877 0.04591412 0.00147337
v 0.04372819 0.04684700 -0.00326494
v 0.04256125 0.04786630 -0.00300040
v 0.04393840 0.04656384 -0.00187890
v 0.03843909 0.04935713 0.00239674
v 0.04165141 0.04781744 0.00196014
v 0.04010397 0.04868454 0.00219739
v 0.04123721 0.04878102 -0.00274674
v 0.03966038 0.04963221 -0.00247033
v 0.04150940 0.04848706 -0.00137567
v 0.03714029 0.04974078 0.00252828
v 0.03541267 0.05033882 0.00124594
v 0.03794573 0.05028881 -0.00221814
v 0.03651725 0.05066910 -0.00203179
v 0.03827002 0.05002672 -0.00088896
v 0.03318725 0.05084813 -0.00060173
v 0.03421976 0.05050043 0.00114978
v 0.03503228 0.05090353 -0.00186940
v 0.03400486 0.05098533 -0.00177313
v 0.03537963 0.05069464 -0.00062101
v 0.04507622 0.04472650 0.00203290
v 0.04631838 0.04308774 0.00174769
v 0.04608438 0.04392395 -0.00181246
v 0.04499534 0.04531554 -0.00116302
v 0.04533557 -0.02339839 -0.04365470
v 0.04385373 -0.02537020 -0.04507369
v 0.04347170 -0.01145725 -0.07091451
v 0.04640653 -0.02130594 -0.04349571
v 0.04214518 -0.01420168 -0.07109251
v 0.02384565 -0.04230894 -0.04038553
v 0.02290011 -0.04254329 -0.04024358
v 0.02259048 -0.04300303 -0.03799482
v 0.01022156 -0.03940057 -0.07056595
v 0.02537302 -0.04185470 -0.04061571
v 0.02598351 -0.04164937 -0.04075070
v 0.01231229 -0.03884353 -0.07069000
v 0.02080869 -0.04334555 -0.03769983
v 0.00779773 -0.03986937 -0.07045280
v 0.00294092 -0.04039679 -0.07051780
v 0.00296452 -0.04056552 -0.06956692
v 0.01980755 -0.04348906 -0.03746766
v 0.00563791 -0.04023520 -0.07028898
v 0.02864547 -0.04059492 -0.04112999
v 0.02720766 -0.04121080 -0.04086760
v 0.01497647 -0.03801637 -0.07085020
v 0.01689177 -0.03730415 -0.07093434
v 0.04688996 0.00226614 -0.07082688
v 0.04692911 0.00109955 -0.07015101
v 0.04664394 -0.00041323 -0.07050806
v 0.05017407 -0.00744458 -0.04405804
v 0.04564361 -0.00511476 -0.07067616
v 0.04627257 -0.00246902 -0.07057496
v 0.04930726 -0.01084790 -0.04546285
v 0.04919980 -0.01283618 -0.04389465
v 0.04509095 -0.00706456 -0.07074157
v 0.04416615 -0.00967565 -0.07085917
v 0.04740587 -0.01748460 -0.04548855
v 0.04837899 -0.01556820 -0.04421824
v 0.05070930 0.00321065 -0.04484686
v 0.05070831 0.00298947 -0.04485295
v 0.05070209 0.00148713 -0.04479393
v 0.05068194 -0.00052074 -0.04446848
v 0.04733137 0.00666595 -0.06963261
v 0.04717037 0.00436445 -0.07028206
v 0.05068682 0.00219965 -0.04497949
v 0.05068459 0.00195103 -0.04497469
v 0.04726960 0.00811458 -0.06994216
v 0.04715587 0.00664354 -0.07057535
v 0.03826985 0.04399786 -0.04253909
v 0.03544119 0.04639003 -0.04329118
v 0.03542975 0.04624988 -0.04395043
v 0.03618071 0.04596104 -0.04246599
v 0.03014774 0.04985555 -0.04280416
v 0.02661016 0.05120679 -0.04365299
v 0.01066287 0.05268646 -0.07141154
v 0.04718551 0.01019551 -0.06965716
v 0.05054375 0.01121754 -0.04379616
v 0.04700435 0.01016787 -0.07063993
v 0.04637870 0.01448448 -0.07129590
v 0.05053779 0.01143537 -0.04370551
v 0.04697598 0.01255762 -0.06985497
v 0.04636281 0.01613165 -0.07034483
v 0.04655879 0.01419930 -0.07076644
v 0.04674442 0.01430293 -0.06979106
v 0.04615014 0.01723026 -0.07036096
v 0.04569702 0.01916620 -0.07037900
v 0.04641912 0.01672117 -0.06938365
v 0.04504584 0.02164103 -0.07044075
v 0.04439387 0.02362172 -0.07050115
v 0.04349975 0.02605139 -0.07058917
v 0.04265973 0.02801301 -0.07063147
v 0.04168533 0.03007590 -0.07066128
v 0.04050462 0.03224468 -0.07071068
v 0.04121797 0.03102502 -0.07058315
v 0.03933484 0.03416945 -0.07075913
v 0.03802196 0.03599804 -0.07100779
v 0.03730090 0.03719783 -0.07053091
v 0.03813540 0.03617651 -0.07014695
v 0.03646452 0.03802870 -0.07110071
v 0.03503983 0.03980928 -0.07082657
v 0.03666431 0.03811157 -0.07021541
v 0.03752431 0.04478096 -0.04240631
v 0.03351582 0.04143567 -0.07082617
v 0.03176595 0.04307089 -0.07080662
v 0.03467002 0.04704262 -0.04312562
v 0.02996304 0.04460473 -0.07082060
v 0.02794731 0.04596280 -0.07115834
v 0.03290998 0.04829356 -0.04299518
v 0.02664930 0.04700595 -0.07066417
v 0.02804167 0.04619487 -0.07011249
v 0.03183090 0.04897482 -0.04283401
v 0.02579569 0.04738455 -0.07115963
v 0.02382030 0.04863862 -0.07055161
v 0.02603777 0.04753556 -0.07006688
v 0.02823998 0.05059769 -0.04365925
v 0.02943758 0.05023053 -0.04257624
v 0.02169216 0.04971275 -0.07051866
v 0.01942613 0.05066360 -0.07032570
v 0.02575875 0.05153435 -0.04333386
v 0.01724715 0.05147059 -0.07023891
v 0.02388410 0.05206701 -0.04303999
v 0.02344269 0.05218162 -0.04284828
v 0.01352335 0.05237635 -0.07064201
v 0.01534641 0.05206373 -0.06993650
v 0.02128834 0.05253840 -0.04366841
v 0.02240695 0.05240351 -0.04263625
v 0.01040520 0.05309105 -0.06982819
v 0.01242813 0.05262463 -0.07055410
v 0.01310763 0.05275383 -0.06899257
v 0.00613449 0.05333041 -0.07084854
v 0.01545335 0.05314583 -0.04577113
v 0.01678754 0.05304377 -0.04517505
v 0.01804733 0.05293991 -0.04439793
v 0.01935079 0.05281515 -0.04354442
v 0.00813978 0.05340495 -0.06982903
v 0.01006771 0.05332383 -0.06808258
v 0.00135829 0.05389532 -0.06853006
v 0.00144915 0.05361714 -0.07044826
v 0.00135434 0.05393601 -0.06303664
v 0.00380257 0.05345040 -0.07084545
v 0.00495277 0.05373262 -0.06887113
v 0.00970667 0.05350936 -0.04240661
v 0.01188183 0.05339049 -0.04199474
v 0.01335224 0.05329961 -0.04175891
v 0.01472480 0.05320393 -0.04134835
v 0.00661145 0.05374283 -0.06307049
v 0.00415167 0.05386582 -0.06306009
v -0.00001475 0.05374266 -0.03002864
v 0.00063193 0.05366412 -0.02799199
v 0.00476542 0.05358688 -0.02802908
v -0.00006433 0.05385944 -0.03531590
v -0.00006287 0.05384427 -0.03440420
v 0.00492041 0.05363424 -0.03013673
v -0.00010359 0.05384234 -0.03430531
v -0.00009675 0.05382456 -0.03338540
v 0.00048997 0.05383862 -0.03391486
v -0.00003998 0.05380036 -0.03231599
v -0.00005241 0.05382227 -0.03327218
v 0.00487422 0.05363136 -0.02992022
v 0.00076659 0.05383425 -0.03380792
v 0.00049335 0.05383455 -0.03371068
v 0.00004452 0.05392519 -0.04186508
v 0.00004180 0.05392563 -0.04196082
v 0.00065733 0.05392479 -0.04240784
v 0.00003506 0.05392874 -0.04270934
v 0.00004081 0.05392973 -0.04303164
v 0.00003837 0.05392608 -0.04206073
v 0.00065705 0.05392564 -0.04259905
v 0.00000871 0.05394001 -0.05370396
v -0.00000027 0.05393513 -0.04606711
v 0.00055652 0.05393839 -0.05370705
v 0.00146582 0.05393395 -0.05811000
v 0.00067573 0.05393115 -0.04575147
v -0.00003182 0.05377004 -0.03102051
v -0.00002208 0.05375777 -0.03055823
v 0.00484538 0.05360167 -0.02861652
v 0.00065738 0.05375761 -0.03054013
v 0.00069120 0.05380123 -0.03232084
v -0.00004527 0.05389047 -0.03727734
v -0.00006752 0.05388148 -0.03664623
v 0.00497336 0.05365484 -0.03149868
v 0.00072340 0.05386084 -0.03533547
v -0.00002516 0.05390007 -0.03816920
v 0.00000125 0.05391110 -0.03931674
v 0.00071366 0.05389296 -0.03759055
v 0.00003558 0.05391658 -0.04017626
v 0.00004098 0.05392007 -0.04079989
v 0.00065871 0.05391926 -0.04125322
v 0.00066646 0.05390861 -0.03934155
v 0.04302908 0.04625351 -0.01520328
v 0.04413917 0.04543907 -0.01304920
v 0.03882635 0.04326998 -0.04311419
v 0.04078365 0.04100166 -0.04301670
v 0.03987890 0.04212592 -0.04302262
v 0.05389325 0.02122102 0.00544298
v 0.05393783 0.02142356 0.00328422
v 0.05391155 0.02171898 0.00176372
v 0.05384005 0.02131863 0.00615453
v 0.05390768 0.02140620 0.00452283
v 0.05391149 0.02167896 0.00284636
v 0.05387331 0.02198401 0.00132716
v 0.05328595 0.02477805 0.00513237
v 0.05284494 0.02722060 0.00205202
v 0.05332945 0.02509987 0.00071228
v 0.00495936 0.05359233 -0.02836422
v 0.00097758 0.05374550 -0.03032134
v 0.00099887 0.05375850 -0.03079974
v 0.05393792 -0.00302460 -0.02082654
v 0.05393866 -0.00348709 -0.02074532
v 0.05392339 -0.00494411 -0.02048121
v 0.05391213 -0.00407392 -0.02080942
v 0.05058617 0.00073503 -0.04550419
v 0.05343978 0.02148117 -0.01153528
v 0.04965234 0.02018564 -0.04180386
v 0.04947297 0.02108479 -0.04183772
v 0.05366805 0.01813089 -0.01438456
v 0.05362726 0.01957400 -0.01270851
v 0.05364582 0.01865661 -0.01396918
v 0.05365113 0.01762691 -0.01515257
v 0.05011632 0.01653551 -0.04284072
v 0.04988448 0.01810400 -0.04286419
v 0.05303764 0.02221625 -0.01494437
v 0.05377720 0.01479701 -0.01689128
v 0.05376127 0.01354012 -0.01793879
v 0.05375317 0.01569743 -0.01629795
v 0.05375692 0.01441983 -0.01738833
v 0.05374486 0.01317204 -0.01829931
v 0.05026398 0.01434014 -0.04388832
v 0.05337349 0.01808603 -0.01723509
v 0.05380797 0.02228491 -0.00274735
v 0.05383936 0.02188087 -0.00434304
v 0.05381923 0.02156877 -0.00599988
v 0.05378136 0.02118489 -0.00748623
v 0.05366895 0.02314445 -0.00059829
v 0.05325928 0.02540352 -0.00378609
v 0.05322274 0.02382694 -0.00938239
v 0.05361794 0.01932721 0.01308321
v 0.05364162 0.02015460 0.01165955
v 0.05362846 0.02096304 0.01021462
v 0.05296472 0.02475097 0.00972031
v 0.05349479 0.02252359 0.00819242
v 0.05356376 0.01484933 0.01819690
v 0.05358029 0.01608063 0.01710674
v 0.05356939 0.01725394 0.01596343
v 0.05293015 0.01426676 0.02204482
v 0.05311099 0.02026640 0.01594037
v 0.05373326 0.01112727 0.01972243
v 0.05347534 0.00850118 0.02269384
v 0.05311789 0.01033788 0.02360115
v 0.05364143 0.00936450 0.02142935
v 0.05329560 0.01379149 0.02058073
v 0.05164401 0.01313902 0.02757714
v 0.05246817 0.01224904 0.02538177
v 0.05262357 0.01593324 0.02237411
v 0.04942270 0.01601154 0.03158138
v 0.05062998 0.01505704 0.02933341
v 0.05119877 0.01592609 0.02729822
v 0.04745132 0.02595727 0.02912118
v 0.04740695 0.02826859 0.02722230
v 0.04752147 0.03011231 0.02490704
v 0.04951099 0.02206601 0.02753073
v 0.04765149 0.03231556 0.02193513
v 0.04758908 0.03325487 0.02082697
v 0.04764751 0.03414177 0.01927031
v 0.04904495 0.02877741 0.02250706
v 0.04731284 0.03771651 0.01380349
v 0.04735565 0.03868076 0.01119779
v 0.04740615 0.03629438 0.01624911
v 0.04895252 0.03347391 0.01594863
v 0.04736541 0.04141577 0.00076604
v 0.04695936 0.04256788 -0.00298644
v 0.04715745 0.04216742 -0.00165999
v 0.04581497 0.04421755 -0.00694386
v 0.04610212 0.04389659 -0.00561102
v 0.04641563 0.04342631 -0.00458941
v 0.04719873 0.04213573 -0.00490845
v 0.00560376 0.05366011 -0.03383097
v 0.00795228 0.05354979 -0.03381595
v 0.00726710 0.05358493 -0.03382671
v 0.00220133 0.05391251 -0.05442948
v 0.00395654 0.05384893 -0.04998363
v 0.00130931 0.05391106 -0.04185079
v 0.00131171 0.05391144 -0.04194656
v 0.00133407 0.05391152 -0.04206306
v 0.00135515 0.05391628 -0.04510054
v 0.00154970 0.05388444 -0.03900257
v 0.00140924 0.05389818 -0.03990754
v 0.00132082 0.05390571 -0.04077985
v 0.00294061 0.05389966 -0.05969358
v 0.00448798 0.05384334 -0.05527729
v 0.00273461 0.05388345 -0.04669013
v 0.04698889 0.01959272 0.03433228
v 0.04674454 0.02114875 0.03393972
v 0.04682026 0.02362852 0.03221351
v 0.04816277 0.01782700 0.03311133
v 0.04882980 0.01976044 0.03076121
v 0.04825515 0.02390489 0.02905364
v 0.05220728 0.02016364 0.02078349
v 0.05175603 0.01800673 0.02413254
v 0.05072423 0.02007491 0.02587787
v 0.05008921 0.02438205 0.02419240
v 0.05028042 0.02671154 0.02090974
v 0.05219497 0.02695032 0.01124242
v 0.05241485 0.02459836 0.01436897
v 0.05233834 0.02239737 0.01757276
v 0.05040707 0.02901045 0.01762335
v 0.05144749 0.02459369 0.01925363
v 0.04672395 0.04086224 0.00822372
v 0.04691178 0.04142143 0.00530894
v 0.04805926 0.03803408 0.00961184
v 0.04812816 0.03954566 0.00356545
v 0.04926636 0.03607570 0.00813752
v 0.04890384 0.03863484 0.00027540
v 0.04860232 0.03839762 0.00502708
v 0.05221851 0.02950717 0.00354377
v 0.05230699 0.02970592 -0.00111401
v 0.05080468 0.03410082 0.00185111
v 0.05193230 0.02927088 0.00814558
v 0.05015479 0.03138872 0.01440138
v 0.04987092 0.03367619 0.01128249
v 0.05131021 0.02922536 0.01284193
v 0.05046657 0.03390696 0.00659790
v 0.05140735 0.03168566 0.00502225
v 0.04893861 0.03884597 -0.00444676
v 0.04989665 0.03653026 -0.00133040
v 0.05076528 0.03443949 -0.00280055
v 0.04816031 0.04029072 -0.00627035
v 0.04738809 0.04154215 -0.00792346
v 0.04912018 0.03824378 -0.00769706
v 0.04540019 0.04410721 -0.01145636
v 0.04586015 0.04371198 -0.00984423
v 0.04525940 0.04369792 -0.01425050
v 0.04644717 0.04287658 -0.00957614
v 0.04748746 0.04091690 -0.01096619
v 0.05253417 0.02797554 -0.00696169
v 0.05247915 0.02640471 -0.01266726
v 0.05290138 0.02590461 -0.00818403
v 0.05205315 0.03014118 -0.00562968
v 0.05147603 0.03225172 -0.00428788
v 0.05058008 0.03466994 -0.00735320
v 0.05169080 0.03055064 -0.01018917
v 0.04315745 0.03716211 -0.04429736
v 0.04410935 0.03553716 -0.04412295
v 0.04384446 0.03601966 -0.04415926
v 0.04243904 0.03832404 -0.04422465
v 0.04161567 0.03948700 -0.04423153
v 0.04513792 0.04308368 -0.01713296
v 0.04635365 0.04173019 -0.01557315
v 0.04685749 0.02950190 -0.04386632
v 0.04743625 0.02788272 -0.04369625
v 0.04645947 0.03055505 -0.04382088
v 0.05098253 0.03107743 -0.01467252
v 0.04528623 0.03368403 -0.04285730
v 0.04588683 0.03240869 -0.04271182
v 0.04487861 0.03453907 -0.04279016
v 0.04839709 0.03886281 -0.01233759
v 0.04748251 0.04021286 -0.01395953
v 0.04735496 0.03958428 -0.01688526
v 0.04910249 0.03589480 -0.01663260
v 0.04990905 0.03612942 -0.00911374
v 0.04922730 0.03742387 -0.01072217
v 0.05109853 0.03179400 -0.01204860
v 0.05063726 0.03388642 -0.01055293
v 0.04995052 0.03433467 -0.01497153
v 0.04921930 0.03669899 -0.01368367
v 0.04808189 0.02509200 -0.04479704
v 0.04849226 0.02349471 -0.04466448
v 0.04786705 0.02588171 -0.04475121
v 0.05172149 0.02699535 -0.01706749
v 0.05139165 0.02903260 -0.01590248
v 0.05032695 0.03138556 -0.01876665
v -0.00312058 -0.03569099 -0.08889941
v -0.00072163 -0.03583684 -0.08889813
v 0.00059572 -0.03585413 -0.08886780
v 0.00314707 -0.03568824 -0.08890151
v -0.00814298 -0.03503556 -0.08882292
v -0.01333560 -0.03368936 -0.08882068
v -0.01028249 -0.03460843 -0.08878399
v -0.00682469 -0.03520582 -0.08892258
v -0.00925809 -0.03482059 -0.08888166
v -0.01454800 -0.03320247 -0.08893402
v -0.01200501 -0.03412209 -0.08887804
v -0.00422324 -0.02583876 -0.11427751
v -0.03051647 -0.03372449 -0.06133176
v -0.02919196 -0.03520865 -0.05912088
v -0.01783790 -0.03183865 -0.08893964
v -0.01237862 -0.02364463 -0.11428421
v -0.03532146 -0.02986650 -0.06135353
v -0.03385291 -0.03116760 -0.06140649
v -0.01961814 -0.01932687 -0.11437619
v -0.03748266 -0.01313193 -0.08886742
v -0.03915088 -0.02414623 -0.06298786
v -0.03826402 -0.02620080 -0.06129390
v -0.03841028 -0.02512039 -0.06320085
v -0.03699953 -0.01403305 -0.08894412
v -0.03808493 -0.01179971 -0.08899325
v -0.02558610 -0.01339290 -0.11435786
v -0.03972597 -0.00788462 -0.08890932
v -0.04072224 -0.00498862 -0.08887329
v -0.04140739 -0.00196665 -0.08891987
v -0.03947385 -0.00844549 -0.08901457
v -0.04035873 -0.00611936 -0.08897688
v -0.04113159 -0.00331237 -0.08898270
v -0.04157638 -0.00073935 -0.08903773
v -0.02985737 -0.00612733 -0.11430691
v -0.04218847 0.00407836 -0.08892575
v -0.04205097 0.00287923 -0.08903864
v -0.04226847 0.00548039 -0.08896895
v -0.04225025 0.00741058 -0.08902400
v -0.04207043 0.00989140 -0.08908019
v -0.01800001 -0.00415231 -0.11720000
v -0.02048529 -0.00224529 -0.11720000
v -0.02239232 0.00023999 -0.11719999
v -0.03202640 0.00202364 -0.11431812
v -0.04159486 0.01347995 -0.08911722
v -0.04155118 0.01397772 -0.08902446
v -0.04139219 0.01504520 -0.08901774
v -0.04124976 0.01576908 -0.08910304
v -0.04099227 0.01707327 -0.08901533
v -0.04060084 0.01850955 -0.08913355
v -0.04011090 0.02012747 -0.08907986
v -0.03970915 0.02115228 -0.08924022
v -0.03200556 0.01045362 -0.11433417
v -0.03594262 0.02925924 -0.08936913
v -0.03444489 0.03142810 -0.08946690
v -0.03831212 0.02450723 -0.08928927
v -0.03744202 0.02652681 -0.08929870
v -0.03687135 0.02769891 -0.08921516
v -0.01349814 0.00064889 -0.11720000
v -0.01639231 0.00184770 -0.11720000
v -0.02239234 0.01224001 -0.11720000
v -0.02975711 0.01856578 -0.11438935
v -0.02792413 0.03872330 -0.08958867
v -0.03177698 0.03491009 -0.08938987
v -0.03209584 0.03447164 -0.08950823
v -0.02968694 0.03719776 -0.08942084
v -0.03036602 0.03648083 -0.08951502
v -0.02905896 0.03778926 -0.08943384
v -0.02547663 0.02578891 -0.11446109
v -0.01992884 0.04414018 -0.08952557
v -0.01871243 0.04469872 -0.08942739
v -0.02501203 0.04095797 -0.08961468
v -0.02281381 0.04254384 -0.08955524
v -0.02181858 0.04318195 -0.08941340
v -0.02455889 0.04134854 -0.08948520
v -0.01952260 0.03168236 -0.11449288
v -0.00849753 0.04784597 -0.08926759
v -0.01559015 0.04599963 -0.08939838
v -0.01394181 0.04660184 -0.08941564
v -0.01300983 0.04692941 -0.08924120
v -0.01099277 0.04742356 -0.08930198
v -0.01004641 0.04763270 -0.08917388
v -0.01159112 0.02631641 -0.11720000
v -0.01228745 0.03590453 -0.11446400
v -0.00324606 0.04845849 -0.08917458
v -0.00039269 0.04858549 -0.08908287
v -0.00120233 0.04858924 -0.08901104
v -0.00488784 0.04833195 -0.08921736
v -0.00396060 0.04845553 -0.08904900
v 0.00035984 0.04858682 -0.08908397
v 0.00284184 0.04848102 -0.08918590
v 0.00480421 0.04834449 -0.08920406
v 0.00408445 0.04844544 -0.08903733
v 0.00143301 0.04858711 -0.08900955
v -0.00848528 0.02672529 -0.11720000
v -0.00420533 0.03818267 -0.11438224
v 0.00851437 0.04784388 -0.08926766
v 0.01397047 0.04659218 -0.08941914
v 0.01087852 0.04744956 -0.08929660
v 0.01599395 0.04583082 -0.08940227
v 0.01304079 0.04692110 -0.08923583
v 0.01185216 0.04723873 -0.08922869
v 0.00420531 0.03818257 -0.11438231
v 0.02504606 0.04093201 -0.08961987
v 0.02281303 0.04254571 -0.08955616
v 0.01989975 0.04415483 -0.08952677
v 0.02449382 0.04140024 -0.08949267
v 0.02179758 0.04319521 -0.08941983
v 0.01902929 0.04456692 -0.08942493
v 0.00600000 0.02863232 -0.11719999
v 0.01228759 0.03590486 -0.11446373
v 0.03216492 0.03438593 -0.08951369
v 0.03031806 0.03653294 -0.08951819
v 0.02797366 0.03868574 -0.08958551
v 0.03144536 0.03531851 -0.08939985
v 0.02940711 0.03746771 -0.08942967
v -0.00000000 0.02321057 -0.11720000
v 0.00848528 0.02672529 -0.11720000
v 0.01952231 0.03168198 -0.11449323
v 0.03741767 0.02658191 -0.08930174
v 0.03599716 0.02917736 -0.08936342
v 0.03439034 0.03149949 -0.08948107
v 0.03806349 0.02518945 -0.08919925
v 0.03692963 0.02759532 -0.08921326
v 0.03673628 0.02795297 -0.08922216
v 0.03526168 0.03034168 -0.08931760
v 0.00190702 0.02072529 -0.11720000
v 0.02547614 0.02578854 -0.11446155
v 0.04124554 0.01580311 -0.08910486
v 0.04063139 0.01841306 -0.08912945
v 0.03974623 0.02106745 -0.08923093
v 0.04158966 0.01354326 -0.08911432
v 0.04108925 0.01663792 -0.08901071
v 0.04033836 0.01943430 -0.08907343
v 0.03932136 0.02215607 -0.08919638
v 0.00848528 -0.00224528 -0.11720000
v 0.00119880 0.01534583 -0.11720000
v 0.00310583 0.01783111 -0.11720000
v 0.02975554 0.01856515 -0.11439062
v 0.04221706 0.00440095 -0.08893007
v 0.04205301 0.00287811 -0.08904072
v 0.04226892 0.00554871 -0.08896443
v 0.04225399 0.00737236 -0.08902492
v 0.04207261 0.00989128 -0.08908219
v 0.03200478 0.01045350 -0.11433477
v 0.04074272 -0.00493094 -0.08887791
v 0.03972825 -0.00788442 -0.08891121
v 0.04143117 -0.00185136 -0.08892702
v 0.03947616 -0.00844520 -0.08901644
v 0.04158237 -0.00070741 -0.08904297
v 0.04113541 -0.00330484 -0.08898495
v 0.04035247 -0.00614432 -0.08897942
v 0.00848528 -0.00845694 -0.11720000
v 0.02318224 0.00624000 -0.11720000
v 0.03202563 0.00202375 -0.11431871
v 0.03918880 -0.02409362 -0.06298078
v 0.03846150 -0.02506429 -0.06318631
v 0.03825347 -0.02621682 -0.06129696
v 0.03703873 -0.01396213 -0.08894707
v 0.03806414 -0.01185382 -0.08899021
v 0.02985669 -0.00612706 -0.11430746
v 0.03532428 -0.02986619 -0.06135414
v 0.03385579 -0.03116732 -0.06140706
v 0.02007643 -0.00535114 -0.11720000
v 0.02558591 -0.01339276 -0.11435804
v 0.03051844 -0.03372491 -0.06133220
v 0.02919501 -0.03520839 -0.05912137
v 0.01784167 -0.03183803 -0.08894043
v 0.01759112 -0.00725815 -0.11720000
v 0.01961803 -0.01932672 -0.11437633
v 0.01018673 -0.03463451 -0.08878808
v 0.00913193 -0.03484531 -0.08888628
v 0.01200560 -0.03412263 -0.08887867
v 0.00725485 -0.03516969 -0.08883398
v 0.00675009 -0.03521433 -0.08893080
v 0.01455471 -0.03320061 -0.08893528
v 0.01331134 -0.03369947 -0.08882286
v 0.00422323 -0.02583864 -0.11427760
v 0.00000000 -0.01694222 -0.11720000
v 0.01469694 -0.00845694 -0.11720000
v 0.01237850 -0.02364433 -0.11428445
f 1015 4043 4044
f 4043 750 3027
f 4044 3027 751
f 4043 3027 4044
f 1016 4050 4051
f 4050 1013 4045
f 4051 4045 1015
f 4050 4045 4051
f 1017 4061 4062
f 4061 1013 4050
f 4062 4050 1016
f 4061 4050 4062
f 1015 4044 4051
f 4044 751 4047
f 4051 4047 1016
f 4044 4047 4051
f 995 4034 4060
f 4034 1013 4061
f 4060 4061 1017
f 4034 4061 4060
f 1017 4059 4060
f 4059 994 3894
f 4060 3894 995
f 4059 3894 4060
f 995 3940 4017
f 3940 1002 4018
f 4017 4018 1011
f 3940 4018 4017
f 1011 4035 4017
f 4035 1013 4034
f 4017 4034 995
f 4035 4034 4017
f 996 3941 3898
f 3941 1002 3940
f 3898 3940 995
f 3941 3940 3898
f 1014 4039 4046
f 4039 750 4043
f 4046 4043 1015
f 4039 4043 4046
f 1015 4045 4046
f 4045 1013 4042
f 4046 4042 1014
f 4045 4042 4046
f 900 4056 3553
f 4056 1017 4055
f 3553 4055 899
f 4056 4055 3553
f 900 3886 4056
f 3886 994 4059
f 4056 4059 1017
f 3886 4059 4056
f 1011 4010 4013
f 4010 909 3590
f 4013 3590 921
f 4010 3590 4013
f 1012 4036 4026
f 4036 1013 4035
f 4026 4035 1011
f 4036 4035 4026
f 1011 4013 4026
f 4013 921 4025
f 4026 4025 1012
f 4013 4025 4026
f 1012 4022 4036
f 4022 903 4031
f 4036 4031 1013
f 4022 4031 4036
f 908 3978 3973
f 3978 1007 3984
f 3973 3984 1006
f 3978 3984 3973
f 914 3993 3610
f 3993 1009 3996
f 3610 3996 931
f 3993 3996 3610
f 1008 3991 3992
f 3991 1006 3984
f 3992 3984 1007
f 3991 3984 3992
f 1009 3999 4000
f 3999 1006 3991
f 4000 3991 1008
f 3999 3991 4000
f 895 4041 4030
f 4041 1014 4042
f 4030 4042 1013
f 4041 4042 4030
f 994 3886 3885
f 3886 900 3550
f 3885 3550 596
f 3886 3550 3885
f 770 4048 3089
f 4048 1016 4047
f 3089 4047 751
f 4048 4047 3089
f 899 4055 3549
f 4055 1017 4053
f 3549 4053 897
f 4055 4053 3549
f 1017 4062 4057
f 4062 1016 4049
f 4057 4049 901
f 4062 4049 4057
f 1016 4048 4049
f 4048 770 3554
f 4049 3554 901
f 4048 3554 4049
f 699 2934 2939
f 2934 714 2941
f 2939 2941 715
f 2934 2941 2939
f 659 2770 2922
f 2770 656 2921
f 2922 2921 712
f 2770 2921 2922
f 996 3896 3895
f 3896 379 1899
f 3895 1899 378
f 3896 1899 3895
f 924 3596 4014
f 3596 909 4010
f 4014 4010 1011
f 3596 4010 4014
f 1011 4011 4014
f 4011 910 3597
f 4014 3597 924
f 4011 3597 4014
f 1011 4016 4012
f 4016 926 3601
f 4012 3601 911
f 4016 3601 4012
f 912 3864 3602
f 3864 991 3865
f 3602 3865 926
f 3864 3865 3602
f 1010 4009 4003
f 4009 1009 3993
f 4003 3993 914
f 4009 3993 4003
f 1010 4004 4020
f 4004 926 4016
f 4020 4016 1011
f 4004 4016 4020
f 1010 4001 4004
f 4001 912 3602
f 4004 3602 926
f 4001 3602 4004
f 936 3990 3981
f 3990 1008 3992
f 3981 3992 1007
f 3990 3992 3981
f 169 1345 1343
f 1345 168 1337
f 1343 1337 154
f 1345 1337 1343
f 587 4027 3562
f 4027 1013 4032
f 3562 4032 904
f 4027 4032 3562
f 715 2936 3565
f 2936 587 3562
f 3565 3562 904
f 2936 3562 3565
f 906 3576 3577
f 3576 620 2648
f 3577 2648 622
f 3576 2648 3577
f 65 2642 3571
f 2642 620 3576
f 3571 3576 906
f 2642 3576 3571
f 923 3594 3593
f 3594 921 3590
f 3593 3590 909
f 3594 3590 3593
f 909 3596 3593
f 3596 924 3598
f 3593 3598 923
f 3596 3598 3593
f 923 3598 3725
f 3598 924 3726
f 3725 3726 961
f 3598 3726 3725
f 906 4023 3579
f 4023 1012 4024
f 3579 4024 907
f 4023 4024 3579
f 907 4024 3589
f 4024 1012 4025
f 3589 4025 921
f 4024 4025 3589
f 590 4021 3575
f 4021 1012 4023
f 3575 4023 906
f 4021 4023 3575
f 903 4022 3558
f 4022 1012 4021
f 3558 4021 590
f 4022 4021 3558
f 707 2897 2905
f 2897 673 2903
f 2905 2903 708
f 2897 2903 2905
f 677 2806 2898
f 2806 673 2897
f 2898 2897 707
f 2806 2897 2898
f 531 2346 3938
f 2346 532 3939
f 3938 3939 1002
f 2346 3939 3938
f 1005 3977 3964
f 3977 1006 3976
f 3964 3976 1003
f 3977 3976 3964
f 1003 3976 3998
f 3976 1006 3999
f 3998 3999 1009
f 3976 3999 3998
f 1009 4009 3998
f 4009 1010 4008
f 3998 4008 1003
f 4009 4008 3998
f 1011 4018 4019
f 4018 1002 3950
f 4019 3950 1003
f 4018 3950 4019
f 1003 4008 4019
f 4008 1010 4020
f 4019 4020 1011
f 4008 4020 4019
f 581 2526 2525
f 2526 531 2344
f 2525 2344 530
f 2526 2344 2525
f 532 2346 2527
f 2346 531 2526
f 2527 2526 581
f 2346 2526 2527
f 1009 4000 3995
f 4000 1008 3985
f 3995 3985 916
f 4000 3985 3995
f 283 1619 1618
f 1619 285 1620
f 1618 1620 284
f 1619 1620 1618
f 382 1908 3044
f 1908 26 3043
f 3044 3043 757
f 1908 3043 3044
f 761 3056 3059
f 3056 382 3044
f 3059 3044 757
f 3056 3044 3059
f 184 2249 1895
f 2249 491 2251
f 1895 2251 379
f 2249 2251 1895
f 995 3893 3888
f 3893 491 2249
f 3888 2249 184
f 3893 2249 3888
f 656 2767 2765
f 2767 657 2766
f 2765 2766 655
f 2767 2766 2765
f 905 3566 3569
f 3566 587 2936
f 3569 2936 715
f 3566 2936 3569
f 905 4033 3566
f 4033 1013 4027
f 3566 4027 587
f 4033 4027 3566
f 994 3885 3884
f 3885 596 2569
f 3884 2569 488
f 3885 2569 3884
f 488 2569 2242
f 2569 596 2568
f 2242 2568 181
f 2569 2568 2242
f 181 2568 2570
f 2568 596 2571
f 2570 2571 597
f 2568 2571 2570
f 597 2571 3551
f 2571 596 3550
f 3551 3550 900
f 2571 3550 3551
f 752 3032 3031
f 3032 751 3027
f 3031 3027 750
f 3032 3027 3031
f 752 3090 3032
f 3090 770 3089
f 3032 3089 751
f 3090 3089 3032
f 758 3092 3048
f 3092 770 3090
f 3048 3090 752
f 3092 3090 3048
f 710 2914 2915
f 2914 695 2908
f 2915 2908 709
f 2914 2908 2915
f 709 2908 2909
f 2908 695 2856
f 2909 2856 696
f 2908 2856 2909
f 1017 4054 4052
f 4054 898 3547
f 4052 3547 896
f 4054 3547 4052
f 896 3544 4052
f 3544 897 4053
f 4052 4053 1017
f 3544 4053 4052
f 902 3555 3556
f 3555 770 3546
f 3556 3546 898
f 3555 3546 3556
f 902 3557 3555
f 3557 901 3554
f 3555 3554 770
f 3557 3554 3555
f 902 3556 4058
f 3556 898 4054
f 4058 4054 1017
f 3556 4054 4058
f 1017 4057 4058
f 4057 901 3557
f 4058 3557 902
f 4057 3557 4058
f 659 2922 2916
f 2922 712 2925
f 2916 2925 711
f 2922 2925 2916
f 711 2919 2920
f 2919 695 2914
f 2920 2914 710
f 2919 2914 2920
f 713 2930 2927
f 2930 712 2921
f 2927 2921 656
f 2930 2921 2927
f 656 2765 2927
f 2765 655 2926
f 2927 2926 713
f 2765 2926 2927
f 713 2926 2935
f 2926 655 2932
f 2935 2932 714
f 2926 2932 2935
f 27 1034 1031
f 1034 28 1033
f 1031 1033 14
f 1034 1033 1031
f 286 1622 1621
f 1622 285 1619
f 1621 1619 283
f 1622 1619 1621
f 283 1681 1621
f 1681 303 1682
f 1621 1682 286
f 1681 1682 1621
f 286 1682 1686
f 1682 303 1688
f 1686 1688 304
f 1682 1688 1686
f 304 1684 1693
f 1684 249 1690
f 1693 1690 305
f 1684 1690 1693
f 996 3895 3901
f 3895 378 3900
f 3901 3900 997
f 3895 3900 3901
f 998 3907 3916
f 3907 493 3912
f 3916 3912 999
f 3907 3912 3916
f 469 2175 2181
f 2175 256 2177
f 2181 2177 470
f 2175 2177 2181
f 213 1465 1443
f 1465 222 1464
f 1443 1464 209
f 1465 1464 1443
f 222 1504 1464
f 1504 240 1503
f 1464 1503 209
f 1504 1503 1464
f 466 2432 2429
f 2432 561 2435
f 2429 2435 560
f 2432 2435 2429
f 560 2435 2431
f 2435 561 2434
f 2431 2434 542
f 2435 2434 2431
f 18 3225 2004
f 3225 801 3227
f 2004 3227 405
f 3225 3227 2004
f 1 3224 1022
f 3224 801 3225
f 1022 3225 18
f 3224 3225 1022
f 799 3216 3218
f 3216 15 1997
f 3218 1997 403
f 3216 1997 3218
f 799 3214 3216
f 3214 10 1019
f 3216 1019 15
f 3214 1019 3216
f 987 3848 3847
f 3848 964 3747
f 3847 3747 961
f 3848 3747 3847
f 987 3846 3848
f 3846 958 3746
f 3848 3746 964
f 3846 3746 3848
f 473 3482 3481
f 3482 880 3486
f 3481 3486 879
f 3482 3486 3481
f 964 3746 3745
f 3746 958 3715
f 3745 3715 957
f 3746 3715 3745
f 925 3599 4015
f 3599 910 4011
f 4015 4011 1011
f 3599 4011 4015
f 1011 4012 4015
f 4012 911 3600
f 4015 3600 925
f 4012 3600 4015
f 929 4007 3607
f 4007 1010 4003
f 3607 4003 914
f 4007 4003 3607
f 913 4002 3606
f 4002 1010 4007
f 3606 4007 929
f 4002 4007 3606
f 929 3856 3606
f 3856 989 3853
f 3606 3853 913
f 3856 3853 3606
f 928 4006 3604
f 4006 1010 4002
f 3604 4002 913
f 4006 4002 3604
f 913 3853 3604
f 3853 989 3855
f 3604 3855 928
f 3853 3855 3604
f 727 3627 2954
f 3627 936 3626
f 2954 3626 726
f 3627 3626 2954
f 935 3989 3624
f 3989 1008 3987
f 3624 3987 918
f 3989 3987 3624
f 1008 3990 3987
f 3990 936 3628
f 3987 3628 918
f 3990 3628 3987
f 918 3584 3624
f 3584 727 3622
f 3624 3622 935
f 3584 3622 3624
f 918 3628 3584
f 3628 936 3627
f 3584 3627 727
f 3628 3627 3584
f 920 3980 3586
f 3980 1007 3978
f 3586 3978 908
f 3980 3978 3586
f 908 3638 3586
f 3638 939 3639
f 3586 3639 920
f 3638 3639 3586
f 160 1295 1293
f 1295 139 1239
f 1293 1239 100
f 1295 1239 1293
f 1013 4031 4029
f 4031 903 3560
f 4029 3560 592
f 4031 3560 4029
f 592 3563 4029
f 3563 904 4032
f 4029 4032 1013
f 3563 4032 4029
f 903 3561 3560
f 3561 651 2748
f 3560 2748 592
f 3561 2748 3560
f 700 2873 2940
f 2873 699 2939
f 2940 2939 715
f 2873 2939 2940
f 64 1070 3570
f 1070 65 3571
f 3570 3571 906
f 1070 3571 3570
f 66 2647 2643
f 2647 622 2648
f 2643 2648 620
f 2647 2648 2643
f 620 2642 2643
f 2642 65 1071
f 2643 1071 66
f 2642 1071 2643
f 906 3577 3572
f 3577 622 2647
f 3572 2647 66
f 3577 2647 3572
f 66 1299 1072
f 1299 162 1300
f 1072 1300 67
f 1299 1300 1072
f 921 3594 3592
f 3594 923 3595
f 3592 3595 922
f 3594 3595 3592
f 589 3578 3587
f 3578 907 3589
f 3587 3589 921
f 3578 3589 3587
f 621 2645 2646
f 2645 64 2558
f 2646 2558 589
f 2645 2558 2646
f 906 3579 3574
f 3579 907 3578
f 3574 3578 589
f 3579 3578 3574
f 589 2558 3574
f 2558 64 3570
f 3574 3570 906
f 2558 3570 3574
f 100 1269 1270
f 1269 148 1271
f 1270 1271 149
f 1269 1271 1270
f 100 1275 1276
f 1275 151 1277
f 1276 1277 152
f 1275 1277 1276
f 1005 3964 3965
f 3964 1003 3957
f 3965 3957 1004
f 3964 3957 3965
f 727 3581 3616
f 3581 916 3617
f 3616 3617 933
f 3581 3617 3616
f 933 3617 3988
f 3617 916 3985
f 3988 3985 1008
f 3617 3985 3988
f 1009 3995 3997
f 3995 916 3615
f 3997 3615 932
f 3995 3615 3997
f 181 1407 1906
f 1407 26 1905
f 1906 1905 381
f 1407 1905 1906
f 382 3056 1913
f 3056 761 3057
f 1913 3057 383
f 3056 3057 1913
f 387 1930 3073
f 1930 25 3072
f 3073 3072 765
f 1930 3072 3073
f 995 3887 3891
f 3887 183 2244
f 3891 2244 489
f 3887 2244 3891
f 487 3890 3883
f 3890 995 3894
f 3883 3894 994
f 3890 3894 3883
f 487 2240 3890
f 2240 183 3887
f 3890 3887 995
f 2240 3887 3890
f 994 3884 3883
f 3884 488 2243
f 3883 2243 487
f 3884 2243 3883
f 487 2243 2238
f 2243 488 2242
f 2238 2242 181
f 2243 2242 2238
f 996 3898 3897
f 3898 995 3892
f 3897 3892 490
f 3898 3892 3897
f 995 3888 3892
f 3888 184 2247
f 3892 2247 490
f 3888 2247 3892
f 490 2248 3897
f 2248 379 3896
f 3897 3896 996
f 2248 3896 3897
f 490 2247 2248
f 2247 184 1895
f 2248 1895 379
f 2247 1895 2248
f 715 2941 2938
f 2941 714 2931
f 2938 2931 654
f 2941 2931 2938
f 714 2932 2931
f 2932 655 2764
f 2931 2764 654
f 2932 2764 2931
f 654 3568 2938
f 3568 905 3569
f 2938 3569 715
f 3568 3569 2938
f 1014 4041 4040
f 4041 895 3540
f 4040 3540 894
f 4041 3540 4040
f 895 3539 3540
f 3539 655 3536
f 3540 3536 894
f 3539 3536 3540
f 658 2768 2769
f 2768 655 2766
f 2769 2766 657
f 2768 2766 2769
f 1014 4040 4037
f 4040 894 3537
f 4037 3537 658
f 4040 3537 4037
f 658 3537 2768
f 3537 894 3536
f 2768 3536 655
f 3537 3536 2768
f 750 3024 3025
f 3024 657 2774
f 3025 2774 661
f 3024 2774 3025
f 661 3029 3025
f 3029 752 3031
f 3025 3031 750
f 3029 3031 3025
f 661 2774 2773
f 2774 657 2767
f 2773 2767 656
f 2774 2767 2773
f 758 3048 3047
f 3048 752 3030
f 3047 3030 664
f 3048 3030 3047
f 659 2777 2779
f 2777 663 2781
f 2779 2781 664
f 2777 2781 2779
f 664 2781 3047
f 2781 663 3046
f 3047 3046 758
f 2781 3046 3047
f 771 3097 3095
f 3097 770 3092
f 3095 3092 758
f 3097 3092 3095
f 181 2570 3037
f 2570 597 3038
f 3037 3038 755
f 2570 3038 3037
f 649 2896 2901
f 2896 707 2905
f 2901 2905 708
f 2896 2905 2901
f 706 2900 2892
f 2900 707 2896
f 2892 2896 649
f 2900 2896 2892
f 897 3544 3542
f 3544 896 3541
f 3542 3541 753
f 3544 3541 3542
f 898 3546 3545
f 3546 770 3091
f 3545 3091 753
f 3546 3091 3545
f 753 3541 3545
f 3541 896 3547
f 3545 3547 898
f 3541 3547 3545
f 770 3097 3091
f 3097 771 3093
f 3091 3093 753
f 3097 3093 3091
f 168 1345 1336
f 1345 169 1339
f 1336 1339 79
f 1345 1339 1336
f 631 2679 2683
f 2679 79 2681
f 2683 2681 632
f 2679 2681 2683
f 630 2680 2865
f 2680 631 2866
f 2865 2866 699
f 2680 2866 2865
f 662 2917 2911
f 2917 711 2920
f 2911 2920 710
f 2917 2920 2911
f 659 2916 2776
f 2916 711 2917
f 2776 2917 662
f 2916 2917 2776
f 662 2778 2776
f 2778 663 2777
f 2776 2777 659
f 2778 2777 2776
f 667 2786 2785
f 2786 663 2778
f 2785 2778 662
f 2786 2778 2785
f 695 2919 2852
f 2919 711 2918
f 2852 2918 694
f 2919 2918 2852
f 694 2918 2923
f 2918 711 2925
f 2923 2925 712
f 2918 2925 2923
f 712 2930 2924
f 2930 713 2928
f 2924 2928 697
f 2930 2928 2924
f 697 2860 2924
f 2860 694 2923
f 2924 2923 712
f 2860 2923 2924
f 16 3267 3437
f 3267 811 3441
f 3437 3441 868
f 3267 3441 3437
f 15 1019 3262
f 1019 10 3260
f 3262 3260 810
f 1019 3260 3262
f 804 3258 3253
f 3258 809 3259
f 3253 3259 808
f 3258 3259 3253
f 848 3378 3392
f 3378 849 3393
f 3392 3393 855
f 3378 3393 3392
f 27 1031 3271
f 1031 14 3270
f 3271 3270 812
f 1031 3270 3271
f 860 3443 3433
f 3443 868 3444
f 3433 3444 867
f 3443 3444 3433
f 814 3344 3350
f 3344 840 3351
f 3350 3351 841
f 3344 3351 3350
f 228 1479 1480
f 1479 222 1478
f 1480 1478 227
f 1479 1478 1480
f 219 1460 1526
f 1460 218 1525
f 1526 1525 246
f 1460 1525 1526
f 227 1478 1477
f 1478 222 1466
f 1477 1466 219
f 1478 1466 1477
f 307 1701 1707
f 1701 248 1706
f 1707 1706 308
f 1701 1706 1707
f 292 1692 1696
f 1692 305 1698
f 1696 1698 306
f 1692 1698 1696
f 306 1697 1696
f 1697 294 1640
f 1696 1640 292
f 1697 1640 1696
f 307 1702 1703
f 1702 294 1697
f 1703 1697 306
f 1702 1697 1703
f 289 1627 1687
f 1627 286 1686
f 1687 1686 304
f 1627 1686 1687
f 304 1693 1687
f 1693 305 1691
f 1687 1691 289
f 1693 1691 1687
f 289 1691 1635
f 1691 305 1692
f 1635 1692 292
f 1691 1692 1635
f 348 1894 1896
f 1894 378 1899
f 1896 1899 379
f 1894 1899 1896
f 492 2255 2254
f 2255 293 1638
f 2254 1638 292
f 2255 1638 2254
f 998 3903 3906
f 3903 293 2255
f 3906 2255 492
f 3903 2255 3906
f 292 1640 1633
f 1640 294 1639
f 1633 1639 186
f 1640 1639 1633
f 186 2256 1633
f 2256 493 2258
f 1633 2258 292
f 2256 2258 1633
f 186 3909 2256
f 3909 999 3912
f 2256 3912 493
f 3909 3912 2256
f 1000 3934 3942
f 3934 1001 3943
f 3942 3943 1002
f 3934 3943 3942
f 1000 3942 3922
f 3942 1002 3941
f 3922 3941 996
f 3942 3941 3922
f 996 3901 3922
f 3901 997 3923
f 3922 3923 1000
f 3901 3923 3922
f 1000 3923 3924
f 3923 997 3908
f 3924 3908 998
f 3923 3908 3924
f 998 3916 3924
f 3916 999 3925
f 3924 3925 1000
f 3916 3925 3924
f 580 2532 2523
f 2532 581 2525
f 2523 2525 530
f 2532 2525 2523
f 212 1438 1439
f 1438 206 1436
f 1439 1436 211
f 1438 1436 1439
f 539 2364 2365
f 2364 537 2363
f 2365 2363 538
f 2364 2363 2365
f 206 1438 2359
f 1438 212 2361
f 2359 2361 538
f 1438 2361 2359
f 577 2510 2511
f 2510 537 2506
f 2511 2506 576
f 2510 2506 2511
f 576 2506 2507
f 2506 537 2364
f 2507 2364 539
f 2506 2364 2507
f 222 1473 1475
f 1473 225 1476
f 1475 1476 226
f 1473 1476 1475
f 255 1565 1560
f 1565 256 1563
f 1560 1563 240
f 1565 1563 1560
f 255 1559 1561
f 1559 239 1557
f 1561 1557 254
f 1559 1557 1561
f 255 1560 1559
f 1560 240 1506
f 1559 1506 239
f 1560 1506 1559
f 295 2178 1641
f 2178 470 2177
f 1641 2177 256
f 2178 2177 1641
f 414 2094 2089
f 2094 443 2095
f 2089 2095 442
f 2094 2095 2089
f 442 2095 2088
f 2095 443 2092
f 2088 2092 412
f 2095 2092 2088
f 539 2464 2501
f 2464 567 2503
f 2501 2503 575
f 2464 2503 2501
f 575 2509 2501
f 2509 576 2507
f 2501 2507 539
f 2509 2507 2501
f 540 2465 2370
f 2465 567 2464
f 2370 2464 539
f 2465 2464 2370
f 540 2368 2367
f 2368 212 1439
f 2367 1439 211
f 2368 1439 2367
f 539 2365 2370
f 2365 538 2369
f 2370 2369 540
f 2365 2369 2370
f 540 2369 2368
f 2369 538 2361
f 2368 2361 212
f 2369 2361 2368
f 211 1436 1437
f 1436 206 1433
f 1437 1433 210
f 1436 1433 1437
f 210 2366 1437
f 2366 540 2367
f 1437 2367 211
f 2366 2367 1437
f 466 2429 2164
f 2429 560 2428
f 2164 2428 465
f 2429 2428 2164
f 541 2430 2376
f 2430 560 2431
f 2376 2431 542
f 2430 2431 2376
f 541 2374 2430
f 2374 461 2426
f 2430 2426 560
f 2374 2426 2430
f 542 2467 2376
f 2467 567 2466
f 2376 2466 541
f 2467 2466 2376
f 567 2465 2466
f 2465 540 2375
f 2466 2375 541
f 2465 2375 2466
f 541 2373 2372
f 2373 210 1435
f 2372 1435 209
f 2373 1435 2372
f 540 2366 2375
f 2366 210 2373
f 2375 2373 541
f 2366 2373 2375
f 746 3014 3013
f 3014 396 1965
f 3013 1965 395
f 3014 1965 3013
f 687 2876 2824
f 2876 702 2875
f 2824 2875 685
f 2876 2875 2824
f 17 3217 1998
f 3217 799 3218
f 1998 3218 403
f 3217 3218 1998
f 18 2004 1985
f 2004 405 2006
f 1985 2006 400
f 2004 2006 1985
f 400 1984 1985
f 1984 1 1022
f 1985 1022 18
f 1984 1022 1985
f 745 3009 3015
f 3009 396 3014
f 3015 3014 746
f 3009 3014 3015
f 745 3010 3009
f 3010 400 1987
f 3009 1987 396
f 3010 1987 3009
f 794 3209 3211
f 3209 797 3213
f 3211 3213 798
f 3209 3213 3211
f 393 1953 3133
f 1953 8 3132
f 3133 3132 781
f 1953 3132 3133
f 20 1024 1954
f 1024 8 1953
f 1954 1953 393
f 1024 1953 1954
f 297 1651 1650
f 1651 255 1561
f 1650 1561 254
f 1651 1561 1650
f 984 3836 3837
f 3836 981 3828
f 3837 3828 982
f 3836 3828 3837
f 836 3324 3326
f 3324 833 3322
f 3326 3322 835
f 3324 3322 3326
f 735 2969 3503
f 2969 734 3502
f 3503 3502 886
f 2969 3502 3503
f 982 3828 3834
f 3828 981 3833
f 3834 3833 983
f 3828 3833 3834
f 981 3825 3823
f 3825 980 3821
f 3823 3821 972
f 3825 3821 3823
f 972 3831 3823
f 3831 983 3833
f 3823 3833 981
f 3831 3833 3823
f 990 3861 3860
f 3861 925 3600
f 3860 3600 911
f 3861 3600 3860
f 926 3865 3862
f 3865 991 3870
f 3862 3870 990
f 3865 3870 3862
f 990 3860 3862
f 3860 911 3601
f 3862 3601 926
f 3860 3601 3862
f 930 3609 3608
f 3609 929 3607
f 3608 3607 914
f 3609 3607 3608
f 989 3856 3857
f 3856 929 3609
f 3857 3609 930
f 3856 3609 3857
f 930 3704 3857
f 3704 955 3858
f 3857 3858 989
f 3704 3858 3857
f 914 3610 3608
f 3610 931 3612
f 3608 3612 930
f 3610 3612 3608
f 931 3705 3612
f 3705 955 3704
f 3612 3704 930
f 3705 3704 3612
f 912 4001 3603
f 4001 1010 4005
f 3603 4005 927
f 4001 4005 3603
f 1010 4006 4005
f 4006 928 3605
f 4005 3605 927
f 4006 3605 4005
f 991 3864 3866
f 3864 912 3603
f 3866 3603 927
f 3864 3603 3866
f 927 3854 3866
f 3854 989 3869
f 3866 3869 991
f 3854 3869 3866
f 927 3605 3854
f 3605 928 3855
f 3854 3855 989
f 3605 3855 3854
f 937 3630 3631
f 3630 726 3585
f 3631 3585 919
f 3630 3585 3631
f 919 3585 3629
f 3585 726 3626
f 3629 3626 936
f 3585 3626 3629
f 1007 3982 3979
f 3982 937 3631
f 3979 3631 919
f 3982 3631 3979
f 919 3629 3979
f 3629 936 3981
f 3979 3981 1007
f 3629 3981 3979
f 938 3632 3635
f 3632 726 3630
f 3635 3630 937
f 3632 3630 3635
f 938 3634 3640
f 3634 920 3639
f 3640 3639 939
f 3634 3639 3640
f 938 3635 3983
f 3635 937 3982
f 3983 3982 1007
f 3635 3982 3983
f 1007 3980 3983
f 3980 920 3634
f 3983 3634 938
f 3980 3634 3983
f 734 2968 2967
f 2968 717 2942
f 2967 2942 586
f 2968 2942 2967
f 100 1281 1282
f 1281 154 1283
f 1282 1283 155
f 1281 1283 1282
f 155 1291 1282
f 1291 159 1290
f 1282 1290 100
f 1291 1290 1282
f 157 1289 1287
f 1289 158 1288
f 1287 1288 100
f 1289 1288 1287
f 100 1290 1287
f 1290 159 1292
f 1287 1292 157
f 1290 1292 1287
f 100 1288 1296
f 1288 158 1297
f 1296 1297 161
f 1288 1297 1296
f 161 1298 1296
f 1298 160 1293
f 1296 1293 100
f 1298 1293 1296
f 162 1304 1305
f 1304 160 1298
f 1305 1298 161
f 1304 1298 1305
f 165 1320 1322
f 1320 157 1292
f 1322 1292 159
f 1320 1292 1322
f 165 1323 1321
f 1323 164 1314
f 1321 1314 158
f 1323 1314 1321
f 158 1289 1321
f 1289 157 1320
f 1321 1320 165
f 1289 1320 1321
f 117 1130 1129
f 1130 104 1104
f 1129 1104 100
f 1130 1104 1129
f 964 3745 3741
f 3745 957 3712
f 3741 3712 610
f 3745 3712 3741
f 653 2760 2761
f 2760 592 2748
f 2761 2748 651
f 2760 2748 2761
f 653 2872 2937
f 2872 700 2940
f 2937 2940 715
f 2872 2940 2937
f 651 2871 2761
f 2871 700 2872
f 2761 2872 653
f 2871 2872 2761
f 715 3565 2937
f 3565 904 3564
f 2937 3564 653
f 3565 3564 2937
f 904 3563 3564
f 3563 592 2760
f 3564 2760 653
f 3563 2760 3564
f 903 3558 3559
f 3558 590 2560
f 3559 2560 591
f 3558 2560 3559
f 590 2745 2560
f 2745 650 2746
f 2560 2746 591
f 2745 2746 2560
f 591 2747 3559
f 2747 651 3561
f 3559 3561 903
f 2747 3561 3559
f 591 2746 2747
f 2746 650 2751
f 2747 2751 651
f 2746 2751 2747
f 796 3236 3210
f 3236 803 3237
f 3210 3237 797
f 3236 3237 3210
f 788 3173 3172
f 3173 781 3135
f 3172 3135 780
f 3173 3135 3172
f 787 3168 3174
f 3168 781 3173
f 3174 3173 788
f 3168 3173 3174
f 100 1118 1120
f 1118 111 1121
f 1120 1121 112
f 1118 1121 1120
f 606 2597 2598
f 2597 42 1048
f 2598 1048 43
f 2597 1048 2598
f 153 1280 1278
f 1280 151 1275
f 1278 1275 100
f 1280 1275 1278
f 100 1270 1278
f 1270 149 1279
f 1278 1279 153
f 1270 1279 1278
f 156 1344 1286
f 1344 169 1343
f 1286 1343 154
f 1344 1343 1286
f 156 1286 1284
f 1286 154 1281
f 1284 1281 100
f 1286 1281 1284
f 100 1276 1284
f 1276 152 1285
f 1284 1285 156
f 1276 1285 1284
f 170 1350 1349
f 1350 152 1277
f 1349 1277 151
f 1350 1277 1349
f 151 1356 1349
f 1356 171 1357
f 1349 1357 170
f 1356 1357 1349
f 169 1344 1352
f 1344 156 1351
f 1352 1351 170
f 1344 1351 1352
f 170 1351 1350
f 1351 156 1285
f 1350 1285 152
f 1351 1285 1350
f 514 3955 2317
f 3955 1004 3954
f 2317 3954 513
f 3955 3954 2317
f 1002 3939 3935
f 3939 532 2345
f 3935 2345 516
f 3939 2345 3935
f 518 3946 3936
f 3946 1003 3950
f 3936 3950 1002
f 3946 3950 3936
f 1002 3935 3936
f 3935 516 2322
f 3936 2322 518
f 3935 2322 3936
f 935 3622 3625
f 3622 727 3619
f 3625 3619 934
f 3622 3619 3625
f 727 3616 3619
f 3616 933 3621
f 3619 3621 934
f 3616 3621 3619
f 728 3582 2955
f 3582 916 3581
f 2955 3581 727
f 3582 3581 2955
f 251 1680 1674
f 1680 303 1683
f 1674 1683 302
f 1680 1683 1674
f 302 1676 1675
f 1676 280 1609
f 1675 1609 277
f 1676 1609 1675
f 302 1683 1677
f 1683 303 1681
f 1677 1681 283
f 1683 1681 1677
f 283 1615 1677
f 1615 280 1676
f 1677 1676 302
f 1615 1676 1677
f 345 1790 1791
f 1790 284 1620
f 1791 1620 285
f 1790 1620 1791
f 365 1907 1848
f 1907 381 1905
f 1848 1905 26
f 1907 1905 1848
f 181 1906 1849
f 1906 381 1907
f 1849 1907 365
f 1906 1907 1849
f 365 2241 1849
f 2241 487 2238
f 1849 2238 181
f 2241 2238 1849
f 382 1913 1909
f 1913 383 1912
f 1909 1912 366
f 1913 1912 1909
f 364 1853 1855
f 1853 365 1856
f 1855 1856 366
f 1853 1856 1855
f 385 1921 1922
f 1921 364 1855
f 1922 1855 366
f 1921 1855 1922
f 366 1912 1922
f 1912 383 1923
f 1922 1923 385
f 1912 1923 1922
f 26 1908 1854
f 1908 382 1909
f 1854 1909 366
f 1908 1909 1854
f 366 1856 1854
f 1856 365 1848
f 1854 1848 26
f 1856 1848 1854
f 385 1923 1929
f 1923 383 1928
f 1929 1928 386
f 1923 1928 1929
f 386 1927 1929
f 1927 25 1919
f 1929 1919 385
f 1927 1919 1929
f 763 3065 3066
f 3065 25 1927
f 3066 1927 386
f 3065 1927 3066
f 763 3067 3068
f 3067 761 3062
f 3068 3062 762
f 3067 3062 3068
f 4 1029 3064
f 1029 25 3065
f 3064 3065 763
f 1029 3065 3064
f 4 3071 1029
f 3071 765 3072
f 1029 3072 25
f 3071 3072 1029
f 763 3068 3064
f 3068 762 3060
f 3064 3060 4
f 3068 3060 3064
f 387 3073 3160
f 3073 765 3163
f 3160 3163 786
f 3073 3163 3160
f 786 3161 3160
f 3161 388 1935
f 3160 1935 387
f 3161 1935 3160
f 185 2250 3889
f 2250 491 3893
f 3889 3893 995
f 2250 3893 3889
f 995 3891 3889
f 3891 489 2245
f 3889 2245 185
f 3891 2245 3889
f 905 3568 3567
f 3568 654 2762
f 3567 2762 588
f 3568 2762 3567
f 588 2763 3538
f 2763 655 3539
f 3538 3539 895
f 2763 3539 3538
f 588 2762 2763
f 2762 654 2764
f 2763 2764 655
f 2762 2764 2763
f 588 3538 4028
f 3538 895 4030
f 4028 4030 1013
f 3538 4030 4028
f 1013 4033 4028
f 4033 905 3567
f 4028 3567 588
f 4033 3567 4028
f 749 3022 3026
f 3022 657 3024
f 3026 3024 750
f 3022 3024 3026
f 749 3023 3022
f 3023 658 2769
f 3022 2769 657
f 3023 2769 3022
f 750 4039 3026
f 4039 1014 4038
f 3026 4038 749
f 4039 4038 3026
f 1014 4037 4038
f 4037 658 3023
f 4038 3023 749
f 4037 3023 4038
f 660 2775 2771
f 2775 661 2773
f 2771 2773 656
f 2775 2773 2771
f 752 3029 3028
f 3029 661 2775
f 3028 2775 660
f 3029 2775 3028
f 660 2771 2772
f 2771 656 2770
f 2772 2770 659
f 2771 2770 2772
f 659 2779 2772
f 2779 664 2780
f 2772 2780 660
f 2779 2780 2772
f 660 2780 3028
f 2780 664 3030
f 3028 3030 752
f 2780 3030 3028
f 756 3058 3045
f 3058 761 3059
f 3045 3059 757
f 3058 3059 3045
f 756 3061 3058
f 3061 762 3062
f 3058 3062 761
f 3061 3062 3058
f 2 1030 1406
f 1030 26 1407
f 1406 1407 181
f 1030 1407 1406
f 181 3037 1406
f 3037 755 3036
f 1406 3036 2
f 3037 3036 1406
f 757 3043 3042
f 3043 26 1030
f 3042 1030 2
f 3043 1030 3042
f 2 3040 3042
f 3040 756 3045
f 3042 3045 757
f 3040 3045 3042
f 754 3035 3094
f 3035 753 3093
f 3094 3093 771
f 3035 3093 3094
f 897 3542 3543
f 3542 753 3035
f 3543 3035 754
f 3542 3035 3543
f 899 3549 3548
f 3549 897 3543
f 3548 3543 754
f 3549 3543 3548
f 754 3552 3548
f 3552 900 3553
f 3548 3553 899
f 3552 3553 3548
f 754 3034 3552
f 3034 597 3551
f 3552 3551 900
f 3034 3551 3552
f 754 3039 3034
f 3039 755 3038
f 3034 3038 597
f 3039 3038 3034
f 754 3033 3039
f 3033 2 3036
f 3039 3036 755
f 3033 3036 3039
f 756 3040 3041
f 3040 2 3033
f 3041 3033 754
f 3040 3033 3041
f 80 1081 1340
f 1081 79 1339
f 1340 1339 169
f 1081 1339 1340
f 80 2682 1081
f 2682 632 2681
f 1081 2681 79
f 2682 2681 1081
f 169 1341 1340
f 1341 81 1082
f 1340 1082 80
f 1341 1082 1340
f 631 2680 2677
f 2680 630 2674
f 2677 2674 77
f 2680 2674 2677
f 629 2676 2864
f 2676 630 2865
f 2864 2865 699
f 2676 2865 2864
f 629 2870 2672
f 2870 700 2869
f 2672 2869 628
f 2870 2869 2672
f 699 2873 2864
f 2873 700 2870
f 2864 2870 629
f 2873 2870 2864
f 698 2863 2929
f 2863 697 2928
f 2929 2928 713
f 2863 2928 2929
f 714 2934 2933
f 2934 699 2867
f 2933 2867 698
f 2934 2867 2933
f 698 2929 2933
f 2929 713 2935
f 2933 2935 714
f 2929 2935 2933
f 699 2866 2867
f 2866 631 2861
f 2867 2861 698
f 2866 2861 2867
f 631 2683 2861
f 2683 632 2862
f 2861 2862 698
f 2683 2862 2861
f 632 2857 2862
f 2857 697 2863
f 2862 2863 698
f 2857 2863 2862
f 694 2860 2847
f 2860 697 2859
f 2847 2859 634
f 2860 2859 2847
f 413 2093 2017
f 2093 443 2094
f 2017 2094 414
f 2093 2094 2017
f 839 3338 3337
f 3338 443 2093
f 3337 2093 413
f 3338 2093 3337
f 413 3341 3337
f 3341 840 3346
f 3337 3346 839
f 3341 3346 3337
f 830 3308 3339
f 3308 443 3338
f 3339 3338 839
f 3308 3338 3339
f 414 2020 2019
f 2020 416 2021
f 2019 2021 415
f 2020 2021 2019
f 840 3341 3342
f 3341 413 2018
f 3342 2018 415
f 3341 2018 3342
f 415 2018 2019
f 2018 413 2017
f 2019 2017 414
f 2018 2017 2019
f 13 1018 1032
f 1018 14 1033
f 1032 1033 28
f 1018 1033 1032
f 28 3438 1032
f 3438 868 3436
f 1032 3436 13
f 3438 3436 1032
f 12 1020 1989
f 1020 16 1990
f 1989 1990 401
f 1020 1990 1989
f 12 3266 1020
f 3266 811 3267
f 1020 3267 16
f 3266 3267 1020
f 12 3261 3266
f 3261 810 3269
f 3266 3269 811
f 3261 3269 3266
f 10 3214 3242
f 3214 799 3245
f 3242 3245 805
f 3214 3245 3242
f 805 3244 3243
f 3244 798 3213
f 3243 3213 797
f 3244 3213 3243
f 797 3237 3243
f 3237 803 3247
f 3243 3247 805
f 3237 3247 3243
f 869 3806 3445
f 3806 977 3803
f 3445 3803 852
f 3806 3803 3445
f 807 3255 3431
f 3255 808 3432
f 3431 3432 867
f 3255 3432 3431
f 867 3444 3431
f 3444 868 3440
f 3431 3440 807
f 3444 3440 3431
f 807 3440 3268
f 3440 868 3441
f 3268 3441 811
f 3440 3441 3268
f 811 3269 3268
f 3269 810 3265
f 3268 3265 807
f 3269 3265 3268
f 866 3426 3427
f 3426 808 3259
f 3427 3259 809
f 3426 3259 3427
f 867 3432 3435
f 3432 808 3426
f 3435 3426 866
f 3432 3426 3435
f 825 3373 3397
f 3373 848 3398
f 3397 3398 857
f 3373 3398 3397
f 843 3374 3357
f 3374 848 3373
f 3357 3373 825
f 3374 3373 3357
f 834 3318 3325
f 3318 833 3324
f 3325 3324 836
f 3318 3324 3325
f 836 3359 3325
f 3359 843 3358
f 3325 3358 834
f 3359 3358 3325
f 839 3346 3340
f 3346 840 3345
f 3340 3345 831
f 3346 3345 3340
f 831 3310 3340
f 3310 830 3339
f 3340 3339 839
f 3310 3339 3340
f 840 3344 3345
f 3344 814 3309
f 3345 3309 831
f 3344 3309 3345
f 831 3364 3312
f 3364 845 3365
f 3312 3365 832
f 3364 3365 3312
f 832 3311 3312
f 3311 830 3310
f 3312 3310 831
f 3311 3310 3312
f 855 3770 3396
f 3770 970 3771
f 3396 3771 856
f 3770 3771 3396
f 856 3395 3396
f 3395 848 3392
f 3396 3392 855
f 3395 3392 3396
f 857 3398 3399
f 3398 848 3395
f 3399 3395 856
f 3398 3395 3399
f 845 3377 3366
f 3377 849 3376
f 3366 3376 844
f 3377 3376 3366
f 849 3378 3376
f 3378 848 3375
f 3376 3375 844
f 3378 3375 3376
f 832 3365 3361
f 3365 845 3366
f 3361 3366 844
f 3365 3366 3361
f 844 3375 3363
f 3375 848 3374
f 3363 3374 843
f 3375 3374 3363
f 844 3362 3361
f 3362 836 3323
f 3361 3323 832
f 3362 3323 3361
f 844 3363 3362
f 3363 843 3359
f 3362 3359 836
f 3363 3359 3362
f 854 3769 3394
f 3769 970 3770
f 3394 3770 855
f 3769 3770 3394
f 854 3805 3769
f 3805 977 3808
f 3769 3808 970
f 3805 3808 3769
f 855 3393 3394
f 3393 849 3389
f 3394 3389 854
f 3393 3389 3394
f 978 3812 3811
f 3812 970 3772
f 3811 3772 969
f 3812 3772 3811
f 970 3808 3772
f 3808 977 3807
f 3772 3807 969
f 3808 3807 3772
f 977 3806 3807
f 3806 869 3766
f 3807 3766 969
f 3806 3766 3807
f 868 3443 3442
f 3443 860 3410
f 3442 3410 859
f 3443 3410 3442
f 14 1018 3405
f 1018 13 3404
f 3405 3404 859
f 1018 3404 3405
f 859 3404 3442
f 3404 13 3436
f 3442 3436 868
f 3404 3436 3442
f 859 3406 3405
f 3406 812 3270
f 3405 3270 14
f 3406 3270 3405
f 859 3410 3406
f 3410 860 3407
f 3406 3407 812
f 3410 3407 3406
f 812 3407 3274
f 3407 860 3408
f 3274 3408 813
f 3407 3408 3274
f 841 3348 3349
f 3348 812 3274
f 3349 3274 813
f 3348 3274 3349
f 813 3275 3349
f 3275 814 3350
f 3349 3350 841
f 3275 3350 3349
f 251 1543 1545
f 1543 223 1490
f 1545 1490 233
f 1543 1490 1545
f 233 1491 1545
f 1491 232 1544
f 1545 1544 251
f 1491 1544 1545
f 233 1490 1489
f 1490 223 1470
f 1489 1470 222
f 1490 1470 1489
f 222 1487 1489
f 1487 232 1491
f 1489 1491 233
f 1487 1491 1489
f 251 1544 1546
f 1544 232 1541
f 1546 1541 250
f 1544 1541 1546
f 250 1679 1546
f 1679 303 1680
f 1546 1680 251
f 1679 1680 1546
f 304 1688 1685
f 1688 303 1679
f 1685 1679 250
f 1688 1679 1685
f 250 1542 1685
f 1542 249 1684
f 1685 1684 304
f 1542 1684 1685
f 222 1479 1482
f 1479 228 1483
f 1482 1483 230
f 1479 1483 1482
f 201 1450 1421
f 1450 215 1449
f 1421 1449 200
f 1450 1449 1421
f 200 1449 1452
f 1449 215 1453
f 1452 1453 216
f 1449 1453 1452
f 247 1528 1530
f 1528 219 1526
f 1530 1526 246
f 1528 1526 1530
f 247 1705 1535
f 1705 308 1706
f 1535 1706 248
f 1705 1706 1535
f 247 1527 1705
f 1527 189 1704
f 1705 1704 308
f 1527 1704 1705
f 234 1529 1531
f 1529 247 1535
f 1531 1535 248
f 1529 1535 1531
f 219 1528 1492
f 1528 247 1529
f 1492 1529 234
f 1528 1529 1492
f 234 1496 1493
f 1496 236 1495
f 1493 1495 227
f 1496 1495 1493
f 227 1477 1493
f 1477 219 1492
f 1493 1492 234
f 1477 1492 1493
f 244 1534 1700
f 1534 248 1701
f 1700 1701 307
f 1534 1701 1700
f 307 1703 1700
f 1703 306 1694
f 1700 1694 244
f 1703 1694 1700
f 227 1495 1516
f 1495 236 1517
f 1516 1517 244
f 1495 1517 1516
f 244 1517 1534
f 1517 236 1533
f 1534 1533 248
f 1517 1533 1534
f 288 1628 1629
f 1628 289 1630
f 1629 1630 290
f 1628 1630 1629
f 290 1799 1629
f 1799 348 1798
f 1629 1798 288
f 1799 1798 1629
f 286 1627 1625
f 1627 289 1628
f 1625 1628 288
f 1627 1628 1625
f 378 1894 1893
f 1894 348 1800
f 1893 1800 346
f 1894 1800 1893
f 346 1800 1792
f 1800 348 1799
f 1792 1799 290
f 1800 1799 1792
f 346 3899 1893
f 3899 997 3900
f 1893 3900 378
f 3899 3900 1893
f 998 3908 3904
f 3908 997 3899
f 3904 3899 346
f 3908 3899 3904
f 187 2257 3902
f 2257 493 3907
f 3902 3907 998
f 2257 3907 3902
f 998 3906 3902
f 3906 492 2253
f 3902 2253 187
f 3906 2253 3902
f 292 2258 1634
f 2258 493 2257
f 1634 2257 187
f 2258 2257 1634
f 187 2253 1634
f 2253 492 2254
f 1634 2254 292
f 2253 2254 1634
f 494 2261 2262
f 2261 294 1702
f 2262 1702 307
f 2261 1702 2262
f 494 2259 2261
f 2259 186 1639
f 2261 1639 294
f 2259 1639 2261
f 999 3909 3913
f 3909 186 2259
f 3913 2259 494
f 3909 2259 3913
f 495 2264 3914
f 2264 189 3911
f 3914 3911 999
f 2264 3911 3914
f 307 1707 2265
f 1707 308 2266
f 2265 2266 495
f 1707 2266 2265
f 308 1704 2266
f 1704 189 2264
f 2266 2264 495
f 1704 2264 2266
f 999 3911 3915
f 3911 189 2267
f 3915 2267 496
f 3911 2267 3915
f 496 3918 3915
f 3918 1000 3925
f 3915 3925 999
f 3918 3925 3915
f 190 3917 2268
f 3917 1000 3918
f 2268 3918 496
f 3917 3918 2268
f 189 1527 2267
f 1527 247 2271
f 2267 2271 496
f 1527 2271 2267
f 496 2271 2270
f 2271 247 1530
f 2270 1530 246
f 2271 1530 2270
f 529 2522 2342
f 2522 580 2523
f 2342 2523 530
f 2522 2523 2342
f 1002 3943 3937
f 3943 1001 3933
f 3937 3933 529
f 3943 3933 3937
f 529 2343 3937
f 2343 531 3938
f 3937 3938 1002
f 2343 3938 3937
f 530 2344 2342
f 2344 531 2343
f 2342 2343 529
f 2344 2343 2342
f 581 2532 2531
f 2532 580 2524
f 2531 2524 579
f 2532 2524 2531
f 577 2511 2516
f 2511 576 2515
f 2516 2515 578
f 2511 2515 2516
f 578 2519 2516
f 2519 579 2518
f 2516 2518 577
f 2519 2518 2516
f 222 1475 1498
f 1475 226 1499
f 1498 1499 237
f 1475 1499 1498
f 239 1506 1501
f 1506 240 1505
f 1501 1505 237
f 1506 1505 1501
f 237 1505 1498
f 1505 240 1504
f 1498 1504 222
f 1505 1504 1498
f 222 1470 1467
f 1470 223 1469
f 1467 1469 220
f 1470 1469 1467
f 220 1461 1467
f 1461 221 1468
f 1467 1468 222
f 1461 1468 1467
f 224 1474 1472
f 1474 225 1473
f 1472 1473 222
f 1474 1473 1472
f 222 1468 1472
f 1468 221 1471
f 1472 1471 224
f 1468 1471 1472
f 425 2043 2042
f 2043 419 2026
f 2042 2026 416
f 2043 2026 2042
f 429 2122 2051
f 2122 453 2121
f 2051 2121 425
f 2122 2121 2051
f 27 3271 2024
f 3271 812 3273
f 2024 3273 418
f 3271 3273 2024
f 453 2138 2123
f 2138 457 2137
f 2123 2137 452
f 2138 2137 2123
f 452 2120 2123
f 2120 425 2121
f 2123 2121 453
f 2120 2121 2123
f 419 2043 2118
f 2043 425 2120
f 2118 2120 452
f 2043 2120 2118
f 471 2184 2183
f 2184 295 1642
f 2183 1642 258
f 2184 1642 2183
f 470 2178 2188
f 2178 295 2184
f 2188 2184 471
f 2178 2184 2188
f 375 2150 1885
f 2150 460 2149
f 1885 2149 257
f 2150 2149 1885
f 257 2182 1566
f 2182 471 2183
f 1566 2183 258
f 2182 2183 1566
f 460 2185 2149
f 2185 471 2182
f 2149 2182 257
f 2185 2182 2149
f 459 2152 2145
f 2152 460 2150
f 2145 2150 375
f 2152 2150 2145
f 258 1642 1569
f 1642 295 1643
f 1569 1643 260
f 1642 1643 1569
f 362 1888 1887
f 1888 376 1890
f 1887 1890 375
f 1888 1890 1887
f 372 1889 1880
f 1889 376 1888
f 1880 1888 362
f 1889 1888 1880
f 256 1565 1645
f 1565 255 1644
f 1645 1644 296
f 1565 1644 1645
f 296 1648 1645
f 1648 295 1641
f 1645 1641 256
f 1648 1641 1645
f 255 1651 1644
f 1651 297 1653
f 1644 1653 296
f 1651 1653 1644
f 296 1646 1648
f 1646 260 1643
f 1648 1643 295
f 1646 1643 1648
f 296 1653 1647
f 1653 297 1652
f 1647 1652 263
f 1653 1652 1647
f 263 1575 1647
f 1575 260 1646
f 1647 1646 296
f 1575 1646 1647
f 544 2468 2385
f 2468 567 2467
f 2385 2467 542
f 2468 2467 2385
f 544 2382 2472
f 2382 445 2471
f 2472 2471 568
f 2382 2471 2472
f 568 2504 2472
f 2504 575 2502
f 2472 2502 544
f 2504 2502 2472
f 544 2502 2468
f 2502 575 2503
f 2468 2503 567
f 2502 2503 2468
f 426 2045 2044
f 2045 416 2020
f 2044 2020 414
f 2045 2020 2044
f 426 2046 2045
f 2046 425 2042
f 2045 2042 416
f 2046 2042 2045
f 429 2051 2052
f 2051 425 2046
f 2052 2046 426
f 2051 2046 2052
f 414 2089 2047
f 2089 442 2090
f 2047 2090 427
f 2089 2090 2047
f 427 2048 2047
f 2048 426 2044
f 2047 2044 414
f 2048 2044 2047
f 576 2509 2508
f 2509 575 2505
f 2508 2505 570
f 2509 2505 2508
f 559 2512 2477
f 2512 578 2513
f 2477 2513 570
f 2512 2513 2477
f 570 2513 2508
f 2513 578 2515
f 2508 2515 576
f 2513 2515 2508
f 570 2505 2478
f 2505 575 2504
f 2478 2504 568
f 2505 2504 2478
f 241 1508 1509
f 1508 209 1503
f 1509 1503 240
f 1508 1503 1509
f 240 1563 1509
f 1563 256 1564
f 1509 1564 241
f 1563 1564 1509
f 207 1434 1426
f 1434 210 1433
f 1426 1433 206
f 1434 1433 1426
f 207 2360 1442
f 2360 538 2362
f 1442 2362 213
f 2360 2362 1442
f 206 2359 1426
f 2359 538 2360
f 1426 2360 207
f 2359 2360 1426
f 213 1443 1442
f 1443 209 1431
f 1442 1431 207
f 1443 1431 1442
f 209 1435 1431
f 1435 210 1434
f 1431 1434 207
f 1435 1434 1431
f 462 2154 2176
f 2154 203 2174
f 2176 2174 469
f 2154 2174 2176
f 469 2181 2176
f 2181 470 2179
f 2176 2179 462
f 2181 2179 2176
f 209 1429 1430
f 1429 203 1424
f 1430 1424 205
f 1429 1424 1430
f 746 3013 3012
f 3013 395 1962
f 3012 1962 19
f 3013 1962 3012
f 701 2874 2877
f 2874 685 2875
f 2877 2875 702
f 2874 2875 2877
f 701 3419 3256
f 3419 864 3420
f 3256 3420 809
f 3419 3420 3256
f 878 3476 3474
f 3476 864 3419
f 3474 3419 701
f 3476 3419 3474
f 701 2877 3474
f 2877 702 3475
f 3474 3475 878
f 2877 3475 3474
f 404 2007 3226
f 2007 405 3227
f 3226 3227 801
f 2007 3227 3226
f 404 2000 2003
f 2000 17 1998
f 2003 1998 403
f 2000 1998 2003
f 799 3217 3215
f 3217 17 1021
f 3215 1021 11
f 3217 1021 3215
f 795 3202 3203
f 3202 745 3196
f 3203 3196 794
f 3202 3196 3203
f 801 3224 3228
f 3224 1 3200
f 3228 3200 795
f 3224 3200 3228
f 1 1984 3200
f 1984 400 3201
f 3200 3201 795
f 1984 3201 3200
f 400 3010 3201
f 3010 745 3202
f 3201 3202 795
f 3010 3202 3201
f 794 3211 3203
f 3211 798 3212
f 3203 3212 795
f 3211 3212 3203
f 795 3212 3228
f 3212 798 3229
f 3228 3229 801
f 3212 3229 3228
f 747 3017 3018
f 3017 745 3015
f 3018 3015 746
f 3017 3015 3018
f 747 3184 3197
f 3184 791 3198
f 3197 3198 794
f 3184 3198 3197
f 794 3196 3197
f 3196 745 3017
f 3197 3017 747
f 3196 3017 3197
f 804 3241 3240
f 3241 803 3238
f 3240 3238 802
f 3241 3238 3240
f 802 3235 3233
f 3235 796 3205
f 3233 3205 689
f 3235 3205 3233
f 803 3236 3238
f 3236 796 3235
f 3238 3235 802
f 3236 3235 3238
f 8 1024 1949
f 1024 20 1950
f 1949 1950 392
f 1024 1950 1949
f 392 1950 1957
f 1950 20 1954
f 1957 1954 393
f 1950 1954 1957
f 277 1604 1603
f 1604 276 1602
f 1603 1602 273
f 1604 1602 1603
f 243 1649 1558
f 1649 297 1650
f 1558 1650 254
f 1649 1650 1558
f 254 1555 1558
f 1555 237 1514
f 1558 1514 243
f 1555 1514 1558
f 243 1514 1513
f 1514 237 1499
f 1513 1499 226
f 1514 1499 1513
f 915 3703 3611
f 3703 955 3705
f 3611 3705 931
f 3703 3705 3611
f 915 3611 3994
f 3611 931 3996
f 3994 3996 1009
f 3611 3996 3994
f 1009 3997 3994
f 3997 932 3614
f 3994 3614 915
f 3997 3614 3994
f 729 3580 3613
f 3580 915 3614
f 3613 3614 932
f 3580 3614 3613
f 955 3703 3701
f 3703 915 3580
f 3701 3580 729
f 3703 3580 3701
f 729 3613 3583
f 3613 932 3615
f 3583 3615 916
f 3613 3615 3583
f 916 3582 3583
f 3582 728 2957
f 3583 2957 729
f 3582 2957 3583
f 727 2958 2956
f 2958 730 2959
f 2956 2959 729
f 2958 2959 2956
f 729 2957 2956
f 2957 728 2955
f 2956 2955 727
f 2957 2955 2956
f 989 3858 3859
f 3858 955 3843
f 3859 3843 986
f 3858 3843 3859
f 991 3869 3868
f 3869 989 3859
f 3868 3859 986
f 3869 3859 3868
f 986 3845 3868
f 3845 985 3867
f 3868 3867 991
f 3845 3867 3868
f 986 3844 3845
f 3844 974 3839
f 3845 3839 985
f 3844 3839 3845
f 733 3784 3842
f 3784 974 3844
f 3842 3844 986
f 3784 3844 3842
f 730 2984 2961
f 2984 740 2985
f 2961 2985 731
f 2984 2985 2961
f 731 2960 2961
f 2960 729 2959
f 2961 2959 730
f 2960 2959 2961
f 955 3701 3702
f 3701 729 2960
f 3702 2960 731
f 3701 2960 3702
f 733 3842 2963
f 3842 986 3841
f 2963 3841 731
f 3842 3841 2963
f 731 3841 3702
f 3841 986 3843
f 3702 3843 955
f 3841 3843 3702
f 733 2963 2964
f 2963 731 2962
f 2964 2962 732
f 2963 2962 2964
f 732 2962 2986
f 2962 731 2985
f 2986 2985 740
f 2962 2985 2986
f 832 3323 3328
f 3323 836 3330
f 3328 3330 837
f 3323 3330 3328
f 836 3326 3330
f 3326 835 3329
f 3330 3329 837
f 3326 3329 3330
f 892 3530 3527
f 3530 886 3504
f 3527 3504 879
f 3530 3504 3527
f 892 3527 3528
f 3527 879 3486
f 3528 3486 880
f 3527 3486 3528
f 887 3510 3534
f 3510 888 3535
f 3534 3535 893
f 3510 3535 3534
f 973 3835 3838
f 3835 984 3840
f 3838 3840 985
f 3835 3840 3838
f 985 3839 3838
f 3839 974 3787
f 3838 3787 973
f 3839 3787 3838
f 974 3786 3787
f 3786 887 3782
f 3787 3782 973
f 3786 3782 3787
f 973 3782 3783
f 3782 887 3534
f 3783 3534 893
f 3782 3534 3783
f 981 3836 3824
f 3836 984 3835
f 3824 3835 973
f 3836 3835 3824
f 982 3834 3826
f 3834 983 3829
f 3826 3829 956
f 3834 3829 3826
f 956 3714 3826
f 3714 958 3827
f 3826 3827 982
f 3714 3827 3826
f 956 3713 3714
f 3713 957 3715
f 3714 3715 958
f 3713 3715 3714
f 965 3752 3751
f 3752 957 3713
f 3751 3713 956
f 3752 3713 3751
f 956 3814 3751
f 3814 979 3815
f 3751 3815 965
f 3814 3815 3751
f 956 3829 3814
f 3829 983 3832
f 3814 3832 979
f 3829 3832 3814
f 979 3832 3817
f 3832 983 3830
f 3817 3830 971
f 3832 3830 3817
f 983 3831 3830
f 3831 972 3780
f 3830 3780 971
f 3831 3780 3830
f 971 3773 3776
f 3773 856 3771
f 3776 3771 970
f 3773 3771 3776
f 857 3399 3774
f 3399 856 3773
f 3774 3773 971
f 3399 3773 3774
f 971 3776 3813
f 3776 970 3812
f 3813 3812 978
f 3776 3812 3813
f 978 3818 3813
f 3818 979 3817
f 3813 3817 971
f 3818 3817 3813
f 131 1198 1201
f 1198 109 1194
f 1201 1194 130
f 1198 1194 1201
f 43 1049 2600
f 1049 44 2601
f 2600 2601 607
f 1049 2601 2600
f 965 3749 3750
f 3749 606 2602
f 3750 2602 607
f 3749 2602 3750
f 607 2602 2600
f 2602 606 2598
f 2600 2598 43
f 2602 2598 2600
f 607 3709 3750
f 3709 957 3752
f 3750 3752 965
f 3709 3752 3750
f 607 2601 3709
f 2601 44 3706
f 3709 3706 957
f 2601 3706 3709
f 992 3875 3876
f 3875 990 3870
f 3876 3870 991
f 3875 3870 3876
f 991 3867 3876
f 3867 985 3872
f 3876 3872 992
f 3867 3872 3876
f 985 3840 3872
f 3840 984 3871
f 3872 3871 992
f 3840 3871 3872
f 987 3863 3873
f 3863 990 3875
f 3873 3875 992
f 3863 3875 3873
f 910 3599 3877
f 3599 925 3879
f 3877 3879 993
f 3599 3879 3877
f 925 3861 3879
f 3861 990 3882
f 3879 3882 993
f 3861 3882 3879
f 993 3882 3881
f 3882 990 3863
f 3881 3863 987
f 3882 3863 3881
f 993 3881 3880
f 3881 987 3847
f 3880 3847 961
f 3881 3847 3880
f 961 3726 3880
f 3726 924 3878
f 3880 3878 993
f 3726 3878 3880
f 993 3878 3877
f 3878 924 3597
f 3877 3597 910
f 3878 3597 3877
f 720 3654 2947
f 3654 942 3653
f 2947 3653 718
f 3654 3653 2947
f 727 2954 3001
f 2954 726 3000
f 3001 3000 743
f 2954 3000 3001
f 741 2989 2988
f 2989 730 2958
f 2988 2958 727
f 2989 2958 2988
f 727 3001 2988
f 3001 743 3004
f 2988 3004 741
f 3001 3004 2988
f 741 3004 2990
f 3004 743 3003
f 2990 3003 738
f 3004 3003 2990
f 741 2992 2989
f 2992 740 2984
f 2989 2984 730
f 2992 2984 2989
f 167 1332 1331
f 1332 165 1322
f 1331 1322 159
f 1332 1322 1331
f 167 2671 2667
f 2671 629 2672
f 2667 2672 628
f 2671 2672 2667
f 162 1305 1310
f 1305 161 1309
f 1310 1309 163
f 1305 1309 1310
f 158 1314 1308
f 1314 164 1315
f 1308 1315 163
f 1314 1315 1308
f 163 1309 1308
f 1309 161 1297
f 1308 1297 158
f 1309 1297 1308
f 67 2649 3720
f 2649 623 3722
f 3720 3722 960
f 2649 3722 3720
f 960 3719 3720
f 3719 66 1072
f 3720 1072 67
f 3719 1072 3720
f 906 3572 3723
f 3572 66 3719
f 3723 3719 960
f 3572 3719 3723
f 652 2758 2754
f 2758 650 2745
f 2754 2745 590
f 2758 2745 2754
f 651 2751 2759
f 2751 650 2758
f 2759 2758 652
f 2751 2758 2759
f 100 1239 1128
f 1239 139 1240
f 1128 1240 116
f 1239 1240 1128
f 116 1131 1128
f 1131 117 1129
f 1128 1129 100
f 1131 1129 1128
f 100 1102 1106
f 1102 103 1107
f 1106 1107 105
f 1102 1107 1106
f 102 1103 1100
f 1103 103 1102
f 1100 1102 100
f 1103 1102 1100
f 962 3732 3733
f 3732 923 3725
f 3733 3725 961
f 3732 3725 3733
f 962 3731 3732
f 3731 922 3595
f 3732 3595 923
f 3731 3595 3732
f 46 1197 1192
f 1197 131 1201
f 1192 1201 130
f 1197 1201 1192
f 100 1110 1112
f 1110 107 1113
f 1112 1113 108
f 1110 1113 1112
f 108 1115 1112
f 1115 109 1114
f 1112 1114 100
f 1115 1114 1112
f 110 1119 1116
f 1119 111 1118
f 1116 1118 100
f 1119 1118 1116
f 100 1114 1116
f 1114 109 1117
f 1116 1117 110
f 1114 1117 1116
f 109 1198 1117
f 1198 131 1199
f 1117 1199 110
f 1198 1199 1117
f 125 1167 1166
f 1167 111 1119
f 1166 1119 110
f 1167 1119 1166
f 110 1199 1166
f 1199 131 1200
f 1166 1200 125
f 1199 1200 1166
f 777 3171 3130
f 3171 788 3172
f 3130 3172 780
f 3171 3172 3130
f 777 3120 3119
f 3120 776 3117
f 3119 3117 769
f 3120 3117 3119
f 791 3184 3185
f 3184 747 3175
f 3185 3175 789
f 3184 3175 3185
f 789 3175 3178
f 3175 747 3170
f 3178 3170 788
f 3175 3170 3178
f 789 3177 3176
f 3177 777 3119
f 3176 3119 769
f 3177 3119 3176
f 788 3171 3178
f 3171 777 3177
f 3178 3177 789
f 3171 3177 3178
f 872 3767 3451
f 3767 969 3766
f 3451 3766 869
f 3767 3766 3451
f 83 1347 1085
f 1347 170 1348
f 1085 1348 84
f 1347 1348 1085
f 84 1348 1353
f 1348 170 1357
f 1353 1357 171
f 1348 1357 1353
f 84 2690 1085
f 2690 634 2689
f 1085 2689 83
f 2690 2689 1085
f 695 2852 2849
f 2852 694 2848
f 2849 2848 635
f 2852 2848 2849
f 635 2699 2849
f 2699 636 2850
f 2849 2850 695
f 2699 2850 2849
f 694 2847 2848
f 2847 634 2695
f 2848 2695 635
f 2847 2695 2848
f 634 2690 2695
f 2690 84 2692
f 2695 2692 635
f 2690 2692 2695
f 635 2692 2694
f 2692 84 1353
f 2694 1353 171
f 2692 1353 2694
f 172 1363 1361
f 1363 153 1279
f 1361 1279 149
f 1363 1279 1361
f 172 1364 1362
f 1364 171 1356
f 1362 1356 151
f 1364 1356 1362
f 151 1280 1362
f 1280 153 1363
f 1362 1363 172
f 1280 1363 1362
f 940 3657 3642
f 3657 942 3656
f 3642 3656 722
f 3657 3656 3642
f 908 3973 3646
f 3973 1006 3974
f 3646 3974 940
f 3973 3974 3646
f 940 3647 3646
f 3647 939 3638
f 3646 3638 908
f 3647 3638 3646
f 1005 3965 3959
f 3965 1004 3952
f 3959 3952 505
f 3965 3952 3959
f 503 3969 3958
f 3969 1006 3977
f 3958 3977 1005
f 3969 3977 3958
f 511 3953 3944
f 3953 1004 3957
f 3944 3957 1003
f 3953 3957 3944
f 533 2347 2349
f 2347 516 2345
f 2349 2345 532
f 2347 2345 2349
f 533 2348 2347
f 2348 518 2322
f 2347 2322 516
f 2348 2322 2347
f 517 2325 3945
f 2325 520 3948
f 3945 3948 1003
f 2325 3948 3945
f 1003 3946 3945
f 3946 518 2323
f 3945 2323 517
f 3946 2323 3945
f 917 3618 3986
f 3618 933 3988
f 3986 3988 1008
f 3618 3988 3986
f 917 3620 3618
f 3620 934 3621
f 3618 3621 933
f 3620 3621 3618
f 917 3986 3623
f 3986 1008 3989
f 3623 3989 935
f 3986 3989 3623
f 935 3625 3623
f 3625 934 3620
f 3623 3620 917
f 3625 3620 3623
f 349 1803 1801
f 1803 345 1791
f 1801 1791 285
f 1803 1791 1801
f 349 1804 1897
f 1804 348 1896
f 1897 1896 379
f 1804 1896 1897
f 380 2246 1900
f 2246 489 2244
f 1900 2244 183
f 2246 2244 1900
f 183 1851 1900
f 1851 365 1903
f 1900 1903 380
f 1851 1903 1900
f 380 1901 2246
f 1901 185 2245
f 2246 2245 489
f 1901 2245 2246
f 379 2251 1904
f 2251 491 2252
f 1904 2252 380
f 2251 2252 1904
f 491 2250 2252
f 2250 185 1901
f 2252 1901 380
f 2250 1901 2252
f 183 2240 1408
f 2240 487 2239
f 1408 2239 182
f 2240 2239 1408
f 182 1850 1408
f 1850 365 1851
f 1408 1851 183
f 1850 1851 1408
f 487 2241 2239
f 2241 365 1850
f 2239 1850 182
f 2241 1850 2239
f 3 1910 3055
f 1910 383 3057
f 3055 3057 761
f 1910 3057 3055
f 3 3055 3063
f 3055 761 3067
f 3063 3067 763
f 3055 3067 3063
f 763 3066 3063
f 3066 386 1925
f 3063 1925 3
f 3066 1925 3063
f 760 3108 3104
f 3108 774 3111
f 3104 3111 773
f 3108 3111 3104
f 5 3158 3151
f 3158 786 3165
f 3151 3165 785
f 3158 3165 3151
f 785 3165 3156
f 3165 786 3164
f 3156 3164 778
f 3165 3164 3156
f 778 3148 3156
f 3148 784 3157
f 3156 3157 785
f 3148 3157 3156
f 764 3162 3074
f 3162 786 3163
f 3074 3163 765
f 3162 3163 3074
f 774 3122 3109
f 3122 778 3121
f 3109 3121 764
f 3122 3121 3109
f 764 3121 3162
f 3121 778 3164
f 3162 3164 786
f 3121 3164 3162
f 765 3071 3074
f 3071 4 3069
f 3074 3069 764
f 3071 3069 3074
f 764 3069 3070
f 3069 4 3060
f 3070 3060 762
f 3069 3060 3070
f 764 3070 3106
f 3070 762 3105
f 3106 3105 773
f 3070 3105 3106
f 773 3111 3106
f 3111 774 3109
f 3106 3109 764
f 3111 3109 3106
f 772 3098 3102
f 3098 754 3094
f 3102 3094 771
f 3098 3094 3102
f 756 3041 3099
f 3041 754 3098
f 3099 3098 772
f 3041 3098 3099
f 773 3105 3107
f 3105 762 3101
f 3107 3101 772
f 3105 3101 3107
f 762 3061 3101
f 3061 756 3099
f 3101 3099 772
f 3061 3099 3101
f 693 2845 2846
f 2845 640 2741
f 2846 2741 649
f 2845 2741 2846
f 693 2846 2904
f 2846 649 2901
f 2904 2901 708
f 2846 2901 2904
f 708 2910 2904
f 2910 709 2907
f 2904 2907 693
f 2910 2907 2904
f 693 2907 2855
f 2907 709 2909
f 2855 2909 696
f 2907 2909 2855
f 78 1079 1335
f 1079 77 1334
f 1335 1334 168
f 1079 1334 1335
f 631 2677 2678
f 2677 77 1079
f 2678 1079 78
f 2677 1079 2678
f 168 1336 1335
f 1336 79 1080
f 1335 1080 78
f 1336 1080 1335
f 78 1080 2678
f 1080 79 2679
f 2678 2679 631
f 1080 2679 2678
f 632 2682 2687
f 2682 80 2684
f 2687 2684 633
f 2682 2684 2687
f 633 2684 2685
f 2684 80 1082
f 2685 1082 81
f 2684 1082 2685
f 633 2858 2687
f 2858 697 2857
f 2687 2857 632
f 2858 2857 2687
f 633 2691 2858
f 2691 634 2859
f 2858 2859 697
f 2691 2859 2858
f 417 2022 2023
f 2022 415 2021
f 2023 2021 416
f 2022 2021 2023
f 416 2026 2023
f 2026 419 2027
f 2023 2027 417
f 2026 2027 2023
f 419 2028 2027
f 2028 418 2025
f 2027 2025 417
f 2028 2025 2027
f 841 3351 3347
f 3351 840 3343
f 3347 3343 417
f 3351 3343 3347
f 840 3342 3343
f 3342 415 2022
f 3343 2022 417
f 3342 2022 3343
f 417 3272 3347
f 3272 812 3348
f 3347 3348 841
f 3272 3348 3347
f 417 2025 3272
f 2025 418 3273
f 3272 3273 812
f 2025 3273 3272
f 810 3261 3263
f 3261 12 1992
f 3263 1992 402
f 3261 1992 3263
f 15 3262 1993
f 3262 810 3263
f 1993 3263 402
f 3262 3263 1993
f 402 1994 1993
f 1994 372 1878
f 1993 1878 15
f 1994 1878 1993
f 402 1992 1996
f 1992 12 1989
f 1996 1989 401
f 1992 1989 1996
f 806 3264 3248
f 3264 810 3260
f 3248 3260 10
f 3264 3260 3248
f 10 3242 3248
f 3242 805 3251
f 3248 3251 806
f 3242 3251 3248
f 806 3252 3264
f 3252 807 3265
f 3264 3265 810
f 3252 3265 3264
f 806 3249 3250
f 3249 803 3241
f 3250 3241 804
f 3249 3241 3250
f 806 3251 3249
f 3251 805 3247
f 3249 3247 803
f 3251 3247 3249
f 804 3253 3250
f 3253 808 3254
f 3250 3254 806
f 3253 3254 3250
f 808 3255 3254
f 3255 807 3252
f 3254 3252 806
f 3255 3252 3254
f 870 3448 3477
f 3448 864 3476
f 3477 3476 878
f 3448 3476 3477
f 870 3449 3448
f 3449 869 3447
f 3448 3447 864
f 3449 3447 3448
f 870 3452 3449
f 3452 872 3451
f 3449 3451 869
f 3452 3451 3449
f 809 3420 3422
f 3420 864 3425
f 3422 3425 865
f 3420 3425 3422
f 865 3430 3422
f 3430 866 3427
f 3422 3427 809
f 3430 3427 3422
f 858 3779 3401
f 3779 972 3777
f 3401 3777 826
f 3779 3777 3401
f 858 3775 3779
f 3775 971 3780
f 3779 3780 972
f 3775 3780 3779
f 858 3400 3403
f 3400 825 3397
f 3403 3397 857
f 3400 3397 3403
f 857 3774 3403
f 3774 971 3775
f 3403 3775 858
f 3774 3775 3403
f 842 3356 3360
f 3356 834 3358
f 3360 3358 843
f 3356 3358 3360
f 843 3357 3360
f 3357 825 3354
f 3360 3354 842
f 3357 3354 3360
f 822 3317 3352
f 3317 834 3356
f 3352 3356 842
f 3317 3356 3352
f 842 3353 3352
f 3353 823 3296
f 3352 3296 822
f 3353 3296 3352
f 850 3381 3379
f 3381 849 3377
f 3379 3377 845
f 3381 3377 3379
f 850 3390 3381
f 3390 854 3389
f 3381 3389 849
f 3390 3389 3381
f 249 1537 1536
f 1537 230 1484
f 1536 1484 229
f 1537 1484 1536
f 229 1484 1481
f 1484 230 1483
f 1481 1483 228
f 1484 1483 1481
f 249 1542 1538
f 1542 250 1540
f 1538 1540 231
f 1542 1540 1538
f 231 1486 1538
f 1486 230 1537
f 1538 1537 249
f 1486 1537 1538
f 231 1540 1488
f 1540 250 1541
f 1488 1541 232
f 1540 1541 1488
f 231 1488 1485
f 1488 232 1487
f 1485 1487 222
f 1488 1487 1485
f 222 1482 1485
f 1482 230 1486
f 1485 1486 231
f 1482 1486 1485
f 246 1525 1524
f 1525 218 1458
f 1524 1458 217
f 1525 1458 1524
f 248 1533 1532
f 1533 236 1497
f 1532 1497 235
f 1533 1497 1532
f 235 1494 1532
f 1494 234 1531
f 1532 1531 248
f 1494 1531 1532
f 236 1496 1497
f 1496 234 1494
f 1497 1494 235
f 1496 1494 1497
f 245 1695 1689
f 1695 306 1698
f 1689 1698 305
f 1695 1698 1689
f 245 1521 1695
f 1521 244 1694
f 1695 1694 306
f 1521 1694 1695
f 245 1689 1539
f 1689 305 1690
f 1539 1690 249
f 1689 1690 1539
f 249 1536 1539
f 1536 229 1520
f 1539 1520 245
f 1536 1520 1539
f 245 1520 1519
f 1520 229 1481
f 1519 1481 228
f 1520 1481 1519
f 245 1519 1518
f 1519 228 1480
f 1518 1480 227
f 1519 1480 1518
f 227 1516 1518
f 1516 244 1521
f 1518 1521 245
f 1516 1521 1518
f 292 1638 1636
f 1638 293 1637
f 1636 1637 291
f 1638 1637 1636
f 293 1794 1637
f 1794 346 1793
f 1637 1793 291
f 1794 1793 1637
f 291 1793 1632
f 1793 346 1792
f 1632 1792 290
f 1793 1792 1632
f 291 1631 1636
f 1631 289 1635
f 1636 1635 292
f 1631 1635 1636
f 290 1630 1632
f 1630 289 1631
f 1632 1631 291
f 1630 1631 1632
f 347 1795 3905
f 1795 293 3903
f 3905 3903 998
f 1795 3903 3905
f 998 3904 3905
f 3904 346 1796
f 3905 1796 347
f 3904 1796 3905
f 347 1796 1795
f 1796 346 1794
f 1795 1794 293
f 1796 1794 1795
f 188 2260 1699
f 2260 494 2262
f 1699 2262 307
f 2260 2262 1699
f 307 2265 1699
f 2265 495 2263
f 1699 2263 188
f 2265 2263 1699
f 999 3913 3910
f 3913 494 2260
f 3910 2260 188
f 3913 2260 3910
f 188 2263 3910
f 2263 495 3914
f 3910 3914 999
f 2263 3914 3910
f 215 1450 2275
f 1450 201 2274
f 2275 2274 497
f 1450 2274 2275
f 497 2276 2275
f 2276 216 1453
f 2275 1453 215
f 2276 1453 2275
f 497 2277 2276
f 2277 217 1456
f 2276 1456 216
f 2277 1456 2276
f 190 1522 2272
f 1522 246 2278
f 2272 2278 497
f 1522 2278 2272
f 246 1524 2278
f 1524 217 2277
f 2278 2277 497
f 1524 2277 2278
f 497 3919 2272
f 3919 1000 3917
f 2272 3917 190
f 3919 3917 2272
f 497 2280 3919
f 2280 498 3920
f 3919 3920 1000
f 2280 3920 3919
f 191 1523 1409
f 1523 246 1522
f 1409 1522 190
f 1523 1522 1409
f 190 2268 1409
f 2268 496 2269
f 1409 2269 191
f 2268 2269 1409
f 191 2269 1523
f 2269 496 2270
f 1523 2270 246
f 2269 2270 1523
f 527 2520 2340
f 2520 580 2521
f 2340 2521 528
f 2520 2521 2340
f 580 2522 2521
f 2522 529 2341
f 2521 2341 528
f 2522 2341 2521
f 1001 3931 3932
f 3931 527 2340
f 3932 2340 528
f 3931 2340 3932
f 528 2341 3932
f 2341 529 3933
f 3932 3933 1001
f 2341 3933 3932
f 526 2339 3930
f 2339 527 3931
f 3930 3931 1001
f 2339 3931 3930
f 1001 3929 3930
f 3929 525 2338
f 3930 2338 526
f 3929 2338 3930
f 1001 3934 3926
f 3934 1000 3921
f 3926 3921 499
f 3934 3921 3926
f 1000 3920 3921
f 3920 498 2283
f 3921 2283 499
f 3920 2283 3921
f 254 1557 1556
f 1557 239 1502
f 1556 1502 238
f 1557 1502 1556
f 238 1500 1556
f 1500 237 1555
f 1556 1555 254
f 1500 1555 1556
f 239 1501 1502
f 1501 237 1500
f 1502 1500 238
f 1501 1500 1502
f 252 1548 1549
f 1548 223 1543
f 1549 1543 251
f 1548 1543 1549
f 252 1547 1548
f 1547 220 1469
f 1548 1469 223
f 1547 1469 1548
f 456 2134 2139
f 2134 452 2137
f 2139 2137 457
f 2134 2137 2139
f 456 3439 2130
f 3439 868 3438
f 2130 3438 28
f 3439 3438 2130
f 401 1990 2132
f 1990 16 2129
f 2132 2129 456
f 1990 2129 2132
f 16 3437 2129
f 3437 868 3439
f 2129 3439 456
f 3437 3439 2129
f 450 2117 2113
f 2117 451 2116
f 2113 2116 429
f 2117 2116 2113
f 450 2437 2117
f 2437 562 2438
f 2117 2438 451
f 2437 2438 2117
f 449 2436 2115
f 2436 562 2437
f 2115 2437 450
f 2436 2437 2115
f 566 2463 2459
f 2463 562 2436
f 2459 2436 449
f 2463 2436 2459
f 566 2461 2460
f 2461 544 2385
f 2460 2385 542
f 2461 2385 2460
f 542 2434 2460
f 2434 561 2462
f 2460 2462 566
f 2434 2462 2460
f 561 2440 2462
f 2440 562 2463
f 2462 2463 566
f 2440 2463 2462
f 447 2384 2457
f 2384 544 2461
f 2457 2461 566
f 2384 2461 2457
f 467 2187 2165
f 2187 471 2185
f 2165 2185 460
f 2187 2185 2165
f 259 1567 1568
f 1567 257 1566
f 1568 1566 258
f 1567 1566 1568
f 258 1569 1568
f 1569 260 1570
f 1568 1570 259
f 1569 1570 1568
f 259 1570 1571
f 1570 260 1572
f 1571 1572 261
f 1570 1572 1571
f 377 1892 1891
f 1892 376 1889
f 1891 1889 372
f 1892 1889 1891
f 377 1995 1991
f 1995 402 1996
f 1991 1996 401
f 1995 1996 1991
f 372 1994 1891
f 1994 402 1995
f 1891 1995 377
f 1994 1995 1891
f 457 2135 2136
f 2135 376 1892
f 2136 1892 377
f 2135 1892 2136
f 401 2132 1991
f 2132 456 2131
f 1991 2131 377
f 2132 2131 1991
f 377 2131 2136
f 2131 456 2139
f 2136 2139 457
f 2131 2139 2136
f 458 2141 2144
f 2141 376 2135
f 2144 2135 457
f 2141 2135 2144
f 458 2144 2142
f 2144 457 2138
f 2142 2138 453
f 2144 2138 2142
f 458 2148 2140
f 2148 459 2145
f 2140 2145 375
f 2148 2145 2140
f 375 1890 2140
f 1890 376 2141
f 2140 2141 458
f 1890 2141 2140
f 403 1997 1999
f 1997 15 1881
f 1999 1881 373
f 1997 1881 1999
f 15 1878 1881
f 1878 372 1883
f 1881 1883 373
f 1878 1883 1881
f 373 2001 1999
f 2001 404 2003
f 1999 2003 403
f 2001 2003 1999
f 568 2471 2470
f 2471 445 2101
f 2470 2101 444
f 2471 2101 2470
f 446 2383 2106
f 2383 544 2384
f 2106 2384 447
f 2383 2384 2106
f 445 2382 2104
f 2382 544 2383
f 2104 2383 446
f 2382 2383 2104
f 428 2050 2091
f 2050 427 2090
f 2091 2090 442
f 2050 2090 2091
f 411 2087 2016
f 2087 442 2088
f 2016 2088 412
f 2087 2088 2016
f 411 3327 3321
f 3327 837 3329
f 3321 3329 835
f 3327 3329 3321
f 429 2052 2055
f 2052 426 2053
f 2055 2053 430
f 2052 2053 2055
f 430 2114 2055
f 2114 450 2113
f 2055 2113 429
f 2114 2113 2055
f 449 2115 2110
f 2115 450 2114
f 2110 2114 430
f 2115 2114 2110
f 426 2048 2053
f 2048 427 2054
f 2053 2054 430
f 2048 2054 2053
f 559 2477 2423
f 2477 570 2476
f 2423 2476 434
f 2477 2476 2423
f 202 1422 1428
f 1422 203 1429
f 1428 1429 209
f 1422 1429 1428
f 209 1508 1428
f 1508 241 1507
f 1428 1507 202
f 1508 1507 1428
f 469 2174 2173
f 2174 203 1422
f 2173 1422 202
f 2174 1422 2173
f 202 1562 2173
f 1562 256 2175
f 2173 2175 469
f 1562 2175 2173
f 202 1507 1562
f 1507 241 1564
f 1562 1564 256
f 1507 1564 1562
f 461 2156 2157
f 2156 462 2158
f 2157 2158 463
f 2156 2158 2157
f 463 2161 2427
f 2161 465 2428
f 2427 2428 560
f 2161 2428 2427
f 560 2426 2427
f 2426 461 2157
f 2427 2157 463
f 2426 2157 2427
f 209 1430 1432
f 1430 205 1427
f 1432 1427 208
f 1430 1427 1432
f 208 2371 1432
f 2371 541 2372
f 1432 2372 209
f 2371 2372 1432
f 204 1425 1423
f 1425 205 1424
f 1423 1424 203
f 1425 1424 1423
f 203 2154 1423
f 2154 462 2155
f 1423 2155 204
f 2154 2155 1423
f 204 2155 2153
f 2155 462 2156
f 2153 2156 461
f 2155 2156 2153
f 268 1592 1595
f 1592 273 1597
f 1595 1597 274
f 1592 1597 1595
f 746 3012 3011
f 3012 19 1023
f 3011 1023 9
f 3012 1023 3011
f 787 3174 3166
f 3174 788 3169
f 3166 3169 9
f 3174 3169 3166
f 9 3016 3011
f 3016 747 3018
f 3011 3018 746
f 3016 3018 3011
f 788 3170 3169
f 3170 747 3016
f 3169 3016 9
f 3170 3016 3169
f 394 1959 1960
f 1959 19 1873
f 1960 1873 371
f 1959 1873 1960
f 394 1960 1961
f 1960 371 1956
f 1961 1956 393
f 1960 1956 1961
f 787 3166 3167
f 3166 9 1958
f 3167 1958 394
f 3166 1958 3167
f 394 1958 1959
f 1958 9 1023
f 1959 1023 19
f 1958 1023 1959
f 393 3133 1961
f 3133 781 3134
f 1961 3134 394
f 3133 3134 1961
f 394 3134 3167
f 3134 781 3168
f 3167 3168 787
f 3134 3168 3167
f 800 3246 3223
f 3246 805 3245
f 3223 3245 799
f 3246 3245 3223
f 799 3215 3223
f 3215 11 3219
f 3223 3219 800
f 3215 3219 3223
f 798 3244 3222
f 3244 805 3246
f 3222 3246 800
f 3244 3246 3222
f 801 3229 3230
f 3229 798 3222
f 3230 3222 800
f 3229 3222 3230
f 800 3221 3230
f 3221 404 3226
f 3230 3226 801
f 3221 3226 3230
f 17 2000 3220
f 2000 404 3221
f 3220 3221 800
f 2000 3221 3220
f 800 3219 3220
f 3219 11 1021
f 3220 1021 17
f 3219 1021 3220
f 804 3240 3239
f 3240 802 3234
f 3239 3234 744
f 3240 3234 3239
f 744 3257 3239
f 3257 809 3258
f 3239 3258 804
f 3257 3258 3239
f 744 3008 3257
f 3008 701 3256
f 3257 3256 809
f 3008 3256 3257
f 685 2874 3006
f 2874 701 3008
f 3006 3008 744
f 2874 3008 3006
f 688 2826 2828
f 2826 682 2823
f 2828 2823 687
f 2826 2823 2828
f 689 2829 2831
f 2829 682 2826
f 2831 2826 688
f 2829 2826 2831
f 688 3232 2831
f 3232 802 3233
f 2831 3233 689
f 3232 3233 2831
f 673 2796 2797
f 2796 671 2794
f 2797 2794 672
f 2796 2794 2797
f 672 2799 2797
f 2799 674 2800
f 2797 2800 673
f 2799 2800 2797
f 672 2794 3087
f 2794 671 3086
f 3087 3086 769
f 2794 3086 3087
f 776 3124 3118
f 3124 778 3123
f 3118 3123 775
f 3124 3123 3118
f 775 3123 3115
f 3123 778 3122
f 3115 3122 774
f 3123 3122 3115
f 785 3157 3152
f 3157 784 3147
f 3152 3147 6
f 3157 3147 3152
f 783 3142 3150
f 3142 6 3147
f 3150 3147 784
f 3142 3147 3150
f 393 1956 1955
f 1956 371 1876
f 1955 1876 367
f 1956 1876 1955
f 367 1952 1955
f 1952 392 1957
f 1955 1957 393
f 1952 1957 1955
f 282 1614 1613
f 1614 281 1612
f 1613 1612 280
f 1614 1612 1613
f 283 1618 1616
f 1618 284 1617
f 1616 1617 282
f 1618 1617 1616
f 282 1613 1616
f 1613 280 1615
f 1616 1615 283
f 1613 1615 1616
f 883 3491 3492
f 3491 732 2986
f 3492 2986 740
f 3491 2986 3492
f 740 3495 3492
f 3495 884 3496
f 3492 3496 883
f 3495 3496 3492
f 883 3496 3519
f 3496 884 3520
f 3519 3520 890
f 3496 3520 3519
f 890 3521 3519
f 3521 889 3514
f 3519 3514 883
f 3521 3514 3519
f 818 3485 3282
f 3485 880 3482
f 3282 3482 473
f 3485 3482 3282
f 473 2190 3282
f 2190 438 3281
f 3282 3281 818
f 2190 3281 3282
f 820 3511 3517
f 3511 889 3521
f 3517 3521 890
f 3511 3521 3517
f 890 3518 3517
f 3518 821 3290
f 3517 3290 820
f 3518 3290 3517
f 820 3290 3293
f 3290 821 3294
f 3293 3294 822
f 3290 3294 3293
f 822 3296 3293
f 3296 823 3295
f 3293 3295 820
f 3296 3295 3293
f 585 3283 2552
f 3283 818 3281
f 2552 3281 438
f 3283 3281 2552
f 828 3303 3305
f 3303 823 3299
f 3305 3299 826
f 3303 3299 3305
f 826 3777 3305
f 3777 972 3778
f 3305 3778 828
f 3777 3778 3305
f 828 3778 3819
f 3778 972 3821
f 3819 3821 980
f 3778 3821 3819
f 832 3328 3335
f 3328 837 3336
f 3335 3336 838
f 3328 3336 3335
f 838 3334 3335
f 3334 830 3311
f 3335 3311 832
f 3334 3311 3335
f 838 3331 3332
f 3331 411 2016
f 3332 2016 412
f 3331 2016 3332
f 837 3327 3336
f 3327 411 3331
f 3336 3331 838
f 3327 3331 3336
f 412 2092 3332
f 2092 443 3333
f 3332 3333 838
f 2092 3333 3332
f 443 3308 3333
f 3308 830 3334
f 3333 3334 838
f 3308 3334 3333
f 886 3530 3505
f 3530 892 3529
f 3505 3529 885
f 3530 3529 3505
f 735 3503 3497
f 3503 886 3505
f 3497 3505 885
f 3503 3505 3497
f 891 3531 3523
f 3531 892 3528
f 3523 3528 880
f 3531 3528 3523
f 891 3525 3531
f 3525 885 3529
f 3531 3529 892
f 3525 3529 3531
f 890 3520 3526
f 3520 884 3524
f 3526 3524 891
f 3520 3524 3526
f 884 3499 3524
f 3499 885 3525
f 3524 3525 891
f 3499 3525 3524
f 881 3785 3487
f 3785 974 3784
f 3487 3784 733
f 3785 3784 3487
f 881 3506 3785
f 3506 887 3786
f 3785 3786 974
f 3506 3786 3785
f 888 3510 3508
f 3510 887 3506
f 3508 3506 881
f 3510 3506 3508
f 987 3873 3852
f 3873 992 3874
f 3852 3874 988
f 3873 3874 3852
f 988 3874 3851
f 3874 992 3871
f 3851 3871 984
f 3874 3871 3851
f 958 3846 3849
f 3846 987 3852
f 3849 3852 988
f 3846 3852 3849
f 982 3827 3850
f 3827 958 3849
f 3850 3849 988
f 3827 3849 3850
f 988 3851 3850
f 3851 984 3837
f 3850 3837 982
f 3851 3837 3850
f 717 2943 2945
f 2943 716 2944
f 2945 2944 719
f 2943 2944 2945
f 719 2948 2946
f 2948 720 2947
f 2946 2947 718
f 2948 2947 2946
f 736 2970 2971
f 2970 716 2943
f 2971 2943 717
f 2970 2943 2971
f 736 2971 2973
f 2971 717 2968
f 2973 2968 734
f 2971 2968 2973
f 736 2972 2970
f 2972 719 2944
f 2970 2944 716
f 2972 2944 2970
f 736 2973 2974
f 2973 734 2969
f 2974 2969 735
f 2973 2969 2974
f 735 2979 2974
f 2979 738 2980
f 2974 2980 736
f 2979 2980 2974
f 742 3005 2998
f 3005 743 3000
f 2998 3000 726
f 3005 3000 2998
f 742 3633 3637
f 3633 938 3640
f 3637 3640 939
f 3633 3640 3637
f 726 3632 2998
f 3632 938 3633
f 2998 3633 742
f 3632 3633 2998
f 740 2992 2987
f 2992 741 2991
f 2987 2991 739
f 2992 2991 2987
f 739 3494 2987
f 3494 884 3495
f 2987 3495 740
f 3494 3495 2987
f 739 2983 2982
f 2983 738 2979
f 2982 2979 735
f 2983 2979 2982
f 739 2991 2983
f 2991 741 2990
f 2983 2990 738
f 2991 2990 2983
f 735 3497 2982
f 3497 885 3498
f 2982 3498 739
f 3497 3498 2982
f 739 3498 3494
f 3498 885 3499
f 3494 3499 884
f 3498 3499 3494
f 159 1291 1328
f 1291 155 1327
f 1328 1327 166
f 1291 1327 1328
f 166 1333 1328
f 1333 167 1331
f 1328 1331 159
f 1333 1331 1328
f 154 1337 1326
f 1337 168 1338
f 1326 1338 166
f 1337 1338 1326
f 166 1327 1326
f 1327 155 1283
f 1326 1283 154
f 1327 1283 1326
f 168 1334 1338
f 1334 77 1325
f 1338 1325 166
f 1334 1325 1338
f 166 1325 2675
f 1325 77 2674
f 2675 2674 630
f 1325 2674 2675
f 629 2671 2670
f 2671 167 1333
f 2670 1333 166
f 2671 1333 2670
f 67 1300 1073
f 1300 162 1301
f 1073 1301 68
f 1300 1301 1073
f 162 1310 1301
f 1310 163 1306
f 1301 1306 68
f 1310 1306 1301
f 68 2650 1073
f 2650 623 2649
f 1073 2649 67
f 2650 2649 1073
f 68 2559 3573
f 2559 590 3575
f 3573 3575 906
f 2559 3575 3573
f 906 3723 3573
f 3723 960 3721
f 3573 3721 68
f 3723 3721 3573
f 68 3721 2650
f 3721 960 3722
f 2650 3722 623
f 3721 3722 2650
f 651 2759 2749
f 2759 652 2757
f 2749 2757 626
f 2759 2757 2749
f 63 1069 2644
f 1069 64 2645
f 2644 2645 621
f 1069 2645 2644
f 621 2646 2644
f 2646 589 2557
f 2644 2557 63
f 2646 2557 2644
f 106 1111 1108
f 1111 107 1110
f 1108 1110 100
f 1111 1110 1108
f 100 1106 1108
f 1106 105 1109
f 1108 1109 106
f 1106 1109 1108
f 100 1104 1099
f 1104 104 1105
f 1099 1105 101
f 1104 1105 1099
f 101 1101 1099
f 1101 102 1100
f 1099 1100 100
f 1101 1100 1099
f 957 3707 3711
f 3707 46 2606
f 3711 2606 609
f 3707 2606 3711
f 131 1197 1196
f 1197 46 1051
f 1196 1051 45
f 1197 1051 1196
f 45 1050 1165
f 1050 44 1164
f 1165 1164 125
f 1050 1164 1165
f 125 1200 1165
f 1200 131 1196
f 1165 1196 45
f 1200 1196 1165
f 793 3208 3199
f 3208 797 3209
f 3199 3209 794
f 3208 3209 3199
f 793 3207 3208
f 3207 796 3210
f 3208 3210 797
f 3207 3210 3208
f 794 3198 3199
f 3198 791 3194
f 3199 3194 793
f 3198 3194 3199
f 791 3192 3194
f 3192 792 3195
f 3194 3195 793
f 3192 3195 3194
f 679 2811 2810
f 2811 678 2809
f 2810 2809 677
f 2811 2809 2810
f 679 3188 2811
f 3188 792 3187
f 2811 3187 678
f 3188 3187 2811
f 678 3187 3181
f 3187 792 3191
f 3181 3191 790
f 3187 3191 3181
f 790 3183 3182
f 3183 789 3176
f 3182 3176 769
f 3183 3176 3182
f 790 3191 3186
f 3191 792 3192
f 3186 3192 791
f 3191 3192 3186
f 791 3185 3186
f 3185 789 3183
f 3186 3183 790
f 3185 3183 3186
f 769 3086 3182
f 3086 671 3179
f 3182 3179 790
f 3086 3179 3182
f 175 1381 1379
f 1381 174 1374
f 1379 1374 148
f 1381 1374 1379
f 126 1171 1175
f 1171 111 1167
f 1175 1167 125
f 1171 1167 1175
f 126 1172 1171
f 1172 112 1121
f 1171 1121 111
f 1172 1121 1171
f 43 1048 1169
f 1048 42 1168
f 1169 1168 126
f 1048 1168 1169
f 125 1164 1175
f 1164 44 1170
f 1175 1170 126
f 1164 1170 1175
f 126 1170 1169
f 1170 44 1049
f 1169 1049 43
f 1170 1049 1169
f 85 2693 1354
f 2693 635 2694
f 1354 2694 171
f 2693 2694 1354
f 636 2699 2696
f 2699 635 2693
f 2696 2693 85
f 2699 2693 2696
f 638 2843 2854
f 2843 693 2855
f 2854 2855 696
f 2843 2855 2854
f 942 3657 3658
f 3657 940 3652
f 3658 3652 941
f 3657 3652 3658
f 1006 3971 3975
f 3971 594 3649
f 3975 3649 941
f 3971 3649 3975
f 1006 3968 3967
f 3968 502 2287
f 3967 2287 501
f 3968 2287 3967
f 501 2564 3967
f 2564 594 3971
f 3967 3971 1006
f 2564 3971 3967
f 723 3643 2951
f 3643 940 3642
f 2951 3642 722
f 3643 3642 2951
f 724 3644 2952
f 3644 940 3643
f 2952 3643 723
f 3644 3643 2952
f 722 2994 2951
f 2994 742 2995
f 2951 2995 723
f 2994 2995 2951
f 723 2995 2952
f 2995 742 2996
f 2952 2996 724
f 2995 2996 2952
f 1005 3959 3960
f 3959 505 2292
f 3960 2292 506
f 3959 2292 3960
f 504 3951 2315
f 3951 1004 3955
f 2315 3955 514
f 3951 3955 2315
f 504 2291 3951
f 2291 505 3952
f 3951 3952 1004
f 2291 3952 3951
f 1005 3962 3963
f 3962 508 2302
f 3963 2302 509
f 3962 2302 3963
f 509 2301 3963
f 2301 503 3958
f 3963 3958 1005
f 2301 3958 3963
f 180 2285 3966
f 2285 502 3968
f 3966 3968 1006
f 2285 3968 3966
f 534 2393 2353
f 2393 548 2392
f 2353 2392 502
f 2393 2392 2353
f 534 2403 2393
f 2403 553 2405
f 2393 2405 548
f 2403 2405 2393
f 547 2388 2389
f 2388 326 1730
f 2389 1730 327
f 2388 1730 2389
f 547 2391 2388
f 2391 546 2386
f 2388 2386 326
f 2391 2386 2388
f 327 2553 2389
f 2553 586 2555
f 2389 2555 547
f 2553 2555 2389
f 502 2392 2357
f 2392 548 2394
f 2357 2394 536
f 2392 2394 2357
f 548 2405 2394
f 2405 553 2404
f 2394 2404 536
f 2405 2404 2394
f 521 2328 3949
f 2328 511 3944
f 3949 3944 1003
f 2328 3944 3949
f 522 2334 3956
f 2334 513 3954
f 3956 3954 1004
f 2334 3954 3956
f 1004 3953 3956
f 3953 511 2332
f 3956 2332 522
f 3953 2332 3956
f 326 2402 1729
f 2402 553 2401
f 1729 2401 325
f 2402 2401 1729
f 325 1725 1729
f 1725 309 1728
f 1729 1728 326
f 1725 1728 1729
f 571 2514 2481
f 2514 578 2512
f 2481 2512 559
f 2514 2512 2481
f 571 2480 2529
f 2480 558 2528
f 2529 2528 581
f 2480 2528 2529
f 581 2531 2529
f 2531 579 2517
f 2529 2517 571
f 2531 2517 2529
f 579 2519 2517
f 2519 578 2514
f 2517 2514 571
f 2519 2514 2517
f 581 2528 2530
f 2528 558 2491
f 2530 2491 573
f 2528 2491 2530
f 532 2527 2489
f 2527 581 2530
f 2489 2530 573
f 2527 2530 2489
f 573 2490 2489
f 2490 533 2349
f 2489 2349 532
f 2490 2349 2489
f 518 2348 2488
f 2348 533 2490
f 2488 2490 573
f 2348 2490 2488
f 473 2210 2215
f 2210 480 2218
f 2215 2218 481
f 2210 2218 2215
f 285 1622 1623
f 1622 286 1624
f 1623 1624 287
f 1622 1624 1623
f 287 1802 1623
f 1802 349 1801
f 1623 1801 285
f 1802 1801 1623
f 286 1625 1624
f 1625 288 1626
f 1624 1626 287
f 1625 1626 1624
f 287 1626 1797
f 1626 288 1798
f 1797 1798 348
f 1626 1798 1797
f 348 1804 1797
f 1804 349 1802
f 1797 1802 287
f 1804 1802 1797
f 363 1852 1847
f 1852 365 1853
f 1847 1853 364
f 1852 1853 1847
f 364 1846 1847
f 1846 345 1844
f 1847 1844 363
f 1846 1844 1847
f 345 1803 1844
f 1803 349 1845
f 1844 1845 363
f 1803 1845 1844
f 363 1845 1898
f 1845 349 1897
f 1898 1897 379
f 1845 1897 1898
f 379 1904 1898
f 1904 380 1902
f 1898 1902 363
f 1904 1902 1898
f 363 1902 1852
f 1902 380 1903
f 1852 1903 365
f 1902 1903 1852
f 24 1926 1911
f 1926 386 1928
f 1911 1928 383
f 1926 1928 1911
f 383 1910 1911
f 1910 3 1028
f 1911 1028 24
f 1910 1028 1911
f 24 1028 1926
f 1028 3 1925
f 1926 1925 386
f 1028 1925 1926
f 22 1936 1932
f 1936 389 1939
f 1932 1939 388
f 1936 1939 1932
f 388 3161 1932
f 3161 786 3159
f 1932 3159 22
f 3161 3159 1932
f 786 3158 3159
f 3158 5 1026
f 3159 1026 22
f 3158 1026 3159
f 785 3155 3153
f 3155 389 1936
f 3153 1936 22
f 3155 1936 3153
f 22 1026 3153
f 1026 5 3151
f 3153 3151 785
f 1026 3151 3153
f 779 3128 3126
f 3128 778 3124
f 3126 3124 776
f 3128 3124 3126
f 784 3148 3149
f 3148 778 3128
f 3149 3128 779
f 3148 3128 3149
f 779 3146 3149
f 3146 783 3150
f 3149 3150 784
f 3146 3150 3149
f 779 3127 3131
f 3127 777 3130
f 3131 3130 780
f 3127 3130 3131
f 776 3120 3126
f 3120 777 3127
f 3126 3127 779
f 3120 3127 3126
f 758 3046 3051
f 3046 663 3049
f 3051 3049 759
f 3046 3049 3051
f 759 3096 3051
f 3096 771 3095
f 3051 3095 758
f 3096 3095 3051
f 759 3100 3096
f 3100 772 3102
f 3096 3102 771
f 3100 3102 3096
f 759 3049 3050
f 3049 663 2786
f 3050 2786 667
f 3049 2786 3050
f 667 3053 3050
f 3053 760 3054
f 3050 3054 759
f 3053 3054 3050
f 759 3054 3103
f 3054 760 3104
f 3103 3104 773
f 3054 3104 3103
f 773 3107 3103
f 3107 772 3100
f 3103 3100 759
f 3107 3100 3103
f 82 2686 1083
f 2686 633 2685
f 1083 2685 81
f 2686 2685 1083
f 634 2691 2688
f 2691 633 2686
f 2688 2686 82
f 2691 2686 2688
f 169 1352 1342
f 1352 170 1346
f 1342 1346 82
f 1352 1346 1342
f 82 1083 1342
f 1083 81 1341
f 1342 1341 169
f 1083 1341 1342
f 82 1346 1084
f 1346 170 1347
f 1084 1347 83
f 1346 1347 1084
f 83 2689 1084
f 2689 634 2688
f 1084 2688 82
f 2689 2688 1084
f 861 3413 3434
f 3413 860 3433
f 3434 3433 867
f 3413 3433 3434
f 867 3435 3434
f 3435 866 3428
f 3434 3428 861
f 3435 3428 3434
f 827 3355 3301
f 3355 842 3354
f 3301 3354 825
f 3355 3354 3301
f 827 3402 3302
f 3402 858 3401
f 3302 3401 826
f 3402 3401 3302
f 825 3400 3301
f 3400 858 3402
f 3301 3402 827
f 3400 3402 3301
f 826 3299 3302
f 3299 823 3300
f 3302 3300 827
f 3299 3300 3302
f 823 3353 3300
f 3353 842 3355
f 3300 3355 827
f 3353 3355 3300
f 846 3380 3369
f 3380 850 3379
f 3369 3379 845
f 3380 3379 3369
f 845 3364 3369
f 3364 831 3368
f 3369 3368 846
f 3364 3368 3369
f 846 3368 3367
f 3368 831 3309
f 3367 3309 814
f 3368 3309 3367
f 854 3390 3391
f 3390 850 3386
f 3391 3386 853
f 3390 3386 3391
f 852 3803 3388
f 3803 977 3804
f 3388 3804 853
f 3803 3804 3388
f 977 3805 3804
f 3805 854 3391
f 3804 3391 853
f 3805 3391 3804
f 192 2273 1420
f 2273 497 2274
f 1420 2274 201
f 2273 2274 1420
f 498 2280 2279
f 2280 497 2273
f 2279 2273 192
f 2280 2273 2279
f 192 1420 1418
f 1420 201 1421
f 1418 1421 200
f 1420 1421 1418
f 192 2281 2279
f 2281 499 2283
f 2279 2283 498
f 2281 2283 2279
f 1001 3926 3927
f 3926 499 2335
f 3927 2335 523
f 3926 2335 3927
f 564 2449 2448
f 2449 526 2338
f 2448 2338 525
f 2449 2338 2448
f 253 1552 1551
f 1552 224 1471
f 1551 1471 221
f 1552 1471 1551
f 221 1461 1551
f 1461 220 1550
f 1551 1550 253
f 1461 1550 1551
f 220 1547 1550
f 1547 252 1554
f 1550 1554 253
f 1547 1554 1550
f 452 2134 2119
f 2134 456 2133
f 2119 2133 420
f 2134 2133 2119
f 27 2024 2029
f 2024 418 2031
f 2029 2031 420
f 2024 2031 2029
f 420 2030 2029
f 2030 28 1034
f 2029 1034 27
f 2030 1034 2029
f 420 2133 2030
f 2133 456 2130
f 2030 2130 28
f 2133 2130 2030
f 420 2031 2032
f 2031 418 2028
f 2032 2028 419
f 2031 2028 2032
f 419 2118 2032
f 2118 452 2119
f 2032 2119 420
f 2118 2119 2032
f 447 2457 2109
f 2457 566 2458
f 2109 2458 448
f 2457 2458 2109
f 448 2458 2112
f 2458 566 2459
f 2112 2459 449
f 2458 2459 2112
f 460 2152 2151
f 2152 459 2147
f 2151 2147 455
f 2152 2147 2151
f 353 1819 1820
f 1819 259 1571
f 1820 1571 261
f 1819 1571 1820
f 353 1842 1886
f 1842 362 1887
f 1886 1887 375
f 1842 1887 1886
f 375 1885 1886
f 1885 257 1818
f 1886 1818 353
f 1885 1818 1886
f 257 1567 1818
f 1567 259 1819
f 1818 1819 353
f 1567 1819 1818
f 374 1986 2005
f 1986 400 2006
f 2005 2006 405
f 1986 2006 2005
f 405 2007 2005
f 2007 404 2002
f 2005 2002 374
f 2007 2002 2005
f 404 2001 2002
f 2001 373 1884
f 2002 1884 374
f 2001 1884 2002
f 373 1974 1884
f 1974 398 1975
f 1884 1975 374
f 1974 1975 1884
f 399 1981 1977
f 1981 353 1820
f 1977 1820 261
f 1981 1820 1977
f 362 1842 1983
f 1842 353 1981
f 1983 1981 399
f 1842 1981 1983
f 568 2470 2469
f 2470 444 2097
f 2469 2097 439
f 2470 2097 2469
f 439 2097 2074
f 2097 444 2096
f 2074 2096 421
f 2097 2096 2074
f 445 2104 2099
f 2104 446 2103
f 2099 2103 433
f 2104 2103 2099
f 442 2087 2086
f 2087 411 2014
f 2086 2014 406
f 2087 2014 2086
f 406 2049 2086
f 2049 428 2091
f 2086 2091 442
f 2049 2091 2086
f 441 2083 2080
f 2083 428 2049
f 2080 2049 406
f 2083 2049 2080
f 406 2008 2080
f 2008 407 2081
f 2080 2081 441
f 2008 2081 2080
f 441 2081 2082
f 2081 407 2009
f 2082 2009 408
f 2081 2009 2082
f 408 2061 2082
f 2061 433 2085
f 2082 2085 441
f 2061 2085 2082
f 409 3319 3313
f 3319 835 3322
f 3313 3322 833
f 3319 3322 3313
f 407 2008 2011
f 2008 406 2010
f 2011 2010 409
f 2008 2010 2011
f 559 2423 2425
f 2423 434 2234
f 2425 2234 486
f 2423 2234 2425
f 464 2159 2180
f 2159 462 2179
f 2180 2179 470
f 2159 2179 2180
f 464 2160 2159
f 2160 463 2158
f 2159 2158 462
f 2160 2158 2159
f 465 2161 2162
f 2161 463 2160
f 2162 2160 464
f 2161 2160 2162
f 466 2164 2163
f 2164 465 2162
f 2163 2162 464
f 2164 2162 2163
f 464 2166 2163
f 2166 467 2167
f 2163 2167 466
f 2166 2167 2163
f 470 2188 2180
f 2188 471 2186
f 2180 2186 464
f 2188 2186 2180
f 471 2187 2186
f 2187 467 2166
f 2186 2166 464
f 2187 2166 2186
f 563 2443 2442
f 2443 208 1427
f 2442 1427 205
f 2443 1427 2442
f 563 2441 2444
f 2441 204 2153
f 2444 2153 461
f 2441 2153 2444
f 205 1425 2442
f 1425 204 2441
f 2442 2441 563
f 1425 2441 2442
f 461 2374 2444
f 2374 541 2445
f 2444 2445 563
f 2374 2445 2444
f 541 2371 2445
f 2371 208 2443
f 2445 2443 563
f 2371 2443 2445
f 269 1586 1587
f 1586 266 1585
f 1587 1585 268
f 1586 1585 1587
f 686 3007 3231
f 3007 744 3234
f 3231 3234 802
f 3007 3234 3231
f 802 3232 3231
f 3232 688 2827
f 3231 2827 686
f 3232 2827 3231
f 685 3006 2822
f 3006 744 3007
f 2822 3007 686
f 3006 3007 2822
f 687 2824 2825
f 2824 685 2822
f 2825 2822 686
f 2824 2822 2825
f 686 2827 2825
f 2827 688 2828
f 2825 2828 687
f 2827 2828 2825
f 768 3082 3088
f 3082 672 3087
f 3088 3087 769
f 3082 3087 3088
f 674 2799 3083
f 2799 672 3082
f 3083 3082 768
f 2799 3082 3083
f 769 3117 3088
f 3117 776 3116
f 3088 3116 768
f 3117 3116 3088
f 776 3118 3116
f 3118 775 3114
f 3116 3114 768
f 3118 3114 3116
f 665 2782 2912
f 2782 662 2911
f 2912 2911 710
f 2782 2911 2912
f 673 2800 2795
f 2800 674 2798
f 2795 2798 668
f 2800 2798 2795
f 669 2789 2790
f 2789 665 2788
f 2790 2788 668
f 2789 2788 2790
f 708 2903 2902
f 2903 673 2795
f 2902 2795 668
f 2903 2795 2902
f 668 2906 2902
f 2906 709 2910
f 2902 2910 708
f 2906 2910 2902
f 710 2915 2913
f 2915 709 2906
f 2913 2906 668
f 2915 2906 2913
f 668 2788 2913
f 2788 665 2912
f 2913 2912 710
f 2788 2912 2913
f 766 3112 3110
f 3112 775 3115
f 3110 3115 774
f 3112 3115 3110
f 774 3108 3110
f 3108 760 3077
f 3110 3077 766
f 3108 3077 3110
f 369 1938 1942
f 1938 389 1943
f 1942 1943 390
f 1938 1943 1942
f 388 1939 1934
f 1939 389 1938
f 1934 1938 369
f 1939 1938 1934
f 277 1609 1607
f 1609 280 1610
f 1607 1610 279
f 1609 1610 1607
f 280 1612 1610
f 1612 281 1611
f 1610 1611 279
f 1612 1611 1610
f 355 1865 1822
f 1865 369 1863
f 1822 1863 343
f 1865 1863 1822
f 23 1937 3154
f 1937 389 3155
f 3154 3155 785
f 1937 3155 3154
f 785 3152 3154
f 3152 6 1027
f 3154 1027 23
f 3152 1027 3154
f 390 1943 1940
f 1943 389 1937
f 1940 1937 23
f 1943 1937 1940
f 392 1952 1951
f 1952 367 1857
f 1951 1857 21
f 1952 1857 1951
f 271 1593 1601
f 1593 273 1602
f 1601 1602 276
f 1593 1602 1601
f 358 1858 1874
f 1858 367 1876
f 1874 1876 371
f 1858 1876 1874
f 888 3515 3507
f 3515 889 3512
f 3507 3512 824
f 3515 3512 3507
f 889 3511 3512
f 3511 820 3297
f 3512 3297 824
f 3511 3297 3512
f 893 3535 3532
f 3535 888 3507
f 3532 3507 824
f 3535 3507 3532
f 824 3297 3298
f 3297 820 3295
f 3298 3295 823
f 3297 3295 3298
f 823 3303 3298
f 3303 828 3304
f 3298 3304 824
f 3303 3304 3298
f 817 3315 3292
f 3315 834 3317
f 3292 3317 822
f 3315 3317 3292
f 880 3485 3484
f 3485 818 3284
f 3484 3284 816
f 3485 3284 3484
f 818 3283 3284
f 3283 585 3276
f 3284 3276 816
f 3283 3276 3284
f 585 3278 3276
f 3278 817 3280
f 3276 3280 816
f 3278 3280 3276
f 815 3289 3516
f 3289 821 3518
f 3516 3518 890
f 3289 3518 3516
f 890 3526 3516
f 3526 891 3522
f 3516 3522 815
f 3526 3522 3516
f 815 3277 3279
f 3277 816 3280
f 3279 3280 817
f 3277 3280 3279
f 815 3522 3483
f 3522 891 3523
f 3483 3523 880
f 3522 3523 3483
f 880 3484 3483
f 3484 816 3277
f 3483 3277 815
f 3484 3277 3483
f 822 3294 3291
f 3294 821 3289
f 3291 3289 815
f 3294 3289 3291
f 815 3279 3291
f 3279 817 3292
f 3291 3292 822
f 3279 3292 3291
f 733 2964 3489
f 2964 732 3488
f 3489 3488 882
f 2964 3488 3489
f 882 3490 3489
f 3490 881 3487
f 3489 3487 733
f 3490 3487 3489
f 732 3491 3488
f 3491 883 3493
f 3488 3493 882
f 3491 3493 3488
f 888 3508 3509
f 3508 881 3490
f 3509 3490 882
f 3508 3490 3509
f 882 3513 3509
f 3513 889 3515
f 3509 3515 888
f 3513 3515 3509
f 882 3493 3513
f 3493 883 3514
f 3513 3514 889
f 3493 3514 3513
f 721 2993 2950
f 2993 742 2994
f 2950 2994 722
f 2993 2994 2950
f 722 3656 2950
f 3656 942 3655
f 2950 3655 721
f 3656 3655 2950
f 942 3654 3655
f 3654 720 2949
f 3655 2949 721
f 3654 2949 3655
f 720 2948 2976
f 2948 719 2975
f 2976 2975 737
f 2948 2975 2976
f 719 2972 2975
f 2972 736 2978
f 2975 2978 737
f 2972 2978 2975
f 737 2977 2976
f 2977 721 2949
f 2976 2949 720
f 2977 2949 2976
f 742 2993 2999
f 2993 721 2977
f 2999 2977 737
f 2993 2977 2999
f 737 2978 2981
f 2978 736 2980
f 2981 2980 738
f 2978 2980 2981
f 738 3003 2981
f 3003 743 3002
f 2981 3002 737
f 3003 3002 2981
f 743 3005 3002
f 3005 742 2999
f 3002 2999 737
f 3005 2999 3002
f 725 3645 2953
f 3645 940 3644
f 2953 3644 724
f 3645 3644 2953
f 724 2996 2953
f 2996 742 2997
f 2953 2997 725
f 2996 2997 2953
f 939 3647 3636
f 3647 940 3645
f 3636 3645 725
f 3647 3645 3636
f 725 2997 3636
f 2997 742 3637
f 3636 3637 939
f 2997 3637 3636
f 630 2676 2673
f 2676 629 2669
f 2673 2669 76
f 2676 2669 2673
f 76 1324 2673
f 1324 166 2675
f 2673 2675 630
f 1324 2675 2673
f 629 2670 2669
f 2670 166 1324
f 2669 1324 76
f 2670 1324 2669
f 624 2755 2653
f 2755 652 2754
f 2653 2754 590
f 2755 2754 2653
f 590 2559 2653
f 2559 68 2651
f 2653 2651 624
f 2559 2651 2653
f 651 2749 2750
f 2749 626 2665
f 2750 2665 627
f 2749 2665 2750
f 628 2869 2668
f 2869 700 2868
f 2668 2868 627
f 2869 2868 2668
f 627 2868 2750
f 2868 700 2871
f 2750 2871 651
f 2868 2871 2750
f 164 1323 1313
f 1323 165 1316
f 1313 1316 71
f 1323 1316 1313
f 71 2657 2753
f 2657 626 2757
f 2753 2757 652
f 2657 2757 2753
f 616 2629 2630
f 2629 63 2557
f 2630 2557 589
f 2629 2557 2630
f 62 1068 2628
f 1068 63 2629
f 2628 2629 616
f 1068 2629 2628
f 117 1131 1237
f 1131 116 1236
f 1237 1236 138
f 1131 1236 1237
f 138 1238 1237
f 1238 136 1228
f 1237 1228 117
f 1238 1228 1237
f 138 1236 1241
f 1236 116 1240
f 1241 1240 139
f 1236 1240 1241
f 139 1295 1241
f 1295 160 1294
f 1241 1294 138
f 1295 1294 1241
f 138 1294 1302
f 1294 160 1304
f 1302 1304 162
f 1294 1304 1302
f 104 1130 1232
f 1130 117 1233
f 1232 1233 137
f 1130 1233 1232
f 117 1228 1233
f 1228 136 1235
f 1233 1235 137
f 1228 1235 1233
f 137 1231 1232
f 1231 101 1105
f 1232 1105 104
f 1231 1105 1232
f 47 2607 1052
f 2607 609 2606
f 1052 2606 46
f 2607 2606 1052
f 47 1052 1193
f 1052 46 1192
f 1193 1192 130
f 1052 1192 1193
f 47 2608 3708
f 2608 610 3712
f 3708 3712 957
f 2608 3712 3708
f 957 3711 3708
f 3711 609 2607
f 3708 2607 47
f 3711 2607 3708
f 608 2605 3710
f 2605 46 3707
f 3710 3707 957
f 2605 3707 3710
f 608 2604 2605
f 2604 45 1051
f 2605 1051 46
f 2604 1051 2605
f 957 3706 3710
f 3706 44 2603
f 3710 2603 608
f 3706 2603 3710
f 44 1050 2603
f 1050 45 2604
f 2603 2604 608
f 1050 2604 2603
f 680 2813 2812
f 2813 679 2810
f 2812 2810 677
f 2813 2810 2812
f 706 2894 2893
f 2894 682 2816
f 2893 2816 680
f 2894 2816 2893
f 680 2899 2893
f 2899 707 2900
f 2893 2900 706
f 2899 2900 2893
f 677 2898 2812
f 2898 707 2899
f 2812 2899 680
f 2898 2899 2812
f 678 3181 2808
f 3181 790 3180
f 2808 3180 676
f 3181 3180 2808
f 676 3180 2804
f 3180 790 3179
f 2804 3179 671
f 3180 3179 2804
f 677 2809 2807
f 2809 678 2808
f 2807 2808 676
f 2809 2808 2807
f 676 2805 2807
f 2805 673 2806
f 2807 2806 677
f 2805 2806 2807
f 676 2804 2805
f 2804 671 2796
f 2805 2796 673
f 2804 2796 2805
f 705 2887 2895
f 2887 682 2894
f 2895 2894 706
f 2887 2894 2895
f 966 3816 3809
f 3816 979 3818
f 3809 3818 978
f 3816 3818 3809
f 965 3815 3757
f 3815 979 3816
f 3757 3816 966
f 3815 3816 3757
f 42 2597 1047
f 2597 606 2596
f 1047 2596 41
f 2597 2596 1047
f 878 3475 3479
f 3475 702 3469
f 3479 3469 877
f 3475 3469 3479
f 702 2880 3469
f 2880 703 3470
f 3469 3470 877
f 2880 3470 3469
f 636 2696 2697
f 2696 85 1086
f 2697 1086 86
f 2696 1086 2697
f 171 1364 1355
f 1364 172 1358
f 1355 1358 86
f 1364 1358 1355
f 86 1086 1355
f 1086 85 1354
f 1355 1354 171
f 1086 1354 1355
f 640 2845 2712
f 2845 693 2844
f 2712 2844 639
f 2845 2844 2712
f 693 2843 2844
f 2843 638 2709
f 2844 2709 639
f 2843 2709 2844
f 173 1370 1369
f 1370 172 1361
f 1369 1361 149
f 1370 1361 1369
f 148 1374 1368
f 1374 174 1375
f 1368 1375 173
f 1374 1375 1368
f 173 1369 1368
f 1369 149 1271
f 1368 1271 148
f 1369 1271 1368
f 718 3653 3789
f 3653 942 3792
f 3789 3792 975
f 3653 3792 3789
f 975 3790 3789
f 3790 719 2946
f 3789 2946 718
f 3790 2946 3789
f 717 2945 3788
f 2945 719 3790
f 3788 3790 975
f 2945 3790 3788
f 598 3641 3972
f 3641 940 3974
f 3972 3974 1006
f 3641 3974 3972
f 1006 3975 3972
f 3975 941 3651
f 3972 3651 598
f 3975 3651 3972
f 598 3651 3641
f 3651 941 3652
f 3641 3652 940
f 3651 3652 3641
f 507 2297 3961
f 2297 508 3962
f 3961 3962 1005
f 2297 3962 3961
f 1005 3960 3961
f 3960 506 2295
f 3961 2295 507
f 3960 2295 3961
f 507 2295 2294
f 2295 506 2292
f 2294 2292 505
f 2295 2292 2294
f 502 2285 2309
f 2285 180 2303
f 2309 2303 510
f 2285 2303 2309
f 510 2354 2309
f 2354 534 2353
f 2309 2353 502
f 2354 2353 2309
f 1006 3969 3970
f 3969 503 2310
f 3970 2310 510
f 3969 2310 3970
f 510 2303 3970
f 2303 180 3966
f 3970 3966 1006
f 2303 3966 3970
f 322 2350 2308
f 2350 534 2354
f 2308 2354 510
f 2350 2354 2308
f 943 3660 3661
f 3660 586 2942
f 3661 2942 717
f 3660 2942 3661
f 943 3659 3660
f 3659 547 2555
f 3660 2555 586
f 3659 2555 3660
f 556 2416 2415
f 2416 555 2413
f 2415 2413 326
f 2416 2413 2415
f 553 2406 2407
f 2406 549 2397
f 2407 2397 550
f 2406 2397 2407
f 550 2396 2407
f 2396 536 2404
f 2407 2404 553
f 2396 2404 2407
f 502 2357 2286
f 2357 536 2356
f 2286 2356 500
f 2357 2356 2286
f 500 2284 2286
f 2284 501 2287
f 2286 2287 502
f 2284 2287 2286
f 594 2564 2563
f 2564 501 2284
f 2563 2284 500
f 2564 2284 2563
f 1003 3948 3947
f 3948 520 2326
f 3947 2326 519
f 3948 2326 3947
f 519 2329 3947
f 2329 521 3949
f 3947 3949 1003
f 2329 3949 3947
f 323 2351 1723
f 2351 534 2350
f 1723 2350 322
f 2351 2350 1723
f 322 1739 1723
f 1739 332 1740
f 1723 1740 323
f 1739 1740 1723
f 332 1741 1740
f 1741 325 1726
f 1740 1726 323
f 1741 1726 1740
f 574 2500 2499
f 2500 573 2491
f 2499 2491 558
f 2500 2491 2499
f 520 2325 2498
f 2325 517 2495
f 2498 2495 574
f 2325 2495 2498
f 574 2495 2496
f 2495 517 2323
f 2496 2323 518
f 2495 2323 2496
f 518 2488 2496
f 2488 573 2500
f 2496 2500 574
f 2488 2500 2496
f 574 2497 2498
f 2497 519 2326
f 2498 2326 520
f 2497 2326 2498
f 473 3481 2191
f 3481 879 3480
f 2191 3480 472
f 3481 3480 2191
f 472 2209 2191
f 2209 480 2210
f 2191 2210 473
f 2209 2210 2191
f 879 3504 3480
f 3504 886 3500
f 3480 3500 472
f 3504 3500 3480
f 558 2480 2485
f 2480 571 2487
f 2485 2487 572
f 2480 2487 2485
f 572 2487 2486
f 2487 571 2481
f 2486 2481 559
f 2487 2481 2486
f 322 2308 1722
f 2308 510 2307
f 1722 2307 321
f 2308 2307 1722
f 503 2301 2288
f 2301 509 2299
f 2288 2299 318
f 2301 2299 2288
f 318 2304 2288
f 2304 510 2310
f 2288 2310 503
f 2304 2310 2288
f 319 2305 1719
f 2305 510 2304
f 1719 2304 318
f 2305 2304 1719
f 326 1728 1734
f 1728 309 1732
f 1734 1732 330
f 1728 1732 1734
f 309 1725 1732
f 1725 325 1733
f 1732 1733 330
f 1725 1733 1732
f 330 1733 1742
f 1733 325 1741
f 1742 1741 332
f 1733 1741 1742
f 513 2334 2313
f 2334 522 2333
f 2313 2333 512
f 2334 2333 2313
f 514 2317 2316
f 2317 513 2313
f 2316 2313 512
f 2317 2313 2316
f 505 2291 2321
f 2291 504 2320
f 2321 2320 515
f 2291 2320 2321
f 866 3430 3429
f 3430 865 3423
f 3429 3423 862
f 3430 3423 3429
f 862 3416 3429
f 3416 861 3428
f 3429 3428 866
f 3416 3428 3429
f 850 3380 3384
f 3380 846 3382
f 3384 3382 851
f 3380 3382 3384
f 851 3387 3384
f 3387 853 3386
f 3384 3386 850
f 3387 3386 3384
f 861 3416 3412
f 3416 862 3414
f 3412 3414 851
f 3416 3414 3412
f 852 3388 3385
f 3388 853 3387
f 3385 3387 851
f 3388 3387 3385
f 851 3414 3385
f 3414 862 3415
f 3385 3415 852
f 3414 3415 3385
f 524 2337 3928
f 2337 525 3929
f 3928 3929 1001
f 2337 3929 3928
f 1001 3927 3928
f 3927 523 2336
f 3928 2336 524
f 3927 2336 3928
f 524 2447 2337
f 2447 564 2448
f 2337 2448 525
f 2447 2448 2337
f 198 1459 1463
f 1459 219 1466
f 1463 1466 222
f 1459 1466 1463
f 218 1460 1457
f 1460 219 1459
f 1457 1459 198
f 1460 1459 1457
f 198 1454 1457
f 1454 217 1458
f 1457 1458 218
f 1454 1458 1457
f 499 2281 2282
f 2281 192 1414
f 2282 1414 198
f 2281 1414 2282
f 543 2381 2380
f 2381 523 2335
f 2380 2335 499
f 2381 2335 2380
f 499 2282 2380
f 2282 198 2379
f 2380 2379 543
f 2282 2379 2380
f 527 2339 2547
f 2339 526 2546
f 2547 2546 584
f 2339 2546 2547
f 526 2449 2546
f 2449 564 2548
f 2546 2548 584
f 2449 2548 2546
f 584 2549 2547
f 2549 580 2520
f 2547 2520 527
f 2549 2520 2547
f 213 2362 2535
f 2362 538 2538
f 2535 2538 582
f 2362 2538 2535
f 582 2538 2537
f 2538 538 2363
f 2537 2363 537
f 2538 2363 2537
f 225 1474 1511
f 1474 224 1510
f 1511 1510 242
f 1474 1510 1511
f 224 1552 1510
f 1552 253 1553
f 1510 1553 242
f 1552 1553 1510
f 242 1512 1511
f 1512 226 1476
f 1511 1476 225
f 1512 1476 1511
f 242 1515 1512
f 1515 243 1513
f 1512 1513 226
f 1515 1513 1512
f 301 1671 1670
f 1671 253 1554
f 1670 1554 252
f 1671 1554 1670
f 301 1678 1672
f 1678 302 1675
f 1672 1675 277
f 1678 1675 1672
f 251 1674 1669
f 1674 302 1678
f 1669 1678 301
f 1674 1678 1669
f 301 1670 1669
f 1670 252 1549
f 1669 1549 251
f 1670 1549 1669
f 427 2050 2056
f 2050 428 2057
f 2056 2057 431
f 2050 2057 2056
f 431 2058 2056
f 2058 430 2054
f 2056 2054 427
f 2058 2054 2056
f 449 2110 2111
f 2110 430 2058
f 2111 2058 431
f 2110 2058 2111
f 431 2107 2111
f 2107 448 2112
f 2111 2112 449
f 2107 2112 2111
f 468 2172 2170
f 2172 467 2165
f 2170 2165 460
f 2172 2165 2170
f 460 2151 2170
f 2151 455 2169
f 2170 2169 468
f 2151 2169 2170
f 468 2169 2168
f 2169 455 2127
f 2168 2127 451
f 2169 2127 2168
f 468 2439 2433
f 2439 562 2440
f 2433 2440 561
f 2439 2440 2433
f 451 2438 2168
f 2438 562 2439
f 2168 2439 468
f 2438 2439 2168
f 468 2433 2171
f 2433 561 2432
f 2171 2432 466
f 2433 2432 2171
f 466 2167 2171
f 2167 467 2172
f 2171 2172 468
f 2167 2172 2171
f 454 2128 2146
f 2128 455 2147
f 2146 2147 459
f 2128 2147 2146
f 454 2143 2126
f 2143 458 2142
f 2126 2142 453
f 2143 2142 2126
f 459 2148 2146
f 2148 458 2143
f 2146 2143 454
f 2148 2143 2146
f 451 2127 2125
f 2127 455 2128
f 2125 2128 454
f 2127 2128 2125
f 454 2126 2124
f 2126 453 2122
f 2124 2122 429
f 2126 2122 2124
f 429 2116 2124
f 2116 451 2125
f 2124 2125 454
f 2116 2125 2124
f 361 1973 1882
f 1973 398 1974
f 1882 1974 373
f 1973 1974 1882
f 362 1983 1843
f 1983 399 1982
f 1843 1982 361
f 1983 1982 1843
f 372 1880 1879
f 1880 362 1843
f 1879 1843 361
f 1880 1843 1879
f 361 1882 1879
f 1882 373 1883
f 1879 1883 372
f 1882 1883 1879
f 261 1572 1574
f 1572 260 1573
f 1574 1573 262
f 1572 1573 1574
f 262 1978 1574
f 1978 399 1977
f 1574 1977 261
f 1978 1977 1574
f 262 1573 1576
f 1573 260 1575
f 1576 1575 263
f 1573 1575 1576
f 263 1578 1576
f 1578 264 1577
f 1576 1577 262
f 1578 1577 1576
f 264 1979 1577
f 1979 399 1978
f 1577 1978 262
f 1979 1978 1577
f 396 1987 1970
f 1987 400 1988
f 1970 1988 397
f 1987 1988 1970
f 400 1986 1988
f 1986 374 1969
f 1988 1969 397
f 1986 1969 1988
f 397 1969 1976
f 1969 374 1975
f 1976 1975 398
f 1969 1975 1976
f 398 1972 1976
f 1972 340 1966
f 1976 1966 397
f 1972 1966 1976
f 359 1963 1964
f 1963 395 1965
f 1964 1965 396
f 1963 1965 1964
f 396 1970 1964
f 1970 397 1967
f 1964 1967 359
f 1970 1967 1964
f 359 1836 1963
f 1836 19 1962
f 1963 1962 395
f 1836 1962 1963
f 371 1873 1875
f 1873 19 1836
f 1875 1836 359
f 1873 1836 1875
f 265 1580 1579
f 1580 264 1578
f 1579 1578 263
f 1580 1578 1579
f 263 1581 1579
f 1581 266 1582
f 1579 1582 265
f 1581 1582 1579
f 569 2473 2479
f 2473 434 2476
f 2479 2476 570
f 2473 2476 2479
f 569 2474 2473
f 2474 439 2075
f 2473 2075 434
f 2474 2075 2473
f 569 2479 2475
f 2479 570 2478
f 2475 2478 568
f 2479 2478 2475
f 568 2469 2475
f 2469 439 2474
f 2475 2474 569
f 2469 2474 2475
f 432 2062 2102
f 2062 433 2103
f 2102 2103 446
f 2062 2103 2102
f 432 2102 2105
f 2102 446 2106
f 2105 2106 447
f 2102 2106 2105
f 432 2059 2084
f 2059 428 2083
f 2084 2083 441
f 2059 2083 2084
f 441 2085 2084
f 2085 433 2062
f 2084 2062 432
f 2085 2062 2084
f 432 2060 2059
f 2060 431 2057
f 2059 2057 428
f 2060 2057 2059
f 447 2109 2105
f 2109 448 2108
f 2105 2108 432
f 2109 2108 2105
f 448 2107 2108
f 2107 431 2060
f 2108 2060 432
f 2107 2060 2108
f 410 2012 2015
f 2012 406 2014
f 2015 2014 411
f 2012 2014 2015
f 410 2015 3320
f 2015 411 3321
f 3320 3321 835
f 2015 3321 3320
f 410 2013 2012
f 2013 409 2010
f 2012 2010 406
f 2013 2010 2012
f 835 3319 3320
f 3319 409 2013
f 3320 2013 410
f 3319 2013 3320
f 433 2061 2079
f 2061 408 2077
f 2079 2077 440
f 2061 2077 2079
f 440 2098 2100
f 2098 444 2101
f 2100 2101 445
f 2098 2101 2100
f 445 2099 2100
f 2099 433 2079
f 2100 2079 440
f 2099 2079 2100
f 421 2096 2078
f 2096 444 2098
f 2078 2098 440
f 2096 2098 2078
f 440 2077 2078
f 2077 408 2033
f 2078 2033 421
f 2077 2033 2078
f 407 2037 2034
f 2037 423 2038
f 2034 2038 422
f 2037 2038 2034
f 422 2035 2034
f 2035 408 2009
f 2034 2009 407
f 2035 2009 2034
f 421 2033 2036
f 2033 408 2035
f 2036 2035 422
f 2033 2035 2036
f 422 2066 2036
f 2066 436 2065
f 2036 2065 421
f 2066 2065 2036
f 424 2041 2039
f 2041 423 2037
f 2039 2037 407
f 2041 2037 2039
f 407 2011 2039
f 2011 409 2040
f 2039 2040 424
f 2011 2040 2039
f 438 2071 2072
f 2071 423 2041
f 2072 2041 424
f 2071 2041 2072
f 424 2551 2072
f 2551 585 2552
f 2072 2552 438
f 2551 2552 2072
f 483 2224 2227
f 2224 436 2219
f 2227 2219 482
f 2224 2219 2227
f 482 2219 2222
f 2219 436 2213
f 2222 2213 481
f 2219 2213 2222
f 435 2067 2223
f 2067 436 2224
f 2223 2224 483
f 2067 2224 2223
f 435 2235 2064
f 2235 486 2234
f 2064 2234 434
f 2235 2234 2064
f 421 2065 2063
f 2065 436 2067
f 2063 2067 435
f 2065 2067 2063
f 435 2076 2063
f 2076 439 2074
f 2063 2074 421
f 2076 2074 2063
f 434 2075 2064
f 2075 439 2076
f 2064 2076 435
f 2075 2076 2064
f 473 2215 2189
f 2215 481 2214
f 2189 2214 437
f 2215 2214 2189
f 481 2213 2214
f 2213 436 2070
f 2214 2070 437
f 2213 2070 2214
f 437 2073 2189
f 2073 438 2190
f 2189 2190 473
f 2073 2190 2189
f 437 2069 2073
f 2069 423 2071
f 2073 2071 438
f 2069 2071 2073
f 437 2068 2069
f 2068 422 2038
f 2069 2038 423
f 2068 2038 2069
f 436 2066 2070
f 2066 422 2068
f 2070 2068 437
f 2066 2068 2070
f 268 1595 1598
f 1595 274 1600
f 1598 1600 275
f 1595 1600 1598
f 275 1599 1598
f 1599 269 1587
f 1598 1587 268
f 1599 1587 1598
f 767 3085 3113
f 3085 768 3114
f 3113 3114 775
f 3085 3114 3113
f 775 3112 3113
f 3112 766 3081
f 3113 3081 767
f 3112 3081 3113
f 675 2801 2803
f 2801 668 2798
f 2803 2798 674
f 2801 2798 2803
f 669 2790 2802
f 2790 668 2801
f 2802 2801 675
f 2790 2801 2802
f 675 3080 2802
f 3080 767 3078
f 2802 3078 669
f 3080 3078 2802
f 674 3083 2803
f 3083 768 3084
f 2803 3084 675
f 3083 3084 2803
f 768 3085 3084
f 3085 767 3080
f 3084 3080 675
f 3085 3080 3084
f 666 3075 3052
f 3075 766 3077
f 3052 3077 760
f 3075 3077 3052
f 662 2782 2783
f 2782 665 2784
f 2783 2784 666
f 2782 2784 2783
f 667 2785 2787
f 2785 662 2783
f 2787 2783 666
f 2785 2783 2787
f 666 3052 2787
f 3052 760 3053
f 2787 3053 667
f 3052 3053 2787
f 670 2791 2793
f 2791 665 2789
f 2793 2789 669
f 2791 2789 2793
f 669 3078 2793
f 3078 767 3079
f 2793 3079 670
f 3078 3079 2793
f 670 3079 3076
f 3079 767 3081
f 3076 3081 766
f 3079 3081 3076
f 670 2792 2791
f 2792 666 2784
f 2791 2784 665
f 2792 2784 2791
f 766 3075 3076
f 3075 666 2792
f 3076 2792 670
f 3075 2792 3076
f 342 1782 1783
f 1782 279 1611
f 1783 1611 281
f 1782 1611 1783
f 278 1605 1606
f 1605 276 1604
f 1606 1604 277
f 1605 1604 1606
f 277 1607 1606
f 1607 279 1608
f 1606 1608 278
f 1607 1608 1606
f 279 1782 1608
f 1782 342 1781
f 1608 1781 278
f 1782 1781 1608
f 384 1918 1924
f 1918 364 1921
f 1924 1921 385
f 1918 1921 1924
f 384 1914 1918
f 1914 345 1846
f 1918 1846 364
f 1914 1846 1918
f 350 1915 1823
f 1915 384 1917
f 1823 1917 355
f 1915 1917 1823
f 350 1805 1806
f 1805 282 1617
f 1806 1617 284
f 1805 1617 1806
f 284 1790 1806
f 1790 345 1807
f 1806 1807 350
f 1790 1807 1806
f 345 1914 1807
f 1914 384 1915
f 1807 1915 350
f 1914 1915 1807
f 388 1934 1933
f 1934 369 1864
f 1933 1864 354
f 1934 1864 1933
f 369 1865 1864
f 1865 355 1824
f 1864 1824 354
f 1865 1824 1864
f 387 1935 1931
f 1935 388 1933
f 1931 1933 354
f 1935 1933 1931
f 385 1919 1920
f 1919 25 1821
f 1920 1821 354
f 1919 1821 1920
f 354 1821 1931
f 1821 25 1930
f 1931 1930 387
f 1821 1930 1931
f 354 1916 1920
f 1916 384 1924
f 1920 1924 385
f 1916 1924 1920
f 355 1917 1824
f 1917 384 1916
f 1824 1916 354
f 1917 1916 1824
f 6 3142 1944
f 3142 783 3145
f 1944 3145 391
f 3142 3145 1944
f 391 1946 1944
f 1946 23 1027
f 1944 1027 6
f 1946 1027 1944
f 390 1940 1948
f 1940 23 1946
f 1948 1946 391
f 1940 1946 1948
f 783 3144 3145
f 3144 21 1945
f 3145 1945 391
f 3144 1945 3145
f 7 1025 3143
f 1025 21 3144
f 3143 3144 783
f 1025 3144 3143
f 7 3125 3129
f 3125 779 3131
f 3129 3131 780
f 3125 3131 3129
f 783 3146 3143
f 3146 779 3125
f 3143 3125 7
f 3146 3125 3143
f 344 1789 1788
f 1789 275 1600
f 1788 1600 274
f 1789 1600 1788
f 341 1778 1779
f 1778 271 1601
f 1779 1601 276
f 1778 1601 1779
f 341 1784 1785
f 1784 342 1786
f 1785 1786 343
f 1784 1786 1785
f 276 1605 1779
f 1605 278 1780
f 1779 1780 341
f 1605 1780 1779
f 341 1780 1784
f 1780 278 1781
f 1784 1781 342
f 1780 1781 1784
f 893 3532 3533
f 3532 824 3306
f 3533 3306 829
f 3532 3306 3533
f 829 3781 3533
f 3781 973 3783
f 3533 3783 893
f 3781 3783 3533
f 829 3307 3820
f 3307 828 3819
f 3820 3819 980
f 3307 3819 3820
f 829 3306 3307
f 3306 824 3304
f 3307 3304 828
f 3306 3304 3307
f 829 3820 3822
f 3820 980 3825
f 3822 3825 981
f 3820 3825 3822
f 981 3824 3822
f 3824 973 3781
f 3822 3781 829
f 3824 3781 3822
f 819 3288 3287
f 3288 817 3278
f 3287 3278 585
f 3288 3278 3287
f 585 2551 3287
f 2551 424 3286
f 3287 3286 819
f 2551 3286 3287
f 833 3318 3314
f 3318 834 3316
f 3314 3316 819
f 3318 3316 3314
f 834 3315 3316
f 3315 817 3288
f 3316 3288 819
f 3315 3288 3316
f 819 3285 3314
f 3285 409 3313
f 3314 3313 833
f 3285 3313 3314
f 819 3286 3285
f 3286 424 2040
f 3285 2040 409
f 3286 2040 3285
f 69 1074 1307
f 1074 68 1306
f 1307 1306 163
f 1074 1306 1307
f 69 2652 1074
f 2652 624 2651
f 1074 2651 68
f 2652 2651 1074
f 69 1307 1311
f 1307 163 1315
f 1311 1315 164
f 1307 1315 1311
f 652 2755 2752
f 2755 624 2652
f 2752 2652 69
f 2755 2652 2752
f 75 1330 2666
f 1330 167 2667
f 2666 2667 628
f 1330 2667 2666
f 628 2668 2666
f 2668 627 2663
f 2666 2663 75
f 2668 2663 2666
f 75 2663 1330
f 2663 627 2664
f 1330 2664 167
f 2663 2664 1330
f 165 1332 1319
f 1332 167 1329
f 1319 1329 74
f 1332 1329 1319
f 167 2664 1329
f 2664 627 2662
f 1329 2662 74
f 2664 2662 1329
f 74 2662 2660
f 2662 627 2665
f 2660 2665 626
f 2662 2665 2660
f 165 2661 1317
f 2661 626 2658
f 1317 2658 72
f 2661 2658 1317
f 72 1077 1317
f 1077 71 1316
f 1317 1316 165
f 1077 1316 1317
f 626 2657 2658
f 2657 71 1077
f 2658 1077 72
f 2657 1077 2658
f 140 1248 1303
f 1248 138 1302
f 1303 1302 162
f 1248 1302 1303
f 65 1070 1245
f 1070 64 1244
f 1245 1244 140
f 1070 1244 1245
f 64 1069 1244
f 1069 63 1243
f 1244 1243 140
f 1069 1243 1244
f 162 1299 1303
f 1299 66 1246
f 1303 1246 140
f 1299 1246 1303
f 140 1246 1245
f 1246 66 1071
f 1245 1071 65
f 1246 1071 1245
f 140 1243 1242
f 1243 63 1068
f 1242 1068 62
f 1243 1068 1242
f 62 1227 1242
f 1227 136 1247
f 1242 1247 140
f 1227 1247 1242
f 136 1238 1247
f 1238 138 1248
f 1247 1248 140
f 1238 1248 1247
f 102 1101 1218
f 1101 101 1217
f 1218 1217 134
f 1101 1217 1218
f 61 1226 1067
f 1226 136 1227
f 1067 1227 62
f 1226 1227 1067
f 61 2627 2556
f 2627 616 2630
f 2556 2630 589
f 2627 2630 2556
f 62 2628 1067
f 2628 616 2627
f 1067 2627 61
f 2628 2627 1067
f 961 3747 3724
f 3747 964 3744
f 3724 3744 613
f 3747 3744 3724
f 613 3728 3724
f 3728 962 3733
f 3724 3733 961
f 3728 3733 3724
f 922 3731 3739
f 3731 962 3740
f 3739 3740 963
f 3731 3740 3739
f 52 1058 2620
f 1058 53 2621
f 2620 2621 614
f 1058 2621 2620
f 962 3728 3729
f 3728 613 2623
f 3729 2623 614
f 3728 2623 3729
f 614 2623 2620
f 2623 613 2618
f 2620 2618 52
f 2623 2618 2620
f 150 1380 1274
f 1380 175 1379
f 1274 1379 148
f 1380 1379 1274
f 150 1274 1272
f 1274 148 1269
f 1272 1269 100
f 1274 1269 1272
f 100 1267 1272
f 1267 147 1273
f 1272 1273 150
f 1267 1273 1272
f 176 1384 1393
f 1384 147 1392
f 1393 1392 177
f 1384 1392 1393
f 175 1380 1386
f 1380 150 1385
f 1386 1385 176
f 1380 1385 1386
f 176 1385 1384
f 1385 150 1273
f 1384 1273 147
f 1385 1273 1384
f 649 2741 2742
f 2741 640 2717
f 2742 2717 641
f 2741 2717 2742
f 641 2721 2742
f 2721 642 2743
f 2742 2743 649
f 2721 2743 2742
f 649 2743 2744
f 2743 642 2739
f 2744 2739 648
f 2743 2739 2744
f 706 2892 2891
f 2892 649 2744
f 2891 2744 648
f 2892 2744 2891
f 648 2886 2891
f 2886 705 2895
f 2891 2895 706
f 2886 2895 2891
f 692 2889 2841
f 2889 705 2886
f 2841 2886 648
f 2889 2886 2841
f 704 2884 2882
f 2884 702 2876
f 2882 2876 687
f 2884 2876 2882
f 704 2885 2884
f 2885 703 2880
f 2884 2880 702
f 2885 2880 2884
f 687 2823 2882
f 2823 682 2881
f 2882 2881 704
f 2823 2881 2882
f 682 2887 2881
f 2887 705 2890
f 2881 2890 704
f 2887 2890 2881
f 692 2841 2838
f 2841 648 2740
f 2838 2740 643
f 2841 2740 2838
f 643 2740 2724
f 2740 648 2739
f 2724 2739 642
f 2740 2739 2724
f 646 2738 2833
f 2738 647 2834
f 2833 2834 690
f 2738 2834 2833
f 968 3765 3810
f 3765 966 3809
f 3810 3809 978
f 3765 3809 3810
f 978 3811 3810
f 3811 969 3768
f 3810 3768 968
f 3811 3768 3810
f 969 3767 3768
f 3767 872 3763
f 3768 3763 968
f 3767 3763 3768
f 605 2592 2593
f 2592 39 1045
f 2593 1045 40
f 2592 1045 2593
f 965 3757 3748
f 3757 966 3755
f 3748 3755 605
f 3757 3755 3748
f 40 1046 2593
f 1046 41 2594
f 2593 2594 605
f 1046 2594 2593
f 605 2599 3748
f 2599 606 3749
f 3748 3749 965
f 2599 3749 3748
f 605 2594 2599
f 2594 41 2596
f 2599 2596 606
f 2594 2596 2599
f 600 2737 2578
f 2737 647 2735
f 2578 2735 30
f 2737 2735 2578
f 690 2834 2832
f 2834 647 2737
f 2832 2737 600
f 2834 2737 2832
f 873 3472 3468
f 3472 877 3473
f 3468 3473 876
f 3472 3473 3468
f 690 2832 3466
f 2832 600 3464
f 3466 3464 876
f 2832 3464 3466
f 703 2878 3467
f 2878 690 3466
f 3467 3466 876
f 2878 3466 3467
f 876 3473 3467
f 3473 877 3470
f 3467 3470 703
f 3473 3470 3467
f 172 1370 1360
f 1370 173 1365
f 1360 1365 88
f 1370 1365 1360
f 640 2712 2710
f 2712 639 2708
f 2710 2708 91
f 2712 2708 2710
f 90 2707 2705
f 2707 639 2709
f 2705 2709 638
f 2707 2709 2705
f 90 1367 1371
f 1367 173 1375
f 1371 1375 174
f 1367 1375 1371
f 174 1372 1371
f 1372 91 1091
f 1371 1091 90
f 1372 1091 1371
f 90 1091 2707
f 1091 91 2708
f 2707 2708 639
f 1091 2708 2707
f 942 3658 3801
f 3658 941 3800
f 3801 3800 976
f 3658 3800 3801
f 976 3802 3801
f 3802 975 3792
f 3801 3792 942
f 3802 3792 3801
f 941 3791 3800
f 3791 975 3802
f 3800 3802 976
f 3791 3802 3800
f 319 1719 1750
f 1719 318 1749
f 1750 1749 334
f 1719 1749 1750
f 334 1749 2300
f 1749 318 2299
f 2300 2299 509
f 1749 2299 2300
f 334 1754 1753
f 1754 332 1739
f 1753 1739 322
f 1754 1739 1753
f 322 1722 1753
f 1722 321 1752
f 1753 1752 334
f 1722 1752 1753
f 555 2416 3662
f 2416 556 3663
f 3662 3663 944
f 2416 3663 3662
f 326 2386 2417
f 2386 546 2419
f 2417 2419 557
f 2386 2419 2417
f 557 2420 2417
f 2420 556 2415
f 2417 2415 326
f 2420 2415 2417
f 551 2399 2408
f 2399 552 2409
f 2408 2409 553
f 2399 2409 2408
f 551 2408 2398
f 2408 553 2402
f 2398 2402 326
f 2408 2402 2398
f 326 2413 2398
f 2413 555 2414
f 2398 2414 551
f 2413 2414 2398
f 953 3695 3694
f 3695 552 2399
f 3694 2399 551
f 3695 2399 3694
f 554 2410 2412
f 2410 549 2406
f 2412 2406 553
f 2410 2406 2412
f 553 2409 2412
f 2409 552 2411
f 2412 2411 554
f 2409 2411 2412
f 949 3677 3676
f 3677 550 2397
f 3676 2397 549
f 3677 2397 3676
f 549 2410 3676
f 2410 554 3678
f 3676 3678 949
f 2410 3678 3676
f 550 3677 3681
f 3677 949 3684
f 3681 3684 950
f 3677 3684 3681
f 950 3796 3683
f 3796 975 3791
f 3683 3791 941
f 3796 3791 3683
f 950 3684 3796
f 3684 949 3795
f 3796 3795 975
f 3684 3795 3796
f 534 2351 2352
f 2351 323 1724
f 2352 1724 324
f 2351 1724 2352
f 324 1724 1727
f 1724 323 1726
f 1727 1726 325
f 1724 1726 1727
f 553 2403 2400
f 2403 534 2352
f 2400 2352 324
f 2403 2352 2400
f 324 1727 2400
f 1727 325 2401
f 2400 2401 553
f 1727 2401 2400
f 315 2494 2421
f 2494 574 2499
f 2421 2499 558
f 2494 2499 2421
f 313 2493 1714
f 2493 574 2494
f 1714 2494 315
f 2493 2494 1714
f 312 2312 2331
f 2312 512 2333
f 2331 2333 522
f 2312 2333 2331
f 514 2316 2314
f 2316 512 2312
f 2314 2312 312
f 2316 2312 2314
f 312 2319 2289
f 2319 515 2320
f 2289 2320 504
f 2319 2320 2289
f 312 2289 2314
f 2289 504 2315
f 2314 2315 514
f 2289 2315 2314
f 483 2226 2231
f 2226 478 2229
f 2231 2229 484
f 2226 2229 2231
f 484 2228 2231
f 2228 435 2223
f 2231 2223 483
f 2228 2223 2231
f 486 2235 2236
f 2235 435 2228
f 2236 2228 484
f 2235 2228 2236
f 479 2230 2208
f 2230 484 2229
f 2208 2229 478
f 2230 2229 2208
f 331 1738 1743
f 1738 330 1742
f 1743 1742 332
f 1738 1742 1743
f 336 1762 1763
f 1762 328 1736
f 1763 1736 331
f 1762 1736 1763
f 863 3424 3421
f 3424 865 3425
f 3421 3425 864
f 3424 3425 3421
f 863 3418 3424
f 3418 862 3423
f 3424 3423 865
f 3418 3423 3424
f 864 3447 3421
f 3447 869 3446
f 3421 3446 863
f 3447 3446 3421
f 863 3446 3417
f 3446 869 3445
f 3417 3445 852
f 3446 3445 3417
f 852 3415 3417
f 3415 862 3418
f 3417 3418 863
f 3415 3418 3417
f 847 3383 3372
f 3383 851 3382
f 3372 3382 846
f 3383 3382 3372
f 814 3275 3371
f 3275 813 3370
f 3371 3370 847
f 3275 3370 3371
f 847 3372 3371
f 3372 846 3367
f 3371 3367 814
f 3372 3367 3371
f 861 3412 3411
f 3412 851 3383
f 3411 3383 847
f 3412 3383 3411
f 847 3370 3409
f 3370 813 3408
f 3409 3408 860
f 3370 3408 3409
f 860 3413 3409
f 3413 861 3411
f 3409 3411 847
f 3413 3411 3409
f 200 1452 1419
f 1452 216 1451
f 1419 1451 199
f 1452 1451 1419
f 199 1416 1419
f 1416 192 1418
f 1419 1418 200
f 1416 1418 1419
f 199 1417 1416
f 1417 198 1414
f 1416 1414 192
f 1417 1414 1416
f 216 1456 1451
f 1456 217 1455
f 1451 1455 199
f 1456 1455 1451
f 217 1454 1455
f 1454 198 1417
f 1455 1417 199
f 1454 1417 1455
f 564 2447 2456
f 2447 524 2454
f 2456 2454 565
f 2447 2454 2456
f 565 2454 2453
f 2454 524 2336
f 2453 2336 523
f 2454 2336 2453
f 523 2381 2453
f 2381 543 2455
f 2453 2455 565
f 2381 2455 2453
f 565 2452 2451
f 2452 196 1412
f 2451 1412 195
f 2452 1412 2451
f 543 2377 2455
f 2377 196 2452
f 2455 2452 565
f 2377 2452 2455
f 583 2550 2541
f 2550 584 2548
f 2541 2548 564
f 2550 2548 2541
f 583 2540 2542
f 2540 537 2510
f 2542 2510 577
f 2540 2510 2542
f 580 2549 2544
f 2549 584 2550
f 2544 2550 583
f 2549 2550 2544
f 583 2545 2540
f 2545 582 2537
f 2540 2537 537
f 2545 2537 2540
f 564 2539 2541
f 2539 582 2545
f 2541 2545 583
f 2539 2545 2541
f 577 2518 2542
f 2518 579 2543
f 2542 2543 583
f 2518 2543 2542
f 583 2543 2544
f 2543 579 2524
f 2544 2524 580
f 2543 2524 2544
f 243 1515 1655
f 1515 242 1654
f 1655 1654 298
f 1515 1654 1655
f 297 1649 1658
f 1649 243 1655
f 1658 1655 298
f 1649 1655 1658
f 263 1652 1656
f 1652 297 1658
f 1656 1658 298
f 1652 1658 1656
f 298 1657 1656
f 1657 266 1581
f 1656 1581 263
f 1657 1581 1656
f 300 1664 1665
f 1664 242 1553
f 1665 1553 253
f 1664 1553 1665
f 253 1671 1665
f 1671 301 1673
f 1665 1673 300
f 1671 1673 1665
f 277 1603 1667
f 1603 273 1666
f 1667 1666 300
f 1603 1666 1667
f 300 1673 1667
f 1673 301 1672
f 1667 1672 277
f 1673 1672 1667
f 360 1968 1837
f 1968 397 1966
f 1837 1966 340
f 1968 1966 1837
f 360 1840 1968
f 1840 359 1967
f 1968 1967 397
f 1840 1967 1968
f 338 1776 1971
f 1776 340 1972
f 1971 1972 398
f 1776 1972 1971
f 264 1580 1770
f 1580 265 1771
f 1770 1771 338
f 1580 1771 1770
f 338 1980 1770
f 1980 399 1979
f 1770 1979 264
f 1980 1979 1770
f 398 1973 1971
f 1973 361 1841
f 1971 1841 338
f 1973 1841 1971
f 338 1841 1980
f 1841 361 1982
f 1980 1982 399
f 1841 1982 1980
f 267 1583 1584
f 1583 265 1582
f 1584 1582 266
f 1583 1582 1584
f 356 1830 1828
f 1830 355 1822
f 1828 1822 343
f 1830 1822 1828
f 343 1786 1828
f 1786 342 1827
f 1828 1827 356
f 1786 1827 1828
f 356 1827 1825
f 1827 342 1783
f 1825 1783 281
f 1827 1783 1825
f 356 1829 1830
f 1829 350 1823
f 1830 1823 355
f 1829 1823 1830
f 281 1614 1825
f 1614 282 1826
f 1825 1826 356
f 1614 1826 1825
f 282 1805 1826
f 1805 350 1829
f 1826 1829 356
f 1805 1829 1826
f 368 1859 1862
f 1859 21 1857
f 1862 1857 367
f 1859 1857 1862
f 368 1947 1859
f 1947 391 1945
f 1859 1945 21
f 1947 1945 1859
f 367 1858 1862
f 1858 358 1861
f 1862 1861 368
f 1858 1861 1862
f 390 1948 1941
f 1948 391 1947
f 1941 1947 368
f 1948 1947 1941
f 368 1867 1941
f 1867 369 1942
f 1941 1942 390
f 1867 1942 1941
f 782 3136 3140
f 3136 7 3129
f 3140 3129 780
f 3136 3129 3140
f 8 1949 3137
f 1949 392 3139
f 3137 3139 782
f 1949 3139 3137
f 392 1951 3139
f 1951 21 3138
f 3139 3138 782
f 1951 3138 3139
f 21 1025 3138
f 1025 7 3136
f 3138 3136 782
f 1025 3136 3138
f 780 3135 3140
f 3135 781 3141
f 3140 3141 782
f 3135 3141 3140
f 782 3141 3137
f 3141 781 3132
f 3137 3132 8
f 3141 3132 3137
f 271 1778 1808
f 1778 341 1810
f 1808 1810 351
f 1778 1810 1808
f 625 2656 2756
f 2656 71 2753
f 2756 2753 652
f 2656 2753 2756
f 652 2752 2756
f 2752 69 2654
f 2756 2654 625
f 2752 2654 2756
f 73 2659 1318
f 2659 626 2661
f 1318 2661 165
f 2659 2661 1318
f 165 1319 1318
f 1319 74 1078
f 1318 1078 73
f 1319 1078 1318
f 73 1078 2659
f 1078 74 2660
f 2659 2660 626
f 1078 2660 2659
f 101 1231 1223
f 1231 137 1234
f 1223 1234 135
f 1231 1234 1223
f 135 1224 1223
f 1224 134 1217
f 1223 1217 101
f 1224 1217 1223
f 103 1103 1211
f 1103 102 1210
f 1211 1210 133
f 1103 1210 1211
f 102 1218 1210
f 1218 134 1219
f 1210 1219 133
f 1218 1219 1210
f 133 1212 1211
f 1212 105 1107
f 1211 1107 103
f 1212 1107 1211
f 617 2633 2634
f 2633 61 2556
f 2634 2556 589
f 2633 2556 2634
f 610 2608 2609
f 2608 47 1053
f 2609 1053 48
f 2608 1053 2609
f 964 3741 3742
f 3741 610 2612
f 3742 2612 611
f 3741 2612 3742
f 610 2609 2612
f 2609 48 2610
f 2612 2610 611
f 2609 2610 2612
f 611 2610 2611
f 2610 48 1054
f 2611 1054 49
f 2610 1054 2611
f 679 2813 2814
f 2813 680 2815
f 2814 2815 681
f 2813 2815 2814
f 680 2819 2815
f 2819 684 2820
f 2815 2820 681
f 2819 2820 2815
f 792 3188 3189
f 3188 679 2814
f 3189 2814 681
f 3188 2814 3189
f 683 2817 2818
f 2817 680 2816
f 2818 2816 682
f 2817 2816 2818
f 683 2821 2817
f 2821 684 2819
f 2817 2819 680
f 2821 2819 2817
f 683 2818 2830
f 2818 682 2829
f 2830 2829 689
f 2818 2829 2830
f 689 3205 2830
f 3205 796 3204
f 2830 3204 683
f 3205 3204 2830
f 642 2721 2718
f 2721 641 2715
f 2718 2715 94
f 2721 2715 2718
f 175 1386 1378
f 1386 176 1382
f 1378 1382 94
f 1386 1382 1378
f 94 1382 2718
f 1382 176 2720
f 2718 2720 642
f 1382 2720 2718
f 174 1381 1373
f 1381 175 1376
f 1373 1376 92
f 1381 1376 1373
f 175 2716 1376
f 2716 641 2713
f 1376 2713 92
f 2716 2713 1376
f 92 1092 1373
f 1092 91 1372
f 1373 1372 174
f 1092 1372 1373
f 92 2713 2711
f 2713 641 2717
f 2711 2717 640
f 2713 2717 2711
f 640 2710 2711
f 2710 91 1092
f 2711 1092 92
f 2710 1092 2711
f 119 1137 1397
f 1137 118 1396
f 1397 1396 178
f 1137 1396 1397
f 177 1404 1398
f 1404 179 1405
f 1398 1405 178
f 1404 1405 1398
f 178 1405 1397
f 1405 179 1400
f 1397 1400 119
f 1405 1400 1397
f 30 1133 1035
f 1133 118 1132
f 1035 1132 29
f 1133 1132 1035
f 29 1132 1136
f 1132 118 1137
f 1136 1137 119
f 1132 1137 1136
f 29 2577 1035
f 2577 600 2578
f 1035 2578 30
f 2577 2578 1035
f 37 2586 2584
f 2586 603 2588
f 2584 2588 602
f 2586 2588 2584
f 602 2588 3461
f 2588 603 3462
f 3461 3462 875
f 2588 3462 3461
f 143 1258 1262
f 1258 119 1261
f 1262 1261 144
f 1258 1261 1262
f 119 1400 1261
f 1400 179 1401
f 1261 1401 144
f 1400 1401 1261
f 146 1268 1266
f 1268 147 1267
f 1266 1267 100
f 1268 1267 1266
f 100 1399 1266
f 1399 179 1403
f 1266 1403 146
f 1399 1403 1266
f 177 1392 1391
f 1392 147 1268
f 1391 1268 146
f 1392 1268 1391
f 146 1403 1391
f 1403 179 1404
f 1391 1404 177
f 1403 1404 1391
f 37 1151 1043
f 1151 123 1152
f 1043 1152 38
f 1151 1152 1043
f 38 1152 1044
f 1152 123 1153
f 1044 1153 39
f 1152 1153 1044
f 38 2587 1043
f 2587 603 2586
f 1043 2586 37
f 2587 2586 1043
f 37 2584 1042
f 2584 602 2583
f 1042 2583 36
f 2584 2583 1042
f 121 1156 1146
f 1156 123 1151
f 1146 1151 37
f 1156 1151 1146
f 37 1042 1146
f 1042 36 1145
f 1146 1145 121
f 1042 1145 1146
f 40 1045 1149
f 1045 39 1148
f 1149 1148 122
f 1045 1148 1149
f 39 1153 1148
f 1153 123 1157
f 1148 1157 122
f 1153 1157 1148
f 691 2836 2837
f 2836 646 2833
f 2837 2833 690
f 2836 2833 2837
f 691 2888 2842
f 2888 705 2889
f 2842 2889 692
f 2888 2889 2842
f 691 2883 2888
f 2883 704 2890
f 2888 2890 705
f 2883 2890 2888
f 691 2837 2879
f 2837 690 2878
f 2879 2878 703
f 2837 2878 2879
f 703 2885 2879
f 2885 704 2883
f 2879 2883 691
f 2885 2883 2879
f 692 2840 2842
f 2840 645 2835
f 2842 2835 691
f 2840 2835 2842
f 645 2734 2835
f 2734 646 2836
f 2835 2836 691
f 2734 2836 2835
f 644 2731 2839
f 2731 645 2840
f 2839 2840 692
f 2731 2840 2839
f 692 2838 2839
f 2838 643 2728
f 2839 2728 644
f 2838 2728 2839
f 642 2720 2719
f 2720 176 1383
f 2719 1383 95
f 2720 1383 2719
f 95 2722 2719
f 2722 643 2724
f 2719 2724 642
f 2722 2724 2719
f 95 1383 1387
f 1383 176 1393
f 1387 1393 177
f 1383 1393 1387
f 31 1134 1036
f 1134 118 1133
f 1036 1133 30
f 1134 1133 1036
f 30 2735 1036
f 2735 647 2736
f 1036 2736 31
f 2735 2736 1036
f 647 2738 2736
f 2738 646 2732
f 2736 2732 31
f 2738 2732 2736
f 874 3764 3457
f 3764 968 3763
f 3457 3763 872
f 3764 3763 3457
f 966 3765 3756
f 3765 968 3764
f 3756 3764 874
f 3765 3764 3756
f 604 2595 3754
f 2595 605 3755
f 3754 3755 966
f 2595 3755 3754
f 39 2592 2590
f 2592 605 2595
f 2590 2595 604
f 2592 2595 2590
f 966 3753 3754
f 3753 603 2591
f 3754 2591 604
f 3753 2591 3754
f 604 2589 2590
f 2589 38 1044
f 2590 1044 39
f 2589 1044 2590
f 603 2587 2591
f 2587 38 2589
f 2591 2589 604
f 2587 2589 2591
f 87 1087 1359
f 1087 86 1358
f 1359 1358 172
f 1087 1358 1359
f 172 1360 1359
f 1360 88 1088
f 1359 1088 87
f 1360 1088 1359
f 636 2697 2698
f 2697 86 1087
f 2698 1087 87
f 2697 1087 2698
f 89 1089 1366
f 1089 88 1365
f 1366 1365 173
f 1089 1365 1366
f 89 1090 2704
f 1090 90 2705
f 2704 2705 638
f 1090 2705 2704
f 173 1367 1366
f 1367 90 1090
f 1366 1090 89
f 1367 1090 1366
f 310 2293 2290
f 2293 507 2294
f 2290 2294 505
f 2293 2294 2290
f 508 2297 2296
f 2297 507 2293
f 2296 2293 310
f 2297 2293 2296
f 505 2321 2290
f 2321 515 2318
f 2290 2318 310
f 2321 2318 2290
f 515 2319 2318
f 2319 312 1708
f 2318 1708 310
f 2319 1708 2318
f 310 2298 2296
f 2298 509 2302
f 2296 2302 508
f 2298 2302 2296
f 310 1748 2298
f 1748 334 2300
f 2298 2300 509
f 1748 2300 2298
f 319 1750 1720
f 1750 334 1751
f 1720 1751 320
f 1750 1751 1720
f 320 1751 1721
f 1751 334 1752
f 1721 1752 321
f 1751 1752 1721
f 320 2306 1720
f 2306 510 2305
f 1720 2305 319
f 2306 2305 1720
f 320 1721 2306
f 1721 321 2307
f 2306 2307 510
f 1721 2307 2306
f 959 3717 3716
f 3717 943 3661
f 3716 3661 717
f 3717 3661 3716
f 555 3662 3691
f 3662 944 3693
f 3691 3693 952
f 3662 3693 3691
f 953 3694 3696
f 3694 551 3690
f 3696 3690 952
f 3694 3690 3696
f 952 3690 3691
f 3690 551 2414
f 3691 2414 555
f 3690 2414 3691
f 952 3693 3692
f 3693 944 3664
f 3692 3664 717
f 3693 3664 3692
f 717 3788 3692
f 3788 975 3797
f 3692 3797 952
f 3788 3797 3692
f 952 3797 3696
f 3797 975 3798
f 3696 3798 953
f 3797 3798 3696
f 547 3659 3686
f 3659 943 3688
f 3686 3688 951
f 3659 3688 3686
f 943 3717 3688
f 3717 959 3718
f 3688 3718 951
f 3717 3718 3688
f 951 3718 3687
f 3718 959 3716
f 3687 3716 717
f 3718 3716 3687
f 546 2391 2387
f 2391 547 2390
f 2387 2390 545
f 2391 2390 2387
f 545 2418 2387
f 2418 557 2419
f 2387 2419 546
f 2418 2419 2387
f 547 3686 2390
f 3686 951 3685
f 2390 3685 545
f 3686 3685 2390
f 954 3697 3700
f 3697 552 3695
f 3700 3695 953
f 3697 3695 3700
f 954 3698 3697
f 3698 554 2411
f 3697 2411 552
f 3698 2411 3697
f 953 3798 3700
f 3798 975 3799
f 3700 3799 954
f 3798 3799 3700
f 535 2355 2358
f 2355 500 2356
f 2358 2356 536
f 2355 2356 2358
f 536 2396 2358
f 2396 550 2395
f 2358 2395 535
f 2396 2395 2358
f 550 3681 2395
f 3681 950 3680
f 2395 3680 535
f 3681 3680 2395
f 558 2485 2422
f 2485 572 2482
f 2422 2482 317
f 2485 2482 2422
f 317 1717 2422
f 1717 315 2421
f 2422 2421 558
f 1717 2421 2422
f 316 1716 1718
f 1716 315 1717
f 1718 1717 317
f 1716 1717 1718
f 572 2483 2482
f 2483 479 2207
f 2482 2207 317
f 2483 2207 2482
f 317 2205 1718
f 2205 478 2204
f 1718 2204 316
f 2205 2204 1718
f 317 2207 2205
f 2207 479 2208
f 2205 2208 478
f 2207 2208 2205
f 313 1714 1713
f 1714 315 1715
f 1713 1715 314
f 1714 1715 1713
f 336 1760 1761
f 1760 312 1712
f 1761 1712 314
f 1760 1712 1761
f 316 2204 2201
f 2204 478 2206
f 2201 2206 477
f 2204 2206 2201
f 477 2206 2225
f 2206 478 2226
f 2225 2226 483
f 2206 2226 2225
f 483 2227 2225
f 2227 482 2221
f 2225 2221 477
f 2227 2221 2225
f 326 1734 1744
f 1734 330 1747
f 1744 1747 333
f 1734 1747 1744
f 327 1730 1745
f 1730 326 1744
f 1745 1744 333
f 1730 1744 1745
f 333 2554 1745
f 2554 586 2553
f 1745 2553 327
f 2554 2553 1745
f 734 2967 2965
f 2967 586 2554
f 2965 2554 333
f 2967 2554 2965
f 486 2236 2237
f 2236 484 2233
f 2237 2233 485
f 2236 2233 2237
f 484 2230 2233
f 2230 479 2232
f 2233 2232 485
f 2230 2232 2233
f 559 2425 2424
f 2425 486 2237
f 2424 2237 485
f 2425 2237 2424
f 485 2484 2424
f 2484 572 2486
f 2424 2486 559
f 2484 2486 2424
f 485 2232 2484
f 2232 479 2483
f 2484 2483 572
f 2232 2483 2484
f 335 1756 1764
f 1756 312 1760
f 1764 1760 336
f 1756 1760 1764
f 336 1763 1764
f 1763 331 1757
f 1764 1757 335
f 1763 1757 1764
f 335 1757 1758
f 1757 331 1743
f 1758 1743 332
f 1757 1743 1758
f 335 1755 1756
f 1755 310 1708
f 1756 1708 312
f 1755 1708 1756
f 332 1754 1758
f 1754 334 1759
f 1758 1759 335
f 1754 1759 1758
f 334 1748 1759
f 1748 310 1755
f 1759 1755 335
f 1748 1755 1759
f 197 2378 1415
f 2378 543 2379
f 1415 2379 198
f 2378 2379 1415
f 197 1413 2378
f 1413 196 2377
f 2378 2377 543
f 1413 2377 2378
f 213 1440 1441
f 1440 196 1413
f 1441 1413 197
f 1440 1413 1441
f 197 1462 1441
f 1462 222 1465
f 1441 1465 213
f 1462 1465 1441
f 197 1415 1462
f 1415 198 1463
f 1462 1463 222
f 1415 1463 1462
f 213 2535 1448
f 2535 582 2536
f 1448 2536 214
f 2535 2536 1448
f 582 2533 2536
f 2533 193 1444
f 2536 1444 214
f 2533 1444 2536
f 214 1447 1448
f 1447 196 1440
f 1448 1440 213
f 1447 1440 1448
f 195 1412 1446
f 1412 196 1447
f 1446 1447 214
f 1412 1447 1446
f 194 2534 2446
f 2534 582 2539
f 2446 2539 564
f 2534 2539 2446
f 194 1410 2534
f 1410 193 2533
f 2534 2533 582
f 1410 2533 2534
f 194 2450 1411
f 2450 565 2451
f 1411 2451 195
f 2450 2451 1411
f 564 2456 2446
f 2456 565 2450
f 2446 2450 194
f 2456 2450 2446
f 195 1446 1411
f 1446 214 1445
f 1411 1445 194
f 1446 1445 1411
f 194 1445 1410
f 1445 214 1444
f 1410 1444 193
f 1445 1444 1410
f 299 1663 1659
f 1663 298 1654
f 1659 1654 242
f 1663 1654 1659
f 242 1664 1659
f 1664 300 1668
f 1659 1668 299
f 1664 1668 1659
f 268 1585 1661
f 1585 266 1660
f 1661 1660 299
f 1585 1660 1661
f 266 1657 1660
f 1657 298 1663
f 1660 1663 299
f 1657 1663 1660
f 299 1662 1661
f 1662 273 1592
f 1661 1592 268
f 1662 1592 1661
f 299 1668 1662
f 1668 300 1666
f 1662 1666 273
f 1668 1666 1662
f 352 1839 1816
f 1839 360 1837
f 1816 1837 340
f 1839 1837 1816
f 269 1599 1812
f 1599 275 1814
f 1812 1814 352
f 1599 1814 1812
f 275 1789 1814
f 1789 344 1817
f 1814 1817 352
f 1789 1817 1814
f 344 1838 1817
f 1838 360 1839
f 1817 1839 352
f 1838 1839 1817
f 370 1872 1868
f 1872 360 1838
f 1868 1838 344
f 1872 1838 1868
f 370 1870 1877
f 1870 358 1874
f 1877 1874 371
f 1870 1874 1877
f 371 1875 1877
f 1875 359 1871
f 1877 1871 370
f 1875 1871 1877
f 359 1840 1871
f 1840 360 1872
f 1871 1872 370
f 1840 1872 1871
f 370 1869 1870
f 1869 351 1834
f 1870 1834 358
f 1869 1834 1870
f 344 1811 1868
f 1811 351 1869
f 1868 1869 370
f 1811 1869 1868
f 357 1860 1835
f 1860 368 1861
f 1835 1861 358
f 1860 1861 1835
f 358 1834 1835
f 1834 351 1833
f 1835 1833 357
f 1834 1833 1835
f 357 1833 1831
f 1833 351 1810
f 1831 1810 341
f 1833 1810 1831
f 357 1831 1832
f 1831 341 1785
f 1832 1785 343
f 1831 1785 1832
f 343 1863 1832
f 1863 369 1866
f 1832 1866 357
f 1863 1866 1832
f 369 1867 1866
f 1867 368 1860
f 1866 1860 357
f 1867 1860 1866
f 272 1787 1596
f 1787 344 1788
f 1596 1788 274
f 1787 1788 1596
f 272 1809 1787
f 1809 351 1811
f 1787 1811 344
f 1809 1811 1787
f 271 1808 1591
f 1808 351 1809
f 1591 1809 272
f 1808 1809 1591
f 272 1596 1594
f 1596 274 1597
f 1594 1597 273
f 1596 1597 1594
f 273 1593 1594
f 1593 271 1591
f 1594 1591 272
f 1593 1591 1594
f 70 1075 1312
f 1075 69 1311
f 1312 1311 164
f 1075 1311 1312
f 70 2655 1075
f 2655 625 2654
f 1075 2654 69
f 2655 2654 1075
f 164 1313 1312
f 1313 71 1076
f 1312 1076 70
f 1313 1076 1312
f 71 2656 1076
f 2656 625 2655
f 1076 2655 70
f 2656 2655 1076
f 134 1224 1216
f 1224 135 1220
f 1216 1220 57
f 1224 1220 1216
f 49 1054 1187
f 1054 48 1186
f 1187 1186 129
f 1054 1186 1187
f 129 1185 1195
f 1185 47 1193
f 1195 1193 130
f 1185 1193 1195
f 129 1186 1185
f 1186 48 1053
f 1185 1053 47
f 1186 1053 1185
f 129 1189 1188
f 1189 108 1113
f 1188 1113 107
f 1189 1113 1188
f 130 1194 1195
f 1194 109 1190
f 1195 1190 129
f 1194 1190 1195
f 109 1115 1190
f 1115 108 1189
f 1190 1189 129
f 1115 1189 1190
f 132 1204 1203
f 1204 53 1058
f 1203 1058 52
f 1204 1058 1203
f 132 1213 1204
f 1213 133 1207
f 1204 1207 53
f 1213 1207 1204
f 105 1212 1205
f 1212 133 1213
f 1205 1213 132
f 1212 1213 1205
f 612 2613 2614
f 2613 49 1055
f 2614 1055 50
f 2613 1055 2614
f 612 2616 2613
f 2616 611 2611
f 2613 2611 49
f 2616 2611 2613
f 964 3742 3743
f 3742 611 2616
f 3743 2616 612
f 3742 2616 3743
f 612 2619 3743
f 2619 613 3744
f 3743 3744 964
f 2619 3744 3743
f 748 3193 3190
f 3193 793 3195
f 3190 3195 792
f 3193 3195 3190
f 792 3189 3190
f 3189 681 3019
f 3190 3019 748
f 3189 3019 3190
f 748 3019 3021
f 3019 681 2820
f 3021 2820 684
f 3019 2820 3021
f 796 3207 3206
f 3207 793 3193
f 3206 3193 748
f 3207 3193 3206
f 748 3020 3206
f 3020 683 3204
f 3206 3204 796
f 3020 3204 3206
f 684 2821 3021
f 2821 683 3020
f 3021 3020 748
f 2821 3020 3021
f 93 2714 1377
f 2714 641 2716
f 1377 2716 175
f 2714 2716 1377
f 175 1378 1377
f 1378 94 1093
f 1377 1093 93
f 1378 1093 1377
f 93 1093 2714
f 1093 94 2715
f 2714 2715 641
f 1093 2715 2714
f 99 2733 2730
f 2733 646 2734
f 2730 2734 645
f 2733 2734 2730
f 99 1395 1135
f 1395 178 1396
f 1135 1396 118
f 1395 1396 1135
f 118 1134 1135
f 1134 31 1097
f 1135 1097 99
f 1134 1097 1135
f 99 1097 2733
f 1097 31 2732
f 2733 2732 646
f 1097 2732 2733
f 601 2579 2580
f 2579 29 1037
f 2580 1037 32
f 2579 1037 2580
f 601 3460 3454
f 3460 875 3463
f 3454 3463 873
f 3460 3463 3454
f 873 3468 3454
f 3468 876 3465
f 3454 3465 601
f 3468 3465 3454
f 601 3465 2582
f 3465 876 3464
f 2582 3464 600
f 3465 3464 2582
f 600 2577 2582
f 2577 29 2579
f 2582 2579 601
f 2577 2579 2582
f 599 2585 3459
f 2585 602 3461
f 3459 3461 875
f 2585 3461 3459
f 875 3460 3459
f 3460 601 2581
f 3459 2581 599
f 3460 2581 3459
f 599 2581 2572
f 2581 601 2580
f 2572 2580 32
f 2581 2580 2572
f 599 2576 2585
f 2576 36 2583
f 2585 2583 602
f 2576 2583 2585
f 100 1257 1263
f 1257 143 1264
f 1263 1264 145
f 1257 1264 1263
f 143 1262 1264
f 1262 144 1265
f 1264 1265 145
f 1262 1265 1264
f 145 1402 1263
f 1402 179 1399
f 1263 1399 100
f 1402 1399 1263
f 145 1265 1402
f 1265 144 1401
f 1402 1401 179
f 1265 1401 1402
f 120 1138 1140
f 1138 29 1136
f 1140 1136 119
f 1138 1136 1140
f 120 1140 1259
f 1140 119 1258
f 1259 1258 143
f 1140 1258 1259
f 32 1037 1139
f 1037 29 1138
f 1139 1138 120
f 1037 1138 1139
f 120 1147 1139
f 1147 121 1141
f 1139 1141 32
f 1147 1141 1139
f 35 1144 1041
f 1144 121 1145
f 1041 1145 36
f 1144 1145 1041
f 36 2576 1041
f 2576 599 2575
f 1041 2575 35
f 2576 2575 1041
f 124 1174 1160
f 1174 126 1168
f 1160 1168 42
f 1174 1168 1160
f 42 1047 1160
f 1047 41 1159
f 1160 1159 124
f 1047 1159 1160
f 124 1159 1158
f 1159 41 1046
f 1158 1046 40
f 1159 1046 1158
f 40 1149 1158
f 1149 122 1163
f 1158 1163 124
f 1149 1163 1158
f 100 1120 1125
f 1120 112 1126
f 1125 1126 115
f 1120 1126 1125
f 112 1172 1126
f 1172 126 1173
f 1126 1173 115
f 1172 1173 1126
f 126 1174 1173
f 1174 124 1162
f 1173 1162 115
f 1174 1162 1173
f 142 1255 1260
f 1255 120 1259
f 1260 1259 143
f 1255 1259 1260
f 142 1260 1254
f 1260 143 1257
f 1254 1257 100
f 1260 1257 1254
f 123 1156 1253
f 1156 121 1252
f 1253 1252 141
f 1156 1252 1253
f 141 1250 1253
f 1250 114 1155
f 1253 1155 123
f 1250 1155 1253
f 121 1147 1252
f 1147 120 1251
f 1252 1251 141
f 1147 1251 1252
f 120 1255 1251
f 1255 142 1256
f 1251 1256 141
f 1255 1256 1251
f 100 1123 1249
f 1123 114 1250
f 1249 1250 141
f 1123 1250 1249
f 141 1256 1249
f 1256 142 1254
f 1249 1254 100
f 1256 1254 1249
f 96 2725 2723
f 2725 644 2728
f 2723 2728 643
f 2725 2728 2723
f 96 1094 1388
f 1094 95 1387
f 1388 1387 177
f 1094 1387 1388
f 643 2722 2723
f 2722 95 1094
f 2723 1094 96
f 2722 1094 2723
f 871 3471 3455
f 3471 877 3472
f 3455 3472 873
f 3471 3472 3455
f 873 3458 3455
f 3458 874 3456
f 3455 3456 871
f 3458 3456 3455
f 871 3456 3453
f 3456 874 3457
f 3453 3457 872
f 3456 3457 3453
f 872 3452 3453
f 3452 870 3450
f 3453 3450 871
f 3452 3450 3453
f 871 3450 3478
f 3450 870 3477
f 3478 3477 878
f 3450 3477 3478
f 878 3479 3478
f 3479 877 3471
f 3478 3471 871
f 3479 3471 3478
f 966 3756 3762
f 3756 874 3760
f 3762 3760 967
f 3756 3760 3762
f 967 3758 3762
f 3758 603 3753
f 3762 3753 966
f 3758 3753 3762
f 875 3462 3761
f 3462 603 3758
f 3761 3758 967
f 3462 3758 3761
f 873 3463 3759
f 3463 875 3761
f 3759 3761 967
f 3463 3761 3759
f 967 3760 3759
f 3760 874 3458
f 3759 3458 873
f 3760 3458 3759
f 695 2850 2851
f 2850 636 2703
f 2851 2703 637
f 2850 2703 2851
f 636 2698 2703
f 2698 87 2700
f 2703 2700 637
f 2698 2700 2703
f 696 2856 2853
f 2856 695 2851
f 2853 2851 637
f 2856 2851 2853
f 637 2700 2701
f 2700 87 1088
f 2701 1088 88
f 2700 1088 2701
f 637 2706 2853
f 2706 638 2854
f 2853 2854 696
f 2706 2854 2853
f 637 2702 2706
f 2702 89 2704
f 2706 2704 638
f 2702 2704 2706
f 88 1089 2701
f 1089 89 2702
f 2701 2702 637
f 1089 2702 2701
f 946 3668 3689
f 3668 545 3685
f 3689 3685 951
f 3668 3685 3689
f 717 3664 3670
f 3664 944 3671
f 3670 3671 946
f 3664 3671 3670
f 946 3689 3670
f 3689 951 3687
f 3670 3687 717
f 3689 3687 3670
f 557 2418 3669
f 2418 545 3668
f 3669 3668 946
f 2418 3668 3669
f 554 3698 3673
f 3698 954 3699
f 3673 3699 947
f 3698 3699 3673
f 947 3699 3793
f 3699 954 3799
f 3793 3799 975
f 3699 3799 3793
f 595 3682 3650
f 3682 950 3683
f 3650 3683 941
f 3682 3683 3650
f 595 2566 3682
f 2566 535 3680
f 3682 3680 950
f 2566 3680 3682
f 337 1768 1769
f 1768 328 1762
f 1769 1762 336
f 1768 1762 1769
f 336 1761 1769
f 1761 314 1765
f 1769 1765 337
f 1761 1765 1769
f 316 2201 1767
f 2201 477 2202
f 1767 2202 337
f 2201 2202 1767
f 337 1766 1767
f 1766 315 1716
f 1767 1716 316
f 1766 1716 1767
f 337 1765 1766
f 1765 314 1715
f 1766 1715 315
f 1765 1715 1766
f 313 1713 1710
f 1713 314 1711
f 1710 1711 311
f 1713 1711 1710
f 311 1711 1709
f 1711 314 1712
f 1709 1712 312
f 1711 1712 1709
f 511 2328 2311
f 2328 521 2327
f 2311 2327 311
f 2328 2327 2311
f 311 2330 2311
f 2330 522 2332
f 2311 2332 511
f 2330 2332 2311
f 311 1709 2330
f 1709 312 2331
f 2330 2331 522
f 1709 2331 2330
f 521 2329 2327
f 2329 519 2324
f 2327 2324 311
f 2329 2324 2327
f 311 2492 1710
f 2492 574 2493
f 1710 2493 313
f 2492 2493 1710
f 519 2497 2324
f 2497 574 2492
f 2324 2492 311
f 2497 2492 2324
f 329 1737 1731
f 1737 331 1736
f 1731 1736 328
f 1737 1736 1731
f 330 1738 1735
f 1738 331 1737
f 1735 1737 329
f 1738 1737 1735
f 329 1746 1735
f 1746 333 1747
f 1735 1747 330
f 1746 1747 1735
f 475 2216 2212
f 2216 481 2218
f 2212 2218 480
f 2216 2218 2212
f 475 2196 2195
f 2196 329 1731
f 2195 1731 328
f 2196 1731 2195
f 474 3501 2966
f 3501 886 3502
f 2966 3502 734
f 3501 3502 2966
f 734 2965 2966
f 2965 333 2193
f 2966 2193 474
f 2965 2193 2966
f 474 2194 3501
f 2194 472 3500
f 3501 3500 886
f 2194 3500 3501
f 480 2209 2211
f 2209 472 2194
f 2211 2194 474
f 2209 2194 2211
f 474 2197 2211
f 2197 475 2212
f 2211 2212 480
f 2197 2212 2211
f 333 1746 2193
f 1746 329 2192
f 2193 2192 474
f 1746 2192 2193
f 329 2196 2192
f 2196 475 2197
f 2192 2197 474
f 2196 2197 2192
f 269 1812 1590
f 1812 352 1813
f 1590 1813 270
f 1812 1813 1590
f 266 1586 1588
f 1586 269 1590
f 1588 1590 270
f 1586 1590 1588
f 270 1589 1588
f 1589 267 1584
f 1588 1584 266
f 1589 1584 1588
f 55 1209 1214
f 1209 133 1219
f 1214 1219 134
f 1209 1219 1214
f 59 1222 1229
f 1222 135 1234
f 1229 1234 137
f 1222 1234 1229
f 51 1202 1057
f 1202 132 1203
f 1057 1203 52
f 1202 1203 1057
f 52 2618 1057
f 2618 613 2617
f 1057 2617 51
f 2618 2617 1057
f 51 2615 1056
f 2615 612 2614
f 1056 2614 50
f 2615 2614 1056
f 613 2619 2617
f 2619 612 2615
f 2617 2615 51
f 2619 2615 2617
f 127 1177 1176
f 1177 51 1056
f 1176 1056 50
f 1177 1056 1176
f 132 1202 1206
f 1202 51 1177
f 1206 1177 127
f 1202 1177 1206
f 127 1179 1178
f 1179 106 1109
f 1178 1109 105
f 1179 1109 1178
f 105 1205 1178
f 1205 132 1206
f 1178 1206 127
f 1205 1206 1178
f 98 1098 2729
f 1098 99 2730
f 2729 2730 645
f 1098 2730 2729
f 178 1395 1394
f 1395 99 1098
f 1394 1098 98
f 1395 1098 1394
f 177 1398 1390
f 1398 178 1394
f 1390 1394 98
f 1398 1394 1390
f 645 2731 2729
f 2731 644 2727
f 2729 2727 98
f 2731 2727 2729
f 121 1144 1143
f 1144 35 1040
f 1143 1040 34
f 1144 1040 1143
f 34 1040 2574
f 1040 35 2575
f 2574 2575 599
f 1040 2575 2574
f 113 1124 1122
f 1124 114 1123
f 1122 1123 100
f 1124 1123 1122
f 100 1125 1122
f 1125 115 1127
f 1122 1127 113
f 1125 1127 1122
f 113 1150 1154
f 1150 122 1157
f 1154 1157 123
f 1150 1157 1154
f 123 1155 1154
f 1155 114 1124
f 1154 1124 113
f 1155 1124 1154
f 113 1161 1150
f 1161 124 1163
f 1150 1163 122
f 1161 1163 1150
f 113 1127 1161
f 1127 115 1162
f 1161 1162 124
f 1127 1162 1161
f 945 3672 3667
f 3672 946 3671
f 3667 3671 944
f 3672 3671 3667
f 557 3669 3666
f 3669 946 3672
f 3666 3672 945
f 3669 3672 3666
f 945 3667 3665
f 3667 944 3663
f 3665 3663 556
f 3667 3663 3665
f 556 2420 3665
f 2420 557 3666
f 3665 3666 945
f 2420 3666 3665
f 948 3679 3674
f 3679 949 3678
f 3674 3678 554
f 3679 3678 3674
f 554 3673 3674
f 3673 947 3675
f 3674 3675 948
f 3673 3675 3674
f 975 3795 3794
f 3795 949 3679
f 3794 3679 948
f 3795 3679 3794
f 948 3675 3794
f 3675 947 3793
f 3794 3793 975
f 3675 3793 3794
f 500 2355 2561
f 2355 535 2562
f 2561 2562 593
f 2355 2562 2561
f 535 2566 2562
f 2566 595 2567
f 2562 2567 593
f 2566 2567 2562
f 593 2567 3648
f 2567 595 3650
f 3648 3650 941
f 2567 3650 3648
f 593 3648 2565
f 3648 941 3649
f 2565 3649 594
f 3648 3649 2565
f 594 2563 2565
f 2563 500 2561
f 2565 2561 593
f 2563 2561 2565
f 476 2200 2198
f 2200 475 2195
f 2198 2195 328
f 2200 2195 2198
f 328 1768 2198
f 1768 337 2199
f 2198 2199 476
f 1768 2199 2198
f 476 2199 2203
f 2199 337 2202
f 2203 2202 477
f 2199 2202 2203
f 476 2203 2220
f 2203 477 2221
f 2220 2221 482
f 2203 2221 2220
f 476 2220 2217
f 2220 482 2222
f 2217 2222 481
f 2220 2222 2217
f 481 2216 2217
f 2216 475 2200
f 2217 2200 476
f 2216 2200 2217
f 339 1815 1777
f 1815 352 1816
f 1777 1816 340
f 1815 1816 1777
f 339 1774 1815
f 1774 270 1813
f 1815 1813 352
f 1774 1813 1815
f 267 1589 1773
f 1589 270 1774
f 1773 1774 339
f 1589 1774 1773
f 340 1776 1777
f 1776 338 1775
f 1777 1775 339
f 1776 1775 1777
f 339 1775 1772
f 1775 338 1771
f 1772 1771 265
f 1775 1771 1772
f 265 1583 1772
f 1583 267 1773
f 1772 1773 339
f 1583 1773 1772
f 134 1216 1215
f 1216 57 1062
f 1215 1062 56
f 1216 1062 1215
f 56 1061 1215
f 1061 55 1214
f 1215 1214 134
f 1061 1214 1215
f 53 1207 1059
f 1207 133 1208
f 1059 1208 54
f 1207 1208 1059
f 133 1209 1208
f 1209 55 1060
f 1208 1060 54
f 1209 1060 1208
f 54 2622 1059
f 2622 614 2621
f 1059 2621 53
f 2622 2621 1059
f 962 3729 3727
f 3729 614 2622
f 3727 2622 54
f 3729 2622 3727
f 58 1063 1221
f 1063 57 1220
f 1221 1220 135
f 1063 1220 1221
f 135 1222 1221
f 1222 59 1064
f 1221 1064 58
f 1222 1064 1221
f 60 1065 1230
f 1065 59 1229
f 1230 1229 137
f 1065 1229 1230
f 617 2631 2632
f 2631 59 1065
f 2632 1065 60
f 2631 1065 2632
f 61 2633 1066
f 2633 617 2632
f 1066 2632 60
f 2633 2632 1066
f 60 1230 1225
f 1230 137 1235
f 1225 1235 136
f 1230 1235 1225
f 136 1226 1225
f 1226 61 1066
f 1225 1066 60
f 1226 1066 1225
f 50 1055 1181
f 1055 49 1180
f 1181 1180 128
f 1055 1180 1181
f 128 1184 1181
f 1184 127 1176
f 1181 1176 50
f 1184 1176 1181
f 49 1187 1180
f 1187 129 1191
f 1180 1191 128
f 1187 1191 1180
f 128 1191 1183
f 1191 129 1188
f 1183 1188 107
f 1191 1188 1183
f 107 1111 1183
f 1111 106 1182
f 1183 1182 128
f 1111 1182 1183
f 106 1179 1182
f 1179 127 1184
f 1182 1184 128
f 1179 1184 1182
f 644 2725 2726
f 2725 96 1095
f 2726 1095 97
f 2725 1095 2726
f 97 1096 2726
f 1096 98 2727
f 2726 2727 644
f 1096 2727 2726
f 97 1095 1389
f 1095 96 1388
f 1389 1388 177
f 1095 1388 1389
f 177 1390 1389
f 1390 98 1096
f 1389 1096 97
f 1390 1096 1389
f 32 1141 1038
f 1141 121 1142
f 1038 1142 33
f 1141 1142 1038
f 121 1143 1142
f 1143 34 1039
f 1142 1039 33
f 1143 1039 1142
f 33 2573 1038
f 2573 599 2572
f 1038 2572 32
f 2573 2572 1038
f 33 1039 2573
f 1039 34 2574
f 2573 2574 599
f 1039 2574 2573
f 615 2626 3736
f 2626 56 3734
f 3736 3734 963
f 2626 3734 3736
f 55 1061 2625
f 1061 56 2626
f 2625 2626 615
f 1061 2626 2625
f 615 3736 3730
f 3736 963 3740
f 3730 3740 962
f 3736 3740 3730
f 962 3727 3730
f 3727 54 2624
f 3730 2624 615
f 3727 2624 3730
f 615 2624 2625
f 2624 54 1060
f 2625 1060 55
f 2624 1060 2625
f 618 2637 3737
f 2637 58 3735
f 3737 3735 963
f 2637 3735 3737
f 57 1063 2636
f 1063 58 2637
f 2636 2637 618
f 1063 2637 2636
f 963 3734 3737
f 3734 56 2635
f 3737 2635 618
f 3734 2635 3737
f 618 2635 2636
f 2635 56 1062
f 2636 1062 57
f 2635 1062 2636
f 922 3739 3591
f 3739 963 3738
f 3591 3738 619
f 3739 3738 3591
f 963 3735 3738
f 3735 58 2638
f 3738 2638 619
f 3735 2638 3738
f 921 3592 3588
f 3592 922 3591
f 3588 3591 619
f 3592 3591 3588
f 619 2638 2639
f 2638 58 1064
f 2639 1064 59
f 2638 1064 2639
f 619 2640 3588
f 2640 589 3587
f 3588 3587 921
f 2640 3587 3588
f 619 2641 2640
f 2641 617 2634
f 2640 2634 589
f 2641 2634 2640
f 619 2639 2641
f 2639 59 2631
f 2641 2631 617
f 2639 2631 2641

