# https://github.com/mikedh/trimesh
v -0.06665578 0.02365653 -0.00890506
v -0.06766195 0.02219408 -0.00889192
v -0.06999436 0.01806247 -0.00873439
v -0.07148511 0.01457487 -0.00861440
v -0.03549735 0.04068254 -0.00987573
v -0.03771890 0.04042461 -0.00967287
v -0.04168452 0.03973461 -0.00953571
v -0.04267795 0.03951158 -0.00953597
v -0.04761093 0.03798868 -0.00925467
v -0.05034308 0.03688809 -0.00927054
v -0.05255210 0.03579820 -0.00913449
v -0.05553823 0.03407591 -0.00906821
v -0.05708154 0.03306622 -0.00911034
v -0.06086305 0.03007856 -0.00902270
v -0.06309686 0.02794281 -0.00903120
v -0.06459785 0.02629367 -0.00901267
v -0.07377389 0.00417929 -0.00838932
v -0.07370820 0.00481397 -0.00842827
v -0.07343910 0.00656342 -0.00836191
v -0.07289426 0.00946232 -0.00838735
v -0.07391768 0.00080507 -0.00802932
v -0.07390230 0.00006906 -0.00794661
v -0.06962681 -0.01858520 -0.00873336
v -0.06458760 -0.02604167 -0.00880766
v -0.07379536 -0.00337956 -0.00823514
v -0.07291553 -0.00923113 -0.00843871
v -0.07168401 -0.01367954 -0.00842028
v -0.07226654 -0.01192557 -0.00853431
v 0.00842892 0.03844185 0.00988233
v -0.00771333 0.03483300 0.01610089
v -0.01145001 0.03399178 0.01708926
v -0.01461595 0.03276527 0.01838517
v -0.01157164 0.03368900 0.01745779
v -0.02552815 0.01928338 0.02973321
v -0.02605123 0.01562394 0.03155029
v -0.02389771 0.02514568 0.02543905
v -0.02486548 0.02257964 0.02750598
v -0.02495853 0.02216731 0.02781421
v -0.02332739 0.02621052 0.02451597
v -0.02636769 0.01250590 0.03257911
v -0.02651014 0.01050090 0.03300310
v -0.02661796 0.00752362 0.03331155
v -0.02666577 0.00323442 0.03347129
v -0.02668352 0.00010001 0.03349843
v -0.02666581 -0.00303712 0.03347128
v -0.02661809 -0.00732628 0.03331155
v -0.02651419 -0.01021189 0.03301695
v -0.02607579 -0.01522720 0.03162901
v -0.02640590 -0.01175440 0.03271295
v -0.02417345 -0.02406144 0.02617616
v -0.02405817 -0.02456009 0.02576709
v -0.02507792 -0.02114448 0.02840400
v -0.02545897 -0.01925964 0.02961927
v -0.02570269 -0.01806685 0.03030800
v -0.01467038 -0.03255228 0.01840056
v -0.01148081 -0.03360778 0.01732242
v -0.00996681 -0.03421244 0.01661565
v -0.00598248 -0.03492898 0.01567156
v 0.00842928 -0.03823762 0.00990223
v -0.04566247 -0.00303782 0.03021887
v -0.04615984 0.00313754 0.03006136
v -0.04760974 -0.00304761 0.02949781
v -0.04937071 0.00327662 0.02853838
v -0.04899265 -0.00299140 0.02878201
v -0.05028024 -0.00298376 0.02792392
v -0.03608534 0.00318728 0.03237309
v -0.03608841 -0.00299180 0.03237255
v -0.07282001 0.00399920 -0.00503962
v -0.07296993 0.00011722 -0.00491704
v -0.07092229 0.00394464 0.00032132
v -0.06966858 0.00008516 0.00369614
v -0.06949690 0.00402526 0.00365718
v -0.06492822 0.00008168 0.01234677
v -0.06469418 0.00383182 0.01247824
v -0.06605526 0.00370220 0.01030304
v -0.06853827 0.00390068 0.00569997
v -0.05522100 0.00329921 0.02383440
v -0.05608483 0.00333833 0.02301539
v -0.05851184 0.00012788 0.02060026
v -0.05915369 0.00353287 0.01979573
v -0.06248543 0.00356142 0.01568710
v -0.06148329 -0.00325975 0.01700884
v -0.05850784 -0.00335992 0.02050883
v -0.05743556 -0.00319534 0.02166119
v -0.05577913 -0.00310563 0.02330888
v -0.05172364 0.00330934 0.02682088
v -0.06330979 -0.00343859 0.01454263
v -0.06482249 -0.00360132 0.01228284
v -0.06813777 -0.00363551 0.00650992
v -0.06952814 -0.00380212 0.00359300
v -0.07194252 -0.00383117 -0.00242274
v -0.07283018 -0.00399346 -0.00513089
v -0.07059652 0.01462752 -0.00549794
v -0.07260367 0.00583204 -0.00508437
v -0.07167206 0.01087307 -0.00524574
v -0.07089230 -0.01337212 -0.00525494
v -0.07059620 -0.01463049 -0.00575547
v -0.07039666 -0.01476009 -0.00527669
v -0.07193790 -0.00939406 -0.00513413
v 0.04172672 0.02730937 0.02536439
v 0.03869151 0.02798578 0.02530419
v 0.04016967 0.02824160 0.02487815
v 0.03180618 0.03401026 0.01790161
v 0.03085026 0.03327576 0.01913497
v 0.03496260 0.03123343 0.02187738
v 0.03929820 0.02960838 0.02346778
v 0.03776506 0.03025639 0.02289804
v 0.03670493 0.03157341 0.02123695
v 0.04149664 0.02478606 0.02764376
v 0.03939275 0.02068084 0.03134497
v 0.04176088 0.00450654 0.03524847
v 0.04128416 0.00893820 0.03486957
v 0.04191652 0.00009814 0.03537244
v 0.04040611 0.01335724 0.03419514
v 0.04330156 0.01228053 0.03355719
v 0.03966665 0.01604273 0.03359733
v 0.03927662 0.01845728 0.03268544
v 0.02215342 0.03719646 0.01251027
v 0.02655904 0.03588267 0.01488739
v 0.02029539 0.03778823 0.01131009
v 0.03058501 0.03360473 0.01864297
v 0.02513968 0.03564880 0.01537442
v 0.01959154 0.03730973 0.01239332
v 0.01804033 0.03814416 0.01060489
v 0.01211665 0.03886606 0.00878669
v 0.01502639 0.03857806 0.00961942
v -0.00765787 0.03733779 0.01183053
v -0.01260994 0.03690340 0.01251261
v -0.06745656 0.02184770 -0.00732052
v -0.07058187 0.01580655 -0.00708752
v -0.06270604 0.02781623 -0.00736772
v -0.05698359 0.03267356 -0.00738919
v -0.04332169 0.03899105 -0.00769151
v -0.04998914 0.03661642 -0.00742404
v -0.03527556 0.04040808 -0.00800799
v -0.04459883 0.03825229 -0.00599075
v -0.04113112 0.03916904 -0.00610920
v -0.03638207 0.03999369 -0.00635655
v -0.05658176 0.03241946 -0.00559813
v -0.05510509 0.03340233 -0.00563443
v -0.05102213 0.03567101 -0.00566550
v -0.04959096 0.03634743 -0.00572006
v -0.04608373 0.03775184 -0.00588518
v -0.06311493 0.02677791 -0.00561324
v -0.06044321 0.02940969 -0.00564459
v -0.05934594 0.03037579 -0.00572110
v -0.06886776 0.01847861 -0.00546104
v -0.06807623 0.01996407 -0.00550812
v -0.06631015 0.02276712 -0.00552968
v -0.06465803 0.02501539 -0.00565407
v -0.03559062 0.01208058 0.03170291
v -0.03487337 0.01579179 0.03073419
v -0.04517830 0.01348194 0.02923969
v -0.04457687 0.01714318 0.02818415
v -0.04337883 0.01912103 0.02761346
v -0.03386371 0.01908664 0.02935360
v -0.04237656 0.02133765 0.02655066
v -0.03272133 0.02185422 0.02771112
v -0.04062587 0.02390225 0.02497026
v -0.03160643 0.02394966 0.02612508
v -0.03732213 0.02692995 0.02249638
v -0.02941934 0.02675597 0.02377699
v -0.03506942 0.02868650 0.02104998
v -0.03275002 0.03010589 0.01993753
v -0.02675663 0.02924762 0.02157670
v -0.03118309 0.03134598 0.01877559
v -0.01661200 0.03624425 0.01352090
v -0.02243401 0.03483449 0.01531263
v -0.02002972 0.03314113 0.01768309
v -0.02665427 0.03343381 0.01681093
v -0.02358473 0.03140326 0.01950229
v -0.02783162 0.03277286 0.01752577
v -0.06565990 0.01414321 0.00729522
v -0.06345396 0.01865038 0.00761692
v -0.06540214 0.01903588 0.00317821
v -0.06430522 0.01411357 0.00981104
v -0.06282768 0.01390593 0.01238315
v -0.06126996 0.01806827 0.01191024
v -0.00561965 0.03832547 0.00936897
v -0.06989616 0.01459998 -0.00324564
v -0.06200722 0.02419550 0.00284076
v -0.05777412 0.02854889 0.00240303
v -0.05314548 0.03194876 0.00195756
v -0.04841335 0.03461293 0.00146144
v -0.04339612 0.03672271 0.00082479
v -0.03305135 0.03914737 -0.00074168
v -0.03820121 0.03823369 0.00006026
v -0.01295867 0.03796373 0.00994432
v -0.02322257 0.03604587 0.01306523
v -0.01974030 0.03687341 0.01190248
v -0.02173542 0.03813293 0.00725108
v -0.01706544 0.03746358 0.01084526
v -0.05309810 0.01343133 0.02418566
v -0.04830956 0.01422964 0.02756718
v -0.04654943 0.01950388 0.02604459
v -0.05212774 0.01667799 0.02361295
v -0.05499059 0.01364105 0.02234161
v -0.05570165 0.01715232 0.01985505
v -0.05679670 0.01353816 0.02048928
v -0.06796314 0.01446340 0.00209068
v -0.05819752 0.02329474 0.01094753
v -0.05405119 0.02761795 0.00991322
v -0.04968214 0.03069860 0.00909289
v -0.04556817 0.03309023 0.00823013
v -0.04115231 0.03515890 0.00716773
v -0.03649256 0.03678369 0.00597985
v -0.03174603 0.03792375 0.00474763
v -0.02828291 0.03569334 0.01243204
v -0.02967420 0.03658490 0.00975947
v -0.03207185 0.03422945 0.01412085
v -0.03387601 0.03522608 0.01134646
v -0.03570094 0.03248321 0.01573098
v -0.03789431 0.03351153 0.01286419
v -0.04196705 0.02868914 0.01842728
v -0.04156447 0.03150540 0.01430619
v -0.04506187 0.02940244 0.01542759
v -0.05981970 0.01375646 0.01677418
v -0.05870206 0.01757485 0.01598319
v -0.05282056 0.02236998 0.01862212
v -0.04951393 0.02199604 0.02197184
v -0.05569188 0.02279880 0.01495016
v -0.04879997 0.02669339 0.01688752
v -0.04560565 0.02620109 0.01996525
v -0.05149328 0.02717870 0.01360985
v -0.02315731 0.03898212 0.00289130
v -0.04523534 0.02176542 0.02510281
v -0.04292894 0.02470295 0.02339559
v -0.03899609 0.02775122 0.02106952
v -0.03412575 0.03107463 0.01841018
v -0.02884768 0.03391724 0.01568898
v 0.03988485 -0.02702969 0.02585318
v 0.04173680 -0.02706863 0.02540324
v 0.04049331 -0.02812725 0.02472091
v 0.03895237 -0.02790693 0.02517648
v 0.03509733 -0.03098463 0.02193664
v 0.03786203 -0.03004654 0.02290712
v 0.03082771 -0.03306391 0.01915710
v 0.03176039 -0.03382538 0.01788728
v 0.03461677 -0.03239310 0.01995124
v 0.04146892 -0.02457384 0.02766412
v 0.04220665 -0.02505632 0.02703347
v 0.03938273 -0.02048755 0.03134493
v 0.04040855 -0.01316027 0.03419513
v 0.03966873 -0.01584492 0.03359775
v 0.03927982 -0.01825894 0.03268623
v 0.04128442 -0.00873691 0.03487043
v 0.04176460 -0.00431027 0.03524788
v 0.04332175 -0.01188363 0.03360022
v 0.02199734 -0.03704275 0.01242850
v 0.02670109 -0.03563056 0.01498557
v 0.02515112 -0.03546730 0.01534915
v 0.03058262 -0.03338879 0.01867427
v 0.01958474 -0.03712276 0.01237530
v 0.02027209 -0.03760409 0.01128304
v 0.01071094 -0.03874088 0.00848598
v 0.01677283 -0.03811275 0.01025647
v 0.01387460 -0.03853787 0.00920467
v 0.01577110 -0.03828101 0.00986614
v -0.01260772 -0.03669372 0.01253757
v -0.00765890 -0.03711256 0.01188823
v -0.00559090 -0.03700415 0.01214781
v -0.07051453 -0.01572212 -0.00702348
v -0.04321098 -0.03880540 -0.00761065
v -0.03531299 -0.04019712 -0.00794971
v -0.05001861 -0.03635869 -0.00723894
v -0.05706604 -0.03237272 -0.00723866
v -0.06741999 -0.02168408 -0.00726839
v -0.06851778 -0.01892784 -0.00543210
v -0.06700285 -0.02151157 -0.00547612
v -0.06270037 -0.02701404 -0.00559089
v -0.06457685 -0.02490088 -0.00561508
v -0.06586130 -0.02320034 -0.00553056
v -0.05507620 -0.03320324 -0.00557089
v -0.05656005 -0.03223288 -0.00558514
v -0.05906234 -0.03038151 -0.00563604
v -0.06039162 -0.02924107 -0.00559523
v -0.05093666 -0.03550368 -0.00562008
v -0.04635101 -0.03743242 -0.00576770
v -0.04309009 -0.03846614 -0.00594394
v -0.03366381 -0.04006133 -0.00649343
v -0.03657195 -0.03976383 -0.00630576
v -0.04125733 -0.03893287 -0.00606232
v -0.03556678 -0.01188092 0.03170731
v -0.02002543 -0.03294004 0.01768814
v -0.02357852 -0.03120218 0.01950691
v -0.02243570 -0.03463704 0.01531292
v -0.01661498 -0.03605859 0.01350088
v -0.03275046 -0.02990822 0.01993785
v -0.03118341 -0.03114834 0.01877594
v -0.02674794 -0.02904655 0.02158117
v -0.02783221 -0.03257528 0.01752612
v -0.02665489 -0.03323622 0.01681135
v -0.02940633 -0.02655381 0.02378274
v -0.03507014 -0.02848849 0.02105054
v -0.03158693 -0.02374253 0.02613508
v -0.03732244 -0.02673214 0.02249671
v -0.03269769 -0.02164847 0.02771936
v -0.04062601 -0.02370430 0.02497063
v -0.04237667 -0.02113949 0.02655111
v -0.03384549 -0.01888655 0.02935720
v -0.04337862 -0.01892311 0.02761375
v -0.03484910 -0.01558660 0.03074058
v -0.04457668 -0.01694526 0.02818445
v -0.04519729 -0.01350146 0.02917380
v -0.04560634 -0.02600329 0.01996525
v -0.04951449 -0.02179817 0.02197182
v -0.05282109 -0.02217202 0.01862215
v -0.05503994 -0.01344873 0.02229073
v -0.05730616 -0.01337053 0.01990985
v -0.05568845 -0.01695852 0.01986705
v -0.00705462 -0.03805615 0.00951623
v -0.01296264 -0.03776319 0.00995513
v -0.03306113 -0.03894339 -0.00071664
v -0.03819944 -0.03803551 0.00006438
v -0.04339751 -0.03652239 0.00083246
v -0.04841535 -0.03441490 0.00146048
v -0.05314683 -0.03174971 0.00195942
v -0.05776934 -0.02835254 0.00240918
v -0.06200989 -0.02399204 0.00284577
v -0.06540041 -0.01885194 0.00316464
v -0.06858206 -0.01434720 0.00047890
v -0.06346356 -0.01841628 0.00763833
v -0.06634542 -0.01398441 0.00590132
v -0.04654909 -0.01930695 0.02604454
v -0.04824704 -0.01384068 0.02767336
v -0.05002187 -0.01381052 0.02646419
v -0.01706638 -0.03726653 0.01084521
v -0.01974125 -0.03667628 0.01190248
v -0.02174012 -0.03793457 0.00725466
v -0.02322349 -0.03584863 0.01306525
v -0.05214155 -0.01645691 0.02361446
v -0.05367706 -0.01327038 0.02365368
v -0.02967514 -0.03638752 0.00975950
v -0.02828381 -0.03549598 0.01243205
v -0.03387691 -0.03502859 0.01134645
v -0.03207274 -0.03403200 0.01412087
v -0.03789517 -0.03331394 0.01286421
v -0.03570177 -0.03228565 0.01573101
v -0.04156527 -0.03130772 0.01430620
v -0.04196777 -0.02849145 0.01842729
v -0.04506260 -0.02920468 0.01542759
v -0.04880063 -0.02649553 0.01688753
v -0.05149397 -0.02698077 0.01360985
v -0.04968292 -0.03050072 0.00909288
v -0.06056477 -0.01359965 0.01575972
v -0.05868931 -0.01736574 0.01600863
v -0.05569246 -0.02260076 0.01495018
v -0.05819811 -0.02309664 0.01094755
v -0.05405187 -0.02741996 0.00991322
v -0.03174702 -0.03772631 0.00474762
v -0.03649350 -0.03658614 0.00597985
v -0.04115323 -0.03496122 0.00716774
v -0.04556904 -0.03289244 0.00823012
v -0.06128781 -0.01783536 0.01191370
v -0.06370021 -0.01380116 0.01091525
v -0.02316462 -0.03878275 0.00289983
v -0.02884854 -0.03371991 0.01568894
v -0.03412654 -0.03087717 0.01841014
v -0.03899679 -0.02755362 0.02106949
v -0.04292951 -0.02450522 0.02339564
v -0.04523586 -0.02156769 0.02510279
v -0.04860314 0.01232063 0.02795954
v -0.04586789 0.00890663 0.02983021
v -0.04927519 0.00843988 0.02826154
v -0.04619580 0.00404788 0.03002345
v -0.04582418 -0.00816296 0.02990286
v -0.04934932 -0.00759867 0.02828696
v -0.04965113 -0.00477611 0.02829570
v -0.04544170 -0.01211766 0.02941789
v -0.04905518 -0.00968411 0.02819220
v -0.03602040 0.00708508 0.03223178
v -0.03602550 -0.00688784 0.03223092
v -0.05574800 -0.00793918 0.02296179
v -0.06966443 -0.00889365 0.00153711
v -0.06905075 -0.00885882 0.00300514
v -0.06118873 -0.00829274 0.01670474
v -0.06541919 -0.00856723 0.01029381
v -0.06542229 0.00876148 0.01028942
v -0.06904560 0.00904124 0.00302328
v -0.06966428 0.00913079 0.00151644
v -0.06118915 0.00847690 0.01670714
v -0.05576036 0.00815494 0.02294678
v -0.07190038 0.01355432 -0.00895590
v -0.07301201 0.00957093 -0.00897415
v -0.07328635 0.00786946 -0.00865748
v -0.07401799 0.00169291 -0.00851191
v -0.07406501 0.00009948 -0.00851609
v -0.07403278 -0.00088561 -0.00845678
v -0.07380116 -0.00438283 -0.00862665
v -0.07157183 -0.01440179 -0.00891610
v -0.07333893 -0.00743767 -0.00862661
v -0.05346297 -0.03520518 -0.00930425
v -0.07109720 -0.01559718 -0.00891769
v -0.06354249 -0.02738305 -0.00920521
v -0.06868494 -0.02048510 -0.00908543
v -0.06735323 -0.02257459 -0.00907823
v -0.06595317 -0.02454063 -0.00917165
v -0.06206281 -0.02886676 -0.00916126
v -0.06020399 -0.03056570 -0.00925957
v -0.05707982 -0.03295864 -0.00926748
v -0.05567315 -0.03388294 -0.00922999
v -0.04964705 -0.03706329 -0.00936889
v -0.04847454 -0.03753624 -0.00935240
v -0.04560851 -0.03857700 -0.00957274
v -0.04153579 -0.03965126 -0.00971487
v -0.03800960 -0.04026836 -0.00985523
v -0.03426784 -0.04063736 -0.01002470
v -0.07734136 -0.00316577 -0.02686661
v -0.07725275 -0.00403093 -0.02685484
v -0.07596083 -0.00399706 -0.01763126
v -0.07519893 -0.01312546 -0.02690398
v -0.07396656 -0.01637976 -0.02708515
v -0.07295947 -0.01600811 -0.01788867
v -0.03829375 -0.04167957 -0.02764854
v -0.04072581 -0.04144510 -0.02771860
v -0.04108602 -0.04088399 -0.01883772
v -0.04309481 -0.04108119 -0.02758281
v -0.04905132 -0.03880208 -0.01853396
v -0.04802201 -0.03987771 -0.02744980
v -0.05610995 -0.03632712 -0.02733360
v -0.05428834 -0.03730991 -0.02729127
v -0.05664019 -0.03507934 -0.01832800
v -0.05286005 -0.03801254 -0.02739950
v -0.04932910 -0.03945117 -0.02752085
v -0.05860879 -0.03478231 -0.02733441
v -0.05826192 -0.03501159 -0.02734454
v -0.06333211 -0.02993560 -0.01817946
v -0.06390363 -0.03065023 -0.02740099
v -0.06262288 -0.03177846 -0.02743128
v -0.06134648 -0.03279914 -0.02725686
v -0.06066177 -0.03332034 -0.02722334
v -0.06030719 -0.03358679 -0.02725361
v -0.05997201 -0.03383265 -0.02727357
v -0.05961370 -0.03409020 -0.02729530
v -0.05897700 -0.03453327 -0.02731879
v -0.05788982 -0.03525226 -0.02735407
v -0.05718991 -0.03568954 -0.02735553
v -0.06886872 -0.02349567 -0.01803661
v -0.06849064 -0.02567814 -0.02717201
v -0.06520391 -0.02938130 -0.02715808
v -0.07312908 -0.01821393 -0.02710967
v -0.07152030 -0.02121802 -0.02712873
v -0.06975323 -0.02398255 -0.02722801
v -0.07691172 -0.00641673 -0.02685017
v -0.07639222 -0.00895539 -0.02684928
v -0.07530339 -0.00822699 -0.01771334
v -0.07616633 0.00037976 -0.01752996
v -0.07660395 0.00026830 -0.01996849
v -0.07748485 -0.00077355 -0.02693623
v -0.07749573 0.00011368 -0.02694224
v -0.07521096 0.00020858 -0.01304214
v -0.03433471 -0.04139049 -0.01749417
v -0.03985888 0.04013458 -0.01013853
v -0.04522565 0.03883102 -0.00976605
v -0.05816169 0.03233151 -0.00946196
v -0.05988179 0.03097613 -0.00942285
v -0.06603050 0.02460890 -0.00937299
v -0.06924147 0.01966601 -0.00916935
v -0.07051654 0.01711494 -0.00903961
v -0.07107641 0.01583503 -0.00904382
v -0.07311400 0.01834570 -0.02709512
v -0.07383321 0.01682236 -0.02723555
v -0.07283935 0.01640045 -0.01789829
v -0.07706608 0.00558860 -0.02689217
v -0.07726498 0.00410683 -0.02693596
v -0.07748190 0.00151534 -0.02711580
v -0.07740356 0.00281359 -0.02710290
v -0.07435189 0.01559740 -0.02725501
v -0.07532342 0.01288755 -0.02699123
v -0.07527705 0.00845531 -0.01770122
v -0.07597452 0.01074196 -0.02697503
v -0.07649588 0.00871286 -0.02707655
v -0.07211494 0.02028477 -0.02716558
v -0.06872232 0.02381145 -0.01804739
v -0.07065399 0.02272583 -0.02710930
v -0.06317205 0.03019337 -0.01820616
v -0.06749567 0.02699514 -0.02711345
v -0.06950790 0.02443683 -0.02726999
v -0.05591648 0.03655015 -0.02745866
v -0.05710033 0.03585648 -0.02747984
v -0.05651167 0.03526692 -0.01836071
v -0.06040795 0.03361403 -0.02723748
v -0.06434821 0.03032923 -0.02728119
v -0.05293414 0.03808015 -0.02737400
v -0.04895092 0.03894613 -0.01856855
v -0.04922077 0.03959319 -0.02753606
v -0.03886149 0.04174160 -0.02770081
v -0.04069650 0.04155093 -0.02769009
v -0.04103024 0.04099894 -0.01886729
v -0.04306340 0.04119223 -0.02762529
v -0.04788394 0.04002814 -0.02751839
v 0.10049252 -0.04582587 -0.01924108
v 0.10046827 -0.04721545 -0.02438951
v 0.10679950 -0.04636892 -0.02435989
v 0.10048114 -0.04459126 -0.01590746
v 0.10109049 -0.04514520 -0.01745499
v 0.10935381 -0.04342122 -0.01605005
v 0.10047771 -0.04568940 -0.01881240
v 0.11354343 -0.04508115 -0.02440727
v 0.11637336 -0.04175593 -0.01565987
v 0.11725984 -0.04420969 -0.02466456
v 0.11978576 -0.04347303 -0.02465653
v 0.12130954 -0.04112724 -0.01748669
v 0.12179757 -0.04282855 -0.02471220
v 0.12281940 -0.04007283 -0.01608224
v 0.12548118 -0.04147675 -0.02483316
v 0.13069784 -0.03912165 -0.02509107
v 0.12796980 -0.03834437 -0.01667312
v 0.13525955 -0.03649196 -0.02539235
v 0.13302891 -0.03562266 -0.01626302
v 0.13637684 -0.03439788 -0.01855125
v 0.13727180 -0.03511465 -0.02555228
v 0.13788040 -0.03264351 -0.01667525
v 0.13978063 -0.03314834 -0.02570617
v 0.14360353 -0.02950585 -0.02601860
v 0.14154361 -0.03004072 -0.01771542
v 0.14687285 -0.02546001 -0.02633009
v 0.14508761 -0.02603936 -0.01722890
v 0.14753520 -0.02364853 -0.01972275
v 0.14790037 -0.02392515 -0.02645031
v 0.14847093 -0.02132889 -0.01757093
v 0.15350090 -0.00919100 -0.02052797
v 0.15244150 -0.01212737 -0.01803812
v 0.15074114 -0.01739299 -0.01861325
v 0.15178234 -0.01589945 -0.02678593
v 0.14974189 -0.02068726 -0.02658912
v 0.15360219 -0.00663364 -0.01825535
v 0.15409767 -0.00530595 -0.02703149
v 0.15426570 -0.00199090 -0.01986760
v 0.15436455 0.00004529 -0.02711618
v 0.15425842 0.00032491 -0.01944623
v 0.10048669 -0.04752943 -0.02600627
v 0.10730246 -0.04661563 -0.02602930
v 0.11435467 -0.04523503 -0.02620550
v 0.12083337 -0.04345122 -0.02641709
v 0.12643706 -0.04134363 -0.02637717
v 0.12739906 -0.04090463 -0.02626844
v 0.13921125 -0.03380196 -0.02708155
v 0.13737153 -0.03523301 -0.02698117
v 0.13504790 -0.03684194 -0.02687020
v 0.13075585 -0.03935379 -0.02678448
v 0.14256673 -0.03073383 -0.02721253
v 0.14591711 -0.02687574 -0.02747981
v 0.14791004 -0.02401346 -0.02774963
v 0.15147295 -0.01682869 -0.02798976
v 0.15123835 -0.01743542 -0.02794856
v 0.15099909 -0.01802675 -0.02791682
v 0.15074494 -0.01862641 -0.02787324
v 0.15047629 -0.01923121 -0.02781576
v 0.15020705 -0.01981567 -0.02781419
v 0.14900340 -0.02216427 -0.02777309
v 0.15326538 -0.01071959 -0.02807800
v 0.15312702 -0.01133896 -0.02806955
v 0.15266232 -0.01317413 -0.02807360
v 0.15282717 -0.01256013 -0.02807412
v 0.15298324 -0.01194331 -0.02807418
v 0.15248781 -0.01378805 -0.02806934
v 0.15230538 -0.01439539 -0.02805663
v 0.15211929 -0.01498164 -0.02800489
v 0.15191434 -0.01559549 -0.02795872
v 0.15169435 -0.01622530 -0.02797406
v 0.15434860 -0.00120569 -0.02822574
v 0.15404332 -0.00591106 -0.02816667
v 0.15360870 -0.00896412 -0.02813021
v 0.15409597 0.00551216 -0.02816943
v 0.15381863 0.00776112 -0.02815864
v 0.15324267 0.01092428 -0.02808766
v 0.15133290 0.01729487 -0.02797777
v 0.15191888 0.01568153 -0.02795577
v 0.15239433 0.01420141 -0.02803182
v 0.15264758 0.01332696 -0.02806948
v 0.15303625 0.01182444 -0.02807718
v 0.15033041 0.01965407 -0.02785994
v 0.15099361 0.01813835 -0.02789726
v 0.14231657 0.03107744 -0.02713867
v 0.14331066 0.03006589 -0.02733650
v 0.14583207 0.02707419 -0.02734787
v 0.14881262 0.02260290 -0.02776852
v 0.13988233 0.03331281 -0.02690888
v 0.13572854 0.03646121 -0.02669263
v 0.13120905 0.03915767 -0.02642708
v 0.12747535 0.04100328 -0.02646597
v 0.12519882 0.04195864 -0.02639377
v 0.11932098 0.04394757 -0.02595642
v 0.12194311 0.04318085 -0.02643676
v 0.10549899 0.04695640 -0.02581868
v 0.10654977 0.04675332 -0.02561523
v 0.10856897 0.04641731 -0.02561896
v 0.11004949 0.04620096 -0.02588693
v 0.11689761 0.04466399 -0.02606625
v 0.10159111 0.04751611 -0.02606425
v 0.10042207 0.04764067 -0.02602917
v 0.11258185 0.04539545 -0.02440744
v 0.10050562 0.04738276 -0.02471574
v 0.10056870 0.04720220 -0.02392925
v 0.10022467 0.04532598 -0.01741606
v 0.10034662 0.04556082 -0.01810278
v 0.10048362 0.04587063 -0.01906632
v 0.10045079 0.04530963 -0.01743443
v 0.10026254 0.04484453 -0.01619374
v 0.10464780 0.04429484 -0.01615589
v 0.11142997 0.04314298 -0.01606793
v 0.11325192 0.04322148 -0.01718822
v 0.12166472 0.04296602 -0.02467656
v 0.11792470 0.04147382 -0.01570420
v 0.12389314 0.03973659 -0.01596096
v 0.12626597 0.04125745 -0.02486055
v 0.12909971 0.03832899 -0.01774524
v 0.12975441 0.03969791 -0.02506293
v 0.13367528 0.03540478 -0.01638744
v 0.13722646 0.03525249 -0.02558160
v 0.13672174 0.03427917 -0.01862573
v 0.13840084 0.03237557 -0.01673723
v 0.14206024 0.02976869 -0.01803760
v 0.14309817 0.03014074 -0.02596140
v 0.14553532 0.02556653 -0.01721690
v 0.14779924 0.02418065 -0.02641567
v 0.14779859 0.02336406 -0.01979801
v 0.14993321 0.02040688 -0.02662910
v 0.14886045 0.02082813 -0.01771298
v 0.15146231 0.01631041 -0.02019446
v 0.15148896 0.01680928 -0.02678371
v 0.15263667 0.01143810 -0.01800286
v 0.15354369 0.00932622 -0.02703861
v 0.15359206 0.00881409 -0.02057267
v 0.15371645 0.00585935 -0.01827350
v 0.15435507 0.00106555 -0.02709893
v 0.11261286 -0.04280101 -0.01604332
v 0.11247847 -0.04146784 -0.01373813
v 0.11629450 -0.03978197 -0.01281886
v 0.12078944 -0.03901538 -0.01332745
v 0.12800983 -0.03611773 -0.01314618
v 0.12437274 -0.03682904 -0.01234992
v 0.12220048 -0.03732630 -0.01205593
v 0.13506794 -0.03247495 -0.01344235
v 0.13189079 -0.03269638 -0.01180090
v 0.12717684 -0.03457017 -0.01135252
v 0.14088291 -0.02800037 -0.01366360
v 0.13596593 -0.02980843 -0.01164048
v 0.13379074 -0.03054603 -0.01106448
v 0.14580012 -0.02253032 -0.01401867
v 0.14212889 -0.02437435 -0.01186216
v 0.13856551 -0.02699191 -0.01117944
v 0.14976446 -0.01585504 -0.01462253
v 0.14717129 -0.01739697 -0.01229370
v 0.14443169 -0.02055367 -0.01145105
v 0.15187572 -0.00889857 -0.01473832
v 0.14926716 -0.01241027 -0.01243130
v 0.14741047 -0.01490791 -0.01149463
v 0.15292608 0.00030888 -0.01514672
v 0.15035900 0.00014614 -0.01171871
v 0.15267865 -0.00152494 -0.01473213
v 0.15105032 -0.00392302 -0.01263493
v 0.14967134 -0.00798652 -0.01173382
v 0.15327275 -0.00914791 -0.01857589
v 0.15415043 -0.00147628 -0.01883526
v 0.15122982 -0.01621635 -0.01858262
v 0.14721080 -0.02344965 -0.01772993
v 0.14234334 -0.02923332 -0.01758375
v 0.13603035 -0.03393095 -0.01659086
v 0.12896700 -0.03787543 -0.01660983
v 0.12108358 -0.04044871 -0.01567242
v 0.13356427 -0.02537916 -0.00824716
v 0.14638118 0.00008670 -0.00855865
v 0.14579653 -0.00347894 -0.00827520
v 0.14544492 -0.00769680 -0.00845520
v 0.14371633 -0.01159385 -0.00809190
v 0.14318120 -0.01387317 -0.00832083
v 0.14194319 -0.01575021 -0.00816269
v 0.13941156 -0.01942360 -0.00811937
v 0.13666806 -0.02261060 -0.00818216
v 0.09217527 0.04832903 -0.02595472
v 0.04595452 0.04888142 -0.02612160
v 0.06567782 0.04895036 -0.02604193
v 0.08067655 0.04882513 -0.02595458
v 0.08459329 0.04874774 -0.02617239
v 0.04599564 -0.04877438 -0.02608068
v 0.06318031 -0.04884440 -0.02608205
v 0.08423566 -0.04864738 -0.02609869
v 0.08769127 -0.04850622 -0.02609617
v 0.09930646 -0.04766338 -0.02607711
v 0.14790611 -0.02397240 -0.02711918
v 0.15435559 -0.00090681 -0.02764045
v 0.15148974 -0.01674161 -0.02731968
v 0.14302169 -0.03019441 -0.02659946
v 0.13735536 -0.03516274 -0.02633977
v 0.12960865 -0.03977634 -0.02571093
v 0.11247379 -0.04550330 -0.02532420
v 0.12189688 -0.04299581 -0.02581935
v 0.09621450 -0.04523541 -0.01642926
v 0.08567343 -0.04602112 -0.01674526
v 0.08926391 -0.04813493 -0.02454033
v 0.08972218 -0.04712827 -0.02061182
v 0.07742459 -0.04757262 -0.02066755
v 0.07652920 -0.04855049 -0.02463361
v 0.07172045 -0.04656053 -0.01726438
v 0.05371341 -0.04762594 -0.02073859
v 0.05476713 -0.04853006 -0.02459631
v 0.14964246 0.00799150 -0.01168950
v 0.14952672 0.00898379 -0.01176383
v 0.14555146 0.00507992 -0.00822563
v 0.15096565 0.00494793 -0.01263827
v 0.14135836 0.01696088 -0.00819933
v 0.14339817 0.01342857 -0.00830604
v 0.14791501 0.01420304 -0.01166374
v 0.14359712 0.01200727 -0.00809141
v 0.14984115 0.01020451 -0.01237222
v 0.14461897 0.00949290 -0.00820344
v 0.14543578 0.00780253 -0.00845044
v 0.14642790 0.01879565 -0.01221524
v 0.14401862 0.02088305 -0.01125571
v 0.13863244 0.02044539 -0.00810978
v 0.14323099 0.02306606 -0.01183813
v 0.13721110 0.02209780 -0.00815081
v 0.13942819 0.02611621 -0.01108293
v 0.13569120 0.02367342 -0.00821033
v 0.13649057 0.02954572 -0.01166672
v 0.13408777 0.03045185 -0.01106842
v 0.13195270 0.03280572 -0.01183994
v 0.12720029 0.03471874 -0.01140029
v 0.12473811 0.03673028 -0.01229164
v 0.12223999 0.03735156 -0.01199729
v 0.11637729 0.03982483 -0.01277745
v 0.12161159 0.04068177 -0.01630971
v 0.12928465 0.03774103 -0.01641936
v 0.15206318 0.00851656 -0.01490926
v 0.14983649 0.01567602 -0.01456398
v 0.14619224 0.02231061 -0.01424970
v 0.14119211 0.02797673 -0.01384844
v 0.13539326 0.03239967 -0.01349485
v 0.12835583 0.03607413 -0.01316718
v 0.12116622 0.03899413 -0.01332904
v 0.11293708 0.04146168 -0.01372825
v 0.11305616 0.04251546 -0.01545265
v 0.10107910 0.04463076 -0.01591382
v 0.13638946 0.03382621 -0.01668157
v 0.14262356 0.02905779 -0.01759929
v 0.14748729 0.02318042 -0.01782962
v 0.15127938 0.01606964 -0.01837922
v 0.15337647 0.00878421 -0.01866096
v 0.05307898 0.04724438 -0.01906335
v 0.05869777 0.04677096 -0.01752519
v 0.08551115 0.04617349 -0.01687229
v 0.09032462 0.04579262 -0.01652160
v 0.08952368 0.04726192 -0.02068534
v 0.07692513 0.04651919 -0.01709160
v 0.07729572 0.04770073 -0.02075467
v 0.07354557 0.04867158 -0.02459612
v 0.05476993 0.04863616 -0.02461852
v 0.05373930 0.04776796 -0.02089125
v 0.08636420 0.04838237 -0.02458357
v 0.09660891 0.04770791 -0.02446603
v 0.06372741 -0.04652972 -0.01712171
v 0.14456450 0.00003883 -0.00748751
v 0.14467639 -0.00153735 -0.00755859
v 0.14337876 -0.00404446 -0.00708479
v 0.14180994 -0.01330304 -0.00747741
v 0.14378648 -0.00754475 -0.00749190
v 0.13669925 -0.02150969 -0.00775300
v 0.14035480 -0.01692607 -0.00773252
v 0.14155071 -0.01137839 -0.00706743
v 0.04573908 0.04860882 -0.02472446
v 0.14336055 0.00414615 -0.00707620
v 0.14191752 0.01348569 -0.00754575
v 0.14010378 0.01695502 -0.00759812
v 0.14371716 0.00755169 -0.00744866
v 0.14480017 0.00140030 -0.00762072
v 0.04463624 0.04750700 -0.02030832
v 0.04560566 0.04840114 -0.02377503
v 0.04465285 -0.04872800 -0.02626230
v 0.06312194 -0.04867830 -0.02517685
v 0.08420501 -0.04846617 -0.02511347
v 0.09257470 -0.04807817 -0.02526998
v 0.04574844 -0.04848390 -0.02460872
v 0.04467210 -0.04736272 -0.02014626
v 0.04483096 -0.04751383 -0.02068519
v 0.04479064 -0.04759812 -0.02100747
v -0.03784641 -0.03276650 -0.04672309
v -0.04009342 -0.03262746 -0.04669541
v -0.04972504 -0.02970690 -0.04673600
v -0.05310832 -0.02779749 -0.04674250
v -0.05479905 -0.02664359 -0.04674717
v -0.05600320 -0.02571198 -0.04675676
v -0.06266934 -0.01855951 -0.04678187
v -0.06348885 -0.01728870 -0.04678467
v -0.05896746 -0.02304113 -0.04677343
v -0.06160506 -0.01998331 -0.04678884
v -0.04415579 -0.03184462 -0.04670101
v -0.04797681 -0.03052267 -0.04672297
v -0.06754066 -0.00876624 -0.04669899
v -0.06823545 -0.00592755 -0.04671095
v -0.06862869 -0.00369051 -0.04670831
v -0.06821162 0.00605387 -0.04671726
v -0.06785737 0.00775129 -0.04669907
v -0.06640549 0.01152730 -0.04677674
v -0.06601973 0.01307940 -0.04669578
v -0.05874436 0.02334729 -0.04677668
v -0.05482732 0.02667416 -0.04676125
v -0.05245003 0.02837322 -0.04672231
v -0.04942884 0.03000284 -0.04671876
v -0.04575812 0.03147467 -0.04670540
v -0.04390322 0.03204944 -0.04668652
v -0.03787943 0.03296237 -0.04668799
v -0.06482533 -0.01512019 -0.04675321
v -0.06638924 -0.01152570 -0.04676996
v -0.06893639 0.00002399 -0.04668859
v -0.06872164 0.00309735 -0.04670553
v -0.06344853 0.01753309 -0.04677062
v -0.05955480 0.02250476 -0.04678182
v 0.04667471 0.04072301 -0.04666320
v 0.04954984 0.03667248 -0.04739871
v 0.05310371 -0.03667937 -0.04739844
v 0.05570886 -0.04070784 -0.04668203
v 0.04667442 -0.04062326 -0.04666362
v 0.05570442 0.04082177 -0.04667637
v 0.05832972 0.04085182 -0.04667827
v 0.06662971 -0.04094551 -0.04663916
v 0.06662807 0.04098500 -0.04666089
v 0.07192375 -0.04087572 -0.04666784
v 0.06885237 0.04097852 -0.04666658
v 0.14500918 -0.00617386 -0.04669264
v 0.14497847 -0.00655964 -0.04668405
v 0.13278121 -0.02824932 -0.04665307
v 0.13224071 -0.02873140 -0.04663542
v 0.13190961 -0.02892261 -0.04665304
v 0.13159614 -0.02914909 -0.04665478
v 0.14544624 0.00164045 -0.04667340
v 0.14544379 0.00085679 -0.04668109
v 0.14542765 0.00004951 -0.04668927
v 0.14544786 -0.00068952 -0.04667999
v 0.14544818 -0.00141581 -0.04667411
v 0.14478109 0.00790890 -0.04668165
v 0.14491850 0.00738834 -0.04666459
v 0.14506644 0.00687068 -0.04664061
v 0.14514599 0.00637746 -0.04663776
v 0.14514452 0.00584150 -0.04666439
v 0.14517188 0.00530869 -0.04667758
v 0.14520101 0.00476674 -0.04668797
v 0.14535738 -0.00285625 -0.04668384
v 0.14531356 -0.00361546 -0.04668104
v 0.14529382 -0.00434658 -0.04666578
v 0.14519313 -0.00506148 -0.04667597
v 0.14507876 -0.00579577 -0.04668569
v 0.14491649 -0.00729176 -0.04666527
v 0.14489832 -0.00769090 -0.04664712
v 0.14480025 -0.00839151 -0.04663553
v 0.13098750 -0.02956565 -0.04666103
v 0.13065812 -0.02981371 -0.04665539
v 0.12947411 -0.03069911 -0.04662392
v 0.09681922 -0.03989495 -0.04665879
v 0.08622773 -0.04059692 -0.04665600
v 0.07564249 -0.04086078 -0.04666321
v 0.07940742 0.04090802 -0.04665891
v 0.13046871 0.03004233 -0.04665487
v 0.13090427 0.02972442 -0.04666008
v 0.14401179 -0.01134443 -0.04666695
v 0.14388310 -0.01207941 -0.04663617
v 0.14378720 -0.01244086 -0.04663035
v 0.13753628 -0.02380220 -0.04662028
v 0.13723756 -0.02406922 -0.04663931
v 0.13670036 -0.02459621 -0.04665681
v 0.13640164 -0.02486661 -0.04666943
v 0.13397729 -0.02725679 -0.04665243
v 0.13365432 -0.02750407 -0.04666086
v 0.13308754 -0.02798660 -0.04665768
v 0.09949121 0.03974569 -0.04665532
v 0.10229985 0.03942732 -0.04665371
v 0.11883802 0.03576073 -0.04664448
v 0.12192732 0.03462876 -0.04663417
v 0.12503596 0.03331704 -0.04660783
v 0.14185442 -0.01704250 -0.04666232
v 0.14157590 -0.01774356 -0.04663735
v 0.14142730 -0.01809292 -0.04662550
v 0.10931657 -0.03824054 -0.04663428
v 0.10616094 -0.03878533 -0.04664626
v 0.09956443 -0.03964058 -0.04665530
v 0.14529852 0.00372660 -0.04668605
v 0.14536640 0.00267997 -0.04668619
v 0.14467235 -0.00875884 -0.04665535
v 0.14446243 -0.00946748 -0.04667579
v 0.14434850 -0.00985255 -0.04668455
v 0.08939232 0.04053828 -0.04665525
v 0.10709179 0.03871850 -0.04664818
v 0.11036040 0.03807923 -0.04664961
v 0.11826108 0.03597942 -0.04663626
v 0.11337076 0.03741172 -0.04663624
v 0.12644181 0.03249499 -0.04664412
v 0.12999966 0.03040290 -0.04664042
v 0.14416756 -0.01057214 -0.04668549
v 0.14407151 -0.01094972 -0.04668420
v 0.14350683 -0.01311866 -0.04665083
v 0.14331485 -0.01348348 -0.04667355
v 0.14303360 -0.01417756 -0.04668284
v 0.13861522 -0.02224963 -0.04667066
v 0.13818201 -0.02286808 -0.04665669
v 0.13798722 -0.02324193 -0.04662555
v 0.13533793 -0.02598360 -0.04665934
v 0.13480415 -0.02650797 -0.04665434
v 0.13454480 -0.02680445 -0.04663823
v 0.14444752 0.00948066 -0.04668772
v 0.14457038 0.00896718 -0.04668352
v 0.14466550 0.00843544 -0.04668775
v 0.14101960 -0.01871249 -0.04664733
v 0.14075975 -0.01904135 -0.04667002
v 0.14035231 -0.01967847 -0.04667808
v 0.12834925 -0.03136040 -0.04663360
v 0.12431760 -0.03352904 -0.04661948
v 0.12363393 -0.03388870 -0.04660339
v 0.11892127 -0.03566053 -0.04663551
v 0.11483198 -0.03696551 -0.04662217
v 0.14288084 -0.01455407 -0.04668543
v 0.14261873 -0.01524917 -0.04667885
v 0.14245277 -0.01561441 -0.04668235
v 0.14016372 -0.02004548 -0.04666555
v 0.13973499 -0.02065134 -0.04667626
v 0.13953898 -0.02100377 -0.04666348
v 0.13930581 -0.02132023 -0.04666750
v 0.13885827 -0.02191262 -0.04667345
v 0.13613000 -0.02515847 -0.04666766
v 0.13561950 -0.02568763 -0.04666462
v 0.14214701 -0.01629349 -0.04668320
v 0.14198576 -0.01665760 -0.04668024
v 0.14410933 0.01107057 -0.04666871
v 0.14420837 0.01053533 -0.04668324
v 0.14434212 0.01000924 -0.04668182
v 0.13134257 0.02942719 -0.04665579
v 0.13178090 0.02910290 -0.04665681
v 0.13263537 0.02847150 -0.04665031
v 0.13311631 0.02818840 -0.04662061
v 0.13351285 0.02785312 -0.04662310
v 0.13389925 0.02748943 -0.04663330
v 0.14368647 0.01260320 -0.04665864
v 0.14390996 0.01210968 -0.04663383
v 0.14402534 0.01161137 -0.04664508
v 0.13426985 0.02708467 -0.04665578
v 0.13466517 0.02670500 -0.04666195
v 0.13505552 0.02632463 -0.04666637
v 0.14308946 0.01413832 -0.04668131
v 0.14327314 0.01362036 -0.04668299
v 0.14346483 0.01310579 -0.04667832
v 0.13545151 0.02595755 -0.04666268
v 0.13583994 0.02556723 -0.04666383
v 0.13625098 0.02519894 -0.04665003
v 0.14248145 0.01564007 -0.04668309
v 0.14273879 0.01515006 -0.04666585
v 0.14291738 0.01465880 -0.04667213
v 0.13663175 0.02483035 -0.04664107
v 0.13696641 0.02441174 -0.04665406
v 0.13730623 0.02397442 -0.04666677
v 0.14180662 0.01712848 -0.04667975
v 0.14204852 0.01664580 -0.04667655
v 0.14226316 0.01614816 -0.04668131
v 0.13766161 0.02354962 -0.04666870
v 0.13802595 0.02313175 -0.04666304
v 0.13840583 0.02272589 -0.04664657
v 0.14111050 0.01864080 -0.04664859
v 0.14132403 0.01812677 -0.04667025
v 0.14155703 0.01762338 -0.04668011
v 0.14023673 0.02000603 -0.04666958
v 0.14054933 0.01954644 -0.04666016
v 0.14087198 0.01910541 -0.04664038
v 0.13877013 0.02233535 -0.04662751
v 0.13904319 0.02187475 -0.04664808
v 0.13933299 0.02139986 -0.04666304
v 0.13962035 0.02092313 -0.04667544
v 0.13992008 0.02046212 -0.04667734
v 0.04605486 0.04908156 -0.02738770
v 0.10051745 0.04780630 -0.02705089
v 0.09896295 0.04797025 -0.02708378
v 0.09348264 0.04844260 -0.02714759
v 0.08291342 0.04898854 -0.02728772
v 0.07163871 0.04915213 -0.02721061
v 0.10773766 0.04686087 -0.02732687
v 0.11067274 0.04630155 -0.02717058
v 0.11374819 0.04565098 -0.02723711
v 0.11937120 0.04416709 -0.02738576
v 0.12109059 0.04361201 -0.02733600
v 0.15433533 0.00182350 -0.02903114
v 0.15431888 0.00230031 -0.02901027
v 0.15429921 0.00275766 -0.02899121
v 0.15427573 0.00321458 -0.02897530
v 0.15424877 0.00366693 -0.02897620
v 0.15421753 0.00412550 -0.02898503
v 0.15418183 0.00458948 -0.02899059
v 0.15414213 0.00505185 -0.02899875
v 0.15409772 0.00551934 -0.02900501
v 0.15404894 0.00598668 -0.02900785
v 0.15398543 0.00653846 -0.02902755
v 0.15372905 0.00837690 -0.02901259
v 0.15325957 0.01088265 -0.02894715
v 0.15185370 0.01592278 -0.02887908
v 0.15050454 0.01932605 -0.02874812
v 0.14814014 0.02381158 -0.02863436
v 0.14640350 0.02640494 -0.02842387
v 0.14515737 0.02802693 -0.02831386
v 0.12855248 0.04066295 -0.02752339
v 0.12589480 0.04184968 -0.02755571
v 0.13075056 0.03958103 -0.02766753
v 0.14321904 0.03026270 -0.02830298
v 0.14134307 0.03212466 -0.02802086
v 0.13941141 0.03384869 -0.02805963
v 0.13548950 0.03676565 -0.02777657
v 0.13202843 0.03887464 -0.02760557
v 0.14846159 -0.02317959 -0.02865793
v 0.13337556 -0.03800321 -0.02767910
v 0.12525624 -0.04200670 -0.02749576
v 0.12695434 -0.04129799 -0.02754736
v 0.12861167 -0.04053549 -0.02750962
v 0.13659413 -0.03591428 -0.02788042
v 0.13815095 -0.03476643 -0.02801355
v 0.14411298 -0.02917800 -0.02834169
v 0.14140540 -0.03196746 -0.02801438
v 0.14037291 -0.03292232 -0.02807087
v 0.14721416 -0.02515360 -0.02853245
v 0.15042549 -0.01940375 -0.02874709
v 0.15186899 -0.01578198 -0.02891497
v 0.14988499 -0.02054574 -0.02875572
v 0.15319233 -0.01109252 -0.02894695
v 0.15337651 -0.01022840 -0.02899743
v 0.15369174 -0.00851036 -0.02900967
v 0.15413210 -0.00506291 -0.02900079
v 0.10768376 -0.04676222 -0.02725401
v 0.10201906 -0.04756227 -0.02720084
v 0.10039816 -0.04775303 -0.02725948
v 0.11364570 -0.04558596 -0.02729464
v 0.11934061 -0.04407587 -0.02736205
v 0.07942656 -0.04894717 -0.02707590
v 0.06865209 -0.04904645 -0.02714278
v 0.08490117 -0.04882589 -0.02730569
v 0.09039034 -0.04855179 -0.02719891
v -0.07760887 0.00016560 -0.02835908
v -0.07723860 0.00521911 -0.02834839
v -0.07623999 0.01016637 -0.02839535
v -0.07535650 0.01311127 -0.02843142
v -0.07349299 0.01776045 -0.02848710
v -0.07275189 0.01926600 -0.02846900
v -0.07117700 0.02205429 -0.02843124
v -0.07018864 0.02359110 -0.02850225
v -0.06790379 0.02663838 -0.02847890
v -0.06703188 0.02765248 -0.02839899
v -0.06472916 0.03006071 -0.02847737
v -0.06103088 0.03322830 -0.02846106
v -0.05911582 0.03461348 -0.02844381
v -0.05490916 0.03716211 -0.02855895
v -0.05218342 0.03848050 -0.02854107
v -0.05029880 0.03924862 -0.02851563
v -0.04704520 0.04032042 -0.02856951
v -0.04541493 0.04073918 -0.02851552
v -0.04241939 0.04133882 -0.02876784
v -0.04049473 0.04160621 -0.02881425
v -0.03993749 0.04166822 -0.02880987
v -0.03949249 0.04171321 -0.02882158
v -0.03905997 0.04175273 -0.02881759
v 0.04604479 -0.04898999 -0.02744761
v -0.03968807 -0.04159127 -0.02874263
v -0.04287102 -0.04116231 -0.02873706
v -0.04569062 -0.04057103 -0.02849045
v -0.05688109 -0.03594949 -0.02856636
v -0.05650708 -0.03617145 -0.02858058
v -0.05581016 -0.03657130 -0.02859374
v -0.05542445 -0.03678349 -0.02855702
v -0.05507324 -0.03697341 -0.02855202
v -0.05467152 -0.03718722 -0.02858730
v -0.05380811 -0.03762571 -0.02861880
v -0.05079034 -0.03895804 -0.02851948
v -0.04765376 -0.04004483 -0.02861441
v -0.05901901 -0.03458628 -0.02859786
v -0.05865213 -0.03483253 -0.02859034
v -0.05830343 -0.03506161 -0.02858171
v -0.05792986 -0.03530198 -0.02857524
v -0.05726761 -0.03571572 -0.02857391
v -0.06037165 -0.03362864 -0.02855944
v -0.06001470 -0.03388875 -0.02856832
v -0.05965063 -0.03414882 -0.02858656
v -0.06585658 -0.02882848 -0.02841021
v -0.06469482 -0.02999667 -0.02856100
v -0.06113829 -0.03305252 -0.02858448
v -0.07022673 -0.02342614 -0.02840392
v -0.06816886 -0.02620909 -0.02840222
v -0.06666306 -0.02794915 -0.02822024
v -0.07282583 -0.01901487 -0.02840587
v -0.07114802 -0.02199725 -0.02839227
v -0.07689544 -0.00715454 -0.02826459
v -0.07679973 -0.00762837 -0.02823216
v -0.07670377 -0.00809916 -0.02827287
v -0.07659208 -0.00861855 -0.02833035
v -0.07637422 -0.00952876 -0.02832776
v -0.07624363 -0.01002192 -0.02826061
v -0.07610981 -0.01049416 -0.02815856
v -0.07597674 -0.01094685 -0.02807690
v -0.07584675 -0.01140799 -0.02813436
v -0.07558718 -0.01228688 -0.02830377
v -0.07542792 -0.01279057 -0.02838792
v -0.07527217 -0.01325532 -0.02841724
v -0.07511068 -0.01371341 -0.02839934
v -0.07494052 -0.01417368 -0.02834187
v -0.07474359 -0.01468861 -0.02828893
v -0.07403554 -0.01645271 -0.02846882
v -0.07754205 -0.00202762 -0.02825730
v -0.07721942 -0.00519639 -0.02821311
v -0.07708136 -0.00612028 -0.02828194
v -0.07698893 -0.00666124 -0.02829710
v -0.07746539 -0.00311461 -0.02830682
v -0.07736170 -0.00412545 -0.02828663
v -0.07729122 -0.00468020 -0.02823997
v 0.10044014 -0.04742507 -0.03936567
v 0.10725379 -0.04664546 -0.03906839
v 0.11243634 -0.04560132 -0.03920258
v 0.11808675 -0.04421133 -0.03908839
v 0.12072534 -0.04333879 -0.03919814
v 0.12436570 -0.04201637 -0.03918359
v 0.12926580 -0.03977088 -0.03926823
v 0.13153968 -0.03858577 -0.03919160
v 0.13505840 -0.03634662 -0.03927015
v 0.13592613 -0.03574063 -0.03926413
v 0.13840944 -0.03383118 -0.03924803
v 0.14089898 -0.03152241 -0.03937019
v 0.14208588 -0.03032717 -0.03935521
v 0.14499125 -0.02685268 -0.03941347
v 0.14621832 -0.02506040 -0.03950168
v 0.14713897 -0.02364324 -0.03947240
v 0.14925709 -0.01959933 -0.03954527
v 0.14988968 -0.01807162 -0.03961847
v 0.15034893 -0.01695177 -0.03958330
v 0.15183301 -0.01220653 -0.03958714
v 0.15277859 -0.00712952 -0.03964076
v 0.15313233 -0.00328025 -0.03967645
v 0.15323011 0.00004612 -0.03967373
v 0.09748954 -0.04775583 -0.03925792
v 0.08662967 -0.04851953 -0.03913421
v 0.07583936 -0.04876149 -0.03924954
v 0.07187550 -0.04883525 -0.03914266
v 0.05563304 -0.04860148 -0.03939380
v 0.04631423 -0.04840505 -0.03951960
v -0.07378059 -0.01443085 -0.03986931
v -0.07181188 -0.01874930 -0.03992764
v -0.07111364 -0.02000468 -0.03997011
v -0.07022453 -0.02154565 -0.03993301
v -0.06857888 -0.02399120 -0.03992798
v -0.06756634 -0.02529334 -0.03995695
v -0.06584239 -0.02726741 -0.04001264
v -0.06413669 -0.02908069 -0.03992050
v -0.06053245 -0.03223038 -0.03982813
v -0.05673900 -0.03480885 -0.03985311
v -0.05362259 -0.03654923 -0.03981956
v -0.05242446 -0.03714387 -0.03977693
v -0.05022441 -0.03807039 -0.03976672
v -0.04843633 -0.03867799 -0.03981472
v -0.04590129 -0.03946378 -0.03969606
v -0.03969232 -0.04049989 -0.03972017
v -0.04140019 -0.04032013 -0.03968895
v -0.04374656 -0.03989704 -0.03978046
v -0.07676822 0.00000258 -0.03958388
v -0.07646494 -0.00437304 -0.03964212
v -0.07623901 -0.00582680 -0.03968353
v -0.07499648 -0.01107641 -0.03973670
v -0.07594421 -0.00742639 -0.03968260
v 0.15313021 0.00328148 -0.03969268
v 0.15298950 0.00527484 -0.03966849
v 0.15230293 0.01007404 -0.03964726
v 0.15061335 0.01635076 -0.03957152
v 0.15190702 0.01192020 -0.03962817
v 0.14956736 0.01896725 -0.03958384
v 0.14861974 0.02104254 -0.03951810
v 0.14668231 0.02446442 -0.03948036
v 0.14612464 0.02530943 -0.03948339
v 0.14361985 0.02870788 -0.03936055
v 0.14113893 0.03138607 -0.03936641
v 0.14002861 0.03247912 -0.03930750
v 0.13682830 0.03518839 -0.03923397
v 0.13514433 0.03638593 -0.03927027
v 0.13233104 0.03819695 -0.03924623
v 0.12994412 0.03957033 -0.03915843
v 0.12484564 0.04195684 -0.03910203
v 0.12105527 0.04334593 -0.03915104
v 0.11521610 0.04510341 -0.03905995
v 0.11209928 0.04577365 -0.03919880
v 0.11163634 0.04586762 -0.03920911
v 0.10029913 0.04762645 -0.03915867
v 0.10333742 0.04731242 -0.03907098
v 0.10825349 0.04657068 -0.03907716
v 0.08981090 0.04844044 -0.03917805
v 0.07958311 0.04881148 -0.03921656
v 0.06882398 0.04893742 -0.03913582
v 0.05559741 0.04867749 -0.03944432
v 0.05824704 0.04874166 -0.03937613
v 0.04631762 0.04852644 -0.03946985
v -0.04225412 0.04020500 -0.03988286
v -0.03808100 0.04073837 -0.03968330
v -0.04706630 0.03924920 -0.03970427
v -0.04643147 0.03942777 -0.03969326
v -0.06429957 0.02903428 -0.03990650
v -0.06586295 0.02738575 -0.03995795
v -0.06167957 0.03129037 -0.04004047
v -0.06000958 0.03268610 -0.03989230
v -0.05758370 0.03439209 -0.03983415
v -0.05333435 0.03681481 -0.03977866
v -0.04994026 0.03826783 -0.03978781
v -0.07011740 0.02180202 -0.03994646
v -0.06764129 0.02512004 -0.04017970
v -0.07386616 0.01435504 -0.03983486
v -0.07235497 0.01767376 -0.04000768
v -0.07058231 0.02100308 -0.03998764
v -0.07548991 0.00948160 -0.03968819
v -0.07595554 0.00750555 -0.03966862
v -0.07642378 0.00473877 -0.03966029
v -0.07657636 0.00360125 -0.03961276
v 0.05648124 -0.04931878 -0.02972632
v 0.07781971 -0.04943712 -0.03056981
v 0.09319234 -0.04881328 -0.03059549
v 0.10054648 -0.04834199 -0.03268609
v 0.04626937 -0.04937234 -0.03127707
v 0.05617961 0.04957605 -0.03146536
v 0.10053656 0.04803613 -0.02860314
v 0.09317846 0.04891499 -0.03062576
v 0.07780848 0.04953188 -0.03053376
v 0.04624430 0.04940675 -0.03031904
v 0.13560520 -0.03692327 -0.03094665
v 0.12876228 -0.04084859 -0.03076308
v 0.12084155 -0.04401332 -0.03057252
v 0.14155943 -0.03210149 -0.03115370
v 0.14642553 -0.02648550 -0.03136314
v 0.15047884 -0.01942687 -0.03160060
v 0.15299979 -0.01199799 -0.03176308
v 0.15418581 -0.00446944 -0.03181542
v 0.11189364 -0.04640407 -0.03052904
v 0.11188444 0.04650425 -0.03053522
v 0.12084320 0.04411465 -0.03061567
v 0.12874305 0.04095750 -0.03078766
v 0.13561248 0.03701049 -0.03088649
v 0.14157083 0.03218941 -0.03117632
v 0.14647183 0.02652101 -0.03140329
v 0.15049668 0.01948415 -0.03159666
v 0.15295855 0.01226225 -0.03175861
v 0.15418990 0.00451613 -0.03180371
v -0.06715372 0.02293397 -0.00887384
v -0.03649285 0.04058061 -0.00985745
v -0.03972224 0.04006079 -0.00946870
v -0.04218866 0.03962251 -0.00952196
v -0.04901569 0.03743093 -0.00926004
v -0.05142170 0.03637769 -0.00927750
v -0.05408535 0.03491233 -0.00905835
v -0.05630131 0.03358718 -0.00909863
v -0.06204113 0.02896485 -0.00902359
v -0.06565011 0.02494983 -0.00893421
v -0.06384319 0.02713625 -0.00903743
v -0.07374447 0.00452807 -0.00843326
v -0.07358571 0.00566179 -0.00842110
v -0.07390656 0.00040661 -0.00796973
v -0.07261672 -0.01049528 -0.00848906
v -0.07192586 -0.01294378 -0.00844762
v -0.00961944 0.03436172 0.01667075
v -0.01151998 0.03375109 0.01738566
v -0.01308096 0.03318511 0.01797230
v -0.02576667 0.01758608 0.03060870
v -0.02491589 0.02232499 0.02769728
v -0.02360848 0.02574707 0.02491740
v -0.02621738 0.01399439 0.03211307
v -0.02643120 0.01157463 0.03279431
v -0.02658133 0.00887677 0.03318196
v -0.02663584 0.00526265 0.03340005
v -0.02667289 0.00163635 0.03348608
v -0.02667292 -0.00143767 0.03348608
v -0.02663590 -0.00506534 0.03340005
v -0.02658149 -0.00867941 0.03318197
v -0.02645596 -0.01100058 0.03287708
v -0.02623970 -0.01343847 0.03221200
v -0.02411770 -0.02423495 0.02603524
v -0.02525758 -0.02022214 0.02900181
v -0.02587090 -0.01683026 0.03090673
v -0.02557456 -0.01881528 0.02988201
v -0.01306534 -0.03298789 0.01797264
v -0.01075494 -0.03382525 0.01708287
v -0.00796630 -0.03467591 0.01599835
v -0.04564900 0.00009889 0.03022611
v -0.04664300 -0.00305759 0.02988339
v -0.04714863 0.00014481 0.02968694
v -0.04783564 0.00317596 0.02934650
v -0.04828873 0.00017169 0.02915413
v -0.04840293 -0.00302287 0.02910833
v -0.04913250 0.00012532 0.02869376
v -0.05004946 0.00009895 0.02809464
v -0.04965118 -0.00294891 0.02836498
v -0.03131432 0.00323346 0.03294260
v -0.03133865 0.00158424 0.03295566
v -0.04078057 0.00309921 0.03134133
v -0.03133868 -0.00138546 0.03295566
v -0.03131439 -0.00303603 0.03294259
v -0.04078036 -0.00298959 0.03134003
v -0.04078078 0.00009883 0.03134211
v -0.03609742 0.00009877 0.03237321
v -0.07330642 0.00412596 -0.00673844
v -0.07325777 0.00455354 -0.00674156
v -0.07336947 0.00228784 -0.00649392
v -0.07345725 0.00062972 -0.00651671
v -0.07347273 0.00004500 -0.00654378
v -0.07289514 0.00209880 -0.00494982
v -0.07188042 0.00396089 -0.00236898
v -0.07193913 0.00184873 -0.00222364
v -0.07138548 0.00007091 -0.00073614
v -0.07038409 0.00183967 0.00184991
v -0.07017968 0.00401434 0.00206491
v -0.06960966 0.00206867 0.00364529
v -0.06477590 0.00193614 0.01248310
v -0.06775292 0.00161550 0.00725696
v -0.06559611 0.00174601 0.01117436
v -0.06534386 0.00381589 0.01144420
v -0.06901516 0.00185611 0.00491399
v -0.06904610 0.00403460 0.00461311
v -0.06730800 0.00368938 0.00800487
v -0.05569257 0.00329559 0.02339310
v -0.05719520 0.00169483 0.02192216
v -0.05754154 0.00345656 0.02149795
v -0.05885875 0.00172131 0.02017740
v -0.06361249 0.00172636 0.01417490
v -0.06363142 0.00375939 0.01402714
v -0.06082039 0.00344015 0.01776175
v -0.06007343 -0.00140883 0.01873322
v -0.06040427 0.00017751 0.01832173
v -0.06196168 0.00013825 0.01639908
v -0.05854447 -0.00153443 0.02052469
v -0.05995960 -0.00334462 0.01880693
v -0.05784535 -0.00145722 0.02127174
v -0.05792184 -0.00326858 0.02114308
v -0.05309185 -0.00302995 0.02558567
v -0.05546357 0.00007322 0.02361121
v -0.05600425 0.00010742 0.02310240
v -0.05710907 -0.00135636 0.02201045
v -0.05672074 -0.00311676 0.02238127
v -0.05087766 0.00329288 0.02746902
v -0.05112342 0.00002816 0.02728359
v -0.05348901 0.00329761 0.02531898
v -0.05367592 -0.00000490 0.02514357
v -0.06397632 -0.00152823 0.01367138
v -0.06285591 0.00008421 0.01520115
v -0.06243322 -0.00326718 0.01574044
v -0.06492726 -0.00172319 0.01224773
v -0.06402783 -0.00361958 0.01346635
v -0.06881711 -0.00156577 0.00531459
v -0.06663203 -0.00152914 0.00930614
v -0.06712577 0.00012698 0.00841402
v -0.06649789 -0.00351594 0.00939821
v -0.06964584 -0.00185324 0.00356544
v -0.06883802 -0.00382642 0.00503529
v -0.07245092 -0.00168287 -0.00359590
v -0.07090224 -0.00166295 0.00047182
v -0.07075259 -0.00376756 0.00057210
v -0.07333081 -0.00358538 -0.00670155
v -0.07293328 -0.00190231 -0.00506646
v -0.07241050 -0.00398109 -0.00386069
v -0.07110472 0.01439350 -0.00700918
v -0.07317843 0.00523038 -0.00676580
v -0.07302491 0.00625185 -0.00674875
v -0.07274823 0.00760740 -0.00666439
v -0.07272089 0.00494965 -0.00508431
v -0.07173216 0.00513168 -0.00235209
v -0.07162080 0.01271332 -0.00699046
v -0.07231713 0.01013019 -0.00689251
v -0.07119345 0.01272833 -0.00548193
v -0.07214686 0.00824085 -0.00508784
v -0.07130401 -0.01361413 -0.00698123
v -0.07158742 -0.01260911 -0.00685946
v -0.07077482 -0.01405172 -0.00564009
v -0.07064682 -0.01406988 -0.00524567
v -0.07051891 -0.01468443 -0.00557091
v -0.07245051 -0.00933458 -0.00686824
v -0.07208854 -0.01074688 -0.00682301
v -0.07194018 -0.00676198 -0.00377755
v -0.07239913 -0.00670960 -0.00513234
v -0.07140017 -0.01143596 -0.00515640
v 0.00704531 0.02641628 0.02550997
v 0.00732252 0.02696218 0.02503570
v 0.04122670 0.02763066 0.02520467
v 0.03924149 0.02805152 0.02520050
v 0.01143515 0.03383903 0.01791836
v 0.03133681 0.03363404 0.01856539
v 0.01335920 0.03278994 0.01931835
v 0.01152150 0.03237420 0.01978072
v 0.00989242 0.03167028 0.02051699
v 0.01143938 0.03214780 0.02004151
v 0.03621164 0.02913954 0.02412446
v 0.03363925 0.03287296 0.01954379
v 0.03287431 0.03238033 0.02034338
v 0.03879370 0.02889575 0.02434928
v 0.03970486 0.02915885 0.02392813
v 0.03779888 0.02896528 0.02432572
v 0.03600647 0.03032066 0.02291149
v 0.03866806 0.02995539 0.02313898
v 0.03449272 0.03297254 0.01924275
v 0.03597777 0.03160054 0.02128731
v 0.03742815 0.03105188 0.02187277
v 0.04173384 0.02609165 0.02644038
v 0.04040562 0.02630350 0.02656633
v 0.00593747 0.02014994 0.03050376
v 0.00676250 0.02336196 0.02811901
v 0.00625887 0.02192682 0.02927309
v 0.00620660 0.02163276 0.02949389
v 0.03830973 0.02460156 0.02821976
v 0.03908113 0.02453937 0.02821850
v 0.04070980 0.02294501 0.02928983
v 0.00653893 0.00587295 0.03440520
v 0.00650202 0.00369612 0.03448535
v 0.00637193 0.00938176 0.03409538
v 0.00633014 0.00803245 0.03423167
v 0.04147664 0.00669679 0.03507865
v 0.00657192 0.00173601 0.03453774
v 0.00656172 0.00009896 0.03455163
v 0.00657192 -0.00154056 0.03453772
v 0.04178561 0.00230187 0.03532754
v 0.00598071 0.01171011 0.03375060
v 0.04062190 0.01112949 0.03458517
v 0.04332983 0.01099374 0.03384624
v 0.04292772 0.01284264 0.03356691
v 0.00577469 0.01563952 0.03273090
v 0.00570791 0.01402784 0.03324423
v 0.00571127 0.01297708 0.03348936
v 0.04009283 0.01459329 0.03392778
v 0.00586861 0.01916902 0.03111155
v 0.00568445 0.01689874 0.03224853
v 0.03945848 0.01972103 0.03194133
v 0.03963873 0.01718095 0.03317498
v 0.02914309 0.03497602 0.01634899
v 0.02439285 0.03660678 0.01356090
v 0.02128067 0.03755037 0.01177856
v 0.01137203 0.03418262 0.01742950
v 0.03107833 0.03381916 0.01827768
v 0.03071439 0.03349904 0.01880403
v 0.02852365 0.03469121 0.01688845
v 0.00866022 0.03530975 0.01564595
v 0.02362613 0.03643606 0.01394440
v 0.02580176 0.03573936 0.01519274
v 0.02783932 0.03457772 0.01709432
v 0.01399258 0.03766752 0.01161026
v 0.02089062 0.03724815 0.01246680
v 0.02000015 0.03763436 0.01168244
v 0.02231373 0.03642238 0.01399723
v 0.01321193 0.03801226 0.01088878
v 0.01923361 0.03798597 0.01090678
v 0.01880159 0.03774897 0.01147252
v 0.01027994 0.03876785 0.00901850
v 0.01175716 0.03836813 0.01010173
v 0.01656663 0.03832132 0.01021301
v 0.01359872 0.03877071 0.00907589
v 0.00039434 0.03784883 0.01096889
v -0.00762425 0.03606011 0.01408575
v 0.00868746 0.03623026 0.01409513
v 0.00591542 0.03705434 0.01263014
v -0.01010199 0.03588382 0.01433259
v -0.01011557 0.03707060 0.01227512
v -0.06702669 0.02277045 -0.00801893
v -0.06754858 0.02201860 -0.00805743
v -0.07028108 0.01690554 -0.00780847
v -0.07098985 0.01531168 -0.00784665
v -0.07052416 0.01538503 -0.00628981
v -0.06183203 0.02888704 -0.00810174
v -0.06290384 0.02785825 -0.00813277
v -0.06366053 0.02702995 -0.00810388
v -0.05618359 0.03339003 -0.00805627
v -0.05705384 0.03282988 -0.00814795
v -0.04299105 0.03923687 -0.00850767
v -0.04878739 0.03726968 -0.00812965
v -0.05016477 0.03672329 -0.00820315
v -0.05129064 0.03617024 -0.00812292
v -0.03537894 0.04053626 -0.00885897
v -0.03646206 0.04041101 -0.00875456
v -0.04597234 0.03819486 -0.00772726
v -0.04398507 0.03863060 -0.00690094
v -0.03935512 0.03981020 -0.00781066
v -0.04132127 0.03946923 -0.00778818
v -0.04187363 0.03933554 -0.00771954
v -0.04228074 0.03906508 -0.00686833
v -0.04293390 0.03866002 -0.00587624
v -0.03714508 0.04017824 -0.00788556
v -0.03571293 0.04022378 -0.00722736
v -0.03872208 0.03960680 -0.00627111
v -0.05678121 0.03257264 -0.00656686
v -0.05380528 0.03459383 -0.00725201
v -0.05530939 0.03375099 -0.00733772
v -0.05602211 0.03310132 -0.00663984
v -0.05587862 0.03289053 -0.00560116
v -0.05182262 0.03569589 -0.00728866
v -0.05055323 0.03616625 -0.00668768
v -0.05304558 0.03454538 -0.00561154
v -0.04857475 0.03715885 -0.00734895
v -0.04974499 0.03652520 -0.00665715
v -0.05028035 0.03602706 -0.00568826
v -0.04682399 0.03787092 -0.00750987
v -0.04531048 0.03802976 -0.00599286
v -0.04785161 0.03703657 -0.00575030
v -0.06389776 0.02652755 -0.00738227
v -0.06290948 0.02734268 -0.00660479
v -0.06070202 0.02972320 -0.00737886
v -0.06159264 0.02862749 -0.00657580
v -0.06172760 0.02810999 -0.00550649
v -0.05836230 0.03165280 -0.00752946
v -0.06002137 0.03033359 -0.00746791
v -0.05824081 0.03151949 -0.00670526
v -0.05796703 0.03138701 -0.00561153
v -0.05989137 0.02990782 -0.00569749
v -0.06944650 0.01828769 -0.00716526
v -0.06969663 0.01667418 -0.00547325
v -0.06976575 0.01708166 -0.00629197
v -0.06906221 0.01906330 -0.00727596
v -0.06779703 0.02093007 -0.00654870
v -0.06848295 0.01922424 -0.00550623
v -0.06647933 0.02327196 -0.00732197
v -0.06693251 0.02228998 -0.00653187
v -0.06720012 0.02131568 -0.00541242
v -0.06567917 0.02435934 -0.00738674
v -0.06466353 0.02564689 -0.00740171
v -0.06391616 0.02588530 -0.00566066
v -0.06546842 0.02393244 -0.00560841
v -0.03085326 0.01246598 0.03213303
v -0.03100636 0.01111561 0.03240335
v -0.03027802 0.01566854 0.03118705
v -0.03052550 0.01402747 0.03172565
v -0.03525055 0.01402531 0.03122858
v -0.04010404 0.01276978 0.03057917
v -0.03961624 0.01466772 0.03013338
v -0.03926666 0.01625331 0.02970135
v -0.04471828 0.01537149 0.02877412
v -0.03882331 0.01752066 0.02925737
v -0.04373417 0.01822423 0.02795300
v -0.02943520 0.01916588 0.02958041
v -0.02977284 0.01735562 0.03049008
v -0.03434239 0.01747210 0.03006719
v -0.03839021 0.01883977 0.02870372
v -0.04282107 0.02011176 0.02719290
v -0.03786778 0.02011626 0.02809988
v -0.02892060 0.02052987 0.02877806
v -0.02854217 0.02234057 0.02753482
v -0.02857978 0.02210189 0.02771352
v 0.00257275 0.02130493 0.02958323
v -0.03325605 0.02056377 0.02850532
v -0.03727157 0.02147092 0.02730304
v -0.04149727 0.02257813 0.02582923
v -0.03652785 0.02268732 0.02655212
v -0.02756487 0.02450308 0.02583236
v -0.02804333 0.02312274 0.02694616
v 0.00310196 0.02261748 0.02859570
v -0.03210174 0.02305240 0.02681719
v -0.03585978 0.02402612 0.02551910
v -0.03880281 0.02576832 0.02342751
v -0.02647796 0.02585432 0.02470927
v -0.02616970 0.02637561 0.02425780
v 0.00448131 0.02720176 0.02471056
v -0.03478372 0.02554211 0.02423303
v -0.03051200 0.02539038 0.02492139
v -0.03334329 0.02677754 0.02322680
v -0.03616343 0.02778768 0.02180268
v -0.03218417 0.02766501 0.02250566
v -0.03106670 0.02839765 0.02191727
v -0.03388652 0.02934473 0.02055604
v 0.00575652 0.02845559 0.02360606
v 0.00393834 0.02970430 0.02233107
v -0.02808825 0.02797752 0.02270339
v -0.02973103 0.02957469 0.02088307
v -0.03189641 0.03061434 0.01950501
v -0.02885101 0.03018054 0.02035114
v -0.01214078 0.03546353 0.01494964
v -0.01402157 0.03504197 0.01546955
v -0.01457536 0.03660792 0.01296323
v -0.01682705 0.03437358 0.01627824
v -0.01946958 0.03551506 0.01447505
v -0.01578563 0.03365193 0.01727763
v -0.01731715 0.03291835 0.01807872
v -0.01580566 0.03345926 0.01751708
v -0.02115144 0.03381562 0.01675472
v -0.02458244 0.03412261 0.01607816
v -0.02323191 0.03311572 0.01748500
v -0.01903253 0.03207672 0.01895583
v 0.00546332 0.03082771 0.02125021
v -0.02516611 0.03035776 0.02051005
v -0.02181218 0.03232356 0.01853789
v -0.02502967 0.03230452 0.01833253
v -0.02723254 0.03096962 0.01963445
v -0.02943978 0.03202311 0.01820892
v -0.02720513 0.03305369 0.01724309
v -0.02564333 0.03197525 0.01866743
v -0.06464264 0.01637813 0.00741201
v -0.06724609 0.01861246 -0.00119219
v -0.06672281 0.01962208 -0.00127013
v -0.06578469 0.02111465 -0.00126609
v -0.06558109 0.01657681 0.00527360
v -0.06443959 0.01880617 0.00543747
v -0.06496386 0.01411473 0.00860450
v -0.06391783 0.01633532 0.00878639
v -0.06359481 0.01404485 0.01103930
v -0.06237773 0.01837579 0.00973954
v -0.06288497 0.01612519 0.01074904
v -0.06210439 0.01595756 0.01216379
v 0.00138064 0.03850825 0.00927552
v -0.07027092 0.01466547 -0.00450057
v -0.07083872 0.01250789 -0.00414534
v -0.06928035 0.01679639 -0.00433185
v -0.06767850 0.01701495 -0.00024711
v -0.06239524 0.02576312 -0.00154460
v -0.06104288 0.02708808 -0.00151563
v -0.06440808 0.02321954 -0.00141404
v -0.06344662 0.02455203 -0.00154043
v -0.06269720 0.02146948 0.00536180
v -0.06381577 0.02157926 0.00295264
v -0.05697819 0.03069252 -0.00169992
v -0.05935717 0.02881008 -0.00170727
v -0.05852239 0.02954555 -0.00175854
v -0.05985922 0.02648378 0.00258793
v -0.05503860 0.03209398 -0.00184535
v -0.05414219 0.03270538 -0.00192749
v -0.05201581 0.03389466 -0.00194007
v -0.05535875 0.03036284 0.00216775
v -0.04986615 0.03509207 -0.00214018
v -0.04890396 0.03556316 -0.00223355
v -0.04713033 0.03626352 -0.00225473
v -0.05078481 0.03329116 0.00173589
v -0.04384639 0.03755728 -0.00264768
v -0.04219868 0.03799608 -0.00268132
v -0.04490730 0.03718164 -0.00251161
v -0.04588374 0.03569026 0.00116641
v -0.03389167 0.03981675 -0.00444538
v -0.03466936 0.03957825 -0.00355492
v -0.03970006 0.03870171 -0.00304249
v -0.03721787 0.03915424 -0.00321810
v -0.04074059 0.03751380 0.00044141
v -0.03554074 0.03872377 -0.00036453
v -0.00217902 0.03816630 0.01004041
v -0.01024143 0.03767086 0.01091736
v -0.01275477 0.03741442 0.01138059
v -0.00919979 0.03815953 0.00961872
v -0.02283482 0.03542346 0.01428699
v -0.01814713 0.03648182 0.01292094
v -0.02096697 0.03579415 0.01384439
v -0.02144842 0.03642438 0.01257662
v -0.02719766 0.03869230 0.00310456
v -0.01733657 0.03821126 0.00800017
v -0.02091805 0.03765393 0.00916198
v -0.01479299 0.03714559 0.01183559
v -0.01680038 0.03685853 0.01229034
v -0.01501034 0.03772687 0.01036180
v -0.01843432 0.03720628 0.01128417
v -0.01948609 0.03791609 0.00866688
v -0.04674112 0.01395974 0.02845904
v -0.04672985 0.01594436 0.02770054
v -0.05102828 0.01392241 0.02565974
v -0.04589181 0.01821995 0.02708989
v -0.04479673 0.01948756 0.02688412
v -0.04780633 0.01682551 0.02666451
v -0.05264250 0.01498451 0.02396167
v -0.05041973 0.01544822 0.02550938
v -0.04959893 0.01804457 0.02473780
v -0.05411299 0.01352849 0.02321157
v -0.05373916 0.01525824 0.02281897
v -0.05391419 0.01706471 0.02166971
v -0.05528860 0.01543184 0.02120446
v -0.05587432 0.01356477 0.02145287
v -0.05635209 0.01529308 0.02015516
v -0.06679535 0.01428438 0.00476550
v -0.06673466 0.01675735 0.00259841
v -0.06895233 0.01458358 -0.00067668
v -0.06094610 0.02099534 0.00917161
v -0.05984351 0.02057290 0.01150135
v -0.06007835 0.02380688 0.00688952
v -0.05790767 0.02610718 0.00661157
v -0.05591404 0.02808114 0.00620013
v -0.05349269 0.02988781 0.00592443
v -0.05605939 0.02565250 0.01033819
v -0.05139573 0.03134971 0.00552931
v -0.04919253 0.03260722 0.00527677
v -0.05173395 0.02933609 0.00938202
v -0.04698137 0.03388660 0.00480207
v -0.04766401 0.03185518 0.00873059
v -0.04475119 0.03493560 0.00428587
v -0.04231329 0.03595746 0.00394256
v -0.04335874 0.03412969 0.00772448
v -0.03986536 0.03680534 0.00335391
v -0.03737436 0.03752605 0.00296908
v -0.03876873 0.03600629 0.00656166
v -0.03238227 0.03855782 0.00194220
v -0.03489167 0.03811019 0.00236344
v -0.02575010 0.03758580 0.00783048
v -0.02662832 0.03804173 0.00600295
v -0.03406805 0.03738417 0.00534010
v -0.02582455 0.03590513 0.01265691
v -0.02641561 0.03649101 0.01101831
v -0.02469488 0.03695592 0.01023154
v -0.03302401 0.03669957 0.00787551
v -0.03069484 0.03727329 0.00722611
v -0.02903124 0.03613594 0.01110994
v -0.03017563 0.03501166 0.01319884
v -0.03743343 0.03522700 0.00925953
v -0.03521360 0.03600833 0.00866675
v -0.03102346 0.03548202 0.01187586
v -0.03177320 0.03592264 0.01054552
v -0.03297491 0.03473858 0.01273466
v -0.03381617 0.03336591 0.01495341
v -0.03955274 0.03432710 0.01004385
v -0.03491173 0.03390157 0.01348965
v -0.03585773 0.03439306 0.01209492
v -0.03677586 0.03299443 0.01433568
v -0.03888138 0.03045737 0.01726768
v -0.04355160 0.03232306 0.01126819
v -0.04150212 0.03330629 0.01075324
v -0.03864014 0.03186158 0.01525527
v -0.03977821 0.03249512 0.01359669
v -0.04172069 0.03000687 0.01654834
v -0.04731470 0.03005865 0.01233588
v -0.04545483 0.03114213 0.01194272
v -0.04348754 0.02902524 0.01700116
v -0.04339354 0.03040968 0.01489643
v -0.06137162 0.01383971 0.01452250
v -0.05785356 0.01537661 0.01832248
v -0.05828487 0.01364672 0.01867403
v -0.06086883 0.01567926 0.01415182
v -0.06000916 0.01782484 0.01392729
v -0.05721351 0.01737066 0.01791835
v -0.05857131 0.02034682 0.01352830
v -0.05934034 0.01561174 0.01637662
v -0.05269605 0.01939807 0.02113485
v -0.05440775 0.01960421 0.01932501
v -0.04847746 0.02056509 0.02390088
v -0.05107441 0.01917117 0.02281417
v -0.05120349 0.02216812 0.02029777
v -0.05586007 0.01986273 0.01743778
v -0.05696515 0.02301787 0.01297774
v -0.05473812 0.02544018 0.01238613
v -0.05733274 0.02008021 0.01551006
v -0.05430285 0.02258467 0.01675185
v -0.04882501 0.02897339 0.01294064
v -0.04673961 0.02828559 0.01596064
v -0.05068033 0.02479794 0.01767249
v -0.04902774 0.02463292 0.01930603
v -0.04351516 0.02767084 0.01905688
v -0.04508122 0.02800086 0.01759366
v -0.04741039 0.02440260 0.02085217
v -0.04722334 0.02643423 0.01844871
v -0.05278606 0.02737026 0.01181510
v -0.05030146 0.02911520 0.01136534
v -0.05208873 0.02503238 0.01597191
v -0.05352648 0.02520211 0.01419797
v -0.05010408 0.02699942 0.01520437
v -0.02788179 0.03910103 0.00098823
v -0.02235061 0.03861643 0.00484610
v -0.04429080 0.02037072 0.02652177
v -0.04378573 0.02160524 0.02586257
v -0.04577258 0.02070139 0.02563443
v -0.04739755 0.02223973 0.02324337
v -0.04286244 0.02305824 0.02497840
v -0.04169394 0.02441251 0.02415884
v -0.04226642 0.02704855 0.02057433
v -0.04630181 0.02374184 0.02235636
v -0.04447541 0.02554246 0.02148148
v -0.04424615 0.02329751 0.02415612
v -0.03969792 0.02619446 0.02271491
v -0.03815804 0.02734844 0.02180716
v -0.03704415 0.02827291 0.02101868
v -0.03765246 0.03005688 0.01838989
v -0.04052808 0.02830454 0.01963247
v -0.04058019 0.02653155 0.02203467
v -0.03473472 0.02983882 0.01977345
v -0.03343757 0.03056794 0.01923259
v -0.03265435 0.03136127 0.01840851
v -0.03496144 0.03179469 0.01704848
v -0.03670362 0.02938570 0.01973093
v -0.03024366 0.03265108 0.01719501
v -0.02563992 0.03455681 0.01522901
v -0.02769396 0.03376006 0.01615814
v -0.02840178 0.03331194 0.01668457
v -0.02598678 0.03493882 0.01450650
v -0.02857925 0.03489061 0.01394043
v -0.03053274 0.03410213 0.01484431
v -0.03223096 0.03311890 0.01587705
v -0.03156766 0.03254623 0.01697730
v 0.03991940 -0.02715702 0.02573904
v 0.04133430 -0.02736122 0.02524746
v 0.00696523 -0.02602944 0.02567096
v 0.03971964 -0.02716173 0.02576337
v 0.03973964 -0.02799919 0.02499083
v 0.00986209 -0.03146553 0.02052477
v 0.01148974 -0.03201884 0.01996610
v 0.01224482 -0.03238284 0.01955854
v 0.03618537 -0.02892279 0.02414393
v 0.03946890 -0.02943399 0.02337328
v 0.03817342 -0.02889803 0.02417853
v 0.03640275 -0.03052192 0.02242230
v 0.01033443 -0.03351088 0.01806252
v 0.03266951 -0.03201254 0.02057931
v 0.03130546 -0.03343726 0.01856794
v 0.03500862 -0.03190428 0.02065017
v 0.03685200 -0.03167166 0.02067510
v 0.03260000 -0.03265676 0.01968233
v 0.03326865 -0.03313490 0.01887378
v 0.04017865 -0.02597163 0.02671571
v 0.04153524 -0.02591954 0.02647603
v 0.04065032 -0.02611804 0.02651062
v 0.03987427 -0.02607758 0.02666648
v 0.04204667 -0.02599511 0.02625666
v 0.04212570 -0.02491139 0.02718567
v 0.00661405 -0.02270588 0.02849995
v 0.00668064 -0.02296853 0.02828521
v 0.00613655 -0.02080758 0.02994244
v 0.00595983 -0.01982651 0.03057859
v 0.03837460 -0.02440139 0.02822152
v 0.04069766 -0.02275350 0.02928937
v 0.00598296 -0.01149229 0.03375408
v 0.00598546 -0.01202944 0.03365144
v 0.00577723 -0.01535452 0.03276094
v 0.00570054 -0.01348361 0.03333037
v 0.04009491 -0.01439585 0.03392802
v 0.00568891 -0.01657259 0.03230372
v 0.00590343 -0.01925625 0.03093862
v 0.00581067 -0.01837202 0.03144917
v 0.03945318 -0.01952611 0.03194169
v 0.03964004 -0.01698291 0.03317577
v 0.00633180 -0.00783555 0.03423146
v 0.00637356 -0.00918475 0.03409519
v 0.04059664 -0.01092709 0.03459060
v 0.00650376 -0.00350059 0.03448504
v 0.00654062 -0.00567623 0.03440494
v 0.04178712 -0.00210578 0.03532731
v 0.04147935 -0.00650045 0.03507829
v 0.04292406 -0.01254449 0.03359467
v 0.04332714 -0.01068988 0.03387480
v 0.02921697 -0.03475068 0.01640001
v 0.02440410 -0.03641776 0.01353920
v 0.00950143 -0.03515162 0.01559327
v 0.02357173 -0.03628127 0.01386463
v 0.02588284 -0.03552609 0.01522073
v 0.01025101 -0.03373529 0.01774904
v 0.01220957 -0.03402066 0.01738190
v 0.03071342 -0.03326800 0.01885680
v 0.03108592 -0.03360745 0.01830368
v 0.02858900 -0.03446128 0.01694588
v 0.02782356 -0.03436893 0.01711509
v 0.01398978 -0.03746555 0.01162155
v 0.02081795 -0.03707970 0.01241272
v 0.02232249 -0.03623576 0.01398017
v 0.02119258 -0.03737141 0.01174737
v 0.01998196 -0.03744826 0.01166070
v 0.00956598 -0.03865278 0.00872221
v 0.01258361 -0.03789772 0.01071583
v 0.01816064 -0.03763835 0.01129161
v 0.01857389 -0.03789084 0.01068908
v 0.01118365 -0.03839401 0.00954237
v 0.01228756 -0.03871377 0.00862469
v 0.01211611 -0.03805654 0.01036827
v 0.01628196 -0.03818903 0.01008157
v 0.01486198 -0.03840777 0.00954477
v -0.00925278 -0.03571027 0.01430521
v -0.00677999 -0.03589620 0.01404260
v 0.00039778 -0.03762834 0.01102124
v 0.00868640 -0.03602849 0.01410424
v 0.00591484 -0.03685546 0.01263425
v -0.01011392 -0.03686741 0.01228711
v 0.00145541 -0.03735201 0.01161343
v 0.00691268 -0.03702142 0.01234289
v -0.00658671 -0.03696763 0.01219925
v -0.07004950 -0.01716725 -0.00779832
v -0.07055416 -0.01518090 -0.00638227
v -0.07036653 -0.01545205 -0.00615015
v -0.06912737 -0.01869907 -0.00715110
v -0.06948651 -0.01677886 -0.00530213
v -0.06959504 -0.01720899 -0.00627492
v -0.06725591 -0.02163035 -0.00658127
v -0.06772864 -0.02029323 -0.00545402
v -0.06454910 -0.02556902 -0.00735432
v -0.06367920 -0.02593370 -0.00562778
v -0.06641231 -0.02238456 -0.00548646
v -0.06523445 -0.02404016 -0.00557364
v -0.05690825 -0.03227975 -0.00655225
v -0.05584934 -0.03270528 -0.00558072
v -0.05801014 -0.03146388 -0.00657105
v -0.05781226 -0.03131109 -0.00560453
v -0.06150077 -0.02816546 -0.00554971
v -0.05972754 -0.02982125 -0.00562420
v -0.05035300 -0.03602013 -0.00653625
v -0.05307605 -0.03431140 -0.00553233
v -0.04826347 -0.03684888 -0.00641285
v -0.04858154 -0.03648625 -0.00560012
v -0.04310107 -0.03867985 -0.00690927
v -0.04463403 -0.03798760 -0.00586479
v -0.03449139 -0.04013157 -0.00723319
v -0.03578666 -0.04001422 -0.00720603
v -0.03496609 -0.03993757 -0.00643226
v -0.04220577 -0.03869436 -0.00599285
v -0.03890773 -0.03935820 -0.00617833
v -0.03101118 -0.01081718 0.03241960
v -0.03086226 -0.01198577 0.03220139
v -0.01734180 -0.03271102 0.01808926
v -0.01576486 -0.03330104 0.01747161
v -0.01905665 -0.03186947 0.01896608
v 0.00546350 -0.03062840 0.02125318
v -0.02180679 -0.03212219 0.01854307
v -0.01684939 -0.03404851 0.01644852
v -0.01611759 -0.03435797 0.01607227
v -0.02114977 -0.03361638 0.01675740
v -0.01325251 -0.03510310 0.01514574
v -0.01122216 -0.03542663 0.01470825
v -0.01457153 -0.03639735 0.01298877
v -0.01947659 -0.03533015 0.01445508
v -0.03189673 -0.03041676 0.01950525
v 0.00576032 -0.02825762 0.02360790
v 0.00393970 -0.02950525 0.02233372
v -0.02515870 -0.03015665 0.02051463
v -0.02972649 -0.02937504 0.02088579
v -0.02884646 -0.02998087 0.02035392
v -0.02564028 -0.03177573 0.01867016
v -0.02944029 -0.03182545 0.01820933
v -0.02722832 -0.03076987 0.01963736
v -0.02323011 -0.03291637 0.01748773
v -0.02502673 -0.03210490 0.01833541
v -0.02458314 -0.03392511 0.01607853
v -0.02720565 -0.03285617 0.01724340
v -0.02654917 -0.02546348 0.02487386
v 0.00448630 -0.02697889 0.02473499
v -0.03106090 -0.02819793 0.02192011
v -0.02807822 -0.02777657 0.02270780
v -0.03388710 -0.02914685 0.02055652
v -0.03217843 -0.02746514 0.02250861
v -0.02767594 -0.02381958 0.02623750
v -0.02763912 -0.02410615 0.02600139
v 0.00310068 -0.02233266 0.02866749
v -0.03049789 -0.02518798 0.02492718
v -0.03333735 -0.02657782 0.02322957
v -0.03616391 -0.02758974 0.02180315
v -0.02864592 -0.02127445 0.02816356
v -0.02888538 -0.02020505 0.02885339
v 0.00259131 -0.02133832 0.02941812
v -0.03207739 -0.02284589 0.02682664
v -0.03477772 -0.02534197 0.02423617
v -0.03585252 -0.02382526 0.02552269
v -0.03880311 -0.02557048 0.02342783
v -0.03651981 -0.02248682 0.02655514
v -0.03726341 -0.02127054 0.02730588
v -0.04149736 -0.02238010 0.02582961
v -0.02981349 -0.01703589 0.03054513
v -0.02936195 -0.01925812 0.02941052
v -0.02952818 -0.01847943 0.02985459
v -0.03323018 -0.02035830 0.02851317
v -0.03785883 -0.01991587 0.02810262
v -0.04282109 -0.01991366 0.02719327
v -0.03838109 -0.01863980 0.02870616
v -0.03027786 -0.01538313 0.03122135
v -0.03052814 -0.01355496 0.03179787
v -0.03522045 -0.01382311 0.03123467
v -0.03432422 -0.01727088 0.03007133
v -0.03881358 -0.01732105 0.02925966
v -0.03960594 -0.01446850 0.03013558
v -0.04373383 -0.01802643 0.02795328
v -0.03925673 -0.01605386 0.02970359
v -0.04005337 -0.01282419 0.03052879
v -0.04471801 -0.01517347 0.02877442
v -0.04741102 -0.02420476 0.02085217
v -0.05120403 -0.02197019 0.02029778
v -0.05615481 -0.01332561 0.02116061
v -0.05440821 -0.01940623 0.01932504
v -0.05533059 -0.01519201 0.02118304
v -0.05660091 -0.01513429 0.01985832
v 0.00067259 -0.03825644 0.00940797
v -0.00735731 -0.03768131 0.01053444
v -0.01275448 -0.03721758 0.01138042
v -0.01024264 -0.03745392 0.01096580
v -0.00992657 -0.03791560 0.00972582
v -0.03321835 -0.03953618 -0.00370104
v -0.03481458 -0.03935602 -0.00351423
v -0.04079089 -0.03820021 -0.00284757
v -0.03730908 -0.03894436 -0.00321240
v -0.03975467 -0.03849541 -0.00305616
v -0.03554135 -0.03852544 -0.00036106
v -0.04494776 -0.03697826 -0.00253683
v -0.04309037 -0.03757408 -0.00265601
v -0.04073959 -0.03731299 0.00045374
v -0.04970066 -0.03499029 -0.00219012
v -0.04735682 -0.03598851 -0.00226926
v -0.04588302 -0.03549030 0.00117452
v -0.05412552 -0.03251796 -0.00192585
v -0.05503482 -0.03189947 -0.00184637
v -0.05206890 -0.03366941 -0.00193386
v -0.05078479 -0.03309240 0.00173924
v -0.06044173 -0.02755405 -0.00165802
v -0.05695320 -0.03050985 -0.00169137
v -0.05836987 -0.02947056 -0.00175323
v -0.05930014 -0.02866793 -0.00171592
v -0.05535952 -0.03016481 0.00216775
v -0.06477420 -0.02244684 -0.00134368
v -0.06219568 -0.02577484 -0.00153570
v -0.06337918 -0.02444227 -0.00155132
v -0.06420599 -0.02331586 -0.00143516
v -0.05985533 -0.02628276 0.00260269
v -0.06700607 -0.01889936 -0.00123805
v -0.06610485 -0.02043559 -0.00126452
v -0.06381723 -0.02138143 0.00294995
v -0.06983446 -0.01360870 -0.00240567
v -0.06946542 -0.01475910 -0.00254793
v -0.07034938 -0.01159818 -0.00227651
v -0.06847433 -0.01691194 -0.00252426
v -0.06703212 -0.01665120 0.00175839
v -0.06269777 -0.02127124 0.00536179
v -0.06441911 -0.01864960 0.00543185
v -0.06593223 -0.01642612 0.00452295
v -0.06747665 -0.01414856 0.00320539
v -0.06497231 -0.01615252 0.00678062
v -0.04479696 -0.01928990 0.02688417
v -0.04589220 -0.01802221 0.02708991
v -0.04847797 -0.02036732 0.02390082
v -0.04673031 -0.01574646 0.02770055
v -0.04674798 -0.01372300 0.02846851
v -0.04779532 -0.01662564 0.02667288
v -0.04858225 -0.01669927 0.02608908
v -0.04938717 -0.01397748 0.02685916
v -0.01479395 -0.03694862 0.01183551
v -0.01680131 -0.03666157 0.01229016
v -0.01501131 -0.03752985 0.01036185
v -0.02096791 -0.03559699 0.01384438
v -0.01814807 -0.03628478 0.01292087
v -0.01843525 -0.03700923 0.01128408
v -0.01734003 -0.03801162 0.00801065
v -0.02719866 -0.03849498 0.00310457
v -0.01948704 -0.03771896 0.00866691
v -0.02091901 -0.03745678 0.00916199
v -0.02283574 -0.03522628 0.01428694
v -0.02144938 -0.03622719 0.01257666
v -0.05107490 -0.01897327 0.02281415
v -0.05269651 -0.01920013 0.02113487
v -0.05375870 -0.01513140 0.02276543
v -0.05391459 -0.01686674 0.02166974
v -0.04960001 -0.01785072 0.02473492
v -0.05090167 -0.01517339 0.02519593
v -0.05439342 -0.01340663 0.02292891
v -0.05189439 -0.01321016 0.02514917
v -0.05299755 -0.01477426 0.02365070
v -0.02469583 -0.03675866 0.01023158
v -0.02641654 -0.03629368 0.01101841
v -0.02582545 -0.03570783 0.01265693
v -0.02903216 -0.03593854 0.01111002
v -0.03177412 -0.03572518 0.01054557
v -0.03102435 -0.03528460 0.01187587
v -0.03017650 -0.03481429 0.01319880
v -0.03297579 -0.03454114 0.01273462
v -0.03585860 -0.03419554 0.01209490
v -0.03491261 -0.03370405 0.01348968
v -0.03381704 -0.03316837 0.01495350
v -0.03677670 -0.03279683 0.01433575
v -0.03977904 -0.03229747 0.01359671
v -0.03864093 -0.03166395 0.01525530
v -0.04351590 -0.02747310 0.01905688
v -0.03888213 -0.03025975 0.01726769
v -0.04172143 -0.02980920 0.01654834
v -0.04508193 -0.02780307 0.01759368
v -0.04339429 -0.03021197 0.01489642
v -0.04348827 -0.02882751 0.01700118
v -0.04722400 -0.02623640 0.01844873
v -0.04902835 -0.02443504 0.01930604
v -0.05068095 -0.02460002 0.01767251
v -0.04674033 -0.02808778 0.01596065
v -0.05208935 -0.02483443 0.01597194
v -0.05010476 -0.02680153 0.01520437
v -0.04919335 -0.03240935 0.00527676
v -0.05139651 -0.03115179 0.00552931
v -0.04731547 -0.02986083 0.01233587
v -0.04882574 -0.02877553 0.01294062
v -0.05030220 -0.02891731 0.01136532
v -0.05890531 -0.01350236 0.01788426
v -0.05807436 -0.01532873 0.01797598
v -0.05720789 -0.01718750 0.01791506
v -0.05968421 -0.01542539 0.01591110
v -0.05430339 -0.02238668 0.01675188
v -0.05586058 -0.01966469 0.01743778
v -0.05352711 -0.02500414 0.01419798
v -0.05733328 -0.01988209 0.01551006
v -0.05790831 -0.02590911 0.00661157
v -0.06007896 -0.02360874 0.00688952
v -0.06094664 -0.02079713 0.00917165
v -0.05857185 -0.02014865 0.01352831
v -0.05696573 -0.02281980 0.01297775
v -0.05349345 -0.02968982 0.00592444
v -0.05591473 -0.02788311 0.00620012
v -0.05278676 -0.02717230 0.01181508
v -0.05173469 -0.02913816 0.00938201
v -0.05473874 -0.02524219 0.01238612
v -0.05606000 -0.02545448 0.01033819
v -0.03238328 -0.03836036 0.00194224
v -0.03489265 -0.03791267 0.00236345
v -0.02575108 -0.03738852 0.00783048
v -0.02662933 -0.03784442 0.00600298
v -0.03069579 -0.03707590 0.00722607
v -0.03737532 -0.03732847 0.00296907
v -0.03986629 -0.03660770 0.00335391
v -0.03302496 -0.03650211 0.00787551
v -0.03521453 -0.03581080 0.00866677
v -0.03406900 -0.03718668 0.00534009
v -0.04231422 -0.03575975 0.00394257
v -0.04475211 -0.03473782 0.00428587
v -0.03743432 -0.03502942 0.00925954
v -0.03955362 -0.03412947 0.01004385
v -0.04150299 -0.03310860 0.01075325
v -0.03876965 -0.03580868 0.00656167
v -0.04698225 -0.03368877 0.00480205
v -0.04355244 -0.03212532 0.01126819
v -0.04545562 -0.03094436 0.01194270
v -0.04766482 -0.03165735 0.00873057
v -0.04335964 -0.03393194 0.00772448
v -0.06238347 -0.01816644 0.00974142
v -0.06103653 -0.01565606 0.01380839
v -0.05999315 -0.01766405 0.01392018
v -0.05984405 -0.02037469 0.01150138
v -0.06370262 -0.01605480 0.00921913
v -0.06504838 -0.01389345 0.00838433
v -0.06216975 -0.01360285 0.01335169
v -0.06255499 -0.01577719 0.01142212
v -0.02788669 -0.03890147 0.00099777
v -0.02235833 -0.03841830 0.00484870
v -0.02564077 -0.03435953 0.01522903
v -0.03024445 -0.03245370 0.01719499
v -0.02840263 -0.03311467 0.01668447
v -0.02769476 -0.03356275 0.01615812
v -0.02598766 -0.03474156 0.01450644
v -0.02858012 -0.03469328 0.01394039
v -0.03053360 -0.03390472 0.01484434
v -0.03223181 -0.03292143 0.01587709
v -0.03343839 -0.03037056 0.01923246
v -0.03265505 -0.03116388 0.01840843
v -0.03473575 -0.02964125 0.01977346
v -0.03496224 -0.03159717 0.01704847
v -0.03156846 -0.03234878 0.01697734
v -0.03704511 -0.02807526 0.02101871
v -0.03815878 -0.02715087 0.02180712
v -0.03969855 -0.02599682 0.02271493
v -0.03765320 -0.02985930 0.01838988
v -0.04052876 -0.02810689 0.01963248
v -0.03670439 -0.02918818 0.01973087
v -0.04169444 -0.02421477 0.02415893
v -0.04286297 -0.02286041 0.02497852
v -0.04447609 -0.02534471 0.02148147
v -0.04630244 -0.02354404 0.02235635
v -0.04226710 -0.02685086 0.02057433
v -0.04058076 -0.02633389 0.02203472
v -0.04378633 -0.02140738 0.02586265
v -0.04429124 -0.02017296 0.02652181
v -0.04739811 -0.02204196 0.02324331
v -0.04577296 -0.02050372 0.02563443
v -0.04424671 -0.02309974 0.02415617
v -0.04673011 0.01266967 0.02881078
v -0.05129840 0.01278208 0.02581416
v -0.04850804 0.01320420 0.02777429
v -0.04041050 0.01023824 0.03093487
v -0.04534702 0.01100705 0.02965571
v -0.04713716 0.01069418 0.02901264
v -0.04929417 0.00571620 0.02843856
v -0.05099934 0.00584124 0.02720193
v -0.05173542 0.01073233 0.02591281
v -0.04908330 0.01047634 0.02801909
v -0.04750699 0.00865427 0.02916855
v -0.04615480 0.00357072 0.03005208
v -0.04790103 0.00373463 0.02929745
v -0.04076441 0.00362637 0.03133298
v -0.04590018 0.00624128 0.02999584
v -0.04766156 0.00604304 0.02928368
v -0.04555041 -0.00544465 0.03013882
v -0.04692186 -0.00553815 0.02964641
v -0.04041760 -0.00976880 0.03096161
v -0.04792885 -0.00537811 0.02920821
v -0.04751699 -0.00779711 0.02923387
v -0.04832311 -0.00408680 0.02909620
v -0.04910811 -0.00393318 0.02867316
v -0.05027378 -0.00384091 0.02789623
v -0.05308719 -0.00396434 0.02555021
v -0.04953467 -0.00609565 0.02827820
v -0.04021719 -0.01171365 0.03072656
v -0.04531141 -0.01268013 0.02933973
v -0.04703087 -0.01264039 0.02863016
v -0.04542186 -0.01022869 0.02972820
v -0.04861013 -0.01147773 0.02806340
v -0.05011188 -0.01143639 0.02704454
v -0.05194530 -0.01112828 0.02562087
v -0.04727021 -0.00902137 0.02920338
v -0.04932095 -0.00859342 0.02817850
v -0.04708141 -0.01096690 0.02895388
v -0.03126383 0.00868367 0.03265444
v -0.03127554 0.00729138 0.03279122
v -0.03128314 0.00503161 0.03288131
v -0.03604241 0.00503585 0.03231274
v -0.03582850 0.00929141 0.03202455
v -0.04059413 0.00789183 0.03116626
v -0.04075299 0.00542549 0.03126604
v -0.03128325 -0.00483420 0.03288131
v -0.03127571 -0.00709393 0.03279122
v -0.03126355 -0.00848446 0.03265470
v -0.04076340 -0.00488170 0.03127282
v -0.03604878 -0.00483840 0.03231168
v -0.03582512 -0.00909276 0.03202536
v -0.04061366 -0.00746433 0.03118292
v -0.05734711 -0.00565754 0.02151842
v -0.05672246 -0.00541818 0.02220666
v -0.05565798 -0.00532272 0.02326600
v -0.05551871 -0.01056737 0.02257987
v -0.05674902 -0.01045474 0.02130499
v -0.05460421 -0.01041964 0.02348809
v -0.05287023 -0.00767192 0.02545646
v -0.05297121 -0.00606808 0.02550682
v -0.05280481 -0.00884240 0.02533731
v -0.06966018 -0.00620555 0.00250882
v -0.07081664 -0.00642357 -0.00045590
v -0.07080309 -0.00920024 -0.00181829
v -0.06919960 -0.01142969 0.00103761
v -0.06857908 -0.00638809 0.00480061
v -0.06929582 -0.00627692 0.00333970
v -0.06883795 -0.01149270 0.00186352
v -0.06775599 -0.01124117 0.00448370
v -0.06936504 -0.00888222 0.00225947
v -0.06127869 -0.00565595 0.01697061
v -0.05970709 -0.00572898 0.01881986
v -0.06238387 -0.00584606 0.01546192
v -0.06311487 -0.00606838 0.01434500
v -0.05919230 -0.01059418 0.01848150
v -0.06096802 -0.01084496 0.01618771
v -0.05854394 -0.00808840 0.01980282
v -0.06508625 -0.00595519 0.01140008
v -0.06685217 -0.00612876 0.00829215
v -0.06601217 -0.01109920 0.00802003
v -0.06300385 -0.01086711 0.01314930
v -0.06457211 -0.01107439 0.01067813
v -0.06729960 -0.00873429 0.00655142
v -0.06333213 -0.00849265 0.01348213
v -0.06496339 0.00625195 0.01157473
v -0.06574525 0.00619745 0.01032378
v -0.06708223 0.00643935 0.00780829
v -0.06569999 0.01124271 0.00866729
v -0.06493528 0.01132144 0.01003469
v -0.06409690 0.01112126 0.01151213
v -0.06999036 0.00646444 0.00172131
v -0.06930362 0.00647838 0.00332142
v -0.06877154 0.00658420 0.00441553
v -0.06739555 0.01137465 0.00524060
v -0.06853021 0.01159703 0.00267826
v -0.06730059 0.00892487 0.00655206
v -0.07029568 0.00659551 0.00094215
v -0.07115946 0.00742510 -0.00180107
v -0.07066342 0.01001226 -0.00182819
v -0.06987062 0.01169460 -0.00087733
v -0.06889634 0.01166103 0.00176791
v -0.06936825 0.00906141 0.00226070
v -0.06308448 0.00620060 0.01440375
v -0.06008086 0.00590112 0.01840507
v -0.06188066 0.00590474 0.01617707
v -0.06217432 0.01103470 0.01443041
v -0.05892313 0.01072834 0.01880149
v -0.06054991 0.01102246 0.01675274
v -0.06333780 0.00864544 0.01348603
v -0.05533858 0.00557451 0.02356169
v -0.05599073 0.00554186 0.02294596
v -0.05759742 0.00580978 0.02124751
v -0.05353939 0.00567934 0.02509552
v -0.05433142 0.01057417 0.02374338
v -0.05544920 0.01076041 0.02265030
v -0.05650615 0.01066304 0.02157168
v -0.05284362 0.00828242 0.02542532
v -0.05854043 0.00832148 0.01979995
v -0.07174938 0.01389969 -0.00878118
v -0.07238086 0.01163904 -0.00871720
v -0.07178373 0.01236423 -0.00720524
v -0.07297289 0.00956646 -0.00880490
v -0.07245456 0.01163565 -0.00902220
v -0.07335218 0.00724776 -0.00848707
v -0.07310291 0.00852026 -0.00844815
v -0.07290718 0.00701559 -0.00682063
v -0.07320421 0.00860660 -0.00892363
v -0.07389629 0.00297293 -0.00845171
v -0.07395582 0.00117577 -0.00821061
v -0.07342124 0.00274468 -0.00674130
v -0.07401104 0.00047474 -0.00833965
v -0.07396992 0.00006873 -0.00817903
v -0.07408186 0.00083486 -0.00864337
v -0.07393499 -0.00032689 -0.00807405
v -0.07391814 -0.00223358 -0.00837743
v -0.07349249 -0.00054356 -0.00664695
v -0.07342691 -0.00225887 -0.00671053
v -0.07405224 -0.00030416 -0.00848126
v -0.07381196 -0.00377153 -0.00843302
v -0.07329480 -0.00432914 -0.00685041
v -0.07165317 -0.01390031 -0.00857700
v -0.07198045 -0.01312890 -0.00890273
v -0.07121764 -0.01397095 -0.00710321
v -0.07105859 -0.01450652 -0.00721658
v -0.07101675 -0.01504465 -0.00781498
v -0.07311998 -0.00840703 -0.00854989
v -0.07304280 -0.00587307 -0.00677918
v -0.07266385 -0.00825137 -0.00683637
v -0.07356936 -0.00591176 -0.00860743
v -0.05169528 -0.03580265 -0.00821647
v -0.05426405 -0.03416654 -0.00724343
v -0.05226474 -0.03529834 -0.00733891
v -0.07034534 -0.01714031 -0.00882822
v -0.07079383 -0.01563660 -0.00788457
v -0.07132406 -0.01501674 -0.00887510
v -0.06418985 -0.02655403 -0.00894969
v -0.06314055 -0.02718593 -0.00739446
v -0.06407259 -0.02614845 -0.00742833
v -0.06919948 -0.01948426 -0.00894991
v -0.06794850 -0.02120574 -0.00805974
v -0.06856431 -0.01980650 -0.00729028
v -0.06786571 -0.02098335 -0.00729081
v -0.06741986 -0.02203675 -0.00806848
v -0.06713938 -0.02214493 -0.00734976
v -0.06661656 -0.02291621 -0.00737802
v -0.06799195 -0.02158444 -0.00908059
v -0.06513950 -0.02544281 -0.00896220
v -0.06526406 -0.02474227 -0.00742342
v -0.06596358 -0.02382334 -0.00738615
v -0.06478455 -0.02599231 -0.00938126
v -0.06669886 -0.02349464 -0.00909171
v -0.06232413 -0.02799950 -0.00734977
v -0.06124543 -0.02903953 -0.00736103
v -0.06276334 -0.02816773 -0.00916460
v -0.05959593 -0.03050213 -0.00741599
v -0.06035367 -0.02985712 -0.00739636
v -0.06120820 -0.02965249 -0.00918634
v -0.05710177 -0.03258580 -0.00803670
v -0.05667247 -0.03268354 -0.00734797
v -0.05811088 -0.03164604 -0.00742907
v -0.05863776 -0.03179065 -0.00932424
v -0.05542340 -0.03350323 -0.00734006
v -0.05609286 -0.03306663 -0.00734246
v -0.05467289 -0.03448250 -0.00923425
v -0.05632750 -0.03345360 -0.00922569
v -0.04983270 -0.03666296 -0.00809582
v -0.05153141 -0.03618280 -0.00946327
v -0.04914431 -0.03691094 -0.00795595
v -0.04749288 -0.03742832 -0.00742796
v -0.04900356 -0.03731475 -0.00930312
v -0.04424431 -0.03870881 -0.00843855
v -0.04595484 -0.03799215 -0.00752872
v -0.04435294 -0.03848943 -0.00758652
v -0.04713858 -0.03802917 -0.00945223
v -0.04253960 -0.03915266 -0.00845820
v -0.04233558 -0.03904272 -0.00772147
v -0.04132912 -0.03927840 -0.00772730
v -0.04359854 -0.03913759 -0.00975364
v -0.03649232 -0.04023542 -0.00879664
v -0.03733438 -0.03997781 -0.00788677
v -0.03961018 -0.03957535 -0.00773353
v -0.03974344 -0.03996021 -0.00970023
v -0.03476920 -0.04039492 -0.00882840
v -0.03388810 -0.04033509 -0.00811997
v -0.03595715 -0.04049417 -0.01007979
v -0.07730115 -0.00360158 -0.02688369
v -0.07485416 -0.00423026 -0.01300046
v -0.07462860 -0.00580268 -0.01303136
v -0.07668064 -0.00352925 -0.02235194
v -0.07662422 -0.00408427 -0.02236397
v -0.07456032 -0.01481654 -0.02692153
v -0.07111322 -0.01766883 -0.01324482
v -0.07278365 -0.01353794 -0.01320144
v -0.07237397 -0.01487757 -0.01328796
v -0.07196617 -0.01589819 -0.01327601
v -0.07066621 -0.01861429 -0.01349442
v -0.07422314 -0.01424197 -0.02249376
v -0.07348990 -0.01619746 -0.02263886
v -0.03936936 -0.04157485 -0.02761047
v -0.04154574 -0.04023815 -0.01432985
v -0.03930364 -0.04063150 -0.01445889
v -0.03726795 -0.04083821 -0.01460356
v -0.03924677 -0.04135177 -0.02338682
v -0.04062425 -0.04121605 -0.02339160
v -0.04184323 -0.04127895 -0.02764722
v -0.04218547 -0.04097383 -0.02329642
v -0.05159965 -0.03690676 -0.01403185
v -0.04972975 -0.03779575 -0.01399699
v -0.04879984 -0.03817214 -0.01398181
v -0.04702017 -0.03881307 -0.01414393
v -0.04497245 -0.03937564 -0.01431579
v -0.04495852 -0.03992416 -0.01868164
v -0.04814216 -0.03948212 -0.02309093
v -0.05522223 -0.03680723 -0.02728751
v -0.05477034 -0.03533054 -0.01390837
v -0.05718461 -0.03381402 -0.01380493
v -0.05619471 -0.03446644 -0.01377505
v -0.05287720 -0.03698996 -0.01840591
v -0.05618860 -0.03583419 -0.02296426
v -0.05507812 -0.03642692 -0.02288146
v -0.05131476 -0.03826449 -0.02295292
v -0.05362247 -0.03763515 -0.02726803
v -0.05437786 -0.03676427 -0.02281481
v -0.04920129 -0.03913520 -0.02311210
v -0.04869788 -0.03966456 -0.02753835
v -0.05779783 -0.03483729 -0.02293372
v -0.05757857 -0.03498350 -0.02295049
v -0.05843369 -0.03489827 -0.02734022
v -0.06370705 -0.02838219 -0.01363325
v -0.06272026 -0.02936879 -0.01358775
v -0.06150807 -0.03048763 -0.01371438
v -0.05991772 -0.03174208 -0.01383659
v -0.05999952 -0.03257245 -0.01824625
v -0.06358688 -0.03034217 -0.02285325
v -0.06273805 -0.03108529 -0.02282684
v -0.06328328 -0.03120300 -0.02746265
v -0.06194360 -0.03172048 -0.02274986
v -0.06194994 -0.03231640 -0.02730697
v -0.05909757 -0.03389447 -0.02274066
v -0.06156378 -0.03200592 -0.02270348
v -0.06096460 -0.03308691 -0.02720082
v -0.05886766 -0.03407197 -0.02279121
v -0.06046919 -0.03346589 -0.02724540
v -0.05865709 -0.03422980 -0.02282757
v -0.06013529 -0.03371322 -0.02726571
v -0.05842230 -0.03440200 -0.02286764
v -0.05980006 -0.03395654 -0.02728440
v -0.05803772 -0.03467295 -0.02290747
v -0.05877885 -0.03466773 -0.02732929
v -0.05929077 -0.03431552 -0.02730966
v -0.05733414 -0.03514265 -0.02296607
v -0.05808612 -0.03512556 -0.02734921
v -0.05668530 -0.03598931 -0.02734714
v -0.05688827 -0.03542210 -0.02297797
v -0.05756020 -0.03545917 -0.02735924
v -0.06598358 -0.02576741 -0.01365810
v -0.06897970 -0.02165565 -0.01346625
v -0.06812973 -0.02296686 -0.01340454
v -0.06720379 -0.02428083 -0.01352086
v -0.07097038 -0.01979012 -0.01797390
v -0.06613734 -0.02677217 -0.01811441
v -0.06614109 -0.02759658 -0.02263599
v -0.06843925 -0.02493128 -0.02266750
v -0.06446933 -0.02948408 -0.02278447
v -0.06452040 -0.03004963 -0.02722656
v -0.07355893 -0.01728988 -0.02712565
v -0.07289819 -0.01747619 -0.02259162
v -0.07207853 -0.01899692 -0.02251191
v -0.07039622 -0.02206422 -0.02260398
v -0.07231874 -0.01970268 -0.02692752
v -0.06935768 -0.02370374 -0.02272595
v -0.06916343 -0.02479762 -0.02730544
v -0.07061289 -0.02263283 -0.02703662
v -0.07708406 -0.00518386 -0.02678351
v -0.07645478 -0.00528547 -0.02235537
v -0.07578329 -0.01102538 -0.02665034
v -0.07666510 -0.00765014 -0.02683976
v -0.07407378 -0.00878989 -0.01294562
v -0.07372935 -0.01030453 -0.01309416
v -0.07433815 -0.00765110 -0.01303984
v -0.07566593 -0.00598070 -0.01764695
v -0.07523779 -0.01084565 -0.02238156
v -0.07423378 -0.01194942 -0.01780814
v -0.07616981 -0.00712609 -0.02238690
v -0.07584128 -0.00873297 -0.02242187
v -0.07607360 -0.00198103 -0.01752750
v -0.07696419 -0.00190234 -0.02339387
v -0.07631475 -0.00215058 -0.01893773
v -0.07638013 0.00038083 -0.01871544
v -0.07740680 -0.00196233 -0.02680626
v -0.07704763 -0.00056584 -0.02346761
v -0.07705862 0.00011444 -0.02348617
v -0.07749307 -0.00028881 -0.02694186
v -0.07450156 0.00270866 -0.01087359
v -0.07450602 -0.00209878 -0.01070324
v -0.07461547 0.00120024 -0.01080638
v -0.07462614 0.00013824 -0.01072222
v -0.07462284 -0.00067303 -0.01076258
v -0.07451996 -0.00247239 -0.01088911
v -0.07555248 -0.00217672 -0.01514535
v -0.07568507 0.00037953 -0.01527042
v -0.03433771 -0.04103395 -0.01394176
v -0.03724206 -0.04119805 -0.01816972
v -0.03897249 0.04026453 -0.00999584
v -0.04062016 0.03998523 -0.00999050
v -0.04406583 0.03915166 -0.00970621
v -0.04624364 0.03847705 -0.00954403
v -0.04441906 0.03886235 -0.00867366
v -0.04502769 0.03852188 -0.00791039
v -0.05777216 0.03259477 -0.00931375
v -0.05873034 0.03140375 -0.00766707
v -0.06019930 0.03068072 -0.00925231
v -0.05955581 0.03075963 -0.00767426
v -0.05902918 0.03163993 -0.00940730
v -0.06624884 0.02428994 -0.00923887
v -0.06546172 0.02528766 -0.00924300
v -0.06848990 0.02088452 -0.00905131
v -0.06960165 0.01891872 -0.00898609
v -0.06838264 0.02069119 -0.00820021
v -0.06871337 0.01978782 -0.00745190
v -0.07030176 0.01749046 -0.00887754
v -0.07053164 0.01650169 -0.00805432
v -0.07119559 0.01546671 -0.00889438
v -0.07082332 0.01586433 -0.00810659
v -0.07081703 0.01642337 -0.00902974
v -0.07347454 0.01757438 -0.02709617
v -0.07125148 0.01758116 -0.01327807
v -0.07223745 0.01527973 -0.01317423
v -0.07252808 0.01453660 -0.01334335
v -0.07083337 0.01846892 -0.01351464
v -0.07159543 0.01687938 -0.01331324
v -0.07193627 0.01608174 -0.01327829
v -0.07287107 0.01765725 -0.02261778
v -0.07331349 0.01671269 -0.02264612
v -0.07687712 0.00270530 -0.02324391
v -0.07716314 0.00479317 -0.02679758
v -0.07703617 0.00098395 -0.02345472
v -0.07748417 0.00075447 -0.02694239
v -0.07697127 0.00188668 -0.02336442
v -0.07733342 0.00348365 -0.02701450
v -0.07744997 0.00213768 -0.02715619
v -0.07407500 0.01626342 -0.02728213
v -0.07367478 0.01584469 -0.02260926
v -0.07423999 0.01425546 -0.02245796
v -0.07482021 0.01428346 -0.02703496
v -0.07460830 0.00587231 -0.01303207
v -0.07455897 0.00619594 -0.01298907
v -0.07440650 0.00717126 -0.01293495
v -0.07348094 0.01139888 -0.01326218
v -0.07406379 0.00916248 -0.01310835
v -0.07428855 0.00801679 -0.01304654
v -0.07576246 0.00435323 -0.01753645
v -0.07599454 0.00440740 -0.01886325
v -0.07527140 0.00437505 -0.01524300
v -0.07413609 0.01237561 -0.01780833
v -0.07623718 0.00673281 -0.02232786
v -0.07633389 0.00588499 -0.02220721
v -0.07521878 0.01105550 -0.02234830
v -0.07566102 0.01178186 -0.02697225
v -0.07555987 0.00994422 -0.02239809
v -0.07678528 0.00715958 -0.02699077
v -0.07588805 0.00865743 -0.02243362
v -0.07622069 0.00976273 -0.02691716
v -0.07263536 0.01926462 -0.02703416
v -0.07229542 0.01874937 -0.02252842
v -0.06759805 0.02382702 -0.01334508
v -0.06831038 0.02278714 -0.01332257
v -0.06641660 0.02537420 -0.01350312
v -0.06715820 0.02444653 -0.01351068
v -0.06922201 0.02134668 -0.01351513
v -0.07083185 0.02015114 -0.01798248
v -0.07065666 0.02168275 -0.02254342
v -0.07137598 0.02150568 -0.02700658
v -0.06985559 0.02304747 -0.02266792
v -0.06192054 0.03021414 -0.01353774
v -0.06332144 0.02886641 -0.01350820
v -0.06417917 0.02795699 -0.01358792
v -0.06024199 0.03162745 -0.01383997
v -0.06119526 0.03086580 -0.01376620
v -0.06598261 0.02705880 -0.01812458
v -0.06791167 0.02569267 -0.02265092
v -0.06555567 0.02839338 -0.02267724
v -0.06908533 0.02419411 -0.02273212
v -0.07009800 0.02355730 -0.02712403
v -0.06856492 0.02564305 -0.02714181
v -0.05649747 0.03621825 -0.02754468
v -0.05421817 0.03573500 -0.01383831
v -0.05604021 0.03466531 -0.01368796
v -0.05709085 0.03397823 -0.01371762
v -0.05776006 0.03351635 -0.01388984
v -0.05985734 0.03279120 -0.01827433
v -0.05594800 0.03607499 -0.02295752
v -0.05688781 0.03552477 -0.02297631
v -0.06158563 0.03211111 -0.02281046
v -0.05866092 0.03479217 -0.02714111
v -0.05868694 0.03430732 -0.02284288
v -0.06380076 0.03024587 -0.02284681
v -0.06596777 0.02862540 -0.02706732
v -0.06236919 0.03199130 -0.02715826
v -0.05447029 0.03728288 -0.02719475
v -0.05442632 0.03685600 -0.02287448
v -0.04540788 0.03938285 -0.01418334
v -0.04826126 0.03848284 -0.01391580
v -0.05000749 0.03778039 -0.01392168
v -0.05113285 0.03725672 -0.01398252
v -0.04674957 0.03900344 -0.01416211
v -0.05276113 0.03715702 -0.01844533
v -0.05122348 0.03840671 -0.02296155
v -0.04912144 0.03926705 -0.02311390
v -0.03969293 0.04165574 -0.02767175
v -0.03785618 0.04091319 -0.01452662
v -0.03917119 0.04075610 -0.01434728
v -0.04152574 0.04034691 -0.01423132
v -0.04219843 0.04020293 -0.01426789
v -0.04045100 0.04055077 -0.01435289
v -0.04488359 0.04005308 -0.01872498
v -0.03953127 0.04143421 -0.02338344
v -0.04061717 0.04132097 -0.02339272
v -0.04179386 0.04138871 -0.02762765
v -0.04213591 0.04108577 -0.02329814
v -0.04799848 0.03963111 -0.02309067
v -0.04856967 0.03981467 -0.02762717
v 0.10045433 -0.04652212 -0.02178531
v 0.10369761 -0.04606170 -0.02166391
v 0.10360815 -0.04680120 -0.02438310
v 0.06621510 -0.03916972 0.00107067
v 0.06779726 -0.03841724 0.00215781
v 0.10074447 -0.04502511 -0.01702808
v 0.07386705 -0.03670033 0.00361090
v 0.07208942 -0.03768062 0.00240251
v 0.10500187 -0.04486901 -0.01829070
v 0.10816665 -0.04512485 -0.02078774
v 0.10481026 -0.04390490 -0.01572634
v 0.10514441 -0.04446999 -0.01716949
v 0.10049329 -0.04571694 -0.01889985
v 0.10078192 -0.04543991 -0.01819486
v 0.10494583 -0.04480015 -0.01805376
v 0.11016833 -0.04566916 -0.02413200
v 0.11141489 -0.04452959 -0.02088784
v 0.07847015 -0.03452871 0.00526413
v 0.11501805 -0.04378816 -0.02094537
v 0.11543410 -0.04462715 -0.02447539
v 0.11692731 -0.04332851 -0.02101447
v 0.11855351 -0.04382686 -0.02462675
v 0.11891861 -0.04178363 -0.01743092
v 0.11926517 -0.04268398 -0.02105285
v 0.12057772 -0.04232651 -0.02115298
v 0.12078112 -0.04315487 -0.02467720
v 0.12131542 -0.04210359 -0.02121501
v 0.12206155 -0.04089200 -0.01751185
v 0.12235006 -0.04177987 -0.02127995
v 0.12360691 -0.04216525 -0.02475459
v 0.12420486 -0.04110231 -0.02132957
v 0.12536171 -0.03925801 -0.01644212
v 0.12691693 -0.04009060 -0.02150522
v 0.12939311 -0.03900101 -0.02169677
v 0.13301052 -0.03779495 -0.02519745
v 0.13207137 -0.03768281 -0.02185448
v 0.13433091 -0.03639366 -0.02203259
v 0.13585412 -0.03545795 -0.02211326
v 0.13492729 -0.03529539 -0.01850526
v 0.13631265 -0.03578304 -0.02550137
v 0.13683530 -0.03479624 -0.02221364
v 0.13719118 -0.03383482 -0.01857755
v 0.13769052 -0.03420391 -0.02230208
v 0.13848404 -0.03417108 -0.02560269
v 0.13898855 -0.03319481 -0.02237581
v 0.13976502 -0.03142783 -0.01744486
v 0.14085519 -0.03166191 -0.02255657
v 0.14454070 -0.02797681 -0.02292264
v 0.14626013 -0.02585793 -0.02310764
v 0.14719005 -0.02460157 -0.02317815
v 0.14656597 -0.02496717 -0.01967302
v 0.14740160 -0.02468162 -0.02640907
v 0.14775280 -0.02377009 -0.02327034
v 0.14813076 -0.02272597 -0.01975789
v 0.14832380 -0.02287374 -0.02335465
v 0.15317531 -0.01062529 -0.02050161
v 0.14970284 -0.01936013 -0.01836697
v 0.15224079 -0.01423710 -0.02372254
v 0.14933469 -0.02109666 -0.02341606
v 0.15035697 -0.01906657 -0.02348219
v 0.15370066 -0.00802887 -0.02054967
v 0.15402625 -0.00583677 -0.02397861
v 0.15406242 -0.00425262 -0.01971567
v 0.15420417 -0.00372785 -0.02397038
v 0.15435243 -0.00079743 -0.02089005
v 0.15436495 0.00004429 -0.02406861
v 0.10050209 -0.04741489 -0.02540870
v 0.10707696 -0.04653558 -0.02541217
v 0.11398634 -0.04518985 -0.02547981
v 0.11580517 -0.04476815 -0.02566754
v 0.12031869 -0.04349113 -0.02567961
v 0.12118238 -0.04320336 -0.02564343
v 0.12604019 -0.04140850 -0.02576961
v 0.12659756 -0.04112539 -0.02554866
v 0.12688615 -0.04114297 -0.02634616
v 0.13829904 -0.03442219 -0.02632909
v 0.13941319 -0.03355274 -0.02644265
v 0.13519187 -0.03666029 -0.02624237
v 0.13080834 -0.03921699 -0.02605428
v 0.14225094 -0.03045848 -0.02330643
v 0.14484007 -0.02810613 -0.02670688
v 0.14640046 -0.02616406 -0.02689972
v 0.14574416 -0.02660427 -0.02364881
v 0.15121396 -0.01719147 -0.02424518
v 0.15135949 -0.01712396 -0.02798312
v 0.15107356 -0.01753755 -0.02422882
v 0.15112045 -0.01772776 -0.02793336
v 0.15090813 -0.01792687 -0.02419656
v 0.15087120 -0.01832969 -0.02789715
v 0.15073518 -0.01831489 -0.02415166
v 0.15061033 -0.01893018 -0.02783910
v 0.15059645 -0.01861447 -0.02412515
v 0.15004412 -0.02011230 -0.02723000
v 0.15033974 -0.01952682 -0.02779421
v 0.14848332 -0.02299432 -0.02705118
v 0.14889526 -0.02195663 -0.02398343
v 0.14933674 -0.02149721 -0.02717859
v 0.15336660 -0.01005834 -0.02447863
v 0.15328888 -0.01040625 -0.02445245
v 0.15302469 -0.01155192 -0.02444418
v 0.15319762 -0.01102384 -0.02806390
v 0.15273835 -0.01267844 -0.02442028
v 0.15284322 -0.01228871 -0.02443852
v 0.15274663 -0.01286140 -0.02807498
v 0.15294180 -0.01189942 -0.02444564
v 0.15305648 -0.01163676 -0.02807431
v 0.15290624 -0.01224889 -0.02807305
v 0.15262714 -0.01306817 -0.02439066
v 0.15257776 -0.01347285 -0.02807237
v 0.15250925 -0.01345831 -0.02434935
v 0.15239938 -0.01408372 -0.02806738
v 0.15239374 -0.01382077 -0.02430570
v 0.15196910 -0.01538513 -0.02734964
v 0.15221085 -0.01469416 -0.02803146
v 0.15185897 -0.01571804 -0.02738837
v 0.15201216 -0.01530238 -0.02795884
v 0.15172957 -0.01608876 -0.02739453
v 0.15158736 -0.01651834 -0.02798953
v 0.15180429 -0.01591144 -0.02795854
v 0.15434318 -0.00142532 -0.02462057
v 0.15398486 -0.00627567 -0.02456099
v 0.15407552 -0.00556657 -0.02759259
v 0.15358046 -0.00896703 -0.02452322
v 0.15215805 0.01493973 -0.02796438
v 0.15252565 0.01375250 -0.02806967
v 0.15314206 0.01136779 -0.02807892
v 0.15284733 0.01255989 -0.02806915
v 0.15117189 0.01769939 -0.02796302
v 0.15067396 0.01886836 -0.02779917
v 0.14282064 0.03057967 -0.02730997
v 0.13341538 0.03780815 -0.02629450
v 0.12358590 0.04257632 -0.02648417
v 0.10603325 0.04683894 -0.02564557
v 0.10756601 0.04656460 -0.02552777
v 0.10933802 0.04632952 -0.02587393
v 0.11814191 0.04427764 -0.02590816
v 0.10349497 0.04726716 -0.02606631
v 0.10095855 0.04758300 -0.02603851
v 0.11036588 0.04587658 -0.02471659
v 0.11124846 0.04583766 -0.02525774
v 0.11486713 0.04497733 -0.02510420
v 0.10303394 0.04715090 -0.02518853
v 0.10107058 0.04743380 -0.02531735
v 0.10041450 0.04752487 -0.02541011
v 0.10313695 0.04701958 -0.02466139
v 0.10053340 0.04732687 -0.02446512
v 0.10022517 0.04544735 -0.01775304
v 0.10323627 0.04633298 -0.02220388
v 0.10371295 0.04625607 -0.02218896
v 0.10058818 0.04653863 -0.02151486
v 0.10035433 0.04567244 -0.01842902
v 0.10035208 0.04531450 -0.01741875
v 0.10046426 0.04542590 -0.01776159
v 0.06611195 0.03943382 0.00086210
v 0.10022708 0.04519418 -0.01706495
v 0.10040939 0.04517843 -0.01707183
v 0.07157367 0.03724008 0.00355083
v 0.07077016 0.03775377 0.00292482
v 0.10565829 0.04573144 -0.02138513
v 0.10248295 0.04511102 -0.01757592
v 0.10267680 0.04531330 -0.01825479
v 0.10244924 0.04497929 -0.01719701
v 0.07494162 0.03657251 0.00372941
v 0.10898038 0.04518859 -0.02138824
v 0.10993206 0.04503511 -0.02140742
v 0.11191278 0.04454789 -0.02086948
v 0.10798582 0.04374169 -0.01614049
v 0.11294904 0.04434331 -0.02089128
v 0.11238934 0.04339337 -0.01717293
v 0.12358431 0.04243014 -0.02561972
v 0.12038249 0.04349607 -0.02533003
v 0.12185927 0.04308884 -0.02571752
v 0.11908492 0.04376934 -0.02487718
v 0.07916689 0.03444421 0.00532214
v 0.11755352 0.04340806 -0.02172740
v 0.11545693 0.04378723 -0.02104502
v 0.11559764 0.04266600 -0.01719778
v 0.11977493 0.04264260 -0.02118970
v 0.12292566 0.04168752 -0.02131650
v 0.12696757 0.04111445 -0.02578879
v 0.12571243 0.04163237 -0.02569925
v 0.12401248 0.04209224 -0.02471998
v 0.12517084 0.04085399 -0.02139473
v 0.12651890 0.03930571 -0.01749020
v 0.12768667 0.03985648 -0.02150772
v 0.13055623 0.03940506 -0.02581973
v 0.12851183 0.04040889 -0.02579555
v 0.12799177 0.04048485 -0.02491202
v 0.12957187 0.03902901 -0.02167153
v 0.13486718 0.03625934 -0.02269957
v 0.13274986 0.03752484 -0.02261959
v 0.13166897 0.03721098 -0.01847883
v 0.13191222 0.03784344 -0.02184597
v 0.13863331 0.03422921 -0.02622530
v 0.13644033 0.03589099 -0.02616700
v 0.13604076 0.03551212 -0.02270744
v 0.13542307 0.03511285 -0.01861591
v 0.13685907 0.03487862 -0.02220764
v 0.13938379 0.03306743 -0.02302693
v 0.13803243 0.03405515 -0.02235870
v 0.13762524 0.03363234 -0.01863068
v 0.14221901 0.03058420 -0.02326756
v 0.14109069 0.03161418 -0.02314269
v 0.14033391 0.03117724 -0.01779220
v 0.14257474 0.03074261 -0.02653039
v 0.14328870 0.03002663 -0.02676040
v 0.14268028 0.03006585 -0.02274335
v 0.14597472 0.02641491 -0.02366928
v 0.14457464 0.02800212 -0.02291916
v 0.14679566 0.02566514 -0.02681434
v 0.14836838 0.02329771 -0.02706856
v 0.14682953 0.02523885 -0.02374745
v 0.14694980 0.02456377 -0.01976845
v 0.14777698 0.02383212 -0.02326117
v 0.15017775 0.01993936 -0.02728756
v 0.14934424 0.02156905 -0.02721899
v 0.14896242 0.02194425 -0.02399591
v 0.14850075 0.02267103 -0.02336547
v 0.14844856 0.02231649 -0.01982142
v 0.14962408 0.02066317 -0.02345588
v 0.15181240 0.01569424 -0.02429491
v 0.15205605 0.01493590 -0.02428526
v 0.15085969 0.01809790 -0.02414477
v 0.15118335 0.01735776 -0.02419999
v 0.15065361 0.01849606 -0.02350522
v 0.15031880 0.01875499 -0.01998592
v 0.15140246 0.01707460 -0.02737718
v 0.15171357 0.01622422 -0.02737467
v 0.15122336 0.01752058 -0.02730020
v 0.15152123 0.01647355 -0.02372087
v 0.15317950 0.01101259 -0.02447158
v 0.15265210 0.01303493 -0.02432239
v 0.15282101 0.01245454 -0.02440699
v 0.15305513 0.01155146 -0.02446001
v 0.15230826 0.01376313 -0.02043448
v 0.15372844 0.00817936 -0.02452785
v 0.15340244 0.00996990 -0.02448829
v 0.15333088 0.01006069 -0.02055278
v 0.15356595 0.00910295 -0.02399098
v 0.15409817 0.00305301 -0.01938433
v 0.15406647 0.00568403 -0.02457387
v 0.15389899 0.00704898 -0.02454559
v 0.15380200 0.00746418 -0.02058749
v 0.15436078 0.00053203 -0.02711642
v 0.15435877 0.00068777 -0.02404918
v 0.11096137 -0.04313692 -0.01609109
v 0.11304503 -0.04420266 -0.02084820
v 0.11447476 -0.04240207 -0.01609286
v 0.07662966 -0.03503638 0.00519545
v 0.07560370 -0.03595768 0.00424527
v 0.11071911 -0.04214402 -0.01424678
v 0.11430598 -0.04113026 -0.01387248
v 0.11242741 -0.04186845 -0.01431133
v 0.07863210 -0.03416458 0.00565069
v 0.11617374 -0.04008490 -0.01314430
v 0.08131088 -0.03274111 0.00637579
v 0.08081797 -0.03339565 0.00586815
v 0.11832993 -0.04011328 -0.01388927
v 0.12183427 -0.03925263 -0.01413242
v 0.11826055 -0.03939168 -0.01296485
v 0.12513069 -0.03802400 -0.01415612
v 0.12769417 -0.03738822 -0.01468159
v 0.13049136 -0.03562533 -0.01412912
v 0.12439284 -0.03783705 -0.01354151
v 0.08309297 -0.03169365 0.00676819
v 0.08330298 -0.03058257 0.00768170
v 0.12269892 -0.03788161 -0.01282291
v 0.12588280 -0.03638431 -0.01250688
v 0.08206640 -0.03223389 0.00660944
v 0.12149167 -0.03775698 -0.01223136
v 0.12313919 -0.03698872 -0.01205729
v 0.13383212 -0.03397514 -0.01439095
v 0.13654231 -0.03229649 -0.01453272
v 0.08633210 -0.02595585 0.01009864
v 0.13228023 -0.03405354 -0.01339955
v 0.12999005 -0.03430005 -0.01234930
v 0.13328590 -0.03263799 -0.01250192
v 0.08477849 -0.02945257 0.00811410
v 0.08468877 -0.02993280 0.00774756
v 0.08422942 -0.02735364 0.00987447
v 0.12733550 -0.03486723 -0.01165667
v 0.12559827 -0.03550883 -0.01158320
v 0.12931242 -0.03335797 -0.01125543
v 0.13904081 -0.03039817 -0.01466524
v 0.14098124 -0.02943544 -0.01559902
v 0.14302520 -0.02689710 -0.01503095
v 0.08823111 -0.02343609 0.01085446
v 0.13703562 -0.03122479 -0.01374045
v 0.13574481 -0.03115955 -0.01263823
v 0.13838480 -0.02948836 -0.01305387
v 0.08746355 -0.02482309 0.01037290
v 0.08748551 -0.02423472 0.01070454
v 0.13420661 -0.03125580 -0.01179689
v 0.13269596 -0.03134732 -0.01114512
v 0.13453696 -0.02997197 -0.01102879
v 0.14528019 -0.02436260 -0.01521278
v 0.14723088 -0.02165735 -0.01535858
v 0.14369633 -0.02532442 -0.01416718
v 0.14166448 -0.02612479 -0.01277759
v 0.14391169 -0.02356295 -0.01286126
v 0.13954126 -0.02740484 -0.01208293
v 0.13710257 -0.02827914 -0.01122891
v 0.13987059 -0.02512657 -0.01087418
v 0.14892088 -0.01879507 -0.01565996
v 0.15114597 -0.01379576 -0.01595998
v 0.15018517 -0.01706783 -0.01648807
v 0.14799242 -0.01940121 -0.01463396
v 0.14697219 -0.01982646 -0.01354857
v 0.14854099 -0.01693919 -0.01360848
v 0.14502068 -0.02137629 -0.01239970
v 0.14272406 -0.02212343 -0.01105865
v 0.14558933 -0.01884532 -0.01160266
v 0.15206387 -0.01066879 -0.01597550
v 0.15276996 -0.00750075 -0.01614169
v 0.15104876 -0.01234908 -0.01493200
v 0.14976779 -0.01397745 -0.01368544
v 0.15059734 -0.01082208 -0.01355502
v 0.14839378 -0.01528583 -0.01258859
v 0.14694980 -0.01587636 -0.01146164
v 0.14791725 -0.01357461 -0.01151649
v 0.15389260 0.00038310 -0.01769671
v 0.15337031 0.00311291 -0.01656687
v 0.15138685 0.00022265 -0.01285058
v 0.15318615 -0.00418655 -0.01629114
v 0.15278002 -0.00064816 -0.01488251
v 0.15118700 -0.00073314 -0.01262466
v 0.15256788 -0.00527908 -0.01520707
v 0.15176253 -0.00614763 -0.01396830
v 0.15008902 -0.00182005 -0.01152467
v 0.15193235 -0.00277479 -0.01369615
v 0.15059270 -0.00837873 -0.01280567
v 0.14897686 -0.01012253 -0.01156136
v 0.15004085 -0.00589545 -0.01181790
v 0.15347643 -0.00919561 -0.02012750
v 0.15294571 -0.01062111 -0.01863080
v 0.15349197 -0.00792829 -0.01865252
v 0.15285372 -0.00905021 -0.01700126
v 0.15372898 -0.00413589 -0.01789128
v 0.15425066 -0.00174561 -0.01960579
v 0.15423296 -0.00060349 -0.01927705
v 0.15380937 -0.00058863 -0.01738660
v 0.15370142 -0.00162344 -0.01710950
v 0.15193081 -0.01421448 -0.01872968
v 0.15099240 -0.01686285 -0.01870699
v 0.15165707 -0.01597990 -0.02367745
v 0.15131441 -0.01693422 -0.02421470
v 0.15067790 -0.01612248 -0.01667884
v 0.14624939 -0.02478855 -0.01779595
v 0.14746748 -0.02364030 -0.01925182
v 0.14785611 -0.02246516 -0.01779164
v 0.14677407 -0.02312973 -0.01619510
v 0.14306640 -0.02955912 -0.02272939
v 0.14190274 -0.02971587 -0.01773235
v 0.14375551 -0.02775212 -0.01771755
v 0.14171859 -0.02880758 -0.01566629
v 0.13460679 -0.03485310 -0.01666894
v 0.13626708 -0.03430961 -0.01798064
v 0.13691415 -0.03332459 -0.01662756
v 0.13568029 -0.03338159 -0.01519031
v 0.12983070 -0.03878342 -0.02164544
v 0.12844131 -0.03816335 -0.01673161
v 0.13100340 -0.03687422 -0.01670095
v 0.12848544 -0.03710199 -0.01476035
v 0.11871692 -0.04114402 -0.01573605
v 0.12120872 -0.04093241 -0.01684809
v 0.12190833 -0.04019826 -0.01571309
v 0.12091286 -0.03979921 -0.01447572
v 0.08764670 -0.02164851 0.01196825
v 0.13423793 -0.02686395 -0.00924316
v 0.13555891 -0.02574960 -0.00923025
v 0.14816467 0.00009375 -0.00992014
v 0.14809332 -0.00180301 -0.00991585
v 0.14799370 -0.00358253 -0.00990229
v 0.14766965 -0.00569658 -0.00986155
v 0.14643452 -0.00168607 -0.00864207
v 0.14671290 -0.00992465 -0.00977322
v 0.14730309 -0.00783632 -0.00983198
v 0.14574859 -0.00555824 -0.00843742
v 0.14605202 -0.01188679 -0.00971211
v 0.14551961 -0.01329305 -0.00969064
v 0.14480263 -0.00981655 -0.00842738
v 0.14456407 -0.01525607 -0.00961440
v 0.14503451 -0.01430678 -0.00964685
v 0.14359600 -0.01287648 -0.00831886
v 0.14400376 -0.01629595 -0.00959341
v 0.14287598 -0.01804068 -0.00950610
v 0.14266279 -0.01486375 -0.00830826
v 0.09079139 -0.01649734 0.01277467
v 0.09049064 -0.01761682 0.01252008
v 0.14022595 -0.02147053 -0.00938007
v 0.14154315 -0.01984686 -0.00943131
v 0.08924086 -0.01947462 0.01233398
v 0.08908946 -0.02026479 0.01204876
v 0.13875277 -0.02296220 -0.00931850
v 0.13728527 -0.02438779 -0.00927916
v 0.13497366 -0.02417297 -0.00823644
v 0.13806952 -0.02112867 -0.00820085
v 0.00513125 0.04477644 -0.01795961
v 0.00526144 0.04465036 -0.01710617
v 0.05599717 0.04891891 -0.02607750
v 0.08839157 0.04858377 -0.02633266
v 0.08262859 0.04876447 -0.02593650
v 0.05475466 -0.04881268 -0.02608296
v 0.08597688 -0.04857021 -0.02606162
v 0.09983982 -0.04746566 -0.02531670
v 0.09994658 -0.04758784 -0.02601824
v 0.14790075 -0.02395871 -0.02684827
v 0.14790542 -0.02399765 -0.02743963
v 0.15434825 -0.00122125 -0.02432546
v 0.15436037 -0.00044164 -0.02737867
v 0.15436031 -0.00048395 -0.02432624
v 0.15435245 -0.00104845 -0.02793384
v 0.15162575 -0.01635236 -0.02706074
v 0.15148598 -0.01677311 -0.02765385
v 0.15135423 -0.01711232 -0.02759800
v 0.15160522 -0.01644953 -0.02765659
v 0.15145563 -0.01655002 -0.02393821
v 0.14322866 -0.02994258 -0.02631819
v 0.14251718 -0.03015713 -0.02303155
v 0.14280290 -0.03045431 -0.02689554
v 0.14271293 -0.02995810 -0.02299857
v 0.13734400 -0.03513367 -0.02606384
v 0.13736046 -0.03520282 -0.02668070
v 0.12765712 -0.04054323 -0.02507135
v 0.13002781 -0.03950881 -0.02537613
v 0.12899410 -0.03924573 -0.02196422
v 0.12845662 -0.04034861 -0.02590779
v 0.13018789 -0.03958527 -0.02635928
v 0.10973734 -0.04591727 -0.02482006
v 0.11298199 -0.04531362 -0.02492849
v 0.10994898 -0.04604599 -0.02565328
v 0.11343861 -0.04537760 -0.02581780
v 0.12185517 -0.04293465 -0.02538321
v 0.12365352 -0.04227815 -0.02545350
v 0.12133237 -0.04323788 -0.02613530
v 0.06412120 -0.03948539 0.00084730
v 0.06152989 -0.04044735 -0.00073258
v 0.09817867 -0.04566690 -0.01813865
v 0.09829045 -0.04494874 -0.01622393
v 0.09855584 -0.04531399 -0.01723250
v 0.09826136 -0.04558893 -0.01792744
v 0.05395934 -0.04153547 -0.00215913
v 0.05635715 -0.04085917 -0.00092833
v 0.05297385 -0.04182515 -0.00275826
v 0.05122353 -0.04217524 -0.00351860
v 0.09089873 -0.04562441 -0.01656225
v 0.08846913 -0.04834559 -0.02543289
v 0.09507547 -0.04649862 -0.01997548
v 0.09509412 -0.04718485 -0.02251430
v 0.09296873 -0.04625445 -0.01867856
v 0.08764016 -0.04658504 -0.01867328
v 0.08946612 -0.04766355 -0.02266415
v 0.08150679 -0.04681409 -0.01871877
v 0.08352046 -0.04737133 -0.02069730
v 0.07695747 -0.04808702 -0.02271812
v 0.04437364 -0.04240253 -0.00366661
v 0.04281900 -0.04263672 -0.00429097
v 0.04383124 -0.04250080 -0.00391406
v 0.07863685 -0.04630707 -0.01703188
v 0.07453414 -0.04702456 -0.01882387
v 0.03219875 -0.04316573 -0.00605945
v 0.03378608 -0.04313729 -0.00591435
v 0.06548721 -0.04761782 -0.02076426
v 0.06507949 -0.04808510 -0.02265209
v 0.06267136 -0.04708775 -0.01896522
v 0.05053873 -0.04865546 -0.02532992
v 0.05423963 -0.04810177 -0.02275077
v 0.14951675 0.00850735 -0.01166433
v 0.14642369 0.00263512 -0.00869471
v 0.14757703 0.00660851 -0.00986196
v 0.15259042 0.00536282 -0.01522383
v 0.15206978 0.00273374 -0.01395051
v 0.15025484 0.00250949 -0.01172939
v 0.14800698 0.00250236 -0.00988839
v 0.14987928 0.00654145 -0.01171246
v 0.14782274 0.00498073 -0.00987347
v 0.14256962 0.01530926 -0.00838654
v 0.14529362 0.01391773 -0.00968475
v 0.14360599 0.01281183 -0.00827809
v 0.14563136 0.01313047 -0.00969715
v 0.15134371 0.01096859 -0.01475482
v 0.14945773 0.00936425 -0.01177773
v 0.14871256 0.01207437 -0.01179716
v 0.14621576 0.01171547 -0.00977766
v 0.14408524 0.01075692 -0.00813386
v 0.14686183 0.00970467 -0.00980658
v 0.14731077 0.00784067 -0.00982441
v 0.14721672 0.00832008 -0.00982465
v 0.14565578 0.00653670 -0.00844671
v 0.14708397 0.00880298 -0.00980520
v 0.14521437 0.00866258 -0.00844125
v 0.14787160 0.01984718 -0.01469382
v 0.14325032 0.01755893 -0.00951999
v 0.14430137 0.01580959 -0.00960330
v 0.14658612 0.01635124 -0.01134749
v 0.14238948 0.01884585 -0.00947279
v 0.14478705 0.01970363 -0.01129110
v 0.09045429 0.01709174 0.01276192
v 0.09014908 0.01822774 0.01250182
v 0.14007492 0.01891404 -0.00826033
v 0.14438129 0.02445515 -0.01406006
v 0.14167458 0.01963805 -0.00938637
v 0.14339816 0.02168150 -0.01121432
v 0.14041674 0.02133640 -0.00938645
v 0.08950411 0.01926064 0.01237471
v 0.13786870 0.02136868 -0.00814265
v 0.13890350 0.02306931 -0.00938807
v 0.14110880 0.02431443 -0.01112835
v 0.13804109 0.02381714 -0.00930779
v 0.08881005 0.02014877 0.01227837
v 0.08868053 0.02082508 0.01203109
v 0.13641918 0.02292992 -0.00818418
v 0.13711768 0.02464788 -0.00928672
v 0.08846955 0.02336294 0.01087611
v 0.13753364 0.03099047 -0.01379093
v 0.13761137 0.02761643 -0.01102560
v 0.13554291 0.02598150 -0.00927329
v 0.08759425 0.02486849 0.01038199
v 0.08762373 0.02424747 0.01072784
v 0.13495238 0.02977007 -0.01102713
v 0.08635518 0.02608106 0.01010510
v 0.13264400 0.03404281 -0.01351644
v 0.13286259 0.03135823 -0.01115951
v 0.08479838 0.02959511 0.00811099
v 0.08425062 0.02749254 0.00987375
v 0.12931515 0.03338917 -0.01120457
v 0.08328374 0.03174828 0.00678587
v 0.08342750 0.03051511 0.00782569
v 0.12417733 0.03790165 -0.01338512
v 0.12583611 0.03558714 -0.01164675
v 0.08210826 0.03233881 0.00663594
v 0.12333276 0.03695355 -0.01199841
v 0.07863171 0.03427187 0.00569553
v 0.11694381 0.03994850 -0.01310260
v 0.12160224 0.04209113 -0.02115890
v 0.11980684 0.04123145 -0.01634960
v 0.12272795 0.04032992 -0.01636894
v 0.12630875 0.03869124 -0.01582335
v 0.12922589 0.03817225 -0.01744341
v 0.13147122 0.03666998 -0.01658595
v 0.15221224 0.01018256 -0.01599429
v 0.15287504 0.00702694 -0.01619312
v 0.15067191 0.00816171 -0.01283095
v 0.15064502 0.00884105 -0.01295593
v 0.15166655 0.00660408 -0.01385475
v 0.15111068 0.00966551 -0.01381938
v 0.14926895 0.01840618 -0.01585265
v 0.15128412 0.01324197 -0.01583914
v 0.14869861 0.01481052 -0.01267675
v 0.15027119 0.01265641 -0.01381560
v 0.14813782 0.01745758 -0.01339282
v 0.14564958 0.02402078 -0.01527050
v 0.14754733 0.02138495 -0.01551667
v 0.14652395 0.02047672 -0.01332923
v 0.14495509 0.02146496 -0.01233340
v 0.14471282 0.02295241 -0.01310789
v 0.13951974 0.03024580 -0.01485770
v 0.14338452 0.02650607 -0.01494653
v 0.14250470 0.02542027 -0.01292853
v 0.14016412 0.02687123 -0.01205737
v 0.13869185 0.02906136 -0.01279604
v 0.13430681 0.03383251 -0.01445862
v 0.13693049 0.03215527 -0.01459081
v 0.13616224 0.03100281 -0.01268465
v 0.13453006 0.03119886 -0.01184652
v 0.13348986 0.03266223 -0.01255714
v 0.12588203 0.03788153 -0.01421344
v 0.13098639 0.03554930 -0.01425273
v 0.13017885 0.03433212 -0.01237318
v 0.12750555 0.03491324 -0.01167839
v 0.12624969 0.03636387 -0.01254200
v 0.12878005 0.03710843 -0.01483116
v 0.08146133 0.03287761 0.00633839
v 0.08090852 0.03353652 0.00583624
v 0.11928449 0.03995506 -0.01389222
v 0.12250209 0.03903820 -0.01401534
v 0.12301861 0.03774609 -0.01268881
v 0.12168150 0.03773048 -0.01216920
v 0.11848293 0.03938698 -0.01292219
v 0.12133190 0.03980065 -0.01453343
v 0.07687174 0.03501618 0.00533967
v 0.07636806 0.03564898 0.00467191
v 0.07569664 0.03618970 0.00409030
v 0.11196440 0.04201998 -0.01426712
v 0.11529521 0.04097257 -0.01385872
v 0.11219624 0.04271131 -0.01549737
v 0.11318372 0.04297768 -0.01650417
v 0.11544658 0.04196707 -0.01549828
v 0.11291238 0.04189471 -0.01435826
v 0.06656711 0.03922514 0.00117876
v 0.06899598 0.03812249 0.00267478
v 0.10080472 0.04513787 -0.01708376
v 0.10065281 0.04476932 -0.01611707
v 0.10270668 0.04444408 -0.01594502
v 0.13510139 0.03468192 -0.01675253
v 0.13663067 0.03418818 -0.01807089
v 0.13734358 0.03315106 -0.01671217
v 0.13603110 0.03329029 -0.01526868
v 0.14000874 0.03063118 -0.01606868
v 0.14225069 0.02953791 -0.01789307
v 0.14313950 0.02959369 -0.02275475
v 0.14417542 0.02739774 -0.01779186
v 0.14196679 0.02871922 -0.01575557
v 0.14664075 0.02440032 -0.01788737
v 0.14774136 0.02335123 -0.01934638
v 0.14817705 0.02208426 -0.01788507
v 0.14704947 0.02288034 -0.01628553
v 0.15006055 0.01864489 -0.01822992
v 0.15145700 0.01624568 -0.01985149
v 0.15209164 0.01365295 -0.01854372
v 0.15080867 0.01597002 -0.01676403
v 0.15311311 0.01006751 -0.01870935
v 0.15357203 0.00881571 -0.02020383
v 0.15360284 0.00738552 -0.01873070
v 0.15296413 0.00870453 -0.01708200
v 0.03262217 0.04310846 -0.00530874
v 0.03547273 0.04285724 -0.00449097
v 0.03686450 0.04280993 -0.00434573
v 0.05591565 0.04699512 -0.01825183
v 0.05395303 0.04171182 -0.00222962
v 0.05294991 0.04196534 -0.00273833
v 0.05184804 0.04221147 -0.00326636
v 0.06118219 0.03991916 0.00069127
v 0.05626789 0.04153917 -0.00209734
v 0.05856914 0.04084545 -0.00082016
v 0.09527103 0.04562682 -0.01714151
v 0.09526101 0.04577745 -0.01755835
v 0.09524732 0.04590858 -0.01793593
v 0.09526000 0.04529893 -0.01629919
v 0.08785022 0.04601512 -0.01676437
v 0.09494913 0.04654287 -0.01976828
v 0.09089968 0.04781665 -0.02336278
v 0.08742174 0.04671590 -0.01873488
v 0.08991721 0.04656453 -0.01866239
v 0.04757843 0.04240315 -0.00342576
v 0.04603293 0.04263618 -0.00397997
v 0.08118973 0.04637398 -0.01705489
v 0.04612128 0.04320473 -0.00572455
v 0.07901237 0.04828159 -0.02338585
v 0.06511144 0.04744729 -0.01981737
v 0.06789595 0.04720173 -0.01901902
v 0.08142071 0.04693938 -0.01879018
v 0.08334928 0.04746619 -0.02065183
v 0.07710462 0.04706391 -0.01876162
v 0.06957497 0.04881276 -0.02531915
v 0.07714426 0.04874625 -0.02526167
v 0.07539026 0.04820702 -0.02273298
v 0.05054176 0.04876005 -0.02534660
v 0.06022416 0.04878717 -0.02529214
v 0.06410724 0.04863523 -0.02451998
v 0.05339666 0.04747723 -0.01986984
v 0.06543740 0.04773494 -0.02081898
v 0.06361197 0.04820840 -0.02268189
v 0.05425845 0.04821603 -0.02279990
v 0.08932765 0.04835677 -0.02528325
v 0.08345687 0.04857291 -0.02510298
v 0.08545705 0.04858632 -0.02547099
v 0.08791459 0.04784168 -0.02267511
v 0.08179353 0.04805112 -0.02267571
v 0.09853902 0.04771242 -0.02543809
v 0.09854614 0.04757948 -0.02474167
v 0.09850578 0.04744499 -0.02411206
v 0.09842618 0.04677257 -0.02162600
v 0.09437396 0.04801797 -0.02518797
v 0.09309746 0.04748774 -0.02256993
v 0.03882821 -0.04262203 -0.00422481
v 0.06765375 -0.04658526 -0.01731856
v 0.05874003 -0.04702474 -0.01874360
v 0.09407683 0.00006154 0.01374832
v 0.14545394 0.00004017 -0.00797913
v 0.09406099 -0.00085430 0.01374746
v 0.09398388 -0.00286248 0.01369334
v 0.14564010 -0.00078526 -0.00809853
v 0.14510579 -0.00249699 -0.00783076
v 0.14454297 -0.00068410 -0.00748205
v 0.09367540 -0.00403767 0.01376996
v 0.14370638 -0.00291375 -0.00717188
v 0.09252979 -0.01111343 0.01341687
v 0.14245473 -0.01227423 -0.00759114
v 0.14247899 -0.01363162 -0.00788222
v 0.14171127 -0.01455054 -0.00773208
v 0.09339033 -0.00820174 0.01348005
v 0.09363933 -0.00597178 0.01366641
v 0.14450440 -0.00534927 -0.00769558
v 0.14464183 -0.00763711 -0.00796490
v 0.14350119 -0.00960949 -0.00765904
v 0.14392455 -0.00442831 -0.00735839
v 0.14338470 -0.00553092 -0.00717288
v 0.08934207 -0.01881008 0.01255566
v 0.13784611 -0.02054281 -0.00787019
v 0.13668422 -0.02192699 -0.00791088
v 0.09128614 -0.01514121 0.01298302
v 0.09173756 -0.01290537 0.01334258
v 0.09168840 -0.01415805 0.01307136
v 0.14204628 -0.01871276 -0.00928808
v 0.14109255 -0.01637075 -0.00792609
v 0.13994663 -0.01818752 -0.00795570
v 0.14073416 -0.01497707 -0.00740468
v 0.09260916 -0.00999067 0.01355487
v 0.14205644 -0.01126917 -0.00726343
v 0.14151685 -0.01203937 -0.00714823
v 0.14232874 -0.00962533 -0.00714592
v 0.00518188 0.04451228 -0.01637709
v 0.00640826 0.04392253 -0.01289613
v 0.01115402 0.04378723 -0.01090577
v 0.04584881 0.04873820 -0.02537968
v 0.05040974 0.04861782 -0.02463368
v 0.09367360 0.00419878 0.01376994
v 0.09374931 0.00231554 0.01382179
v 0.14393380 0.00455393 -0.00736010
v 0.09253493 0.01122613 0.01342069
v 0.14168503 0.01526197 -0.00789232
v 0.14265544 0.01354091 -0.00793133
v 0.14234611 0.01243021 -0.00755049
v 0.09173094 0.01306149 0.01334244
v 0.09127432 0.01534139 0.01297208
v 0.09166052 0.01441240 0.01305494
v 0.14062284 0.01696892 -0.00784312
v 0.13931968 0.01870898 -0.00782651
v 0.14083511 0.01511285 -0.00745842
v 0.09363828 0.00609955 0.01366829
v 0.09338971 0.00833180 0.01348145
v 0.14437069 0.00620177 -0.00766969
v 0.14294640 0.00976503 -0.00741456
v 0.14394650 0.00857987 -0.00770307
v 0.14462102 0.00766720 -0.00794517
v 0.14334407 0.00562685 -0.00715366
v 0.14231907 0.01034184 -0.00723081
v 0.09406240 0.00083886 0.01374941
v 0.14575474 0.00081718 -0.00816919
v 0.14511127 0.00320093 -0.00787629
v 0.14454371 0.00062705 -0.00748037
v 0.14369289 0.00284295 -0.00716205
v 0.02650058 0.04316362 -0.00577704
v 0.02838469 0.04323959 -0.00592585
v 0.01947157 0.04298551 -0.00571182
v 0.01582427 0.04284978 -0.00558540
v 0.04887577 0.04735986 -0.01962361
v 0.04919683 0.04761714 -0.02052132
v 0.01621646 0.04330385 -0.00736708
v 0.01190794 0.04333967 -0.00857119
v 0.01107846 0.04371036 -0.01055553
v 0.05032725 0.04850508 -0.02412286
v 0.04977030 0.04809067 -0.02234330
v 0.04567636 0.04850778 -0.02425736
v 0.04513908 0.04794131 -0.02198095
v 0.00556269 -0.04438969 -0.01631681
v 0.00523666 -0.04467591 -0.01807275
v 0.04519660 -0.04874374 -0.02615635
v 0.05471172 -0.04874437 -0.02570136
v 0.06314163 -0.04879118 -0.02578357
v 0.06977911 -0.04859397 -0.02480738
v 0.05843434 -0.04816258 -0.02298075
v 0.05894079 -0.04859829 -0.02485853
v 0.08422739 -0.04859293 -0.02579035
v 0.08597373 -0.04850503 -0.02569707
v 0.08669949 -0.04828740 -0.02475749
v 0.08684568 -0.04781672 -0.02288073
v 0.08085795 -0.04803680 -0.02293357
v 0.08039267 -0.04850033 -0.02483521
v 0.09640901 -0.04762611 -0.02467948
v 0.09595010 -0.04789609 -0.02581089
v 0.09090503 -0.04809944 -0.02486109
v 0.09123779 -0.04760162 -0.02290854
v 0.00593025 -0.04429020 -0.01565718
v 0.01624622 -0.04323927 -0.00775682
v 0.00640867 -0.04376364 -0.01284831
v 0.01198458 -0.04325902 -0.00888133
v 0.01114887 -0.04363192 -0.01087781
v 0.04586221 -0.04863649 -0.02537511
v 0.04984476 -0.04806385 -0.02268187
v 0.05040904 -0.04850395 -0.02457472
v 0.04505434 -0.04860560 -0.02544808
v 0.02648638 -0.04300661 -0.00574744
v 0.02769121 -0.04307297 -0.00590210
v 0.01877680 -0.04279158 -0.00559642
v 0.04917841 -0.04746602 -0.02033961
v 0.01884720 -0.04286547 -0.00586157
v 0.04926840 -0.04755327 -0.02064974
v 0.04475163 -0.04744103 -0.02042537
v 0.01882880 -0.04289543 -0.00597560
v 0.01586328 -0.04279686 -0.00594332
v 0.04929020 -0.04761469 -0.02087742
v 0.04528472 -0.04802297 -0.02271987
v 0.04484723 -0.04753365 -0.02075732
v -0.03889640 -0.03265234 -0.04672797
v -0.05133384 -0.02860827 -0.04679733
v -0.05396150 -0.02717218 -0.04675753
v -0.05531765 -0.02609300 -0.04679267
v -0.06302968 -0.01790039 -0.04680170
v -0.05736576 -0.02428686 -0.04681534
v -0.06208063 -0.01920115 -0.04681485
v -0.06016047 -0.02135026 -0.04684911
v -0.04206559 -0.03202820 -0.04677549
v -0.04881659 -0.03002174 -0.04676483
v -0.04602108 -0.03095880 -0.04679293
v -0.06783888 -0.00734678 -0.04672284
v -0.06832403 -0.00481924 -0.04674794
v -0.06796413 0.00688607 -0.04673473
v -0.06368009 0.00777278 -0.04740581
v -0.06705395 0.00962137 -0.04676672
v -0.06623666 0.01233376 -0.04672587
v -0.05947079 0.01539997 -0.04740643
v -0.05768636 0.01688236 -0.04740636
v -0.05661662 0.02476654 -0.04686756
v -0.05662189 0.01757975 -0.04740631
v -0.05357288 0.02736975 -0.04679922
v -0.05527718 0.01830013 -0.04740625
v -0.05091320 0.02902841 -0.04677500
v -0.05365599 0.01893080 -0.04740616
v -0.04750705 0.03052356 -0.04679410
v -0.05289982 0.01914304 -0.04740614
v -0.04482617 0.03162983 -0.04674286
v -0.05012748 0.01956188 -0.04740601
v -0.04078199 0.03211059 -0.04682880
v -0.06404571 -0.01618681 -0.04680560
v -0.05013679 -0.01945974 -0.04740609
v -0.05117588 -0.01936073 -0.04740613
v -0.05539033 -0.01814554 -0.04740633
v -0.05690974 -0.01730023 -0.04740640
v -0.05768539 -0.01677973 -0.04740642
v -0.05818542 -0.01641189 -0.04740645
v -0.06121679 -0.01329647 -0.04740638
v -0.06163008 -0.01276718 -0.04740593
v -0.05955204 -0.01522529 -0.04740649
v -0.06074704 -0.01389695 -0.04740648
v -0.05297540 -0.01902270 -0.04740622
v -0.05465790 -0.01846886 -0.04740629
v -0.06691913 -0.01012246 -0.04675397
v -0.06373273 -0.00763897 -0.04740521
v -0.06377960 -0.00667434 -0.04740649
v -0.06280724 0.00005067 -0.04740913
v -0.06555566 -0.01331787 -0.04677956
v -0.06865575 -0.00185397 -0.04674481
v -0.06385808 0.00513215 -0.04740663
v -0.06385990 -0.00503196 -0.04740663
v -0.06836572 0.00460348 -0.04674632
v -0.06381419 0.00645261 -0.04740651
v -0.06871150 0.00158125 -0.04674037
v -0.06171770 0.01296492 -0.04740389
v -0.06459928 0.01519503 -0.04679551
v -0.05979984 0.01509103 -0.04740641
v -0.05911175 0.02288032 -0.04679973
v -0.06114542 0.01977061 -0.04691778
v -0.00794849 0.02340519 -0.04740402
v 0.00434919 0.03678824 -0.04669424
v -0.00662119 0.02342324 -0.04740397
v 0.04822266 0.03665392 -0.04739877
v -0.00484391 -0.02334977 -0.04740398
v 0.05443084 -0.03669934 -0.04739837
v 0.00434624 -0.03661123 -0.04672160
v -0.00794899 -0.02330473 -0.04740412
v 0.04999878 -0.03663373 -0.04739858
v 0.05126634 -0.04069314 -0.04666373
v 0.05126808 0.04074328 -0.04668138
v 0.05265439 0.03674334 -0.04739845
v -0.00220800 0.02348736 -0.04740376
v 0.05396325 0.03672024 -0.04739856
v 0.05701288 0.04083950 -0.04667632
v 0.06116379 -0.04076703 -0.04668250
v 0.06247600 0.04089645 -0.04667760
v 0.00455945 -0.02343450 -0.04740355
v 0.06250839 -0.03667160 -0.04739838
v 0.06383552 -0.03669206 -0.04739832
v 0.06927920 -0.04086182 -0.04667151
v 0.00302534 0.02353505 -0.04740351
v 0.06361004 0.03681159 -0.04739813
v 0.06773473 0.04096257 -0.04667077
v 0.03910560 0.00229473 -0.04740188
v 0.03910553 -0.00786677 -0.04740189
v 0.14497999 -0.00635614 -0.04669383
v 0.03370796 -0.01754969 -0.04740217
v 0.13250974 -0.02848084 -0.04664737
v 0.03331083 -0.01785646 -0.04740219
v 0.12982622 -0.02531418 -0.04739518
v 0.13206514 -0.02882802 -0.04664623
v 0.13174408 -0.02902726 -0.04665841
v 0.03928838 0.00549649 -0.04740187
v 0.14543225 0.00124421 -0.04668194
v 0.14540708 0.00044692 -0.04669554
v 0.14541639 -0.00031638 -0.04669238
v 0.14137559 -0.00062088 -0.04739459
v 0.14543338 -0.00104380 -0.04668246
v 0.03898880 0.00870445 -0.04740188
v 0.14106976 0.00398875 -0.04739461
v 0.14482234 0.00765504 -0.04668259
v 0.14495613 0.00713875 -0.04666535
v 0.14510413 0.00662425 -0.04663995
v 0.14121450 0.00304676 -0.04739460
v 0.14091768 0.00625519 -0.04739460
v 0.14096341 0.00602118 -0.04739460
v 0.14100633 0.00578665 -0.04739459
v 0.14511729 0.00609121 -0.04666226
v 0.14513680 0.00556047 -0.04667938
v 0.14126967 0.00257338 -0.04739459
v 0.14112242 0.00484026 -0.04739459
v 0.14516763 0.00503405 -0.04668970
v 0.14536115 -0.00213747 -0.04669404
v 0.03922916 0.00345896 -0.04740188
v 0.14112805 -0.00445857 -0.04739462
v 0.14131018 -0.00125674 -0.04739461
v 0.14131380 -0.00162300 -0.04739460
v 0.14131333 -0.00229249 -0.04739460
v 0.14530701 -0.00323472 -0.04669277
v 0.14527939 -0.00397051 -0.04668257
v 0.14107925 -0.00512638 -0.04739462
v 0.14119281 -0.00396085 -0.04739461
v 0.14522497 -0.00470666 -0.04667750
v 0.14503403 -0.00598831 -0.04669257
v 0.14510976 -0.00543832 -0.04668986
v 0.14492494 -0.00691156 -0.04668359
v 0.14090791 -0.00628503 -0.04739463
v 0.14089830 -0.00645286 -0.04739461
v 0.14488222 -0.00747080 -0.04666664
v 0.14483346 -0.00803240 -0.04664773
v 0.12901644 -0.02590812 -0.04739523
v 0.13127913 -0.02934353 -0.04666480
v 0.13081992 -0.02966644 -0.04666588
v 0.12831440 -0.02636374 -0.04739528
v 0.12790998 -0.02666099 -0.04739529
v 0.13004749 -0.03018879 -0.04666459
v 0.01684690 -0.02293942 -0.04740297
v 0.01162310 -0.02328170 -0.04740321
v 0.07897540 -0.03660453 -0.04739761
v 0.09153080 -0.04020336 -0.04667301
v 0.07377272 -0.04085380 -0.04667088
v 0.08091576 -0.04069621 -0.04667192
v 0.00825898 0.02349034 -0.04740326
v 0.07411187 0.04091861 -0.04667193
v 0.13067852 0.02987159 -0.04666274
v 0.14391555 -0.01168474 -0.04666577
v 0.13992986 -0.01069176 -0.04739468
v 0.14382702 -0.01225145 -0.04663714
v 0.03575632 -0.01558307 -0.04740207
v 0.13735615 -0.02392579 -0.04664099
v 0.13693468 -0.02432060 -0.04666056
v 0.13375898 -0.02168882 -0.04739500
v 0.13652883 -0.02472695 -0.04667023
v 0.03422244 -0.01712189 -0.04740214
v 0.13072623 -0.02456435 -0.04739516
v 0.13060858 -0.02468454 -0.04739515
v 0.13379424 -0.02736851 -0.04666519
v 0.13292946 -0.02809931 -0.04666190
v 0.13335661 -0.02772858 -0.04666740
v 0.01814985 0.02291413 -0.04740280
v 0.01947940 0.02276131 -0.04740274
v 0.10089038 0.03954431 -0.04667036
v 0.02731847 0.02102021 -0.04740238
v 0.02876679 0.02047657 -0.04740232
v 0.12032882 0.03515046 -0.04666214
v 0.03021025 0.01983164 -0.04740225
v 0.12345881 0.03387709 -0.04665765
v 0.03753264 -0.01295582 -0.04740198
v 0.14168707 -0.01735858 -0.04666491
v 0.14149301 -0.01790773 -0.04663613
v 0.02284748 -0.02211402 -0.04740268
v 0.02135509 -0.02238730 -0.04740275
v 0.10773835 -0.03845022 -0.04666343
v 0.01814936 -0.02281426 -0.04740291
v 0.09818102 -0.03972942 -0.04667162
v 0.10283953 -0.03916354 -0.04667028
v 0.14131256 0.00209874 -0.04739459
v 0.14521733 0.00424656 -0.04669867
v 0.14537168 0.00216203 -0.04669232
v 0.14134683 0.00162332 -0.04739459
v 0.14530083 0.00320300 -0.04669753
v 0.14080896 -0.00677718 -0.04739464
v 0.14070830 -0.00743869 -0.04739464
v 0.14470737 -0.00858094 -0.04665557
v 0.14453093 -0.00911937 -0.04667815
v 0.14438190 -0.00966307 -0.04668825
v 0.01317987 0.02330384 -0.04740303
v 0.08438682 0.04068382 -0.04667190
v 0.09444296 0.04009632 -0.04667222
v 0.10467987 0.03902913 -0.04666803
v 0.02334671 0.02211017 -0.04740257
v 0.10561870 0.03465862 -0.04739618
v 0.11345773 0.03291732 -0.04739581
v 0.10871816 0.03834946 -0.04666760
v 0.11854659 0.03581633 -0.04665987
v 0.11486249 0.03259225 -0.04739574
v 0.11182756 0.03769578 -0.04666446
v 0.11581561 0.03664557 -0.04665450
v 0.12570380 0.03281213 -0.04666366
v 0.03247491 0.01854414 -0.04740215
v 0.13024520 0.03017941 -0.04665883
v 0.12814403 0.02661898 -0.04739514
v 0.12547798 0.02816376 -0.04739527
v 0.12813393 0.03128713 -0.04670985
v 0.14423309 -0.01020688 -0.04669424
v 0.03867709 -0.00999728 -0.04740191
v 0.14057562 -0.00775328 -0.04739466
v 0.14402104 -0.01112522 -0.04668493
v 0.13996280 -0.01052708 -0.04739469
v 0.13900243 -0.01284225 -0.04739475
v 0.14038163 -0.00890800 -0.04739467
v 0.14031803 -0.00923672 -0.04739466
v 0.14028562 -0.00940101 -0.04739466
v 0.14410600 -0.01075696 -0.04668995
v 0.14361268 -0.01278241 -0.04665246
v 0.13962144 -0.01164716 -0.04739470
v 0.14337812 -0.01330512 -0.04667310
v 0.14314459 -0.01382785 -0.04668864
v 0.13464260 -0.02068281 -0.04739495
v 0.13837823 -0.02253014 -0.04667606
v 0.13775762 -0.02350969 -0.04662713
v 0.13807259 -0.02302333 -0.04665214
v 0.03459606 -0.01678687 -0.04740212
v 0.13314508 -0.02225903 -0.04739505
v 0.13162104 -0.02380875 -0.04739511
v 0.13506230 -0.02622416 -0.04666488
v 0.13424905 -0.02702411 -0.04665014
v 0.13467008 -0.02664116 -0.04665155
v 0.03884765 0.00940515 -0.04740188
v 0.14063417 0.00789843 -0.04739461
v 0.14450389 0.00922175 -0.04668760
v 0.14470227 0.00817439 -0.04669202
v 0.14060661 0.00813599 -0.04739459
v 0.14460250 0.00869783 -0.04669136
v 0.14118627 -0.01839803 -0.04664946
v 0.13754167 -0.01639045 -0.04739482
v 0.13747461 -0.01654450 -0.04739481
v 0.14085869 -0.01887519 -0.04666895
v 0.13736380 -0.01667418 -0.04739483
v 0.14052580 -0.01934826 -0.04668568
v 0.03171289 -0.01892230 -0.04740226
v 0.12781650 -0.02666782 -0.04739531
v 0.12890612 -0.03098922 -0.04664298
v 0.02985504 -0.01990171 -0.04740236
v 0.12622552 -0.03225097 -0.04670900
v 0.12396596 -0.03368131 -0.04662263
v 0.02736892 -0.02090322 -0.04740247
v 0.12001731 -0.03069529 -0.04739568
v 0.12118344 -0.03454525 -0.04671138
v 0.02547097 -0.02149164 -0.04740255
v 0.11204149 -0.03741679 -0.04669819
v 0.11683658 -0.03616756 -0.04668546
v 0.13943786 -0.01211459 -0.04739471
v 0.13962520 -0.01147226 -0.04739471
v 0.13928327 -0.01259220 -0.04739472
v 0.14293930 -0.01435978 -0.04669099
v 0.14273655 -0.01489471 -0.04668756
v 0.13892664 -0.01353071 -0.04739473
v 0.14252619 -0.01542653 -0.04668457
v 0.14025110 -0.01985665 -0.04667505
v 0.03676696 -0.01425129 -0.04740202
v 0.13531643 -0.01972378 -0.04739494
v 0.13709239 -0.01709630 -0.04739485
v 0.13662350 -0.01798589 -0.04739483
v 0.13994508 -0.02034412 -0.04667313
v 0.13963214 -0.02083053 -0.04667079
v 0.13617682 -0.01869494 -0.04739479
v 0.13942432 -0.02115299 -0.04666683
v 0.13493262 -0.02027189 -0.04739496
v 0.13871831 -0.02206539 -0.04668090
v 0.13525467 -0.01988694 -0.04739494
v 0.13594937 -0.01894441 -0.04739490
v 0.13906621 -0.02160613 -0.04667739
v 0.13374427 -0.02167541 -0.04739502
v 0.13363666 -0.02180360 -0.04739502
v 0.13625655 -0.02499504 -0.04667543
v 0.13258662 -0.02288200 -0.04739507
v 0.13546757 -0.02582376 -0.04666799
v 0.13236544 -0.02313447 -0.04739505
v 0.13586487 -0.02541269 -0.04667140
v 0.13815386 -0.01520064 -0.04739479
v 0.13929705 -0.01224152 -0.04739473
v 0.13877515 -0.01382997 -0.04739475
v 0.14227819 -0.01594350 -0.04669149
v 0.14190473 -0.01682507 -0.04668033
v 0.13809111 -0.01535619 -0.04739479
v 0.14204802 -0.01646894 -0.04668876
v 0.14032189 0.00929341 -0.04739462
v 0.14040219 0.00906768 -0.04739459
v 0.14413422 0.01078526 -0.04668627
v 0.14438576 0.00974410 -0.04668806
v 0.14426342 0.01026460 -0.04668738
v 0.13111531 0.02956606 -0.04666261
v 0.13154656 0.02925194 -0.04666353
v 0.03363398 0.01770786 -0.04740210
v 0.12929878 0.02577600 -0.04739510
v 0.12890142 0.02603949 -0.04739512
v 0.12949702 0.02564341 -0.04739508
v 0.13217901 0.02875898 -0.04666841
v 0.13285984 0.02832235 -0.04664155
v 0.03400398 0.01740753 -0.04740208
v 0.13045277 0.02493041 -0.04739499
v 0.13330981 0.02802424 -0.04662201
v 0.13370234 0.02765126 -0.04663486
v 0.14376667 0.01236061 -0.04665701
v 0.14025659 0.00952259 -0.04739462
v 0.14403639 0.01131549 -0.04667042
v 0.13990361 0.01090842 -0.04739460
v 0.14396573 0.01185680 -0.04664056
v 0.13117620 0.02430842 -0.04739498
v 0.13407761 0.02726061 -0.04665370
v 0.13445734 0.02687382 -0.04666714
v 0.03471596 0.01677413 -0.04740205
v 0.13151523 0.02397235 -0.04739500
v 0.13188354 0.02366937 -0.04739496
v 0.13484997 0.02650249 -0.04667009
v 0.14315964 0.01386956 -0.04669073
v 0.03840019 0.01101110 -0.04740190
v 0.14004146 0.01020430 -0.04739464
v 0.14354579 0.01285732 -0.04667857
v 0.13981399 0.01113011 -0.04739464
v 0.13944906 0.01226474 -0.04739464
v 0.14334673 0.01336182 -0.04668844
v 0.13524626 0.02613274 -0.04666860
v 0.13257562 0.02301341 -0.04739494
v 0.13563055 0.02575130 -0.04667009
v 0.13601792 0.02537028 -0.04666751
v 0.03797450 0.01212348 -0.04740191
v 0.13916899 0.01292298 -0.04739467
v 0.14259255 0.01539505 -0.04668043
v 0.14298384 0.01438201 -0.04668552
v 0.13935730 0.01248488 -0.04739465
v 0.13894591 0.01360335 -0.04739465
v 0.14282897 0.01490509 -0.04666863
v 0.03538652 0.01609708 -0.04740202
v 0.13289559 0.02265942 -0.04739493
v 0.13323787 0.02232781 -0.04739492
v 0.13642426 0.02500643 -0.04665228
v 0.13678713 0.02459913 -0.04665633
v 0.13712187 0.02416632 -0.04667093
v 0.13854956 0.01447100 -0.04739469
v 0.14191059 0.01688059 -0.04668475
v 0.14235061 0.01588386 -0.04669089
v 0.14213931 0.01638572 -0.04668610
v 0.13746764 0.02374457 -0.04667643
v 0.13451790 0.02091540 -0.04739485
v 0.13782092 0.02332917 -0.04667503
v 0.13433865 0.02107577 -0.04739487
v 0.13450221 0.02090226 -0.04739486
v 0.13466280 0.02072606 -0.04739485
v 0.13818300 0.02291954 -0.04666646
v 0.13822715 0.01510897 -0.04739470
v 0.13793010 0.01575913 -0.04739470
v 0.13803258 0.01554400 -0.04739470
v 0.14119363 0.01835393 -0.04667235
v 0.14165873 0.01736475 -0.04668924
v 0.14141962 0.01785498 -0.04668532
v 0.13787296 0.01572984 -0.04739472
v 0.13724865 0.01701572 -0.04739473
v 0.13735923 0.01680453 -0.04739473
v 0.14036641 0.01977231 -0.04667397
v 0.14098157 0.01886254 -0.04664956
v 0.14068018 0.01932138 -0.04666087
v 0.13857122 0.02252731 -0.04664281
v 0.03644645 0.01481050 -0.04740198
v 0.13721349 0.01672168 -0.04739475
v 0.13462547 0.02069522 -0.04739486
v 0.13541140 0.01979891 -0.04739481
v 0.13634518 0.01841707 -0.04739478
v 0.13889817 0.02208811 -0.04664416
v 0.13917302 0.02160886 -0.04666622
v 0.13597193 0.01902742 -0.04739479
v 0.13946158 0.02114333 -0.04667759
v 0.14005987 0.02022573 -0.04668082
v 0.13676183 0.01783554 -0.04739475
v 0.13609378 0.01882196 -0.04739479
v 0.13975363 0.02067959 -0.04668405
v 0.00513568 0.04487904 -0.01865876
v 0.04600907 0.04897548 -0.02669904
v 0.05607323 0.04902022 -0.02669191
v 0.10105713 0.04767446 -0.02663511
v 0.10044612 0.04772369 -0.02652235
v 0.09970071 0.04778863 -0.02645825
v 0.09781386 0.04787263 -0.02593549
v 0.09974204 0.04788188 -0.02702465
v 0.09281149 0.04840250 -0.02663288
v 0.08897550 0.04863540 -0.02689464
v 0.09508643 0.04810420 -0.02594052
v 0.09626570 0.04821016 -0.02715892
v 0.08174659 0.04891593 -0.02664794
v 0.08378284 0.04886189 -0.02668927
v 0.08816611 0.04873669 -0.02734100
v 0.06864846 0.04904254 -0.02656393
v 0.07619107 0.04900501 -0.02666797
v 0.07261547 0.04891859 -0.02590629
v 0.05902982 0.04913109 -0.02736804
v 0.10653998 0.04697355 -0.02687394
v 0.10714219 0.04683697 -0.02658716
v 0.10823203 0.04665107 -0.02656393
v 0.10959961 0.04641398 -0.02664216
v 0.11038347 0.04625333 -0.02654936
v 0.11167937 0.04588024 -0.02596692
v 0.10923668 0.04657772 -0.02724995
v 0.11533225 0.04518689 -0.02683620
v 0.11317924 0.04555150 -0.02592921
v 0.11214015 0.04598320 -0.02713215
v 0.11941918 0.04404684 -0.02671199
v 0.11810281 0.04446936 -0.02700271
v 0.12022575 0.04378377 -0.02667018
v 0.12152605 0.04339411 -0.02688979
v 0.12124898 0.04335563 -0.02610113
v 0.12024327 0.04387819 -0.02728976
v 0.15434440 0.00147748 -0.02806129
v 0.15433750 0.00140728 -0.02497505
v 0.15433563 0.00173611 -0.02803285
v 0.15432693 0.00207167 -0.02902023
v 0.15432552 0.00168355 -0.02495095
v 0.15430925 0.00252671 -0.02900121
v 0.15431149 0.00195433 -0.02492424
v 0.15417363 0.00431668 -0.02491288
v 0.15428773 0.00298318 -0.02898316
v 0.15415948 0.00455420 -0.02492635
v 0.15426238 0.00343981 -0.02897032
v 0.15414037 0.00483631 -0.02494708
v 0.15423301 0.00389995 -0.02898362
v 0.15411864 0.00511947 -0.02496335
v 0.15419957 0.00436039 -0.02898704
v 0.15411975 0.00527555 -0.02857752
v 0.15409518 0.00539353 -0.02497418
v 0.15416195 0.00482240 -0.02899473
v 0.15409649 0.00551918 -0.02858228
v 0.15412003 0.00528584 -0.02900403
v 0.15407199 0.00575521 -0.02858082
v 0.15403657 0.00598239 -0.02498453
v 0.15407362 0.00575146 -0.02900592
v 0.15390178 0.00715566 -0.02860302
v 0.15399697 0.00632653 -0.02497913
v 0.15402283 0.00621729 -0.02900980
v 0.15378542 0.00799508 -0.02858493
v 0.15361272 0.00898693 -0.02799816
v 0.15366740 0.00858191 -0.02494298
v 0.15386898 0.00738768 -0.02906278
v 0.15324559 0.01092904 -0.02850353
v 0.15313940 0.01139798 -0.02851578
v 0.15342513 0.00998682 -0.02799603
v 0.15343261 0.00983997 -0.02492899
v 0.15349417 0.00964770 -0.02896107
v 0.15157444 0.01666635 -0.02842615
v 0.15189014 0.01579070 -0.02840452
v 0.15214621 0.01500078 -0.02849579
v 0.15166100 0.01639917 -0.02782802
v 0.15042162 0.01948135 -0.02830001
v 0.15075600 0.01871843 -0.02831568
v 0.14849923 0.02317435 -0.02822445
v 0.14797442 0.02399534 -0.02756475
v 0.14614548 0.02670814 -0.02790788
v 0.14706103 0.02535614 -0.02739899
v 0.14422823 0.02905480 -0.02777445
v 0.14548397 0.02756484 -0.02781088
v 0.14426443 0.02893602 -0.02709544
v 0.14544967 0.02710514 -0.02398573
v 0.14579888 0.02720980 -0.02846730
v 0.12798113 0.04084862 -0.02698759
v 0.12913861 0.04021032 -0.02640412
v 0.12674879 0.04139724 -0.02697987
v 0.12551660 0.04191604 -0.02695892
v 0.12383185 0.04257021 -0.02712238
v 0.12619064 0.04152838 -0.02628784
v 0.12726200 0.04125122 -0.02759742
v 0.13087035 0.03943315 -0.02706068
v 0.13019026 0.03969562 -0.02648018
v 0.12966725 0.04011209 -0.02755680
v 0.14274596 0.03070667 -0.02778975
v 0.14327267 0.03015215 -0.02777778
v 0.14419853 0.02914339 -0.02833673
v 0.14184111 0.03158577 -0.02753398
v 0.14066661 0.03267418 -0.02745992
v 0.14180914 0.03102790 -0.02366285
v 0.13965505 0.03357803 -0.02749642
v 0.13833517 0.03456254 -0.02693097
v 0.14044595 0.03294417 -0.02813993
v 0.13564669 0.03659473 -0.02727544
v 0.13661754 0.03586660 -0.02699503
v 0.13376076 0.03770399 -0.02686920
v 0.13164885 0.03898424 -0.02690620
v 0.13131887 0.03928253 -0.02774075
v 0.13368691 0.03786885 -0.02766804
v 0.14823243 -0.02346707 -0.02751293
v 0.14811854 -0.02370733 -0.02818237
v 0.14875409 -0.02263549 -0.02820845
v 0.14817058 -0.02359603 -0.02782530
v 0.13217284 -0.03849211 -0.02636142
v 0.13420048 -0.03730143 -0.02638982
v 0.13429729 -0.03737193 -0.02727615
v 0.13200691 -0.03871765 -0.02725223
v 0.12530219 -0.04178397 -0.02621405
v 0.12589871 -0.04164326 -0.02685285
v 0.12351798 -0.04252012 -0.02661350
v 0.12667165 -0.04132245 -0.02689225
v 0.12719261 -0.04109778 -0.02691079
v 0.12616977 -0.04163457 -0.02757874
v 0.12797446 -0.04073723 -0.02688636
v 0.12968305 -0.03995443 -0.02719345
v 0.12915406 -0.04014812 -0.02668094
v 0.12776862 -0.04092392 -0.02751680
v 0.13602604 -0.03615407 -0.02671330
v 0.13680205 -0.03561052 -0.02670854
v 0.13703655 -0.03553237 -0.02740617
v 0.13580347 -0.03639330 -0.02737265
v 0.13691568 -0.03557324 -0.02703417
v 0.13784950 -0.03483432 -0.02674467
v 0.13871574 -0.03425384 -0.02751648
v 0.13768510 -0.03504938 -0.02741143
v 0.13779028 -0.03492218 -0.02704762
v 0.13735690 -0.03536031 -0.02798247
v 0.14393992 -0.02925365 -0.02718784
v 0.14329895 -0.03002325 -0.02790434
v 0.14504569 -0.02799475 -0.02788766
v 0.14353596 -0.02973654 -0.02754074
v 0.14072525 -0.03243697 -0.02680729
v 0.14172536 -0.03101854 -0.02369857
v 0.14196612 -0.03136456 -0.02755281
v 0.14017332 -0.03295831 -0.02692308
v 0.13976897 -0.03339062 -0.02763252
v 0.13926969 -0.03385752 -0.02818603
v 0.14089913 -0.03243594 -0.02801348
v 0.14704926 -0.02530607 -0.02747941
v 0.14752026 -0.02460028 -0.02749503
v 0.14658851 -0.02599802 -0.02804511
v 0.14762949 -0.02448371 -0.02817703
v 0.14757883 -0.02453606 -0.02781397
v 0.14783788 -0.02418018 -0.02864435
v 0.15060418 -0.01897510 -0.02833979
v 0.15045631 -0.01930665 -0.02829348
v 0.15029814 -0.01965067 -0.02829334
v 0.15163539 -0.01640770 -0.02844750
v 0.15212327 -0.01498206 -0.02857741
v 0.15201980 -0.01530594 -0.02847905
v 0.15188852 -0.01569609 -0.02838745
v 0.15175199 -0.01608693 -0.02839856
v 0.14981867 -0.02061036 -0.02771028
v 0.15008422 -0.02010370 -0.02827700
v 0.14944041 -0.02137243 -0.02834720
v 0.15018406 -0.01991902 -0.02874046
v 0.15323398 -0.01088269 -0.02849812
v 0.15315337 -0.01124324 -0.02849805
v 0.15308038 -0.01155212 -0.02851905
v 0.15344199 -0.00971685 -0.02491663
v 0.15331268 -0.01051488 -0.02850627
v 0.15349726 -0.00957465 -0.02855847
v 0.15328111 -0.01068049 -0.02896598
v 0.15362886 -0.00870048 -0.02493068
v 0.15378946 -0.00773018 -0.02495701
v 0.15364011 -0.00879756 -0.02855859
v 0.15352840 -0.00941085 -0.02903857
v 0.15411500 -0.00518206 -0.02799197
v 0.15422698 -0.00353581 -0.02495588
v 0.15408748 -0.00549852 -0.02859010
v 0.10749318 -0.04666731 -0.02650170
v 0.11018275 -0.04611561 -0.02626919
v 0.10132272 -0.04738213 -0.02575511
v 0.10431847 -0.04699555 -0.02580690
v 0.10120510 -0.04752075 -0.02641376
v 0.10459412 -0.04708742 -0.02652875
v 0.10479153 -0.04719152 -0.02735920
v 0.10045705 -0.04761769 -0.02648840
v 0.09981826 -0.04770853 -0.02663809
v 0.09638817 -0.04797253 -0.02653216
v 0.10116618 -0.04766655 -0.02725100
v 0.11404268 -0.04538853 -0.02666996
v 0.11298364 -0.04556989 -0.02632501
v 0.11062458 -0.04617147 -0.02715698
v 0.11826895 -0.04418790 -0.02617621
v 0.11958376 -0.04378950 -0.02608363
v 0.11678916 -0.04468384 -0.02683825
v 0.12019388 -0.04372287 -0.02683220
v 0.11651065 -0.04484884 -0.02745993
v 0.08183732 -0.04878510 -0.02651282
v 0.07797137 -0.04875989 -0.02589351
v 0.08178694 -0.04871480 -0.02610962
v 0.05746476 -0.04890291 -0.02654404
v 0.06589356 -0.04892309 -0.02647628
v 0.07257995 -0.04879802 -0.02585877
v 0.06588447 -0.04884977 -0.02606743
v 0.07400916 -0.04900000 -0.02712383
v 0.08455206 -0.04870793 -0.02651220
v 0.08631298 -0.04864846 -0.02658395
v 0.08214559 -0.04888890 -0.02719626
v 0.08902177 -0.04851991 -0.02657829
v 0.08983524 -0.04835557 -0.02590020
v 0.09150615 -0.04833719 -0.02634850
v 0.08763143 -0.04870202 -0.02733721
v -0.07755473 -0.00041377 -0.02768761
v -0.07755390 0.00011316 -0.02761987
v -0.07755355 0.00097348 -0.02786929
v -0.07714802 0.00549662 -0.02768668
v -0.07728657 0.00449825 -0.02777131
v -0.07736744 0.00381167 -0.02800780
v -0.07686464 0.00710722 -0.02791739
v -0.07610302 0.01050510 -0.02775310
v -0.07639214 0.00939579 -0.02785712
v -0.07483535 0.01443755 -0.02794838
v -0.07534852 0.01300008 -0.02776850
v -0.07571271 0.01183590 -0.02784897
v -0.07580884 0.01163739 -0.02845581
v -0.07329947 0.01807940 -0.02784049
v -0.07369382 0.01724285 -0.02796248
v -0.07396699 0.01662714 -0.02818367
v -0.07294929 0.01878728 -0.02780951
v -0.07244197 0.01978354 -0.02794998
v -0.07312389 0.01851970 -0.02848115
v -0.07165914 0.02116925 -0.02791308
v -0.07091984 0.02239199 -0.02778857
v -0.07197416 0.02066768 -0.02861269
v -0.07042829 0.02316280 -0.02784872
v -0.06985045 0.02402597 -0.02799021
v -0.07068977 0.02282405 -0.02850086
v -0.06777549 0.02673683 -0.02784876
v -0.06872250 0.02553507 -0.02799055
v -0.06717969 0.02742355 -0.02775307
v -0.06583996 0.02883344 -0.02765730
v -0.06748133 0.02714276 -0.02851758
v -0.06454321 0.03019933 -0.02795826
v -0.06596831 0.02877250 -0.02838697
v -0.06076956 0.03338753 -0.02787102
v -0.06262306 0.03185481 -0.02791885
v -0.06280828 0.03173187 -0.02860285
v -0.05812847 0.03522224 -0.02792252
v -0.05965387 0.03419487 -0.02782719
v -0.06002343 0.03397488 -0.02861258
v -0.05544888 0.03683965 -0.02803428
v -0.05395362 0.03761306 -0.02799545
v -0.05251303 0.03830663 -0.02802023
v -0.05356479 0.03782734 -0.02870827
v -0.05147379 0.03871649 -0.02770757
v -0.04991864 0.03898927 -0.02351211
v -0.04976270 0.03942066 -0.02802095
v -0.05124341 0.03886484 -0.02846733
v -0.04746638 0.04017612 -0.02807499
v -0.04671605 0.03999479 -0.02346948
v -0.04363747 0.04077715 -0.02354842
v -0.04424339 0.04096861 -0.02808679
v -0.04655141 0.04039441 -0.02769682
v -0.04624555 0.04052701 -0.02849094
v -0.04153000 0.04145206 -0.02823343
v -0.04270703 0.04127572 -0.02827299
v -0.04390534 0.04105309 -0.02883699
v -0.04059950 0.04158058 -0.02830528
v -0.04138317 0.04148587 -0.02880600
v -0.03942352 0.04170254 -0.02822300
v -0.04021793 0.04162185 -0.02824225
v -0.04018527 0.04164120 -0.02881850
v -0.03917883 0.04172864 -0.02827605
v -0.03971148 0.04169114 -0.02881490
v -0.03893796 0.04175183 -0.02831926
v -0.03924112 0.04173626 -0.02881851
v 0.00567236 -0.04482315 -0.01890959
v 0.00561931 -0.04519296 -0.02261651
v 0.04606681 -0.04886995 -0.02665235
v 0.04518760 -0.04884839 -0.02682986
v 0.05753664 -0.04901463 -0.02723017
v -0.03892883 -0.04164051 -0.02814447
v -0.04016568 -0.04152495 -0.02826715
v -0.04174350 -0.04131771 -0.02830066
v -0.04296392 -0.04112816 -0.02820253
v -0.04376315 -0.04064590 -0.02354271
v -0.04440862 -0.04082496 -0.02799511
v -0.04688618 -0.03984631 -0.02346601
v -0.04679587 -0.04023273 -0.02776645
v -0.04428098 -0.04087711 -0.02872117
v -0.05657262 -0.03609672 -0.02796213
v -0.05700138 -0.03584310 -0.02797736
v -0.05636450 -0.03622168 -0.02799556
v -0.05670670 -0.03605277 -0.02856316
v -0.05595063 -0.03645862 -0.02799143
v -0.05616399 -0.03636942 -0.02860365
v -0.05569220 -0.03659729 -0.02791550
v -0.05496149 -0.03699115 -0.02787879
v -0.05561577 -0.03667904 -0.02858918
v -0.05477364 -0.03709593 -0.02792782
v -0.05524540 -0.03687992 -0.02854303
v -0.05450902 -0.03724033 -0.02800658
v -0.05487410 -0.03708005 -0.02857828
v -0.05406544 -0.03746602 -0.02800363
v -0.05333675 -0.03782710 -0.02814036
v -0.05430848 -0.03737332 -0.02860374
v -0.05013016 -0.03880546 -0.02350403
v -0.05183942 -0.03848538 -0.02798139
v -0.05001758 -0.03922191 -0.02800631
v -0.04785057 -0.03996007 -0.02805816
v -0.04856807 -0.03973590 -0.02827662
v -0.04668533 -0.04030910 -0.02855597
v -0.05880221 -0.03469589 -0.02798127
v -0.05899717 -0.03456443 -0.02797926
v -0.05862943 -0.03481185 -0.02798291
v -0.05845606 -0.03492626 -0.02798453
v -0.05882173 -0.03471898 -0.02859458
v -0.05828211 -0.03504065 -0.02798618
v -0.05810788 -0.03515327 -0.02798766
v -0.05847468 -0.03494922 -0.02858481
v -0.05790924 -0.03528109 -0.02798953
v -0.05758094 -0.03548688 -0.02799236
v -0.05812600 -0.03517600 -0.02857798
v -0.05724905 -0.03569406 -0.02799518
v -0.05706500 -0.03583873 -0.02857485
v -0.05759764 -0.03550982 -0.02857279
v -0.06052132 -0.03348063 -0.02797441
v -0.06033306 -0.03361966 -0.02796613
v -0.06016377 -0.03374311 -0.02796776
v -0.05999577 -0.03386522 -0.02796934
v -0.05982656 -0.03398622 -0.02797120
v -0.06018547 -0.03376444 -0.02856169
v -0.05963394 -0.03412333 -0.02797349
v -0.05931591 -0.03434406 -0.02797639
v -0.05933622 -0.03436711 -0.02859692
v -0.05984724 -0.03400852 -0.02857396
v -0.06554881 -0.02909062 -0.02780182
v -0.06425800 -0.03037008 -0.02807609
v -0.06359703 -0.03096537 -0.02831136
v -0.06494127 -0.02970890 -0.02790649
v -0.06532269 -0.02937381 -0.02853162
v -0.06191797 -0.03239882 -0.02818268
v -0.06125604 -0.03292391 -0.02799815
v -0.06083199 -0.03324692 -0.02796064
v -0.06068714 -0.03339274 -0.02855836
v -0.06999103 -0.02371122 -0.02786561
v -0.06835333 -0.02592308 -0.02784264
v -0.06904787 -0.02502104 -0.02812275
v -0.06923473 -0.02479727 -0.02857145
v -0.06535695 -0.02856942 -0.02309864
v -0.06744830 -0.02693329 -0.02740360
v -0.06598670 -0.02858556 -0.02746517
v -0.06621907 -0.02843967 -0.02836276
v -0.06738382 -0.02712459 -0.02832981
v -0.07299122 -0.01859868 -0.02779096
v -0.07218074 -0.02012424 -0.02783116
v -0.07131839 -0.02165127 -0.02785257
v -0.07048944 -0.02291319 -0.02759472
v -0.07069056 -0.02270663 -0.02833124
v -0.07200339 -0.02050763 -0.02856179
v -0.07689064 -0.00689167 -0.02758459
v -0.07682928 -0.00716775 -0.02750638
v -0.07663759 -0.00811118 -0.02751016
v -0.07684877 -0.00738675 -0.02824939
v -0.07658760 -0.00838648 -0.02759845
v -0.07675082 -0.00786976 -0.02825472
v -0.07651869 -0.00872540 -0.02767608
v -0.07665053 -0.00835101 -0.02831005
v -0.07638775 -0.00926361 -0.02764743
v -0.07648696 -0.00906597 -0.02835436
v -0.07629293 -0.00959210 -0.02752345
v -0.07631072 -0.00977459 -0.02831581
v -0.07619817 -0.00988574 -0.02736312
v -0.07618268 -0.01024409 -0.02823784
v -0.07562586 -0.01180486 -0.02716563
v -0.07610361 -0.01015401 -0.02719244
v -0.07604774 -0.01071050 -0.02813668
v -0.07556542 -0.01209578 -0.02738002
v -0.07591268 -0.01117496 -0.02810578
v -0.07542574 -0.01262460 -0.02762845
v -0.07571372 -0.01187215 -0.02827344
v -0.07532930 -0.01294763 -0.02773879
v -0.07550087 -0.01256473 -0.02837019
v -0.07523332 -0.01323719 -0.02776619
v -0.07535042 -0.01302375 -0.02841104
v -0.07513048 -0.01352470 -0.02773802
v -0.07519371 -0.01348026 -0.02842087
v -0.07502047 -0.01380977 -0.02765452
v -0.07502965 -0.01393517 -0.02838441
v -0.07490335 -0.01408973 -0.02751859
v -0.07439421 -0.01543041 -0.02761809
v -0.07485961 -0.01438725 -0.02832447
v -0.07400260 -0.01642835 -0.02781738
v -0.07359756 -0.01733750 -0.02793755
v -0.07346451 -0.01768989 -0.02856465
v -0.07441776 -0.01551472 -0.02842276
v -0.07744265 -0.00255758 -0.02749029
v -0.07751460 -0.00140338 -0.02756978
v -0.07758158 -0.00102587 -0.02834960
v -0.07722281 -0.00469671 -0.02746689
v -0.07708519 -0.00569368 -0.02750916
v -0.07701236 -0.00622688 -0.02762152
v -0.07715065 -0.00566858 -0.02826779
v -0.07695303 -0.00657940 -0.02763882
v -0.07694475 -0.00689977 -0.02829438
v -0.07703264 -0.00641149 -0.02830065
v -0.07740711 -0.00317510 -0.02761719
v -0.07737125 -0.00356081 -0.02764273
v -0.07750372 -0.00261470 -0.02830995
v -0.07732039 -0.00403885 -0.02762497
v -0.07741192 -0.00364957 -0.02830308
v -0.07726976 -0.00440777 -0.02755527
v -0.07725819 -0.00491835 -0.02822443
v -0.07732595 -0.00441536 -0.02827231
v 0.10002103 -0.04367896 -0.04416613
v 0.10844099 -0.04256273 -0.04409111
v 0.10672178 -0.04280252 -0.04415189
v 0.10332769 -0.04324352 -0.04416309
v 0.10743771 -0.04715034 -0.03052753
v 0.10468874 -0.04754184 -0.03052647
v 0.10380419 -0.04697176 -0.03938519
v 0.11085302 -0.04202120 -0.04415744
v 0.11371580 -0.04136714 -0.04413826
v 0.10983057 -0.04611589 -0.03917533
v 0.11856946 -0.03993405 -0.04420381
v 0.11649834 -0.04068483 -0.04411431
v 0.11525920 -0.04493951 -0.03907900
v 0.11985826 -0.03962233 -0.04412828
v 0.11942413 -0.04372301 -0.03925641
v 0.12409661 -0.03800476 -0.04412595
v 0.12161191 -0.03889990 -0.04419515
v 0.12501821 -0.04242202 -0.03066013
v 0.12251661 -0.04270311 -0.03916830
v 0.12882088 -0.03552371 -0.04427323
v 0.12680909 -0.03674477 -0.04415289
v 0.12638838 -0.03719075 -0.04395626
v 0.12681643 -0.04093405 -0.03916161
v 0.13078374 -0.03473765 -0.04403252
v 0.12999445 -0.03505547 -0.04415215
v 0.13265982 -0.03871206 -0.03081656
v 0.13039543 -0.03916154 -0.03928167
v 0.13319765 -0.03301835 -0.04415305
v 0.13297622 -0.03317268 -0.04415262
v 0.13230654 -0.03372298 -0.04407697
v 0.13336280 -0.03744043 -0.03921912
v 0.13426841 -0.03233067 -0.04409151
v 0.13405665 -0.03244318 -0.04412395
v 0.13382666 -0.03257381 -0.04415093
v 0.13346936 -0.03282155 -0.04415719
v 0.13736888 -0.03560333 -0.03104508
v 0.13548873 -0.03601776 -0.03932775
v 0.13560475 -0.03123377 -0.04413551
v 0.13530155 -0.03153109 -0.04409492
v 0.13640041 -0.03057310 -0.04413481
v 0.13615484 -0.03073392 -0.04416683
v 0.13580481 -0.03102509 -0.04416674
v 0.13675085 -0.03032747 -0.04409343
v 0.13854755 -0.03469096 -0.03103281
v 0.13968017 -0.03375179 -0.03105757
v 0.13711797 -0.03484005 -0.03923799
v 0.13822336 -0.02884174 -0.04418236
v 0.13791503 -0.02918974 -0.04414825
v 0.13775831 -0.02941428 -0.04409768
v 0.13843023 -0.02863760 -0.04418328
v 0.13969304 -0.03262870 -0.03934931
v 0.14013910 -0.02709274 -0.04402683
v 0.13988288 -0.02724415 -0.04410800
v 0.13951472 -0.02754639 -0.04416866
v 0.13930513 -0.02773298 -0.04419072
v 0.13911436 -0.02793505 -0.04418944
v 0.13883580 -0.02823143 -0.04418138
v 0.14348810 -0.03006519 -0.03129451
v 0.14144956 -0.03093446 -0.03942832
v 0.14134471 -0.02569075 -0.04401543
v 0.14192566 -0.02460733 -0.04420961
v 0.14167455 -0.02501250 -0.04416720
v 0.14155531 -0.02530996 -0.04408717
v 0.14237540 -0.02401451 -0.04419963
v 0.14210379 -0.02435769 -0.04421560
v 0.14492859 -0.02836822 -0.03135025
v 0.14355827 -0.02861611 -0.03933567
v 0.14334749 -0.02255746 -0.04421940
v 0.14310967 -0.02290686 -0.04422662
v 0.14295703 -0.02314679 -0.04422014
v 0.14283375 -0.02336626 -0.04420031
v 0.14726149 -0.02523969 -0.03144237
v 0.14563733 -0.02586093 -0.03953573
v 0.14867039 -0.02290715 -0.03118754
v 0.14460634 -0.02080790 -0.04406853
v 0.14430009 -0.02116135 -0.04415191
v 0.14408510 -0.02139246 -0.04421166
v 0.14381766 -0.02178583 -0.04423425
v 0.14367501 -0.02203846 -0.04422378
v 0.14826146 -0.02365483 -0.03150564
v 0.14761368 -0.02469067 -0.03144272
v 0.14903111 -0.02224628 -0.03161649
v 0.14662873 -0.02441205 -0.03951786
v 0.14567689 -0.01844866 -0.04419920
v 0.14555245 -0.01891633 -0.04411507
v 0.14550933 -0.01918196 -0.04404138
v 0.14604382 -0.01751299 -0.04424894
v 0.14585764 -0.01791202 -0.04425480
v 0.14575623 -0.01817415 -0.04423908
v 0.14996687 -0.02048301 -0.03161268
v 0.14823663 -0.02161628 -0.03946304
v 0.15109237 -0.01792564 -0.03122482
v 0.15098544 -0.01819058 -0.03121886
v 0.14653287 -0.01632313 -0.04425991
v 0.14637471 -0.01671355 -0.04425963
v 0.14628706 -0.01696086 -0.04424647
v 0.14959703 -0.01872270 -0.03964186
v 0.15139556 -0.01715239 -0.03124022
v 0.15126199 -0.01749912 -0.03123087
v 0.14739025 -0.01459569 -0.04407951
v 0.14715701 -0.01498815 -0.04416387
v 0.14698599 -0.01524253 -0.04422919
v 0.14679123 -0.01566513 -0.04426023
v 0.14669230 -0.01592369 -0.04425980
v 0.15165694 -0.01645373 -0.03172835
v 0.15007598 -0.01759037 -0.03963157
v 0.15273864 -0.01296895 -0.03132830
v 0.15263337 -0.01333950 -0.03134588
v 0.15252225 -0.01371075 -0.03137364
v 0.14863970 -0.01006755 -0.04409332
v 0.14804452 -0.01197176 -0.04421043
v 0.14801092 -0.01243944 -0.04412688
v 0.14801897 -0.01270061 -0.04405393
v 0.14849711 -0.01030735 -0.04417206
v 0.14832698 -0.01073073 -0.04423629
v 0.14822327 -0.01099727 -0.04426997
v 0.14811023 -0.01143473 -0.04427367
v 0.14806660 -0.01169885 -0.04425298
v 0.15233436 -0.01431347 -0.03179940
v 0.15320135 -0.01105223 -0.03185250
v 0.15109537 -0.01466071 -0.03955381
v 0.15389556 -0.00704152 -0.02776648
v 0.15397636 -0.00650254 -0.03138589
v 0.14902819 -0.00665252 -0.04427968
v 0.14901061 -0.00690695 -0.04426456
v 0.14926197 -0.00554223 -0.04419298
v 0.14915946 -0.00595946 -0.04424252
v 0.14906441 -0.00640282 -0.04427709
v 0.14899582 -0.00735062 -0.04422015
v 0.14903805 -0.00763858 -0.04414462
v 0.14903925 -0.00805431 -0.04407906
v 0.15359884 -0.00895888 -0.03187154
v 0.15377005 -0.00801544 -0.03181293
v 0.15402405 -0.00606257 -0.03182463
v 0.15233688 -0.00960979 -0.03960602
v 0.15429989 -0.00253013 -0.02779625
v 0.15431256 -0.00214195 -0.03142052
v 0.14945566 -0.00223697 -0.04424357
v 0.14937381 -0.00305364 -0.04428076
v 0.14937231 -0.00354132 -0.04425505
v 0.14939878 -0.00398250 -0.04420251
v 0.15295184 -0.00515036 -0.03969597
v 0.15436325 0.00004522 -0.03085402
v 0.15435413 -0.00069972 -0.03142467
v 0.15435856 0.00060766 -0.03086175
v 0.15435838 -0.00050047 -0.03112265
v 0.14952472 0.00098069 -0.04421843
v 0.14949218 0.00053642 -0.04425395
v 0.14946860 0.00005055 -0.04427652
v 0.14948799 -0.00039769 -0.04425790
v 0.14952336 -0.00081361 -0.04422131
v 0.15434734 0.00106328 -0.03183646
v 0.15318067 -0.00160185 -0.03968760
v 0.09715797 -0.04395094 -0.04416918
v 0.09857736 -0.04381664 -0.04416832
v 0.09893972 -0.04756135 -0.03938762
v 0.09181775 -0.04430024 -0.04417118
v 0.08644425 -0.04465065 -0.04417138
v 0.08577528 -0.04912263 -0.03057957
v 0.09208271 -0.04805609 -0.03938774
v 0.08106253 -0.04479985 -0.04416823
v 0.07575531 -0.04494183 -0.04416751
v 0.08120211 -0.04859173 -0.03931222
v 0.06923064 -0.04503819 -0.04410651
v 0.07191398 -0.04497182 -0.04416623
v 0.07377958 -0.04495991 -0.04416486
v 0.07385431 -0.04878171 -0.03923687
v 0.05565708 -0.04479231 -0.04421173
v 0.06112925 -0.04494915 -0.04413121
v 0.06372126 -0.04871722 -0.03927262
v 0.05121298 -0.04469877 -0.04424022
v 0.04648689 -0.04459927 -0.04426051
v 0.00313995 -0.04551926 -0.03158795
v 0.05115652 -0.04847910 -0.03952555
v -0.07052242 -0.01135068 -0.04462695
v -0.06991721 -0.01290289 -0.04467388
v -0.07515527 -0.01385686 -0.03150875
v -0.07506970 -0.01409964 -0.03149716
v -0.07496516 -0.01438699 -0.03148403
v -0.07482275 -0.01476414 -0.03147808
v -0.07440642 -0.01579154 -0.03153437
v -0.06810650 -0.01679234 -0.04472589
v -0.06899378 -0.01493261 -0.04469285
v -0.07286791 -0.01913527 -0.03150496
v -0.07349219 -0.01781987 -0.03156392
v -0.07276420 -0.01661515 -0.03995856
v -0.06706343 -0.01851514 -0.04478164
v -0.06767691 -0.01744700 -0.04477780
v -0.07245187 -0.01990977 -0.03146244
v -0.07172496 -0.02120290 -0.03146941
v -0.07141912 -0.01944981 -0.03996456
v -0.06622735 -0.02004096 -0.04471261
v -0.06666471 -0.01927440 -0.04475014
v -0.07071416 -0.02284889 -0.03152271
v -0.07121428 -0.02206866 -0.03149720
v -0.07068966 -0.02072153 -0.03997714
v -0.06547859 -0.02110893 -0.04472870
v -0.06488127 -0.02187062 -0.04475447
v -0.06987180 -0.02409387 -0.03149656
v -0.06893014 -0.02537252 -0.03147098
v -0.06939665 -0.02277508 -0.03994299
v -0.06438931 -0.02249893 -0.04475967
v -0.06835180 -0.02612551 -0.03151349
v -0.06807339 -0.02463557 -0.03995819
v -0.06220809 -0.02493854 -0.04479090
v -0.06348601 -0.02337943 -0.04484321
v -0.06622219 -0.02856728 -0.03153887
v -0.06747222 -0.02716289 -0.03152702
v -0.06673310 -0.02801842 -0.03152290
v -0.06670182 -0.02626099 -0.04002267
v -0.06368902 -0.03097545 -0.03117438
v -0.05983017 -0.02736558 -0.04467729
v -0.06139144 -0.02590746 -0.04472209
v -0.06552198 -0.02928863 -0.03153994
v -0.06480795 -0.02999516 -0.03154389
v -0.06503571 -0.02815224 -0.03994782
v -0.06214871 -0.03230315 -0.03116280
v -0.05744691 -0.02946592 -0.04458644
v -0.05823614 -0.02880933 -0.04462699
v -0.05989310 -0.03404638 -0.03164945
v -0.06071002 -0.03346557 -0.03156821
v -0.06047350 -0.03363834 -0.03158941
v -0.06023529 -0.03380868 -0.03161967
v -0.06125680 -0.03305133 -0.03155116
v -0.06236764 -0.03063005 -0.03989727
v -0.05302664 -0.03218102 -0.04462498
v -0.05485439 -0.03118960 -0.04460130
v -0.05595372 -0.03059696 -0.04451183
v -0.05707839 -0.03590933 -0.03157373
v -0.05682465 -0.03605979 -0.03158775
v -0.05641098 -0.03629754 -0.03161783
v -0.05619690 -0.03641692 -0.03163937
v -0.05841771 -0.03505653 -0.03163845
v -0.05819866 -0.03520306 -0.03161267
v -0.05797763 -0.03534802 -0.03159274
v -0.05773141 -0.03550611 -0.03157615
v -0.05732964 -0.03575695 -0.03156905
v -0.05860796 -0.03355059 -0.03985354
v -0.05163532 -0.03306111 -0.04454229
v -0.05493296 -0.03711505 -0.03162497
v -0.05470113 -0.03724009 -0.03160483
v -0.05443421 -0.03738057 -0.03158650
v -0.05395158 -0.03762563 -0.03157839
v -0.05509635 -0.03570320 -0.03989289
v -0.05282678 -0.03813822 -0.03113056
v -0.05102383 -0.03337740 -0.04452405
v -0.05015495 -0.03381543 -0.04448668
v -0.05333404 -0.03792091 -0.03155741
v -0.05194087 -0.03854112 -0.03156664
v -0.05297805 -0.03686436 -0.03981335
v -0.04905517 -0.03426907 -0.04448559
v -0.05071692 -0.03905507 -0.03158453
v -0.05136395 -0.03760260 -0.03975764
v -0.04910463 -0.03962115 -0.03114764
v -0.04627274 -0.03517308 -0.04450845
v -0.04813109 -0.03445223 -0.04458785
v -0.04973165 -0.03941163 -0.03156672
v -0.04825557 -0.03991644 -0.03159676
v -0.04932664 -0.03835980 -0.03982945
v -0.04501308 -0.03568363 -0.04439015
v -0.04592693 -0.04057095 -0.03161655
v -0.04696952 -0.04029145 -0.03161675
v -0.04716510 -0.03909079 -0.03973019
v -0.03873837 -0.03671573 -0.04437283
v -0.03985447 -0.03663645 -0.04435085
v 0.00346006 -0.04063600 -0.04431172
v -0.03973896 -0.04161739 -0.03169027
v 0.00315392 -0.04442435 -0.03966012
v -0.04115315 -0.04144453 -0.03123024
v -0.04074645 -0.03654600 -0.04434240
v -0.04060235 -0.04152000 -0.03166720
v -0.04215194 -0.04131259 -0.03165403
v -0.04047276 -0.04041909 -0.03970720
v -0.04189762 -0.03620828 -0.04446464
v -0.04389641 -0.03580621 -0.04448435
v -0.04344418 -0.04110118 -0.03163822
v -0.04480482 -0.04082217 -0.03161396
v -0.04480455 -0.03968480 -0.03974782
v -0.04253803 -0.04011790 -0.03973529
v -0.07279058 0.00000486 -0.04442705
v -0.07772430 0.00019107 -0.03135201
v -0.07769119 -0.00124269 -0.03140722
v -0.07248305 -0.00399226 -0.04446607
v -0.07263956 -0.00207066 -0.04445107
v -0.07756810 -0.00313418 -0.03145084
v -0.07736816 -0.00503208 -0.03135740
v -0.07752350 -0.00369814 -0.03140337
v -0.07745767 -0.00433340 -0.03136251
v -0.07741244 -0.00470347 -0.03135355
v -0.07658722 -0.00229201 -0.03969375
v -0.07213095 -0.00584019 -0.04451259
v -0.07234598 -0.00478680 -0.04448740
v -0.07728936 -0.00556522 -0.03136016
v -0.07721266 -0.00605926 -0.03136049
v -0.07715341 -0.00640554 -0.03137015
v -0.07633800 -0.00520635 -0.03967008
v -0.07110201 -0.00985911 -0.04456329
v -0.07156719 -0.00833211 -0.04451268
v -0.07628773 -0.01026540 -0.03146446
v -0.07622239 -0.01051758 -0.03144894
v -0.07614189 -0.01081544 -0.03143016
v -0.07605878 -0.01111112 -0.03141978
v -0.07596386 -0.01143580 -0.03141805
v -0.07580271 -0.01195908 -0.03143315
v -0.07569891 -0.01228028 -0.03145974
v -0.07560680 -0.01255503 -0.03148574
v -0.07439241 -0.01272034 -0.03983971
v -0.07201348 -0.00665428 -0.04448783
v -0.07699363 -0.00727232 -0.03137440
v -0.07693217 -0.00758341 -0.03137352
v -0.07686793 -0.00789154 -0.03138140
v -0.07679361 -0.00822974 -0.03140278
v -0.07667010 -0.00875259 -0.03144105
v -0.07704038 -0.00702181 -0.03137767
v -0.07609339 -0.00654623 -0.03971739
v -0.07547548 -0.00921345 -0.03973669
v 0.14946072 0.00238084 -0.04423849
v 0.14935466 0.00359329 -0.04427209
v 0.14938513 0.00299524 -0.04427876
v 0.15430705 0.00247119 -0.03183976
v 0.15429789 0.00273510 -0.03182400
v 0.15428600 0.00301243 -0.03181164
v 0.15427176 0.00329062 -0.03180556
v 0.15425506 0.00357072 -0.03180596
v 0.15423939 0.00380185 -0.03180788
v 0.15317887 0.00168642 -0.03969282
v 0.14930147 0.00603036 -0.04411921
v 0.14925480 0.00568634 -0.04419648
v 0.14923232 0.00534679 -0.04424851
v 0.14923266 0.00499005 -0.04427931
v 0.14929182 0.00439523 -0.04427420
v 0.15413454 0.00514880 -0.03180060
v 0.15410857 0.00542147 -0.03180133
v 0.15407851 0.00570956 -0.03180874
v 0.15403503 0.00608502 -0.03183771
v 0.15391279 0.00697490 -0.03187768
v 0.15304692 0.00423227 -0.03972329
v 0.14869954 0.00898499 -0.04425134
v 0.14881728 0.00865814 -0.04420127
v 0.14896013 0.00833579 -0.04412498
v 0.14905770 0.00805552 -0.04407698
v 0.14849045 0.00995483 -0.04426302
v 0.14854049 0.00965536 -0.04427462
v 0.14860705 0.00931731 -0.04427585
v 0.15358376 0.00922995 -0.03182072
v 0.15332180 0.01063264 -0.03175791
v 0.15267304 0.00766499 -0.03962236
v 0.15142490 0.01716694 -0.03125006
v 0.15209139 0.01522915 -0.03135837
v 0.14737096 0.01438862 -0.04418690
v 0.14756000 0.01408347 -0.04411096
v 0.14693672 0.01538193 -0.04425777
v 0.14705279 0.01504060 -0.04426412
v 0.14719764 0.01470973 -0.04424053
v 0.14684878 0.01573114 -0.04422258
v 0.15175958 0.01627623 -0.03169033
v 0.15264842 0.01335353 -0.03138293
v 0.14834408 0.01059415 -0.04426788
v 0.14815741 0.01161751 -0.04421496
v 0.14819419 0.01126347 -0.04425979
v 0.14825847 0.01091952 -0.04427611
v 0.14812779 0.01229749 -0.04408104
v 0.14814974 0.01198365 -0.04413870
v 0.15315380 0.01140703 -0.03176734
v 0.15208645 0.01098127 -0.03969530
v 0.15129615 0.01409256 -0.03957602
v 0.14615791 0.01733972 -0.04425347
v 0.14633120 0.01701705 -0.04422482
v 0.14647306 0.01674497 -0.04419979
v 0.14589729 0.01799443 -0.04422811
v 0.14601317 0.01767576 -0.04425108
v 0.15006420 0.01771134 -0.03960389
v 0.14916077 0.02212264 -0.03112787
v 0.14974146 0.02098774 -0.03057232
v 0.14538125 0.01903750 -0.04424384
v 0.14554668 0.01874853 -0.04422431
v 0.14496773 0.02007318 -0.04414847
v 0.14507701 0.01971030 -0.04421379
v 0.14521477 0.01936593 -0.04424501
v 0.14486701 0.02038536 -0.04409191
v 0.14883817 0.02271233 -0.03156593
v 0.14909381 0.01995082 -0.03961499
v 0.14356006 0.02232607 -0.04421991
v 0.14379826 0.02203615 -0.04417729
v 0.14404645 0.02176937 -0.04411146
v 0.14335611 0.02262319 -0.04422983
v 0.14788694 0.02436270 -0.03149527
v 0.14765237 0.02278710 -0.03947784
v 0.14254455 0.02412199 -0.04407011
v 0.14268252 0.02380118 -0.04413860
v 0.14284042 0.02345649 -0.04419916
v 0.14302514 0.02313276 -0.04422545
v 0.14319726 0.02286745 -0.04422843
v 0.14638933 0.02488036 -0.03952417
v 0.14013360 0.02708453 -0.04409505
v 0.14031364 0.02678897 -0.04415125
v 0.14051859 0.02647936 -0.04419420
v 0.14074738 0.02619138 -0.04420488
v 0.14100155 0.02592325 -0.04418349
v 0.14128351 0.02567389 -0.04412840
v 0.14154763 0.02545112 -0.04406544
v 0.14479021 0.02866422 -0.03129876
v 0.14374135 0.02987509 -0.03126332
v 0.14492442 0.02692621 -0.03946858
v 0.13810538 0.02905971 -0.04417756
v 0.13832770 0.02883146 -0.04418602
v 0.13859267 0.02858452 -0.04417635
v 0.13888168 0.02835766 -0.04413535
v 0.13914926 0.02815730 -0.04408677
v 0.14233748 0.03011460 -0.03934866
v 0.13681316 0.03046443 -0.04402949
v 0.13701733 0.03018807 -0.04409715
v 0.13724310 0.02990337 -0.04415278
v 0.13748839 0.02964013 -0.04417876
v 0.13773814 0.02940891 -0.04417789
v 0.13999928 0.03357074 -0.03113407
v 0.14057846 0.03189332 -0.03942194
v 0.13404844 0.03252255 -0.04414118
v 0.13431640 0.03229649 -0.04416129
v 0.13484327 0.03192698 -0.04413890
v 0.13518950 0.03175253 -0.04407082
v 0.13547519 0.03160111 -0.04401475
v 0.13843400 0.03486949 -0.03104669
v 0.13846122 0.03383962 -0.03922788
v 0.13288675 0.03333554 -0.04414970
v 0.13316747 0.03313890 -0.04415168
v 0.13260156 0.03358426 -0.04410899
v 0.13343350 0.03296989 -0.04413800
v 0.13594589 0.03578992 -0.03931358
v 0.12938801 0.03539052 -0.04422223
v 0.13124823 0.03432524 -0.04419684
v 0.13237092 0.03897761 -0.03082019
v 0.13376619 0.03727353 -0.03927071
v 0.12744897 0.03666775 -0.04404407
v 0.12828778 0.03612348 -0.04413417
v 0.13122227 0.03962127 -0.03082343
v 0.13116250 0.03888717 -0.03917615
v 0.12175473 0.03903560 -0.04411739
v 0.12342987 0.03839103 -0.04412687
v 0.12518434 0.03773364 -0.04403064
v 0.12548266 0.04232942 -0.03065428
v 0.12737786 0.04074710 -0.03921113
v 0.12008960 0.03965727 -0.04411530
v 0.11961859 0.03982397 -0.04410914
v 0.12294996 0.04263828 -0.03917111
v 0.11619380 0.04532631 -0.03009074
v 0.11270058 0.04172247 -0.04413896
v 0.11689479 0.04063934 -0.04409859
v 0.11431970 0.04135639 -0.04412651
v 0.11473894 0.04575709 -0.03048091
v 0.11730049 0.04507251 -0.03048852
v 0.11808264 0.04420002 -0.03921386
v 0.11127505 0.04205620 -0.04413731
v 0.11355022 0.04543393 -0.03920506
v 0.10938281 0.04241962 -0.04414525
v 0.11100899 0.04210235 -0.04414603
v 0.11186672 0.04581630 -0.03921587
v 0.09988511 0.04379106 -0.04416612
v 0.10135490 0.04362712 -0.04416312
v 0.10282069 0.04346266 -0.04415825
v 0.10557822 0.04751822 -0.03053556
v 0.10178811 0.04746026 -0.03914958
v 0.10524250 0.04310228 -0.04415516
v 0.10771401 0.04273719 -0.04414719
v 0.10797853 0.04715940 -0.03055047
v 0.11002410 0.04617526 -0.03921596
v 0.10579243 0.04694359 -0.03907350
v 0.08456056 0.04478764 -0.04416748
v 0.09476355 0.04419101 -0.04416933
v 0.08963727 0.04458777 -0.04417237
v 0.09507009 0.04794913 -0.03937026
v 0.07413456 0.04502447 -0.04416805
v 0.07948104 0.04497944 -0.04416679
v 0.08467902 0.04862583 -0.03920167
v 0.06769482 0.04508569 -0.04415030
v 0.06885193 0.04506917 -0.04416815
v 0.07415429 0.04882358 -0.03930030
v 0.05696253 0.04491836 -0.04420365
v 0.05828189 0.04494305 -0.04419640
v 0.06243759 0.04502294 -0.04416561
v 0.06349596 0.04880917 -0.03932831
v 0.05691102 0.04869875 -0.03943458
v 0.00350141 0.04563891 -0.03103880
v 0.00401760 0.04084552 -0.04425244
v 0.04648678 0.04469843 -0.04426030
v 0.05121338 0.04479358 -0.04424353
v 0.05252640 0.04484033 -0.04421948
v 0.00318560 0.04562534 -0.03171851
v 0.00337192 0.04564090 -0.03160275
v 0.05115731 0.04860260 -0.03947062
v -0.04309589 0.03599622 -0.04452750
v -0.03993012 0.03649686 -0.04451142
v -0.04404873 0.04106478 -0.03167680
v -0.04250403 0.04136410 -0.03165271
v -0.04129057 0.04153489 -0.03170393
v -0.04090617 0.04157868 -0.03176513
v -0.03798348 0.03702321 -0.04424950
v -0.03907758 0.04176485 -0.03177843
v -0.03883739 0.04178884 -0.03176390
v 0.00392875 0.04457051 -0.03968316
v -0.03991301 0.04054841 -0.03969397
v -0.04791940 0.04010100 -0.03118643
v -0.04639670 0.03540109 -0.04439142
v -0.04546794 0.03561138 -0.04443168
v -0.04731637 0.04030038 -0.03159890
v -0.04516172 0.03579485 -0.04435167
v -0.04690758 0.04041591 -0.03160568
v -0.04600541 0.04064756 -0.03166030
v -0.04444078 0.03985337 -0.03969282
v -0.04676844 0.03931238 -0.03974755
v -0.06136984 0.02606787 -0.04470254
v -0.06188031 0.02557736 -0.04469136
v -0.06494371 0.02996615 -0.03153924
v -0.06252961 0.02479693 -0.04474616
v -0.06734586 0.02741928 -0.03155168
v -0.06691689 0.02791322 -0.03151631
v -0.06580282 0.02908733 -0.03149739
v -0.06509128 0.02821147 -0.03992877
v -0.05999609 0.02706599 -0.04482539
v -0.05802337 0.02870898 -0.04482775
v -0.06351365 0.03125676 -0.03150148
v -0.06179484 0.03272055 -0.03150296
v -0.06298553 0.03018216 -0.03996280
v -0.05730762 0.02958189 -0.04464121
v -0.06080604 0.03349630 -0.03155576
v -0.05992660 0.03413277 -0.03157571
v -0.06080834 0.03202803 -0.03995839
v -0.05698532 0.03602811 -0.03118492
v -0.05753276 0.03570424 -0.03114543
v -0.05620002 0.03035981 -0.04463178
v -0.05491085 0.03132750 -0.04455385
v -0.05872603 0.03496265 -0.03155813
v -0.05651399 0.03631208 -0.03163431
v -0.05883545 0.03350759 -0.03988628
v -0.05302799 0.03246951 -0.04449780
v -0.05130163 0.03335471 -0.04452077
v -0.05448105 0.03745479 -0.03160001
v -0.05294302 0.03820325 -0.03159443
v -0.05548559 0.03561536 -0.03978832
v -0.04944235 0.03960334 -0.03118802
v -0.04902112 0.03974124 -0.03119518
v -0.04967938 0.03401189 -0.04454476
v -0.04776599 0.03482017 -0.04449769
v -0.05139039 0.03887575 -0.03161305
v -0.05026187 0.03932999 -0.03158614
v -0.04839333 0.03882948 -0.03969083
v -0.05157940 0.03757412 -0.03979588
v -0.06655338 0.01957360 -0.04474121
v -0.07115981 0.02225725 -0.03149765
v -0.07064889 0.02304894 -0.03154491
v -0.06912927 0.02516812 -0.03105466
v -0.06515765 0.02104187 -0.04495362
v -0.06318213 0.02349362 -0.04499334
v -0.06949251 0.02470127 -0.03153105
v -0.06824572 0.02635414 -0.03150173
v -0.06670751 0.02633615 -0.04004617
v -0.06895750 0.02342072 -0.04000128
v -0.07460137 0.01535014 -0.03102942
v -0.07077218 0.01081411 -0.04458067
v -0.06998070 0.01283609 -0.04467388
v -0.06967373 0.01374791 -0.04463427
v -0.07517318 0.01390263 -0.03149392
v -0.07419527 0.01635548 -0.03147812
v -0.06885419 0.01517870 -0.04477650
v -0.06752108 0.01743342 -0.04487985
v -0.07353629 0.01787852 -0.03149734
v -0.07307372 0.01882483 -0.03152454
v -0.07315358 0.01601726 -0.03986329
v -0.06679673 0.01905031 -0.04478924
v -0.07219038 0.02046815 -0.03151766
v -0.07142368 0.02182281 -0.03148508
v -0.07034967 0.02139948 -0.03997984
v -0.07141362 0.01938772 -0.04006078
v -0.07177970 0.00762840 -0.04451712
v -0.07154930 0.00860291 -0.04451170
v -0.07640287 0.00996661 -0.03140431
v -0.07594715 0.01151329 -0.03150065
v -0.07468194 0.01189048 -0.03979765
v -0.07678423 0.00821105 -0.03089438
v -0.07200187 0.00674123 -0.04449878
v -0.07711815 0.00660634 -0.03133283
v -0.07665622 0.00888718 -0.03134124
v -0.07572596 0.00845332 -0.03970458
v -0.07221195 0.00542017 -0.04450636
v -0.07248591 0.00394473 -0.04447848
v -0.07737741 0.00506399 -0.03136081
v -0.07617367 0.00608699 -0.03971948
v -0.07759142 0.00251804 -0.03093150
v -0.07755028 0.00317613 -0.03090629
v -0.07269323 0.00176168 -0.04444186
v -0.07259211 0.00329958 -0.04445191
v -0.07763567 0.00202720 -0.03134732
v -0.07746387 0.00433901 -0.03131542
v -0.07665520 0.00194313 -0.03964491
v -0.07649310 0.00419733 -0.03965447
v 0.06255981 -0.04920104 -0.02855404
v 0.05145648 -0.04916084 -0.02859380
v 0.06415988 -0.04951828 -0.03174343
v 0.07860750 -0.04919042 -0.02876790
v 0.07316499 -0.04925005 -0.02888171
v 0.08142953 -0.04913978 -0.02900280
v 0.08227056 -0.04942165 -0.03221830
v 0.07684306 -0.04957825 -0.03237503
v 0.07476903 -0.04957969 -0.03218250
v 0.06704996 -0.04937896 -0.03014782
v 0.09296971 -0.04845644 -0.02794390
v 0.09681898 -0.04827126 -0.02881183
v 0.08892691 -0.04884289 -0.02907006
v 0.09178842 -0.04867294 -0.02878840
v 0.09537305 -0.04876760 -0.03244334
v 0.08988792 -0.04911760 -0.03229727
v 0.10134395 -0.04795892 -0.03000609
v 0.10041942 -0.04805741 -0.02995435
v 0.10055090 -0.04838697 -0.03355313
v 0.10398044 -0.04791408 -0.03320864
v 0.09896908 -0.04853128 -0.03337743
v 0.09684896 -0.04857681 -0.03157336
v 0.00375334 -0.04551569 -0.02956505
v 0.00283904 -0.04518124 -0.02514078
v 0.00575983 -0.04535896 -0.02426124
v 0.04613621 -0.04918257 -0.02932196
v 0.00312777 -0.04548081 -0.03015784
v 0.05927458 -0.04955091 -0.03253206
v 0.05115416 -0.04950029 -0.03282857
v 0.04623398 -0.04942401 -0.03298214
v 0.05160599 -0.04934629 -0.03040786
v 0.06390511 0.04937589 -0.02938545
v 0.06247587 0.04969602 -0.03262601
v 0.05719055 0.04966368 -0.03288664
v 0.10309853 0.04753199 -0.02744965
v 0.10117502 0.04776214 -0.02729886
v 0.10054475 0.04789971 -0.02767808
v 0.09964250 0.04801006 -0.02779786
v 0.09691997 0.04825923 -0.02793333
v 0.10419281 0.04746269 -0.02811253
v 0.10043722 0.04828569 -0.03125264
v 0.10205587 0.04809019 -0.03115269
v 0.09329740 0.04867289 -0.02878396
v 0.08797036 0.04895907 -0.02894669
v 0.09680877 0.04872352 -0.03234690
v 0.09150483 0.04913664 -0.03233227
v 0.09683945 0.04847893 -0.02959408
v 0.07920940 0.04918871 -0.02823741
v 0.08039657 0.04925859 -0.02888441
v 0.07468465 0.04934173 -0.02884148
v 0.08388436 0.04943443 -0.03215019
v 0.07872599 0.04964160 -0.03232267
v 0.07325397 0.04968234 -0.03223371
v 0.06690427 0.04954447 -0.03088289
v 0.08546688 0.04923073 -0.03060185
v 0.00518632 0.04504138 -0.02013396
v 0.00346562 0.04556834 -0.02914599
v 0.00284103 0.04525372 -0.02467270
v 0.04615762 0.04924033 -0.02876649
v 0.05916536 0.04928995 -0.02873381
v 0.05109810 0.04957046 -0.03241727
v 0.05243096 0.04958496 -0.03233852
v 0.04621411 0.04949136 -0.03245812
v 0.05144230 0.04949446 -0.03085289
v 0.13527446 -0.03691637 -0.02886703
v 0.13441231 -0.03752855 -0.02937785
v 0.13617402 -0.03636489 -0.02937954
v 0.13702744 -0.03575071 -0.02957098
v 0.13373852 -0.03819735 -0.03240129
v 0.13552814 -0.03707865 -0.03252254
v 0.13621428 -0.03659514 -0.03247914
v 0.12993562 -0.04001533 -0.02878380
v 0.13119151 -0.03938260 -0.02931355
v 0.12684592 -0.04152321 -0.02926414
v 0.12767744 -0.04115944 -0.02915919
v 0.12870322 -0.04068008 -0.02908038
v 0.12666657 -0.04189027 -0.03230010
v 0.12922435 -0.04073963 -0.03240270
v 0.13053805 -0.04002663 -0.03221965
v 0.12097026 -0.04368107 -0.02841952
v 0.12153314 -0.04344835 -0.02816443
v 0.12317532 -0.04297074 -0.02903926
v 0.11998261 -0.04407941 -0.02895433
v 0.11941312 -0.04457622 -0.03211256
v 0.12100118 -0.04409475 -0.03231105
v 0.12288776 -0.04339868 -0.03217214
v 0.14225703 -0.03123339 -0.02927868
v 0.14288138 -0.03061135 -0.02977244
v 0.14148562 -0.03203544 -0.02960818
v 0.14083949 -0.03263592 -0.02965367
v 0.14025184 -0.03336832 -0.03259162
v 0.14154891 -0.03219781 -0.03269451
v 0.14226551 -0.03147413 -0.03264313
v 0.14613169 -0.02673988 -0.02946280
v 0.14524064 -0.02788885 -0.02989759
v 0.14688262 -0.02573206 -0.02994041
v 0.14608921 -0.02700886 -0.03280816
v 0.14684697 -0.02594586 -0.03287263
v 0.15080144 -0.01858490 -0.02979849
v 0.15066114 -0.01891603 -0.02976581
v 0.15044622 -0.01942780 -0.03015575
v 0.15016154 -0.02003558 -0.03017794
v 0.15036127 -0.01972767 -0.03302857
v 0.15073980 -0.01886106 -0.03303871
v 0.15279838 -0.01271749 -0.02992375
v 0.15288524 -0.01239228 -0.02991096
v 0.15298300 -0.01200575 -0.02990535
v 0.15311224 -0.01147598 -0.03035467
v 0.15321073 -0.01101908 -0.03040983
v 0.15296291 -0.01216594 -0.03316272
v 0.15425890 -0.00316176 -0.02637792
v 0.15415797 -0.00477852 -0.03040476
v 0.15405480 -0.00573253 -0.03325765
v 0.15421874 -0.00399435 -0.03323303
v 0.10968500 -0.04660693 -0.02888343
v 0.11284638 -0.04597397 -0.02886277
v 0.11576008 -0.04523039 -0.02909467
v 0.10954779 -0.04696864 -0.03214733
v 0.11228663 -0.04645375 -0.03228119
v 0.11523395 -0.04569084 -0.03205884
v 0.11633920 -0.04522897 -0.03050659
v 0.10964963 0.04672503 -0.02899867
v 0.11119577 0.04641630 -0.02879909
v 0.11294689 0.04605383 -0.02890935
v 0.11377768 0.04618480 -0.03208163
v 0.11214071 0.04658333 -0.03228851
v 0.11179109 0.04665835 -0.03229944
v 0.11000569 0.04698660 -0.03212379
v 0.12170571 0.04354292 -0.02854080
v 0.11992602 0.04419717 -0.02898455
v 0.12107761 0.04381988 -0.02890752
v 0.12349214 0.04294479 -0.02908154
v 0.12313429 0.04339564 -0.03214395
v 0.12110470 0.04415774 -0.03231678
v 0.11799633 0.04506259 -0.03213257
v 0.12860763 0.04082306 -0.02907932
v 0.12720544 0.04146196 -0.02917989
v 0.12991094 0.04018803 -0.02922322
v 0.13052546 0.03987265 -0.02938770
v 0.12958990 0.04064955 -0.03239824
v 0.12693189 0.04188129 -0.03233656
v 0.13670112 0.03595789 -0.02844857
v 0.13760204 0.03537771 -0.02948249
v 0.13555393 0.03688702 -0.02932645
v 0.13365996 0.03806502 -0.02935028
v 0.13663283 0.03638150 -0.03243216
v 0.13563692 0.03710291 -0.03252358
v 0.13410096 0.03807966 -0.03236156
v 0.14207582 0.03151226 -0.02922789
v 0.14248409 0.03114340 -0.02977105
v 0.14141240 0.03220239 -0.02960664
v 0.14042723 0.03309308 -0.02966017
v 0.14302198 0.03073974 -0.03269227
v 0.14182250 0.03202571 -0.03269573
v 0.14102366 0.03278616 -0.03260476
v 0.14720659 0.02525813 -0.02896918
v 0.14734585 0.02511771 -0.02997748
v 0.14644073 0.02645806 -0.02989429
v 0.14577857 0.02733670 -0.02992811
v 0.14709308 0.02566882 -0.03281860
v 0.14673954 0.02620021 -0.03291513
v 0.14547514 0.02788746 -0.03287740
v 0.15098228 0.01823630 -0.02985601
v 0.15029622 0.01982201 -0.02973982
v 0.15081967 0.01863992 -0.02981144
v 0.15012361 0.02014791 -0.02919439
v 0.15049182 0.01942422 -0.03015806
v 0.15107262 0.01810928 -0.03304843
v 0.15055629 0.01938971 -0.03304918
v 0.15003410 0.02051000 -0.03298989
v 0.15265042 0.01333715 -0.02997618
v 0.15278007 0.01288308 -0.02993328
v 0.15300805 0.01200092 -0.02990493
v 0.15312572 0.01151193 -0.03034797
v 0.15296907 0.01223559 -0.03315984
v 0.15420607 0.00429023 -0.03041019
v 0.15418433 0.00457226 -0.03040502
v 0.15416338 0.00481727 -0.03040772
v 0.15422540 0.00400179 -0.03320944
v 0.15416267 0.00483380 -0.03320642
f 1187 4646 4645
f 4646 816 3439
f 4645 3439 815
f 4646 3439 4645
f 113 3309 3289
f 3309 767 3313
f 3289 3313 763
f 3309 3313 3289
f 766 3307 3303
f 3307 763 3290
f 3303 3290 701
f 3307 3290 3303
f 701 3290 3311
f 3290 763 3313
f 3311 3313 767
f 3290 3313 3311
f 705 3064 3063
f 3064 708 3066
f 3063 3066 707
f 3064 3066 3063
f 732 3154 3153
f 3154 102 1373
f 3153 1373 100
f 3154 1373 3153
f 102 1393 1373
f 1393 109 1392
f 1373 1392 100
f 1393 1392 1373
f 114 3296 3078
f 3296 765 3299
f 3078 3299 712
f 3296 3299 3078
f 778 4423 3366
f 4423 1150 4424
f 3366 4424 779
f 4423 4424 3366
f 1152 4433 4438
f 4433 779 4429
f 4438 4429 1151
f 4433 4429 4438
f 779 4424 4429
f 4424 1150 4432
f 4429 4432 1151
f 4424 4432 4429
f 816 4646 4637
f 4646 1187 4649
f 4637 4649 1185
f 4646 4649 4637
f 1185 4641 4637
f 4641 1186 4638
f 4637 4638 816
f 4641 4638 4637
f 810 4644 3435
f 4644 1187 4645
f 3435 4645 815
f 4644 4645 3435
f 810 3426 4644
f 3426 803 4643
f 4644 4643 1187
f 3426 4643 4644
f 795 3415 3418
f 3415 806 3419
f 3418 3419 807
f 3415 3419 3418
f 803 3426 3394
f 3426 810 3425
f 3394 3425 795
f 3426 3425 3394
f 723 3113 3159
f 3113 102 3154
f 3159 3154 732
f 3113 3154 3159
f 788 3374 4434
f 3374 779 4433
f 4434 4433 1152
f 3374 4433 4434
f 113 1408 1818
f 1408 45 1816
f 1818 1816 247
f 1408 1816 1818
f 981 3785 3784
f 3785 626 2820
f 3784 2820 531
f 3785 2820 3784
f 707 3066 3070
f 3066 708 3071
f 3070 3071 709
f 3066 3071 3070
f 766 3303 3306
f 3303 701 3069
f 3306 3069 709
f 3303 3069 3306
f 709 3071 3306
f 3071 708 3305
f 3306 3305 766
f 3071 3305 3306
f 708 3064 3065
f 3064 705 3060
f 3065 3060 706
f 3064 3060 3065
f 706 3294 3304
f 3294 764 3308
f 3304 3308 766
f 3294 3308 3304
f 766 3305 3304
f 3305 708 3065
f 3304 3065 706
f 3305 3065 3304
f 729 3139 3138
f 3139 713 3081
f 3138 3081 616
f 3139 3081 3138
f 580 2770 2776
f 2770 610 2777
f 2776 2777 612
f 2770 2777 2776
f 613 3095 3137
f 3095 717 3141
f 3137 3141 729
f 3095 3141 3137
f 766 3308 3302
f 3308 764 3291
f 3302 3291 112
f 3308 3291 3302
f 764 3300 3291
f 3300 765 3295
f 3291 3295 112
f 3300 3295 3291
f 717 3100 3094
f 3100 718 3099
f 3094 3099 117
f 3100 3099 3094
f 1055 4426 4332
f 4426 1150 4427
f 4332 4427 1134
f 4426 4427 4332
f 1055 4430 4426
f 4430 1151 4432
f 4426 4432 1150
f 4430 4432 4426
f 1094 4465 4336
f 4465 1156 4466
f 4336 4466 1135
f 4465 4466 4336
f 806 3415 3416
f 3415 795 3412
f 3416 3412 805
f 3415 3412 3416
f 788 3376 3407
f 3376 789 3408
f 3407 3408 805
f 3376 3408 3407
f 779 3374 3398
f 3374 788 3407
f 3398 3407 805
f 3374 3407 3398
f 805 3397 3398
f 3397 778 3366
f 3398 3366 779
f 3397 3366 3398
f 910 3616 3615
f 3616 874 3536
f 3615 3536 805
f 3616 3536 3615
f 815 3439 3436
f 3439 816 3438
f 3436 3438 811
f 3439 3438 3436
f 811 3428 3436
f 3428 810 3435
f 3436 3435 815
f 3428 3435 3436
f 816 3437 3438
f 3437 795 3427
f 3438 3427 811
f 3437 3427 3438
f 811 3427 3428
f 3427 795 3425
f 3428 3425 810
f 3427 3425 3428
f 1187 4643 4659
f 4643 803 4656
f 4659 4656 1189
f 4643 4656 4659
f 820 3446 3447
f 3446 795 3437
f 3447 3437 816
f 3446 3437 3447
f 1180 4626 4619
f 4626 1181 4622
f 4619 4622 867
f 4626 4622 4619
f 186 1624 1677
f 1624 187 1678
f 1677 1678 207
f 1624 1678 1677
f 1126 4285 4301
f 4285 841 4300
f 4301 4300 1127
f 4285 4300 4301
f 1184 4807 4636
f 4807 1216 4806
f 4636 4806 1183
f 4807 4806 4636
f 1183 4806 4633
f 4806 1216 4805
f 4633 4805 1182
f 4806 4805 4633
f 1183 4631 4636
f 4631 820 4635
f 4636 4635 1184
f 4631 4635 4636
f 675 4802 3759
f 4802 1216 4804
f 3759 4804 972
f 4802 4804 3759
f 972 3760 3759
f 3760 748 3226
f 3759 3226 675
f 3760 3226 3759
f 675 3226 3219
f 3226 748 3227
f 3219 3227 747
f 3226 3227 3219
f 1182 4805 4800
f 4805 1216 4809
f 4800 4809 1215
f 4805 4809 4800
f 102 3161 1385
f 3161 733 3162
f 1385 3162 106
f 3161 3162 1385
f 107 2737 1391
f 2737 601 2738
f 1391 2738 108
f 2737 2738 1391
f 107 1388 3163
f 1388 106 3162
f 3163 3162 733
f 1388 3162 3163
f 601 2737 2747
f 2737 107 2743
f 2747 2743 602
f 2737 2743 2747
f 602 2743 3164
f 2743 107 3163
f 3164 3163 733
f 2743 3163 3164
f 1178 4625 4881
f 4625 1181 4882
f 4881 4882 1227
f 4625 4882 4881
f 418 4033 2370
f 4033 1057 4031
f 2370 4031 416
f 4033 4031 2370
f 316 2056 1977
f 2056 344 2057
f 1977 2057 317
f 2056 2057 1977
f 317 2057 2074
f 2057 344 2077
f 2074 2077 349
f 2057 2077 2074
f 429 4370 4376
f 4370 1142 4384
f 4376 4384 1143
f 4370 4384 4376
f 4 2486 2257
f 2486 463 2487
f 2257 2487 383
f 2486 2487 2257
f 383 2259 2257
f 2259 95 1357
f 2257 1357 4
f 2259 1357 2257
f 315 2090 1973
f 2090 352 2091
f 1973 2091 316
f 2090 2091 1973
f 315 2086 2090
f 2086 351 2095
f 2090 2095 352
f 2086 2095 2090
f 416 2461 2360
f 2461 452 2460
f 2360 2460 407
f 2461 2460 2360
f 407 2343 2360
f 2343 406 2359
f 2360 2359 416
f 2343 2359 2360
f 416 2359 2358
f 2359 406 2340
f 2358 2340 405
f 2359 2340 2358
f 405 2340 2335
f 2340 406 2339
f 2335 2339 282
f 2340 2339 2335
f 405 2369 2358
f 2369 418 2370
f 2358 2370 416
f 2369 2370 2358
f 757 3278 3261
f 3278 760 3276
f 3261 3276 669
f 3278 3276 3261
f 671 2976 2975
f 2976 663 2950
f 2975 2950 643
f 2976 2950 2975
f 643 2883 2975
f 2883 642 2974
f 2975 2974 671
f 2883 2974 2975
f 508 2613 3006
f 2613 506 3004
f 3006 3004 687
f 2613 3004 3006
f 1219 4833 4827
f 4833 1113 4185
f 4827 4185 1005
f 4833 4185 4827
f 1112 4186 4832
f 4186 1113 4833
f 4832 4833 1219
f 4186 4833 4832
f 1112 4832 4182
f 4832 1219 4831
f 4182 4831 1111
f 4832 4831 4182
f 1210 4766 4765
f 4766 1024 3933
f 4765 3933 773
f 4766 3933 4765
f 757 3281 3258
f 3281 761 3279
f 3258 3279 246
f 3281 3279 3258
f 246 3273 3258
f 3273 760 3278
f 3258 3278 757
f 3273 3278 3258
f 246 1821 3273
f 1821 248 3274
f 3273 3274 760
f 1821 3274 3273
f 46 1817 1264
f 1817 247 1816
f 1264 1816 45
f 1817 1816 1264
f 47 1814 1265
f 1814 246 1813
f 1265 1813 46
f 1814 1813 1265
f 46 1813 1817
f 1813 246 1819
f 1817 1819 247
f 1813 1819 1817
f 302 1941 1942
f 1941 48 1267
f 1942 1267 49
f 1941 1267 1942
f 671 2974 2977
f 2974 642 2970
f 2977 2970 670
f 2974 2970 2977
f 113 1818 3251
f 1818 247 3252
f 3251 3252 755
f 1818 3252 3251
f 731 3150 3149
f 3150 720 3106
f 3149 3106 719
f 3150 3106 3149
f 719 3102 3149
f 3102 610 3148
f 3149 3148 731
f 3102 3148 3149
f 732 3153 3158
f 3153 100 3111
f 3158 3111 722
f 3153 3111 3158
f 721 3107 3108
f 3107 100 1392
f 3108 1392 109
f 3107 1392 3108
f 109 3104 3108
f 3104 720 3110
f 3108 3110 721
f 3104 3110 3108
f 721 3112 3107
f 3112 722 3111
f 3107 3111 100
f 3112 3111 3107
f 720 3150 3110
f 3150 731 3151
f 3110 3151 721
f 3150 3151 3110
f 732 3158 3157
f 3158 722 3112
f 3157 3112 721
f 3158 3112 3157
f 885 3563 4607
f 3563 886 4608
f 4607 4608 1176
f 3563 4608 4607
f 1172 4590 4589
f 4590 888 3569
f 4589 3569 887
f 4590 3569 4589
f 701 3056 3050
f 3056 702 3055
f 3050 3055 699
f 3056 3055 3050
f 699 3067 3050
f 3067 709 3069
f 3050 3069 701
f 3067 3069 3050
f 531 2820 2901
f 2820 626 2902
f 2901 2902 650
f 2820 2902 2901
f 626 3051 2902
f 3051 702 3052
f 2902 3052 650
f 3051 3052 2902
f 702 3053 3052
f 3053 651 2903
f 3052 2903 650
f 3053 2903 3052
f 1128 4485 4311
f 4485 1158 4479
f 4311 4479 978
f 4485 4479 4311
f 989 3807 4495
f 3807 988 4494
f 4495 4494 1159
f 3807 4494 4495
f 704 3059 3058
f 3059 706 3060
f 3058 3060 705
f 3059 3060 3058
f 705 3075 3058
f 3075 710 3074
f 3058 3074 704
f 3075 3074 3058
f 764 3294 3293
f 3294 706 3059
f 3293 3059 704
f 3294 3059 3293
f 712 3299 3080
f 3299 765 3298
f 3080 3298 703
f 3299 3298 3080
f 703 3082 3080
f 3082 713 3084
f 3080 3084 712
f 3082 3084 3080
f 703 3057 3073
f 3057 704 3074
f 3073 3074 710
f 3057 3074 3073
f 703 3298 3292
f 3298 765 3300
f 3292 3300 764
f 3298 3300 3292
f 764 3293 3292
f 3293 704 3057
f 3292 3057 703
f 3293 3057 3292
f 608 2772 2769
f 2772 610 2773
f 2769 2773 609
f 2772 2773 2769
f 609 2768 2769
f 2768 607 2765
f 2769 2765 608
f 2768 2765 2769
f 163 1754 1550
f 1754 228 1753
f 1550 1753 161
f 1754 1753 1550
f 159 1747 1536
f 1747 227 1746
f 1536 1746 157
f 1747 1746 1536
f 159 1752 1747
f 1752 228 1757
f 1747 1757 227
f 1752 1757 1747
f 159 1543 1752
f 1543 161 1753
f 1752 1753 228
f 1543 1753 1752
f 226 1751 1745
f 1751 227 1749
f 1745 1749 220
f 1751 1749 1745
f 157 1746 1743
f 1746 227 1751
f 1743 1751 226
f 1746 1751 1743
f 199 2245 2254
f 2245 381 2256
f 2254 2256 382
f 2245 2256 2254
f 105 1387 1390
f 1387 107 1391
f 1390 1391 108
f 1387 1391 1390
f 225 1740 1741
f 1740 186 1633
f 1741 1633 191
f 1740 1633 1741
f 191 1633 1680
f 1633 186 1677
f 1680 1677 207
f 1633 1677 1680
f 730 3145 3144
f 3145 718 3100
f 3144 3100 717
f 3145 3100 3144
f 717 3095 3144
f 3095 613 3143
f 3144 3143 730
f 3095 3143 3144
f 730 3142 3146
f 3142 610 3102
f 3146 3102 719
f 3142 3102 3146
f 719 3103 3146
f 3103 718 3145
f 3146 3145 730
f 3103 3145 3146
f 611 2775 2778
f 2775 580 2776
f 2778 2776 612
f 2775 2776 2778
f 612 2781 2778
f 2781 613 2780
f 2778 2780 611
f 2781 2780 2778
f 766 3302 3301
f 3302 112 1405
f 3301 1405 111
f 3302 1405 3301
f 113 3289 1409
f 3289 763 3288
f 1409 3288 111
f 3289 3288 1409
f 111 3288 3301
f 3288 763 3307
f 3301 3307 766
f 3288 3307 3301
f 111 1405 1401
f 1405 112 1404
f 1401 1404 42
f 1405 1404 1401
f 765 3296 3297
f 3296 114 1413
f 3297 1413 115
f 3296 1413 3297
f 115 1412 3297
f 1412 112 3295
f 3297 3295 765
f 1412 3295 3297
f 114 1411 1413
f 1411 112 1412
f 1413 1412 115
f 1411 1412 1413
f 717 3094 3097
f 3094 117 3091
f 3097 3091 716
f 3094 3091 3097
f 116 1417 3079
f 1417 114 3078
f 3079 3078 712
f 1417 3078 3079
f 116 3090 1421
f 3090 716 3091
f 1421 3091 117
f 3090 3091 1421
f 110 3098 3101
f 3098 718 3103
f 3101 3103 719
f 3098 3103 3101
f 110 1420 3098
f 1420 117 3099
f 3098 3099 718
f 1420 3099 3098
f 719 3106 3101
f 3106 720 3105
f 3101 3105 110
f 3106 3105 3101
f 110 3105 1400
f 3105 720 3104
f 1400 3104 109
f 3105 3104 1400
f 110 1400 1399
f 1400 109 1393
f 1399 1393 102
f 1400 1393 1399
f 117 1420 1418
f 1420 110 1394
f 1418 1394 34
f 1420 1394 1418
f 163 1550 1551
f 1550 161 1549
f 1551 1549 162
f 1550 1549 1551
f 162 1552 1551
f 1552 164 1553
f 1551 1553 163
f 1552 1553 1551
f 162 1556 1552
f 1556 165 1557
f 1552 1557 164
f 1556 1557 1552
f 162 1547 1548
f 1547 159 1542
f 1548 1542 160
f 1547 1542 1548
f 161 1543 1549
f 1543 159 1547
f 1549 1547 162
f 1543 1547 1549
f 306 2021 1952
f 2021 331 2022
f 1952 2022 307
f 2021 2022 1952
f 303 1947 1948
f 1947 301 1945
f 1948 1945 302
f 1947 1945 1948
f 67 1289 2188
f 1289 60 2187
f 2188 2187 372
f 1289 2187 2188
f 372 2187 2190
f 2187 60 2157
f 2190 2157 366
f 2187 2157 2190
f 47 1265 2186
f 1265 46 2185
f 2186 2185 372
f 1265 2185 2186
f 372 2184 2188
f 2184 45 1288
f 2188 1288 67
f 2184 1288 2188
f 372 2185 2184
f 2185 46 1264
f 2184 1264 45
f 2185 1264 2184
f 325 2004 2005
f 2004 303 1950
f 2005 1950 304
f 2004 1950 2005
f 353 2100 2097
f 2100 352 2094
f 2097 2094 339
f 2100 2094 2097
f 316 2091 2096
f 2091 352 2100
f 2096 2100 353
f 2091 2100 2096
f 353 2099 2096
f 2099 344 2056
f 2096 2056 316
f 2099 2056 2096
f 271 1865 1985
f 1865 270 1984
f 1985 1984 319
f 1865 1984 1985
f 66 2180 2154
f 2180 371 2183
f 2154 2183 365
f 2180 2183 2154
f 365 2183 2155
f 2183 371 2182
f 2155 2182 363
f 2183 2182 2155
f 363 2182 2144
f 2182 371 2181
f 2144 2181 151
f 2182 2181 2144
f 1132 4325 4326
f 4325 852 4321
f 4326 4321 1131
f 4325 4321 4326
f 1151 4430 4428
f 4430 1055 4028
f 4428 4028 415
f 4430 4028 4428
f 415 2357 2362
f 2357 414 2361
f 2362 2361 416
f 2357 2361 2362
f 415 4028 2357
f 4028 1055 4027
f 2357 4027 414
f 4028 4027 2357
f 1135 4335 4345
f 4335 805 4342
f 4345 4342 1136
f 4335 4342 4345
f 778 3397 3431
f 3397 805 3432
f 3431 3432 814
f 3397 3432 3431
f 1134 4427 4331
f 4427 1150 4425
f 4331 4425 814
f 4427 4425 4331
f 1150 4423 4425
f 4423 778 3431
f 4425 3431 814
f 4423 3431 4425
f 207 1678 1681
f 1678 187 1675
f 1681 1675 206
f 1678 1675 1681
f 185 1672 1674
f 1672 205 1676
f 1674 1676 206
f 1672 1676 1674
f 206 1675 1674
f 1675 187 1623
f 1674 1623 185
f 1675 1623 1674
f 180 1594 2238
f 1594 95 2237
f 2238 2237 380
f 1594 2237 2238
f 185 1623 1616
f 1623 187 1621
f 1616 1621 137
f 1623 1621 1616
f 793 3380 3417
f 3380 795 3418
f 3417 3418 807
f 3380 3418 3417
f 793 3379 3380
f 3379 794 3381
f 3380 3381 795
f 3379 3381 3380
f 794 3379 4734
f 3379 793 4733
f 4734 4733 1204
f 3379 4733 4734
f 882 3552 3553
f 3552 795 3508
f 3553 3508 853
f 3552 3508 3553
f 795 3446 3508
f 3446 820 3509
f 3508 3509 853
f 3446 3509 3508
f 820 4631 3509
f 4631 1183 4632
f 3509 4632 853
f 4631 4632 3509
f 1182 4629 4627
f 4629 882 3553
f 4627 3553 853
f 4629 3553 4627
f 853 4632 4627
f 4632 1183 4633
f 4627 4633 1182
f 4632 4633 4627
f 816 4638 3441
f 4638 1186 4639
f 3441 4639 818
f 4638 4639 3441
f 818 3448 3441
f 3448 820 3447
f 3441 3447 816
f 3448 3447 3441
f 818 4639 4634
f 4639 1186 4640
f 4634 4640 1184
f 4639 4640 4634
f 1184 4635 4634
f 4635 820 3448
f 4634 3448 818
f 4635 3448 4634
f 795 3526 3556
f 3526 867 3557
f 3556 3557 884
f 3526 3557 3556
f 1176 4608 4606
f 4608 886 3562
f 4606 3562 884
f 4608 3562 4606
f 866 3525 3554
f 3525 795 3552
f 3554 3552 882
f 3525 3552 3554
f 866 3527 3525
f 3527 867 3526
f 3525 3526 795
f 3527 3526 3525
f 866 3554 4628
f 3554 882 4629
f 4628 4629 1182
f 3554 4629 4628
f 951 4535 4529
f 4535 1164 4541
f 4529 4541 1163
f 4535 4541 4529
f 832 3465 3464
f 3465 828 3458
f 3464 3458 795
f 3465 3458 3464
f 944 3694 3693
f 3694 940 3683
f 3693 3683 795
f 3694 3683 3693
f 939 3688 3682
f 3688 940 3687
f 3682 3687 938
f 3688 3687 3682
f 1122 4246 4256
f 4246 913 4255
f 4256 4255 1123
f 4246 4255 4256
f 821 3450 3449
f 3450 805 3412
f 3449 3412 795
f 3450 3412 3449
f 1159 4496 4490
f 4496 1158 4477
f 4490 4477 877
f 4496 4477 4490
f 827 4476 4306
f 4476 1158 4485
f 4306 4485 1128
f 4476 4485 4306
f 1128 4307 4306
f 4307 828 3459
f 4306 3459 827
f 4307 3459 4306
f 1126 4301 4867
f 4301 1127 4868
f 4867 4868 1225
f 4301 4868 4867
f 1127 4295 4868
f 4295 529 4865
f 4868 4865 1225
f 4295 4865 4868
f 1128 4312 4310
f 4312 1127 4297
f 4310 4297 831
f 4312 4297 4310
f 1019 4279 4291
f 4279 1125 4294
f 4291 4294 1126
f 4279 4294 4291
f 1019 3914 3916
f 3914 552 3910
f 3916 3910 1018
f 3914 3910 3916
f 562 4296 4303
f 4296 1127 4312
f 4303 4312 1128
f 4296 4312 4303
f 562 2700 4296
f 2700 529 4295
f 4296 4295 1127
f 2700 4295 4296
f 914 4227 3630
f 4227 1120 4228
f 3630 4228 915
f 4227 4228 3630
f 859 3514 3627
f 3514 805 3626
f 3627 3626 915
f 3514 3626 3627
f 805 3533 3626
f 3533 872 3628
f 3626 3628 915
f 3533 3628 3626
f 1005 4185 4820
f 4185 1113 4823
f 4820 4823 1218
f 4185 4823 4820
f 1115 4193 4192
f 4193 826 3457
f 4192 3457 825
f 4193 3457 4192
f 898 3588 3589
f 3588 805 3514
f 3589 3514 859
f 3588 3514 3589
f 1217 4815 4817
f 4815 1185 4649
f 4817 4649 1187
f 4815 4649 4817
f 1186 4641 4816
f 4641 1185 4815
f 4816 4815 1217
f 4641 4815 4816
f 1217 4812 4810
f 4812 489 2569
f 4810 2569 5
f 4812 2569 4810
f 1187 4642 4817
f 4642 487 4811
f 4817 4811 1217
f 4642 4811 4817
f 487 2575 4811
f 2575 489 4812
f 4811 4812 1217
f 2575 4812 4811
f 5 1464 2978
f 1464 135 2979
f 2978 2979 673
f 1464 2979 2978
f 126 3218 3198
f 3218 747 3221
f 3198 3221 742
f 3218 3221 3198
f 750 3232 3233
f 3232 747 3227
f 3233 3227 748
f 3232 3227 3233
f 743 3222 3217
f 3222 747 3224
f 3217 3224 746
f 3222 3224 3217
f 746 3224 3216
f 3224 747 3218
f 3216 3218 126
f 3224 3218 3216
f 675 3219 3236
f 3219 747 3239
f 3236 3239 751
f 3219 3239 3236
f 1214 4801 4793
f 4801 1215 4797
f 4793 4797 970
f 4801 4797 4793
f 971 4803 3755
f 4803 1216 4802
f 3755 4802 675
f 4803 4802 3755
f 971 4798 4803
f 4798 1215 4809
f 4803 4809 1216
f 4798 4809 4803
f 970 4797 3757
f 4797 1215 4798
f 3757 4798 971
f 4797 4798 3757
f 103 3203 1422
f 3203 744 3205
f 1422 3205 119
f 3203 3205 1422
f 103 1382 1389
f 1382 105 1390
f 1389 1390 108
f 1382 1390 1389
f 586 2725 2728
f 2725 595 2730
f 2728 2730 598
f 2725 2730 2728
f 593 2746 2748
f 2746 602 2749
f 2748 2749 603
f 2746 2749 2748
f 588 2745 2719
f 2745 602 2746
f 2719 2746 593
f 2745 2746 2719
f 975 3771 3770
f 3771 974 3767
f 3770 3767 593
f 3771 3767 3770
f 1227 4877 4878
f 4877 974 3771
f 4878 3771 975
f 4877 3771 4878
f 1176 4879 4609
f 4879 1227 4878
f 4609 4878 975
f 4879 4878 4609
f 1175 4603 4611
f 4603 885 4607
f 4611 4607 1176
f 4603 4607 4611
f 608 2765 2764
f 2765 607 2763
f 2764 2763 606
f 2765 2763 2764
f 606 3117 3156
f 3117 724 3160
f 3156 3160 732
f 3117 3160 3156
f 732 3157 3156
f 3157 721 3109
f 3156 3109 606
f 3157 3109 3156
f 606 3109 3147
f 3109 721 3151
f 3147 3151 731
f 3109 3151 3147
f 583 3831 2712
f 3831 997 3832
f 2712 3832 585
f 3831 3832 2712
f 583 2761 3831
f 2761 607 3833
f 3831 3833 997
f 2761 3833 3831
f 1057 4033 4034
f 4033 418 2371
f 4034 2371 419
f 4033 2371 4034
f 1065 4052 4053
f 4052 418 2379
f 4053 2379 423
f 4052 2379 4053
f 394 2296 2294
f 2296 271 1864
f 2294 1864 24
f 2296 1864 2294
f 270 1865 2295
f 1865 271 2296
f 2295 2296 394
f 1865 2296 2295
f 786 4372 4364
f 4372 1142 4375
f 4364 4375 1141
f 4372 4375 4364
f 1077 4087 4383
f 4087 429 4376
f 4383 4376 1143
f 4087 4376 4383
f 1142 4370 4374
f 4370 429 4084
f 4374 4084 1076
f 4370 4084 4374
f 786 3405 3371
f 3405 805 3402
f 3371 3402 783
f 3405 3402 3371
f 783 4371 3371
f 4371 1142 4372
f 3371 4372 786
f 4371 4372 3371
f 1143 4384 4378
f 4384 1142 4371
f 4378 4371 783
f 4384 4371 4378
f 1148 4415 4414
f 4415 789 3376
f 4414 3376 788
f 4415 3376 4414
f 780 3399 3375
f 3399 805 3408
f 3375 3408 789
f 3399 3408 3375
f 780 3367 3399
f 3367 781 3400
f 3399 3400 805
f 3367 3400 3399
f 780 4385 3367
f 4385 1144 4386
f 3367 4386 781
f 4385 4386 3367
f 1145 4403 4398
f 4403 1144 4385
f 4398 4385 780
f 4403 4385 4398
f 380 2237 2236
f 2237 95 1360
f 2236 1360 94
f 2237 1360 2236
f 17 2266 1292
f 2266 386 2268
f 1292 2268 68
f 2266 2268 1292
f 19 1353 2262
f 1353 94 2264
f 2262 2264 385
f 1353 2264 2262
f 95 2259 1358
f 2259 383 2258
f 1358 2258 20
f 2259 2258 1358
f 383 2261 2258
f 2261 384 2260
f 2258 2260 20
f 2261 2260 2258
f 384 2265 2260
f 2265 385 2263
f 2260 2263 20
f 2265 2263 2260
f 20 1354 1358
f 1354 94 1360
f 1358 1360 95
f 1354 1360 1358
f 20 2263 1354
f 2263 385 2264
f 1354 2264 94
f 2263 2264 1354
f 408 4152 2344
f 4152 1103 4153
f 2344 4153 409
f 4152 4153 2344
f 351 2086 2085
f 2086 315 1970
f 2085 1970 314
f 2086 1970 2085
f 350 2089 2081
f 2089 351 2085
f 2081 2085 314
f 2089 2085 2081
f 339 2046 2048
f 2046 340 2049
f 2048 2049 341
f 2046 2049 2048
f 341 2098 2048
f 2098 353 2097
f 2048 2097 339
f 2098 2097 2048
f 344 2099 2058
f 2099 353 2098
f 2058 2098 341
f 2099 2098 2058
f 300 1934 1944
f 1934 48 1941
f 1944 1941 302
f 1934 1941 1944
f 302 1945 1944
f 1945 301 1940
f 1944 1940 300
f 1945 1940 1944
f 301 1939 1940
f 1939 299 1938
f 1940 1938 300
f 1939 1938 1940
f 350 2081 2080
f 2081 314 1967
f 2080 1967 313
f 2081 1967 2080
f 757 3261 3260
f 3261 669 2967
f 3260 2967 668
f 3261 2967 3260
f 668 2967 2962
f 2967 669 2965
f 2962 2965 645
f 2967 2965 2962
f 645 2965 2892
f 2965 669 2966
f 2892 2966 646
f 2965 2966 2892
f 646 2971 2891
f 2971 670 2970
f 2891 2970 642
f 2971 2970 2891
f 646 2966 3275
f 2966 669 3276
f 3275 3276 760
f 2966 3276 3275
f 760 3277 3275
f 3277 670 2971
f 3275 2971 646
f 3277 2971 3275
f 528 2644 2642
f 2644 529 2643
f 2642 2643 527
f 2644 2643 2642
f 527 2701 2642
f 2701 563 2702
f 2642 2702 528
f 2701 2702 2642
f 1126 4282 4281
f 4282 563 2701
f 4281 2701 527
f 4282 2701 4281
f 642 2883 2879
f 2883 643 2881
f 2879 2881 638
f 2883 2881 2879
f 518 2866 2934
f 2866 638 2935
f 2934 2935 659
f 2866 2935 2934
f 642 2879 2878
f 2879 638 2866
f 2878 2866 518
f 2879 2866 2878
f 495 2585 2584
f 2585 239 1790
f 2584 1790 238
f 2585 1790 2584
f 497 2591 2592
f 2591 495 2586
f 2592 2586 496
f 2591 2586 2592
f 497 2831 2587
f 2831 629 2830
f 2587 2830 236
f 2831 2830 2587
f 236 1788 2587
f 1788 239 2588
f 2587 2588 497
f 1788 2588 2587
f 239 2585 2588
f 2585 495 2591
f 2588 2591 497
f 2585 2591 2588
f 236 2830 1781
f 2830 629 2829
f 1781 2829 233
f 2830 2829 1781
f 629 2832 2829
f 2832 500 2598
f 2829 2598 233
f 2832 2598 2829
f 244 1806 1805
f 1806 49 1267
f 1805 1267 48
f 1806 1267 1805
f 1108 4169 4167
f 4169 1107 4161
f 4167 4161 874
f 4169 4161 4167
f 1108 4167 4168
f 4167 874 3616
f 4168 3616 910
f 4167 3616 4168
f 910 4171 4168
f 4171 1109 4172
f 4168 4172 1108
f 4171 4172 4168
f 510 2852 2855
f 2852 635 2857
f 2855 2857 636
f 2852 2857 2855
f 659 2935 2933
f 2935 638 2865
f 2933 2865 516
f 2935 2865 2933
f 502 2606 2607
f 2606 504 2609
f 2607 2609 505
f 2606 2609 2607
f 506 2613 2611
f 2613 508 2612
f 2611 2612 505
f 2613 2612 2611
f 505 2609 2611
f 2609 504 2610
f 2611 2610 506
f 2609 2610 2611
f 506 2610 3014
f 2610 504 3013
f 3014 3013 689
f 2610 3013 3014
f 1211 4776 4775
f 4776 1210 4769
f 4775 4769 1129
f 4776 4769 4775
f 1024 4766 4772
f 4766 1210 4776
f 4772 4776 1211
f 4766 4776 4772
f 494 2590 2582
f 2590 497 2589
f 2582 2589 492
f 2590 2589 2582
f 499 2597 2596
f 2597 497 2590
f 2596 2590 494
f 2597 2590 2596
f 493 2583 2581
f 2583 494 2582
f 2581 2582 492
f 2583 2582 2581
f 662 2944 2945
f 2944 500 2603
f 2945 2603 503
f 2944 2603 2945
f 502 2607 2605
f 2607 505 2608
f 2605 2608 503
f 2607 2608 2605
f 503 2608 2945
f 2608 505 2946
f 2945 2946 662
f 2608 2946 2945
f 501 2601 2600
f 2601 500 2599
f 2600 2599 499
f 2601 2599 2600
f 502 2605 2602
f 2605 503 2604
f 2602 2604 501
f 2605 2604 2602
f 501 2604 2601
f 2604 503 2603
f 2601 2603 500
f 2604 2603 2601
f 256 3025 1841
f 3025 691 3024
f 1841 3024 254
f 3025 3024 1841
f 254 1837 1841
f 1837 253 1840
f 1841 1840 256
f 1837 1840 1841
f 256 3036 3025
f 3036 696 3039
f 3025 3039 691
f 3036 3039 3025
f 253 1833 1840
f 1833 59 1839
f 1840 1839 256
f 1833 1839 1840
f 249 3022 1823
f 3022 691 3023
f 1823 3023 250
f 3022 3023 1823
f 254 3024 1836
f 3024 691 3022
f 1836 3022 249
f 3024 3022 1836
f 249 1834 1836
f 1834 253 1837
f 1836 1837 254
f 1834 1837 1836
f 250 1826 1823
f 1826 251 1825
f 1823 1825 249
f 1826 1825 1823
f 251 1835 1825
f 1835 253 1834
f 1825 1834 249
f 1835 1834 1825
f 754 3312 3249
f 3312 767 3309
f 3249 3309 113
f 3312 3309 3249
f 113 3251 3249
f 3251 755 3255
f 3249 3255 754
f 3251 3255 3249
f 666 2958 3265
f 2958 665 3264
f 3265 3264 758
f 2958 3264 3265
f 758 3264 3267
f 3264 665 3254
f 3267 3254 755
f 3264 3254 3267
f 247 1819 3263
f 1819 246 3262
f 3263 3262 758
f 1819 3262 3263
f 758 3262 3282
f 3262 246 3279
f 3282 3279 761
f 3262 3279 3282
f 725 3120 3119
f 3120 610 2772
f 3119 2772 608
f 3120 2772 3119
f 725 3152 3120
f 3152 731 3148
f 3120 3148 610
f 3152 3148 3120
f 608 2764 3119
f 2764 606 3118
f 3119 3118 725
f 2764 3118 3119
f 725 3118 3152
f 3118 606 3147
f 3152 3147 731
f 3118 3147 3152
f 795 3700 3730
f 3700 947 3732
f 3730 3732 963
f 3700 3732 3730
f 963 3731 3730
f 3731 944 3693
f 3730 3693 795
f 3731 3693 3730
f 960 3723 3734
f 3723 944 3731
f 3734 3731 963
f 3723 3731 3734
f 965 3742 3737
f 3742 966 3741
f 3737 3741 963
f 3742 3741 3737
f 963 3741 3734
f 3741 966 3740
f 3734 3740 960
f 3741 3740 3734
f 886 3563 3561
f 3563 885 3560
f 3561 3560 868
f 3563 3560 3561
f 868 3558 3561
f 3558 884 3562
f 3561 3562 886
f 3558 3562 3561
f 885 4603 3560
f 4603 1175 4602
f 3560 4602 868
f 4603 4602 3560
f 868 3530 3528
f 3530 869 3529
f 3528 3529 795
f 3530 3529 3528
f 795 3556 3528
f 3556 884 3558
f 3528 3558 868
f 3556 3558 3528
f 870 3564 3568
f 3564 887 3569
f 3568 3569 888
f 3564 3569 3568
f 870 3568 3531
f 3568 888 3565
f 3531 3565 795
f 3568 3565 3531
f 795 3529 3531
f 3529 869 3532
f 3531 3532 870
f 3529 3532 3531
f 707 3070 3062
f 3070 709 3068
f 3062 3068 700
f 3070 3068 3062
f 709 3067 3068
f 3067 699 3048
f 3068 3048 700
f 3067 3048 3068
f 726 3125 3122
f 3125 702 3051
f 3122 3051 626
f 3125 3051 3122
f 726 3123 3125
f 3123 699 3055
f 3125 3055 702
f 3123 3055 3125
f 726 3124 3123
f 3124 700 3048
f 3123 3048 699
f 3124 3048 3123
f 726 3121 3126
f 3121 623 3061
f 3126 3061 707
f 3121 3061 3126
f 707 3062 3126
f 3062 700 3124
f 3126 3124 726
f 3062 3124 3126
f 653 2907 2910
f 2907 527 2904
f 2910 2904 652
f 2907 2904 2910
f 652 2906 2910
f 2906 651 2909
f 2910 2909 653
f 2906 2909 2910
f 652 2905 2906
f 2905 650 2903
f 2906 2903 651
f 2905 2903 2906
f 983 3792 3789
f 3792 984 3791
f 3789 3791 626
f 3792 3791 3789
f 980 4481 3786
f 4481 1158 4482
f 3786 4482 981
f 4481 4482 3786
f 980 3786 3782
f 3786 981 3784
f 3782 3784 531
f 3786 3784 3782
f 626 3802 2822
f 3802 988 3801
f 2822 3801 566
f 3802 3801 2822
f 988 3807 3801
f 3807 989 3804
f 3801 3804 566
f 3807 3804 3801
f 925 3657 4520
f 3657 924 4519
f 4520 4519 1162
f 3657 4519 4520
f 623 3190 3128
f 3190 739 3191
f 3128 3191 727
f 3190 3191 3128
f 727 3129 3130
f 3129 705 3063
f 3130 3063 707
f 3129 3063 3130
f 707 3061 3130
f 3061 623 3128
f 3130 3128 727
f 3061 3128 3130
f 727 3131 3129
f 3131 710 3075
f 3129 3075 705
f 3131 3075 3129
f 620 3072 3127
f 3072 710 3131
f 3127 3131 727
f 3072 3131 3127
f 727 3191 3127
f 3191 739 3188
f 3127 3188 620
f 3191 3188 3127
f 621 3189 2815
f 3189 739 3190
f 2815 3190 623
f 3189 3190 2815
f 620 3188 2806
f 3188 739 3189
f 2806 3189 621
f 3188 3189 2806
f 728 3132 3136
f 3132 616 3081
f 3136 3081 713
f 3132 3081 3136
f 728 3187 3132
f 3187 738 3184
f 3132 3184 616
f 3187 3184 3132
f 728 3134 3133
f 3134 710 3072
f 3133 3072 620
f 3134 3072 3133
f 620 3186 3133
f 3186 738 3187
f 3133 3187 728
f 3186 3187 3133
f 610 2770 2771
f 2770 580 2711
f 2771 2711 581
f 2770 2711 2771
f 581 2766 2771
f 2766 609 2773
f 2771 2773 610
f 2766 2773 2771
f 998 3836 3835
f 3836 609 2766
f 3835 2766 581
f 3836 2766 3835
f 997 3833 3830
f 3833 607 2760
f 3830 2760 582
f 3833 2760 3830
f 607 2768 2760
f 2768 609 2767
f 2760 2767 582
f 2768 2767 2760
f 580 2775 3847
f 2775 611 3848
f 3847 3848 1002
f 2775 3848 3847
f 1002 3848 4898
f 3848 611 4896
f 4898 4896 1230
f 3848 4896 4898
f 157 1743 1528
f 1743 226 1742
f 1528 1742 155
f 1743 1742 1528
f 80 2250 2242
f 2250 382 2256
f 2242 2256 381
f 2250 2256 2242
f 381 2243 2242
f 2243 81 1317
f 2242 1317 80
f 2243 1317 2242
f 362 2143 2142
f 2143 194 1643
f 2142 1643 193
f 2143 1643 2142
f 193 1643 1647
f 1643 194 1648
f 1647 1648 196
f 1643 1648 1647
f 118 3204 3200
f 3204 744 3210
f 3200 3210 743
f 3204 3210 3200
f 743 3201 3200
f 3201 120 1424
f 3200 1424 118
f 3201 1424 3200
f 119 3205 1423
f 3205 744 3204
f 1423 3204 118
f 3205 3204 1423
f 768 3317 3316
f 3317 188 1628
f 3316 1628 179
f 3317 1628 3316
f 179 1592 3316
f 1592 29 3314
f 3316 3314 768
f 1592 3314 3316
f 188 1625 1628
f 1625 29 1592
f 1628 1592 179
f 1625 1592 1628
f 212 1694 1698
f 1694 210 1696
f 1698 1696 213
f 1694 1696 1698
f 736 3177 3176
f 3177 613 2781
f 3176 2781 612
f 3177 2781 3176
f 736 3178 3177
f 3178 730 3143
f 3177 3143 613
f 3178 3143 3177
f 612 2777 3176
f 2777 610 3175
f 3176 3175 736
f 2777 3175 3176
f 610 3142 3175
f 3142 730 3178
f 3175 3178 736
f 3142 3178 3175
f 1230 4896 4897
f 4896 611 3845
f 4897 3845 1001
f 4896 3845 4897
f 714 3085 3086
f 3085 116 3079
f 3086 3079 712
f 3085 3079 3086
f 716 3090 3092
f 3090 116 3085
f 3092 3085 714
f 3090 3085 3092
f 729 3141 3140
f 3141 717 3096
f 3140 3096 715
f 3141 3096 3140
f 717 3097 3096
f 3097 716 3093
f 3096 3093 715
f 3097 3093 3096
f 716 3092 3093
f 3092 714 3089
f 3093 3089 715
f 3092 3089 3093
f 715 3088 3140
f 3088 713 3139
f 3140 3139 729
f 3088 3139 3140
f 712 3084 3087
f 3084 713 3088
f 3087 3088 715
f 3084 3088 3087
f 715 3089 3087
f 3089 714 3086
f 3087 3086 712
f 3089 3086 3087
f 114 1417 1410
f 1417 116 1416
f 1410 1416 41
f 1417 1416 1410
f 42 1404 1260
f 1404 112 1403
f 1260 1403 41
f 1404 1403 1260
f 41 1403 1410
f 1403 112 1411
f 1410 1411 114
f 1403 1411 1410
f 151 2181 1514
f 2181 371 2177
f 1514 2177 41
f 2181 2177 1514
f 41 2177 1260
f 2177 371 2178
f 1260 2178 42
f 2177 2178 1260
f 160 1540 1538
f 1540 110 1395
f 1538 1395 36
f 1540 1395 1538
f 36 1544 1538
f 1544 162 1548
f 1538 1548 160
f 1544 1548 1538
f 310 1954 2024
f 1954 307 2022
f 2024 2022 331
f 1954 2022 2024
f 373 2193 2192
f 2193 85 1329
f 2192 1329 84
f 2193 1329 2192
f 84 1324 2192
f 1324 83 2191
f 2192 2191 373
f 1324 2191 2192
f 84 1329 1323
f 1329 85 1328
f 1323 1328 79
f 1329 1328 1323
f 79 1321 1323
f 1321 83 1324
f 1323 1324 84
f 1321 1324 1323
f 324 2025 2003
f 2025 331 2021
f 2003 2021 306
f 2025 2021 2003
f 301 1947 2001
f 1947 303 2002
f 2001 2002 324
f 1947 2002 2001
f 324 2002 2006
f 2002 303 2004
f 2006 2004 325
f 2002 2004 2006
f 366 2157 2158
f 2157 60 1276
f 2158 1276 62
f 2157 1276 2158
f 332 2173 2196
f 2173 370 2199
f 2196 2199 373
f 2173 2199 2196
f 373 2199 2197
f 2199 370 2175
f 2197 2175 367
f 2199 2175 2197
f 367 2175 2161
f 2175 370 2174
f 2161 2174 366
f 2175 2174 2161
f 366 2158 2161
f 2158 62 2160
f 2161 2160 367
f 2158 2160 2161
f 283 1946 1943
f 1946 303 1948
f 1943 1948 302
f 1946 1948 1943
f 283 1949 1946
f 1949 304 1950
f 1946 1950 303
f 1949 1950 1946
f 47 2186 1885
f 2186 372 2189
f 1885 2189 283
f 2186 2189 1885
f 283 2189 2159
f 2189 372 2190
f 2159 2190 366
f 2189 2190 2159
f 283 1886 1885
f 1886 49 1266
f 1885 1266 47
f 1886 1266 1885
f 302 1942 1943
f 1942 49 1886
f 1943 1886 283
f 1942 1886 1943
f 319 1984 1987
f 1984 270 1978
f 1987 1978 318
f 1984 1978 1987
f 318 1982 2075
f 1982 317 2074
f 2075 2074 349
f 1982 2074 2075
f 349 2079 2075
f 2079 348 2069
f 2075 2069 318
f 2079 2069 2075
f 318 2069 1987
f 2069 348 2070
f 1987 2070 319
f 2069 2070 1987
f 268 1988 1994
f 1988 320 1995
f 1994 1995 321
f 1988 1995 1994
f 380 2236 2235
f 2236 94 1356
f 2235 1356 70
f 2236 1356 2235
f 70 1356 1298
f 1356 94 1355
f 1298 1355 68
f 1356 1355 1298
f 68 1297 1298
f 1297 69 1299
f 1298 1299 70
f 1297 1299 1298
f 61 1286 2152
f 1286 66 2154
f 2152 2154 365
f 1286 2154 2152
f 61 1277 1275
f 1277 62 1276
f 1275 1276 60
f 1277 1276 1275
f 61 1275 1290
f 1275 60 1289
f 1290 1289 67
f 1275 1289 1290
f 67 1291 1290
f 1291 66 1286
f 1290 1286 61
f 1291 1286 1290
f 67 1288 1287
f 1288 45 1263
f 1287 1263 44
f 1288 1263 1287
f 44 1285 1287
f 1285 66 1291
f 1287 1291 67
f 1285 1291 1287
f 44 1263 1407
f 1263 45 1408
f 1407 1408 113
f 1263 1408 1407
f 364 2151 2150
f 2151 363 2146
f 2150 2146 362
f 2151 2146 2150
f 362 2142 2150
f 2142 193 2149
f 2150 2149 364
f 2142 2149 2150
f 364 2149 2255
f 2149 193 2252
f 2255 2252 382
f 2149 2252 2255
f 365 2155 2156
f 2155 363 2151
f 2156 2151 364
f 2155 2151 2156
f 1129 4313 4314
f 4313 850 3540
f 4314 3540 876
f 4313 3540 4314
f 876 3540 3539
f 3540 850 3502
f 3539 3502 805
f 3540 3502 3539
f 1131 4321 4320
f 4321 852 3507
f 4320 3507 851
f 4321 3507 4320
f 805 3502 3503
f 3502 850 3505
f 3503 3505 851
f 3502 3505 3503
f 1208 4755 4756
f 4755 1028 4026
f 4756 4026 1054
f 4755 4026 4756
f 1054 4026 4024
f 4026 1028 3946
f 4024 3946 677
f 4026 3946 4024
f 1054 4022 4023
f 4022 407 2460
f 4023 2460 452
f 4022 2460 4023
f 416 4031 2364
f 4031 1057 4032
f 2364 4032 417
f 4031 4032 2364
f 417 2363 2364
f 2363 415 2362
f 2364 2362 416
f 2363 2362 2364
f 785 4352 4346
f 4352 1138 4355
f 4346 4355 1137
f 4352 4355 4346
f 411 4129 4131
f 4129 1094 4132
f 4131 4132 1095
f 4129 4132 4131
f 1095 4132 4337
f 4132 1094 4336
f 4337 4336 1135
f 4132 4336 4337
f 1156 4457 4456
f 4457 791 3377
f 4456 3377 790
f 4457 3377 4456
f 790 3377 3409
f 3377 791 3410
f 3409 3410 805
f 3377 3410 3409
f 1135 4466 4334
f 4466 1156 4456
f 4334 4456 790
f 4466 4456 4334
f 790 3409 4334
f 3409 805 4335
f 4334 4335 1135
f 3409 4335 4334
f 819 3504 3506
f 3504 851 3507
f 3506 3507 852
f 3504 3507 3506
f 805 3503 3442
f 3503 851 3504
f 3442 3504 819
f 3503 3504 3442
f 852 4325 3506
f 4325 1132 4324
f 3506 4324 819
f 4325 4324 3506
f 910 3615 3617
f 3615 805 3612
f 3617 3612 909
f 3615 3612 3617
f 805 3609 3612
f 3609 907 3613
f 3612 3613 909
f 3609 3613 3612
f 909 4170 3617
f 4170 1109 4171
f 3617 4171 910
f 4170 4171 3617
f 1110 4174 4173
f 4174 1109 4170
f 4173 4170 909
f 4174 4170 4173
f 909 4176 4173
f 4176 1111 4178
f 4173 4178 1110
f 4176 4178 4173
f 906 3610 3606
f 3610 907 3609
f 3606 3609 805
f 3610 3609 3606
f 906 3607 3608
f 3607 825 3499
f 3608 3499 849
f 3607 3499 3608
f 805 3454 3606
f 3454 825 3607
f 3606 3607 906
f 3454 3607 3606
f 849 4183 3608
f 4183 1113 4184
f 3608 4184 906
f 4183 4184 3608
f 906 4184 4179
f 4184 1113 4186
f 4179 4186 1112
f 4184 4186 4179
f 1112 4180 4179
f 4180 907 3610
f 4179 3610 906
f 4180 3610 4179
f 184 1671 1618
f 1671 205 1672
f 1618 1672 185
f 1671 1672 1618
f 184 1669 1671
f 1669 204 1673
f 1671 1673 205
f 1669 1673 1671
f 213 1696 1697
f 1696 210 1693
f 1697 1693 211
f 1696 1693 1697
f 211 1689 1697
f 1689 205 1695
f 1697 1695 213
f 1689 1695 1697
f 211 1690 1689
f 1690 206 1676
f 1689 1676 205
f 1690 1676 1689
f 459 2479 2489
f 2479 3 2485
f 2489 2485 463
f 2479 2485 2489
f 463 2485 2488
f 2485 3 2476
f 2488 2476 458
f 2485 2476 2488
f 16 2474 1245
f 2474 457 2473
f 1245 2473 1
f 2474 2473 1245
f 380 2235 2240
f 2235 70 2229
f 2240 2229 379
f 2235 2229 2240
f 379 2229 2230
f 2229 70 1302
f 2230 1302 72
f 2229 1302 2230
f 219 1717 1721
f 1717 196 1720
f 1721 1720 220
f 1717 1720 1721
f 220 1730 1721
f 1730 222 1729
f 1721 1729 219
f 1730 1729 1721
f 1053 4020 4648
f 4020 487 4642
f 4648 4642 1187
f 4020 4642 4648
f 143 1613 1617
f 1613 184 1618
f 1617 1618 185
f 1613 1618 1617
f 485 2574 4005
f 2574 489 4006
f 4005 4006 1048
f 2574 4006 4005
f 1206 4743 4744
f 4743 793 3417
f 4744 3417 807
f 4743 3417 4744
f 1201 4720 4719
f 4720 796 3382
f 4719 3382 795
f 4720 3382 4719
f 1202 4723 4727
f 4723 796 4720
f 4727 4720 1201
f 4723 4720 4727
f 795 3381 4719
f 3381 794 4718
f 4719 4718 1201
f 3381 4718 4719
f 794 4734 4718
f 4734 1204 4737
f 4718 4737 1201
f 4734 4737 4718
f 1188 4660 4651
f 4660 1189 4656
f 4651 4656 803
f 4660 4656 4651
f 1051 4657 4655
f 4657 1189 4660
f 4655 4660 1188
f 4657 4660 4655
f 883 3555 4623
f 3555 867 4622
f 4623 4622 1181
f 3555 4622 4623
f 883 3559 3555
f 3559 884 3557
f 3555 3557 867
f 3559 3557 3555
f 1181 4625 4623
f 4625 1178 4614
f 4623 4614 883
f 4625 4614 4623
f 1178 4615 4614
f 4615 884 3559
f 4614 3559 883
f 4615 3559 4614
f 1176 4606 4613
f 4606 884 4612
f 4613 4612 1177
f 4606 4612 4613
f 1177 4612 4616
f 4612 884 4615
f 4616 4615 1178
f 4612 4615 4616
f 1177 4880 4613
f 4880 1227 4879
f 4613 4879 1176
f 4880 4879 4613
f 1177 4616 4880
f 4616 1178 4881
f 4880 4881 1227
f 4616 4881 4880
f 187 1624 1622
f 1624 186 1620
f 1622 1620 138
f 1624 1620 1622
f 186 1619 1620
f 1619 135 1474
f 1620 1474 138
f 1619 1474 1620
f 138 1475 1622
f 1475 137 1621
f 1622 1621 187
f 1475 1621 1622
f 957 3717 3725
f 3717 944 3723
f 3725 3723 960
f 3717 3723 3725
f 951 3706 3719
f 3706 944 3717
f 3719 3717 957
f 3706 3717 3719
f 1165 4543 4542
f 4543 960 3726
f 4542 3726 959
f 4543 3726 4542
f 959 3739 4542
f 3739 966 4545
f 4542 4545 1165
f 3739 4545 4542
f 960 3740 3726
f 3740 966 3739
f 3726 3739 959
f 3740 3739 3726
f 795 3683 3594
f 3683 940 3684
f 3594 3684 900
f 3683 3684 3594
f 900 3595 3594
f 3595 832 3464
f 3594 3464 795
f 3595 3464 3594
f 900 3654 3656
f 3654 924 3657
f 3656 3657 925
f 3654 3657 3656
f 925 4520 3656
f 4520 1162 4517
f 3656 4517 900
f 4520 4517 3656
f 938 3687 3696
f 3687 940 3697
f 3696 3697 946
f 3687 3697 3696
f 940 3694 3697
f 3694 944 3698
f 3697 3698 946
f 3694 3698 3697
f 952 3709 4530
f 3709 951 4529
f 4530 4529 1163
f 3709 4529 4530
f 1163 4526 4530
f 4526 944 3708
f 4530 3708 952
f 4526 3708 4530
f 952 3708 3709
f 3708 944 3706
f 3709 3706 951
f 3708 3706 3709
f 924 3654 3655
f 3654 900 3653
f 3655 3653 923
f 3654 3653 3655
f 923 4518 3655
f 4518 1162 4519
f 3655 4519 924
f 4518 4519 3655
f 890 3575 3571
f 3575 872 3533
f 3571 3533 805
f 3575 3533 3571
f 805 3450 3571
f 3450 821 3572
f 3571 3572 890
f 3450 3572 3571
f 1126 4283 4287
f 4283 821 3489
f 4287 3489 843
f 4283 3489 4287
f 828 3542 3545
f 3542 877 3546
f 3545 3546 878
f 3542 3546 3545
f 878 3544 3545
f 3544 827 3459
f 3545 3459 828
f 3544 3459 3545
f 878 3546 4478
f 3546 877 4477
f 4478 4477 1158
f 3546 4477 4478
f 1158 4476 4478
f 4476 827 3544
f 4478 3544 878
f 4476 3544 4478
f 912 4254 3624
f 4254 1123 4255
f 3624 4255 913
f 4254 4255 3624
f 839 3478 4298
f 3478 831 4297
f 4298 4297 1127
f 3478 4297 4298
f 829 3460 4308
f 3460 828 4307
f 4308 4307 1128
f 3460 4307 4308
f 528 2702 3921
f 2702 563 3923
f 3921 3923 1021
f 2702 3923 3921
f 1021 3922 3921
f 3922 529 2644
f 3921 2644 528
f 3922 2644 3921
f 1021 4866 3922
f 4866 1225 4865
f 3922 4865 529
f 4866 4865 3922
f 1126 4867 4293
f 4867 1225 4866
f 4293 4866 1021
f 4867 4866 4293
f 1021 3923 4293
f 3923 563 4282
f 4293 4282 1126
f 3923 4282 4293
f 1018 3910 3911
f 3910 552 2681
f 3911 2681 553
f 3910 2681 3911
f 1128 4311 4304
f 4311 978 3778
f 4304 3778 627
f 4311 3778 4304
f 627 2824 4304
f 2824 530 4302
f 4304 4302 1128
f 2824 4302 4304
f 531 2646 2825
f 2646 530 2824
f 2825 2824 627
f 2646 2824 2825
f 1128 4302 4305
f 4302 530 2990
f 4305 2990 683
f 4302 2990 4305
f 683 2992 4305
f 2992 562 4303
f 4305 4303 1128
f 2992 4303 4305
f 683 2990 2991
f 2990 530 2646
f 2991 2646 531
f 2990 2646 2991
f 531 2645 2991
f 2645 529 2989
f 2991 2989 683
f 2645 2989 2991
f 529 2700 2989
f 2700 562 2992
f 2989 2992 683
f 2700 2992 2989
f 1122 4244 4243
f 4244 872 3534
f 4243 3534 871
f 4244 3534 4243
f 871 3650 4243
f 3650 922 4248
f 4243 4248 1122
f 3650 4248 4243
f 872 3651 3534
f 3651 922 3650
f 3534 3650 871
f 3651 3650 3534
f 1013 4204 4844
f 4204 1116 4845
f 4844 4845 1221
f 4204 4845 4844
f 1221 4843 4844
f 4843 1012 3891
f 4844 3891 1013
f 4843 3891 4844
f 1115 4825 4196
f 4825 1218 4824
f 4196 4824 1114
f 4825 4824 4196
f 1114 4824 4190
f 4824 1218 4823
f 4190 4823 1113
f 4824 4823 4190
f 1114 4190 4189
f 4190 1113 4183
f 4189 4183 849
f 4190 4183 4189
f 849 3501 4189
f 3501 848 4188
f 4189 4188 1114
f 3501 4188 4189
f 1122 4249 4250
f 4249 1017 4241
f 4250 4241 1121
f 4249 4241 4250
f 1121 4242 4238
f 4242 1120 4227
f 4238 4227 914
f 4242 4227 4238
f 903 4235 3603
f 4235 1121 4236
f 3603 4236 904
f 4235 4236 3603
f 859 3627 3634
f 3627 915 3637
f 3634 3637 918
f 3627 3637 3634
f 847 3496 3497
f 3496 825 3457
f 3497 3457 826
f 3496 3457 3497
f 847 3497 4194
f 3497 826 4193
f 4194 4193 1115
f 3497 4193 4194
f 847 3498 3500
f 3498 848 3501
f 3500 3501 849
f 3498 3501 3500
f 849 3499 3500
f 3499 825 3496
f 3500 3496 847
f 3499 3496 3500
f 1115 4196 4194
f 4196 1114 4187
f 4194 4187 847
f 4196 4187 4194
f 847 4187 3498
f 4187 1114 4188
f 3498 4188 848
f 4187 4188 3498
f 864 4200 3524
f 4200 1116 4201
f 3524 4201 865
f 4200 4201 3524
f 859 4211 3515
f 4211 1118 4212
f 3515 4212 860
f 4211 4212 3515
f 1118 4213 4212
f 4213 861 3516
f 4212 3516 860
f 4213 3516 4212
f 823 3455 3452
f 3455 825 3454
f 3452 3454 805
f 3455 3454 3452
f 864 3524 3521
f 3524 865 3523
f 3521 3523 823
f 3524 3523 3521
f 823 3523 4197
f 3523 865 4201
f 4197 4201 1116
f 3523 4201 4197
f 1117 4209 4218
f 4209 920 4216
f 4218 4216 1118
f 4209 4216 4218
f 1118 4847 4218
f 4847 1221 4846
f 4218 4846 1117
f 4847 4846 4218
f 1117 4846 4210
f 4846 1221 4845
f 4210 4845 1116
f 4846 4845 4210
f 1116 4202 4210
f 4202 899 4208
f 4210 4208 1117
f 4202 4208 4210
f 1117 4208 4207
f 4208 899 3593
f 4207 3593 898
f 4208 3593 4207
f 1213 4786 4808
f 4786 972 4804
f 4808 4804 1216
f 4786 4804 4808
f 1213 4818 4786
f 4818 1217 4814
f 4786 4814 972
f 4818 4814 4786
f 1213 4808 4787
f 4808 1216 4807
f 4787 4807 1184
f 4808 4807 4787
f 1184 4640 4787
f 4640 1186 4788
f 4787 4788 1213
f 4640 4788 4787
f 1186 4816 4788
f 4816 1217 4818
f 4788 4818 1213
f 4816 4818 4788
f 748 3760 3225
f 3760 972 3758
f 3225 3758 674
f 3760 3758 3225
f 972 4814 3761
f 4814 1217 4813
f 3761 4813 967
f 4814 4813 3761
f 967 3745 3761
f 3745 674 3758
f 3761 3758 972
f 3745 3758 3761
f 673 2980 3744
f 2980 674 3745
f 3744 3745 967
f 2980 3745 3744
f 967 4813 3743
f 4813 1217 4810
f 3743 4810 5
f 4813 4810 3743
f 5 2978 3743
f 2978 673 3744
f 3743 3744 967
f 2978 3744 3743
f 741 3199 3220
f 3199 742 3221
f 3220 3221 747
f 3199 3221 3220
f 747 3232 3220
f 3232 750 3231
f 3220 3231 741
f 3232 3231 3220
f 741 3231 3318
f 3231 750 3319
f 3318 3319 768
f 3231 3319 3318
f 124 3215 1442
f 3215 746 3216
f 1442 3216 126
f 3215 3216 1442
f 124 1438 3202
f 1438 120 3201
f 3202 3201 743
f 1438 3201 3202
f 743 3217 3202
f 3217 746 3215
f 3202 3215 124
f 3217 3215 3202
f 126 1441 1442
f 1441 29 1437
f 1442 1437 124
f 1441 1437 1442
f 1179 4795 4621
f 4795 1214 4796
f 4621 4796 1180
f 4795 4796 4621
f 1215 4801 4799
f 4801 1214 4795
f 4799 4795 1179
f 4801 4795 4799
f 1182 4800 4630
f 4800 1215 4799
f 4630 4799 1179
f 4800 4799 4630
f 1179 4617 4630
f 4617 866 4628
f 4630 4628 1182
f 4617 4628 4630
f 1180 4619 4621
f 4619 867 4618
f 4621 4618 1179
f 4619 4618 4621
f 867 3527 4618
f 3527 866 4617
f 4618 4617 1179
f 3527 4617 4618
f 969 4792 3754
f 4792 1214 4793
f 3754 4793 970
f 4792 4793 3754
f 970 3757 3752
f 3757 971 3756
f 3752 3756 676
f 3757 3756 3752
f 675 3236 2982
f 3236 751 3237
f 2982 3237 676
f 3236 3237 2982
f 676 3756 2982
f 3756 971 3755
f 2982 3755 675
f 3756 3755 2982
f 744 3208 3214
f 3208 598 3211
f 3214 3211 745
f 3208 3211 3214
f 743 3210 3213
f 3210 744 3214
f 3213 3214 745
f 3210 3214 3213
f 745 3223 3213
f 3223 747 3222
f 3213 3222 743
f 3223 3222 3213
f 745 3238 3223
f 3238 751 3239
f 3223 3239 747
f 3238 3239 3223
f 732 3160 3155
f 3160 724 3116
f 3155 3116 605
f 3160 3116 3155
f 593 2748 2756
f 2748 603 2757
f 2756 2757 605
f 2748 2757 2756
f 605 3114 3155
f 3114 723 3159
f 3155 3159 732
f 3114 3159 3155
f 102 3113 2754
f 3113 723 3114
f 2754 3114 605
f 3113 3114 2754
f 605 3165 2754
f 3165 733 3161
f 2754 3161 102
f 3165 3161 2754
f 734 3166 3169
f 3166 602 3164
f 3169 3164 733
f 3166 3164 3169
f 734 3167 3166
f 3167 603 2749
f 3166 2749 602
f 3167 2749 3166
f 733 3165 3169
f 3165 605 3168
f 3169 3168 734
f 3165 3168 3169
f 734 3168 3167
f 3168 605 2757
f 3167 2757 603
f 3168 2757 3167
f 593 3767 2720
f 3767 974 3766
f 2720 3766 589
f 3767 3766 2720
f 589 2715 2720
f 2715 588 2719
f 2720 2719 593
f 2715 2719 2720
f 974 3765 3766
f 3765 588 2715
f 3766 2715 589
f 3765 2715 3766
f 973 3768 4876
f 3768 974 4877
f 4876 4877 1227
f 3768 4877 4876
f 973 3764 3768
f 3764 588 3765
f 3768 3765 974
f 3764 3765 3768
f 1227 4882 4876
f 4882 1181 4624
f 4876 4624 973
f 4882 4624 4876
f 973 4624 4620
f 4624 1181 4626
f 4620 4626 1180
f 4624 4626 4620
f 973 4794 3762
f 4794 1214 4789
f 3762 4789 586
f 4794 4789 3762
f 1180 4796 4620
f 4796 1214 4794
f 4620 4794 973
f 4796 4794 4620
f 601 2747 2739
f 2747 602 2744
f 2739 2744 587
f 2747 2744 2739
f 602 2745 2744
f 2745 588 2714
f 2744 2714 587
f 2745 2714 2744
f 586 2728 2713
f 2728 598 2729
f 2713 2729 587
f 2728 2729 2713
f 587 2729 2739
f 2729 598 2741
f 2739 2741 601
f 2729 2741 2739
f 587 3763 2713
f 3763 973 3762
f 2713 3762 586
f 3763 3762 2713
f 588 3764 2714
f 3764 973 3763
f 2714 3763 587
f 3764 3763 2714
f 590 3773 4605
f 3773 976 4610
f 4605 4610 1176
f 3773 4610 4605
f 1176 4609 4605
f 4609 975 3769
f 4605 3769 590
f 4609 3769 4605
f 590 2716 3773
f 2716 584 3772
f 3773 3772 976
f 2716 3772 3773
f 590 3769 2721
f 3769 975 3770
f 2721 3770 593
f 3769 3770 2721
f 593 2756 2721
f 2756 605 2755
f 2721 2755 590
f 2756 2755 2721
f 585 3832 4883
f 3832 997 4886
f 4883 4886 1228
f 3832 4886 4883
f 1176 4610 4889
f 4610 976 4884
f 4889 4884 1228
f 4610 4884 4889
f 1228 4888 4889
f 4888 1175 4611
f 4889 4611 1176
f 4888 4611 4889
f 1172 4589 4596
f 4589 887 4594
f 4596 4594 1173
f 4589 4594 4596
f 887 3564 4594
f 3564 870 4593
f 4594 4593 1173
f 3564 4593 4594
f 997 4891 4600
f 4891 1229 4895
f 4600 4895 1174
f 4891 4895 4600
f 1174 4887 4600
f 4887 1228 4886
f 4600 4886 997
f 4887 4886 4600
f 1175 4888 4604
f 4888 1228 4887
f 4604 4887 1174
f 4888 4887 4604
f 1229 4894 4895
f 4894 1173 4601
f 4895 4601 1174
f 4894 4601 4895
f 869 3530 4598
f 3530 868 4597
f 4598 4597 1174
f 3530 4597 4598
f 1174 4597 4604
f 4597 868 4602
f 4604 4602 1175
f 4597 4602 4604
f 1174 4599 4598
f 4599 870 3532
f 4598 3532 869
f 4599 3532 4598
f 1174 4601 4599
f 4601 1173 4593
f 4599 4593 870
f 4601 4593 4599
f 724 3117 3115
f 3117 606 2759
f 3115 2759 604
f 3117 2759 3115
f 604 2758 3115
f 2758 605 3116
f 3115 3116 724
f 2758 3116 3115
f 604 2759 2762
f 2759 606 2763
f 2762 2763 607
f 2759 2763 2762
f 584 2716 2751
f 2716 590 2753
f 2751 2753 604
f 2716 2753 2751
f 604 2753 2758
f 2753 590 2755
f 2758 2755 605
f 2753 2755 2758
f 604 2750 2752
f 2750 583 2712
f 2752 2712 585
f 2750 2712 2752
f 607 2761 2762
f 2761 583 2750
f 2762 2750 604
f 2761 2750 2762
f 424 2382 4054
f 2382 418 4052
f 4054 4052 1065
f 2382 4052 4054
f 424 2383 2382
f 2383 419 2371
f 2382 2371 418
f 2383 2371 2382
f 1065 4416 4054
f 4416 1148 4413
f 4054 4413 424
f 4416 4413 4054
f 278 1968 1972
f 1968 315 1973
f 1972 1973 316
f 1968 1973 1972
f 418 2366 2365
f 2366 402 2325
f 2365 2325 392
f 2366 2325 2365
f 418 2369 2368
f 2369 405 2336
f 2368 2336 404
f 2369 2336 2368
f 398 2312 2388
f 2312 394 2387
f 2388 2387 427
f 2312 2387 2388
f 270 2295 2310
f 2295 394 2312
f 2310 2312 398
f 2295 2312 2310
f 440 2422 4097
f 2422 427 4095
f 4097 4095 1080
f 2422 4095 4097
f 427 2420 4095
f 2420 439 4096
f 4095 4096 1080
f 2420 4096 4095
f 438 2421 2419
f 2421 439 2420
f 2419 2420 427
f 2421 2420 2419
f 427 2387 2419
f 2387 394 2414
f 2419 2414 438
f 2387 2414 2419
f 1072 4380 4077
f 4380 1143 4381
f 4077 4381 1073
f 4380 4381 4077
f 1072 4090 4380
f 4090 1077 4383
f 4380 4383 1143
f 4090 4383 4380
f 1077 4090 4089
f 4090 1072 4072
f 4089 4072 431
f 4090 4072 4089
f 440 4085 2423
f 4085 1076 4083
f 2423 4083 428
f 4085 4083 2423
f 428 4083 2394
f 4083 1076 4084
f 2394 4084 429
f 4083 4084 2394
f 428 2392 2423
f 2392 427 2422
f 2423 2422 440
f 2392 2422 2423
f 428 2394 2392
f 2394 429 2393
f 2392 2393 427
f 2394 2393 2392
f 805 3400 3401
f 3400 781 3368
f 3401 3368 782
f 3400 3368 3401
f 782 3369 3401
f 3369 783 3402
f 3401 3402 805
f 3369 3402 3401
f 1143 4378 4377
f 4378 783 3369
f 4377 3369 782
f 4378 3369 4377
f 782 4387 4377
f 4387 1144 4397
f 4377 4397 1143
f 4387 4397 4377
f 781 4386 3368
f 4386 1144 4387
f 3368 4387 782
f 4386 4387 3368
f 1143 4397 4379
f 4397 1144 4392
f 4379 4392 1067
f 4397 4392 4379
f 1147 4418 4411
f 4418 1148 4416
f 4411 4416 1065
f 4418 4416 4411
f 789 4415 4410
f 4415 1148 4418
f 4410 4418 1147
f 4415 4418 4410
f 1152 4436 4437
f 4436 1057 4420
f 4437 4420 1149
f 4436 4420 4437
f 1149 4419 4437
f 4419 788 4434
f 4437 4434 1152
f 4419 4434 4437
f 1149 4422 4419
f 4422 1148 4414
f 4419 4414 788
f 4422 4414 4419
f 1057 4034 4057
f 4034 419 4055
f 4057 4055 1066
f 4034 4055 4057
f 1066 4421 4057
f 4421 1149 4420
f 4057 4420 1057
f 4421 4420 4057
f 1148 4422 4417
f 4422 1149 4421
f 4417 4421 1066
f 4422 4421 4417
f 419 2383 4055
f 2383 424 4056
f 4055 4056 1066
f 2383 4056 4055
f 1066 4056 4417
f 4056 424 4413
f 4417 4413 1148
f 4056 4413 4417
f 68 2268 1294
f 2268 386 2267
f 1294 2267 21
f 2268 2267 1294
f 21 1295 1294
f 1295 69 1297
f 1294 1297 68
f 1295 1297 1294
f 386 2271 2267
f 2271 387 2269
f 2267 2269 21
f 2271 2269 2267
f 68 1355 1293
f 1355 94 1352
f 1293 1352 18
f 1355 1352 1293
f 18 1247 1293
f 1247 17 1292
f 1293 1292 68
f 1247 1292 1293
f 18 1352 1248
f 1352 94 1353
f 1248 1353 19
f 1352 1353 1248
f 321 2203 1993
f 2203 374 2202
f 1993 2202 99
f 2203 2202 1993
f 17 1247 2504
f 1247 18 2505
f 2504 2505 470
f 1247 2505 2504
f 470 2505 2506
f 2505 18 1248
f 2506 1248 19
f 2505 1248 2506
f 19 2262 2506
f 2262 385 2509
f 2506 2509 470
f 2262 2509 2506
f 470 2509 2508
f 2509 385 2265
f 2508 2265 384
f 2509 2265 2508
f 470 2507 2513
f 2507 383 2487
f 2513 2487 463
f 2507 2487 2513
f 470 2508 2507
f 2508 384 2261
f 2507 2261 383
f 2508 2261 2507
f 388 2276 2456
f 2276 387 2455
f 2456 2455 451
f 2276 2455 2456
f 451 2455 2454
f 2455 387 2271
f 2454 2271 386
f 2455 2271 2454
f 386 2266 2454
f 2266 17 2452
f 2454 2452 451
f 2266 2452 2454
f 17 2504 2452
f 2504 470 2512
f 2452 2512 451
f 2504 2512 2452
f 410 2347 2348
f 2347 408 2344
f 2348 2344 409
f 2347 2344 2348
f 409 2432 2348
f 2432 444 2433
f 2348 2433 410
f 2432 2433 2348
f 410 2433 2439
f 2433 444 2442
f 2439 2442 446
f 2433 2442 2439
f 344 2058 2059
f 2058 341 2053
f 2059 2053 342
f 2058 2053 2059
f 306 1952 2051
f 1952 307 2052
f 2051 2052 342
f 1952 2052 2051
f 281 1963 1965
f 1963 313 1967
f 1965 1967 314
f 1963 1967 1965
f 282 2339 1884
f 2339 406 2338
f 1884 2338 281
f 2339 2338 1884
f 281 1965 1884
f 1965 314 1966
f 1884 1966 282
f 1965 1966 1884
f 313 1963 1962
f 1963 281 1882
f 1962 1882 280
f 1963 1882 1962
f 645 2892 2888
f 2892 646 2890
f 2888 2890 641
f 2892 2890 2888
f 641 2890 2880
f 2890 646 2891
f 2880 2891 642
f 2890 2891 2880
f 642 2878 2880
f 2878 518 2876
f 2880 2876 641
f 2878 2876 2880
f 1126 4281 4292
f 4281 527 3918
f 4292 3918 1020
f 4281 3918 4292
f 1020 3920 4292
f 3920 1019 4291
f 4292 4291 1126
f 3920 4291 4292
f 564 3915 3919
f 3915 1019 3920
f 3919 3920 1020
f 3915 3920 3919
f 550 2672 2673
f 2672 524 2640
f 2673 2640 526
f 2672 2640 2673
f 526 3906 2673
f 3906 1017 3907
f 2673 3907 550
f 3906 3907 2673
f 649 2963 2899
f 2963 668 2962
f 2899 2962 645
f 2963 2962 2899
f 523 2895 2885
f 2895 648 2896
f 2885 2896 644
f 2895 2896 2885
f 648 2900 2896
f 2900 649 2898
f 2896 2898 644
f 2900 2898 2896
f 644 2898 2889
f 2898 649 2899
f 2889 2899 645
f 2898 2899 2889
f 666 2956 2957
f 2956 648 2912
f 2957 2912 654
f 2956 2912 2957
f 653 2953 2913
f 2953 665 2954
f 2913 2954 654
f 2953 2954 2913
f 654 2954 2957
f 2954 665 2958
f 2957 2958 666
f 2954 2958 2957
f 639 2870 2882
f 2870 638 2881
f 2882 2881 643
f 2870 2881 2882
f 639 2882 2949
f 2882 643 2950
f 2949 2950 663
f 2882 2950 2949
f 250 3023 3017
f 3023 691 3026
f 3017 3026 690
f 3023 3026 3017
f 690 3016 3017
f 3016 238 1822
f 3017 1822 250
f 3016 1822 3017
f 690 3019 3016
f 3019 495 2584
f 3016 2584 238
f 3019 2584 3016
f 496 2586 3020
f 2586 495 3019
f 3020 3019 690
f 2586 3019 3020
f 628 2828 2833
f 2828 500 2832
f 2833 2832 629
f 2828 2832 2833
f 629 2831 2833
f 2831 497 2826
f 2833 2826 628
f 2831 2826 2833
f 499 2599 2827
f 2599 500 2828
f 2827 2828 628
f 2599 2828 2827
f 628 2826 2827
f 2826 497 2597
f 2827 2597 499
f 2826 2597 2827
f 631 2838 2947
f 2838 500 2944
f 2947 2944 662
f 2838 2944 2947
f 662 2946 2947
f 2946 505 2839
f 2947 2839 631
f 2946 2839 2947
f 236 1781 1782
f 1781 233 1776
f 1782 1776 234
f 1781 1776 1782
f 243 1815 1803
f 1815 246 1814
f 1803 1814 47
f 1815 1814 1803
f 248 1821 1820
f 1821 246 1815
f 1820 1815 243
f 1821 1815 1820
f 47 1266 1803
f 1266 49 1804
f 1803 1804 243
f 1266 1804 1803
f 49 1806 1804
f 1806 244 1807
f 1804 1807 243
f 1806 1807 1804
f 760 3274 3272
f 3274 248 1820
f 3272 1820 243
f 3274 1820 3272
f 243 2968 3272
f 2968 670 3277
f 3272 3277 760
f 2968 3277 3272
f 243 1807 2968
f 1807 244 2969
f 2968 2969 670
f 1807 2969 2968
f 245 1812 1808
f 1812 244 1805
f 1808 1805 48
f 1812 1805 1808
f 245 2867 2948
f 2867 639 2949
f 2948 2949 663
f 2867 2949 2948
f 245 2948 2973
f 2948 663 2976
f 2973 2976 671
f 2948 2976 2973
f 671 2972 2973
f 2972 244 1812
f 2973 1812 245
f 2972 1812 2973
f 671 2977 3271
f 2977 670 3270
f 3271 3270 759
f 2977 3270 3271
f 759 3269 3271
f 3269 244 2972
f 3271 2972 671
f 3269 2972 3271
f 670 2969 3270
f 2969 244 3269
f 3270 3269 759
f 2969 3269 3270
f 507 2614 3005
f 2614 508 3006
f 3005 3006 687
f 2614 3006 3005
f 1005 4820 3859
f 4820 1218 4819
f 3859 4819 540
f 4820 4819 3859
f 1010 4203 3890
f 4203 1116 4204
f 3890 4204 1013
f 4203 4204 3890
f 1115 4205 4195
f 4205 1116 4203
f 4195 4203 1010
f 4205 4203 4195
f 1010 4822 4195
f 4822 1218 4825
f 4195 4825 1115
f 4822 4825 4195
f 513 2626 2864
f 2626 516 2865
f 2864 2865 638
f 2626 2865 2864
f 513 2868 2853
f 2868 639 2869
f 2853 2869 635
f 2868 2869 2853
f 638 2870 2864
f 2870 639 2868
f 2864 2868 513
f 2870 2868 2864
f 1013 3891 3888
f 3891 1012 3885
f 3888 3885 514
f 3891 3885 3888
f 1012 3886 3885
f 3886 516 2627
f 3885 2627 514
f 3886 2627 3885
f 516 2626 2627
f 2626 513 2625
f 2627 2625 514
f 2626 2625 2627
f 514 2625 2624
f 2625 513 2623
f 2624 2623 512
f 2625 2623 2624
f 535 2652 2651
f 2652 504 2606
f 2651 2606 502
f 2652 2606 2651
f 535 3015 2652
f 3015 689 3013
f 2652 3013 504
f 3015 3013 2652
f 687 3004 3007
f 3004 506 2654
f 3007 2654 537
f 3004 2654 3007
f 1008 3870 4830
f 3870 1007 4829
f 4830 4829 1219
f 3870 4829 4830
f 687 3007 3869
f 3007 537 3867
f 3869 3867 1008
f 3007 3867 3869
f 1008 3867 3870
f 3867 537 3865
f 3870 3865 1007
f 3867 3865 3870
f 536 2655 2653
f 2655 537 2654
f 2653 2654 506
f 2655 2654 2653
f 1007 3865 3864
f 3865 537 2655
f 3864 2655 536
f 3865 2655 3864
f 689 3015 4835
f 3015 535 4834
f 4835 4834 1220
f 3015 4834 4835
f 1110 4178 4839
f 4178 1111 4840
f 4839 4840 1220
f 4178 4840 4839
f 1220 4838 4839
f 4838 1109 4174
f 4839 4174 1110
f 4838 4174 4839
f 1024 4772 3934
f 4772 1211 4771
f 3934 4771 1023
f 4772 4771 3934
f 1023 3930 3929
f 3930 1022 3924
f 3929 3924 533
f 3930 3924 3929
f 1023 4771 4165
f 4771 1211 4774
f 4165 4774 1107
f 4771 4774 4165
f 1107 4164 4165
f 4164 1022 3930
f 4165 3930 1023
f 4164 3930 4165
f 533 2648 3929
f 2648 494 3927
f 3929 3927 1023
f 2648 3927 3929
f 494 2583 3927
f 2583 493 3926
f 3927 3926 1023
f 2583 3926 3927
f 688 3925 3936
f 3925 1022 3937
f 3936 3937 1025
f 3925 3937 3936
f 533 3924 3011
f 3924 1022 3925
f 3011 3925 688
f 3924 3925 3011
f 688 3009 3011
f 3009 494 2648
f 3011 2648 533
f 3009 2648 3011
f 499 2596 3010
f 2596 494 3009
f 3010 3009 688
f 2596 3009 3010
f 1025 3937 4870
f 3937 1022 4869
f 4870 4869 1226
f 3937 4869 4870
f 1226 4873 4874
f 4873 1108 4172
f 4874 4172 1109
f 4873 4172 4874
f 1107 4169 4872
f 4169 1108 4873
f 4872 4873 1226
f 4169 4873 4872
f 1226 4869 4872
f 4869 1022 4164
f 4872 4164 1107
f 4869 4164 4872
f 1109 4838 4874
f 4838 1220 4875
f 4874 4875 1226
f 4838 4875 4874
f 773 3933 3342
f 3933 1024 3932
f 3342 3932 681
f 3933 3932 3342
f 681 2985 3342
f 2985 493 3341
f 3342 3341 773
f 2985 3341 3342
f 694 3040 3043
f 3040 696 3045
f 3043 3045 697
f 3040 3045 3043
f 691 3039 3033
f 3039 696 3040
f 3033 3040 694
f 3039 3040 3033
f 1208 4757 4764
f 4757 1132 4763
f 4764 4763 1209
f 4757 4763 4764
f 1209 4759 4764
f 4759 1028 4755
f 4764 4755 1208
f 4759 4755 4764
f 1209 4763 4762
f 4763 1132 4326
f 4762 4326 1131
f 4763 4326 4762
f 1027 3950 4758
f 3950 1028 4759
f 4758 4759 1209
f 3950 4759 4758
f 1209 4760 4758
f 4760 1029 3953
f 4758 3953 1027
f 4760 3953 4758
f 1030 4768 3956
f 4768 1210 4765
f 3956 4765 773
f 4768 4765 3956
f 1030 3957 4768
f 3957 1029 4767
f 4768 4767 1210
f 3957 4767 4768
f 534 2650 2649
f 2650 501 2600
f 2649 2600 499
f 2650 2600 2649
f 499 3010 2649
f 3010 688 3012
f 2649 3012 534
f 3010 3012 2649
f 534 3012 3935
f 3012 688 3936
f 3935 3936 1025
f 3012 3936 3935
f 255 3041 1843
f 3041 697 3042
f 1843 3042 257
f 3041 3042 1843
f 257 1842 1843
f 1842 59 1838
f 1843 1838 255
f 1842 1838 1843
f 257 3042 3246
f 3042 697 3248
f 3246 3248 753
f 3042 3248 3246
f 753 3247 3246
f 3247 696 3037
f 3246 3037 257
f 3247 3037 3246
f 697 3045 3248
f 3045 696 3247
f 3248 3247 753
f 3045 3247 3248
f 258 1844 1846
f 1844 59 1842
f 1846 1842 257
f 1844 1842 1846
f 258 1845 1844
f 1845 256 1839
f 1844 1839 59
f 1845 1839 1844
f 257 3037 1846
f 3037 696 3038
f 1846 3038 258
f 3037 3038 1846
f 696 3036 3038
f 3036 256 1845
f 3038 1845 258
f 3036 1845 3038
f 338 2045 2043
f 2045 340 2046
f 2043 2046 339
f 2045 2046 2043
f 360 2134 2135
f 2134 340 2128
f 2135 2128 359
f 2134 2128 2135
f 340 2045 2128
f 2045 338 2127
f 2128 2127 359
f 2045 2127 2128
f 359 2127 2129
f 2127 338 2122
f 2129 2122 358
f 2127 2122 2129
f 350 2080 2083
f 2080 313 2016
f 2083 2016 329
f 2080 2016 2083
f 313 2109 2016
f 2109 356 2110
f 2016 2110 329
f 2109 2110 2016
f 697 3041 3357
f 3041 255 3355
f 3357 3355 775
f 3041 3355 3357
f 775 3355 3354
f 3355 255 1838
f 3354 1838 59
f 3355 1838 3354
f 653 2909 2952
f 2909 651 2951
f 2952 2951 664
f 2909 2951 2952
f 664 2955 2952
f 2955 665 2953
f 2952 2953 653
f 2955 2953 2952
f 767 3312 3310
f 3312 754 3250
f 3310 3250 664
f 3312 3250 3310
f 664 3250 3253
f 3250 754 3255
f 3253 3255 755
f 3250 3255 3253
f 755 3254 3253
f 3254 665 2955
f 3253 2955 664
f 3254 2955 3253
f 664 3049 3310
f 3049 701 3311
f 3310 3311 767
f 3049 3311 3310
f 664 3054 3049
f 3054 702 3056
f 3049 3056 701
f 3054 3056 3049
f 664 2951 3054
f 2951 651 3053
f 3054 3053 702
f 2951 3053 3054
f 756 3257 3256
f 3257 755 3252
f 3256 3252 247
f 3257 3252 3256
f 247 3263 3256
f 3263 758 3268
f 3256 3268 756
f 3263 3268 3256
f 756 3268 3257
f 3268 758 3267
f 3257 3267 755
f 3268 3267 3257
f 667 3280 3259
f 3280 761 3281
f 3259 3281 757
f 3280 3281 3259
f 667 3266 3280
f 3266 758 3282
f 3280 3282 761
f 3266 3282 3280
f 757 3260 3259
f 3260 668 2964
f 3259 2964 667
f 3260 2964 3259
f 666 3265 2961
f 3265 758 3266
f 2961 3266 667
f 3265 3266 2961
f 667 2959 2961
f 2959 648 2956
f 2961 2956 666
f 2959 2956 2961
f 668 2963 2964
f 2963 649 2960
f 2964 2960 667
f 2963 2960 2964
f 667 2960 2959
f 2960 649 2900
f 2959 2900 648
f 2960 2900 2959
f 795 3565 3660
f 3565 888 3662
f 3660 3662 928
f 3565 3662 3660
f 928 3667 3660
f 3667 930 3666
f 3660 3666 795
f 3667 3666 3660
f 937 3701 3678
f 3701 947 3700
f 3678 3700 795
f 3701 3700 3678
f 795 3666 3678
f 3666 930 3679
f 3678 3679 937
f 3666 3679 3678
f 965 3737 3738
f 3737 963 3736
f 3738 3736 964
f 3737 3736 3738
f 740 3195 3194
f 3195 726 3122
f 3194 3122 626
f 3195 3122 3194
f 623 3121 3192
f 3121 726 3195
f 3192 3195 740
f 3121 3195 3192
f 656 2919 2920
f 2919 529 2645
f 2920 2645 531
f 2919 2645 2920
f 531 2901 2920
f 2901 650 2921
f 2920 2921 656
f 2901 2921 2920
f 650 2905 2921
f 2905 652 2922
f 2921 2922 656
f 2905 2922 2921
f 656 2918 2919
f 2918 527 2643
f 2919 2643 529
f 2918 2643 2919
f 656 2922 2918
f 2922 652 2904
f 2918 2904 527
f 2922 2904 2918
f 626 3785 3787
f 3785 981 3788
f 3787 3788 982
f 3785 3788 3787
f 982 3790 3787
f 3790 983 3789
f 3787 3789 626
f 3790 3789 3787
f 981 4482 3788
f 4482 1158 4483
f 3788 4483 982
f 4482 4483 3788
f 1158 4484 4483
f 4484 983 3790
f 4483 3790 982
f 4484 3790 4483
f 984 3792 4931
f 3792 983 4930
f 4931 4930 1235
f 3792 4930 4931
f 1235 4933 4934
f 4933 1158 4496
f 4934 4496 1159
f 4933 4496 4934
f 1235 4930 4933
f 4930 983 4484
f 4933 4484 1158
f 4930 4484 4933
f 987 3803 3799
f 3803 988 3802
f 3799 3802 626
f 3803 3802 3799
f 1159 4494 4493
f 4494 988 3803
f 4493 3803 987
f 4494 3803 4493
f 987 3800 4493
f 3800 986 4492
f 4493 4492 1159
f 3800 4492 4493
f 626 3791 3794
f 3791 984 3795
f 3794 3795 985
f 3791 3795 3794
f 1159 4492 4491
f 4492 986 3797
f 4491 3797 985
f 4492 3797 4491
f 985 4932 4491
f 4932 1235 4934
f 4491 4934 1159
f 4932 4934 4491
f 984 4931 3795
f 4931 1235 4932
f 3795 4932 985
f 4931 4932 3795
f 979 3781 4480
f 3781 978 4479
f 4480 4479 1158
f 3781 4479 4480
f 1158 4481 4480
f 4481 980 3783
f 4480 3783 979
f 4481 3783 4480
f 979 3783 3779
f 3783 980 3782
f 3779 3782 531
f 3783 3782 3779
f 531 2825 3779
f 2825 627 3780
f 3779 3780 979
f 2825 3780 3779
f 979 3780 3781
f 3780 627 3778
f 3781 3778 978
f 3780 3778 3781
f 1160 4504 4506
f 4504 989 4495
f 4506 4495 1159
f 4504 4495 4506
f 1160 4499 4498
f 4499 834 3467
f 4498 3467 833
f 4499 3467 4498
f 833 3466 4498
f 3466 832 4497
f 4498 4497 1160
f 3466 4497 4498
f 901 3596 4502
f 3596 900 4501
f 4502 4501 1160
f 3596 4501 4502
f 1160 4501 4524
f 4501 900 4517
f 4524 4517 1162
f 4501 4517 4524
f 1161 4525 4510
f 4525 1162 4521
f 4510 4521 933
f 4525 4521 4510
f 940 3688 4513
f 3688 939 4512
f 4513 4512 1161
f 3688 4512 4513
f 1161 4512 4511
f 4512 939 3682
f 4511 3682 938
f 4512 3682 4511
f 1161 4514 4531
f 4514 946 4528
f 4531 4528 1163
f 4514 4528 4531
f 938 3696 4511
f 3696 946 4514
f 4511 4514 1161
f 3696 4514 4511
f 1233 4921 4919
f 4921 992 3818
f 4919 3818 574
f 4921 3818 4919
f 1233 4922 4923
f 4922 1161 4531
f 4923 4531 1163
f 4922 4531 4923
f 1163 4541 4923
f 4541 1164 4924
f 4923 4924 1233
f 4541 4924 4923
f 1164 4532 4533
f 4532 578 2796
f 4533 2796 619
f 4532 2796 4533
f 619 4920 4533
f 4920 1233 4924
f 4533 4924 1164
f 4920 4924 4533
f 619 2796 2800
f 2796 578 2797
f 2800 2797 620
f 2796 2797 2800
f 620 2806 2800
f 2806 621 2805
f 2800 2805 619
f 2806 2805 2800
f 711 3135 3083
f 3135 728 3136
f 3083 3136 713
f 3135 3136 3083
f 710 3134 3077
f 3134 728 3135
f 3077 3135 711
f 3134 3135 3077
f 713 3082 3083
f 3082 703 3076
f 3083 3076 711
f 3082 3076 3083
f 711 3076 3077
f 3076 703 3073
f 3077 3073 710
f 3076 3073 3077
f 998 4892 3837
f 4892 1229 4890
f 3837 4890 996
f 4892 4890 3837
f 996 3829 3837
f 3829 609 3836
f 3837 3836 998
f 3829 3836 3837
f 996 3828 3829
f 3828 582 2767
f 3829 2767 609
f 3828 2767 3829
f 996 4890 3834
f 4890 1229 4891
f 3834 4891 997
f 4890 4891 3834
f 997 3830 3834
f 3830 582 3828
f 3834 3828 996
f 3830 3828 3834
f 1003 3850 3849
f 3850 581 2711
f 3849 2711 580
f 3850 2711 3849
f 580 3847 3849
f 3847 1002 3852
f 3849 3852 1003
f 3847 3852 3849
f 998 3835 3851
f 3835 581 3850
f 3851 3850 1003
f 3835 3850 3851
f 1003 3852 4899
f 3852 1002 4898
f 4899 4898 1230
f 3852 4898 4899
f 1003 4899 4591
f 4899 1230 4902
f 4591 4902 1172
f 4899 4902 4591
f 1172 4596 4591
f 4596 1173 4595
f 4591 4595 1003
f 4596 4595 4591
f 1003 4893 3851
f 4893 1229 4892
f 3851 4892 998
f 4893 4892 3851
f 1003 4595 4893
f 4595 1173 4894
f 4893 4894 1229
f 4595 4894 4893
f 947 4568 4554
f 4568 1168 4569
f 4554 4569 1167
f 4568 4569 4554
f 157 1528 1529
f 1528 155 1527
f 1529 1527 156
f 1528 1527 1529
f 195 1645 1744
f 1645 155 1742
f 1744 1742 226
f 1645 1742 1744
f 154 1523 1644
f 1523 155 1645
f 1644 1645 195
f 1523 1645 1644
f 195 1744 1719
f 1744 226 1745
f 1719 1745 220
f 1744 1745 1719
f 220 1720 1719
f 1720 196 1649
f 1719 1649 195
f 1720 1649 1719
f 196 1648 1649
f 1648 194 1646
f 1649 1646 195
f 1648 1646 1649
f 195 1646 1644
f 1646 194 1642
f 1644 1642 154
f 1646 1642 1644
f 362 2146 2141
f 2146 363 2145
f 2141 2145 153
f 2146 2145 2141
f 153 1641 2141
f 1641 194 2143
f 2141 2143 362
f 1641 2143 2141
f 153 2145 1518
f 2145 363 2144
f 1518 2144 151
f 2145 2144 1518
f 151 1519 1518
f 1519 154 1521
f 1518 1521 153
f 1519 1521 1518
f 154 1642 1521
f 1642 194 1641
f 1521 1641 153
f 1642 1641 1521
f 199 2254 1654
f 2254 382 2253
f 1654 2253 197
f 2254 2253 1654
f 382 2252 2253
f 2252 193 1650
f 2253 1650 197
f 2252 1650 2253
f 197 1650 1651
f 1650 193 1647
f 1651 1647 196
f 1650 1647 1651
f 382 2250 2249
f 2250 80 1313
f 2249 1313 78
f 2250 1313 2249
f 78 1311 2249
f 1311 77 2248
f 2249 2248 382
f 1311 2248 2249
f 78 1313 1312
f 1313 80 1314
f 1312 1314 79
f 1313 1314 1312
f 79 1328 1312
f 1328 85 1327
f 1312 1327 78
f 1328 1327 1312
f 85 1326 1327
f 1326 77 1311
f 1327 1311 78
f 1326 1311 1327
f 123 1434 1435
f 1434 118 1424
f 1435 1424 120
f 1434 1424 1435
f 120 1438 1435
f 1438 124 1439
f 1435 1439 123
f 1438 1439 1435
f 123 1439 1433
f 1439 124 1437
f 1433 1437 29
f 1439 1437 1433
f 229 1761 1762
f 1761 212 1755
f 1762 1755 228
f 1761 1755 1762
f 163 1553 1758
f 1553 164 1759
f 1758 1759 229
f 1553 1759 1758
f 229 1762 1758
f 1762 228 1754
f 1758 1754 163
f 1762 1754 1758
f 190 1635 1679
f 1635 191 1680
f 1679 1680 207
f 1635 1680 1679
f 737 3179 3183
f 3179 613 3137
f 3183 3137 729
f 3179 3137 3183
f 737 3180 3179
f 3180 614 2784
f 3179 2784 613
f 3180 2784 3179
f 729 3138 3183
f 3138 616 3182
f 3183 3182 737
f 3138 3182 3183
f 579 2783 3842
f 2783 614 3843
f 3842 3843 1000
f 2783 3843 3842
f 1000 3846 3842
f 3846 1001 3844
f 3842 3844 579
f 3846 3844 3842
f 613 2784 2779
f 2784 614 2783
f 2779 2783 579
f 2784 2783 2779
f 579 2774 2779
f 2774 611 2780
f 2779 2780 613
f 2774 2780 2779
f 579 3844 2774
f 3844 1001 3845
f 2774 3845 611
f 3844 3845 2774
f 1230 4897 4900
f 4897 1001 4582
f 4900 4582 1170
f 4897 4582 4900
f 1231 4906 4905
f 4906 1001 3846
f 4905 3846 1000
f 4906 3846 4905
f 1231 4907 4908
f 4907 1167 4569
f 4908 4569 1168
f 4907 4569 4908
f 35 1414 1419
f 1414 116 1421
f 1419 1421 117
f 1414 1421 1419
f 117 1418 1419
f 1418 34 1255
f 1419 1255 35
f 1418 1255 1419
f 34 1524 1255
f 1524 156 1525
f 1255 1525 35
f 1524 1525 1255
f 37 1396 1539
f 1396 110 1540
f 1539 1540 160
f 1396 1540 1539
f 37 1256 1396
f 1256 38 1397
f 1396 1397 110
f 1256 1397 1396
f 101 1398 1374
f 1398 110 1399
f 1374 1399 102
f 1398 1399 1374
f 101 1371 1398
f 1371 36 1395
f 1398 1395 110
f 1371 1395 1398
f 165 1556 1554
f 1556 162 1546
f 1554 1546 101
f 1556 1546 1554
f 102 1385 1374
f 1385 106 1384
f 1374 1384 101
f 1385 1384 1374
f 106 1388 1384
f 1388 107 1386
f 1384 1386 101
f 1388 1386 1384
f 101 1381 1554
f 1381 105 1555
f 1554 1555 165
f 1381 1555 1554
f 107 1387 1386
f 1387 105 1381
f 1386 1381 101
f 1387 1381 1386
f 165 1555 1573
f 1555 105 1572
f 1573 1572 171
f 1555 1572 1573
f 347 2073 2078
f 2073 348 2079
f 2078 2079 349
f 2073 2079 2078
f 307 1954 2065
f 1954 310 2066
f 2065 2066 347
f 1954 2066 2065
f 309 2195 2213
f 2195 373 2215
f 2213 2215 376
f 2195 2215 2213
f 373 2191 2215
f 2191 83 2210
f 2215 2210 376
f 2191 2210 2215
f 309 2213 2061
f 2213 376 2214
f 2061 2214 345
f 2213 2214 2061
f 345 2214 2219
f 2214 376 2222
f 2219 2222 377
f 2214 2222 2219
f 322 1997 1996
f 1997 320 1990
f 1996 1990 319
f 1997 1990 1996
f 319 2070 1996
f 2070 348 2071
f 1996 2071 322
f 2070 2071 1996
f 321 1995 1999
f 1995 320 1998
f 1999 1998 323
f 1995 1998 1999
f 320 1997 1998
f 1997 322 2000
f 1998 2000 323
f 1997 2000 1998
f 361 2138 2140
f 2138 306 2133
f 2140 2133 360
f 2138 2133 2140
f 361 2139 2138
f 2139 324 2003
f 2138 2003 306
f 2139 2003 2138
f 360 2131 2140
f 2131 299 2136
f 2140 2136 361
f 2131 2136 2140
f 361 2136 2137
f 2136 299 1939
f 2137 1939 301
f 2136 1939 2137
f 301 2001 2137
f 2001 324 2139
f 2137 2139 361
f 2001 2139 2137
f 308 2194 1953
f 2194 373 2195
f 1953 2195 309
f 2194 2195 1953
f 308 2027 2194
f 2027 332 2196
f 2194 2196 373
f 2027 2196 2194
f 309 1956 1953
f 1956 310 1955
f 1953 1955 308
f 1956 1955 1953
f 308 1955 2023
f 1955 310 2024
f 2023 2024 331
f 1955 2024 2023
f 331 2029 2023
f 2029 332 2027
f 2023 2027 308
f 2029 2027 2023
f 325 2171 2008
f 2171 370 2172
f 2008 2172 326
f 2171 2172 2008
f 370 2173 2172
f 2173 332 2028
f 2172 2028 326
f 2173 2028 2172
f 326 2028 2026
f 2028 332 2029
f 2026 2029 331
f 2028 2029 2026
f 326 2007 2008
f 2007 324 2006
f 2008 2006 325
f 2007 2006 2008
f 331 2025 2026
f 2025 324 2007
f 2026 2007 326
f 2025 2007 2026
f 368 2165 2198
f 2165 85 2193
f 2198 2193 373
f 2165 2193 2198
f 373 2197 2198
f 2197 367 2166
f 2198 2166 368
f 2197 2166 2198
f 65 1325 2164
f 1325 85 2165
f 2164 2165 368
f 1325 2165 2164
f 368 2166 2162
f 2166 367 2160
f 2162 2160 62
f 2166 2160 2162
f 369 2167 2170
f 2167 283 2159
f 2170 2159 366
f 2167 2159 2170
f 304 1949 2168
f 1949 283 2167
f 2168 2167 369
f 1949 2167 2168
f 366 2174 2170
f 2174 370 2176
f 2170 2176 369
f 2174 2176 2170
f 369 2176 2169
f 2176 370 2171
f 2169 2171 325
f 2176 2171 2169
f 325 2005 2169
f 2005 304 2168
f 2169 2168 369
f 2005 2168 2169
f 276 1981 1872
f 1981 318 1978
f 1872 1978 270
f 1981 1978 1872
f 270 2310 1872
f 2310 398 2311
f 1872 2311 276
f 2310 2311 1872
f 320 1988 1989
f 1988 268 1863
f 1989 1863 269
f 1988 1863 1989
f 319 1990 1983
f 1990 320 1989
f 1983 1989 269
f 1990 1989 1983
f 71 1301 1300
f 1301 70 1299
f 1300 1299 69
f 1301 1299 1300
f 72 1302 1303
f 1302 70 1301
f 1303 1301 71
f 1302 1301 1303
f 90 1344 1343
f 1344 89 1339
f 1343 1339 71
f 1344 1339 1343
f 66 1285 1284
f 1285 44 1262
f 1284 1262 43
f 1285 1262 1284
f 42 2178 1261
f 2178 371 2179
f 1261 2179 43
f 2178 2179 1261
f 371 2180 2179
f 2180 66 1284
f 2179 1284 43
f 2180 1284 2179
f 43 1262 1406
f 1262 44 1407
f 1406 1407 113
f 1262 1407 1406
f 113 1409 1406
f 1409 111 1402
f 1406 1402 43
f 1409 1402 1406
f 43 1402 1261
f 1402 111 1401
f 1261 1401 42
f 1402 1401 1261
f 382 2248 2251
f 2248 77 1332
f 2251 1332 86
f 2248 1332 2251
f 86 2148 2251
f 2148 364 2255
f 2251 2255 382
f 2148 2255 2251
f 86 1333 1331
f 1333 85 1325
f 1331 1325 65
f 1333 1325 1331
f 86 1332 1333
f 1332 77 1326
f 1333 1326 85
f 1332 1326 1333
f 1129 4314 4315
f 4314 876 4160
f 4315 4160 1106
f 4314 4160 4315
f 1106 4160 4166
f 4160 876 4163
f 4166 4163 1107
f 4160 4163 4166
f 1106 4773 4315
f 4773 1211 4775
f 4315 4775 1129
f 4773 4775 4315
f 1107 4774 4166
f 4774 1211 4773
f 4166 4773 1106
f 4774 4773 4166
f 875 3537 3538
f 3537 805 3536
f 3538 3536 874
f 3537 3536 3538
f 875 3541 3537
f 3541 876 3539
f 3537 3539 805
f 3541 3539 3537
f 874 4161 3538
f 4161 1107 4162
f 3538 4162 875
f 4161 4162 3538
f 1107 4163 4162
f 4163 876 3541
f 4162 3541 875
f 4163 3541 4162
f 1131 4320 4322
f 4320 851 4317
f 4322 4317 1130
f 4320 4317 4322
f 1129 4769 4319
f 4769 1210 4770
f 4319 4770 1130
f 4769 4770 4319
f 1130 4316 4319
f 4316 850 4313
f 4319 4313 1129
f 4316 4313 4319
f 1130 4317 4316
f 4317 851 3505
f 4316 3505 850
f 4317 3505 4316
f 1130 4761 4322
f 4761 1209 4762
f 4322 4762 1131
f 4761 4762 4322
f 1210 4767 4770
f 4767 1029 4318
f 4770 4318 1130
f 4767 4318 4770
f 1029 4760 4318
f 4760 1209 4761
f 4318 4761 1130
f 4760 4761 4318
f 1208 4756 4785
f 4756 1054 4780
f 4785 4780 1212
f 4756 4780 4785
f 1212 4782 4785
f 4782 1132 4757
f 4785 4757 1208
f 4782 4757 4785
f 416 2361 4778
f 2361 414 4777
f 4778 4777 1212
f 2361 4777 4778
f 1212 4779 4778
f 4779 452 2461
f 4778 2461 416
f 4779 2461 4778
f 1212 4780 4779
f 4780 1054 4023
f 4779 4023 452
f 4780 4023 4779
f 1212 4781 4784
f 4781 1055 4332
f 4784 4332 1134
f 4781 4332 4784
f 414 4027 4777
f 4027 1055 4781
f 4777 4781 1212
f 4027 4781 4777
f 407 4022 3328
f 4022 1054 4025
f 3328 4025 770
f 4022 4025 3328
f 770 4025 3329
f 4025 1054 4024
f 3329 4024 677
f 4025 4024 3329
f 770 3327 3328
f 3327 280 2342
f 3328 2342 407
f 3327 2342 3328
f 1151 4428 4431
f 4428 415 4029
f 4431 4029 1056
f 4428 4029 4431
f 415 2363 4029
f 2363 417 4030
f 4029 4030 1056
f 2363 4030 4029
f 1152 4438 4435
f 4438 1151 4431
f 4435 4431 1056
f 4438 4431 4435
f 1056 4035 4435
f 4035 1057 4436
f 4435 4436 1152
f 4035 4436 4435
f 1056 4030 4035
f 4030 417 4032
f 4035 4032 1057
f 4030 4032 4035
f 1088 4117 4459
f 4117 1087 4458
f 4459 4458 1156
f 4117 4458 4459
f 1156 4458 4475
f 4458 1087 4472
f 4475 4472 1157
f 4458 4472 4475
f 1157 4467 4475
f 4467 791 4457
f 4475 4457 1156
f 4467 4457 4475
f 1157 4474 4467
f 4474 1155 4450
f 4467 4450 791
f 4474 4450 4467
f 791 4450 3378
f 4450 1155 4451
f 3378 4451 792
f 4450 4451 3378
f 806 3416 3414
f 3416 805 3411
f 3414 3411 792
f 3416 3411 3414
f 805 3410 3411
f 3410 791 3378
f 3411 3378 792
f 3410 3378 3411
f 446 2442 2443
f 2442 444 2435
f 2443 2435 445
f 2442 2435 2443
f 1087 4117 4114
f 4117 1088 4116
f 4114 4116 445
f 4117 4116 4114
f 411 2440 2434
f 2440 446 2443
f 2434 2443 445
f 2440 2443 2434
f 445 4121 2434
f 4121 1090 4120
f 2434 4120 411
f 4121 4120 2434
f 1137 4350 4347
f 4350 1136 4341
f 4347 4341 804
f 4350 4341 4347
f 804 3396 4347
f 3396 785 4346
f 4347 4346 1137
f 3396 4346 4347
f 804 4341 3413
f 4341 1136 4342
f 3413 4342 805
f 4341 4342 3413
f 805 3404 3413
f 3404 785 3396
f 3413 3396 804
f 3404 3396 3413
f 784 4356 4351
f 4356 1139 4360
f 4351 4360 1138
f 4356 4360 4351
f 1138 4352 4351
f 4352 785 3370
f 4351 3370 784
f 4352 3370 4351
f 784 3370 3403
f 3370 785 3404
f 3403 3404 805
f 3370 3404 3403
f 1096 4137 4133
f 4137 1097 4135
f 4133 4135 411
f 4137 4135 4133
f 411 4131 4133
f 4131 1095 4134
f 4133 4134 1096
f 4131 4134 4133
f 1135 4339 4338
f 4339 1097 4137
f 4338 4137 1096
f 4339 4137 4338
f 1096 4134 4338
f 4134 1095 4337
f 4338 4337 1135
f 4134 4337 4338
f 812 3433 3429
f 3433 814 3432
f 3429 3432 805
f 3433 3432 3429
f 805 3442 3429
f 3442 819 3443
f 3429 3443 812
f 3442 3443 3429
f 1111 4176 4175
f 4176 909 3614
f 4175 3614 908
f 4176 3614 4175
f 908 3614 3611
f 3614 909 3613
f 3611 3613 907
f 3614 3613 3611
f 1112 4182 4181
f 4182 1111 4175
f 4181 4175 908
f 4182 4175 4181
f 908 3611 4181
f 3611 907 4180
f 4181 4180 1112
f 3611 4180 4181
f 220 1749 1733
f 1749 227 1750
f 1733 1750 223
f 1749 1750 1733
f 223 1734 1733
f 1734 222 1730
f 1733 1730 220
f 1734 1730 1733
f 208 1691 1688
f 1691 211 1693
f 1688 1693 210
f 1691 1693 1688
f 460 2490 2481
f 2490 463 2486
f 2481 2486 4
f 2490 2486 2481
f 460 2483 2490
f 2483 459 2489
f 2490 2489 463
f 2483 2489 2490
f 3 2479 1452
f 2479 459 2480
f 1452 2480 130
f 2479 2480 1452
f 130 2482 1453
f 2482 460 2481
f 1453 2481 4
f 2482 2481 1453
f 459 2483 2480
f 2483 460 2482
f 2480 2482 130
f 2483 2482 2480
f 148 2478 1503
f 2478 458 2476
f 1503 2476 3
f 2478 2476 1503
f 474 2527 2526
f 2527 457 2474
f 2526 2474 16
f 2527 2474 2526
f 474 2524 2527
f 2524 1 2473
f 2527 2473 457
f 2524 2473 2527
f 2 1236 2525
f 1236 1 2524
f 2525 2524 474
f 1236 2524 2525
f 463 2488 2529
f 2488 458 2528
f 2529 2528 474
f 2488 2528 2529
f 474 2528 2525
f 2528 458 2475
f 2525 2475 2
f 2528 2475 2525
f 463 2529 2523
f 2529 474 2530
f 2523 2530 473
f 2529 2530 2523
f 378 2247 2228
f 2247 381 2244
f 2228 2244 177
f 2247 2244 2228
f 196 1717 1652
f 1717 219 1718
f 1652 1718 198
f 1717 1718 1652
f 199 1654 1655
f 1654 197 1653
f 1655 1653 198
f 1654 1653 1655
f 198 1653 1652
f 1653 197 1651
f 1652 1651 196
f 1653 1651 1652
f 144 1597 1494
f 1597 181 1598
f 1494 1598 145
f 1597 1598 1494
f 1051 4015 4019
f 4015 487 4018
f 4019 4018 1052
f 4015 4018 4019
f 487 4020 4018
f 4020 1053 4021
f 4018 4021 1052
f 4020 4021 4018
f 1052 4658 4019
f 4658 1189 4657
f 4019 4657 1051
f 4658 4657 4019
f 1187 4659 4647
f 4659 1189 4658
f 4647 4658 1052
f 4659 4658 4647
f 1052 4021 4647
f 4021 1053 4648
f 4647 4648 1187
f 4021 4648 4647
f 5 2569 1237
f 2569 489 2570
f 1237 2570 6
f 2569 2570 1237
f 489 2573 2570
f 2573 453 2462
f 2570 2462 6
f 2573 2462 2570
f 6 1465 1237
f 1465 135 1464
f 1237 1464 5
f 1465 1464 1237
f 6 1473 1465
f 1473 138 1474
f 1465 1474 135
f 1473 1474 1465
f 137 1475 1468
f 1475 138 1473
f 1468 1473 6
f 1475 1473 1468
f 8 2572 2560
f 2572 489 2574
f 2560 2574 485
f 2572 2574 2560
f 485 2563 2562
f 2563 11 1241
f 2562 1241 10
f 2563 1241 2562
f 10 1241 1462
f 1241 11 1463
f 1462 1463 134
f 1241 1463 1462
f 134 1463 1482
f 1463 11 1481
f 1482 1481 141
f 1463 1481 1482
f 185 1616 1615
f 1616 137 1472
f 1615 1472 136
f 1616 1472 1615
f 136 1488 1615
f 1488 143 1617
f 1615 1617 185
f 1488 1617 1615
f 485 4005 2579
f 4005 1048 4008
f 2579 4008 491
f 4005 4008 2579
f 490 4007 2578
f 4007 1048 4006
f 2578 4006 489
f 4007 4006 2578
f 1205 4742 4739
f 4742 1204 4733
f 4739 4733 793
f 4742 4733 4739
f 793 4743 4739
f 4743 1206 4746
f 4739 4746 1205
f 4743 4746 4739
f 1206 4745 4746
f 4745 1032 4740
f 4746 4740 1205
f 4745 4740 4746
f 1205 4740 4738
f 4740 1032 3964
f 4738 3964 472
f 4740 3964 4738
f 472 3966 4738
f 3966 1033 4741
f 4738 4741 1205
f 3966 4741 4738
f 1205 4741 4742
f 4741 1033 4735
f 4742 4735 1204
f 4741 4735 4742
f 471 3965 2521
f 3965 1033 3966
f 2521 3966 472
f 3965 3966 2521
f 472 2520 2521
f 2520 470 2518
f 2521 2518 471
f 2520 2518 2521
f 468 4717 3967
f 4717 1201 4721
f 3967 4721 1034
f 4717 4721 3967
f 1033 3965 3970
f 3965 471 3969
f 3970 3969 1034
f 3965 3969 3970
f 1204 4735 4736
f 4735 1033 3970
f 4736 3970 1034
f 4735 3970 4736
f 1034 4721 4736
f 4721 1201 4737
f 4736 4737 1204
f 4721 4737 4736
f 803 3394 3395
f 3394 795 3392
f 3395 3392 802
f 3394 3392 3395
f 795 3390 3392
f 3390 801 3393
f 3392 3393 802
f 3390 3393 3392
f 802 4650 3395
f 4650 1188 4651
f 3395 4651 803
f 4650 4651 3395
f 802 3393 4663
f 3393 801 4662
f 4663 4662 1190
f 3393 4662 4663
f 1165 4547 4544
f 4547 1164 4539
f 4544 4539 961
f 4547 4539 4544
f 961 3728 4544
f 3728 960 4543
f 4544 4543 1165
f 3728 4543 4544
f 1164 4535 4534
f 4535 951 3707
f 4534 3707 950
f 4535 3707 4534
f 951 3719 3707
f 3719 957 3718
f 3707 3718 950
f 3719 3718 3707
f 902 3598 3599
f 3598 900 3596
f 3599 3596 901
f 3598 3596 3599
f 832 3595 3597
f 3595 900 3598
f 3597 3598 902
f 3595 3598 3597
f 901 4502 3599
f 4502 1160 4503
f 3599 4503 902
f 4502 4503 3599
f 902 4503 3597
f 4503 1160 4497
f 3597 4497 832
f 4503 4497 3597
f 945 3695 4527
f 3695 944 4526
f 4527 4526 1163
f 3695 4526 4527
f 1163 4528 4527
f 4528 946 3699
f 4527 3699 945
f 4528 3699 4527
f 945 3699 3695
f 3699 946 3698
f 3695 3698 944
f 3699 3698 3695
f 934 3671 3686
f 3671 900 3684
f 3686 3684 940
f 3671 3684 3686
f 934 3672 3671
f 3672 923 3653
f 3671 3653 900
f 3672 3653 3671
f 933 4521 3674
f 4521 1162 4522
f 3674 4522 934
f 4521 4522 3674
f 1162 4518 4522
f 4518 923 3672
f 4522 3672 934
f 4518 3672 4522
f 1122 4256 4857
f 4256 1123 4858
f 4857 4858 1223
f 4256 4858 4857
f 1123 4252 4858
f 4252 547 4853
f 4858 4853 1223
f 4252 4853 4858
f 1223 4856 4857
f 4856 1017 4249
f 4857 4249 1122
f 4856 4249 4857
f 872 3575 3646
f 3575 890 3647
f 3646 3647 921
f 3575 3647 3646
f 921 3652 3646
f 3652 922 3651
f 3646 3651 872
f 3652 3651 3646
f 921 3649 4247
f 3649 913 4246
f 4247 4246 1122
f 3649 4246 4247
f 1122 4248 4247
f 4248 922 3652
f 4247 3652 921
f 4248 3652 4247
f 1124 4262 4261
f 4262 893 3583
f 4261 3583 892
f 4262 3583 4261
f 892 3582 4261
f 3582 891 4260
f 4261 4260 1124
f 3582 4260 4261
f 879 3576 3547
f 3576 890 3572
f 3547 3572 821
f 3576 3572 3547
f 835 4500 4486
f 4500 1160 4506
f 4486 4506 1159
f 4500 4506 4486
f 834 4499 3468
f 4499 1160 4500
f 3468 4500 835
f 4499 4500 3468
f 1159 4490 4489
f 4490 877 3543
f 4489 3543 838
f 4490 3543 4489
f 838 3477 4489
f 3477 837 4488
f 4489 4488 1159
f 3477 4488 4489
f 838 3543 3475
f 3543 877 3542
f 3475 3542 828
f 3543 3542 3475
f 842 3490 3486
f 3490 843 3489
f 3486 3489 821
f 3490 3489 3486
f 842 3488 4286
f 3488 841 4285
f 4286 4285 1126
f 3488 4285 4286
f 1126 4287 4286
f 4287 843 3490
f 4286 3490 842
f 4287 3490 4286
f 828 3460 3481
f 3460 829 3482
f 3481 3482 840
f 3460 3482 3481
f 795 3458 3479
f 3458 828 3481
f 3479 3481 840
f 3458 3481 3479
f 840 3480 3479
f 3480 821 3449
f 3479 3449 795
f 3480 3449 3479
f 840 3487 3480
f 3487 842 3486
f 3480 3486 821
f 3487 3486 3480
f 840 3482 3483
f 3482 829 3462
f 3483 3462 831
f 3482 3462 3483
f 841 3488 3485
f 3488 842 3487
f 3485 3487 840
f 3488 3487 3485
f 831 3478 3483
f 3478 839 3484
f 3483 3484 840
f 3478 3484 3483
f 840 4299 3485
f 4299 1127 4300
f 3485 4300 841
f 4299 4300 3485
f 840 3484 4299
f 3484 839 4298
f 4299 4298 1127
f 3484 4298 4299
f 1128 4310 4309
f 4310 831 3463
f 4309 3463 830
f 4310 3463 4309
f 830 3461 4309
f 3461 829 4308
f 4309 4308 1128
f 3461 4308 4309
f 831 3462 3463
f 3462 829 3461
f 3463 3461 830
f 3462 3461 3463
f 1224 4859 4864
f 4859 554 4266
f 4864 4266 1125
f 4859 4266 4864
f 1125 4279 4864
f 4279 1019 4863
f 4864 4863 1224
f 4279 4863 4864
f 1224 4863 4862
f 4863 1019 3916
f 4862 3916 1018
f 4863 3916 4862
f 873 4234 3600
f 4234 1121 4235
f 3600 4235 903
f 4234 4235 3600
f 873 3602 3535
f 3602 904 3601
f 3535 3601 872
f 3602 3601 3535
f 903 3603 3600
f 3603 904 3602
f 3600 3602 873
f 3603 3602 3600
f 873 3535 4245
f 3535 872 4244
f 4245 4244 1122
f 3535 4244 4245
f 1122 4250 4245
f 4250 1121 4234
f 4245 4234 873
f 4250 4234 4245
f 905 3629 3604
f 3629 915 3628
f 3604 3628 872
f 3629 3628 3604
f 872 3601 3604
f 3601 904 3605
f 3604 3605 905
f 3601 3605 3604
f 914 3630 3625
f 3630 915 3629
f 3625 3629 905
f 3630 3629 3625
f 905 4237 3625
f 4237 1121 4238
f 3625 4238 914
f 4237 4238 3625
f 905 3605 4237
f 3605 904 4236
f 4237 4236 1121
f 3605 4236 4237
f 917 3638 3632
f 3638 918 3637
f 3632 3637 915
f 3638 3637 3632
f 1119 4223 4232
f 4223 917 4230
f 4232 4230 1120
f 4223 4230 4232
f 918 3638 4224
f 3638 917 4223
f 4224 4223 1119
f 3638 4223 4224
f 1119 4226 4219
f 4226 1118 4211
f 4219 4211 859
f 4226 4211 4219
f 859 3586 4219
f 3586 896 4222
f 4219 4222 1119
f 3586 4222 4219
f 919 3642 3639
f 3642 898 3589
f 3639 3589 859
f 3642 3589 3639
f 859 3515 3639
f 3515 860 3640
f 3639 3640 919
f 3515 3640 3639
f 920 3644 3645
f 3644 898 3642
f 3645 3642 919
f 3644 3642 3645
f 1118 4216 4215
f 4216 920 3645
f 4215 3645 919
f 4216 3645 4215
f 863 4199 3522
f 4199 1116 4200
f 3522 4200 864
f 4199 4200 3522
f 863 3592 4199
f 3592 899 4202
f 4199 4202 1116
f 3592 4202 4199
f 898 3593 3590
f 3593 899 3592
f 3590 3592 863
f 3593 3592 3590
f 864 3521 3522
f 3521 823 3520
f 3522 3520 863
f 3521 3520 3522
f 805 3588 3519
f 3588 898 3590
f 3519 3590 863
f 3588 3590 3519
f 863 3520 3519
f 3520 823 3452
f 3519 3452 805
f 3520 3452 3519
f 824 3453 4198
f 3453 823 4197
f 4198 4197 1116
f 3453 4197 4198
f 825 3455 3456
f 3455 823 3453
f 3456 3453 824
f 3455 3453 3456
f 824 4198 4191
f 4198 1116 4205
f 4191 4205 1115
f 4198 4205 4191
f 1115 4192 4191
f 4192 825 3456
f 4191 3456 824
f 4192 3456 4191
f 897 3591 3643
f 3591 898 3644
f 3643 3644 920
f 3591 3644 3643
f 920 4209 3643
f 4209 1117 4206
f 3643 4206 897
f 4209 4206 3643
f 897 4206 3591
f 4206 1117 4207
f 3591 4207 898
f 4206 4207 3591
f 749 3229 3228
f 3229 674 2980
f 3228 2980 673
f 3229 2980 3228
f 748 3225 3230
f 3225 674 3229
f 3230 3229 749
f 3225 3229 3230
f 749 3234 3230
f 3234 750 3233
f 3230 3233 748
f 3234 3233 3230
f 768 3319 3326
f 3319 750 3324
f 3326 3324 769
f 3319 3324 3326
f 750 3234 3324
f 3234 749 3323
f 3324 3323 769
f 3234 3323 3324
f 769 3320 3326
f 3320 188 3317
f 3326 3317 768
f 3320 3317 3326
f 769 3321 3320
f 3321 191 1634
f 3320 1634 188
f 3321 1634 3320
f 225 1741 3322
f 1741 191 3321
f 3322 3321 769
f 1741 3321 3322
f 125 1440 1443
f 1440 29 1441
f 1443 1441 126
f 1440 1441 1443
f 126 3198 1443
f 3198 742 3197
f 1443 3197 125
f 3198 3197 1443
f 742 3199 3197
f 3199 741 3196
f 3197 3196 125
f 3199 3196 3197
f 768 3314 3315
f 3314 29 1440
f 3315 1440 125
f 3314 1440 3315
f 125 3196 3315
f 3196 741 3318
f 3315 3318 768
f 3196 3318 3315
f 586 4789 2717
f 4789 1214 4790
f 2717 4790 591
f 4789 4790 2717
f 970 3752 3751
f 3752 676 2981
f 3751 2981 672
f 3752 2981 3751
f 672 2981 3235
f 2981 676 3237
f 3235 3237 751
f 2981 3237 3235
f 751 3238 3235
f 3238 745 3212
f 3235 3212 672
f 3238 3212 3235
f 744 3203 3209
f 3203 103 2734
f 3209 2734 600
f 3203 2734 3209
f 752 3243 3242
f 3243 598 2730
f 3242 2730 595
f 3243 2730 3242
f 752 3245 3243
f 3245 745 3211
f 3243 3211 598
f 3245 3211 3243
f 752 3244 3245
f 3244 672 3212
f 3245 3212 745
f 3244 3212 3245
f 752 3749 3753
f 3749 969 3754
f 3753 3754 970
f 3749 3754 3753
f 970 3751 3753
f 3751 672 3244
f 3753 3244 752
f 3751 3244 3753
f 585 4883 3775
f 4883 1228 4885
f 3775 4885 977
f 4883 4885 3775
f 977 4885 3777
f 4885 1228 4884
f 3777 4884 976
f 4885 4884 3777
f 976 3772 3777
f 3772 584 3774
f 3777 3774 977
f 3772 3774 3777
f 977 3776 3775
f 3776 604 2752
f 3775 2752 585
f 3776 2752 3775
f 584 2751 3774
f 2751 604 3776
f 3774 3776 977
f 2751 3776 3774
f 277 1877 1971
f 1877 278 1972
f 1971 1972 316
f 1877 1972 1971
f 316 1977 1971
f 1977 317 1976
f 1971 1976 277
f 1977 1976 1971
f 315 1968 1969
f 1968 278 1879
f 1969 1879 279
f 1968 1879 1969
f 282 1966 1883
f 1966 314 1964
f 1883 1964 279
f 1966 1964 1883
f 279 1964 1969
f 1964 314 1970
f 1969 1970 315
f 1964 1970 1969
f 278 2330 1879
f 2330 404 2331
f 1879 2331 279
f 2330 2331 1879
f 279 2334 1883
f 2334 405 2335
f 1883 2335 282
f 2334 2335 1883
f 427 2398 2391
f 2398 431 2397
f 2391 2397 422
f 2398 2397 2391
f 422 2381 2376
f 2381 423 2379
f 2376 2379 418
f 2381 2379 2376
f 418 2365 2376
f 2365 392 2373
f 2376 2373 422
f 2365 2373 2376
f 403 2332 2327
f 2332 404 2330
f 2327 2330 278
f 2332 2330 2327
f 403 2328 2367
f 2328 402 2366
f 2367 2366 418
f 2328 2366 2367
f 418 2368 2367
f 2368 404 2332
f 2367 2332 403
f 2368 2332 2367
f 1145 4402 4401
f 4402 1064 4051
f 4401 4051 1063
f 4402 4051 4401
f 1079 4099 4092
f 4099 1080 4096
f 4092 4096 439
f 4099 4096 4092
f 1079 4359 4362
f 4359 1139 4363
f 4362 4363 1140
f 4359 4363 4362
f 1140 4369 4362
f 4369 1141 4367
f 4362 4367 1079
f 4369 4367 4362
f 1141 4368 4367
f 4368 1080 4099
f 4367 4099 1079
f 4368 4099 4367
f 1142 4374 4373
f 4374 1076 4086
f 4373 4086 1075
f 4374 4086 4373
f 1075 4366 4373
f 4366 1141 4375
f 4373 4375 1142
f 4366 4375 4373
f 1075 4098 4366
f 4098 1080 4368
f 4366 4368 1141
f 4098 4368 4366
f 1075 4086 4082
f 4086 1076 4085
f 4082 4085 440
f 4086 4085 4082
f 440 4097 4082
f 4097 1080 4098
f 4082 4098 1075
f 4097 4098 4082
f 397 2308 2305
f 2308 394 2294
f 2305 2294 24
f 2308 2294 2305
f 397 2417 2308
f 2417 438 2414
f 2308 2414 394
f 2417 2414 2308
f 24 1864 2305
f 1864 271 2306
f 2305 2306 397
f 1864 2306 2305
f 1081 4343 4348
f 4343 1136 4350
f 4348 4350 1137
f 4343 4350 4348
f 1137 4355 4349
f 4355 1138 4354
f 4349 4354 1082
f 4355 4354 4349
f 1082 4105 4349
f 4105 1081 4348
f 4349 4348 1137
f 4105 4348 4349
f 442 4101 4102
f 4101 1081 4105
f 4102 4105 1082
f 4101 4105 4102
f 429 4087 2396
f 4087 1077 4088
f 2396 4088 430
f 4087 4088 2396
f 1077 4089 4088
f 4089 431 2399
f 4088 2399 430
f 4089 2399 4088
f 427 2393 2395
f 2393 429 2396
f 2395 2396 430
f 2393 2396 2395
f 430 2399 2395
f 2399 431 2398
f 2395 2398 427
f 2399 2398 2395
f 1073 4381 4081
f 4381 1143 4382
f 4081 4382 1074
f 4381 4382 4081
f 1143 4379 4382
f 4379 1067 4080
f 4382 4080 1074
f 4379 4080 4382
f 1146 4412 4408
f 4412 1147 4411
f 4408 4411 1065
f 4412 4411 4408
f 1146 4407 4409
f 4407 1064 4402
f 4409 4402 1145
f 4407 4402 4409
f 789 4410 4406
f 4410 1147 4412
f 4406 4412 1146
f 4410 4412 4406
f 1065 4053 4408
f 4053 423 4404
f 4408 4404 1146
f 4053 4404 4408
f 423 4050 4404
f 4050 1064 4407
f 4404 4407 1146
f 4050 4407 4404
f 1146 4405 4406
f 4405 780 3375
f 4406 3375 789
f 4405 3375 4406
f 1145 4398 4409
f 4398 780 4405
f 4409 4405 1146
f 4398 4405 4409
f 69 1295 1296
f 1295 21 1249
f 1296 1249 22
f 1295 1249 1296
f 22 1249 2270
f 1249 21 2269
f 2270 2269 387
f 1249 2269 2270
f 388 2274 2272
f 2274 69 1296
f 2272 1296 22
f 2274 1296 2272
f 22 2270 2272
f 2270 387 2276
f 2272 2276 388
f 2270 2276 2272
f 23 1859 1856
f 1859 268 1861
f 1856 1861 262
f 1859 1861 1856
f 262 2292 1856
f 2292 393 2291
f 1856 2291 23
f 2292 2291 1856
f 390 2293 2283
f 2293 393 2292
f 2283 2292 262
f 2293 2292 2283
f 91 1368 2201
f 1368 99 2202
f 2201 2202 374
f 1368 2202 2201
f 91 2201 1347
f 2201 374 2200
f 1347 2200 90
f 2201 2200 1347
f 90 1343 1347
f 1343 71 1346
f 1347 1346 91
f 1343 1346 1347
f 91 1346 1345
f 1346 71 1300
f 1345 1300 69
f 1346 1300 1345
f 464 2514 2519
f 2514 470 2520
f 2519 2520 472
f 2514 2520 2519
f 472 3964 2519
f 3964 1032 3961
f 2519 3961 464
f 3964 3961 2519
f 1207 4752 4754
f 4752 1032 4745
f 4754 4745 1206
f 4752 4745 4754
f 1207 4748 4752
f 4748 467 3963
f 4752 3963 1032
f 4748 3963 4752
f 1207 4754 4750
f 4754 1206 4744
f 4750 4744 807
f 4754 4744 4750
f 1207 4747 4748
f 4747 466 2499
f 4748 2499 467
f 4747 2499 4748
f 1207 4749 4753
f 4749 806 4439
f 4753 4439 1153
f 4749 4439 4753
f 807 3419 4750
f 3419 806 4749
f 4750 4749 1207
f 3419 4749 4750
f 1031 4751 4440
f 4751 1207 4753
f 4440 4753 1153
f 4751 4753 4440
f 466 4747 3960
f 4747 1207 4751
f 3960 4751 1031
f 4747 4751 3960
f 408 2347 2445
f 2347 410 2446
f 2445 2446 448
f 2347 2446 2445
f 467 2499 2497
f 2499 466 2495
f 2497 2495 448
f 2499 2495 2497
f 305 2047 2044
f 2047 341 2049
f 2044 2049 340
f 2047 2049 2044
f 305 2050 2047
f 2050 342 2053
f 2047 2053 341
f 2050 2053 2047
f 305 2044 2132
f 2044 340 2134
f 2132 2134 360
f 2044 2134 2132
f 360 2133 2132
f 2133 306 1951
f 2132 1951 305
f 2133 1951 2132
f 306 2051 1951
f 2051 342 2050
f 1951 2050 305
f 2051 2050 1951
f 407 2342 2341
f 2342 280 1880
f 2341 1880 264
f 2342 1880 2341
f 264 1880 1881
f 1880 280 1882
f 1881 1882 281
f 1880 1882 1881
f 406 2343 2337
f 2343 407 2341
f 2337 2341 264
f 2343 2341 2337
f 264 1881 2337
f 1881 281 2338
f 2337 2338 406
f 1881 2338 2337
f 774 3349 3347
f 3349 356 2109
f 3347 2109 313
f 3349 2109 3347
f 313 1962 3347
f 1962 280 3345
f 3347 3345 774
f 1962 3345 3347
f 774 3348 3349
f 3348 329 2110
f 3349 2110 356
f 3348 2110 3349
f 774 3353 3350
f 3353 770 3329
f 3350 3329 677
f 3353 3329 3350
f 280 3327 3345
f 3327 770 3353
f 3345 3353 774
f 3327 3353 3345
f 774 3352 3351
f 3352 698 3047
f 3351 3047 697
f 3352 3047 3351
f 677 3046 3350
f 3046 698 3352
f 3350 3352 774
f 3046 3352 3350
f 521 2639 2637
f 2639 526 2640
f 2637 2640 524
f 2639 2640 2637
f 524 2886 2637
f 2886 644 2884
f 2637 2884 521
f 2886 2884 2637
f 645 2888 2887
f 2888 641 2877
f 2887 2877 521
f 2888 2877 2887
f 521 2884 2887
f 2884 644 2889
f 2887 2889 645
f 2884 2889 2887
f 658 2928 2929
f 2928 518 2631
f 2929 2631 519
f 2928 2631 2929
f 658 2931 2928
f 2931 641 2876
f 2928 2876 518
f 2931 2876 2928
f 519 2634 2929
f 2634 521 2930
f 2929 2930 658
f 2634 2930 2929
f 658 2930 2931
f 2930 521 2877
f 2931 2877 641
f 2930 2877 2931
f 1017 3906 3908
f 3906 526 2677
f 3908 2677 551
f 3906 2677 3908
f 1004 4239 3855
f 4239 1121 4233
f 3855 4233 551
f 4239 4233 3855
f 551 4233 3908
f 4233 1121 4241
f 3908 4241 1017
f 4233 4241 3908
f 526 2639 2677
f 2639 521 2676
f 2677 2676 551
f 2639 2676 2677
f 523 2885 2923
f 2885 644 2927
f 2923 2927 657
f 2885 2927 2923
f 657 2927 2924
f 2927 644 2886
f 2924 2886 524
f 2927 2886 2924
f 657 2925 2923
f 2925 525 2638
f 2923 2638 523
f 2925 2638 2923
f 523 2680 2636
f 2680 553 2679
f 2636 2679 522
f 2680 2679 2636
f 522 2679 2678
f 2679 553 2681
f 2678 2681 552
f 2679 2681 2678
f 552 3914 2678
f 3914 1019 3913
f 2678 3913 522
f 3914 3913 2678
f 522 3913 2703
f 3913 1019 3915
f 2703 3915 564
f 3913 3915 2703
f 564 3919 2703
f 3919 1020 3917
f 2703 3917 522
f 3919 3917 2703
f 522 3917 2641
f 3917 1020 3918
f 2641 3918 527
f 3917 3918 2641
f 647 2897 2893
f 2897 648 2895
f 2893 2895 523
f 2897 2895 2893
f 647 2911 2897
f 2911 654 2912
f 2897 2912 648
f 2911 2912 2897
f 647 2894 2908
f 2894 527 2907
f 2908 2907 653
f 2894 2907 2908
f 653 2913 2908
f 2913 654 2911
f 2908 2911 647
f 2913 2911 2908
f 1222 4851 4852
f 4851 1119 4232
f 4852 4232 1120
f 4851 4232 4852
f 515 2661 2628
f 2661 543 2663
f 2628 2663 518
f 2661 2663 2628
f 515 2628 2932
f 2628 518 2934
f 2932 2934 659
f 2628 2934 2932
f 519 2631 2630
f 2631 518 2629
f 2630 2629 517
f 2631 2629 2630
f 518 2663 2629
f 2663 543 2662
f 2629 2662 517
f 2663 2662 2629
f 496 3020 2594
f 3020 690 3021
f 2594 3021 498
f 3020 3021 2594
f 498 3021 2593
f 3021 690 3018
f 2593 3018 492
f 3021 3018 2593
f 498 2595 2594
f 2595 497 2592
f 2594 2592 496
f 2595 2592 2594
f 492 2589 2593
f 2589 497 2595
f 2593 2595 498
f 2589 2595 2593
f 630 2834 2835
f 2834 233 2598
f 2835 2598 500
f 2834 2598 2835
f 500 2838 2835
f 2838 631 2840
f 2835 2840 630
f 2838 2840 2835
f 630 2840 2834
f 2840 631 2837
f 2834 2837 233
f 2840 2837 2834
f 508 2614 2941
f 2614 507 2940
f 2941 2940 661
f 2614 2940 2941
f 661 2940 2942
f 2940 507 2616
f 2942 2616 510
f 2940 2616 2942
f 295 1921 1919
f 1921 293 1912
f 1919 1912 51
f 1921 1912 1919
f 51 1912 1774
f 1912 293 1913
f 1774 1913 234
f 1912 1913 1774
f 231 1772 1791
f 1772 233 1793
f 1791 1793 240
f 1772 1793 1791
f 240 1794 1791
f 1794 234 1775
f 1791 1775 231
f 1794 1775 1791
f 231 1775 1772
f 1775 234 1776
f 1772 1776 233
f 1775 1776 1772
f 639 2867 2875
f 2867 245 2872
f 2875 2872 640
f 2867 2872 2875
f 636 2857 2874
f 2857 635 2873
f 2874 2873 640
f 2857 2873 2874
f 635 2869 2873
f 2869 639 2875
f 2873 2875 640
f 2869 2875 2873
f 541 2659 3008
f 2659 507 3005
f 3008 3005 687
f 2659 3005 3008
f 1005 3857 3860
f 3857 507 2659
f 3860 2659 541
f 3857 2659 3860
f 541 4826 3860
f 4826 1219 4827
f 3860 4827 1005
f 4826 4827 3860
f 687 3869 3008
f 3869 1008 3868
f 3008 3868 541
f 3869 3868 3008
f 541 3868 4826
f 3868 1008 4830
f 4826 4830 1219
f 3868 4830 4826
f 1009 3874 4821
f 3874 540 4819
f 4821 4819 1218
f 3874 4819 4821
f 1218 4822 4821
f 4822 1010 3880
f 4821 3880 1009
f 4822 3880 4821
f 509 3871 2620
f 3871 1009 3872
f 2620 3872 512
f 3871 3872 2620
f 540 3874 2658
f 3874 1009 3871
f 2658 3871 509
f 3874 3871 2658
f 510 2616 2617
f 2616 507 2615
f 2617 2615 509
f 2616 2615 2617
f 509 2615 3858
f 2615 507 3857
f 3858 3857 1005
f 2615 3857 3858
f 1005 3859 3858
f 3859 540 2658
f 3858 2658 509
f 3859 2658 3858
f 512 3876 2656
f 3876 1010 3877
f 2656 3877 538
f 3876 3877 2656
f 538 2657 2656
f 2657 514 2624
f 2656 2624 512
f 2657 2624 2656
f 538 3877 3889
f 3877 1010 3890
f 3889 3890 1013
f 3877 3890 3889
f 1013 3888 3889
f 3888 514 2657
f 3889 2657 538
f 3888 2657 3889
f 1006 4836 4177
f 4836 1220 4840
f 4177 4840 1111
f 4836 4840 4177
f 1006 4177 4828
f 4177 1111 4831
f 4828 4831 1219
f 4177 4831 4828
f 1219 4829 4828
f 4829 1007 3866
f 4828 3866 1006
f 4829 3866 4828
f 1007 3864 3866
f 3864 536 3862
f 3866 3862 1006
f 3864 3862 3866
f 689 4835 3863
f 4835 1220 4836
f 3863 4836 1006
f 4835 4836 3863
f 506 3014 3861
f 3014 689 3863
f 3861 3863 1006
f 3014 3863 3861
f 1006 3862 3861
f 3862 536 2653
f 3861 2653 506
f 3862 2653 3861
f 1026 4837 3941
f 4837 1220 4834
f 3941 4834 535
f 4837 4834 3941
f 502 2602 3939
f 2602 501 3938
f 3939 3938 1026
f 2602 3938 3939
f 1026 3941 3939
f 3941 535 2651
f 3939 2651 502
f 3941 2651 3939
f 1026 3940 3942
f 3940 534 3935
f 3942 3935 1025
f 3940 3935 3942
f 501 2650 3938
f 2650 534 3940
f 3938 3940 1026
f 2650 3940 3938
f 1025 4870 3942
f 4870 1226 4871
f 3942 4871 1026
f 4870 4871 3942
f 1026 4871 4837
f 4871 1226 4875
f 4837 4875 1220
f 4871 4875 4837
f 532 2986 3931
f 2986 681 3932
f 3931 3932 1024
f 2986 3932 3931
f 493 2985 2647
f 2985 681 2986
f 2647 2986 532
f 2985 2986 2647
f 1024 3934 3931
f 3934 1023 3928
f 3931 3928 532
f 3934 3928 3931
f 532 3928 2647
f 3928 1023 3926
f 2647 3926 493
f 3928 3926 2647
f 695 3948 3944
f 3948 1028 3950
f 3944 3950 1027
f 3948 3950 3944
f 695 3035 3044
f 3035 694 3043
f 3044 3043 697
f 3035 3043 3044
f 691 3033 3031
f 3033 694 3034
f 3031 3034 693
f 3033 3034 3031
f 693 3030 3031
f 3030 690 3026
f 3031 3026 691
f 3030 3026 3031
f 492 3018 3028
f 3018 690 3030
f 3028 3030 693
f 3018 3030 3028
f 773 3341 3344
f 3341 493 3029
f 3344 3029 693
f 3341 3029 3344
f 693 3029 3028
f 3029 493 2581
f 3028 2581 492
f 3029 2581 3028
f 677 3946 2983
f 3946 1028 3947
f 2983 3947 678
f 3946 3947 2983
f 339 2094 2042
f 2094 352 2093
f 2042 2093 337
f 2094 2093 2042
f 337 2041 2042
f 2041 338 2043
f 2042 2043 339
f 2041 2043 2042
f 328 2018 2014
f 2018 329 2017
f 2014 2017 327
f 2018 2017 2014
f 350 2083 2082
f 2083 329 2018
f 2082 2018 328
f 2083 2018 2082
f 261 1853 1854
f 1853 59 1833
f 1854 1833 253
f 1853 1833 1854
f 59 1853 1849
f 1853 261 1855
f 1849 1855 260
f 1853 1855 1849
f 251 1824 1850
f 1824 58 1848
f 1850 1848 260
f 1824 1848 1850
f 260 1848 1852
f 1848 58 1847
f 1852 1847 259
f 1848 1847 1852
f 260 1851 1850
f 1851 253 1835
f 1850 1835 251
f 1851 1835 1850
f 260 1855 1851
f 1855 261 1854
f 1851 1854 253
f 1855 1854 1851
f 311 3356 1957
f 3356 775 3354
f 1957 3354 59
f 3356 3354 1957
f 59 1849 1957
f 1849 260 1958
f 1957 1958 311
f 1849 1958 1957
f 292 1909 1911
f 1909 285 1905
f 1911 1905 291
f 1909 1905 1911
f 290 1907 1902
f 1907 291 1905
f 1902 1905 285
f 1907 1905 1902
f 289 1906 1904
f 1906 291 1907
f 1904 1907 290
f 1906 1907 1904
f 234 1913 1900
f 1913 293 1915
f 1900 1915 290
f 1913 1915 1900
f 947 3701 3702
f 3701 937 3690
f 3702 3690 942
f 3701 3690 3702
f 935 3680 3675
f 3680 937 3679
f 3675 3679 930
f 3680 3679 3675
f 623 3192 2818
f 3192 740 3193
f 2818 3193 625
f 3192 3193 2818
f 989 3805 3806
f 3805 624 2819
f 3806 2819 625
f 3805 2819 3806
f 625 2816 3806
f 2816 566 3804
f 3806 3804 989
f 2816 3804 3806
f 626 2822 2823
f 2822 566 2816
f 2823 2816 625
f 2822 2816 2823
f 625 3193 2823
f 3193 740 3194
f 2823 3194 626
f 3193 3194 2823
f 626 3794 2821
f 3794 985 3793
f 2821 3793 565
f 3794 3793 2821
f 565 3793 3796
f 3793 985 3797
f 3796 3797 986
f 3793 3797 3796
f 565 3798 2821
f 3798 987 3799
f 2821 3799 626
f 3798 3799 2821
f 986 3800 3796
f 3800 987 3798
f 3796 3798 565
f 3800 3798 3796
f 990 3810 3812
f 3810 624 3805
f 3812 3805 989
f 3810 3805 3812
f 989 4504 3812
f 4504 1160 4505
f 3812 4505 990
f 4504 4505 3812
f 990 3811 3810
f 3811 625 2819
f 3810 2819 624
f 3811 2819 3810
f 990 4505 4523
f 4505 1160 4524
f 4523 4524 1162
f 4505 4524 4523
f 940 4513 3685
f 4513 1161 4509
f 3685 4509 932
f 4513 4509 3685
f 932 4509 3670
f 4509 1161 4510
f 3670 4510 933
f 4509 4510 3670
f 932 3673 3685
f 3673 934 3686
f 3685 3686 940
f 3673 3686 3685
f 933 3674 3670
f 3674 934 3673
f 3670 3673 932
f 3674 3673 3670
f 992 4921 3817
f 4921 1233 4918
f 3817 4918 573
f 4921 4918 3817
f 1233 4920 4918
f 4920 619 2795
f 4918 2795 573
f 4920 2795 4918
f 574 3818 2709
f 3818 992 3817
f 2709 3817 573
f 3818 3817 2709
f 573 2803 2709
f 2803 621 2804
f 2709 2804 574
f 2803 2804 2709
f 573 2795 2803
f 2795 619 2805
f 2803 2805 621
f 2795 2805 2803
f 1166 4550 4549
f 4550 964 3736
f 4549 3736 963
f 4550 3736 4549
f 965 3738 4551
f 3738 964 4550
f 4551 4550 1166
f 3738 4550 4551
f 1166 4552 4551
f 4552 966 3742
f 4551 3742 965
f 4552 3742 4551
f 1165 4545 4553
f 4545 966 4552
f 4553 4552 1166
f 4545 4552 4553
f 74 2241 2223
f 2241 381 2247
f 2223 2247 378
f 2241 2247 2223
f 74 1316 2241
f 1316 81 2243
f 2241 2243 381
f 1316 2243 2241
f 377 2217 2221
f 2217 89 2204
f 2221 2204 375
f 2217 2204 2221
f 375 2207 2221
f 2207 323 2218
f 2221 2218 377
f 2207 2218 2221
f 90 2200 2205
f 2200 374 2208
f 2205 2208 375
f 2200 2208 2205
f 375 2204 2205
f 2204 89 1344
f 2205 1344 90
f 2204 1344 2205
f 375 2208 2206
f 2208 374 2203
f 2206 2203 321
f 2208 2203 2206
f 321 1999 2206
f 1999 323 2207
f 2206 2207 375
f 1999 2207 2206
f 158 1537 1535
f 1537 159 1536
f 1535 1536 157
f 1537 1536 1535
f 157 1529 1535
f 1529 156 1534
f 1535 1534 158
f 1529 1534 1535
f 160 1542 1541
f 1542 159 1537
f 1541 1537 158
f 1542 1537 1541
f 158 1531 1541
f 1531 37 1539
f 1541 1539 160
f 1531 1539 1541
f 38 1256 1532
f 1256 37 1531
f 1532 1531 158
f 1256 1531 1532
f 158 1534 1530
f 1534 156 1524
f 1530 1524 34
f 1534 1524 1530
f 158 1530 1533
f 1530 34 1394
f 1533 1394 110
f 1530 1394 1533
f 110 1397 1533
f 1397 38 1532
f 1533 1532 158
f 1397 1532 1533
f 152 1522 1520
f 1522 155 1523
f 1520 1523 154
f 1522 1523 1520
f 152 1526 1522
f 1526 156 1527
f 1522 1527 155
f 1526 1527 1522
f 152 1520 1517
f 1520 154 1519
f 1517 1519 151
f 1520 1519 1517
f 152 1515 1526
f 1515 35 1525
f 1526 1525 156
f 1515 1525 1526
f 127 1444 1626
f 1444 29 1625
f 1626 1625 188
f 1444 1625 1626
f 127 1447 1444
f 1447 123 1433
f 1444 1433 29
f 1447 1433 1444
f 188 1634 1638
f 1634 191 1640
f 1638 1640 192
f 1634 1640 1638
f 191 1635 1640
f 1635 190 1639
f 1640 1639 192
f 1635 1639 1640
f 209 1684 1686
f 1684 190 1679
f 1686 1679 207
f 1684 1679 1686
f 189 1632 1683
f 1632 190 1684
f 1683 1684 209
f 1632 1684 1683
f 209 1687 1683
f 1687 208 1682
f 1683 1682 189
f 1687 1682 1683
f 207 1681 1686
f 1681 206 1685
f 1686 1685 209
f 1681 1685 1686
f 206 1690 1685
f 1690 211 1692
f 1685 1692 209
f 1690 1692 1685
f 211 1691 1692
f 1691 208 1687
f 1692 1687 209
f 1691 1687 1692
f 614 3180 2787
f 3180 737 3181
f 2787 3181 615
f 3180 3181 2787
f 616 3826 2789
f 3826 995 3825
f 2789 3825 615
f 3826 3825 2789
f 615 3181 2789
f 3181 737 3182
f 2789 3182 616
f 3181 3182 2789
f 1165 4553 4914
f 4553 1166 4915
f 4914 4915 1232
f 4553 4915 4914
f 1232 4915 4916
f 4915 1166 4563
f 4916 4563 1167
f 4915 4563 4916
f 1232 4916 4913
f 4916 1167 4561
f 4913 4561 995
f 4916 4561 4913
f 995 3827 4913
f 3827 994 4912
f 4913 4912 1232
f 3827 4912 4913
f 620 2797 2798
f 2797 578 2791
f 2798 2791 617
f 2797 2791 2798
f 617 4910 3822
f 4910 1232 4912
f 3822 4912 994
f 4910 4912 3822
f 577 3824 2788
f 3824 995 3826
f 2788 3826 616
f 3824 3826 2788
f 577 3821 3824
f 3821 994 3827
f 3824 3827 995
f 3821 3827 3824
f 577 2790 3821
f 2790 617 3822
f 3821 3822 994
f 2790 3822 3821
f 1171 4586 4592
f 4586 888 4590
f 4592 4590 1172
f 4586 4590 4592
f 1172 4902 4592
f 4902 1230 4901
f 4592 4901 1171
f 4902 4901 4592
f 1230 4900 4901
f 4900 1170 4588
f 4901 4588 1171
f 4900 4588 4901
f 926 4587 4577
f 4587 1171 4588
f 4577 4588 1170
f 4587 4588 4577
f 930 3667 3668
f 3667 928 3665
f 3668 3665 929
f 3667 3665 3668
f 929 4580 3668
f 4580 1170 4581
f 3668 4581 930
f 4580 4581 3668
f 928 4579 3665
f 4579 1170 4580
f 3665 4580 929
f 4579 4580 3665
f 1169 4583 4575
f 4583 1170 4582
f 4575 4582 1001
f 4583 4582 4575
f 1001 4906 4575
f 4906 1231 4909
f 4575 4909 1169
f 4906 4909 4575
f 1169 4909 4576
f 4909 1231 4908
f 4576 4908 1168
f 4909 4908 4576
f 930 4581 4570
f 4581 1170 4583
f 4570 4583 1169
f 4581 4583 4570
f 1168 4564 4576
f 4564 937 4574
f 4576 4574 1169
f 4564 4574 4576
f 40 1259 1415
f 1259 41 1416
f 1415 1416 116
f 1259 1416 1415
f 116 1414 1415
f 1414 35 1258
f 1415 1258 40
f 1414 1258 1415
f 35 1515 1258
f 1515 152 1516
f 1258 1516 40
f 1515 1516 1258
f 151 1514 1513
f 1514 41 1259
f 1513 1259 40
f 1514 1259 1513
f 40 1516 1513
f 1516 152 1517
f 1513 1517 151
f 1516 1517 1513
f 162 1544 1545
f 1544 36 1257
f 1545 1257 39
f 1544 1257 1545
f 39 1372 1545
f 1372 101 1546
f 1545 1546 162
f 1372 1546 1545
f 36 1371 1257
f 1371 101 1372
f 1257 1372 39
f 1371 1372 1257
f 165 1573 1576
f 1573 171 1579
f 1576 1579 172
f 1573 1579 1576
f 343 2055 2054
f 2055 342 2052
f 2054 2052 307
f 2055 2052 2054
f 307 2065 2054
f 2065 347 2067
f 2054 2067 343
f 2065 2067 2054
f 343 2067 2076
f 2067 347 2078
f 2076 2078 349
f 2067 2078 2076
f 349 2077 2076
f 2077 344 2060
f 2076 2060 343
f 2077 2060 2076
f 344 2059 2060
f 2059 342 2055
f 2060 2055 343
f 2059 2055 2060
f 82 2209 1322
f 2209 376 2210
f 1322 2210 83
f 2209 2210 1322
f 82 1322 1318
f 1322 83 1321
f 1318 1321 79
f 1322 1321 1318
f 79 1314 1318
f 1314 80 1319
f 1318 1319 82
f 1314 1319 1318
f 82 1319 1320
f 1319 80 1317
f 1320 1317 81
f 1319 1317 1320
f 348 2073 2072
f 2073 347 2068
f 2072 2068 346
f 2073 2068 2072
f 346 2068 2063
f 2068 347 2066
f 2063 2066 310
f 2068 2066 2063
f 346 2063 2062
f 2063 310 1956
f 2062 1956 309
f 2063 1956 2062
f 309 2061 2062
f 2061 345 2064
f 2062 2064 346
f 2061 2064 2062
f 355 2107 2220
f 2107 345 2219
f 2220 2219 377
f 2107 2219 2220
f 377 2218 2220
f 2218 323 2106
f 2220 2106 355
f 2218 2106 2220
f 355 2106 2105
f 2106 323 2000
f 2105 2000 322
f 2106 2000 2105
f 65 2164 1283
f 2164 368 2163
f 1283 2163 64
f 2164 2163 1283
f 64 2163 1280
f 2163 368 2162
f 1280 2162 62
f 2163 2162 1280
f 317 1982 1975
f 1982 318 1979
f 1975 1979 274
f 1982 1979 1975
f 272 1867 1986
f 1867 271 1985
f 1986 1985 319
f 1867 1985 1986
f 319 1983 1986
f 1983 269 1866
f 1986 1866 272
f 1983 1866 1986
f 272 2307 1867
f 2307 397 2306
f 1867 2306 271
f 2307 2306 1867
f 364 2148 2147
f 2148 86 1330
f 2147 1330 63
f 2148 1330 2147
f 63 1278 2153
f 1278 61 2152
f 2153 2152 365
f 1278 2152 2153
f 365 2156 2153
f 2156 364 2147
f 2153 2147 63
f 2156 2147 2153
f 62 1277 1279
f 1277 61 1278
f 1279 1278 63
f 1277 1278 1279
f 63 1281 1279
f 1281 64 1280
f 1279 1280 62
f 1281 1280 1279
f 63 1330 1282
f 1330 86 1331
f 1282 1331 65
f 1330 1331 1282
f 65 1283 1282
f 1283 64 1281
f 1282 1281 63
f 1283 1281 1282
f 1156 4465 4464
f 4465 1094 4130
f 4464 4130 1093
f 4465 4130 4464
f 1093 4128 4464
f 4128 1092 4463
f 4464 4463 1156
f 4128 4463 4464
f 1093 4130 4127
f 4130 1094 4129
f 4127 4129 411
f 4130 4129 4127
f 411 4125 4127
f 4125 1092 4128
f 4127 4128 1093
f 4125 4128 4127
f 411 4120 4123
f 4120 1090 4124
f 4123 4124 1091
f 4120 4124 4123
f 1091 4126 4123
f 4126 1092 4125
f 4123 4125 411
f 4126 4125 4123
f 1091 4124 4462
f 4124 1090 4461
f 4462 4461 1156
f 4124 4461 4462
f 1156 4463 4462
f 4463 1092 4126
f 4462 4126 1091
f 4463 4126 4462
f 1156 4461 4460
f 4461 1090 4122
f 4460 4122 1089
f 4461 4122 4460
f 1089 4119 4460
f 4119 1088 4459
f 4460 4459 1156
f 4119 4459 4460
f 1090 4121 4122
f 4121 445 4118
f 4122 4118 1089
f 4121 4118 4122
f 1089 4118 4119
f 4118 445 4116
f 4119 4116 1088
f 4118 4116 4119
f 1154 4442 4455
f 4442 792 4451
f 4455 4451 1155
f 4442 4451 4455
f 1153 4439 4449
f 4439 806 4443
f 4449 4443 1154
f 4439 4443 4449
f 806 3414 4443
f 3414 792 4442
f 4443 4442 1154
f 3414 4442 4443
f 1155 4474 4454
f 4474 1157 4473
f 4454 4473 1102
f 4474 4473 4454
f 1102 4151 4454
f 4151 1101 4453
f 4454 4453 1155
f 4151 4453 4454
f 444 4147 4149
f 4147 1101 4151
f 4149 4151 1102
f 4147 4151 4149
f 1140 4363 4361
f 4363 1139 4357
f 4361 4357 787
f 4363 4357 4361
f 1139 4356 4357
f 4356 784 3372
f 4357 3372 787
f 4356 3372 4357
f 787 4365 4361
f 4365 1141 4369
f 4361 4369 1140
f 4365 4369 4361
f 786 4364 3373
f 4364 1141 4365
f 3373 4365 787
f 4364 4365 3373
f 787 3406 3373
f 3406 805 3405
f 3373 3405 786
f 3406 3405 3373
f 787 3372 3406
f 3372 784 3403
f 3406 3403 805
f 3372 3403 3406
f 817 3445 4323
f 3445 819 4324
f 4323 4324 1132
f 3445 4324 4323
f 215 1702 1703
f 1702 212 1698
f 1703 1698 213
f 1702 1698 1703
f 213 1695 1703
f 1695 205 1701
f 1703 1701 215
f 1695 1701 1703
f 205 1673 1701
f 1673 204 1700
f 1701 1700 215
f 1673 1700 1701
f 224 1737 1739
f 1737 219 1729
f 1739 1729 222
f 1737 1729 1739
f 204 1669 1670
f 1669 184 1667
f 1670 1667 203
f 1669 1667 1670
f 202 1735 1668
f 1735 224 1736
f 1668 1736 203
f 1735 1736 1668
f 203 1736 1727
f 1736 224 1739
f 1727 1739 222
f 1736 1739 1727
f 93 1454 1351
f 1454 130 1453
f 1351 1453 4
f 1454 1453 1351
f 4 1357 1351
f 1357 95 1359
f 1351 1359 93
f 1357 1359 1351
f 95 1594 1359
f 1594 180 1593
f 1359 1593 93
f 1594 1593 1359
f 3 1452 1500
f 1452 130 1502
f 1500 1502 147
f 1452 1502 1500
f 147 1505 1500
f 1505 148 1503
f 1500 1503 3
f 1505 1503 1500
f 147 1501 1595
f 1501 93 1593
f 1595 1593 180
f 1501 1593 1595
f 130 1454 1502
f 1454 93 1501
f 1502 1501 147
f 1454 1501 1502
f 2 2475 1451
f 2475 458 2477
f 1451 2477 129
f 2475 2477 1451
f 458 2478 2477
f 2478 148 1504
f 2477 1504 129
f 2478 1504 2477
f 129 1450 1451
f 1450 1 1236
f 1451 1236 2
f 1450 1236 1451
f 16 1246 2535
f 1246 15 2534
f 2535 2534 476
f 1246 2534 2535
f 476 2538 2535
f 2538 474 2526
f 2535 2526 16
f 2538 2526 2535
f 477 2539 2540
f 2539 474 2538
f 2540 2538 476
f 2539 2538 2540
f 1202 4727 4725
f 4727 1201 4722
f 4725 4722 1035
f 4727 4722 4725
f 1035 4722 3973
f 4722 1201 4717
f 3973 4717 468
f 4722 4717 3973
f 478 2541 2543
f 2541 474 2539
f 2543 2539 477
f 2541 2539 2543
f 800 3391 3388
f 3391 801 3390
f 3388 3390 795
f 3391 3390 3388
f 1198 4700 4705
f 4700 491 4661
f 4705 4661 1190
f 4700 4661 4705
f 1190 4662 4705
f 4662 801 4702
f 4705 4702 1198
f 4662 4702 4705
f 801 3391 4702
f 3391 800 4701
f 4702 4701 1198
f 3391 4701 4702
f 173 2232 2226
f 2232 379 2234
f 2226 2234 378
f 2232 2234 2226
f 217 2246 1711
f 2246 381 2245
f 1711 2245 199
f 2246 2245 1711
f 217 1709 2246
f 1709 177 2244
f 2246 2244 381
f 1709 2244 2246
f 199 1655 1711
f 1655 198 1710
f 1711 1710 217
f 1655 1710 1711
f 131 1491 1493
f 1491 144 1494
f 1493 1494 145
f 1491 1494 1493
f 131 1456 1457
f 1456 15 1246
f 1457 1246 16
f 1456 1246 1457
f 16 1490 1457
f 1490 144 1491
f 1457 1491 131
f 1490 1491 1457
f 7 2463 2571
f 2463 453 2573
f 2571 2573 489
f 2463 2573 2571
f 489 2572 2571
f 2572 8 1239
f 2571 1239 7
f 2572 1239 2571
f 7 1239 1469
f 1239 8 1470
f 1469 1470 137
f 1239 1470 1469
f 137 1468 1469
f 1468 6 1238
f 1469 1238 7
f 1468 1238 1469
f 7 1238 2463
f 1238 6 2462
f 2463 2462 453
f 1238 2462 2463
f 9 1240 1461
f 1240 10 1462
f 1461 1462 134
f 1240 1462 1461
f 143 1488 1487
f 1488 136 1466
f 1487 1466 9
f 1488 1466 1487
f 485 2562 2561
f 2562 10 1240
f 2561 1240 9
f 2562 1240 2561
f 145 1598 1604
f 1598 181 1606
f 1604 1606 182
f 1598 1606 1604
f 182 1606 1662
f 1606 181 1661
f 1662 1661 201
f 1606 1661 1662
f 201 1665 1662
f 1665 202 1663
f 1662 1663 182
f 1665 1663 1662
f 134 1482 1485
f 1482 141 1486
f 1485 1486 142
f 1482 1486 1485
f 142 1484 1485
f 1484 9 1461
f 1485 1461 134
f 1484 1461 1485
f 143 1487 1489
f 1487 9 1484
f 1489 1484 142
f 1487 1484 1489
f 184 1613 1612
f 1613 143 1489
f 1612 1489 142
f 1613 1489 1612
f 142 1486 1612
f 1486 141 1611
f 1612 1611 184
f 1486 1611 1612
f 11 1242 1477
f 1242 12 1478
f 1477 1478 140
f 1242 1478 1477
f 140 1483 1477
f 1483 141 1481
f 1477 1481 11
f 1483 1481 1477
f 140 1478 1479
f 1478 12 1458
f 1479 1458 132
f 1478 1458 1479
f 132 1476 1479
f 1476 139 1480
f 1479 1480 140
f 1476 1480 1479
f 486 4002 2567
f 4002 1046 4001
f 2567 4001 485
f 4002 4001 2567
f 485 2579 2567
f 2579 491 2580
f 2567 2580 486
f 2579 2580 2567
f 486 4699 4002
f 4699 1198 4704
f 4002 4704 1046
f 4699 4704 4002
f 491 4700 2580
f 4700 1198 4699
f 2580 4699 486
f 4700 4699 2580
f 1190 4661 4664
f 4661 491 4004
f 4664 4004 1047
f 4661 4004 4664
f 1047 4004 4009
f 4004 491 4008
f 4009 4008 1048
f 4004 4008 4009
f 1049 4653 4012
f 4653 1188 4652
f 4012 4652 1048
f 4653 4652 4012
f 1048 4007 4012
f 4007 490 4011
f 4012 4011 1049
f 4007 4011 4012
f 463 2501 2502
f 2501 468 2503
f 2502 2503 469
f 2501 2503 2502
f 468 3967 2503
f 3967 1034 3968
f 2503 3968 469
f 3967 3968 2503
f 469 3968 2517
f 3968 1034 3969
f 2517 3969 471
f 3968 3969 2517
f 469 2516 2502
f 2516 470 2513
f 2502 2513 463
f 2516 2513 2502
f 469 2517 2516
f 2517 471 2518
f 2516 2518 470
f 2517 2518 2516
f 1191 4665 4669
f 4665 802 4663
f 4669 4663 1190
f 4665 4663 4669
f 1188 4650 4668
f 4650 802 4665
f 4668 4665 1191
f 4650 4665 4668
f 1048 4652 4667
f 4652 1188 4668
f 4667 4668 1191
f 4652 4668 4667
f 1190 4664 4669
f 4664 1047 4666
f 4669 4666 1191
f 4664 4666 4669
f 1191 4666 4667
f 4666 1047 4009
f 4667 4009 1048
f 4666 4009 4667
f 956 3720 3724
f 3720 957 3725
f 3724 3725 960
f 3720 3725 3724
f 960 3728 3724
f 3728 961 3727
f 3724 3727 956
f 3728 3727 3724
f 1164 4537 4536
f 4537 957 3720
f 4536 3720 956
f 4537 3720 4536
f 956 3727 4536
f 3727 961 4539
f 4536 4539 1164
f 3727 4539 4536
f 958 3722 4538
f 3722 957 4537
f 4538 4537 1164
f 3722 4537 4538
f 1164 4534 4538
f 4534 950 3721
f 4538 3721 958
f 4534 3721 4538
f 958 3721 3722
f 3721 950 3718
f 3722 3718 957
f 3721 3718 3722
f 550 3907 3900
f 3907 1017 3909
f 3900 3909 1015
f 3907 3909 3900
f 1017 4856 3909
f 4856 1223 4855
f 3909 4855 1015
f 4856 4855 3909
f 913 3649 3623
f 3649 921 3648
f 3623 3648 911
f 3649 3648 3623
f 911 3648 3619
f 3648 921 3647
f 3619 3647 890
f 3648 3647 3619
f 911 3620 3621
f 3620 892 3583
f 3621 3583 893
f 3620 3583 3621
f 911 3622 3623
f 3622 912 3624
f 3623 3624 913
f 3622 3624 3623
f 911 3621 4263
f 3621 893 4262
f 4263 4262 1124
f 3621 4262 4263
f 1124 4265 4263
f 4265 1123 4253
f 4263 4253 911
f 4265 4253 4263
f 1123 4254 4253
f 4254 912 3622
f 4253 3622 911
f 4254 3622 4253
f 891 3582 3580
f 3582 892 3581
f 3580 3581 858
f 3582 3581 3580
f 858 3618 3574
f 3618 911 3619
f 3574 3619 890
f 3618 3619 3574
f 892 3620 3581
f 3620 911 3618
f 3581 3618 858
f 3620 3618 3581
f 1124 4260 4259
f 4260 891 3580
f 4259 3580 858
f 4260 3580 4259
f 1125 4280 4272
f 4280 1124 4259
f 4272 4259 858
f 4280 4259 4272
f 858 3513 4272
f 3513 857 4271
f 4272 4271 1125
f 3513 4271 4272
f 845 3548 3492
f 3548 879 3547
f 3492 3547 821
f 3548 3547 3492
f 837 3477 3474
f 3477 838 3476
f 3474 3476 836
f 3477 3476 3474
f 836 3470 3471
f 3470 832 3466
f 3471 3466 833
f 3470 3466 3471
f 1159 4488 4487
f 4488 837 3474
f 4487 3474 836
f 4488 3474 4487
f 836 3473 4487
f 3473 835 4486
f 4487 4486 1159
f 3473 4486 4487
f 828 3465 3469
f 3465 832 3470
f 3469 3470 836
f 3465 3470 3469
f 836 3476 3469
f 3476 838 3475
f 3469 3475 828
f 3476 3475 3469
f 833 3467 3471
f 3467 834 3472
f 3471 3472 836
f 3467 3472 3471
f 834 3468 3472
f 3468 835 3473
f 3472 3473 836
f 3468 3473 3472
f 554 4859 2684
f 4859 1224 4860
f 2684 4860 555
f 4859 4860 2684
f 523 2682 2683
f 2682 554 2684
f 2683 2684 555
f 2682 2684 2683
f 916 3631 4229
f 3631 915 4228
f 4229 4228 1120
f 3631 4228 4229
f 1120 4230 4229
f 4230 917 3633
f 4229 3633 916
f 4230 3633 4229
f 916 3633 3631
f 3633 917 3632
f 3631 3632 915
f 3633 3632 3631
f 918 4224 3635
f 4224 1119 4220
f 3635 4220 894
f 4224 4220 3635
f 1118 4226 4217
f 4226 1119 4225
f 4217 4225 1011
f 4226 4225 4217
f 543 2661 3883
f 2661 515 3881
f 3883 3881 1011
f 2661 3881 3883
f 1011 4849 3883
f 4849 1222 4848
f 3883 4848 543
f 4849 4848 3883
f 1119 4851 4225
f 4851 1222 4849
f 4225 4849 1011
f 4851 4849 4225
f 1011 4842 4217
f 4842 1221 4847
f 4217 4847 1118
f 4842 4847 4217
f 862 3517 3518
f 3517 860 3516
f 3518 3516 861
f 3517 3516 3518
f 862 3641 3517
f 3641 919 3640
f 3517 3640 860
f 3641 3640 3517
f 862 3518 4214
f 3518 861 4213
f 4214 4213 1118
f 3518 4213 4214
f 1118 4215 4214
f 4215 919 3641
f 4214 3641 862
f 4215 3641 4214
f 762 3284 3285
f 3284 186 1740
f 3285 1740 225
f 3284 1740 3285
f 225 3322 3285
f 3322 769 3325
f 3285 3325 762
f 3322 3325 3285
f 762 3283 3284
f 3283 135 1619
f 3284 1619 186
f 3283 1619 3284
f 762 3286 3283
f 3286 673 2979
f 3283 2979 135
f 3286 2979 3283
f 762 3287 3286
f 3287 749 3228
f 3286 3228 673
f 3287 3228 3286
f 762 3325 3287
f 3325 769 3323
f 3287 3323 749
f 3325 3323 3287
f 594 3241 2726
f 3241 752 3242
f 2726 3242 595
f 3241 3242 2726
f 594 2726 2722
f 2726 595 2725
f 2722 2725 586
f 2726 2725 2722
f 586 2717 2722
f 2717 591 2723
f 2722 2723 594
f 2717 2723 2722
f 1214 4792 4791
f 4792 969 3750
f 4791 3750 968
f 4792 3750 4791
f 968 3746 4791
f 3746 591 4790
f 4791 4790 1214
f 3746 4790 4791
f 744 3209 3206
f 3209 600 2735
f 3206 2735 596
f 3209 2735 3206
f 735 3170 3171
f 3170 103 1389
f 3171 1389 108
f 3170 1389 3171
f 735 3173 3170
f 3173 600 2734
f 3170 2734 103
f 3173 2734 3170
f 108 2738 3171
f 2738 601 3174
f 3171 3174 735
f 2738 3174 3171
f 278 1877 1876
f 1877 277 1874
f 1876 1874 265
f 1877 1874 1876
f 402 2328 2324
f 2328 403 2326
f 2324 2326 265
f 2328 2326 2324
f 265 2326 1876
f 2326 403 2327
f 1876 2327 278
f 2326 2327 1876
f 265 2288 2324
f 2288 392 2325
f 2324 2325 402
f 2288 2325 2324
f 265 1874 2288
f 1874 277 2290
f 2288 2290 392
f 1874 2290 2288
f 263 2329 2333
f 2329 404 2336
f 2333 2336 405
f 2329 2336 2333
f 405 2334 2333
f 2334 279 1878
f 2333 1878 263
f 2334 1878 2333
f 263 1878 2329
f 1878 279 2331
f 2329 2331 404
f 1878 2331 2329
f 435 4079 4059
f 4079 1074 4080
f 4059 4080 1067
f 4079 4080 4059
f 411 4135 2349
f 4135 1097 4136
f 2349 4136 412
f 4135 4136 2349
f 1135 4345 4340
f 4345 1136 4344
f 4340 4344 1098
f 4345 4344 4340
f 1136 4343 4344
f 4343 1081 4140
f 4344 4140 1098
f 4343 4140 4344
f 1098 4141 4340
f 4141 1097 4339
f 4340 4339 1135
f 4141 4339 4340
f 1098 4138 4141
f 4138 412 4136
f 4141 4136 1097
f 4138 4136 4141
f 1138 4360 4353
f 4360 1139 4358
f 4353 4358 1078
f 4360 4358 4353
f 1078 4104 4353
f 4104 1082 4354
f 4353 4354 1138
f 4104 4354 4353
f 1139 4359 4358
f 4359 1079 4094
f 4358 4094 1078
f 4359 4094 4358
f 98 1860 1992
f 1860 268 1994
f 1992 1994 321
f 1860 1994 1992
f 98 1858 1860
f 1858 262 1861
f 1860 1861 268
f 1858 1861 1860
f 391 2346 2438
f 2346 410 2439
f 2438 2439 446
f 2346 2439 2438
f 446 2436 2438
f 2436 26 2284
f 2438 2284 391
f 2436 2284 2438
f 391 2284 2286
f 2284 26 1366
f 2286 1366 99
f 2284 1366 2286
f 1032 3963 3962
f 3963 467 2498
f 3962 2498 465
f 3963 2498 3962
f 465 2494 3962
f 2494 464 3961
f 3962 3961 1032
f 2494 3961 3962
f 467 2497 2498
f 2497 448 2493
f 2498 2493 465
f 2497 2493 2498
f 470 2514 2515
f 2514 464 2494
f 2515 2494 465
f 2514 2494 2515
f 465 2493 2515
f 2493 448 2511
f 2515 2511 470
f 2493 2511 2515
f 1103 4152 4154
f 4152 408 4142
f 4154 4142 1099
f 4152 4142 4154
f 1099 4144 4441
f 4144 1031 4440
f 4441 4440 1153
f 4144 4440 4441
f 1153 4449 4441
f 4449 1154 4444
f 4441 4444 1099
f 4449 4444 4441
f 1099 4444 4154
f 4444 1154 4446
f 4154 4446 1103
f 4444 4446 4154
f 466 3960 2496
f 3960 1031 3959
f 2496 3959 450
f 3960 3959 2496
f 450 2450 2496
f 2450 448 2495
f 2496 2495 466
f 2450 2495 2496
f 447 2444 2459
f 2444 410 2458
f 2459 2458 451
f 2444 2458 2459
f 447 2447 2444
f 2447 448 2446
f 2444 2446 410
f 2447 2446 2444
f 447 2459 2510
f 2459 451 2512
f 2510 2512 470
f 2459 2512 2510
f 470 2511 2510
f 2511 448 2447
f 2510 2447 447
f 2511 2447 2510
f 523 2636 2915
f 2636 522 2914
f 2915 2914 655
f 2636 2914 2915
f 655 2917 2915
f 2917 647 2893
f 2915 2893 523
f 2917 2893 2915
f 655 2914 2916
f 2914 522 2641
f 2916 2641 527
f 2914 2641 2916
f 527 2894 2916
f 2894 647 2917
f 2916 2917 655
f 2894 2917 2916
f 557 2689 2688
f 2689 554 2682
f 2688 2682 523
f 2689 2682 2688
f 523 2690 2688
f 2690 558 2691
f 2688 2691 557
f 2690 2691 2688
f 1125 4266 4267
f 4266 554 2689
f 4267 2689 557
f 4266 2689 4267
f 557 2691 4267
f 2691 558 4268
f 4267 4268 1125
f 2691 4268 4267
f 523 2638 2692
f 2638 525 2693
f 2692 2693 559
f 2638 2693 2692
f 559 2694 2692
f 2694 558 2690
f 2692 2690 523
f 2694 2690 2692
f 525 2925 2993
f 2925 657 2997
f 2993 2997 684
f 2925 2997 2993
f 1004 3856 3854
f 3856 682 2988
f 3854 2988 544
f 3856 2988 3854
f 519 2630 2633
f 2630 517 2632
f 2633 2632 520
f 2630 2632 2633
f 520 2635 2633
f 2635 521 2634
f 2633 2634 519
f 2635 2634 2633
f 520 2675 2635
f 2675 551 2676
f 2635 2676 521
f 2675 2676 2635
f 1004 3855 3853
f 3855 551 2675
f 3853 2675 520
f 3855 2675 3853
f 520 2987 3853
f 2987 682 3856
f 3853 3856 1004
f 2987 3856 3853
f 233 2837 1773
f 2837 631 2836
f 1773 2836 232
f 2837 2836 1773
f 240 1793 1792
f 1793 233 1773
f 1792 1773 232
f 1793 1773 1792
f 295 1919 1918
f 1919 51 1268
f 1918 1268 50
f 1919 1268 1918
f 48 1934 1270
f 1934 300 1936
f 1270 1936 54
f 1934 1936 1270
f 300 1935 1936
f 1935 53 1271
f 1936 1271 54
f 1935 1271 1936
f 54 1810 1270
f 1810 245 1808
f 1270 1808 48
f 1810 1808 1270
f 54 1271 1810
f 1271 53 1809
f 1810 1809 245
f 1271 1809 1810
f 539 3873 3878
f 3873 1009 3880
f 3878 3880 1010
f 3873 3880 3878
f 512 2623 2621
f 2623 513 2622
f 2621 2622 511
f 2623 2622 2621
f 511 2618 2621
f 2618 509 2620
f 2621 2620 512
f 2618 2620 2621
f 510 2617 2619
f 2617 509 2618
f 2619 2618 511
f 2617 2618 2619
f 1027 3953 3943
f 3953 1029 3951
f 3943 3951 679
f 3953 3951 3943
f 697 3047 3333
f 3047 698 3334
f 3333 3334 771
f 3047 3334 3333
f 771 3332 3333
f 3332 695 3044
f 3333 3044 697
f 3332 3044 3333
f 771 3334 3330
f 3334 698 3046
f 3330 3046 677
f 3334 3046 3330
f 677 2983 3330
f 2983 678 3331
f 3330 3331 771
f 2983 3331 3330
f 1028 3948 3949
f 3948 695 3332
f 3949 3332 771
f 3948 3332 3949
f 771 3331 3949
f 3331 678 3947
f 3949 3947 1028
f 3331 3947 3949
f 338 2041 2040
f 2041 337 2039
f 2040 2039 336
f 2041 2039 2040
f 252 1828 1832
f 1828 58 1824
f 1832 1824 251
f 1828 1824 1832
f 250 1822 1831
f 1822 238 1830
f 1831 1830 252
f 1822 1830 1831
f 252 1832 1831
f 1832 251 1826
f 1831 1826 250
f 1832 1826 1831
f 327 2017 2011
f 2017 329 2015
f 2011 2015 312
f 2017 2015 2011
f 329 3348 2015
f 3348 774 3346
f 2015 3346 312
f 3348 3346 2015
f 312 1959 2011
f 1959 259 2009
f 2011 2009 327
f 1959 2009 2011
f 312 1960 1959
f 1960 260 1852
f 1959 1852 259
f 1960 1852 1959
f 312 1961 1960
f 1961 311 1958
f 1960 1958 260
f 1961 1958 1960
f 288 1903 1914
f 1903 290 1915
f 1914 1915 293
f 1903 1915 1914
f 289 1904 1899
f 1904 290 1903
f 1899 1903 288
f 1904 1903 1899
f 358 2120 2119
f 2120 289 1899
f 2119 1899 288
f 2120 1899 2119
f 298 1928 1929
f 1928 293 1921
f 1929 1921 295
f 1928 1921 1929
f 298 1930 1928
f 1930 296 1922
f 1928 1922 293
f 1930 1922 1928
f 298 1933 2130
f 1933 299 2131
f 2130 2131 360
f 1933 2131 2130
f 360 2135 2130
f 2135 359 2126
f 2130 2126 298
f 2135 2126 2130
f 359 2125 2126
f 2125 296 1930
f 2126 1930 298
f 2125 1930 2126
f 943 4567 3703
f 4567 1168 4568
f 3703 4568 947
f 4567 4568 3703
f 947 3702 3703
f 3702 942 3692
f 3703 3692 943
f 3702 3692 3703
f 943 3692 4567
f 3692 942 4566
f 4567 4566 1168
f 3692 4566 4567
f 941 3689 4565
f 3689 937 4564
f 4565 4564 1168
f 3689 4564 4565
f 1168 4566 4565
f 4566 942 3691
f 4565 3691 941
f 4566 3691 4565
f 941 3691 3689
f 3691 942 3690
f 3689 3690 937
f 3691 3690 3689
f 623 2818 2811
f 2818 625 2817
f 2811 2817 567
f 2818 2817 2811
f 625 3811 2817
f 3811 990 3808
f 2817 3808 567
f 3811 3808 2817
f 568 4917 2708
f 4917 1233 4919
f 2708 4919 574
f 4917 4919 2708
f 1161 4922 4507
f 4922 1233 4917
f 4507 4917 568
f 4922 4917 4507
f 570 2802 2812
f 2802 621 2815
f 2812 2815 623
f 2802 2815 2812
f 570 2704 2802
f 2704 569 2801
f 2802 2801 621
f 2704 2801 2802
f 1162 4525 4516
f 4525 1161 4508
f 4516 4508 570
f 4525 4508 4516
f 947 4554 3704
f 4554 1167 4555
f 3704 4555 948
f 4554 4555 3704
f 955 3716 4559
f 3716 954 4558
f 4559 4558 1167
f 3716 4558 4559
f 955 3733 3713
f 3733 963 3732
f 3713 3732 947
f 3733 3732 3713
f 947 3704 3713
f 3704 948 3714
f 3713 3714 955
f 3704 3714 3713
f 75 1305 1341
f 1305 71 1339
f 1341 1339 89
f 1305 1339 1341
f 75 1307 2224
f 1307 74 2223
f 2224 2223 378
f 1307 2223 2224
f 30 1252 1377
f 1252 31 1378
f 1377 1378 105
f 1252 1378 1377
f 1167 4907 4562
f 4907 1231 4904
f 4562 4904 999
f 4907 4904 4562
f 995 4561 3840
f 4561 1167 4562
f 3840 4562 999
f 4561 4562 3840
f 618 3185 2799
f 3185 738 3186
f 2799 3186 620
f 3185 3186 2799
f 620 2798 2799
f 2798 617 2794
f 2799 2794 618
f 2798 2794 2799
f 616 3184 2793
f 3184 738 3185
f 2793 3185 618
f 3184 3185 2793
f 618 2792 2793
f 2792 577 2788
f 2793 2788 616
f 2792 2788 2793
f 617 2790 2794
f 2790 577 2792
f 2794 2792 618
f 2790 2792 2794
f 993 3820 3819
f 3820 617 2791
f 3819 2791 578
f 3820 2791 3819
f 993 4540 4546
f 4540 1164 4547
f 4546 4547 1165
f 4540 4547 4546
f 993 3819 4540
f 3819 578 4532
f 4540 4532 1164
f 3819 4532 4540
f 1165 4914 4546
f 4914 1232 4911
f 4546 4911 993
f 4914 4911 4546
f 1232 4910 4911
f 4910 617 3820
f 4911 3820 993
f 4910 3820 4911
f 855 3661 3567
f 3661 928 3662
f 3567 3662 888
f 3661 3662 3567
f 855 3658 3661
f 3658 926 3663
f 3661 3663 928
f 3658 3663 3661
f 1171 4587 4585
f 4587 926 3658
f 4585 3658 855
f 4587 3658 4585
f 927 4578 3664
f 4578 1170 4579
f 3664 4579 928
f 4578 4579 3664
f 928 3663 3664
f 3663 926 3659
f 3664 3659 927
f 3663 3659 3664
f 927 3659 4578
f 3659 926 4577
f 4578 4577 1170
f 3659 4577 4578
f 931 3676 3669
f 3676 935 3675
f 3669 3675 930
f 3676 3675 3669
f 930 4570 3669
f 4570 1169 4571
f 3669 4571 931
f 4570 4571 3669
f 931 4571 3676
f 4571 1169 4572
f 3676 4572 935
f 4571 4572 3676
f 937 3680 3681
f 3680 935 3677
f 3681 3677 936
f 3680 3677 3681
f 936 4573 3681
f 4573 1169 4574
f 3681 4574 937
f 4573 4574 3681
f 935 4572 3677
f 4572 1169 4573
f 3677 4573 936
f 4572 4573 3677
f 166 1760 1558
f 1760 229 1759
f 1558 1759 164
f 1760 1759 1558
f 164 1557 1558
f 1557 165 1559
f 1558 1559 166
f 1557 1559 1558
f 165 1576 1559
f 1576 172 1577
f 1559 1577 166
f 1576 1577 1559
f 171 1574 1575
f 1574 169 1570
f 1575 1570 170
f 1574 1570 1575
f 170 1578 1575
f 1578 172 1579
f 1575 1579 171
f 1578 1579 1575
f 168 1631 1629
f 1631 190 1632
f 1629 1632 189
f 1631 1632 1629
f 169 1565 1568
f 1565 31 1563
f 1568 1563 168
f 1565 1563 1568
f 168 1569 1568
f 1569 170 1570
f 1568 1570 169
f 1569 1570 1568
f 32 1566 1571
f 1566 169 1574
f 1571 1574 171
f 1566 1574 1571
f 32 1571 1379
f 1571 171 1572
f 1379 1572 105
f 1571 1572 1379
f 377 2222 2216
f 2222 376 2212
f 2216 2212 88
f 2222 2212 2216
f 88 1342 2216
f 1342 89 2217
f 2216 2217 377
f 1342 2217 2216
f 354 2108 2101
f 2108 355 2105
f 2101 2105 322
f 2108 2105 2101
f 354 2101 2104
f 2101 322 2071
f 2104 2071 348
f 2101 2071 2104
f 348 2072 2104
f 2072 346 2103
f 2104 2103 354
f 2072 2103 2104
f 354 2103 2102
f 2103 346 2064
f 2102 2064 345
f 2103 2064 2102
f 345 2107 2102
f 2107 355 2108
f 2102 2108 354
f 2107 2108 2102
f 399 2315 2389
f 2315 398 2388
f 2389 2388 427
f 2315 2388 2389
f 399 2314 2315
f 2314 276 2311
f 2315 2311 398
f 2314 2311 2315
f 392 2290 2289
f 2290 277 1875
f 2289 1875 273
f 2290 1875 2289
f 273 1875 1974
f 1875 277 1976
f 1974 1976 317
f 1875 1976 1974
f 317 1975 1974
f 1975 274 1869
f 1974 1869 273
f 1975 1869 1974
f 318 1981 1980
f 1981 276 1873
f 1980 1873 275
f 1981 1873 1980
f 275 1871 1980
f 1871 274 1979
f 1980 1979 318
f 1871 1979 1980
f 276 2314 1873
f 2314 399 2313
f 1873 2313 275
f 2314 2313 1873
f 400 2318 2319
f 2318 275 2313
f 2319 2313 399
f 2318 2313 2319
f 427 2391 2390
f 2391 422 2374
f 2390 2374 400
f 2391 2374 2390
f 400 2319 2390
f 2319 399 2389
f 2390 2389 427
f 2319 2389 2390
f 397 2307 2309
f 2307 272 2303
f 2309 2303 396
f 2307 2303 2309
f 438 2417 2416
f 2417 397 2309
f 2416 2309 396
f 2417 2309 2416
f 396 2303 2302
f 2303 272 1866
f 2302 1866 269
f 2303 1866 2302
f 269 1862 2302
f 1862 267 2301
f 2302 2301 396
f 1862 2301 2302
f 395 2299 2297
f 2299 268 1859
f 2297 1859 23
f 2299 1859 2297
f 395 2304 2298
f 2304 396 2301
f 2298 2301 267
f 2304 2301 2298
f 395 2300 2299
f 2300 269 1863
f 2299 1863 268
f 2300 1863 2299
f 395 2298 2300
f 2298 267 1862
f 2300 1862 269
f 2298 1862 2300
f 438 2416 2415
f 2416 396 2304
f 2415 2304 395
f 2416 2304 2415
f 1155 4453 4452
f 4453 1101 4148
f 4452 4148 1100
f 4453 4148 4452
f 1100 4445 4452
f 4445 1154 4455
f 4452 4455 1155
f 4445 4455 4452
f 1100 4158 4445
f 4158 1105 4448
f 4445 4448 1154
f 4158 4448 4445
f 1100 4148 4146
f 4148 1101 4147
f 4146 4147 444
f 4148 4147 4146
f 1100 4146 4145
f 4146 444 2432
f 4145 2432 409
f 4146 2432 4145
f 409 4157 4145
f 4157 1105 4158
f 4145 4158 1100
f 4157 4158 4145
f 1084 4108 4107
f 4108 445 2435
f 4107 2435 444
f 4108 2435 4107
f 1133 4328 4329
f 4328 817 4323
f 4329 4323 1132
f 4328 4323 4329
f 1133 4783 4333
f 4783 1212 4784
f 4333 4784 1134
f 4783 4784 4333
f 1132 4782 4329
f 4782 1212 4783
f 4329 4783 1133
f 4782 4783 4329
f 813 3430 3444
f 3430 812 3443
f 3444 3443 819
f 3430 3443 3444
f 819 3445 3444
f 3445 817 3440
f 3444 3440 813
f 3445 3440 3444
f 817 4328 3440
f 4328 1133 4327
f 3440 4327 813
f 4328 4327 3440
f 813 4327 4330
f 4327 1133 4333
f 4330 4333 1134
f 4327 4333 4330
f 1134 4331 4330
f 4331 814 3434
f 4330 3434 813
f 4331 3434 4330
f 814 3433 3434
f 3433 812 3430
f 3434 3430 813
f 3433 3430 3434
f 222 1734 1728
f 1734 223 1732
f 1728 1732 216
f 1734 1732 1728
f 216 1708 1706
f 1708 215 1700
f 1706 1700 204
f 1708 1700 1706
f 204 1670 1706
f 1670 203 1705
f 1706 1705 216
f 1670 1705 1706
f 216 1705 1728
f 1705 203 1727
f 1728 1727 222
f 1705 1727 1728
f 227 1757 1748
f 1757 228 1756
f 1748 1756 214
f 1757 1756 1748
f 214 1731 1748
f 1731 223 1750
f 1748 1750 227
f 1731 1750 1748
f 228 1755 1756
f 1755 212 1699
f 1756 1699 214
f 1755 1699 1756
f 212 1702 1699
f 1702 215 1704
f 1699 1704 214
f 1702 1704 1699
f 214 1707 1731
f 1707 216 1732
f 1731 1732 223
f 1707 1732 1731
f 215 1708 1704
f 1708 216 1707
f 1704 1707 214
f 1708 1707 1704
f 219 1737 1726
f 1737 224 1738
f 1726 1738 221
f 1737 1738 1726
f 221 1722 1726
f 1722 198 1718
f 1726 1718 219
f 1722 1718 1726
f 221 1724 1723
f 1724 202 1665
f 1723 1665 201
f 1724 1665 1723
f 221 1738 1724
f 1738 224 1735
f 1724 1735 202
f 1738 1735 1724
f 149 1507 1508
f 1507 129 1504
f 1508 1504 148
f 1507 1504 1508
f 1 1450 1506
f 1450 129 1507
f 1506 1507 149
f 1450 1507 1506
f 14 2533 1244
f 2533 476 2534
f 1244 2534 15
f 2533 2534 1244
f 456 2537 2470
f 2537 476 2533
f 2470 2533 14
f 2537 2533 2470
f 14 1455 1492
f 1455 131 1493
f 1492 1493 145
f 1455 1493 1492
f 15 1456 1244
f 1456 131 1455
f 1244 1455 14
f 1456 1455 1244
f 132 1458 1459
f 1458 12 1243
f 1459 1243 13
f 1458 1243 1459
f 477 2540 2556
f 2540 476 2555
f 2556 2555 483
f 2540 2555 2556
f 1202 4725 4726
f 4725 1035 3976
f 4726 3976 1036
f 4725 3976 4726
f 462 2500 2492
f 2500 468 2501
f 2492 2501 463
f 2500 2501 2492
f 462 3972 2500
f 3972 1035 3973
f 2500 3973 468
f 3972 3973 2500
f 475 2531 2532
f 2531 473 2530
f 2532 2530 474
f 2531 2530 2532
f 474 2541 2532
f 2541 478 2542
f 2532 2542 475
f 2541 2542 2532
f 809 4712 4673
f 4712 1200 4715
f 4673 4715 1193
f 4712 4715 4673
f 1039 3984 3983
f 3984 478 2543
f 3983 2543 477
f 3984 2543 3983
f 1039 4714 3984
f 4714 1200 4710
f 3984 4710 478
f 4714 4710 3984
f 1193 4715 4674
f 4715 1200 4714
f 4674 4714 1039
f 4715 4714 4674
f 378 2228 2227
f 2228 177 1588
f 2227 1588 176
f 2228 1588 2227
f 176 1586 2227
f 1586 173 2226
f 2227 2226 378
f 1586 2226 2227
f 176 1588 1590
f 1588 177 1591
f 1590 1591 178
f 1588 1591 1590
f 380 2240 2239
f 2240 379 2233
f 2239 2233 200
f 2240 2233 2239
f 379 2232 2233
f 2232 173 1656
f 2233 1656 200
f 2232 1656 2233
f 200 1658 2239
f 1658 180 2238
f 2239 2238 380
f 1658 2238 2239
f 218 1716 1714
f 1716 217 1710
f 1714 1710 198
f 1716 1710 1714
f 198 1722 1714
f 1722 221 1725
f 1714 1725 218
f 1722 1725 1714
f 178 1591 1713
f 1591 177 1712
f 1713 1712 218
f 1591 1712 1713
f 177 1709 1712
f 1709 217 1716
f 1712 1716 218
f 1709 1716 1712
f 201 1660 1715
f 1660 178 1713
f 1715 1713 218
f 1660 1713 1715
f 218 1725 1715
f 1725 221 1723
f 1715 1723 201
f 1725 1723 1715
f 137 1470 1471
f 1470 8 1460
f 1471 1460 133
f 1470 1460 1471
f 133 1467 1471
f 1467 136 1472
f 1471 1472 137
f 1467 1472 1471
f 202 1668 1664
f 1668 203 1666
f 1664 1666 183
f 1668 1666 1664
f 183 1610 1664
f 1610 182 1663
f 1664 1663 202
f 1610 1663 1664
f 183 1666 1614
f 1666 203 1667
f 1614 1667 184
f 1666 1667 1614
f 184 1611 1614
f 1611 141 1609
f 1614 1609 183
f 1611 1609 1614
f 141 1483 1609
f 1483 140 1608
f 1609 1608 183
f 1483 1608 1609
f 139 1603 1607
f 1603 182 1610
f 1607 1610 183
f 1603 1610 1607
f 183 1608 1607
f 1608 140 1480
f 1607 1480 139
f 1608 1480 1607
f 145 1604 1499
f 1604 182 1605
f 1499 1605 146
f 1604 1605 1499
f 146 1605 1498
f 1605 182 1603
f 1498 1603 139
f 1605 1603 1498
f 146 1498 1497
f 1498 139 1476
f 1497 1476 132
f 1498 1476 1497
f 146 1496 1499
f 1496 14 1492
f 1499 1492 145
f 1496 1492 1499
f 456 2470 2471
f 2470 14 1496
f 2471 1496 146
f 2470 1496 2471
f 132 1459 1497
f 1459 13 1495
f 1497 1495 146
f 1459 1495 1497
f 488 4010 2577
f 4010 1049 4011
f 2577 4011 490
f 4010 4011 2577
f 488 2577 2576
f 2577 490 2578
f 2576 2578 489
f 2577 2578 2576
f 488 2568 4016
f 2568 487 4015
f 4016 4015 1051
f 2568 4015 4016
f 488 2576 2568
f 2576 489 2575
f 2568 2575 487
f 2576 2575 2568
f 550 3900 2674
f 3900 1015 3899
f 2674 3899 549
f 3900 3899 2674
f 549 2670 2674
f 2670 524 2672
f 2674 2672 550
f 2670 2672 2674
f 548 4854 2669
f 4854 1223 4853
f 2669 4853 547
f 4854 4853 2669
f 548 3898 4854
f 3898 1015 4855
f 4854 4855 1223
f 3898 4855 4854
f 548 2671 3898
f 2671 549 3899
f 3898 3899 1015
f 2671 3899 3898
f 548 2669 2668
f 2669 547 2666
f 2668 2666 524
f 2669 2666 2668
f 524 2670 2668
f 2670 549 2671
f 2668 2671 548
f 2670 2671 2668
f 857 3513 3511
f 3513 858 3512
f 3511 3512 856
f 3513 3512 3511
f 856 3512 3573
f 3512 858 3574
f 3573 3574 890
f 3512 3574 3573
f 1125 4271 4270
f 4271 857 3511
f 4270 3511 856
f 4271 3511 4270
f 856 3573 4270
f 3573 890 4277
f 4270 4277 1125
f 3573 4277 4270
f 1125 4277 4276
f 4277 890 3579
f 4276 3579 889
f 4277 3579 4276
f 889 3570 4276
f 3570 881 4275
f 4276 4275 1125
f 3570 4275 4276
f 890 3578 3579
f 3578 881 3570
f 3579 3570 889
f 3578 3570 3579
f 890 3576 3577
f 3576 879 3550
f 3577 3550 880
f 3576 3550 3577
f 880 3551 3577
f 3551 881 3578
f 3577 3578 890
f 3551 3578 3577
f 880 3550 4274
f 3550 879 4273
f 4274 4273 1125
f 3550 4273 4274
f 1125 4275 4274
f 4275 881 3551
f 4274 3551 880
f 4275 3551 4274
f 1126 4289 4288
f 4289 845 3494
f 4288 3494 844
f 4289 3494 4288
f 1125 4273 4269
f 4273 879 3549
f 4269 3549 846
f 4273 3549 4269
f 879 3548 3549
f 3548 845 3495
f 3549 3495 846
f 3548 3495 3549
f 1126 4294 4290
f 4294 1125 4269
f 4290 4269 846
f 4294 4269 4290
f 846 3495 4290
f 3495 845 4289
f 4290 4289 1126
f 3495 4289 4290
f 556 2687 4861
f 2687 555 4860
f 4861 4860 1224
f 2687 4860 4861
f 1018 3911 3912
f 3911 553 2686
f 3912 2686 556
f 3911 2686 3912
f 556 4861 3912
f 4861 1224 4862
f 3912 4862 1018
f 4861 4862 3912
f 556 2686 2685
f 2686 553 2680
f 2685 2680 523
f 2686 2680 2685
f 523 2683 2685
f 2683 555 2687
f 2685 2687 556
f 2683 2687 2685
f 859 3634 3584
f 3634 918 3636
f 3584 3636 895
f 3634 3636 3584
f 918 3635 3636
f 3635 894 3585
f 3636 3585 895
f 3635 3585 3636
f 895 3587 3584
f 3587 896 3586
f 3584 3586 859
f 3587 3586 3584
f 895 4221 3587
f 4221 1119 4222
f 3587 4222 896
f 4221 4222 3587
f 895 3585 4221
f 3585 894 4220
f 4221 4220 1119
f 3585 4220 4221
f 1221 4842 4841
f 4842 1011 3882
f 4841 3882 542
f 4842 3882 4841
f 1012 4843 3887
f 4843 1221 4841
f 3887 4841 542
f 4843 4841 3887
f 542 2660 3887
f 2660 516 3886
f 3887 3886 1012
f 2660 3886 3887
f 592 2724 2718
f 2724 594 2723
f 2718 2723 591
f 2724 2723 2718
f 591 3746 2718
f 3746 968 3747
f 2718 3747 592
f 3746 3747 2718
f 592 3747 3748
f 3747 968 3750
f 3748 3750 969
f 3747 3750 3748
f 969 3749 3748
f 3749 752 3240
f 3748 3240 592
f 3749 3240 3748
f 752 3241 3240
f 3241 594 2724
f 3240 2724 592
f 3241 2724 3240
f 597 2731 3207
f 2731 598 3208
f 3207 3208 744
f 2731 3208 3207
f 744 3206 3207
f 3206 596 2727
f 3207 2727 597
f 3206 2727 3207
f 601 2741 2740
f 2741 598 2731
f 2740 2731 597
f 2741 2731 2740
f 599 2732 2736
f 2732 596 2735
f 2736 2735 600
f 2732 2735 2736
f 600 3173 2736
f 3173 735 3172
f 2736 3172 599
f 3173 3172 2736
f 599 3172 2742
f 3172 735 3174
f 2742 3174 601
f 3172 3174 2742
f 601 2740 2742
f 2740 597 2733
f 2742 2733 599
f 2740 2733 2742
f 599 2733 2732
f 2733 597 2727
f 2732 2727 596
f 2733 2727 2732
f 434 2408 2404
f 2408 435 2406
f 2404 2406 422
f 2408 2406 2404
f 1073 4081 4076
f 4081 1074 4078
f 4076 4078 434
f 4081 4078 4076
f 1074 4079 4078
f 4079 435 2408
f 4078 2408 434
f 4079 2408 4078
f 413 2426 2418
f 2426 442 2427
f 2418 2427 438
f 2426 2427 2418
f 23 2291 2350
f 2291 393 2353
f 2350 2353 413
f 2291 2353 2350
f 413 2353 2352
f 2353 393 2293
f 2352 2293 390
f 2353 2293 2352
f 413 2354 2350
f 2354 395 2297
f 2350 2297 23
f 2354 2297 2350
f 438 2415 2418
f 2415 395 2354
f 2418 2354 413
f 2415 2354 2418
f 411 2349 2355
f 2349 412 2356
f 2355 2356 413
f 2349 2356 2355
f 413 2441 2355
f 2441 446 2440
f 2355 2440 411
f 2441 2440 2355
f 443 4093 2430
f 4093 1079 4092
f 2430 4092 439
f 4093 4092 2430
f 443 4091 4093
f 4091 1078 4094
f 4093 4094 1079
f 4091 4094 4093
f 439 2421 2430
f 2421 438 2429
f 2430 2429 443
f 2421 2429 2430
f 438 2427 2429
f 2427 442 2431
f 2429 2431 443
f 2427 2431 2429
f 442 4102 2431
f 4102 1082 4103
f 2431 4103 443
f 4102 4103 2431
f 1082 4104 4103
f 4104 1078 4091
f 4103 4091 443
f 4104 4091 4103
f 321 1993 1991
f 1993 99 1370
f 1991 1370 96
f 1993 1370 1991
f 96 1364 1991
f 1364 98 1992
f 1991 1992 321
f 1364 1992 1991
f 390 2283 2282
f 2283 262 1857
f 2282 1857 97
f 2283 1857 2282
f 262 1858 1857
f 1858 98 1365
f 1857 1365 97
f 1858 1365 1857
f 97 1363 2282
f 1363 96 2281
f 2282 2281 390
f 1363 2281 2282
f 98 1364 1365
f 1364 96 1363
f 1365 1363 97
f 1364 1363 1365
f 410 2346 2345
f 2346 391 2287
f 2345 2287 389
f 2346 2287 2345
f 451 2458 2457
f 2458 410 2345
f 2457 2345 389
f 2458 2345 2457
f 99 1368 1369
f 1368 91 1350
f 1369 1350 92
f 1368 1350 1369
f 92 2285 1369
f 2285 391 2286
f 1369 2286 99
f 2285 2286 1369
f 92 2278 2285
f 2278 389 2287
f 2285 2287 391
f 2278 2287 2285
f 92 1349 2275
f 1349 69 2274
f 2275 2274 388
f 1349 2274 2275
f 92 1350 1349
f 1350 91 1345
f 1349 1345 69
f 1350 1345 1349
f 1031 4144 3958
f 4144 1099 4143
f 3958 4143 449
f 4144 4143 3958
f 449 2451 3958
f 2451 450 3959
f 3958 3959 1031
f 2451 3959 3958
f 449 4143 2448
f 4143 1099 4142
f 2448 4142 408
f 4143 4142 2448
f 408 2445 2448
f 2445 448 2449
f 2448 2449 449
f 2445 2449 2448
f 448 2450 2449
f 2450 450 2451
f 2449 2451 449
f 2450 2451 2449
f 1016 3901 4264
f 3901 545 4257
f 4264 4257 1124
f 3901 4257 4264
f 558 2694 3902
f 2694 559 3903
f 3902 3903 1016
f 2694 3903 3902
f 1016 4264 4278
f 4264 1124 4280
f 4278 4280 1125
f 4264 4280 4278
f 1125 4268 4278
f 4268 558 3902
f 4278 3902 1016
f 4268 3902 4278
f 546 2926 2664
f 2926 657 2924
f 2664 2924 524
f 2926 2924 2664
f 546 2995 2926
f 2995 684 2997
f 2926 2997 657
f 2995 2997 2926
f 524 2666 2664
f 2666 547 2667
f 2664 2667 546
f 2666 2667 2664
f 545 2994 2665
f 2994 684 2995
f 2665 2995 546
f 2994 2995 2665
f 1124 4257 4258
f 4257 545 2665
f 4258 2665 546
f 4257 2665 4258
f 546 4251 4258
f 4251 1123 4265
f 4258 4265 1124
f 4251 4265 4258
f 546 2667 4251
f 2667 547 4252
f 4251 4252 1123
f 2667 4252 4251
f 1014 3895 3896
f 3895 544 2988
f 3896 2988 682
f 3895 2988 3896
f 682 2987 3896
f 2987 520 3893
f 3896 3893 1014
f 2987 3893 3896
f 1014 3893 3892
f 3893 520 2632
f 3892 2632 517
f 3893 2632 3892
f 543 4848 3894
f 4848 1222 4850
f 3894 4850 1014
f 4848 4850 3894
f 1014 3892 3894
f 3892 517 2662
f 3894 2662 543
f 3892 2662 3894
f 1014 4850 4231
f 4850 1222 4852
f 4231 4852 1120
f 4850 4852 4231
f 1120 4242 4231
f 4242 1121 4240
f 4231 4240 1014
f 4242 4240 4231
f 1014 4240 3897
f 4240 1121 4239
f 3897 4239 1004
f 4240 4239 3897
f 1004 3854 3897
f 3854 544 3895
f 3897 3895 1014
f 3854 3895 3897
f 631 2847 2850
f 2847 633 2851
f 2850 2851 634
f 2847 2851 2850
f 634 2849 2850
f 2849 232 2836
f 2850 2836 631
f 2849 2836 2850
f 633 2845 2851
f 2845 232 2849
f 2851 2849 634
f 2845 2849 2851
f 240 1792 1796
f 1792 232 1795
f 1796 1795 241
f 1792 1795 1796
f 241 1795 2846
f 1795 232 2845
f 2846 2845 633
f 1795 2845 2846
f 241 2859 1796
f 2859 637 2858
f 1796 2858 240
f 2859 2858 1796
f 633 2862 2846
f 2862 637 2859
f 2846 2859 241
f 2862 2859 2846
f 632 2861 2848
f 2861 637 2862
f 2848 2862 633
f 2861 2862 2848
f 508 2941 2842
f 2941 661 2943
f 2842 2943 632
f 2941 2943 2842
f 636 2863 2856
f 2863 637 2861
f 2856 2861 632
f 2863 2861 2856
f 632 2841 2842
f 2841 505 2612
f 2842 2612 508
f 2841 2612 2842
f 632 2843 2856
f 2843 510 2855
f 2856 2855 636
f 2843 2855 2856
f 632 2943 2843
f 2943 661 2942
f 2843 2942 510
f 2943 2942 2843
f 632 2844 2841
f 2844 631 2839
f 2841 2839 505
f 2844 2839 2841
f 632 2848 2844
f 2848 633 2847
f 2844 2847 631
f 2848 2847 2844
f 297 1925 1937
f 1925 53 1935
f 1937 1935 300
f 1925 1935 1937
f 297 1931 1927
f 1931 298 1929
f 1927 1929 295
f 1931 1929 1927
f 297 1937 1932
f 1937 300 1938
f 1932 1938 299
f 1937 1938 1932
f 299 1933 1932
f 1933 298 1931
f 1932 1931 297
f 1933 1931 1932
f 686 3879 3002
f 3879 1010 3876
f 3002 3876 512
f 3879 3876 3002
f 686 3003 3879
f 3003 539 3878
f 3879 3878 1010
f 3003 3878 3879
f 512 3872 3002
f 3872 1009 3875
f 3002 3875 686
f 3872 3875 3002
f 1009 3873 3875
f 3873 539 3003
f 3875 3003 686
f 3873 3003 3875
f 635 2852 2939
f 2852 510 2936
f 2939 2936 660
f 2852 2936 2939
f 510 2619 2936
f 2619 511 2937
f 2936 2937 660
f 2619 2937 2936
f 660 2938 2939
f 2938 513 2853
f 2939 2853 635
f 2938 2853 2939
f 660 2937 2938
f 2937 511 2622
f 2938 2622 513
f 2937 2622 2938
f 1029 3957 3952
f 3957 1030 3954
f 3952 3954 680
f 3957 3954 3952
f 680 2984 3952
f 2984 679 3951
f 3952 3951 1029
f 2984 3951 3952
f 772 3338 3339
f 3338 693 3034
f 3339 3034 694
f 3338 3034 3339
f 694 3035 3339
f 3035 695 3340
f 3339 3340 772
f 3035 3340 3339
f 679 2984 3335
f 2984 680 3336
f 3335 3336 772
f 2984 3336 3335
f 772 3340 3945
f 3340 695 3944
f 3945 3944 1027
f 3340 3944 3945
f 1027 3943 3945
f 3943 679 3335
f 3945 3335 772
f 3943 3335 3945
f 333 2087 2084
f 2087 351 2089
f 2084 2089 350
f 2087 2089 2084
f 350 2082 2084
f 2082 328 2030
f 2084 2030 333
f 2082 2030 2084
f 333 2030 2031
f 2030 328 2020
f 2031 2020 330
f 2030 2020 2031
f 335 2037 2038
f 2037 336 2039
f 2038 2039 337
f 2037 2039 2038
f 352 2095 2092
f 2095 351 2088
f 2092 2088 335
f 2095 2088 2092
f 335 2038 2092
f 2038 337 2093
f 2092 2093 352
f 2038 2093 2092
f 351 2087 2088
f 2087 333 2034
f 2088 2034 335
f 2087 2034 2088
f 292 1911 2114
f 1911 291 2113
f 2114 2113 357
f 1911 2113 2114
f 357 2113 2112
f 2113 291 1906
f 2112 1906 289
f 2113 1906 2112
f 357 2112 2123
f 2112 289 2120
f 2123 2120 358
f 2112 2120 2123
f 358 2122 2123
f 2122 338 2118
f 2123 2118 357
f 2122 2118 2123
f 338 2040 2118
f 2040 336 2117
f 2118 2117 357
f 2040 2117 2118
f 235 1787 1783
f 1787 239 1788
f 1783 1788 236
f 1787 1788 1783
f 285 1889 1890
f 1889 55 1777
f 1890 1777 235
f 1889 1777 1890
f 235 1901 1890
f 1901 290 1902
f 1890 1902 285
f 1901 1902 1890
f 236 1782 1783
f 1782 234 1780
f 1783 1780 235
f 1782 1780 1783
f 234 1900 1780
f 1900 290 1901
f 1780 1901 235
f 1900 1901 1780
f 58 1828 1274
f 1828 252 1827
f 1274 1827 57
f 1828 1827 1274
f 284 1891 1908
f 1891 285 1909
f 1908 1909 292
f 1891 1909 1908
f 284 1887 1891
f 1887 55 1889
f 1891 1889 285
f 1887 1889 1891
f 311 1961 3361
f 1961 312 3362
f 3361 3362 777
f 1961 3362 3361
f 777 3362 3364
f 3362 312 3346
f 3364 3346 774
f 3362 3346 3364
f 777 3364 3363
f 3364 774 3351
f 3363 3351 697
f 3364 3351 3363
f 293 1922 1917
f 1922 296 1923
f 1917 1923 294
f 1922 1923 1917
f 294 1916 1917
f 1916 288 1914
f 1917 1914 293
f 1916 1914 1917
f 358 2119 2121
f 2119 288 1916
f 2121 1916 294
f 2119 1916 2121
f 294 2124 2121
f 2124 359 2129
f 2121 2129 358
f 2124 2129 2121
f 294 1923 2124
f 1923 296 2125
f 2124 2125 359
f 1923 2125 2124
f 1161 4507 4515
f 4507 568 3813
f 4515 3813 991
f 4507 3813 4515
f 991 3815 4515
f 3815 570 4508
f 4515 4508 1161
f 3815 4508 4515
f 569 2704 3814
f 2704 570 3815
f 3814 3815 991
f 2704 3815 3814
f 621 2801 2810
f 2801 569 2808
f 2810 2808 622
f 2801 2808 2810
f 574 2804 2809
f 2804 621 2810
f 2809 2810 622
f 2804 2810 2809
f 622 2807 2809
f 2807 568 2708
f 2809 2708 574
f 2807 2708 2809
f 569 3814 2808
f 3814 991 3816
f 2808 3816 622
f 3814 3816 2808
f 622 3816 2807
f 3816 991 3813
f 2807 3813 568
f 3816 3813 2807
f 571 2705 2813
f 2705 570 2812
f 2813 2812 623
f 2705 2812 2813
f 1167 4558 4557
f 4558 954 3712
f 4557 3712 953
f 4558 3712 4557
f 1167 4563 4560
f 4563 1166 4548
f 4560 4548 962
f 4563 4548 4560
f 962 3729 4560
f 3729 955 4559
f 4560 4559 1167
f 3729 4559 4560
f 962 4548 3735
f 4548 1166 4549
f 3735 4549 963
f 4548 4549 3735
f 963 3733 3735
f 3733 955 3729
f 3735 3729 962
f 3733 3729 3735
f 72 1303 1309
f 1303 71 1308
f 1309 1308 76
f 1303 1308 1309
f 71 1305 1308
f 1305 75 1310
f 1308 1310 76
f 1305 1310 1308
f 76 1310 2225
f 1310 75 2224
f 2225 2224 378
f 1310 2224 2225
f 378 2234 2225
f 2234 379 2231
f 2225 2231 76
f 2234 2231 2225
f 76 2231 1309
f 2231 379 2230
f 1309 2230 72
f 2231 2230 1309
f 119 1423 1431
f 1423 118 1430
f 1431 1430 122
f 1423 1430 1431
f 118 1434 1430
f 1434 123 1436
f 1430 1436 122
f 1434 1436 1430
f 123 1447 1436
f 1447 127 1446
f 1436 1446 122
f 1447 1446 1436
f 127 1445 1446
f 1445 30 1429
f 1446 1429 122
f 1445 1429 1446
f 167 1637 1630
f 1637 192 1639
f 1630 1639 190
f 1637 1639 1630
f 190 1631 1630
f 1631 168 1564
f 1630 1564 167
f 1631 1564 1630
f 31 1252 1561
f 1252 30 1560
f 1561 1560 167
f 1252 1560 1561
f 167 1564 1561
f 1564 168 1563
f 1561 1563 31
f 1564 1563 1561
f 1000 3843 3841
f 3843 614 2782
f 3841 2782 575
f 3843 2782 3841
f 614 2787 2782
f 2787 615 2785
f 2782 2785 575
f 2787 2785 2782
f 575 4903 3841
f 4903 1231 4905
f 3841 4905 1000
f 4903 4905 3841
f 575 3838 4903
f 3838 999 4904
f 4903 4904 1231
f 3838 4904 4903
f 888 4586 3566
f 4586 1171 4584
f 3566 4584 854
f 4586 4584 3566
f 854 3510 3566
f 3510 855 3567
f 3566 3567 888
f 3510 3567 3566
f 1171 4585 4584
f 4585 855 3510
f 4584 3510 854
f 4585 3510 4584
f 230 1763 1766
f 1763 166 1577
f 1766 1577 172
f 1763 1577 1766
f 172 1578 1766
f 1578 170 1765
f 1766 1765 230
f 1578 1765 1766
f 229 1760 1771
f 1760 166 1763
f 1771 1763 230
f 1760 1763 1771
f 230 1768 1769
f 1768 208 1688
f 1769 1688 210
f 1768 1688 1769
f 210 1694 1769
f 1694 212 1770
f 1769 1770 230
f 1694 1770 1769
f 212 1761 1770
f 1761 229 1771
f 1770 1771 230
f 1761 1771 1770
f 189 1682 1767
f 1682 208 1768
f 1767 1768 230
f 1682 1768 1767
f 230 1764 1767
f 1764 168 1629
f 1767 1629 189
f 1764 1629 1767
f 170 1569 1765
f 1569 168 1764
f 1765 1764 230
f 1569 1764 1765
f 33 1253 1567
f 1253 31 1565
f 1567 1565 169
f 1253 1565 1567
f 169 1566 1567
f 1566 32 1254
f 1567 1254 33
f 1566 1254 1567
f 105 1378 1380
f 1378 31 1253
f 1380 1253 33
f 1378 1253 1380
f 33 1254 1380
f 1254 32 1379
f 1380 1379 105
f 1254 1379 1380
f 376 2209 2211
f 2209 82 1336
f 2211 1336 87
f 2209 1336 2211
f 87 1338 2211
f 1338 88 2212
f 2211 2212 376
f 1338 2212 2211
f 87 1336 1335
f 1336 82 1320
f 1335 1320 81
f 1336 1320 1335
f 73 1306 1340
f 1306 75 1341
f 1340 1341 89
f 1306 1341 1340
f 89 1342 1340
f 1342 88 1337
f 1340 1337 73
f 1342 1337 1340
f 74 1307 1304
f 1307 75 1306
f 1304 1306 73
f 1307 1306 1304
f 88 1338 1337
f 1338 87 1334
f 1337 1334 73
f 1338 1334 1337
f 81 1316 1315
f 1316 74 1304
f 1315 1304 73
f 1316 1304 1315
f 73 1334 1315
f 1334 87 1335
f 1315 1335 81
f 1334 1335 1315
f 401 2375 2322
f 2375 422 2373
f 2322 2373 392
f 2375 2373 2322
f 401 2323 2375
f 2323 400 2374
f 2375 2374 422
f 2323 2374 2375
f 392 2289 2322
f 2289 273 2320
f 2322 2320 401
f 2289 2320 2322
f 401 2320 2321
f 2320 273 1869
f 2321 1869 274
f 2320 1869 2321
f 274 2317 2321
f 2317 400 2323
f 2321 2323 401
f 2317 2323 2321
f 274 1871 1868
f 1871 275 1870
f 1868 1870 266
f 1871 1870 1868
f 266 2316 1868
f 2316 400 2317
f 1868 2317 274
f 2316 2317 1868
f 275 2318 1870
f 2318 400 2316
f 1870 2316 266
f 2318 2316 1870
f 1103 4446 4156
f 4446 1154 4447
f 4156 4447 1104
f 4446 4447 4156
f 1154 4448 4447
f 4448 1105 4159
f 4447 4159 1104
f 4448 4159 4447
f 409 4153 4155
f 4153 1103 4156
f 4155 4156 1104
f 4153 4156 4155
f 1104 4159 4155
f 4159 1105 4157
f 4155 4157 409
f 4159 4157 4155
f 1083 4150 4468
f 4150 1102 4473
f 4468 4473 1157
f 4150 4473 4468
f 1157 4469 4468
f 4469 1084 4109
f 4468 4109 1083
f 4469 4109 4468
f 444 4149 4106
f 4149 1102 4150
f 4106 4150 1083
f 4149 4150 4106
f 1083 4109 4106
f 4109 1084 4107
f 4106 4107 444
f 4109 4107 4106
f 1087 4114 4115
f 4114 445 4112
f 4115 4112 1086
f 4114 4112 4115
f 1086 4471 4115
f 4471 1157 4472
f 4115 4472 1087
f 4471 4472 4115
f 181 1597 1600
f 1597 144 1511
f 1600 1511 150
f 1597 1511 1600
f 150 1512 1600
f 1512 149 1599
f 1600 1599 181
f 1512 1599 1600
f 150 1511 1510
f 1511 144 1490
f 1510 1490 16
f 1511 1490 1510
f 16 1245 1510
f 1245 1 1509
f 1510 1509 150
f 1245 1509 1510
f 1 1506 1509
f 1506 149 1512
f 1509 1512 150
f 1506 1512 1509
f 455 2536 2472
f 2536 476 2537
f 2472 2537 456
f 2536 2537 2472
f 456 2471 2472
f 2471 146 2469
f 2472 2469 455
f 2471 2469 2472
f 455 2469 2468
f 2469 146 1495
f 2468 1495 13
f 2469 1495 2468
f 485 4001 2566
f 4001 1046 4000
f 2566 4000 484
f 4001 4000 2566
f 476 2536 2549
f 2536 455 2548
f 2549 2548 481
f 2536 2548 2549
f 481 2548 2547
f 2548 455 2468
f 2547 2468 13
f 2548 2468 2547
f 481 2547 2546
f 2547 13 1243
f 2546 1243 12
f 2547 1243 2546
f 481 2546 2545
f 2546 12 1242
f 2545 1242 11
f 2546 1242 2545
f 481 2545 2565
f 2545 11 2563
f 2565 2563 485
f 2545 2563 2565
f 485 2566 2565
f 2566 484 2559
f 2565 2559 481
f 2566 2559 2565
f 482 2557 2552
f 2557 483 2555
f 2552 2555 476
f 2557 2555 2552
f 476 2549 2552
f 2549 481 2554
f 2552 2554 482
f 2549 2554 2552
f 482 2554 2553
f 2554 481 2551
f 2553 2551 480
f 2554 2551 2553
f 463 2523 2491
f 2523 473 2522
f 2491 2522 461
f 2523 2522 2491
f 461 2484 2491
f 2484 462 2492
f 2491 2492 463
f 2484 2492 2491
f 473 3975 2522
f 3975 1036 3974
f 2522 3974 461
f 3975 3974 2522
f 461 3974 3971
f 3974 1036 3976
f 3971 3976 1035
f 3974 3976 3971
f 1035 3972 3971
f 3972 462 2484
f 3971 2484 461
f 3972 2484 3971
f 795 3422 3383
f 3422 809 3423
f 3383 3423 797
f 3422 3423 3383
f 797 3385 3383
f 3385 798 3384
f 3383 3384 795
f 3385 3384 3383
f 1202 4726 4732
f 4726 1036 4729
f 4732 4729 1203
f 4726 4729 4732
f 1200 4712 4711
f 4712 809 3424
f 4711 3424 808
f 4712 3424 4711
f 808 4707 4711
f 4707 1199 4716
f 4711 4716 1200
f 4707 4716 4711
f 795 3382 3420
f 3382 796 3421
f 3420 3421 808
f 3382 3421 3420
f 808 3424 3420
f 3424 809 3422
f 3420 3422 795
f 3424 3422 3420
f 808 4728 4707
f 4728 1203 4731
f 4707 4731 1199
f 4728 4731 4707
f 808 3421 4724
f 3421 796 4723
f 4724 4723 1202
f 3421 4723 4724
f 1202 4732 4724
f 4732 1203 4728
f 4724 4728 808
f 4732 4728 4724
f 1038 3980 3981
f 3980 475 2542
f 3981 2542 478
f 3980 2542 3981
f 478 4710 3981
f 4710 1200 4713
f 3981 4713 1038
f 4710 4713 3981
f 1200 4716 4713
f 4716 1199 4709
f 4713 4709 1038
f 4716 4709 4713
f 1193 4674 4675
f 4674 1039 3987
f 4675 3987 1040
f 4674 3987 4675
f 477 2556 3985
f 2556 483 3986
f 3985 3986 1040
f 2556 3986 3985
f 1040 3987 3985
f 3987 1039 3983
f 3985 3983 477
f 3987 3983 3985
f 174 1587 1589
f 1587 176 1590
f 1589 1590 178
f 1587 1590 1589
f 173 1586 1580
f 1586 176 1587
f 1580 1587 174
f 1586 1587 1580
f 174 1589 1659
f 1589 178 1660
f 1659 1660 201
f 1589 1660 1659
f 201 1661 1659
f 1661 181 1601
f 1659 1601 174
f 1661 1601 1659
f 175 1581 1596
f 1581 147 1595
f 1596 1595 180
f 1581 1595 1596
f 180 1658 1596
f 1658 200 1657
f 1596 1657 175
f 1658 1657 1596
f 148 1505 1582
f 1505 147 1581
f 1582 1581 175
f 1505 1581 1582
f 175 1585 1602
f 1585 174 1601
f 1602 1601 181
f 1585 1601 1602
f 175 1657 1584
f 1657 200 1656
f 1584 1656 173
f 1657 1656 1584
f 173 1580 1584
f 1580 174 1585
f 1584 1585 175
f 1580 1585 1584
f 181 1599 1602
f 1599 149 1583
f 1602 1583 175
f 1599 1583 1602
f 175 1583 1582
f 1583 149 1508
f 1582 1508 148
f 1583 1508 1582
f 454 2465 2467
f 2465 9 1466
f 2467 1466 136
f 2465 1466 2467
f 136 1467 2467
f 1467 133 2466
f 2467 2466 454
f 1467 2466 2467
f 454 2466 2464
f 2466 133 1460
f 2464 1460 8
f 2466 1460 2464
f 454 2464 2564
f 2464 8 2560
f 2564 2560 485
f 2464 2560 2564
f 485 2561 2564
f 2561 9 2465
f 2564 2465 454
f 2561 2465 2564
f 1050 4013 4017
f 4013 488 4016
f 4017 4016 1051
f 4013 4016 4017
f 1049 4010 4014
f 4010 488 4013
f 4014 4013 1050
f 4010 4013 4014
f 1051 4655 4017
f 4655 1188 4654
f 4017 4654 1050
f 4655 4654 4017
f 1188 4653 4654
f 4653 1049 4014
f 4654 4014 1050
f 4653 4014 4654
f 822 3493 3451
f 3493 845 3492
f 3451 3492 821
f 3493 3492 3451
f 822 3491 3493
f 3491 844 3494
f 3493 3494 845
f 3491 3494 3493
f 822 3451 4284
f 3451 821 4283
f 4284 4283 1126
f 3451 4283 4284
f 1126 4288 4284
f 4288 844 3491
f 4284 3491 822
f 4288 3491 4284
f 685 3884 2998
f 3884 1011 3881
f 2998 3881 515
f 3884 3881 2998
f 685 3000 3884
f 3000 542 3882
f 3884 3882 1011
f 3000 3882 3884
f 516 2660 2999
f 2660 542 3000
f 2999 3000 685
f 2660 3000 2999
f 659 2933 3001
f 2933 516 2999
f 3001 2999 685
f 2933 2999 3001
f 685 2998 3001
f 2998 515 2932
f 3001 2932 659
f 2998 2932 3001
f 432 2400 2401
f 2400 422 2397
f 2401 2397 431
f 2400 2397 2401
f 432 2401 4073
f 2401 431 4072
f 4073 4072 1072
f 2401 4072 4073
f 1068 4062 4393
f 4062 1067 4392
f 4393 4392 1144
f 4062 4392 4393
f 1144 4388 4396
f 4388 1058 4070
f 4396 4070 1071
f 4388 4070 4396
f 1071 4071 4396
f 4071 1070 4395
f 4396 4395 1144
f 4071 4395 4396
f 1059 4039 4389
f 4039 1058 4388
f 4389 4388 1144
f 4039 4388 4389
f 1144 4390 4389
f 4390 1060 4041
f 4389 4041 1059
f 4390 4041 4389
f 1061 4391 4399
f 4391 1144 4403
f 4399 4403 1145
f 4391 4403 4399
f 1061 4044 4391
f 4044 1060 4390
f 4391 4390 1144
f 4044 4390 4391
f 426 2410 2385
f 2410 436 2409
f 2385 2409 422
f 2410 2409 2385
f 441 2425 2424
f 2425 413 2356
f 2424 2356 412
f 2425 2356 2424
f 441 4139 4100
f 4139 1098 4140
f 4100 4140 1081
f 4139 4140 4100
f 412 4138 2424
f 4138 1098 4139
f 2424 4139 441
f 4138 4139 2424
f 441 4100 2428
f 4100 1081 4101
f 2428 4101 442
f 4100 4101 2428
f 442 2426 2428
f 2426 413 2425
f 2428 2425 441
f 2426 2425 2428
f 28 1250 2437
f 1250 26 2436
f 2437 2436 446
f 1250 2436 2437
f 99 1366 1367
f 1366 26 1250
f 1367 1250 28
f 1366 1250 1367
f 28 1362 1367
f 1362 96 1370
f 1367 1370 99
f 1362 1370 1367
f 446 2441 2437
f 2441 413 2351
f 2437 2351 28
f 2441 2351 2437
f 28 2351 2280
f 2351 413 2352
f 2280 2352 390
f 2351 2352 2280
f 25 1348 2273
f 1348 92 2275
f 2273 2275 388
f 1348 2275 2273
f 389 2278 2277
f 2278 92 1348
f 2277 1348 25
f 2278 1348 2277
f 388 2456 2273
f 2456 451 2453
f 2273 2453 25
f 2456 2453 2273
f 451 2457 2453
f 2457 389 2277
f 2453 2277 25
f 2457 2277 2453
f 560 2696 2695
f 2696 559 2693
f 2695 2693 525
f 2696 2693 2695
f 560 3904 2696
f 3904 1016 3903
f 2696 3903 559
f 3904 3903 2696
f 525 2993 2697
f 2993 684 2996
f 2697 2996 561
f 2993 2996 2697
f 561 2699 2697
f 2699 560 2695
f 2697 2695 525
f 2699 2695 2697
f 1016 3904 3905
f 3904 560 2699
f 3905 2699 561
f 3904 2699 3905
f 561 2996 2698
f 2996 684 2994
f 2698 2994 545
f 2996 2994 2698
f 545 3901 2698
f 3901 1016 3905
f 2698 3905 561
f 3901 3905 2698
f 245 1809 1811
f 1809 53 1800
f 1811 1800 242
f 1809 1800 1811
f 242 1926 1920
f 1926 297 1927
f 1920 1927 295
f 1926 1927 1920
f 295 1918 1920
f 1918 50 1797
f 1920 1797 242
f 1918 1797 1920
f 240 2858 1802
f 2858 637 2860
f 1802 2860 242
f 2858 2860 1802
f 242 1801 1802
f 1801 234 1794
f 1802 1794 240
f 1801 1794 1802
f 242 1797 1798
f 1797 50 1268
f 1798 1268 51
f 1797 1268 1798
f 242 2860 2854
f 2860 637 2863
f 2854 2863 636
f 2860 2863 2854
f 242 1798 1801
f 1798 51 1774
f 1801 1774 234
f 1798 1774 1801
f 636 2874 2854
f 2874 640 2871
f 2854 2871 242
f 2874 2871 2854
f 242 2871 1811
f 2871 640 2872
f 1811 2872 245
f 2871 2872 1811
f 693 3338 3032
f 3338 772 3337
f 3032 3337 692
f 3338 3337 3032
f 692 3337 3027
f 3337 772 3336
f 3027 3336 680
f 3337 3336 3027
f 773 3344 3343
f 3344 693 3032
f 3343 3032 692
f 3344 3032 3343
f 692 3955 3343
f 3955 1030 3956
f 3343 3956 773
f 3955 3956 3343
f 692 3027 3955
f 3027 680 3954
f 3955 3954 1030
f 3027 3954 3955
f 330 2115 2032
f 2115 357 2116
f 2032 2116 334
f 2115 2116 2032
f 334 2116 2036
f 2116 357 2117
f 2036 2117 336
f 2116 2117 2036
f 334 2033 2032
f 2033 333 2031
f 2032 2031 330
f 2033 2031 2032
f 336 2037 2036
f 2037 335 2035
f 2036 2035 334
f 2037 2035 2036
f 334 2035 2033
f 2035 335 2034
f 2033 2034 333
f 2035 2034 2033
f 259 1847 1897
f 1847 58 1896
f 1897 1896 287
f 1847 1896 1897
f 58 1274 1896
f 1274 57 1895
f 1896 1895 287
f 1274 1895 1896
f 327 2009 2010
f 2009 259 1897
f 2010 1897 287
f 2009 1897 2010
f 287 2013 2010
f 2013 328 2014
f 2010 2014 327
f 2013 2014 2010
f 237 1784 1829
f 1784 57 1827
f 1829 1827 252
f 1784 1827 1829
f 235 1779 1785
f 1779 57 1784
f 1785 1784 237
f 1779 1784 1785
f 239 1787 1789
f 1787 235 1785
f 1789 1785 237
f 1787 1785 1789
f 238 1790 1786
f 1790 239 1789
f 1786 1789 237
f 1790 1789 1786
f 237 1829 1786
f 1829 252 1830
f 1786 1830 238
f 1829 1830 1786
f 56 1273 1778
f 1273 57 1779
f 1778 1779 235
f 1273 1779 1778
f 56 1778 1272
f 1778 235 1777
f 1272 1777 55
f 1778 1777 1272
f 55 1887 1272
f 1887 284 1888
f 1272 1888 56
f 1887 1888 1272
f 775 3356 3360
f 3356 311 3358
f 3360 3358 776
f 3356 3358 3360
f 311 3361 3358
f 3361 777 3365
f 3358 3365 776
f 3361 3365 3358
f 697 3357 3359
f 3357 775 3360
f 3359 3360 776
f 3357 3360 3359
f 776 3365 3359
f 3365 777 3363
f 3359 3363 697
f 3365 3363 3359
f 572 2706 3809
f 2706 567 3808
f 3809 3808 990
f 2706 3808 3809
f 623 2811 2814
f 2811 567 2706
f 2814 2706 572
f 2811 2706 2814
f 572 2707 2814
f 2707 571 2813
f 2814 2813 623
f 2707 2813 2814
f 949 3710 3711
f 3710 953 3712
f 3711 3712 954
f 3710 3712 3711
f 954 3716 3711
f 3716 955 3715
f 3711 3715 949
f 3716 3715 3711
f 949 3715 3705
f 3715 955 3714
f 3705 3714 948
f 3715 3714 3705
f 949 3705 4556
f 3705 948 4555
f 4556 4555 1167
f 3705 4555 4556
f 1167 4557 4556
f 4557 953 3710
f 4556 3710 949
f 4557 3710 4556
f 121 1432 1425
f 1432 122 1429
f 1425 1429 30
f 1432 1429 1425
f 121 1426 1428
f 1426 103 1422
f 1428 1422 119
f 1426 1422 1428
f 119 1431 1428
f 1431 122 1432
f 1428 1432 121
f 1431 1432 1428
f 128 1448 1449
f 1448 30 1445
f 1449 1445 127
f 1448 1445 1449
f 128 1562 1448
f 1562 167 1560
f 1448 1560 30
f 1562 1560 1448
f 128 1449 1627
f 1449 127 1626
f 1627 1626 188
f 1449 1626 1627
f 188 1638 1627
f 1638 192 1636
f 1627 1636 128
f 1638 1636 1627
f 192 1637 1636
f 1637 167 1562
f 1636 1562 128
f 1637 1562 1636
f 576 2710 2786
f 2710 575 2785
f 2786 2785 615
f 2710 2785 2786
f 999 3838 3839
f 3838 575 2710
f 3839 2710 576
f 3838 2710 3839
f 576 2786 3823
f 2786 615 3825
f 3823 3825 995
f 2786 3825 3823
f 995 3840 3823
f 3840 999 3839
f 3823 3839 576
f 3840 3839 3823
f 445 4108 4110
f 4108 1084 4111
f 4110 4111 1085
f 4108 4111 4110
f 1085 4113 4110
f 4113 1086 4112
f 4110 4112 445
f 4113 4112 4110
f 1085 4111 4470
f 4111 1084 4469
f 4470 4469 1157
f 4111 4469 4470
f 1157 4471 4470
f 4471 1086 4113
f 4470 4113 1085
f 4471 4113 4470
f 1046 4704 4003
f 4704 1198 4703
f 4003 4703 1045
f 4704 4703 4003
f 1045 3998 4003
f 3998 484 4000
f 4003 4000 1046
f 3998 4000 4003
f 480 2551 2544
f 2551 481 2550
f 2544 2550 479
f 2551 2550 2544
f 479 2550 2558
f 2550 481 2559
f 2558 2559 484
f 2550 2559 2558
f 479 4687 2544
f 4687 1196 4688
f 2544 4688 480
f 4687 4688 2544
f 1192 4671 4677
f 4671 809 4673
f 4677 4673 1193
f 4671 4673 4677
f 1192 4670 4671
f 4670 797 3423
f 4671 3423 809
f 4670 3423 4671
f 798 4689 3387
f 4689 1196 4690
f 3387 4690 799
f 4689 4690 3387
f 799 3389 3386
f 3389 800 3388
f 3386 3388 795
f 3389 3388 3386
f 795 3384 3386
f 3384 798 3387
f 3386 3387 799
f 3384 3387 3386
f 480 4688 3993
f 4688 1196 4691
f 3993 4691 1043
f 4688 4691 3993
f 1043 3994 3993
f 3994 482 2553
f 3993 2553 480
f 3994 2553 3993
f 1199 4731 4708
f 4731 1203 4730
f 4708 4730 1037
f 4731 4730 4708
f 1037 3982 4708
f 3982 1038 4709
f 4708 4709 1199
f 3982 4709 4708
f 475 3980 3978
f 3980 1038 3982
f 3978 3982 1037
f 3980 3982 3978
f 473 2531 3977
f 2531 475 3978
f 3977 3978 1037
f 2531 3978 3977
f 1037 3979 3977
f 3979 1036 3975
f 3977 3975 473
f 3979 3975 3977
f 1037 4730 3979
f 4730 1203 4729
f 3979 4729 1036
f 4730 4729 3979
f 433 2405 2402
f 2405 434 2404
f 2402 2404 422
f 2405 2404 2402
f 422 2400 2402
f 2400 432 2403
f 2402 2403 433
f 2400 2403 2402
f 1073 4076 4075
f 4076 434 2405
f 4075 2405 433
f 4076 2405 4075
f 433 4074 4075
f 4074 1072 4077
f 4075 4077 1073
f 4074 4077 4075
f 433 2403 4074
f 2403 432 4073
f 4074 4073 1072
f 2403 4073 4074
f 1144 4395 4394
f 4395 1070 4068
f 4394 4068 1069
f 4395 4068 4394
f 1069 4065 4394
f 4065 1068 4393
f 4394 4393 1144
f 4065 4393 4394
f 1069 4063 4065
f 4063 426 4061
f 4065 4061 1068
f 4063 4061 4065
f 1070 4066 4068
f 4066 436 4064
f 4068 4064 1069
f 4066 4064 4068
f 436 2410 4064
f 2410 426 4063
f 4064 4063 1069
f 2410 4063 4064
f 437 2413 4067
f 2413 436 4066
f 4067 4066 1070
f 2413 4066 4067
f 1070 4071 4067
f 4071 1071 4069
f 4067 4069 437
f 4071 4069 4067
f 437 4069 4037
f 4069 1071 4070
f 4037 4070 1058
f 4069 4070 4037
f 422 2409 2412
f 2409 436 2413
f 2412 2413 437
f 2409 2413 2412
f 1145 4401 4400
f 4401 1063 4048
f 4400 4048 1062
f 4401 4048 4400
f 1062 4046 4400
f 4046 1061 4399
f 4400 4399 1145
f 4046 4399 4400
f 422 2406 2384
f 2406 435 2407
f 2384 2407 425
f 2406 2407 2384
f 425 2386 2384
f 2386 426 2385
f 2384 2385 422
f 2386 2385 2384
f 1068 4061 4060
f 4061 426 2386
f 4060 2386 425
f 4061 2386 4060
f 425 2407 4058
f 2407 435 4059
f 4058 4059 1067
f 2407 4059 4058
f 1067 4062 4058
f 4062 1068 4060
f 4058 4060 425
f 4062 4060 4058
f 390 2281 2279
f 2281 96 1361
f 2279 1361 27
f 2281 1361 2279
f 27 1251 2279
f 1251 28 2280
f 2279 2280 390
f 1251 2280 2279
f 96 1362 1361
f 1362 28 1251
f 1361 1251 27
f 1362 1251 1361
f 53 1925 1269
f 1925 297 1924
f 1269 1924 52
f 1925 1924 1269
f 52 1799 1269
f 1799 242 1800
f 1269 1800 53
f 1799 1800 1269
f 297 1926 1924
f 1926 242 1799
f 1924 1799 52
f 1926 1799 1924
f 286 1892 1894
f 1892 56 1888
f 1894 1888 284
f 1892 1888 1894
f 286 1898 1893
f 1898 287 1895
f 1893 1895 57
f 1898 1895 1893
f 57 1273 1893
f 1273 56 1892
f 1893 1892 286
f 1273 1892 1893
f 286 1894 1910
f 1894 284 1908
f 1910 1908 292
f 1894 1908 1910
f 330 2020 2019
f 2020 328 2012
f 2019 2012 286
f 2020 2012 2019
f 328 2013 2012
f 2013 287 1898
f 2012 1898 286
f 2013 1898 2012
f 292 2114 1910
f 2114 357 2111
f 1910 2111 286
f 2114 2111 1910
f 286 2111 2019
f 2111 357 2115
f 2019 2115 330
f 2111 2115 2019
f 1234 4928 4929
f 4928 990 4523
f 4929 4523 1162
f 4928 4523 4929
f 1234 4927 4928
f 4927 572 3809
f 4928 3809 990
f 4927 3809 4928
f 571 2707 4926
f 2707 572 4927
f 4926 4927 1234
f 2707 4927 4926
f 1162 4516 4929
f 4516 570 4925
f 4929 4925 1234
f 4516 4925 4929
f 570 2705 4925
f 2705 571 4926
f 4925 4926 1234
f 2705 4926 4925
f 104 1375 1383
f 1375 30 1377
f 1383 1377 105
f 1375 1377 1383
f 104 1427 1375
f 1427 121 1425
f 1375 1425 30
f 1427 1425 1375
f 105 1382 1383
f 1382 103 1376
f 1383 1376 104
f 1382 1376 1383
f 103 1426 1376
f 1426 121 1427
f 1376 1427 104
f 1426 1427 1376
f 1197 4697 4706
f 4697 1045 4703
f 4706 4703 1198
f 4697 4703 4706
f 1197 4706 4695
f 4706 1198 4701
f 4695 4701 800
f 4706 4701 4695
f 800 3389 4695
f 3389 799 4694
f 4695 4694 1197
f 3389 4694 4695
f 1197 4694 4698
f 4694 799 4690
f 4698 4690 1196
f 4694 4690 4698
f 1193 4675 4676
f 4675 1040 3989
f 4676 3989 1041
f 4675 3989 4676
f 1041 4672 4676
f 4672 1192 4677
f 4676 4677 1193
f 4672 4677 4676
f 1041 3989 3988
f 3989 1040 3986
f 3988 3986 483
f 3989 3986 3988
f 1192 4672 4682
f 4672 1041 4680
f 4682 4680 1194
f 4672 4680 4682
f 798 3385 4679
f 3385 797 4678
f 4679 4678 1194
f 3385 4678 4679
f 797 4670 4678
f 4670 1192 4682
f 4678 4682 1194
f 4670 4682 4678
f 1058 4039 4036
f 4039 1059 4038
f 4036 4038 420
f 4039 4038 4036
f 420 2411 4036
f 2411 437 4037
f 4036 4037 1058
f 2411 4037 4036
f 420 4038 4040
f 4038 1059 4041
f 4040 4041 1060
f 4038 4041 4040
f 1060 4044 4040
f 4044 1061 4042
f 4040 4042 420
f 4044 4042 4040
f 422 2412 2377
f 2412 437 2411
f 2377 2411 420
f 2412 2411 2377
f 1196 4687 4692
f 4687 479 3996
f 4692 3996 1044
f 4687 3996 4692
f 1044 4696 4692
f 4696 1197 4698
f 4692 4698 1196
f 4696 4698 4692
f 1044 3996 3997
f 3996 479 2558
f 3997 2558 484
f 3996 2558 3997
f 484 3998 3997
f 3998 1045 3999
f 3997 3999 1044
f 3998 3999 3997
f 1045 4697 3999
f 4697 1197 4696
f 3999 4696 1044
f 4697 4696 3999
f 1195 4685 4693
f 4685 1043 4691
f 4693 4691 1196
f 4685 4691 4693
f 1195 4693 4683
f 4693 1196 4689
f 4683 4689 798
f 4693 4689 4683
f 798 4679 4683
f 4679 1194 4686
f 4683 4686 1195
f 4679 4686 4683
f 1061 4046 4043
f 4046 1062 4045
f 4043 4045 421
f 4046 4045 4043
f 421 2372 4043
f 2372 420 4042
f 4043 4042 1061
f 2372 4042 4043
f 421 4045 4047
f 4045 1062 4048
f 4047 4048 1063
f 4045 4048 4047
f 421 4049 2380
f 4049 1064 4050
f 2380 4050 423
f 4049 4050 2380
f 421 4047 4049
f 4047 1063 4051
f 4049 4051 1064
f 4047 4051 4049
f 423 2381 2380
f 2381 422 2378
f 2380 2378 421
f 2381 2378 2380
f 422 2377 2378
f 2377 420 2372
f 2378 2372 421
f 2377 2372 2378
f 482 3994 3990
f 3994 1043 3995
f 3990 3995 1042
f 3994 3995 3990
f 1043 4685 3995
f 4685 1195 4684
f 3995 4684 1042
f 4685 4684 3995
f 1042 4684 4681
f 4684 1195 4686
f 4681 4686 1194
f 4684 4686 4681
f 483 2557 3991
f 2557 482 3990
f 3991 3990 1042
f 2557 3990 3991
f 1042 3992 3991
f 3992 1041 3988
f 3991 3988 483
f 3992 3988 3991
f 1042 4681 3992
f 4681 1194 4680
f 3992 4680 1041
f 4681 4680 3992

