# https://github.com/mikedh/trimesh
v 0.01371802 -0.02265959 -0.04744834
v 0.07049829 -0.02248317 -0.05223726
v 0.07049262 -0.02111620 -0.05277053
v 0.07011224 -0.04294948 -0.03139594
v 0.07030221 -0.04108778 -0.03529256
v 0.07046004 -0.03896808 -0.03875361
v 0.07054907 -0.03802069 -0.04007115
v 0.07062973 -0.03615518 -0.04237631
v 0.07069811 -0.03340042 -0.04520834
v 0.07071710 -0.03222419 -0.04625323
v 0.07071280 -0.03028395 -0.04779729
v 0.07067996 -0.02868413 -0.04892191
v 0.07059732 -0.02524668 -0.05094635
v 0.06979032 -0.04546995 -0.02303243
v 0.06988414 -0.04450722 -0.02698364
v 0.06998258 -0.04396251 -0.02870525
v 0.06841145 -0.00733240 0.03642098
v 0.06860259 -0.00853382 0.03631765
v 0.06888495 -0.01038276 0.03592982
v 0.06819409 0.00437777 0.03642143
v -0.01229982 -0.02124202 -0.03985516
v 0.00155474 -0.02112334 0.04166938
v -0.00728931 -0.01931942 0.04068007
v -0.01592865 -0.01842374 0.03780906
v -0.02378390 -0.01783406 0.03313092
v -0.03037153 -0.01741760 0.02692770
v -0.03547772 -0.01724343 0.01954016
v -0.03887930 -0.01712863 0.01113857
v -0.04038384 -0.01712961 0.00220334
v -0.03989853 -0.01717071 -0.00674872
v -0.03753381 -0.01741352 -0.01544589
v -0.03330091 -0.01777373 -0.02349932
v -0.02745584 -0.01832371 -0.03043385
v -0.02031185 -0.01936646 -0.03600620
v 0.04153275 -0.02793784 -0.05184189
v 0.04400465 -0.02626876 -0.05240713
v 0.03777355 -0.02955652 -0.05107736
v 0.03868755 -0.02914936 -0.05129747
v 0.01898150 -0.03158292 -0.04725488
v 0.01415521 -0.03153380 -0.04600541
v 0.03384860 -0.03047637 -0.05037388
v 0.02907662 -0.03113504 -0.04947171
v 0.02575208 -0.03144830 -0.04876126
v 0.02106029 -0.03170848 -0.04766769
v 0.06987248 -0.04552168 0.00182188
v 0.06996162 -0.04515428 0.00356990
v 0.07010762 -0.04397157 0.00790035
v 0.07031311 -0.04233762 0.01210682
v 0.07053175 -0.04058885 0.01545697
v 0.07075275 -0.03824503 0.01891161
v 0.07091283 -0.03560885 0.02192021
v 0.07097763 -0.03451869 0.02297332
v 0.07100252 -0.03281116 0.02445403
v 0.06972988 -0.04603976 -0.01966648
v 0.06970325 -0.04638855 -0.01673779
v 0.06968292 -0.04657287 -0.01438557
v 0.06967998 -0.04668619 -0.01119349
v 0.06971883 -0.04654678 -0.00614946
v 0.06979057 -0.04627226 -0.00311156
v 0.04713540 -0.04655773 -0.01498638
v 0.04713765 -0.04554093 -0.02283592
v 0.00486300 -0.04374325 0.01891057
v 0.00349324 -0.04211722 0.02392236
v 0.01014144 -0.03372134 0.03738974
v 0.00575195 -0.03210000 0.03955869
v -0.00566899 -0.04375082 -0.01868473
v -0.00463555 -0.04462898 -0.01577424
v -0.00660668 -0.04462939 -0.01506099
v -0.00808045 -0.04031023 -0.02715069
v -0.00677206 -0.04218188 -0.02303660
v -0.00965766 -0.04212119 -0.02215692
v -0.00922934 -0.03803467 -0.03135000
v -0.00883139 -0.03876710 -0.03009676
v -0.01251139 -0.03875081 -0.02879898
v -0.00215114 -0.04658529 -0.00354958
v -0.00013495 -0.04671549 0.00003498
v -0.00300444 -0.04658372 -0.00289867
v -0.00150312 -0.04651839 -0.00483431
v -0.00365256 -0.04658369 -0.00202216
v -0.00405176 -0.04658363 -0.00100772
v -0.00401326 -0.04658350 0.00115339
v -0.00357828 -0.04658344 0.00215294
v -0.02343954 -0.03150579 0.03281652
v -0.02790069 -0.03136807 0.02922019
v -0.02177632 -0.03876634 0.02257996
v 0.00010510 -0.04616833 0.00846230
v 0.00118466 -0.04619246 0.00819783
v 0.00233610 -0.04462820 0.01627862
v 0.00722508 -0.04032113 0.02734266
v 0.00462669 -0.03875000 0.03105632
v -0.00094491 -0.04616463 0.00843660
v 0.00026563 -0.04463756 0.01641047
v 0.00004490 -0.04658461 0.00415503
v 0.00122702 -0.04651540 0.00493919
v -0.00100849 -0.04658328 0.00405311
v 0.00198941 -0.03153784 0.04025933
v -0.00418888 -0.03138958 0.04017037
v -0.00347847 -0.03876692 0.03117500
v -0.00204968 -0.04616459 0.00823866
v -0.00182536 -0.04464153 0.01629556
v 0.00042976 -0.04212460 0.02415605
v 0.00241234 -0.04592617 0.00982111
v 0.00360935 -0.04510119 0.01399315
v 0.00055053 -0.03875959 0.03137732
v -0.00268909 -0.04212669 0.02400449
v -0.00583321 -0.04212668 0.02343984
v -0.00395968 -0.04464154 0.01591231
v -0.00599648 -0.04464161 0.01526165
v -0.00310416 -0.04616469 0.00790136
v -0.00411284 -0.04616466 0.00742692
v -0.00202289 -0.04658333 0.00365394
v -0.00682972 -0.03156780 0.03971058
v -0.00996922 -0.03136809 0.03915201
v -0.00758890 -0.03876630 0.03043786
v -0.01146830 -0.03876070 0.02920948
v -0.00883359 -0.04212675 0.02248142
v -0.01170325 -0.04212676 0.02113022
v -0.00794453 -0.04464163 0.01434444
v -0.00975546 -0.04464172 0.01317967
v -0.00505006 -0.04616477 0.00682361
v -0.00589536 -0.04616475 0.00610870
v -0.00289939 -0.04658337 0.00300583
v -0.00779198 -0.04616498 0.00336798
v -0.00727588 -0.04616486 0.00437377
v -0.01405399 -0.04464189 0.00844740
v -0.01284470 -0.04464186 0.01019235
v -0.01892176 -0.04212696 0.01501380
v -0.01677514 -0.04212685 0.01737950
v -0.01867702 -0.03876072 0.02521684
v -0.01958121 -0.03134826 0.03535290
v -0.01538433 -0.03150580 0.03727811
v -0.01520022 -0.03876521 0.02744343
v -0.01437101 -0.04212685 0.01941445
v -0.01138755 -0.04464175 0.01179830
v -0.00664929 -0.04616487 0.00527718
v -0.00815861 -0.04616506 0.00234339
v -0.01505202 -0.04464200 0.00650412
v -0.02070304 -0.04212697 0.01244335
v -0.02458176 -0.03876700 0.01948661
v -0.03003960 -0.03156777 0.02685516
v -0.03183029 -0.03138950 0.02486047
v -0.03523400 -0.03150098 0.01962292
v -0.02689066 -0.03875969 0.01617857
v -0.02880427 -0.03876468 0.01243329
v -0.02217338 -0.04212708 0.00958063
v -0.02321607 -0.04212738 0.00666578
v -0.01575961 -0.04464225 0.00452533
v -0.01620957 -0.04464216 0.00247255
v -0.00839137 -0.04616510 0.00128037
v -0.00848748 -0.04616508 0.00015395
v -0.00417479 -0.04658356 0.00007540
v -0.04027735 -0.03150097 0.00205654
v -0.04017049 -0.03138943 -0.00418891
v -0.03117542 -0.03876709 -0.00347843
v -0.00790039 -0.04616531 -0.00310352
v -0.00823767 -0.04616518 -0.00204909
v -0.01591184 -0.04464235 -0.00395933
v -0.01629509 -0.04464231 -0.00182496
v -0.02400454 -0.04212733 -0.00268889
v -0.02415087 -0.04212722 0.00043506
v -0.03137772 -0.03875975 0.00055065
v -0.03101296 -0.03876471 0.00474065
v -0.03993296 -0.03135274 0.00619627
v -0.03875840 -0.03151303 0.01112765
v -0.03713807 -0.03135276 0.01593097
v -0.03016450 -0.03875938 0.00866044
v -0.02387855 -0.04212720 0.00364178
v -0.01639447 -0.04464221 0.00029576
v -0.00843560 -0.04616521 -0.00094432
v -0.03915216 -0.03136791 -0.00996922
v -0.03727823 -0.03150562 -0.01538441
v -0.02920991 -0.03876089 -0.01146846
v -0.00742592 -0.04616528 -0.00411227
v -0.01526117 -0.04464245 -0.00599616
v -0.02343990 -0.04212734 -0.00583306
v -0.02744382 -0.03876541 -0.01520044
v -0.03535301 -0.03134808 -0.01958128
v -0.02521719 -0.03876090 -0.01867732
v -0.03281664 -0.03150558 -0.02343964
v -0.02258021 -0.03876654 -0.02177667
v -0.02922030 -0.03136786 -0.02790077
v -0.02685527 -0.03156753 -0.03003975
v -0.01948679 -0.03876718 -0.02458214
v -0.02486052 -0.03138929 -0.03183043
v -0.01617866 -0.03875986 -0.02689107
v -0.01962298 -0.03150081 -0.03523411
v -0.01594811 -0.03134002 -0.03713824
v -0.01144875 -0.03151248 -0.03866097
v -0.01244974 -0.04212566 -0.02070485
v -0.01501363 -0.04212758 -0.01892191
v -0.01737940 -0.04212752 -0.01677529
v -0.01941444 -0.04212753 -0.01437108
v -0.02113024 -0.04212744 -0.01170327
v -0.00847916 -0.04463874 -0.01405166
v -0.01019175 -0.04464263 -0.01284453
v -0.01179773 -0.04464256 -0.01138736
v -0.01317916 -0.04464256 -0.00975525
v -0.00422735 -0.04508600 -0.01391392
v -0.00329096 -0.04619395 -0.00759523
v -0.00439891 -0.04616915 -0.00722834
v -0.00527613 -0.04616545 -0.00664877
v -0.00610763 -0.04616534 -0.00589489
v -0.03971071 -0.03156763 -0.00682973
v -0.03043830 -0.03876649 -0.00758893
v -0.02248146 -0.04212744 -0.00883353
v -0.01434395 -0.04464247 -0.00794427
v -0.00682255 -0.04616539 -0.00504959
v -0.00302598 -0.04593560 -0.00960982
v 0.01921367 -0.04305502 -0.02815527
v 0.02516684 -0.04677420 -0.00740346
v 0.02350230 -0.04647486 -0.01325774
v 0.02181954 -0.04559823 -0.01911782
v 0.02072160 -0.04470432 -0.02294473
v 0.01655548 -0.03874464 -0.03745262
v 0.01785301 -0.04111619 -0.03284008
v 0.02216188 -0.03823728 -0.04004808
v 0.04414719 -0.02868272 -0.05135592
v 0.05855667 -0.04443987 -0.02752160
v 0.04431923 -0.03193181 -0.04938500
v 0.03669283 -0.03365720 -0.04818307
v 0.02908804 -0.03472012 -0.04652944
v 0.02917923 -0.03671492 -0.04404599
v 0.02973761 -0.04123642 -0.03601696
v 0.02794000 -0.04560458 -0.02080743
v 0.03093746 -0.04484877 -0.02513128
v 0.03437267 -0.04557836 -0.02221445
v 0.04076099 -0.04555099 -0.02275059
v 0.04495501 -0.04479331 -0.02635492
v 0.03032898 -0.04332048 -0.03056169
v 0.03762644 -0.04346362 -0.03119823
v 0.04474503 -0.04324670 -0.03201387
v 0.03719677 -0.04141981 -0.03679488
v 0.04458278 -0.04105546 -0.03772321
v 0.02928580 -0.03854943 -0.04124572
v 0.03697178 -0.03997723 -0.03981755
v 0.04454892 -0.03941936 -0.04089000
v 0.03683335 -0.03827800 -0.04271509
v 0.03673016 -0.03616691 -0.04557349
v 0.04440941 -0.03494704 -0.04681198
v 0.04449307 -0.03744907 -0.04389410
v 0.05162736 -0.03345274 -0.04739742
v 0.05175616 -0.03614417 -0.04467565
v 0.05173383 -0.03846242 -0.04162492
v 0.05169317 -0.04280154 -0.03290009
v 0.02927440 -0.04647663 -0.01484777
v 0.03055104 -0.04677479 -0.00893996
v 0.03601837 -0.04674967 -0.01022186
v 0.03519092 -0.04645375 -0.01610485
v 0.04117964 -0.04641145 -0.01677385
v 0.05006660 -0.00921998 -0.05719776
v 0.04969739 -0.00756114 -0.05732827
v 0.06849571 -0.01149112 -0.05655619
v 0.06823131 -0.01002125 -0.05702152
v 0.06810168 -0.00789941 -0.05734046
v 0.06808549 0.00475740 -0.05730937
v 0.04951085 0.00372511 -0.05731179
v 0.04939195 0.00495707 -0.05721172
v 0.04843253 0.00921072 -0.05576778
v 0.04910626 0.00748026 -0.05661910
v 0.06811308 0.00803213 -0.05657621
v 0.06966863 0.03701928 0.01235442
v 0.06965557 0.03634600 0.01346128
v 0.06961206 0.02277336 0.02724830
v 0.06963319 0.02154436 0.02801732
v 0.06960751 0.02637268 0.02464810
v 0.06962128 0.02397097 0.02644132
v 0.06963571 0.03294483 0.01817433
v 0.06964582 0.03119442 0.02017005
v 0.06962726 0.02980163 0.02160299
v 0.06960092 0.02738451 0.02381391
v 0.06962931 0.03400134 0.01684339
v 0.06964735 0.03865525 0.00931966
v 0.06965167 0.03962755 0.00719626
v 0.06969490 0.04102059 0.00347508
v 0.06968781 0.04046990 0.00506845
v 0.06969817 0.04322850 -0.00975969
v 0.06971848 0.04310775 -0.00710661
v 0.06971286 0.04290696 -0.00505744
v 0.06969147 0.04217103 -0.00073369
v 0.06970844 0.04322261 -0.01140207
v 0.06974518 0.04299465 -0.01504016
v 0.06974541 0.04287622 -0.01607086
v 0.06974139 0.04213632 -0.02031347
v 0.06974634 0.03945294 -0.02849126
v 0.06976955 0.04039697 -0.02615611
v 0.06976912 0.04095921 -0.02455314
v 0.06975787 0.03858161 -0.03035969
v 0.06978832 0.03700087 -0.03327714
v 0.06980603 0.03144436 -0.04079030
v 0.06979124 0.03285149 -0.03917795
v 0.06977411 0.03388422 -0.03788740
v 0.06978403 0.03626855 -0.03447507
v 0.06979174 0.02967514 -0.04261824
v 0.06979198 0.02644556 -0.04548140
v 0.06984019 0.02081316 -0.04934005
v 0.06981333 0.02257527 -0.04826711
v 0.06981677 0.02394595 -0.04734987
v 0.07049037 0.02001854 -0.04971400
v 0.05088118 0.00702543 0.03601669
v 0.06795103 0.00667943 0.03609595
v 0.05042944 0.00896751 0.03527951
v 0.06790178 0.00905604 0.03526359
v 0.05005475 0.00985640 0.03479620
v 0.04632144 0.03673678 0.01221507
v 0.04561204 0.04045470 -0.02448876
v 0.04496378 0.01612834 -0.05087749
v 0.04627607 0.02385079 -0.04703474
v 0.04599425 0.03091699 -0.04079216
v 0.04575304 0.03655473 -0.03313702
v 0.04558581 0.04246274 -0.01523096
v 0.04568473 0.04250141 -0.00575847
v 0.04592301 0.04056776 0.00352482
v 0.04689737 0.03114583 0.01993775
v 0.04759526 0.02410420 0.02624251
v 0.10358709 -0.01051498 -0.04879700
v 0.10387745 -0.01490984 -0.04738364
v 0.10356393 -0.01922397 -0.04578600
v 0.10392663 -0.02316916 -0.04335712
v 0.10360851 -0.02702832 -0.04079154
v 0.10391877 -0.03032544 -0.03753679
v 0.10354837 -0.03350778 -0.03416724
v 0.10381446 -0.03598819 -0.03025139
v 0.10340306 -0.03832283 -0.02624141
v 0.10364270 -0.03985224 -0.02185940
v 0.10321853 -0.04119671 -0.01741790
v 0.10349147 -0.04166235 -0.01280936
v 0.10313835 -0.04190789 -0.00818465
v 0.10350585 -0.04125637 -0.00359987
v 0.10324108 -0.04038931 0.00095605
v 0.10365518 -0.03866741 0.00527115
v 0.10339009 -0.03677343 0.00951430
v 0.10376288 -0.03411428 0.01332394
v 0.10344287 -0.03131672 0.01703349
v 0.10375541 -0.02787224 0.02014627
v 0.10341804 -0.02432238 0.02309924
v 0.10374723 -0.02024481 0.02532977
v 0.10338617 -0.01609124 0.02740469
v 0.10372955 -0.01165350 0.02861449
v 0.10342211 -0.00710762 0.02965410
v 0.10340217 -0.00247863 0.03000244
v 0.10341941 0.00213788 0.02979404
v 0.10375259 0.00671074 0.02887708
v 0.10334075 0.01125516 0.02781340
v 0.10351175 0.01553383 0.02593985
v 0.10309722 0.01962970 0.02388927
v 0.10343891 0.02329964 0.02103158
v 0.10311278 0.02683716 0.01801310
v 0.10345950 0.02974892 0.01438184
v 0.10313495 0.03249429 0.01063007
v 0.10348472 0.03448665 0.00642684
v 0.10316073 0.03629437 0.00214094
v 0.10350780 0.03726312 -0.00240512
v 0.10318597 0.03803329 -0.00699012
v 0.10353246 0.03792682 -0.01163760
v 0.10320860 0.03762088 -0.01627500
v 0.10355332 0.03644574 -0.02077131
v 0.10322867 0.03508004 -0.02521233
v 0.10357157 0.03290019 -0.02931557
v 0.10324473 0.03054899 -0.03332217
v 0.10358566 0.02748251 -0.03681148
v 0.10325637 0.02427197 -0.04016894
v 0.10359408 0.02048495 -0.04285726
v 0.10332184 0.01662335 -0.04533251
v 0.10380573 0.01229148 -0.04700240
v 0.10358136 0.00789057 -0.04852523
v 0.10393187 0.00328882 -0.04920980
v 0.10358172 -0.00130596 -0.04974054
v 0.10392171 -0.00589461 -0.04935291
v 0.11197114 -0.00219750 0.01091360
v 0.11197065 -0.00805700 0.00998856
v 0.11197048 0.01365654 0.00396659
v 0.11197030 0.00912038 0.00778339
v 0.11197065 0.00368694 0.01016320
v 0.11197036 0.01878419 -0.01257867
v 0.11197072 0.01869148 -0.00664535
v 0.11197078 0.01693523 -0.00097880
v 0.11197079 0.00963636 -0.02727593
v 0.11197069 0.01406247 -0.02332566
v 0.11197029 0.01719993 -0.01828951
v 0.11197058 -0.00745921 -0.02999736
v 0.11197033 -0.00157810 -0.03075716
v 0.11197058 0.00427787 -0.02982305
v 0.11197035 -0.02071786 -0.01885291
v 0.11197073 -0.01743231 -0.02379355
v 0.11197080 -0.01289092 -0.02761057
v 0.11197080 -0.02096787 -0.00154241
v 0.11197076 -0.02255481 -0.00725850
v 0.11197040 -0.02247113 -0.01319179
v 0.11197035 -0.01341710 0.00744803
v 0.11197052 -0.01783774 0.00349815
v 0.10962894 0.00157175 0.02356342
v 0.10963247 -0.02313653 -0.03601285
v 0.10963265 -0.01654364 -0.04020947
v 0.10963391 -0.00916059 -0.04276996
v 0.10963462 -0.00139083 -0.04355952
v 0.10963383 0.00635202 -0.04253955
v 0.10962339 -0.00239134 0.02374949
v 0.10962899 -0.00634713 0.02344562
v 0.10963359 -0.01387071 0.02152827
v 0.10963474 -0.02079702 0.01791675
v 0.10963436 -0.02670376 0.01281018
v 0.10963224 0.03020023 0.00021320
v 0.10963267 0.02699751 0.00734206
v 0.10963421 0.02223570 0.01353785
v 0.10963461 0.01617972 0.01846662
v 0.10963350 0.00914903 0.02187061
v 0.10963253 0.01365583 -0.03976085
v 0.10963233 0.02012115 -0.03537013
v 0.10963313 0.02539762 -0.02960533
v 0.10963475 0.02919983 -0.02277991
v 0.10963464 0.03132764 -0.01526889
v 0.10963285 0.03167011 -0.00746246
v 0.10963286 -0.03127922 0.00647563
v 0.10963247 -0.03426849 -0.00074521
v 0.10963311 -0.03550955 -0.00846105
v 0.10963487 -0.03493529 -0.01625379
v 0.10963497 -0.03258517 -0.02369812
v 0.10963333 -0.02858186 -0.03040744
v 0.07045628 -0.02168708 -0.05255585
v 0.07020822 -0.04205234 -0.03330666
v 0.07040471 -0.03997613 -0.03712728
v 0.07051739 -0.03846933 -0.03945507
v 0.07058647 -0.03716682 -0.04114035
v 0.07067719 -0.03473698 -0.04384804
v 0.07071992 -0.03276923 -0.04577475
v 0.07071683 -0.03127344 -0.04701566
v 0.07071122 -0.02954500 -0.04832337
v 0.07054751 -0.02377288 -0.05164550
v 0.07065249 -0.02702510 -0.04991167
v 0.06983273 -0.04499343 -0.02501966
v 0.07003045 -0.04349890 -0.02995986
v 0.06993571 -0.04422675 -0.02788697
v 0.06847588 -0.00762923 0.03640323
v 0.06880656 -0.00964687 0.03610633
v 0.06836987 -0.00176664 0.03642844
v 0.00107300 -0.02264679 -0.04381788
v 0.03493582 -0.00883003 0.03910580
v -0.00236235 -0.02064881 0.04138725
v -0.01138411 -0.01884002 0.03937927
v -0.01968686 -0.01791103 0.03554363
v -0.02694131 -0.01739152 0.03009174
v -0.03283461 -0.01708708 0.02325212
v -0.03705729 -0.01683309 0.01530980
v -0.03949975 -0.01677002 0.00667401
v -0.04005735 -0.01688186 -0.00228644
v -0.03860865 -0.01700418 -0.01116133
v -0.03528933 -0.01729338 -0.01954603
v -0.03026352 -0.01788585 -0.02709513
v -0.01583588 -0.02075732 -0.03833063
v -0.02369684 -0.01887451 -0.03346258
v 0.05705056 -0.02462621 -0.05226015
v 0.05700048 -0.02387851 -0.05255509
v 0.04284599 -0.02679945 -0.05224120
v 0.04014899 -0.02839456 -0.05163659
v 0.03828698 -0.02925162 -0.05123773
v 0.01373120 -0.02421020 -0.04745221
v 0.00107280 -0.02421031 -0.04381802
v 0.01661394 -0.03157555 -0.04663312
v 0.03592240 -0.02974328 -0.05087087
v 0.03153245 -0.03071457 -0.04998144
v 0.02743945 -0.03099562 -0.04928349
v 0.02012358 -0.03171809 -0.04744419
v 0.02349022 -0.03149615 -0.04828102
v 0.06991711 -0.04534539 0.00268249
v 0.07001164 -0.04460821 0.00561583
v 0.07020964 -0.04317001 0.01001136
v 0.07042849 -0.04147328 0.01380097
v 0.07066032 -0.03943148 0.01719767
v 0.07086797 -0.03681808 0.02056067
v 0.07096642 -0.03499034 0.02252353
v 0.07099193 -0.03362394 0.02375400
v 0.06974504 -0.04577576 -0.02126550
v 0.06971513 -0.04622085 -0.01817097
v 0.06969073 -0.04648350 -0.01556014
v 0.06967594 -0.04663186 -0.01284843
v 0.06968506 -0.04662280 -0.00865169
v 0.06982870 -0.04589731 -0.00061096
v 0.06975837 -0.04641375 -0.00461728
v 0.05804006 -0.04648787 -0.01585868
v 0.05803543 -0.04657682 -0.01469006
v 0.05803965 -0.04553552 -0.02286114
v 0.05803554 -0.04580763 -0.02124418
v 0.03722381 -0.04389425 0.01335699
v 0.03661318 -0.04306595 0.01591815
v 0.03672707 -0.04226993 0.01797291
v 0.00414447 -0.04302289 0.02117374
v 0.04028543 -0.03624821 0.02796020
v 0.04039734 -0.03496251 0.02939203
v 0.04054261 -0.03411296 0.03019212
v 0.04062986 -0.03303549 0.03111050
v 0.03713748 -0.01812678 0.03879214
v 0.03753481 -0.01961492 0.03843538
v 0.03796929 -0.03811474 0.02582681
v 0.03823751 -0.03675162 0.02778440
v 0.00827751 -0.03372136 0.03779792
v -0.00504706 -0.04421576 -0.01718497
v -0.00622317 -0.04416468 -0.01694705
v -0.00551850 -0.04463001 -0.01545909
v -0.00614150 -0.04298709 -0.02084713
v -0.00737891 -0.04124105 -0.02513978
v -0.00763646 -0.04300762 -0.02023613
v -0.00894829 -0.04115731 -0.02478545
v -0.00809115 -0.04216250 -0.02262062
v -0.00842450 -0.03950687 -0.02870884
v -0.00901281 -0.03841873 -0.03070076
v -0.01025931 -0.03960163 -0.02785035
v -0.01120930 -0.04044828 -0.02544184
v -0.01085460 -0.03831281 -0.03024323
v -0.01054852 -0.03876505 -0.02949006
v 0.03451283 -0.04670962 -0.00528191
v 0.03452237 -0.04664891 -0.00306278
v -0.00106009 -0.04665670 -0.00178539
v -0.00256615 -0.04658538 -0.00322316
v -0.00149458 -0.04665669 -0.00144154
v -0.00184805 -0.04654800 -0.00425118
v -0.00181703 -0.04665667 -0.00100546
v -0.00331314 -0.04658535 -0.00244911
v -0.00201566 -0.04665664 -0.00050073
v -0.00383442 -0.04658531 -0.00150794
v -0.00199656 -0.04665658 0.00057444
v -0.00178012 -0.04665654 0.00107177
v -0.00377831 -0.04658512 0.00164556
v -0.02432275 -0.02421013 0.03401951
v -0.02682592 -0.02387716 0.03196634
v -0.02981095 -0.02387702 0.02928537
v -0.02567500 -0.03158894 0.03093075
v -0.02352262 -0.03722322 0.02449857
v 0.03519920 -0.04624717 0.00253734
v 0.00070007 -0.04619182 0.00824449
v 0.03591930 -0.04491770 0.00988825
v 0.03598357 -0.04435998 0.01197066
v 0.00362271 -0.04413999 0.01776005
v 0.03853166 -0.04131496 0.01981193
v 0.00545283 -0.04111606 0.02586649
v 0.03735212 -0.04053062 0.02165758
v 0.03748145 -0.03971038 0.02322246
v 0.00399298 -0.04044765 0.02751310
v 0.00509183 -0.03722346 0.03357911
v 0.00594017 -0.03965377 0.02896361
v -0.00039535 -0.04616738 0.00844684
v 0.00260072 -0.04409565 0.01799060
v 0.00010739 -0.04544295 0.01233130
v 0.00138879 -0.04462890 0.01635691
v -0.00036269 -0.04544261 0.01231138
v 0.03459075 -0.04658406 -0.00109932
v 0.00003844 -0.04665645 0.00207839
v 0.00006289 -0.04639453 0.00621875
v -0.00043595 -0.04639504 0.00618980
v 0.03517270 -0.04653694 -0.00050338
v 0.03519527 -0.04642025 0.00080818
v 0.00066922 -0.04636881 0.00648982
v 0.00120968 -0.04636627 0.00647037
v 0.00065478 -0.04654296 0.00464708
v -0.00050156 -0.04665646 0.00201720
v -0.00095027 -0.04639504 0.00613150
v -0.00046480 -0.04658492 0.00409568
v 0.03530520 -0.01665718 0.03909984
v 0.03544232 -0.01718740 0.03906521
v 0.03523431 -0.01107064 0.03910842
v 0.00195826 -0.02421011 0.04177101
v 0.00412695 -0.03202928 0.03977370
v 0.00334427 -0.03723678 0.03374339
v -0.00134571 -0.02392351 0.04169108
v -0.00535074 -0.02392329 0.04145330
v -0.00112968 -0.03157020 0.04017307
v -0.00366588 -0.03722307 0.03376449
v -0.00149430 -0.04616737 0.00832239
v -0.00150131 -0.04639466 0.00603485
v -0.00137257 -0.04544348 0.01225472
v -0.00076475 -0.04464754 0.01632833
v -0.00196069 -0.04544258 0.01215884
v 0.00266215 -0.04304886 0.02122313
v 0.00203978 -0.04212564 0.02402664
v 0.00254768 -0.04044492 0.02764338
v 0.00034137 -0.04341385 0.02025584
v 0.03588781 -0.04574935 0.00576459
v 0.03585584 -0.04611174 0.00338781
v 0.00123569 -0.04601880 0.00932506
v 0.00184040 -0.04605939 0.00902571
v 0.00126937 -0.04534606 0.01285734
v 0.03647655 -0.04531448 0.00797649
v 0.03650872 -0.04516111 0.00871781
v 0.00297735 -0.04491113 0.01494900
v 0.00193985 -0.04494658 0.01486953
v 0.00299870 -0.04550790 0.01194700
v 0.00264635 -0.03878096 0.03117232
v 0.00122271 -0.03721680 0.03394699
v -0.00166225 -0.03719483 0.03391152
v -0.00146549 -0.03876508 0.03128393
v 0.00050031 -0.04044928 0.02779684
v -0.00115119 -0.04341162 0.02019940
v -0.00309510 -0.04044930 0.02762852
v -0.00225523 -0.04341390 0.02013276
v -0.00112739 -0.04213408 0.02406837
v -0.00110602 -0.04044523 0.02774128
v -0.00471211 -0.04044503 0.02735845
v -0.00425894 -0.04213394 0.02371356
v -0.00297757 -0.04544352 0.01196641
v -0.00288910 -0.04464749 0.01608764
v -0.00336897 -0.04341153 0.01994826
v -0.00489224 -0.04341393 0.01965909
v -0.00595871 -0.04341164 0.01933429
v -0.00497341 -0.04464758 0.01557080
v -0.00202676 -0.04639508 0.00586453
v -0.00257238 -0.04616742 0.00805501
v -0.00354140 -0.04544265 0.01179627
v -0.00450932 -0.04544355 0.01147720
v -0.00504893 -0.04544267 0.01123363
v -0.00360164 -0.04616745 0.00765014
v -0.00100627 -0.04665649 0.00181857
v -0.00150867 -0.04658495 0.00383580
v -0.00250847 -0.04639509 0.00567503
v -0.00301245 -0.04639472 0.00544029
v -0.00709325 -0.02421011 0.04121448
v -0.00562988 -0.03161286 0.03986028
v -0.00491587 -0.03724170 0.03356237
v -0.00901118 -0.02387696 0.04080592
v -0.01286727 -0.02387713 0.03969773
v -0.00825687 -0.03161219 0.03939182
v -0.00552944 -0.03878425 0.03078670
v -0.00671394 -0.04044931 0.02697848
v -0.00679569 -0.03724112 0.03322618
v -0.00828905 -0.03722323 0.03293593
v -0.01022677 -0.03720587 0.03235562
v -0.00952927 -0.03876503 0.02983247
v -0.00733124 -0.04213409 0.02295172
v -0.00740866 -0.04341396 0.01885538
v -0.00826162 -0.04044520 0.02650492
v -0.01016731 -0.04044934 0.02587550
v -0.01164866 -0.04044515 0.02519993
v -0.01026400 -0.04213407 0.02179794
v -0.00696295 -0.04464760 0.01478810
v -0.00597421 -0.04544360 0.01078738
v -0.00842944 -0.04341164 0.01839147
v -0.00981542 -0.04341401 0.01772204
v -0.01076751 -0.04341170 0.01712780
v -0.00884133 -0.04464766 0.01374774
v -0.00457324 -0.04616749 0.00711200
v -0.00347872 -0.04639513 0.00513766
v -0.00647783 -0.04544272 0.01047484
v -0.00733609 -0.04544365 0.00991155
v -0.00779112 -0.04544279 0.00953875
v -0.00546237 -0.04616754 0.00645440
v -0.00144237 -0.04665651 0.00149611
v -0.00322388 -0.04658506 0.00256754
v -0.00244984 -0.04658500 0.00331453
v -0.00389484 -0.04639516 0.00482990
v -0.00431800 -0.04639479 0.00447479
v -0.00579081 -0.04639533 0.00222747
v -0.00558449 -0.04639529 0.00270210
v -0.00532916 -0.04639487 0.00320407
v -0.00752030 -0.04616767 0.00386353
v -0.01085158 -0.04544293 0.00582299
v -0.01056851 -0.04544384 0.00635281
v -0.00999976 -0.04544293 0.00719006
v -0.01343515 -0.04464792 0.00931061
v -0.02042525 -0.04044518 0.01880166
v -0.01651186 -0.04341197 0.01169166
v -0.01586963 -0.04341420 0.01259226
v -0.01930778 -0.04044943 0.02000321
v -0.01483981 -0.04341178 0.01374991
v -0.01784228 -0.04213417 0.01619024
v -0.01995417 -0.03722158 0.02748540
v -0.02200270 -0.03720584 0.02583333
v -0.02023377 -0.03876505 0.02390365
v -0.01778769 -0.04044529 0.02131585
v -0.01845745 -0.02383550 0.03746447
v -0.02196732 -0.02383550 0.03552043
v -0.02143115 -0.03161016 0.03403812
v -0.01593562 -0.02421012 0.03866496
v -0.01259991 -0.03158895 0.03817273
v -0.01271395 -0.03722158 0.03149552
v -0.01748531 -0.03161015 0.03622364
v -0.01818980 -0.03722912 0.02861884
v -0.01333350 -0.03877472 0.02831615
v -0.01347019 -0.04044937 0.02432017
v -0.01693028 -0.03877472 0.02632404
v -0.01645583 -0.03722349 0.02971022
v -0.01461075 -0.03722914 0.03060115
v -0.01303278 -0.04213412 0.02026442
v -0.01205290 -0.04341407 0.01628311
v -0.01556668 -0.04213422 0.01839041
v -0.01654080 -0.04044939 0.02234546
v -0.01485147 -0.04044518 0.02345555
v -0.01056027 -0.04464775 0.01247643
v -0.00856335 -0.04544371 0.00887268
v -0.01210409 -0.04464776 0.01098383
v -0.01406919 -0.04341413 0.01457633
v -0.01291264 -0.04341179 0.01557507
v -0.00501452 -0.04639525 0.00365391
v -0.00626099 -0.04616758 0.00568231
v -0.00469225 -0.04639521 0.00405897
v -0.00694951 -0.04616766 0.00481675
v -0.00965925 -0.04544377 0.00766502
v -0.00897133 -0.04544282 0.00843742
v -0.00597621 -0.04639496 0.00171688
v -0.00796102 -0.04616778 0.00284931
v -0.01131916 -0.04544390 0.00489146
v -0.01453852 -0.04464788 0.00746778
v -0.01152335 -0.04544308 0.00434829
v -0.01736350 -0.04341426 0.01043640
v -0.01980439 -0.04213439 0.01372383
v -0.01789719 -0.04341187 0.00943120
v -0.02316458 -0.03878431 0.02101924
v -0.02177864 -0.04044947 0.01728038
v -0.02270927 -0.04044543 0.01597175
v -0.03117467 -0.02421021 0.02787629
v -0.02901239 -0.03161219 0.02789578
v -0.02456090 -0.03724109 0.02338663
v -0.02584310 -0.03724166 0.02197151
v -0.03230146 -0.02392337 0.02652589
v -0.03462763 -0.02392356 0.02325693
v -0.02667756 -0.03722303 0.02101912
v -0.03080298 -0.03161280 0.02591752
v -0.03651756 -0.02421016 0.02037920
v -0.03345547 -0.03157008 0.02226860
v -0.02382868 -0.04044950 0.01432185
v -0.02574197 -0.03876518 0.01783800
v -0.02786513 -0.03719479 0.01939864
v -0.02942567 -0.03721675 0.01697189
v -0.03037857 -0.03723673 0.01506543
v -0.02782871 -0.03878107 0.01429320
v -0.01859676 -0.04341433 0.00803546
v -0.02143074 -0.04213423 0.01100742
v -0.02460183 -0.04044518 0.01286101
v -0.02552119 -0.04044954 0.01102689
v -0.02607635 -0.04044559 0.00953277
v -0.02268704 -0.04213457 0.00811698
v -0.01185176 -0.04544397 0.00340351
v -0.01539070 -0.04464809 0.00550698
v -0.01898055 -0.04341215 0.00700664
v -0.01947174 -0.04341440 0.00559094
v -0.01971958 -0.04341222 0.00452676
v -0.01596766 -0.04464817 0.00349753
v -0.00608990 -0.04639540 0.00118574
v -0.00825952 -0.04616783 0.00180973
v -0.01198403 -0.04544315 0.00284184
v -0.01218962 -0.04544404 0.00185976
v -0.01225003 -0.04544314 0.00126281
v -0.00842397 -0.04616785 0.00071617
v -0.00207689 -0.04665661 0.00003813
v -0.00409432 -0.04658525 -0.00046396
v -0.00407519 -0.04658518 0.00061155
v -0.00616679 -0.04639541 0.00067393
v -0.00621665 -0.04639505 0.00011291
v -0.04176661 -0.02421026 0.00209627
v -0.04169109 -0.02392364 -0.00134569
v -0.04145330 -0.02392342 -0.00535077
v -0.04017320 -0.03157005 -0.00112964
v -0.03376503 -0.03722299 -0.00366592
v -0.00567383 -0.04639558 -0.00250777
v -0.00586335 -0.04639556 -0.00202606
v -0.00603366 -0.04639513 -0.00150065
v -0.00805405 -0.04616803 -0.00257171
v -0.01179553 -0.04544338 -0.00354085
v -0.01196565 -0.04544423 -0.00297708
v -0.01215806 -0.04544329 -0.00196027
v -0.01608716 -0.04464829 -0.00288880
v -0.02762878 -0.04044970 -0.00309500
v -0.01994805 -0.04341226 -0.00336874
v -0.02013256 -0.04341461 -0.00225497
v -0.02021835 -0.04341232 -0.00074158
v -0.02406839 -0.04213470 -0.00112715
v -0.03394750 -0.03721672 0.00122281
v -0.03391206 -0.03719473 -0.00166221
v -0.03128434 -0.03876526 -0.00146543
v -0.02774152 -0.04044563 -0.00110587
v -0.02779706 -0.04044966 0.00050052
v -0.03374386 -0.03723670 0.00334438
v -0.02764358 -0.04044530 0.00254795
v -0.03117270 -0.03878111 0.00264653
v -0.04084564 -0.02384300 0.00864930
v -0.04151148 -0.02384296 0.00469264
v -0.04001993 -0.03161103 0.00415245
v -0.03356645 -0.03722336 0.00517755
v -0.04019664 -0.02421016 0.01154055
v -0.03310269 -0.03721784 0.00738348
v -0.03927872 -0.03160894 0.00860183
v -0.03767858 -0.02384293 0.01804291
v -0.03921305 -0.02384300 0.01433571
v -0.03612766 -0.03161101 0.01770959
v -0.03120070 -0.03722336 0.01341731
v -0.03785957 -0.03160895 0.01354478
v -0.02948888 -0.03876531 0.01055019
v -0.02672192 -0.04044959 0.00767220
v -0.03059429 -0.03876533 0.00670012
v -0.03264460 -0.03722344 0.00937242
v -0.03188953 -0.03721784 0.01154811
v -0.02353749 -0.04213464 0.00515498
v -0.02002688 -0.04341447 0.00305460
v -0.02400595 -0.04213442 0.00203838
v -0.02748376 -0.04044962 0.00419150
v -0.02707980 -0.04044563 0.00612659
v -0.01628551 -0.04464811 0.00138322
v -0.01232859 -0.04544411 0.00022269
v -0.01632783 -0.04464830 -0.00076425
v -0.02025517 -0.04341455 0.00036506
v -0.02013842 -0.04341208 0.00192310
v -0.00613030 -0.04639550 -0.00094958
v -0.00844582 -0.04616794 -0.00039471
v -0.00618859 -0.04639548 -0.00043521
v -0.00832138 -0.04616796 -0.00149377
v -0.01225395 -0.04544418 -0.00137207
v -0.01231061 -0.04544327 -0.00036211
v -0.04080594 -0.02387708 -0.00901113
v -0.03969773 -0.02387725 -0.01286728
v -0.03866494 -0.02421025 -0.01593565
v -0.03817287 -0.03158876 -0.01259998
v -0.03235618 -0.03720577 -0.01022694
v -0.03149607 -0.03722148 -0.01271417
v -0.00543908 -0.04639521 -0.00301175
v -0.00764915 -0.04616807 -0.00360102
v -0.01147645 -0.04544429 -0.00450882
v -0.01557034 -0.04464841 -0.00497301
v -0.01123286 -0.04544342 -0.00504848
v -0.02735871 -0.04044545 -0.00471203
v -0.01965889 -0.04341468 -0.00489198
v -0.02371360 -0.04213459 -0.00425878
v -0.01933410 -0.04341241 -0.00595844
v -0.03060169 -0.03722904 -0.01461102
v -0.02831656 -0.03877492 -0.01333368
v -0.03746446 -0.02383563 -0.01845747
v -0.03552041 -0.02383562 -0.02196732
v -0.03622376 -0.03160996 -0.01748540
v -0.02971074 -0.03722339 -0.01645613
v -0.02632441 -0.03877492 -0.01693054
v -0.03401950 -0.02421022 -0.02432275
v -0.02861935 -0.03722902 -0.01819013
v -0.03403826 -0.03160995 -0.02143123
v -0.02748588 -0.03722147 -0.01995455
v -0.02390396 -0.03876524 -0.02023410
v -0.03196632 -0.02387725 -0.02682593
v -0.02928539 -0.02387707 -0.02981091
v -0.02583377 -0.03720573 -0.02200312
v -0.03093086 -0.03158872 -0.02567511
v -0.02449900 -0.03722311 -0.02352303
v -0.02787629 -0.02421021 -0.03117467
v -0.02338700 -0.03724100 -0.02456134
v -0.02789597 -0.03161193 -0.02901246
v -0.02101944 -0.03878451 -0.02316494
v -0.02197181 -0.03724157 -0.02584359
v -0.02652585 -0.02392340 -0.03230148
v -0.02325694 -0.02392364 -0.03462762
v -0.02591755 -0.03161257 -0.03080318
v -0.02101939 -0.03722292 -0.02667807
v -0.01286087 -0.04044553 -0.02460214
v -0.01429321 -0.03878123 -0.02782912
v -0.01783815 -0.03876536 -0.02574236
v -0.01939891 -0.03719468 -0.02786562
v -0.02037922 -0.02421024 -0.03651755
v -0.01506557 -0.03723664 -0.03037904
v -0.02226867 -0.03156989 -0.03345559
v -0.01697207 -0.03721665 -0.02942617
v -0.01433570 -0.02384307 -0.03921306
v -0.01804294 -0.02384299 -0.03767858
v -0.01174466 -0.03694255 -0.03233951
v -0.01347449 -0.03722335 -0.03117657
v -0.01770966 -0.03161086 -0.03612776
v -0.01190783 -0.02421024 -0.04008480
v 0.00149064 -0.03154594 -0.04236235
v -0.00971778 -0.03691583 -0.03310799
v -0.01355404 -0.03155983 -0.03788558
v -0.00900007 -0.04304978 -0.01940243
v -0.01101607 -0.04212705 -0.02144836
v -0.01597176 -0.04044582 -0.02270954
v -0.01432178 -0.04044989 -0.02382899
v -0.01880169 -0.04044559 -0.02042556
v -0.01728040 -0.04044987 -0.02177890
v -0.01372367 -0.04213500 -0.01980451
v -0.02131601 -0.04044571 -0.01778792
v -0.02000329 -0.04044986 -0.01930807
v -0.01619006 -0.04213481 -0.01784248
v -0.02345577 -0.04044562 -0.01485163
v -0.02234565 -0.04044983 -0.01654101
v -0.01839036 -0.04213489 -0.01556677
v -0.02520018 -0.04044559 -0.01164878
v -0.02432040 -0.04044980 -0.01347032
v -0.02026443 -0.04213480 -0.01303281
v -0.00733894 -0.04409550 -0.01663252
v -0.00749916 -0.04463033 -0.01460078
v -0.01045481 -0.04341492 -0.01735215
v -0.01169127 -0.04341266 -0.01651185
v -0.01259186 -0.04341491 -0.01586965
v -0.01374953 -0.04341251 -0.01483982
v -0.00930999 -0.04464867 -0.01343497
v -0.01457600 -0.04341488 -0.01406915
v -0.01557477 -0.04341256 -0.01291259
v -0.01098324 -0.04464856 -0.01210391
v -0.01628283 -0.04341484 -0.01205284
v -0.01712756 -0.04341247 -0.01076739
v -0.01247586 -0.04464857 -0.01056010
v -0.00438328 -0.04484757 -0.01492016
v -0.00535327 -0.04489169 -0.01437376
v -0.00624040 -0.04494794 -0.01363086
v -0.00235372 -0.04636584 -0.00615869
v -0.00324316 -0.04639521 -0.00530425
v -0.00287265 -0.04636936 -0.00585535
v -0.00644857 -0.04544398 -0.01050993
v -0.00718920 -0.04544360 -0.00999939
v -0.00378080 -0.04619234 -0.00736093
v -0.00365266 -0.04639569 -0.00501387
v -0.00405774 -0.04639567 -0.00469160
v -0.00766416 -0.04544446 -0.00965889
v -0.00843659 -0.04544353 -0.00897095
v -0.00481567 -0.04616821 -0.00694900
v -0.00447354 -0.04639526 -0.00431739
v -0.00887185 -0.04544443 -0.00856297
v -0.00953788 -0.04544352 -0.00779081
v -0.00568128 -0.04616816 -0.00626045
v -0.04121448 -0.02421025 -0.00709324
v -0.03986040 -0.03161270 -0.00562997
v -0.03356292 -0.03724161 -0.00491594
v -0.03939198 -0.03161202 -0.00825680
v -0.03078714 -0.03878444 -0.00552943
v -0.03293650 -0.03722314 -0.00828914
v -0.02983290 -0.03876522 -0.00952936
v -0.02697875 -0.04044974 -0.00671388
v -0.03322676 -0.03724103 -0.00679571
v -0.02587576 -0.04044977 -0.01016738
v -0.01885516 -0.04341474 -0.00740848
v -0.02295177 -0.04213476 -0.00733110
v -0.02179796 -0.04213476 -0.01026400
v -0.02650519 -0.04044563 -0.00826160
v -0.01078659 -0.04544434 -0.00597381
v -0.01478760 -0.04464844 -0.00696270
v -0.01772180 -0.04341479 -0.00981529
v -0.01374725 -0.04464850 -0.00884105
v -0.01839123 -0.04341242 -0.00842932
v -0.00482862 -0.04639564 -0.00389425
v -0.00513641 -0.04639563 -0.00347807
v -0.00711098 -0.04616811 -0.00457271
v -0.00991072 -0.04544439 -0.00733575
v -0.00645328 -0.04616815 -0.00546196
v -0.01047407 -0.04544346 -0.00647741
v -0.00574120 -0.04534675 -0.01157335
v -0.00367136 -0.04551166 -0.01175450
v -0.00311168 -0.04607051 -0.00859924
v -0.00389891 -0.04601870 -0.00856329
v 0.00688741 -0.04339977 -0.02347527
v 0.00629709 -0.04264137 -0.02555894
v 0.04711360 -0.04674122 -0.00900776
v 0.01159119 -0.04668262 -0.00553359
v 0.01256695 -0.04674561 -0.00368556
v 0.01083945 -0.04655083 -0.00817163
v 0.01105168 -0.04650464 -0.00896974
v 0.01015529 -0.04632590 -0.01053705
v 0.01032908 -0.04620057 -0.01156342
v 0.02436248 -0.04663882 -0.01025155
v 0.00884884 -0.04532325 -0.01663849
v 0.00952838 -0.04578614 -0.01429609
v 0.02264889 -0.04604057 -0.01623866
v 0.00764901 -0.04422810 -0.02086968
v 0.00806816 -0.04466417 -0.01937741
v 0.00834385 -0.04490498 -0.01843238
v 0.02126008 -0.04515172 -0.02106319
v 0.00433898 -0.03947450 -0.03244906
v 0.00395688 -0.03877787 -0.03376027
v 0.00504589 -0.04078080 -0.02989054
v 0.00555121 -0.04157730 -0.02812501
v 0.02105432 -0.03684262 -0.04201974
v 0.01864088 -0.03691827 -0.04126218
v 0.00649137 -0.03812061 -0.03573667
v 0.00670989 -0.03856193 -0.03497783
v 0.00598568 -0.03698594 -0.03751625
v 0.01936507 -0.03862405 -0.03849959
v 0.05694664 -0.02544386 -0.05191089
v 0.05710105 -0.02880240 -0.05013041
v 0.05703408 -0.02701397 -0.05116822
v 0.04314982 -0.02872894 -0.05139689
v 0.04426012 -0.02753254 -0.05187791
v 0.06376826 -0.04450288 -0.02721631
v 0.05730163 -0.03117978 -0.04857906
v 0.05726086 -0.03007512 -0.04935339
v 0.04322466 -0.03031401 -0.05047705
v 0.04127042 -0.03196589 -0.04947080
v 0.04176468 -0.03121552 -0.04999279
v 0.04433711 -0.03016035 -0.05049069
v 0.03766992 -0.03244625 -0.04917761
v 0.03558108 -0.03317560 -0.04856985
v 0.03312436 -0.03403061 -0.04759163
v 0.04050189 -0.03294386 -0.04869609
v 0.02940714 -0.03439217 -0.04692929
v 0.02781161 -0.03464299 -0.04644143
v 0.02446587 -0.03634706 -0.04358420
v 0.02780554 -0.03571597 -0.04511749
v 0.02542770 -0.03610270 -0.04416195
v 0.02922284 -0.03568177 -0.04536522
v 0.01077925 -0.04072172 -0.03169509
v 0.01142427 -0.04174730 -0.02942882
v 0.02438193 -0.04221086 -0.03191629
v 0.02295958 -0.03989816 -0.03689223
v 0.02365424 -0.04119529 -0.03434780
v 0.02581513 -0.03974445 -0.03801991
v 0.02568054 -0.04604271 -0.01708063
v 0.02485268 -0.04560026 -0.01996193
v 0.02429841 -0.04515118 -0.02192116
v 0.02573864 -0.04477355 -0.02403107
v 0.02938293 -0.04522825 -0.02297621
v 0.03114104 -0.04561260 -0.02139363
v 0.03271261 -0.04520915 -0.02372715
v 0.05488218 -0.04583315 -0.02107233
v 0.04399277 -0.04554625 -0.02279289
v 0.03760141 -0.04556306 -0.02249459
v 0.05698291 -0.04513902 -0.02473853
v 0.05700307 -0.04468637 -0.02661065
v 0.04605827 -0.04517673 -0.02457023
v 0.05178823 -0.04458174 -0.02707544
v 0.03803869 -0.04483168 -0.02571834
v 0.03961437 -0.04514238 -0.02449942
v 0.04283060 -0.04515857 -0.02463486
v 0.01237612 -0.04357507 -0.02451862
v 0.02462342 -0.04314762 -0.02944184
v 0.02544976 -0.04403745 -0.02667002
v 0.03003155 -0.04231777 -0.03322666
v 0.03064072 -0.04411929 -0.02775857
v 0.03435197 -0.04420834 -0.02800332
v 0.04134179 -0.04418461 -0.02859303
v 0.03398486 -0.04339102 -0.03089458
v 0.05690282 -0.04392653 -0.02940844
v 0.05698432 -0.04360992 -0.03041240
v 0.05164597 -0.04392647 -0.02949237
v 0.04485037 -0.04406884 -0.02904476
v 0.04124031 -0.04336172 -0.03159226
v 0.03344478 -0.04135654 -0.03634778
v 0.03372415 -0.04239608 -0.03363859
v 0.03740629 -0.04245928 -0.03399129
v 0.04109196 -0.04234851 -0.03440127
v 0.05701204 -0.04204735 -0.03452117
v 0.05714355 -0.04110309 -0.03652765
v 0.04464489 -0.04219284 -0.03481005
v 0.04095064 -0.04127425 -0.03718727
v 0.02453761 -0.03697979 -0.04262593
v 0.02562674 -0.03839215 -0.04062933
v 0.02918656 -0.03761544 -0.04269051
v 0.02945652 -0.03990843 -0.03863212
v 0.03322872 -0.04057527 -0.03799023
v 0.03706184 -0.04070119 -0.03832523
v 0.04086258 -0.04049891 -0.03882944
v 0.03305133 -0.03931394 -0.04044343
v 0.05717839 -0.04026720 -0.03812490
v 0.05727971 -0.03919731 -0.03988162
v 0.04456304 -0.04025381 -0.03931067
v 0.04079116 -0.03973480 -0.04030699
v 0.03293022 -0.03747679 -0.04341360
v 0.03299700 -0.03841857 -0.04198417
v 0.03689486 -0.03917302 -0.04121467
v 0.04073162 -0.03886903 -0.04178791
v 0.03316595 -0.03503098 -0.04654809
v 0.03669749 -0.03491237 -0.04691586
v 0.03279389 -0.03549422 -0.04598876
v 0.03286678 -0.03650035 -0.04474718
v 0.03676029 -0.03728470 -0.04409434
v 0.05739489 -0.03546952 -0.04472476
v 0.05740500 -0.03426411 -0.04596263
v 0.04435178 -0.03346278 -0.04813008
v 0.04052203 -0.03423790 -0.04757040
v 0.04056380 -0.03561415 -0.04615909
v 0.05726865 -0.03827479 -0.04128668
v 0.05733670 -0.03774864 -0.04201236
v 0.04451954 -0.03850395 -0.04232158
v 0.04066786 -0.03791388 -0.04325621
v 0.04061920 -0.03682418 -0.04473064
v 0.04445347 -0.03628197 -0.04530222
v 0.06079718 -0.03351324 -0.04628596
v 0.06080816 -0.03279362 -0.04692039
v 0.06080359 -0.03180999 -0.04770935
v 0.04810292 -0.03282271 -0.04829049
v 0.04820911 -0.03404692 -0.04723902
v 0.06076541 -0.03718071 -0.04232692
v 0.06081984 -0.03619300 -0.04353906
v 0.04825929 -0.03567179 -0.04560099
v 0.04830564 -0.03671365 -0.04438501
v 0.06070021 -0.03874106 -0.04021795
v 0.04832446 -0.03881286 -0.04145314
v 0.04825613 -0.03812670 -0.04250695
v 0.06043357 -0.04297020 -0.03198548
v 0.06041720 -0.04337516 -0.03089059
v 0.04828637 -0.04294847 -0.03267175
v 0.04815376 -0.04204254 -0.03504287
v 0.02722205 -0.04663982 -0.01103811
v 0.02636549 -0.04647628 -0.01404128
v 0.02860918 -0.04604476 -0.01787801
v 0.03175320 -0.04603529 -0.01854945
v 0.04978344 -0.04674337 -0.00994604
v 0.02784853 -0.04677417 -0.00819093
v 0.02994705 -0.04664078 -0.01177778
v 0.05248315 -0.04667677 -0.01223695
v 0.05249129 -0.04672873 -0.01079200
v 0.04156836 -0.04665603 -0.01258112
v 0.03328756 -0.04676059 -0.00964712
v 0.04120252 -0.04652342 -0.01532222
v 0.03476325 -0.04602550 -0.01917152
v 0.03223354 -0.04646720 -0.01545697
v 0.03288553 -0.04662987 -0.01239718
v 0.03562679 -0.04661921 -0.01296595
v 0.05506334 -0.04623299 -0.01828011
v 0.05507708 -0.04641726 -0.01670980
v 0.04417055 -0.04649559 -0.01578533
v 0.03781971 -0.04601018 -0.01945239
v 0.04098207 -0.04599636 -0.01971835
v 0.03821302 -0.04642707 -0.01649649
v 0.04584424 -0.01835376 -0.05467916
v 0.04731983 -0.01802097 -0.05480374
v 0.04353772 -0.01841768 -0.05449534
v 0.04414972 -0.01852501 -0.05452591
v 0.04150998 -0.01843801 -0.05425778
v 0.03891179 -0.01826518 -0.05389644
v 0.03714558 -0.01791934 -0.05362559
v 0.03470825 -0.01761779 -0.05314612
v 0.03346284 -0.01693336 -0.05290305
v 0.03093777 -0.01652758 -0.05224650
v 0.03457412 -0.01728371 -0.05314504
v 0.04983635 -0.00833508 -0.05728723
v 0.06945510 -0.01632753 -0.05466062
v 0.05597760 -0.01909540 -0.05443799
v 0.05561788 -0.01854152 -0.05464825
v 0.05904794 -0.00983228 -0.05713192
v 0.06844480 -0.01133876 -0.05661564
v 0.05903574 -0.00869289 -0.05732127
v 0.05904759 -0.00774140 -0.05740973
v 0.06819643 -0.00877838 -0.05723984
v 0.06811290 -0.00176671 -0.05736597
v 0.03081992 -0.00955174 -0.05221451
v 0.01811528 -0.00937356 -0.04856458
v 0.03086474 -0.01111526 -0.05222729
v 0.04955095 -0.00178884 -0.05731986
v 0.05904951 -0.00181113 -0.05742799
v 0.05904811 0.00377611 -0.05742534
v 0.01780621 -0.00854928 -0.04842519
v 0.05904469 0.00507745 -0.05733057
v 0.04945419 0.00395501 -0.05729682
v 0.01358646 -0.00506495 -0.04585412
v 0.01727071 -0.00702056 -0.04800200
v 0.01387587 -0.00606459 -0.04634590
v 0.04916277 0.00583049 -0.05703853
v 0.04872409 0.00868687 -0.05607413
v 0.06822570 0.00606348 -0.05709225
v 0.05907853 0.00629131 -0.05711453
v 0.05896421 0.00989711 -0.05575133
v 0.05903698 0.00803682 -0.05661827
v 0.06966608 0.03670102 0.01288618
v 0.06960594 0.02218487 0.02761979
v 0.06961916 0.02332215 0.02688137
v 0.06962422 0.02517637 0.02554529
v 0.06965156 0.03207628 0.01916920
v 0.06964036 0.03052042 0.02087004
v 0.06959407 0.02686881 0.02424432
v 0.06961522 0.02857921 0.02272713
v 0.06964597 0.03519043 0.01513849
v 0.06962254 0.03343901 0.01756024
v 0.06967296 0.03781417 0.01088958
v 0.06962662 0.03916405 0.00822332
v 0.06968050 0.04006404 0.00610108
v 0.06969565 0.04072544 0.00434194
v 0.06971432 0.04317155 -0.00843493
v 0.06972446 0.04301772 -0.00613536
v 0.06969535 0.04157783 0.00147738
v 0.06970127 0.04256510 -0.00298105
v 0.06968606 0.04323066 -0.01054146
v 0.06973677 0.04311079 -0.01325660
v 0.06975388 0.04294142 -0.01553561
v 0.06973862 0.04253959 -0.01806068
v 0.06976015 0.03993793 -0.02730084
v 0.06975756 0.04153125 -0.02253377
v 0.06978045 0.04066173 -0.02541300
v 0.06973792 0.03903473 -0.02940047
v 0.06978268 0.03777711 -0.03185375
v 0.06980224 0.03216875 -0.03996468
v 0.06978279 0.03332064 -0.03859829
v 0.06979531 0.03665767 -0.03384645
v 0.06977468 0.03509325 -0.03616880
v 0.06981098 0.03062251 -0.04164751
v 0.06977387 0.02808688 -0.04404093
v 0.05993470 0.01548228 -0.05247984
v 0.06860728 0.01532278 -0.05257717
v 0.06981127 0.02165971 -0.04882800
v 0.06981795 0.02511472 -0.04648421
v 0.06981745 0.02324111 -0.04782531
v 0.06950122 0.01489513 -0.05272476
v 0.07047900 0.02029966 -0.04955740
v 0.02605461 -0.00655438 0.03875916
v 0.02230726 -0.00580092 0.03833123
v 0.06815619 0.00507566 0.03635811
v 0.03445760 -0.00751347 0.03897338
v 0.05900578 0.00702249 0.03603625
v 0.02178136 -0.00472261 0.03788581
v 0.05065742 0.00783819 0.03574346
v 0.05896029 0.00818470 0.03564509
v 0.06863570 0.01569597 0.03145249
v 0.06792981 0.00812224 0.03564461
v 0.05899373 0.00926254 0.03518058
v 0.02126571 -0.00373777 0.03734183
v 0.05992897 0.01578214 0.03139537
v 0.05021002 0.00970164 0.03489464
v 0.05897356 0.01008527 0.03473910
v 0.01094006 0.01092953 0.02156555
v 0.00793375 0.01131885 0.01822712
v 0.05902932 0.03703849 0.01236414
v 0.05901752 0.03652798 0.01320152
v 0.05896060 0.03524115 0.01506311
v 0.05897594 0.03801672 0.01054621
v 0.00400175 0.01287312 -0.01908685
v 0.00571894 0.01256885 -0.02302674
v 0.05898279 0.04165637 -0.02218014
v 0.05896994 0.04004203 -0.02704607
v 0.05902543 0.04060653 -0.02565076
v 0.05904106 0.04099860 -0.02452904
v 0.01244322 -0.00088824 -0.04323885
v 0.04599098 0.01266737 -0.05309960
v 0.00892216 0.00401470 -0.03793587
v 0.01199674 0.00320468 -0.04071334
v 0.04839544 0.01641946 -0.05174125
v 0.05899597 0.02547785 -0.04624680
v 0.05900745 0.02205320 -0.04860125
v 0.05903285 0.02304950 -0.04799164
v 0.05904640 0.02396428 -0.04737907
v 0.04499817 0.01932212 -0.04915597
v 0.00860293 0.00740522 -0.03469335
v 0.05904454 0.03135092 -0.04094042
v 0.05901538 0.03223106 -0.03993203
v 0.05896201 0.03282866 -0.03918884
v 0.05901679 0.03019966 -0.04212656
v 0.05896399 0.02854341 -0.04360779
v 0.04613744 0.02731197 -0.04405875
v 0.00586794 0.01070439 -0.02725269
v 0.00829619 0.01023134 -0.03071755
v 0.05893738 0.03844849 -0.03053549
v 0.05899366 0.03797370 -0.03154430
v 0.05904245 0.03702913 -0.03329149
v 0.05897363 0.03518873 -0.03604302
v 0.05902884 0.03648428 -0.03418158
v 0.04560921 0.03852389 -0.02887225
v 0.04582203 0.03373123 -0.03705590
v 0.00289956 0.01407628 -0.00636760
v 0.00303433 0.01396841 -0.01069136
v 0.00396479 0.01382889 -0.01475322
v 0.05892650 0.04316154 -0.01200725
v 0.05898323 0.04315469 -0.01289859
v 0.05903741 0.04302250 -0.01503990
v 0.05903070 0.04292588 -0.01588020
v 0.05897383 0.04254062 -0.01813173
v 0.04550932 0.04149165 -0.01987543
v 0.00369672 0.01410498 0.00229175
v 0.00297299 0.01411299 -0.00208038
v 0.05896496 0.04315883 -0.00819499
v 0.05902206 0.04308601 -0.00659023
v 0.05903096 0.04294844 -0.00520192
v 0.05897118 0.04255531 -0.00284757
v 0.04554968 0.04251924 -0.01045950
v 0.00761266 0.01301001 0.01417776
v 0.00539189 0.01317473 0.01058344
v 0.00385386 0.01330448 0.00648863
v 0.05892334 0.03965736 0.00697506
v 0.05896642 0.04012789 0.00593624
v 0.05903156 0.04103270 0.00351316
v 0.05902065 0.04065251 0.00461609
v 0.05897389 0.04167260 0.00119854
v 0.04609648 0.03865294 0.00801245
v 0.04573695 0.04156149 -0.00102829
v 0.01504513 0.00775664 0.02796827
v 0.01143318 0.00839237 0.02529092
v 0.05899842 0.03227565 0.01896703
v 0.05902781 0.03120778 0.02018448
v 0.05900369 0.03028193 0.02113539
v 0.05894618 0.02893079 0.02237463
v 0.05894187 0.03288324 0.01820726
v 0.04664549 0.03389892 0.01626307
v 0.01974983 0.00349012 0.03296300
v 0.01578066 0.00433632 0.03122203
v 0.05901626 0.02318237 0.02699489
v 0.05899083 0.02245130 0.02745411
v 0.05899128 0.02541508 0.02538526
v 0.05902517 0.02398172 0.02645569
v 0.05893489 0.02602829 0.02488290
v 0.04912272 0.01650946 0.03086998
v 0.04736932 0.02747835 0.02333292
v 0.08492242 -0.01033421 -0.05339182
v 0.08579519 -0.01904485 -0.05033243
v 0.08575141 -0.01827605 -0.05063775
v 0.08478553 -0.01325717 -0.05259678
v 0.08483124 -0.01283136 -0.05272299
v 0.10361223 -0.01272765 -0.04817378
v 0.08582395 -0.02094852 -0.04953703
v 0.08587362 -0.02250917 -0.04880262
v 0.10358961 -0.01710041 -0.04666829
v 0.08595990 -0.02719287 -0.04599568
v 0.08593133 -0.02628097 -0.04663250
v 0.08590907 -0.02451302 -0.04768624
v 0.10363320 -0.02125279 -0.04463355
v 0.08595237 -0.03063353 -0.04332666
v 0.08594743 -0.03002195 -0.04386557
v 0.08595529 -0.02885444 -0.04479410
v 0.10365683 -0.02514482 -0.04214060
v 0.08589147 -0.03370898 -0.04035098
v 0.08592498 -0.03221149 -0.04188320
v 0.10365223 -0.02873031 -0.03922494
v 0.08577817 -0.03672296 -0.03668258
v 0.08580756 -0.03619822 -0.03740376
v 0.08585956 -0.03520073 -0.03864002
v 0.10362261 -0.03196352 -0.03592142
v 0.08564450 -0.03906344 -0.03308110
v 0.08572423 -0.03791896 -0.03493549
v 0.10357043 -0.03480239 -0.03227015
v 0.08546853 -0.04113392 -0.02897331
v 0.08556433 -0.04015889 -0.03101951
v 0.10349873 -0.03720870 -0.02831572
v 0.08540498 -0.04193884 -0.02691387
v 0.08524885 -0.04279645 -0.02447720
v 0.08534234 -0.04242907 -0.02560487
v 0.10341198 -0.03914813 -0.02410723
v 0.08510830 -0.04382323 -0.02039866
v 0.08518826 -0.04332200 -0.02245335
v 0.08502835 -0.04416460 -0.01845212
v 0.10331498 -0.04059160 -0.01969809
v 0.08499937 -0.04442930 -0.01648679
v 0.08495857 -0.04461206 -0.01496560
v 0.08492082 -0.04472652 -0.01355348
v 0.08491266 -0.04478979 -0.01189308
v 0.10322995 -0.04150758 -0.01514463
v 0.08489597 -0.04482081 -0.00981286
v 0.08489428 -0.04474235 -0.00705026
v 0.08492306 -0.04460220 -0.00545551
v 0.10318624 -0.04186816 -0.01051036
v 0.08498472 -0.04397011 -0.00068443
v 0.08504709 -0.04377067 0.00026358
v 0.08493601 -0.04438797 -0.00340061
v 0.10319385 -0.04166314 -0.00586567
v 0.08508029 -0.04332084 0.00226310
v 0.08517255 -0.04267075 0.00462337
v 0.10325334 -0.04089533 -0.00128209
v 0.08525625 -0.04190385 0.00681312
v 0.08534382 -0.04105463 0.00896682
v 0.10333598 -0.03959012 0.00317404
v 0.08542220 -0.04003119 0.01107537
v 0.08548412 -0.03913258 0.01277703
v 0.10341313 -0.03778005 0.00744501
v 0.08553466 -0.03785870 0.01478383
v 0.08556768 -0.03670112 0.01648485
v 0.10346663 -0.03549849 0.01147918
v 0.08558511 -0.03515143 0.01840159
v 0.08558030 -0.03379963 0.01993827
v 0.10349374 -0.03277639 0.01522718
v 0.08558516 -0.03223816 0.02146842
v 0.08555678 -0.03174939 0.02194373
v 0.08551725 -0.03068714 0.02287782
v 0.05516131 -0.03064348 0.02974631
v 0.10348784 -0.02965075 0.01864496
v 0.05517463 -0.02904317 0.03097024
v 0.05332963 -0.02847729 0.03176790
v 0.10345853 -0.02615664 0.02168671
v 0.05332108 -0.02601544 0.03322806
v 0.10347338 -0.02231972 0.02428345
v 0.08442578 -0.01349917 0.03220232
v 0.05324643 -0.02327194 0.03447816
v 0.10345461 -0.01821528 0.02643277
v 0.08454318 -0.01037173 0.03307149
v 0.08450501 -0.01117763 0.03290150
v 0.10341834 -0.01389069 0.02810006
v 0.08453279 -0.00799999 0.03350772
v 0.10347724 -0.00939038 0.02920605
v 0.08442078 -0.00494489 0.03375244
v 0.08448485 -0.00542080 0.03372330
v 0.08443344 0.00087753 0.03374979
v 0.10346275 -0.00479842 0.02981970
v 0.08450547 0.00321615 0.03363237
v 0.08456188 0.00402365 0.03353669
v 0.10344818 -0.00016538 0.02989613
v 0.08454376 0.00667784 0.03309623
v 0.10348787 0.00444159 0.02940617
v 0.08444064 0.00930765 0.03238587
v 0.08435318 0.01008442 0.03213208
v 0.10345191 0.00896892 0.02842319
v 0.08408076 0.01263103 0.03110569
v 0.10333949 0.01336847 0.02695651
v 0.08480695 0.02152422 0.02597641
v 0.08480463 0.02069652 0.02649415
v 0.08482228 0.02223886 0.02549444
v 0.08385498 0.01476819 0.02996949
v 0.10314923 0.01759186 0.02501802
v 0.08482437 0.02512851 0.02337466
v 0.08482650 0.02386410 0.02432267
v 0.08484850 0.02706230 0.02167527
v 0.08483768 0.02586289 0.02276695
v 0.10315007 0.02151551 0.02251966
v 0.08487476 0.03039991 0.01830627
v 0.08486010 0.02949168 0.01933939
v 0.08484953 0.02857591 0.02028214
v 0.10315694 0.02512054 0.01958058
v 0.08488955 0.03362536 0.01415562
v 0.08487551 0.03169328 0.01680687
v 0.08487768 0.03240785 0.01590286
v 0.10317030 0.02835737 0.01624102
v 0.08490511 0.03525469 0.01166393
v 0.08489815 0.03477881 0.01244896
v 0.08492075 0.03608974 0.01012066
v 0.10317832 0.03118625 0.01255037
v 0.08492687 0.03705456 0.00825911
v 0.08493504 0.03765312 0.00694667
v 0.08495346 0.03811355 0.00578805
v 0.10319304 0.03356444 0.00855508
v 0.08495380 0.03915781 0.00294177
v 0.08495644 0.03880633 0.00396550
v 0.08496818 0.03974579 0.00082298
v 0.10320654 0.03546287 0.00431175
v 0.08499337 0.04070067 -0.00374970
v 0.08497828 0.04030081 -0.00141472
v 0.10321636 0.03685738 -0.00012216
v 0.08502797 0.04115537 -0.00853553
v 0.08500893 0.04108728 -0.00702357
v 0.08500872 0.04097647 -0.00585421
v 0.10323021 0.03772562 -0.00468768
v 0.08503813 0.04118435 -0.01051518
v 0.08503166 0.04117830 -0.01149165
v 0.08504726 0.04105018 -0.01355682
v 0.10324254 0.03805864 -0.00932231
v 0.08506409 0.04084697 -0.01554965
v 0.08505361 0.04077509 -0.01615317
v 0.08506792 0.04038531 -0.01841785
v 0.10325371 0.03785195 -0.01396359
v 0.08507765 0.03988426 -0.02067032
v 0.08508963 0.03924083 -0.02296357
v 0.10326442 0.03710813 -0.01854900
v 0.08510945 0.03770454 -0.02713806
v 0.08510427 0.03828208 -0.02571407
v 0.08511126 0.03855492 -0.02494691
v 0.08512698 0.03724003 -0.02813955
v 0.10327401 0.03583771 -0.02301656
v 0.08512366 0.03633858 -0.02999770
v 0.08512527 0.03543824 -0.03165732
v 0.08514463 0.03503153 -0.03232548
v 0.10328335 0.03405755 -0.02730595
v 0.08516520 0.03197923 -0.03673436
v 0.08514330 0.03257363 -0.03598880
v 0.08513740 0.03391858 -0.03407161
v 0.10329133 0.03179225 -0.03135962
v 0.08515648 0.02990511 -0.03921036
v 0.08516080 0.03075574 -0.03823582
v 0.08517097 0.02894981 -0.04020116
v 0.10329841 0.02907232 -0.03512274
v 0.08516740 0.02739869 -0.04170740
v 0.08517163 0.02562454 -0.04327501
v 0.10330456 0.02593453 -0.03854468
v 0.08518374 0.02387546 -0.04462478
v 0.08519468 0.02076467 -0.04673912
v 0.08518350 0.02172949 -0.04615029
v 0.08517713 0.02263943 -0.04554206
v 0.10330808 0.02242165 -0.04158009
v 0.08438587 0.01310606 -0.05118582
v 0.08519346 0.01912923 -0.04771525
v 0.08518723 0.01870292 -0.04795744
v 0.10331184 0.01858039 -0.04418684
v 0.08471476 0.01044564 -0.05230648
v 0.10346375 0.01443148 -0.04626071
v 0.08493034 0.00750544 -0.05318921
v 0.10360072 0.01007995 -0.04784070
v 0.08493858 0.00420386 -0.05381213
v 0.08498735 0.00508262 -0.05366122
v 0.10365752 0.00559046 -0.04894381
v 0.08483722 -0.00453348 -0.05404495
v 0.08485844 0.00148478 -0.05403549
v 0.10364210 0.00100964 -0.04955682
v 0.08495505 -0.00773538 -0.05382073
v 0.08490475 -0.00691838 -0.05392226
v 0.10365597 -0.00820913 -0.04914977
v 0.10362397 -0.00361237 -0.04963534
v 0.11197560 -0.00511631 0.01039032
v 0.11197479 0.01135246 0.00583107
v 0.11197560 0.00073550 0.01047730
v 0.11200001 0.00824593 0.00637996
v 0.11197511 0.00637771 0.00891884
v 0.11197534 0.01867502 -0.00961048
v 0.11200002 0.00699705 0.00437165
v 0.11197546 0.01524420 0.00145731
v 0.11200001 0.00982009 0.00400851
v 0.11200001 0.01706406 -0.00690314
v 0.11197563 0.01775190 -0.00383093
v 0.11200000 0.01568447 -0.01762762
v 0.11200001 0.01479969 -0.01206283
v 0.11197562 0.01180618 -0.02525331
v 0.11197459 0.01793934 -0.01541923
v 0.11197524 0.01557741 -0.02077702
v 0.11197499 -0.00451250 -0.03031888
v 0.11200001 0.00092308 -0.00946925
v 0.11200001 0.01010529 -0.01517926
v 0.11197553 0.00693109 -0.02849135
v 0.11200001 0.00872572 -0.02590372
v 0.11200001 -0.00160270 -0.02910392
v 0.11197499 0.00134193 -0.03023195
v 0.11200000 -0.01202168 -0.02621215
v 0.11200001 -0.00638763 -0.02612836
v 0.11197528 -0.01902224 -0.02129105
v 0.11197554 -0.01015085 -0.02874509
v 0.11197563 -0.01511989 -0.02565333
v 0.11200000 -0.02007858 -0.01018653
v 0.11197565 -0.02169938 -0.00441748
v 0.11197464 -0.02154224 -0.01600588
v 0.11200000 -0.02092104 -0.00746774
v 0.11197538 -0.02245026 -0.01022177
v 0.11200001 -0.00756742 0.00841411
v 0.11197514 -0.01070950 0.00866460
v 0.11200001 -0.00969054 0.00651832
v 0.11200001 -0.00658228 -0.01303259
v 0.11200001 -0.01857549 -0.00776947
v 0.11200001 -0.01700124 -0.01014080
v 0.11197548 -0.01935011 0.00094281
v 0.11197483 -0.01559016 0.00543018
v 0.10689493 -0.00030942 0.02724404
v 0.10690209 0.00188171 0.02712754
v 0.10726116 0.00421181 0.02638390
v 0.11135860 -0.00047562 0.01567400
v 0.11135677 0.00248571 0.01530698
v 0.10726122 -0.02322450 -0.03991299
v 0.10690210 -0.02539872 -0.03879259
v 0.10726117 -0.02693685 -0.03689087
v 0.11135683 -0.01932890 -0.02866999
v 0.11135679 -0.01700769 -0.03062006
v 0.10726119 -0.01573170 -0.04402428
v 0.10690215 -0.01810563 -0.04343545
v 0.10726124 -0.02004087 -0.04193971
v 0.11135680 -0.01128277 -0.03371831
v 0.11135674 -0.01405738 -0.03249732
v 0.10989339 -0.01956360 -0.03767627
v 0.10690214 -0.00993853 -0.04627133
v 0.10726119 -0.01216657 -0.04526221
v 0.10726123 -0.00749274 -0.04629678
v 0.11135660 -0.00797613 -0.03486091
v 0.11135672 -0.00497185 -0.03525489
v 0.10989489 -0.01268424 -0.04100038
v 0.10726118 0.00104821 -0.04660805
v 0.10690211 -0.00133747 -0.04714729
v 0.10726122 -0.00373815 -0.04667916
v 0.11135629 -0.00150762 -0.03560045
v 0.10989857 -0.00522390 -0.04264330
v 0.10726112 0.00943075 -0.04494126
v 0.10690204 0.00723371 -0.04601616
v 0.10726115 0.00478976 -0.04611429
v 0.11135670 0.00194481 -0.03515223
v 0.11135656 0.00493610 -0.03466926
v 0.10989852 0.00241334 -0.04252989
v 0.10690214 -0.00244433 0.02731499
v 0.11135630 -0.00227118 0.01576817
v 0.10967739 -0.00043975 0.02356594
v 0.10726120 -0.00906982 0.02618645
v 0.10690213 -0.00676286 0.02699901
v 0.10689495 -0.00457617 0.02718060
v 0.11135862 -0.00406316 0.01562056
v 0.11135679 -0.00701223 0.01516558
v 0.10967741 -0.00433659 0.02350799
v 0.10726121 -0.01720216 0.02355771
v 0.10690213 -0.01514475 0.02488042
v 0.10726120 -0.01272873 0.02526162
v 0.11135665 -0.01040242 0.01430401
v 0.11135678 -0.01314271 0.01301015
v 0.10989441 -0.00995456 0.02198645
v 0.10726119 -0.02450904 0.01912442
v 0.10690214 -0.02281213 0.02088590
v 0.10726121 -0.02054916 0.02181401
v 0.11135636 -0.01623359 0.01139185
v 0.10989770 -0.01709103 0.01926028
v 0.10726117 -0.03059660 0.01312555
v 0.10690207 -0.02935167 0.01523092
v 0.10726116 -0.02736372 0.01665588
v 0.11135673 -0.01886628 0.00912559
v 0.11135659 -0.02112057 0.00710165
v 0.10989959 -0.02340702 0.01496520
v 0.10726119 0.03241659 0.00342288
v 0.10690212 0.03361742 0.00129204
v 0.10726119 0.03385750 -0.00114205
v 0.11135669 0.02296948 -0.00371817
v 0.11135670 0.02207177 -0.00082233
v 0.10726124 0.02841560 0.01097514
v 0.10690220 0.03007544 0.00917865
v 0.10726123 0.03087042 0.00686556
v 0.11135672 0.01896403 0.00489475
v 0.11135663 0.02063738 0.00236718
v 0.10989332 0.02812898 0.00356586
v 0.10726120 0.02278085 0.01740122
v 0.10690213 0.02481027 0.01603596
v 0.10726121 0.02611724 0.01396851
v 0.11135649 0.01682804 0.00766629
v 0.11135662 0.01451444 0.00962232
v 0.10989533 0.02420705 0.01012272
v 0.10726119 0.01581602 0.02235457
v 0.10690210 0.01810558 0.02149415
v 0.10726118 0.01985409 0.01978386
v 0.11135628 0.01181544 0.01180927
v 0.10989946 0.01887637 0.01559395
v 0.10726117 0.00789658 0.02556823
v 0.10690211 0.01032285 0.02525899
v 0.10726120 0.01241866 0.02399802
v 0.11135670 0.00867773 0.01333492
v 0.11135660 0.00590013 0.01454667
v 0.10989434 0.00522102 0.02221218
v 0.10989760 0.01243540 0.01969937
v 0.10726111 0.01720292 -0.04138622
v 0.10690204 0.01531298 -0.04293880
v 0.10726113 0.01295755 -0.04359792
v 0.11135669 0.01094461 -0.03212615
v 0.11135676 0.00820740 -0.03342900
v 0.10989480 0.00982158 -0.04066606
v 0.10726115 0.02394575 -0.03613455
v 0.10690211 0.02246476 -0.03808116
v 0.10726114 0.02032483 -0.03926575
v 0.11135672 0.01383796 -0.03016208
v 0.11135674 0.01610032 -0.02814389
v 0.10989323 0.01659928 -0.03713907
v 0.10726117 0.02929566 -0.02946952
v 0.10690204 0.02830359 -0.03170520
v 0.10726112 0.02649453 -0.03335130
v 0.11135660 0.01845993 -0.02556200
v 0.11135669 0.02006522 -0.02299128
v 0.10989389 0.02237785 -0.03214012
v 0.10726120 0.03296431 -0.02175030
v 0.10690210 0.03251455 -0.02415449
v 0.10726119 0.03113386 -0.02617342
v 0.11135633 0.02176191 -0.01993408
v 0.10989674 0.02684323 -0.02594115
v 0.10726124 0.03475387 -0.01339311
v 0.10690223 0.03487061 -0.01583623
v 0.10726126 0.03399278 -0.01811917
v 0.11135640 0.02351649 -0.01368036
v 0.11135655 0.02271516 -0.01660162
v 0.10990049 0.02975610 -0.01888031
v 0.10726119 0.03456801 -0.00484855
v 0.10690211 0.03524507 -0.00719886
v 0.10726119 0.03491734 -0.00962270
v 0.11135669 0.02367513 -0.01018415
v 0.11135659 0.02362531 -0.00715350
v 0.10989354 0.03042847 -0.00372073
v 0.10989596 0.03098058 -0.01134083
v 0.10726120 -0.03513658 0.00588447
v 0.10690208 -0.03441077 0.00822019
v 0.10726117 -0.03280503 0.01006517
v 0.11135676 -0.02477044 0.00169174
v 0.11135684 -0.02317309 0.00426787
v 0.10989552 -0.02857259 0.00933795
v 0.10726123 -0.03788428 -0.00220842
v 0.10690213 -0.03771667 0.00023172
v 0.10726122 -0.03657970 0.00239727
v 0.11135683 -0.02610928 -0.00153886
v 0.11135684 -0.02692044 -0.00445996
v 0.10989356 -0.03229776 0.00266744
v 0.10726119 -0.03869164 -0.01071684
v 0.10690211 -0.03909126 -0.00830382
v 0.10726122 -0.03848433 -0.00593442
v 0.11135675 -0.02747382 -0.00791313
v 0.11135685 -0.02743354 -0.01094380
v 0.10989381 -0.03437958 -0.00468412
v 0.10726119 -0.03751501 -0.01918211
v 0.10690209 -0.03846037 -0.01692628
v 0.10726118 -0.03841624 -0.01448077
v 0.11135671 -0.02628337 -0.01732966
v 0.11135657 -0.02717109 -0.01443359
v 0.10989622 -0.03470500 -0.01231717
v 0.10726126 -0.03441783 -0.02714777
v 0.10690216 -0.03585793 -0.02517077
v 0.10726122 -0.03637897 -0.02278105
v 0.11135646 -0.02523160 -0.02063225
v 0.10990071 -0.03325704 -0.01981687
v 0.10726118 -0.02956722 -0.03418457
v 0.10690210 -0.03142440 -0.03259298
v 0.10726124 -0.03248247 -0.03038777
v 0.11135682 -0.02344492 -0.02363756
v 0.11135671 -0.02176405 -0.02615939
v 0.10989406 -0.02548810 -0.03285133
v 0.10989695 -0.03013563 -0.02678786
f 304 1258 1197
f 1258 312 1250
f 1197 1250 26
f 1258 1250 1197
f 1 436 1123
f 436 21 1124
f 1123 1124 256
f 436 1124 1123
f 356 1420 1422
f 1420 283 1418
f 1422 1418 355
f 1420 1418 1422
f 277 1409 1155
f 1409 353 1408
f 1155 1408 276
f 1409 1408 1155
f 304 1197 1196
f 1197 26 441
f 1196 441 25
f 1197 441 1196
f 26 525 441
f 525 84 524
f 441 524 25
f 525 524 441
f 21 436 457
f 436 1 456
f 457 456 40
f 436 456 457
f 40 456 1125
f 456 1 1123
f 1125 1123 256
f 456 1123 1125
f 324 1308 1309
f 1308 15 432
f 1309 432 16
f 1308 432 1309
f 336 1352 1557
f 1352 335 1556
f 1557 1556 400
f 1352 1556 1557
f 319 1296 1290
f 1296 320 1295
f 1290 1295 9
f 1296 1295 1290
f 392 1522 1516
f 1522 393 1521
f 1516 1521 385
f 1522 1521 1516
f 385 1493 1516
f 1493 384 1515
f 1516 1515 392
f 1493 1515 1516
f 392 1515 1665
f 1515 384 1664
f 1665 1664 418
f 1515 1664 1665
f 392 1512 1522
f 1512 318 1519
f 1522 1519 393
f 1512 1519 1522
f 319 1293 1513
f 1293 318 1512
f 1513 1512 392
f 1293 1512 1513
f 392 1514 1513
f 1514 320 1296
f 1513 1296 319
f 1514 1296 1513
f 392 1665 1514
f 1665 418 1660
f 1514 1660 320
f 1665 1660 1514
f 255 1122 1128
f 1122 254 1127
f 1128 1127 256
f 1122 1127 1128
f 358 1607 1435
f 1607 409 1608
f 1435 1608 359
f 1607 1608 1435
f 293 1440 1173
f 1440 361 1441
f 1173 1441 294
f 1440 1441 1173
f 276 1408 1412
f 1408 353 1415
f 1412 1415 354
f 1408 1415 1412
f 281 1414 1416
f 1414 354 1419
f 1416 1419 355
f 1414 1419 1416
f 283 1420 1164
f 1420 356 1421
f 1164 1421 286
f 1420 1421 1164
f 286 1425 1165
f 1425 357 1424
f 1165 1424 285
f 1425 1424 1165
f 356 1427 1421
f 1427 357 1425
f 1421 1425 286
f 1427 1425 1421
f 368 1531 1525
f 1531 395 1533
f 1525 1533 394
f 1531 1533 1525
f 364 1452 1453
f 1452 260 1448
f 1453 1448 363
f 1452 1448 1453
f 366 1536 1529
f 1536 396 1539
f 1529 1539 395
f 1536 1539 1529
f 366 1456 1457
f 1456 255 1137
f 1457 1137 260
f 1456 1137 1457
f 297 1216 1177
f 1216 307 1213
f 1177 1213 294
f 1216 1213 1177
f 297 1178 1216
f 1178 296 1215
f 1216 1215 307
f 1178 1215 1216
f 272 1253 1201
f 1253 312 1258
f 1201 1258 304
f 1253 1258 1201
f 141 719 713
f 719 143 718
f 713 718 139
f 719 718 713
f 304 1196 1267
f 1196 25 1261
f 1267 1261 313
f 1196 1261 1267
f 314 1274 1276
f 1274 270 1265
f 1276 1265 313
f 1274 1265 1276
f 33 1210 450
f 1210 307 1211
f 450 1211 34
f 1210 1211 450
f 307 1217 1211
f 1217 306 1208
f 1211 1208 34
f 1217 1208 1211
f 34 1134 449
f 1134 259 1133
f 449 1133 21
f 1134 1133 449
f 21 457 859
f 457 40 860
f 859 860 188
f 457 860 859
f 303 1275 1192
f 1275 314 1268
f 1192 1268 23
f 1275 1268 1192
f 23 1186 1192
f 1186 301 1194
f 1192 1194 303
f 1186 1194 1192
f 263 1270 1142
f 1270 314 1271
f 1142 1271 264
f 1270 1271 1142
f 314 1275 1271
f 1275 303 1193
f 1271 1193 264
f 1275 1193 1271
f 56 1317 475
f 1317 326 1318
f 475 1318 57
f 1317 1318 475
f 254 1119 1120
f 1119 250 1113
f 1120 1113 251
f 1119 1113 1120
f 256 1127 1126
f 1127 254 1120
f 1126 1120 251
f 1127 1120 1126
f 251 1111 1126
f 1111 40 1125
f 1126 1125 256
f 1111 1125 1126
f 251 1113 1112
f 1113 250 1109
f 1112 1109 44
f 1113 1109 1112
f 230 1018 1026
f 1018 229 1025
f 1026 1025 232
f 1018 1025 1026
f 256 1124 1131
f 1124 21 1129
f 1131 1129 257
f 1124 1129 1131
f 21 1133 1129
f 1133 259 1135
f 1129 1135 257
f 1133 1135 1129
f 257 1130 1131
f 1130 255 1128
f 1131 1128 256
f 1130 1128 1131
f 257 1135 1138
f 1135 259 1140
f 1138 1140 260
f 1135 1140 1138
f 260 1137 1138
f 1137 255 1130
f 1138 1130 257
f 1137 1130 1138
f 334 1555 1350
f 1555 400 1556
f 1350 1556 335
f 1555 1556 1350
f 389 1506 1499
f 1506 390 1501
f 1499 1501 369
f 1506 1501 1499
f 383 1491 1503
f 1491 384 1504
f 1503 1504 390
f 1491 1504 1503
f 418 1664 1663
f 1664 384 1491
f 1663 1491 383
f 1664 1491 1663
f 382 1484 1483
f 1484 376 1472
f 1483 1472 369
f 1484 1472 1483
f 369 1501 1483
f 1501 390 1502
f 1483 1502 382
f 1501 1502 1483
f 390 1504 1502
f 1504 384 1490
f 1502 1490 382
f 1504 1490 1502
f 388 1496 1497
f 1496 383 1494
f 1497 1494 386
f 1496 1494 1497
f 386 1494 1505
f 1494 383 1503
f 1505 1503 390
f 1494 1503 1505
f 327 1320 1323
f 1320 57 1318
f 1323 1318 326
f 1320 1318 1323
f 327 1327 1322
f 1327 328 1326
f 1322 1326 59
f 1327 1326 1322
f 390 1506 1564
f 1506 389 1563
f 1564 1563 401
f 1506 1563 1564
f 401 1563 1565
f 1563 389 1558
f 1565 1558 400
f 1563 1558 1565
f 401 1562 1561
f 1562 334 1347
f 1561 1347 333
f 1562 1347 1561
f 400 1555 1565
f 1555 334 1562
f 1565 1562 401
f 1555 1562 1565
f 416 1652 1653
f 1652 383 1496
f 1653 1496 388
f 1652 1496 1653
f 5 1301 1305
f 1301 322 1306
f 1305 1306 323
f 1301 1306 1305
f 320 1660 1300
f 1660 418 1661
f 1300 1661 321
f 1660 1661 1300
f 418 1662 1661
f 1662 322 1303
f 1661 1303 321
f 1662 1303 1661
f 11 1286 1292
f 1286 318 1293
f 1292 1293 319
f 1286 1293 1292
f 292 1434 1171
f 1434 359 1433
f 1171 1433 291
f 1434 1433 1171
f 292 1171 1231
f 1171 291 1230
f 1231 1230 309
f 1171 1230 1231
f 309 1229 1231
f 1229 288 1170
f 1231 1170 292
f 1229 1170 1231
f 292 1170 1430
f 1170 288 1429
f 1430 1429 358
f 1170 1429 1430
f 358 1435 1430
f 1435 359 1434
f 1430 1434 292
f 1435 1434 1430
f 294 1213 1223
f 1213 307 1224
f 1223 1224 308
f 1213 1224 1223
f 308 1222 1223
f 1222 293 1173
f 1223 1173 294
f 1222 1173 1223
f 308 1218 1233
f 1218 33 1226
f 1233 1226 309
f 1218 1226 1233
f 308 1224 1218
f 1224 307 1210
f 1218 1210 33
f 1224 1210 1218
f 309 1230 1233
f 1230 291 1221
f 1233 1221 308
f 1230 1221 1233
f 361 1440 1442
f 1440 293 1438
f 1442 1438 360
f 1440 1438 1442
f 360 1439 1609
f 1439 359 1608
f 1609 1608 409
f 1439 1608 1609
f 360 1601 1442
f 1601 408 1602
f 1442 1602 361
f 1601 1602 1442
f 409 1612 1609
f 1612 408 1601
f 1609 1601 360
f 1612 1601 1609
f 355 1418 1417
f 1418 283 1162
f 1417 1162 282
f 1418 1162 1417
f 282 1161 1417
f 1161 281 1416
f 1417 1416 355
f 1161 1416 1417
f 276 1412 1159
f 1412 354 1413
f 1159 1413 280
f 1412 1413 1159
f 354 1414 1413
f 1414 281 1160
f 1413 1160 280
f 1414 1160 1413
f 287 1167 1228
f 1167 288 1229
f 1228 1229 309
f 1167 1229 1228
f 358 1429 1428
f 1429 288 1167
f 1428 1167 287
f 1429 1167 1428
f 287 1426 1428
f 1426 357 1431
f 1428 1431 358
f 1426 1431 1428
f 316 1524 1517
f 1524 394 1528
f 1517 1528 393
f 1524 1528 1517
f 404 1582 1579
f 1582 403 1571
f 1579 1571 348
f 1582 1571 1579
f 298 1450 1179
f 1450 363 1448
f 1179 1448 260
f 1450 1448 1179
f 367 1530 1465
f 1530 395 1531
f 1465 1531 368
f 1530 1531 1465
f 367 1461 1530
f 1461 366 1529
f 1530 1529 395
f 1461 1529 1530
f 255 1456 1460
f 1456 366 1461
f 1460 1461 367
f 1456 1461 1460
f 367 1465 1459
f 1465 368 1463
f 1459 1463 254
f 1465 1463 1459
f 254 1122 1459
f 1122 255 1460
f 1459 1460 367
f 1122 1460 1459
f 364 1534 1455
f 1534 396 1535
f 1455 1535 365
f 1534 1535 1455
f 396 1536 1535
f 1536 366 1458
f 1535 1458 365
f 1536 1458 1535
f 365 1454 1455
f 1454 260 1452
f 1455 1452 364
f 1454 1452 1455
f 365 1458 1454
f 1458 366 1457
f 1454 1457 260
f 1458 1457 1454
f 361 1602 1447
f 1602 408 1603
f 1447 1603 362
f 1602 1603 1447
f 294 1441 1443
f 1441 361 1447
f 1443 1447 362
f 1441 1447 1443
f 362 1446 1443
f 1446 297 1177
f 1443 1177 294
f 1446 1177 1443
f 296 1178 1445
f 1178 297 1446
f 1445 1446 362
f 1178 1446 1445
f 377 1604 1479
f 1604 408 1605
f 1479 1605 378
f 1604 1605 1479
f 378 1605 1610
f 1605 408 1612
f 1610 1612 409
f 1605 1612 1610
f 378 1477 1478
f 1477 374 1475
f 1478 1475 376
f 1477 1475 1478
f 378 1486 1479
f 1486 382 1485
f 1479 1485 377
f 1486 1485 1479
f 376 1484 1478
f 1484 382 1486
f 1478 1486 378
f 1484 1486 1478
f 376 1475 1476
f 1475 374 1471
f 1476 1471 375
f 1475 1471 1476
f 411 1620 1619
f 1620 356 1422
f 1619 1422 355
f 1620 1422 1619
f 355 1419 1619
f 1419 354 1618
f 1619 1618 411
f 1419 1618 1619
f 266 1273 1143
f 1273 314 1270
f 1143 1270 263
f 1273 1270 1143
f 268 1263 1146
f 1263 313 1264
f 1146 1264 269
f 1263 1264 1146
f 269 1264 1148
f 1264 313 1265
f 1148 1265 270
f 1264 1265 1148
f 87 528 579
f 528 59 577
f 579 577 102
f 528 577 579
f 87 552 528
f 552 94 550
f 528 550 59
f 552 550 528
f 120 640 641
f 640 118 637
f 641 637 119
f 640 637 641
f 139 718 706
f 718 143 717
f 706 717 138
f 718 717 706
f 59 1326 477
f 1326 328 1324
f 477 1324 45
f 1326 1324 477
f 102 577 576
f 577 59 477
f 576 477 45
f 577 477 576
f 140 714 710
f 714 141 713
f 710 713 139
f 714 713 710
f 139 704 710
f 704 85 709
f 710 709 140
f 704 709 710
f 140 709 708
f 709 85 527
f 708 527 84
f 709 527 708
f 140 708 707
f 708 84 525
f 707 525 26
f 708 525 707
f 26 711 707
f 711 141 714
f 707 714 140
f 711 714 707
f 24 1260 440
f 1260 313 1261
f 440 1261 25
f 1260 1261 440
f 25 668 440
f 668 130 667
f 440 667 24
f 668 667 440
f 23 1268 439
f 1268 314 1269
f 439 1269 24
f 1268 1269 439
f 314 1276 1269
f 1276 313 1260
f 1269 1260 24
f 1276 1260 1269
f 43 985 463
f 985 222 986
f 463 986 44
f 985 986 463
f 44 1109 463
f 1109 250 1108
f 463 1108 43
f 1109 1108 463
f 250 1107 1108
f 1107 42 461
f 1108 461 43
f 1107 461 1108
f 258 1132 1209
f 1132 34 1208
f 1209 1208 306
f 1132 1208 1209
f 259 1134 1136
f 1134 34 1132
f 1136 1132 258
f 1134 1132 1136
f 258 1209 1212
f 1209 306 1217
f 1212 1217 307
f 1209 1217 1212
f 260 1140 1139
f 1140 259 1136
f 1139 1136 258
f 1140 1136 1139
f 187 855 854
f 855 34 449
f 854 449 21
f 855 449 854
f 21 859 854
f 859 188 862
f 854 862 187
f 859 862 854
f 186 850 858
f 850 34 855
f 858 855 187
f 850 855 858
f 232 1025 1024
f 1025 229 1014
f 1024 1014 223
f 1025 1014 1024
f 20 1183 437
f 1183 300 1184
f 437 1184 22
f 1183 1184 437
f 299 1185 1187
f 1185 300 1188
f 1187 1188 301
f 1185 1188 1187
f 22 1184 1181
f 1184 300 1185
f 1181 1185 299
f 1184 1185 1181
f 299 1187 1182
f 1187 301 1186
f 1182 1186 23
f 1187 1186 1182
f 23 438 1182
f 438 22 1181
f 1182 1181 299
f 438 1181 1182
f 302 1189 1195
f 1189 264 1193
f 1195 1193 303
f 1189 1193 1195
f 302 1195 1191
f 1195 303 1194
f 1191 1194 301
f 1195 1194 1191
f 301 1188 1191
f 1188 300 1190
f 1191 1190 302
f 1188 1190 1191
f 56 475 1087
f 475 57 1088
f 1087 1088 247
f 475 1088 1087
f 54 482 472
f 482 61 481
f 472 481 14
f 482 481 472
f 227 1002 1001
f 1002 61 482
f 1001 482 54
f 1002 482 1001
f 54 1096 1001
f 1096 249 1100
f 1001 1100 227
f 1096 1100 1001
f 76 512 943
f 512 75 942
f 943 942 210
f 512 942 943
f 76 546 554
f 546 93 556
f 554 556 95
f 546 556 554
f 210 941 943
f 941 57 510
f 943 510 76
f 941 510 943
f 210 942 948
f 942 75 944
f 948 944 211
f 942 944 948
f 199 937 946
f 937 208 947
f 946 947 211
f 937 947 946
f 39 1110 462
f 1110 251 1112
f 462 1112 44
f 1110 1112 462
f 40 1111 458
f 1111 251 1110
f 458 1110 39
f 1111 1110 458
f 44 986 462
f 986 222 984
f 462 984 39
f 986 984 462
f 231 1020 1019
f 1020 16 432
f 1019 432 15
f 1020 432 1019
f 231 1023 1027
f 1023 230 1026
f 1027 1026 232
f 1023 1026 1027
f 232 1031 1027
f 1031 233 1030
f 1027 1030 231
f 1031 1030 1027
f 4 1028 420
f 1028 233 1029
f 420 1029 5
f 1028 1029 420
f 5 1305 420
f 1305 323 1304
f 420 1304 4
f 1305 1304 420
f 324 1309 1307
f 1309 16 431
f 1307 431 4
f 1309 431 1307
f 4 1304 1307
f 1304 323 1310
f 1307 1310 324
f 1304 1310 1307
f 400 1558 1559
f 1558 389 1553
f 1559 1553 399
f 1558 1553 1559
f 336 1557 1549
f 1557 400 1559
f 1549 1559 399
f 1557 1559 1549
f 380 1489 1492
f 1489 384 1493
f 1492 1493 385
f 1489 1493 1492
f 380 1487 1489
f 1487 382 1490
f 1489 1490 384
f 1487 1490 1489
f 385 1521 1492
f 1521 393 1520
f 1492 1520 380
f 1521 1520 1492
f 393 1528 1520
f 1528 394 1526
f 1520 1526 380
f 1528 1526 1520
f 388 1497 1498
f 1497 386 1495
f 1498 1495 387
f 1497 1495 1498
f 387 1495 1641
f 1495 386 1640
f 1641 1640 414
f 1495 1640 1641
f 58 1321 478
f 1321 327 1322
f 478 1322 59
f 1321 1322 478
f 57 1320 476
f 1320 327 1321
f 476 1321 58
f 1320 1321 476
f 59 550 478
f 550 94 549
f 478 549 58
f 550 549 478
f 94 553 549
f 553 93 545
f 549 545 58
f 553 545 549
f 58 511 476
f 511 76 510
f 476 510 57
f 511 510 476
f 93 546 545
f 546 76 511
f 545 511 58
f 546 511 545
f 413 1634 1635
f 1634 386 1505
f 1635 1505 390
f 1634 1505 1635
f 390 1564 1635
f 1564 401 1636
f 1635 1636 413
f 1564 1636 1635
f 414 1640 1642
f 1640 386 1634
f 1642 1634 413
f 1640 1634 1642
f 418 1663 1666
f 1663 383 1658
f 1666 1658 417
f 1663 1658 1666
f 383 1652 1658
f 1652 416 1659
f 1658 1659 417
f 1652 1659 1658
f 417 1655 1666
f 1655 322 1662
f 1666 1662 418
f 1655 1662 1666
f 417 1656 1655
f 1656 323 1306
f 1655 1306 322
f 1656 1306 1655
f 417 1659 1657
f 1659 416 1649
f 1657 1649 324
f 1659 1649 1657
f 324 1310 1657
f 1310 323 1656
f 1657 1656 417
f 1310 1656 1657
f 324 1649 1314
f 1649 416 1650
f 1314 1650 325
f 1649 1650 1314
f 325 1650 1319
f 1650 416 1651
f 1319 1651 326
f 1650 1651 1319
f 325 1312 1314
f 1312 15 1308
f 1314 1308 324
f 1312 1308 1314
f 325 1311 1312
f 1311 14 430
f 1312 430 15
f 1311 430 1312
f 326 1315 1319
f 1315 54 1313
f 1319 1313 325
f 1315 1313 1319
f 325 1313 1311
f 1313 54 472
f 1311 472 14
f 1313 472 1311
f 332 1560 1342
f 1560 401 1561
f 1342 1561 333
f 1560 1561 1342
f 49 1335 1337
f 1335 331 1339
f 1337 1339 332
f 1335 1339 1337
f 332 1633 1560
f 1633 413 1636
f 1560 1636 401
f 1633 1636 1560
f 331 1632 1339
f 1632 413 1633
f 1339 1633 332
f 1632 1633 1339
f 414 1642 1639
f 1642 413 1631
f 1639 1631 330
f 1642 1631 1639
f 330 1631 1336
f 1631 413 1632
f 1336 1632 331
f 1631 1632 1336
f 8 424 1294
f 424 9 1295
f 1294 1295 320
f 424 1295 1294
f 320 1300 1294
f 1300 321 1299
f 1294 1299 8
f 1300 1299 1294
f 319 1290 1291
f 1290 9 425
f 1291 425 10
f 1290 425 1291
f 10 426 1291
f 426 11 1292
f 1291 1292 319
f 426 1292 1291
f 13 1288 429
f 1288 318 1287
f 429 1287 12
f 1288 1287 429
f 318 1286 1287
f 1286 11 427
f 1287 427 12
f 1286 427 1287
f 289 1436 1172
f 1436 360 1438
f 1172 1438 293
f 1436 1438 1172
f 293 1222 1172
f 1222 308 1219
f 1172 1219 289
f 1222 1219 1172
f 281 1161 1239
f 1161 282 1240
f 1239 1240 310
f 1161 1240 1239
f 310 1238 1239
f 1238 280 1160
f 1239 1160 281
f 1238 1160 1239
f 310 1240 1241
f 1240 282 1162
f 1241 1162 283
f 1240 1162 1241
f 276 1159 1237
f 1159 280 1238
f 1237 1238 310
f 1159 1238 1237
f 285 1424 1163
f 1424 357 1423
f 1163 1423 284
f 1424 1423 1163
f 357 1426 1423
f 1426 287 1166
f 1423 1166 284
f 1426 1166 1423
f 284 1166 1227
f 1166 287 1228
f 1227 1228 309
f 1166 1228 1227
f 368 1525 1464
f 1525 394 1523
f 1464 1523 315
f 1525 1523 1464
f 394 1524 1523
f 1524 316 1282
f 1523 1282 315
f 1524 1282 1523
f 393 1519 1518
f 1519 318 1289
f 1518 1289 317
f 1519 1289 1518
f 317 1285 1518
f 1285 316 1517
f 1518 1517 393
f 1285 1517 1518
f 317 1289 1284
f 1289 318 1288
f 1284 1288 13
f 1289 1288 1284
f 252 1280 1114
f 1280 316 1279
f 1114 1279 3
f 1280 1279 1114
f 264 1189 1376
f 1189 302 1378
f 1376 1378 345
f 1189 1378 1376
f 263 1142 1375
f 1142 264 1376
f 1375 1376 345
f 1142 1376 1375
f 345 1377 1375
f 1377 266 1143
f 1375 1143 263
f 1377 1143 1375
f 376 1575 1473
f 1575 403 1574
f 1473 1574 371
f 1575 1574 1473
f 403 1582 1574
f 1582 404 1580
f 1574 1580 371
f 1582 1580 1574
f 363 1450 1449
f 1450 298 1180
f 1449 1180 295
f 1450 1180 1449
f 296 1445 1176
f 1445 362 1444
f 1176 1444 295
f 1445 1444 1176
f 295 1444 1449
f 1444 362 1451
f 1449 1451 363
f 1444 1451 1449
f 307 1215 1214
f 1215 296 1176
f 1214 1176 295
f 1215 1176 1214
f 295 1174 1214
f 1174 258 1212
f 1214 1212 307
f 1174 1212 1214
f 295 1180 1175
f 1180 298 1179
f 1175 1179 260
f 1180 1179 1175
f 260 1139 1175
f 1139 258 1174
f 1175 1174 295
f 1139 1174 1175
f 363 1451 1596
f 1451 362 1595
f 1596 1595 407
f 1451 1595 1596
f 407 1595 1606
f 1595 362 1603
f 1606 1603 408
f 1595 1603 1606
f 407 1600 1597
f 1600 396 1534
f 1597 1534 364
f 1600 1534 1597
f 364 1453 1597
f 1453 363 1596
f 1597 1596 407
f 1453 1596 1597
f 407 1606 1598
f 1606 408 1604
f 1598 1604 377
f 1606 1604 1598
f 377 1485 1598
f 1485 382 1599
f 1598 1599 407
f 1485 1599 1598
f 407 1599 1600
f 1599 382 1538
f 1600 1538 396
f 1599 1538 1600
f 379 1481 1611
f 1481 378 1610
f 1611 1610 409
f 1481 1610 1611
f 374 1477 1480
f 1477 378 1481
f 1480 1481 379
f 1477 1481 1480
f 379 1622 1480
f 1622 411 1621
f 1480 1621 374
f 1622 1621 1480
f 412 1628 1627
f 1628 375 1471
f 1627 1471 374
f 1628 1471 1627
f 374 1621 1627
f 1621 411 1630
f 1627 1630 412
f 1621 1630 1627
f 412 1625 1624
f 1625 353 1411
f 1624 1411 352
f 1625 1411 1624
f 412 1626 1625
f 1626 354 1415
f 1625 1415 353
f 1626 1415 1625
f 412 1630 1626
f 1630 411 1618
f 1626 1618 354
f 1630 1618 1626
f 261 1151 1198
f 1151 272 1201
f 1198 1201 304
f 1151 1201 1198
f 304 1199 1198
f 1199 262 1141
f 1198 1141 261
f 1199 1141 1198
f 304 1267 1200
f 1267 313 1266
f 1200 1266 271
f 1267 1266 1200
f 271 1149 1200
f 1149 262 1199
f 1200 1199 304
f 1149 1199 1200
f 348 1389 1391
f 1389 262 1149
f 1391 1149 271
f 1389 1149 1391
f 278 1158 1405
f 1158 279 1406
f 1405 1406 352
f 1158 1406 1405
f 352 1411 1405
f 1411 353 1410
f 1405 1410 278
f 1411 1410 1405
f 353 1409 1410
f 1409 277 1156
f 1410 1156 278
f 1409 1156 1410
f 351 1402 1404
f 1402 275 1399
f 1404 1399 350
f 1402 1399 1404
f 352 1406 1407
f 1406 279 1403
f 1407 1403 351
f 1406 1403 1407
f 348 1571 1396
f 1571 403 1572
f 1396 1572 349
f 1571 1572 1396
f 403 1573 1572
f 1573 350 1400
f 1572 1400 349
f 1573 1400 1572
f 349 1394 1396
f 1394 262 1389
f 1396 1389 348
f 1394 1389 1396
f 349 1393 1394
f 1393 261 1141
f 1394 1141 262
f 1393 1141 1394
f 349 1400 1395
f 1400 350 1397
f 1395 1397 272
f 1400 1397 1395
f 272 1151 1395
f 1151 261 1393
f 1395 1393 349
f 1151 1393 1395
f 83 523 526
f 523 25 524
f 526 524 84
f 523 524 526
f 83 669 523
f 669 130 668
f 523 668 25
f 669 668 523
f 132 678 674
f 678 130 669
f 674 669 83
f 678 669 674
f 139 706 705
f 706 138 702
f 705 702 127
f 706 702 705
f 127 657 705
f 657 85 704
f 705 704 139
f 657 704 705
f 128 660 662
f 660 85 657
f 662 657 127
f 660 657 662
f 129 665 666
f 665 85 660
f 666 660 128
f 665 660 666
f 128 682 666
f 682 133 683
f 666 683 129
f 682 683 666
f 129 683 677
f 683 133 684
f 677 684 132
f 683 684 677
f 132 674 677
f 674 83 663
f 677 663 129
f 674 663 677
f 84 527 664
f 527 85 665
f 664 665 129
f 527 665 664
f 129 663 664
f 663 83 526
f 664 526 84
f 663 526 664
f 46 464 1325
f 464 45 1324
f 1325 1324 328
f 464 1324 1325
f 47 531 465
f 531 88 530
f 465 530 46
f 531 530 465
f 102 576 585
f 576 45 581
f 585 581 103
f 576 581 585
f 103 582 583
f 582 46 530
f 583 530 88
f 582 530 583
f 45 464 581
f 464 46 582
f 581 582 103
f 464 582 581
f 221 983 982
f 983 43 461
f 982 461 42
f 983 461 982
f 222 985 987
f 985 43 983
f 987 983 221
f 985 983 987
f 186 858 851
f 858 187 857
f 851 857 74
f 858 857 851
f 143 719 720
f 719 141 716
f 720 716 142
f 719 716 720
f 142 721 720
f 721 144 722
f 720 722 143
f 721 722 720
f 165 782 781
f 782 144 721
f 781 721 142
f 782 721 781
f 29 773 444
f 773 163 772
f 444 772 28
f 773 772 444
f 152 774 746
f 774 163 773
f 746 773 29
f 774 773 746
f 29 747 746
f 747 153 749
f 746 749 152
f 747 749 746
f 170 806 808
f 806 31 807
f 808 807 171
f 806 807 808
f 33 450 842
f 450 34 843
f 842 843 184
f 450 843 842
f 184 843 852
f 843 34 850
f 852 850 186
f 843 850 852
f 33 833 448
f 833 181 832
f 448 832 32
f 833 832 448
f 309 1226 1225
f 1226 33 448
f 1225 448 32
f 1226 448 1225
f 171 820 810
f 820 176 821
f 810 821 172
f 820 821 810
f 204 915 916
f 915 170 809
f 916 809 172
f 915 809 916
f 172 809 810
f 809 170 808
f 810 808 171
f 809 808 810
f 181 836 834
f 836 180 831
f 834 831 178
f 836 831 834
f 178 831 870
f 831 180 871
f 870 871 191
f 831 871 870
f 23 439 617
f 439 24 618
f 617 618 113
f 439 618 617
f 50 1338 1340
f 1338 332 1342
f 1340 1342 333
f 1338 1342 1340
f 49 1337 468
f 1337 332 1338
f 468 1338 50
f 1337 1338 468
f 20 435 1363
f 435 17 1361
f 1363 1361 340
f 435 1361 1363
f 342 1368 1369
f 1368 300 1366
f 1369 1366 341
f 1368 1366 1369
f 300 1183 1366
f 1183 20 1365
f 1366 1365 341
f 1183 1365 1366
f 20 1363 1365
f 1363 340 1367
f 1365 1367 341
f 1363 1367 1365
f 341 1508 1369
f 1508 391 1509
f 1369 1509 342
f 1508 1509 1369
f 341 1367 1508
f 1367 340 1507
f 1508 1507 391
f 1367 1507 1508
f 248 1095 1094
f 1095 247 1090
f 1094 1090 246
f 1095 1090 1094
f 246 1084 1085
f 1084 57 941
f 1085 941 210
f 1084 941 1085
f 246 1090 1084
f 1090 247 1088
f 1084 1088 57
f 1090 1088 1084
f 56 1087 480
f 1087 247 1089
f 480 1089 60
f 1087 1089 480
f 60 1089 1091
f 1089 247 1095
f 1091 1095 248
f 1089 1095 1091
f 248 1101 1091
f 1101 249 1098
f 1091 1098 60
f 1101 1098 1091
f 230 1023 1017
f 1023 231 1022
f 1017 1022 228
f 1023 1022 1017
f 15 430 1005
f 430 14 1004
f 1005 1004 228
f 430 1004 1005
f 14 481 1004
f 481 61 1006
f 1004 1006 228
f 481 1006 1004
f 228 1006 1010
f 1006 61 1002
f 1010 1002 227
f 1006 1002 1010
f 55 1316 474
f 1316 326 1317
f 474 1317 56
f 1316 1317 474
f 55 473 1316
f 473 54 1315
f 1316 1315 326
f 473 1315 1316
f 249 1096 1097
f 1096 54 473
f 1097 473 55
f 1096 473 1097
f 56 480 474
f 480 60 479
f 474 479 55
f 480 479 474
f 55 479 1097
f 479 60 1098
f 1097 1098 249
f 479 1098 1097
f 229 1018 1015
f 1018 230 1016
f 1015 1016 225
f 1018 1016 1015
f 230 1017 1016
f 1017 228 1008
f 1016 1008 225
f 1017 1008 1016
f 198 936 894
f 936 208 935
f 894 935 194
f 936 935 894
f 199 946 895
f 946 211 945
f 895 945 78
f 946 945 895
f 78 945 515
f 945 211 944
f 515 944 75
f 945 944 515
f 245 1081 1082
f 1081 211 994
f 1082 994 224
f 1081 994 1082
f 248 1094 1093
f 1094 246 1086
f 1093 1086 245
f 1094 1086 1093
f 210 948 1080
f 948 211 1081
f 1080 1081 245
f 948 1081 1080
f 245 1086 1080
f 1086 246 1085
f 1080 1085 210
f 1086 1085 1080
f 244 1078 1079
f 1078 231 1030
f 1079 1030 233
f 1078 1030 1079
f 233 1028 1079
f 1028 4 1076
f 1079 1076 244
f 1028 1076 1079
f 16 1020 1077
f 1020 231 1078
f 1077 1078 244
f 1020 1078 1077
f 244 1076 1077
f 1076 4 431
f 1077 431 16
f 1076 431 1077
f 232 1024 1037
f 1024 223 1036
f 1037 1036 235
f 1024 1036 1037
f 235 1038 1037
f 1038 233 1031
f 1037 1031 232
f 1038 1031 1037
f 219 973 972
f 973 12 427
f 972 427 11
f 973 427 972
f 370 1500 1466
f 1500 389 1499
f 1466 1499 369
f 1500 1499 1466
f 370 1552 1500
f 1552 399 1553
f 1500 1553 389
f 1552 1553 1500
f 398 1545 1544
f 1545 340 1364
f 1544 1364 339
f 1545 1364 1544
f 339 1360 1544
f 1360 338 1543
f 1544 1543 398
f 1360 1543 1544
f 398 1543 1554
f 1543 338 1551
f 1554 1551 399
f 1543 1551 1554
f 398 1547 1546
f 1547 370 1466
f 1546 1466 369
f 1547 1466 1546
f 399 1552 1554
f 1552 370 1547
f 1554 1547 398
f 1552 1547 1554
f 382 1487 1488
f 1487 380 1482
f 1488 1482 381
f 1487 1482 1488
f 395 1539 1532
f 1539 396 1537
f 1532 1537 381
f 1539 1537 1532
f 396 1538 1537
f 1538 382 1488
f 1537 1488 381
f 1538 1488 1537
f 381 1527 1532
f 1527 394 1533
f 1532 1533 395
f 1527 1533 1532
f 381 1482 1527
f 1482 380 1526
f 1527 1526 394
f 1482 1526 1527
f 415 1646 1648
f 1646 387 1641
f 1648 1641 414
f 1646 1641 1648
f 415 1654 1647
f 1654 416 1653
f 1647 1653 388
f 1654 1653 1647
f 388 1498 1647
f 1498 387 1646
f 1647 1646 415
f 1498 1646 1647
f 415 1648 1645
f 1648 414 1637
f 1645 1637 328
f 1648 1637 1645
f 328 1327 1645
f 1327 327 1644
f 1645 1644 415
f 1327 1644 1645
f 415 1644 1643
f 1644 327 1323
f 1643 1323 326
f 1644 1323 1643
f 326 1651 1643
f 1651 416 1654
f 1643 1654 415
f 1651 1654 1643
f 328 1637 1330
f 1637 414 1638
f 1330 1638 329
f 1637 1638 1330
f 414 1639 1638
f 1639 330 1333
f 1638 1333 329
f 1639 1333 1638
f 329 1333 1329
f 1333 330 1331
f 1329 1331 47
f 1333 1331 1329
f 329 1328 1330
f 1328 46 1325
f 1330 1325 328
f 1328 1325 1330
f 47 465 1329
f 465 46 1328
f 1329 1328 329
f 465 1328 1329
f 48 1334 467
f 1334 331 1335
f 467 1335 49
f 1334 1335 467
f 48 1332 1334
f 1332 330 1336
f 1334 1336 331
f 1332 1336 1334
f 47 1331 466
f 1331 330 1332
f 466 1332 48
f 1331 1332 466
f 6 1302 421
f 1302 322 1301
f 421 1301 5
f 1302 1301 421
f 6 1297 1302
f 1297 321 1303
f 1302 1303 322
f 1297 1303 1302
f 360 1436 1437
f 1436 289 1168
f 1437 1168 290
f 1436 1168 1437
f 291 1433 1169
f 1433 359 1432
f 1169 1432 290
f 1433 1432 1169
f 359 1439 1432
f 1439 360 1437
f 1432 1437 290
f 1439 1437 1432
f 290 1220 1169
f 1220 308 1221
f 1169 1221 291
f 1220 1221 1169
f 290 1168 1220
f 1168 289 1219
f 1220 1219 308
f 1168 1219 1220
f 311 1243 1259
f 1243 28 1252
f 1259 1252 312
f 1243 1252 1259
f 311 1249 1244
f 1249 310 1234
f 1244 1234 29
f 1249 1234 1244
f 29 444 1244
f 444 28 1243
f 1244 1243 311
f 444 1243 1244
f 312 1257 1259
f 1257 279 1248
f 1259 1248 311
f 1257 1248 1259
f 279 1158 1248
f 1158 278 1247
f 1248 1247 311
f 1158 1247 1248
f 311 1247 1246
f 1247 278 1156
f 1246 1156 277
f 1247 1156 1246
f 311 1246 1245
f 1246 277 1155
f 1245 1155 276
f 1246 1155 1245
f 276 1237 1245
f 1237 310 1249
f 1245 1249 311
f 1237 1249 1245
f 31 1236 1202
f 1236 310 1242
f 1202 1242 305
f 1236 1242 1202
f 309 1225 1232
f 1225 32 1203
f 1232 1203 305
f 1225 1203 1232
f 305 1203 1202
f 1203 32 447
f 1202 447 31
f 1203 447 1202
f 305 1207 1206
f 1207 286 1165
f 1206 1165 285
f 1207 1165 1206
f 283 1164 1204
f 1164 286 1207
f 1204 1207 305
f 1164 1207 1204
f 305 1242 1204
f 1242 310 1241
f 1204 1241 283
f 1242 1241 1204
f 305 1205 1232
f 1205 284 1227
f 1232 1227 309
f 1205 1227 1232
f 285 1163 1206
f 1163 284 1205
f 1206 1205 305
f 1163 1205 1206
f 3 1279 419
f 1279 316 1278
f 419 1278 2
f 1279 1278 419
f 316 1285 1278
f 1285 317 1283
f 1278 1283 2
f 1285 1283 1278
f 2 1283 428
f 1283 317 1284
f 428 1284 13
f 1283 1284 428
f 253 1117 1121
f 1117 250 1119
f 1121 1119 254
f 1117 1119 1121
f 254 1463 1121
f 1463 368 1462
f 1121 1462 253
f 1463 1462 1121
f 368 1464 1462
f 1464 315 1277
f 1462 1277 253
f 1464 1277 1462
f 253 1277 1281
f 1277 315 1282
f 1281 1282 316
f 1277 1282 1281
f 316 1280 1281
f 1280 252 1118
f 1281 1118 253
f 1280 1118 1281
f 344 1379 1373
f 1379 345 1378
f 1373 1378 302
f 1379 1378 1373
f 347 1578 1392
f 1578 404 1579
f 1392 1579 348
f 1578 1579 1392
f 268 1146 1386
f 1146 269 1387
f 1386 1387 347
f 1146 1387 1386
f 265 1147 1272
f 1147 270 1274
f 1272 1274 314
f 1147 1274 1272
f 314 1273 1272
f 1273 266 1144
f 1272 1144 265
f 1273 1144 1272
f 372 1467 1581
f 1467 371 1580
f 1581 1580 404
f 1467 1580 1581
f 410 1616 1617
f 1616 379 1611
f 1617 1611 409
f 1616 1611 1617
f 411 1622 1623
f 1622 379 1616
f 1623 1616 410
f 1622 1616 1623
f 410 1617 1615
f 1617 409 1607
f 1615 1607 358
f 1617 1607 1615
f 358 1431 1615
f 1431 357 1614
f 1615 1614 410
f 1431 1614 1615
f 410 1614 1613
f 1614 357 1427
f 1613 1427 356
f 1614 1427 1613
f 356 1620 1613
f 1620 411 1623
f 1613 1623 410
f 1620 1623 1613
f 376 1476 1570
f 1476 375 1569
f 1570 1569 402
f 1476 1569 1570
f 375 1628 1569
f 1628 412 1629
f 1569 1629 402
f 1628 1629 1569
f 402 1576 1570
f 1576 403 1575
f 1570 1575 376
f 1576 1575 1570
f 402 1566 1576
f 1566 350 1573
f 1576 1573 403
f 1566 1573 1576
f 402 1567 1566
f 1567 351 1404
f 1566 1404 350
f 1567 1404 1566
f 402 1629 1568
f 1629 412 1624
f 1568 1624 352
f 1629 1624 1568
f 352 1407 1568
f 1407 351 1567
f 1568 1567 402
f 1407 1567 1568
f 267 1262 1145
f 1262 313 1263
f 1145 1263 268
f 1262 1263 1145
f 267 1150 1262
f 1150 271 1266
f 1262 1266 313
f 1150 1266 1262
f 348 1391 1390
f 1391 271 1150
f 1390 1150 267
f 1391 1150 1390
f 267 1385 1390
f 1385 347 1392
f 1390 1392 348
f 1385 1392 1390
f 268 1386 1145
f 1386 347 1385
f 1145 1385 267
f 1386 1385 1145
f 312 1253 1254
f 1253 272 1152
f 1254 1152 273
f 1253 1152 1254
f 273 1153 1254
f 1153 275 1256
f 1254 1256 312
f 1153 1256 1254
f 272 1397 1152
f 1397 350 1398
f 1152 1398 273
f 1397 1398 1152
f 350 1399 1398
f 1399 275 1153
f 1398 1153 273
f 1399 1153 1398
f 274 1157 1255
f 1157 279 1257
f 1255 1257 312
f 1157 1257 1255
f 312 1256 1255
f 1256 275 1154
f 1255 1154 274
f 1256 1154 1255
f 274 1401 1157
f 1401 351 1403
f 1157 1403 279
f 1401 1403 1157
f 275 1402 1154
f 1402 351 1401
f 1154 1401 274
f 1402 1401 1154
f 118 640 633
f 640 120 638
f 633 638 110
f 640 638 633
f 95 556 555
f 556 93 548
f 555 548 91
f 556 548 555
f 91 567 555
f 567 99 568
f 555 568 95
f 567 568 555
f 164 776 778
f 776 28 772
f 778 772 163
f 776 772 778
f 165 780 783
f 780 28 776
f 783 776 164
f 780 776 783
f 163 774 775
f 774 152 769
f 775 769 162
f 774 769 775
f 162 777 775
f 777 164 778
f 775 778 163
f 777 778 775
f 222 987 1051
f 987 221 1050
f 1051 1050 238
f 987 1050 1051
f 238 1050 1048
f 1050 221 982
f 1048 982 42
f 1050 982 1048
f 72 856 861
f 856 187 862
f 861 862 188
f 856 862 861
f 72 508 856
f 508 74 857
f 856 857 187
f 508 857 856
f 165 781 779
f 781 142 715
f 779 715 27
f 781 715 779
f 27 443 779
f 443 28 780
f 779 780 165
f 443 780 779
f 27 712 442
f 712 141 711
f 442 711 26
f 712 711 442
f 27 715 712
f 715 142 716
f 712 716 141
f 715 716 712
f 27 442 1251
f 442 26 1250
f 1251 1250 312
f 442 1250 1251
f 312 1252 1251
f 1252 28 443
f 1251 443 27
f 1252 443 1251
f 203 913 918
f 913 170 915
f 918 915 204
f 913 915 918
f 182 839 837
f 839 181 833
f 837 833 33
f 839 833 837
f 33 842 837
f 842 184 844
f 837 844 182
f 842 844 837
f 182 838 839
f 838 180 836
f 839 836 181
f 838 836 839
f 179 827 835
f 827 32 832
f 835 832 181
f 827 832 835
f 181 834 835
f 834 178 830
f 835 830 179
f 834 830 835
f 179 830 828
f 830 178 826
f 828 826 176
f 830 826 828
f 186 851 853
f 851 74 847
f 853 847 185
f 851 847 853
f 185 849 853
f 849 184 852
f 853 852 186
f 849 852 853
f 74 507 847
f 507 71 846
f 847 846 185
f 507 846 847
f 336 1549 1355
f 1549 399 1550
f 1355 1550 337
f 1549 1550 1355
f 399 1551 1550
f 1551 338 1358
f 1550 1358 337
f 1551 1358 1550
f 337 1358 1353
f 1358 338 1357
f 1353 1357 19
f 1358 1357 1353
f 18 1356 1359
f 1356 338 1360
f 1359 1360 339
f 1356 1360 1359
f 19 1357 434
f 1357 338 1356
f 434 1356 18
f 1357 1356 434
f 339 1364 1359
f 1364 340 1362
f 1359 1362 18
f 1364 1362 1359
f 18 1362 433
f 1362 340 1361
f 433 1361 17
f 1362 1361 433
f 131 673 679
f 673 130 678
f 679 678 132
f 673 678 679
f 131 670 673
f 670 24 667
f 673 667 130
f 670 667 673
f 131 671 670
f 671 113 618
f 670 618 24
f 671 618 670
f 114 621 620
f 621 106 596
f 620 596 98
f 621 596 620
f 106 621 626
f 621 114 628
f 626 628 116
f 621 628 626
f 99 567 571
f 567 91 569
f 571 569 100
f 567 569 571
f 62 532 483
f 532 88 531
f 483 531 47
f 532 531 483
f 49 468 493
f 468 50 494
f 493 494 65
f 468 494 493
f 65 1349 1351
f 1349 335 1352
f 1351 1352 336
f 1349 1352 1351
f 336 1355 1351
f 1355 337 1354
f 1351 1354 65
f 1355 1354 1351
f 65 1354 492
f 1354 337 1353
f 492 1353 19
f 1354 1353 492
f 19 434 492
f 434 18 491
f 492 491 65
f 434 491 492
f 218 1021 971
f 1021 231 1019
f 971 1019 15
f 1021 1019 971
f 15 1005 971
f 1005 228 1007
f 971 1007 218
f 1005 1007 971
f 218 1007 1021
f 1007 228 1022
f 1021 1022 231
f 1007 1022 1021
f 226 1009 1003
f 1009 228 1010
f 1003 1010 227
f 1009 1010 1003
f 226 1000 1009
f 1000 225 1008
f 1009 1008 228
f 1000 1008 1009
f 224 998 999
f 998 225 1000
f 999 1000 226
f 998 1000 999
f 227 1100 1003
f 1100 249 1099
f 1003 1099 226
f 1100 1099 1003
f 226 1099 1092
f 1099 249 1101
f 1092 1101 248
f 1099 1101 1092
f 248 1093 1092
f 1093 245 1083
f 1092 1083 226
f 1093 1083 1092
f 226 1083 999
f 1083 245 1082
f 999 1082 224
f 1083 1082 999
f 208 936 950
f 936 198 949
f 950 949 212
f 936 949 950
f 212 951 950
f 951 211 947
f 950 947 208
f 951 947 950
f 224 994 995
f 994 211 951
f 995 951 212
f 994 951 995
f 233 1038 1042
f 1038 235 1043
f 1042 1043 236
f 1038 1043 1042
f 5 1029 1040
f 1029 233 1042
f 1040 1042 236
f 1029 1042 1040
f 236 1041 1040
f 1041 6 421
f 1040 421 5
f 1041 421 1040
f 241 1065 1064
f 1065 10 425
f 1064 425 9
f 1065 425 1064
f 11 426 1066
f 426 10 1065
f 1066 1065 241
f 426 1065 1066
f 241 1067 1066
f 1067 219 972
f 1066 972 11
f 1067 972 1066
f 217 966 968
f 966 2 428
f 968 428 13
f 966 428 968
f 13 429 968
f 429 12 967
f 968 967 217
f 429 967 968
f 12 973 967
f 973 219 977
f 967 977 217
f 973 977 967
f 391 1507 1542
f 1507 340 1540
f 1542 1540 397
f 1507 1540 1542
f 340 1545 1540
f 1545 398 1548
f 1540 1548 397
f 1545 1548 1540
f 369 1510 1541
f 1510 391 1542
f 1541 1542 397
f 1510 1542 1541
f 397 1548 1541
f 1548 398 1546
f 1541 1546 369
f 1548 1546 1541
f 7 423 1298
f 423 8 1299
f 1298 1299 321
f 423 1299 1298
f 321 1297 1298
f 1297 6 422
f 1298 422 7
f 1297 422 1298
f 7 422 1059
f 422 6 1058
f 1059 1058 240
f 422 1058 1059
f 343 1374 1371
f 1374 344 1373
f 1371 1373 302
f 1374 1373 1371
f 343 1370 1372
f 1370 300 1368
f 1372 1368 342
f 1370 1368 1372
f 343 1371 1370
f 1371 302 1190
f 1370 1190 300
f 1371 1190 1370
f 345 1379 1584
f 1379 344 1583
f 1584 1583 405
f 1379 1583 1584
f 405 1586 1587
f 1586 372 1581
f 1587 1581 404
f 1586 1581 1587
f 373 1511 1468
f 1511 391 1510
f 1468 1510 369
f 1511 1510 1468
f 371 1467 1469
f 1467 372 1470
f 1469 1470 373
f 1467 1470 1469
f 369 1472 1468
f 1472 376 1474
f 1468 1474 373
f 1472 1474 1468
f 376 1473 1474
f 1473 371 1469
f 1474 1469 373
f 1473 1469 1474
f 119 681 685
f 681 133 689
f 685 689 134
f 681 689 685
f 134 689 688
f 689 133 682
f 688 682 128
f 689 682 688
f 193 876 877
f 876 172 821
f 877 821 176
f 876 821 877
f 95 568 604
f 568 99 605
f 604 605 109
f 568 605 604
f 222 1051 1044
f 1051 238 1052
f 1044 1052 237
f 1051 1052 1044
f 237 1052 1061
f 1052 238 1062
f 1061 1062 240
f 1052 1062 1061
f 240 1060 1061
f 1060 236 1047
f 1061 1047 237
f 1060 1047 1061
f 237 1047 1046
f 1047 236 1043
f 1046 1043 235
f 1047 1043 1046
f 220 1049 980
f 1049 238 1048
f 980 1048 42
f 1049 1048 980
f 209 990 1012
f 990 223 1014
f 1012 1014 229
f 990 1014 1012
f 229 1011 1012
f 1011 66 939
f 1012 939 209
f 1011 939 1012
f 216 964 961
f 964 188 860
f 961 860 40
f 964 860 961
f 216 962 964
f 962 72 861
f 964 861 188
f 962 861 964
f 40 458 961
f 458 39 960
f 961 960 216
f 458 960 961
f 69 502 506
f 502 71 507
f 506 507 74
f 502 507 506
f 31 806 446
f 806 170 805
f 446 805 30
f 806 805 446
f 170 913 805
f 913 203 910
f 805 910 30
f 913 910 805
f 29 1234 445
f 1234 310 1235
f 445 1235 30
f 1234 1235 445
f 30 1235 446
f 1235 310 1236
f 446 1236 31
f 1235 1236 446
f 30 748 445
f 748 153 747
f 445 747 29
f 748 747 445
f 30 910 748
f 910 203 911
f 748 911 153
f 910 911 748
f 177 825 824
f 825 176 820
f 824 820 171
f 825 820 824
f 177 829 825
f 829 179 828
f 825 828 176
f 829 828 825
f 171 807 824
f 807 31 822
f 824 822 177
f 807 822 824
f 31 447 822
f 447 32 823
f 822 823 177
f 447 823 822
f 32 827 823
f 827 179 829
f 823 829 177
f 827 829 823
f 184 849 845
f 849 185 848
f 845 848 183
f 849 848 845
f 183 841 845
f 841 182 844
f 845 844 184
f 841 844 845
f 180 838 840
f 838 182 841
f 840 841 183
f 838 841 840
f 189 866 864
f 866 185 846
f 864 846 71
f 866 846 864
f 189 865 866
f 865 183 848
f 866 848 185
f 865 848 866
f 189 863 881
f 863 66 879
f 881 879 194
f 863 879 881
f 71 501 864
f 501 66 863
f 864 863 189
f 501 863 864
f 115 629 625
f 629 116 628
f 625 628 114
f 629 628 625
f 115 672 675
f 672 131 679
f 675 679 132
f 672 679 675
f 113 671 624
f 671 131 672
f 624 672 115
f 671 672 624
f 115 625 624
f 625 114 623
f 624 623 113
f 625 623 624
f 118 634 635
f 634 116 631
f 635 631 117
f 634 631 635
f 119 637 636
f 637 118 635
f 636 635 117
f 637 635 636
f 117 680 636
f 680 133 681
f 636 681 119
f 680 681 636
f 132 684 676
f 684 133 680
f 676 680 117
f 684 680 676
f 117 630 676
f 630 115 675
f 676 675 132
f 630 675 676
f 116 629 631
f 629 115 630
f 631 630 117
f 629 630 631
f 99 571 598
f 571 100 599
f 598 599 107
f 571 599 598
f 107 606 598
f 606 109 605
f 598 605 99
f 606 605 598
f 92 570 544
f 570 100 569
f 544 569 91
f 570 569 544
f 102 585 580
f 585 103 584
f 580 584 92
f 585 584 580
f 92 584 543
f 584 103 583
f 543 583 88
f 584 583 543
f 88 532 543
f 532 62 541
f 543 541 92
f 532 541 543
f 62 572 541
f 572 101 575
f 541 575 92
f 572 575 541
f 98 596 592
f 596 106 597
f 592 597 105
f 596 597 592
f 106 601 597
f 601 107 600
f 597 600 105
f 601 600 597
f 105 600 593
f 600 107 599
f 593 599 100
f 600 599 593
f 100 570 593
f 570 92 591
f 593 591 105
f 570 591 593
f 105 591 594
f 591 92 575
f 594 575 101
f 591 575 594
f 97 563 564
f 563 22 438
f 564 438 23
f 563 438 564
f 51 469 1341
f 469 50 1340
f 1341 1340 333
f 469 1340 1341
f 333 1347 1341
f 1347 334 1343
f 1341 1343 51
f 1347 1343 1341
f 213 955 954
f 955 212 949
f 954 949 198
f 955 949 954
f 213 997 996
f 997 225 998
f 996 998 224
f 997 998 996
f 224 995 996
f 995 212 955
f 996 955 213
f 995 955 996
f 229 1015 1013
f 1015 225 997
f 1013 997 213
f 1015 997 1013
f 213 952 1013
f 952 66 1011
f 1013 1011 229
f 952 1011 1013
f 240 1058 1075
f 1058 6 1073
f 1075 1073 243
f 1058 1073 1075
f 243 1074 1075
f 1074 236 1060
f 1075 1060 240
f 1074 1060 1075
f 6 1041 1073
f 1041 236 1074
f 1073 1074 243
f 1041 1074 1073
f 242 1069 1072
f 1069 7 1059
f 1072 1059 240
f 1069 1059 1072
f 8 423 1070
f 423 7 1069
f 1070 1069 242
f 423 1069 1070
f 2 966 451
f 966 217 970
f 451 970 36
f 966 970 451
f 3 419 452
f 419 2 451
f 452 451 36
f 419 451 452
f 36 1115 452
f 1115 252 1114
f 452 1114 3
f 1115 1114 452
f 36 1116 1115
f 1116 253 1118
f 1115 1118 252
f 1116 1118 1115
f 250 1117 1103
f 1117 253 1116
f 1103 1116 36
f 1117 1116 1103
f 345 1584 1384
f 1584 405 1585
f 1384 1585 346
f 1584 1585 1384
f 404 1578 1577
f 1578 347 1388
f 1577 1388 346
f 1578 1388 1577
f 346 1585 1577
f 1585 405 1587
f 1577 1587 404
f 1585 1587 1577
f 266 1377 1381
f 1377 345 1384
f 1381 1384 346
f 1377 1384 1381
f 346 1380 1381
f 1380 265 1144
f 1381 1144 266
f 1380 1144 1381
f 270 1147 1383
f 1147 265 1380
f 1383 1380 346
f 1147 1380 1383
f 346 1382 1383
f 1382 269 1148
f 1383 1148 270
f 1382 1148 1383
f 346 1388 1382
f 1388 347 1387
f 1382 1387 269
f 1388 1387 1382
f 344 1374 1590
f 1374 343 1589
f 1590 1589 406
f 1374 1589 1590
f 406 1594 1590
f 1594 405 1583
f 1590 1583 344
f 1594 1583 1590
f 342 1509 1588
f 1509 391 1593
f 1588 1593 406
f 1509 1593 1588
f 406 1589 1588
f 1589 343 1372
f 1588 1372 342
f 1589 1372 1588
f 391 1511 1593
f 1511 373 1592
f 1593 1592 406
f 1511 1592 1593
f 372 1586 1591
f 1586 405 1594
f 1591 1594 406
f 1586 1594 1591
f 406 1592 1591
f 1592 373 1470
f 1591 1470 372
f 1592 1470 1591
f 111 610 611
f 610 76 554
f 611 554 95
f 610 554 611
f 111 613 639
f 613 110 638
f 639 638 120
f 613 638 639
f 95 604 611
f 604 109 612
f 611 612 111
f 604 612 611
f 111 612 613
f 612 109 609
f 613 609 110
f 612 609 613
f 81 743 520
f 743 151 741
f 520 741 76
f 743 741 520
f 76 521 520
f 521 82 522
f 520 522 81
f 521 522 520
f 149 744 735
f 744 151 743
f 735 743 81
f 744 743 735
f 81 696 735
f 696 136 736
f 735 736 149
f 696 736 735
f 81 522 649
f 522 82 650
f 649 650 123
f 522 650 649
f 123 697 649
f 697 136 696
f 649 696 81
f 697 696 649
f 126 694 687
f 694 135 695
f 687 695 134
f 694 695 687
f 128 662 661
f 662 127 659
f 661 659 126
f 662 659 661
f 126 687 661
f 687 134 688
f 661 688 128
f 687 688 661
f 200 897 896
f 897 78 515
f 896 515 75
f 897 515 896
f 75 901 896
f 901 201 905
f 896 905 200
f 901 905 896
f 199 895 900
f 895 78 897
f 900 897 200
f 895 897 900
f 200 938 900
f 938 208 937
f 900 937 199
f 938 937 900
f 194 935 898
f 935 208 938
f 898 938 200
f 935 938 898
f 200 899 898
f 899 195 885
f 898 885 194
f 899 885 898
f 201 903 905
f 903 195 899
f 905 899 200
f 903 899 905
f 196 888 904
f 888 195 903
f 904 903 201
f 888 903 904
f 191 884 886
f 884 195 888
f 886 888 196
f 884 888 886
f 75 512 513
f 512 76 514
f 513 514 77
f 512 514 513
f 76 516 514
f 516 79 517
f 514 517 77
f 516 517 514
f 77 902 513
f 902 201 901
f 513 901 75
f 902 901 513
f 150 745 740
f 745 151 744
f 740 744 149
f 745 744 740
f 150 800 745
f 800 169 801
f 745 801 151
f 800 801 745
f 151 801 742
f 801 169 799
f 742 799 80
f 801 799 742
f 76 741 518
f 741 151 742
f 518 742 80
f 741 742 518
f 80 519 518
f 519 79 516
f 518 516 76
f 519 516 518
f 162 792 786
f 792 167 793
f 786 793 166
f 792 793 786
f 164 777 787
f 777 162 786
f 787 786 166
f 777 786 787
f 166 784 788
f 784 144 782
f 788 782 165
f 784 782 788
f 165 783 788
f 783 164 787
f 788 787 166
f 783 787 788
f 161 764 765
f 764 152 749
f 765 749 153
f 764 749 765
f 161 771 764
f 771 162 769
f 764 769 152
f 771 769 764
f 219 981 975
f 981 220 978
f 975 978 37
f 981 978 975
f 240 1062 1063
f 1062 238 1057
f 1063 1057 239
f 1062 1057 1063
f 238 1049 1057
f 1049 220 1056
f 1057 1056 239
f 1049 1056 1057
f 239 1056 1055
f 1056 220 981
f 1055 981 219
f 1056 981 1055
f 219 1067 1055
f 1067 241 1068
f 1055 1068 239
f 1067 1068 1055
f 239 1071 1063
f 1071 242 1072
f 1063 1072 240
f 1071 1072 1063
f 239 1068 1054
f 1068 241 1064
f 1054 1064 9
f 1068 1064 1054
f 9 424 1054
f 424 8 1053
f 1054 1053 239
f 424 1053 1054
f 8 1070 1053
f 1070 242 1071
f 1053 1071 239
f 1070 1071 1053
f 70 499 503
f 499 66 501
f 503 501 71
f 499 501 503
f 70 940 499
f 940 209 939
f 499 939 66
f 940 939 499
f 223 990 989
f 990 209 940
f 989 940 70
f 990 940 989
f 71 502 503
f 502 69 500
f 503 500 70
f 502 500 503
f 234 1039 1035
f 1039 235 1036
f 1035 1036 223
f 1039 1036 1035
f 223 993 1035
f 993 216 1033
f 1035 1033 234
f 993 1033 1035
f 222 1044 1034
f 1044 237 1045
f 1034 1045 234
f 1044 1045 1034
f 234 1045 1039
f 1045 237 1046
f 1039 1046 235
f 1045 1046 1039
f 234 1032 1034
f 1032 39 984
f 1034 984 222
f 1032 984 1034
f 234 1033 1032
f 1033 216 960
f 1032 960 39
f 1033 960 1032
f 72 962 505
f 962 216 963
f 505 963 73
f 962 963 505
f 74 508 509
f 508 72 505
f 509 505 73
f 508 505 509
f 73 504 509
f 504 69 506
f 509 506 74
f 504 506 509
f 194 885 882
f 885 195 883
f 882 883 190
f 885 883 882
f 190 869 882
f 869 189 881
f 882 881 194
f 869 881 882
f 190 883 872
f 883 195 884
f 872 884 191
f 883 884 872
f 183 865 868
f 865 189 869
f 868 869 190
f 865 869 868
f 191 871 872
f 871 180 867
f 872 867 190
f 871 867 872
f 180 840 867
f 840 183 868
f 867 868 190
f 840 868 867
f 106 626 602
f 626 116 627
f 602 627 108
f 626 627 602
f 108 603 602
f 603 107 601
f 602 601 106
f 603 601 602
f 108 627 632
f 627 116 634
f 632 634 118
f 627 634 632
f 109 606 607
f 606 107 603
f 607 603 108
f 606 603 607
f 118 633 632
f 633 110 608
f 632 608 108
f 633 608 632
f 110 609 608
f 609 109 607
f 608 607 108
f 609 607 608
f 102 580 578
f 580 92 542
f 578 542 86
f 580 542 578
f 86 542 540
f 542 92 544
f 540 544 91
f 542 544 540
f 86 529 578
f 529 87 579
f 578 579 102
f 529 579 578
f 94 552 551
f 552 87 529
f 551 529 86
f 552 529 551
f 86 547 551
f 547 93 553
f 551 553 94
f 547 553 551
f 86 540 547
f 540 91 548
f 547 548 93
f 540 548 547
f 22 563 560
f 563 97 565
f 560 565 96
f 563 565 560
f 96 559 560
f 559 20 437
f 560 437 22
f 559 437 560
f 96 557 559
f 557 17 435
f 559 435 20
f 557 435 559
f 96 558 557
f 558 18 433
f 557 433 17
f 558 433 557
f 96 561 558
f 561 65 491
f 558 491 18
f 561 491 558
f 112 622 616
f 622 114 620
f 616 620 98
f 622 620 616
f 98 566 616
f 566 97 615
f 616 615 112
f 566 615 616
f 113 623 619
f 623 114 622
f 619 622 112
f 623 622 619
f 23 617 614
f 617 113 619
f 614 619 112
f 617 619 614
f 112 615 614
f 615 97 564
f 614 564 23
f 615 564 614
f 64 495 487
f 495 65 494
f 487 494 50
f 495 494 487
f 50 469 487
f 469 51 488
f 487 488 64
f 469 488 487
f 53 1345 490
f 1345 334 1346
f 490 1346 64
f 1345 1346 490
f 64 1346 1348
f 1346 334 1350
f 1348 1350 335
f 1346 1350 1348
f 335 1349 1348
f 1349 65 495
f 1348 495 64
f 1349 495 1348
f 52 1344 471
f 1344 334 1345
f 471 1345 53
f 1344 1345 471
f 52 470 1344
f 470 51 1343
f 1344 1343 334
f 470 1343 1344
f 53 490 471
f 490 64 489
f 471 489 52
f 490 489 471
f 52 489 470
f 489 64 488
f 470 488 51
f 489 488 470
f 63 573 486
f 573 101 572
f 486 572 62
f 573 572 486
f 48 533 485
f 533 89 534
f 485 534 63
f 533 534 485
f 63 486 484
f 486 62 483
f 484 483 47
f 486 483 484
f 47 466 484
f 466 48 485
f 484 485 63
f 466 485 484
f 67 953 892
f 953 213 954
f 892 954 198
f 953 954 892
f 66 952 496
f 952 213 953
f 496 953 67
f 952 953 496
f 134 695 686
f 695 135 691
f 686 691 121
f 695 691 686
f 121 643 642
f 643 120 641
f 642 641 119
f 643 641 642
f 119 685 642
f 685 134 686
f 642 686 121
f 685 686 642
f 122 645 644
f 645 82 521
f 644 521 76
f 645 521 644
f 76 610 644
f 610 111 646
f 644 646 122
f 610 646 644
f 122 692 645
f 692 135 690
f 645 690 82
f 692 690 645
f 122 648 692
f 648 121 691
f 692 691 135
f 648 691 692
f 122 646 647
f 646 111 639
f 647 639 120
f 646 639 647
f 120 643 647
f 643 121 648
f 647 648 122
f 643 648 647
f 135 694 693
f 694 126 655
f 693 655 124
f 694 655 693
f 123 650 652
f 650 82 651
f 652 651 124
f 650 651 652
f 82 690 651
f 690 135 693
f 651 693 124
f 690 693 651
f 145 724 725
f 724 138 717
f 725 717 143
f 724 717 725
f 143 722 725
f 722 144 726
f 725 726 145
f 722 726 725
f 206 926 927
f 926 193 890
f 927 890 197
f 926 890 927
f 201 902 909
f 902 77 906
f 909 906 202
f 902 906 909
f 202 907 909
f 907 196 904
f 909 904 201
f 907 904 909
f 202 908 907
f 908 197 891
f 907 891 196
f 908 891 907
f 207 930 931
f 930 79 811
f 931 811 173
f 930 811 931
f 207 929 930
f 929 77 517
f 930 517 79
f 929 517 930
f 207 933 929
f 933 202 906
f 929 906 77
f 933 906 929
f 197 908 932
f 908 202 933
f 932 933 207
f 908 933 932
f 173 924 931
f 924 206 934
f 931 934 207
f 924 934 931
f 206 927 934
f 927 197 932
f 934 932 207
f 927 932 934
f 174 925 815
f 925 206 924
f 815 924 173
f 925 924 815
f 169 800 804
f 800 150 795
f 804 795 168
f 800 795 804
f 156 753 802
f 753 80 799
f 802 799 169
f 753 799 802
f 41 979 460
f 979 220 980
f 460 980 42
f 979 980 460
f 41 459 979
f 459 37 978
f 979 978 220
f 459 978 979
f 41 460 1106
f 460 42 1107
f 1106 1107 250
f 460 1107 1106
f 250 1104 1106
f 1104 37 459
f 1106 459 41
f 1104 459 1106
f 35 453 969
f 453 36 970
f 969 970 217
f 453 970 969
f 35 969 974
f 969 217 977
f 974 977 219
f 969 977 974
f 250 1103 1102
f 1103 36 453
f 1102 453 35
f 1103 453 1102
f 215 958 992
f 958 69 988
f 992 988 223
f 958 988 992
f 223 989 992
f 989 70 959
f 992 959 215
f 989 959 992
f 215 959 958
f 959 70 500
f 958 500 69
f 959 500 958
f 214 957 965
f 957 73 963
f 965 963 216
f 957 963 965
f 69 504 956
f 504 73 957
f 956 957 214
f 504 957 956
f 214 965 991
f 965 216 993
f 991 993 223
f 965 993 991
f 223 988 991
f 988 69 956
f 991 956 214
f 988 956 991
f 104 588 589
f 588 97 566
f 589 566 98
f 588 566 589
f 104 587 588
f 587 96 565
f 588 565 97
f 587 565 588
f 98 592 589
f 592 105 595
f 589 595 104
f 592 595 589
f 104 595 590
f 595 105 594
f 590 594 101
f 595 594 590
f 194 879 880
f 879 66 497
f 880 497 68
f 879 497 880
f 66 496 497
f 496 67 498
f 497 498 68
f 496 498 497
f 68 893 880
f 893 198 894
f 880 894 194
f 893 894 880
f 68 498 893
f 498 67 892
f 893 892 198
f 498 892 893
f 192 889 878
f 889 197 890
f 878 890 193
f 889 890 878
f 192 874 875
f 874 178 870
f 875 870 191
f 874 870 875
f 191 886 875
f 886 196 887
f 875 887 192
f 886 887 875
f 196 891 887
f 891 197 889
f 887 889 192
f 891 889 887
f 176 826 873
f 826 178 874
f 873 874 192
f 826 874 873
f 192 878 873
f 878 193 877
f 873 877 176
f 878 877 873
f 169 804 803
f 804 168 796
f 803 796 158
f 804 796 803
f 158 757 803
f 757 156 802
f 803 802 169
f 757 802 803
f 157 756 758
f 756 156 757
f 758 757 158
f 756 757 758
f 158 761 758
f 761 159 760
f 758 760 157
f 761 760 758
f 149 736 737
f 736 136 729
f 737 729 147
f 736 729 737
f 157 760 817
f 760 159 818
f 817 818 175
f 760 818 817
f 175 819 817
f 819 174 814
f 817 814 157
f 819 814 817
f 160 797 791
f 797 168 798
f 791 798 167
f 797 798 791
f 161 767 768
f 767 159 763
f 768 763 160
f 767 763 768
f 160 762 797
f 762 158 796
f 797 796 168
f 762 796 797
f 159 761 763
f 761 158 762
f 763 762 160
f 761 762 763
f 160 791 770
f 791 167 792
f 770 792 162
f 791 792 770
f 162 771 770
f 771 161 768
f 770 768 160
f 771 768 770
f 154 759 766
f 759 159 767
f 766 767 161
f 759 767 766
f 154 766 750
f 766 161 765
f 750 765 153
f 766 765 750
f 204 917 914
f 917 175 816
f 914 816 154
f 917 816 914
f 154 816 759
f 816 175 818
f 759 818 159
f 816 818 759
f 154 912 914
f 912 203 918
f 914 918 204
f 912 918 914
f 153 911 750
f 911 203 912
f 750 912 154
f 911 912 750
f 79 519 751
f 519 80 752
f 751 752 155
f 519 752 751
f 80 753 752
f 753 156 754
f 752 754 155
f 753 754 752
f 173 811 812
f 811 79 751
f 812 751 155
f 811 751 812
f 155 813 812
f 813 174 815
f 812 815 173
f 813 815 812
f 157 814 755
f 814 174 813
f 755 813 155
f 814 813 755
f 155 754 755
f 754 156 756
f 755 756 157
f 754 756 755
f 38 455 1105
f 455 37 1104
f 1105 1104 250
f 455 1104 1105
f 250 1102 1105
f 1102 35 454
f 1105 454 38
f 1102 454 1105
f 219 975 976
f 975 37 455
f 976 455 38
f 975 455 976
f 38 454 976
f 454 35 974
f 976 974 219
f 454 974 976
f 65 561 538
f 561 96 562
f 538 562 90
f 561 562 538
f 96 587 562
f 587 104 586
f 562 586 90
f 587 586 562
f 49 493 536
f 493 65 538
f 536 538 90
f 493 538 536
f 90 535 536
f 535 48 467
f 536 467 49
f 535 467 536
f 90 539 535
f 539 89 533
f 535 533 48
f 539 533 535
f 90 537 539
f 537 63 534
f 539 534 89
f 537 534 539
f 101 573 574
f 573 63 537
f 574 537 90
f 573 537 574
f 90 586 574
f 586 104 590
f 574 590 101
f 586 590 574
f 146 732 728
f 732 147 731
f 728 731 145
f 732 731 728
f 146 785 789
f 785 166 793
f 789 793 167
f 785 793 789
f 144 784 727
f 784 166 785
f 727 785 146
f 784 785 727
f 146 728 727
f 728 145 726
f 727 726 144
f 728 726 727
f 167 798 790
f 798 168 794
f 790 794 148
f 798 794 790
f 148 733 790
f 733 146 789
f 790 789 167
f 733 789 790
f 147 732 734
f 732 146 733
f 734 733 148
f 732 733 734
f 149 737 738
f 737 147 734
f 738 734 148
f 737 734 738
f 148 739 738
f 739 150 740
f 738 740 149
f 739 740 738
f 148 794 739
f 794 168 795
f 739 795 150
f 794 795 739
f 138 724 703
f 724 145 723
f 703 723 137
f 724 723 703
f 145 731 723
f 731 147 730
f 723 730 137
f 731 730 723
f 137 700 698
f 700 136 697
f 698 697 123
f 700 697 698
f 137 730 700
f 730 147 729
f 700 729 136
f 730 729 700
f 174 819 920
f 819 175 921
f 920 921 205
f 819 921 920
f 205 922 928
f 922 193 926
f 928 926 206
f 922 926 928
f 206 925 928
f 925 174 920
f 928 920 205
f 925 920 928
f 172 876 919
f 876 193 922
f 919 922 205
f 876 922 919
f 204 916 923
f 916 172 919
f 923 919 205
f 916 919 923
f 205 921 923
f 921 175 917
f 923 917 204
f 921 917 923
f 138 703 701
f 703 137 699
f 701 699 125
f 703 699 701
f 125 658 701
f 658 127 702
f 701 702 138
f 658 702 701
f 125 656 658
f 656 126 659
f 658 659 127
f 656 659 658
f 125 654 656
f 654 124 655
f 656 655 126
f 654 655 656
f 123 652 653
f 652 124 654
f 653 654 125
f 652 654 653
f 125 699 653
f 699 137 698
f 653 698 123
f 699 698 653

