# https://github.com/mikedh/trimesh
v -0.06964096 -0.01877343 -0.00876697
v -0.07148461 -0.01457506 -0.00861272
v -0.06708643 -0.02305144 -0.00890656
v -0.06408621 -0.02687380 -0.00901446
v -0.06309846 -0.02793930 -0.00902592
v -0.06172324 -0.02928350 -0.00898395
v -0.06019412 -0.03066766 -0.00906377
v -0.05619484 -0.03366769 -0.00912224
v -0.05191859 -0.03612064 -0.00914629
v -0.05035890 -0.03688007 -0.00926694
v -0.04879426 -0.03752097 -0.00917222
v -0.04686381 -0.03825556 -0.00926843
v -0.04224632 -0.03961549 -0.00955543
v -0.03750713 -0.04045127 -0.00967929
v -0.03549885 -0.04068354 -0.00988754
v -0.03478482 -0.04070437 -0.00964833
v -0.07370819 -0.00481400 -0.00842824
v -0.07377377 -0.00417956 -0.00838900
v -0.07343931 -0.00656306 -0.00836248
v -0.07289429 -0.00946250 -0.00838762
v -0.07391769 -0.00080512 -0.00802936
v -0.07390233 -0.00006907 -0.00794669
v -0.06945766 0.01890734 -0.00874239
v -0.05158241 0.03602772 -0.00887382
v -0.07379547 0.00337955 -0.00823553
v -0.07168398 0.01367958 -0.00842020
v -0.07226652 0.01192566 -0.00853432
v -0.07291555 0.00923108 -0.00843877
v 0.00844382 -0.03841897 0.00990732
v 0.00835557 -0.03892404 0.00834946
v 0.00691187 -0.03845163 0.00975862
v -0.00785908 -0.03481501 0.01612385
v -0.01145957 -0.03393919 0.01715598
v -0.01453916 -0.03280184 0.01835061
v -0.02493310 -0.02217610 0.02780748
v -0.02484611 -0.02255107 0.02752746
v -0.02386913 -0.02513426 0.02544842
v -0.02605079 -0.01562571 0.03154959
v -0.02551060 -0.01927782 0.02973580
v -0.02650939 -0.01050561 0.03300240
v -0.02637122 -0.01251594 0.03257574
v -0.02661796 -0.00752362 0.03331155
v -0.02666576 -0.00323442 0.03347129
v -0.02668352 -0.00010001 0.03349843
v -0.02666580 0.00303712 0.03347128
v -0.02661809 0.00732629 0.03331155
v -0.02650918 0.01030795 0.03300250
v -0.02637072 0.01231846 0.03257585
v -0.02605079 0.01542852 0.03154957
v -0.02331339 0.02595572 0.02456607
v -0.02394996 0.02480050 0.02556452
v -0.02417377 0.02410011 0.02614416
v -0.02484151 0.02236207 0.02752150
v -0.02547188 0.01945756 0.02950964
v -0.02550890 0.01858482 0.03000792
v -0.01147996 0.03361348 0.01731550
v -0.01467624 0.03256121 0.01839350
v -0.00991776 0.03422564 0.01660061
v -0.00598133 0.03493065 0.01566900
v 0.00692408 0.03817228 0.00997605
v 0.00844532 0.03817498 0.01002601
v -0.04603069 -0.00309626 0.03010562
v -0.04611700 0.00303486 0.03007419
v -0.04900431 -0.00322809 0.02876951
v -0.04915703 0.00294626 0.02867298
v -0.05019716 -0.00326163 0.02798325
v -0.05046036 0.00294980 0.02778736
v -0.03608841 0.00299180 0.03237255
v -0.03608394 -0.00318629 0.03237335
v -0.05848466 -0.00015183 0.02062988
v -0.05957788 -0.00353492 0.01931198
v -0.05540548 -0.00333432 0.02366387
v -0.05145996 -0.00328840 0.02702644
v -0.05577440 0.00310173 0.02331338
v -0.06626405 -0.00370978 0.00994910
v -0.06472143 -0.00384231 0.01243502
v -0.06492298 -0.00007355 0.01235491
v -0.06309952 -0.00362459 0.01483909
v -0.06151667 -0.00346625 0.01696557
v -0.07297046 -0.00011550 -0.00491861
v -0.07282203 -0.00400000 -0.00504609
v -0.06967139 -0.00011534 0.00369003
v -0.07097118 -0.00394870 0.00019755
v -0.06880842 -0.00394965 0.00514017
v -0.06482247 0.00360132 0.01228287
v -0.06813813 0.00364195 0.00650821
v -0.06952814 0.00380211 0.00359300
v -0.07194248 0.00383124 -0.00242269
v -0.07283016 0.00399356 -0.00513083
v -0.05743556 0.00319533 0.02166121
v -0.05850787 0.00335994 0.02050880
v -0.06148658 0.00327029 0.01700400
v -0.06330857 0.00343369 0.01454480
v -0.07166582 -0.01089373 -0.00524227
v -0.07260300 -0.00584473 -0.00508804
v -0.07074228 -0.01438750 -0.00571316
v -0.07063000 -0.01455708 -0.00553076
v -0.07088971 0.01338463 -0.00525948
v -0.07041467 0.01474333 -0.00531122
v -0.07064314 0.01454615 -0.00581360
v -0.07193698 0.00939740 -0.00513352
v 0.04017745 -0.02822992 0.02488860
v 0.03870496 -0.02800445 0.02528583
v 0.04173146 -0.02730640 0.02536571
v 0.03491638 -0.03119442 0.02192841
v 0.03658535 -0.03181246 0.02088718
v 0.03674508 -0.03147056 0.02138300
v 0.03777400 -0.03025545 0.02289783
v 0.03948830 -0.02955007 0.02350029
v 0.03084672 -0.03325622 0.01916170
v 0.03180099 -0.03400439 0.01791271
v 0.04149687 -0.02478585 0.02764386
v 0.03939250 -0.02068117 0.03134470
v 0.03927645 -0.01845771 0.03268526
v 0.03966655 -0.01604270 0.03359736
v 0.04040607 -0.01335720 0.03419515
v 0.04176085 -0.00450655 0.03524848
v 0.04191649 -0.00009797 0.03537245
v 0.04128416 -0.00893821 0.03486957
v 0.04330159 -0.01228053 0.03355717
v 0.00167630 -0.03780160 0.01110974
v 0.02200171 -0.03724260 0.01242017
v 0.02029376 -0.03778923 0.01130781
v 0.02670671 -0.03582878 0.01498081
v 0.03058623 -0.03358393 0.01867536
v 0.01959037 -0.03730988 0.01239306
v 0.02515326 -0.03566455 0.01534697
v 0.01214001 -0.03884806 0.00884185
v 0.01802699 -0.03814273 0.01060873
v 0.01481089 -0.03858407 0.00960728
v 0.01378759 -0.03789586 0.01112486
v 0.01277244 -0.03793431 0.01103427
v -0.01260967 -0.03690321 0.01251301
v -0.00765724 -0.03733942 0.01182715
v -0.04993371 -0.03662005 -0.00734250
v -0.06040593 -0.02943944 -0.00564000
v -0.06287692 -0.02703016 -0.00561262
v -0.06270744 -0.02780974 -0.00735252
v -0.06872409 -0.01874845 -0.00544959
v -0.07057219 -0.01582589 -0.00708261
v -0.06804335 -0.02001584 -0.00549862
v -0.06746180 -0.02184369 -0.00733006
v -0.06611900 -0.02304859 -0.00555392
v -0.06463169 -0.02505751 -0.00568403
v -0.05904946 -0.03060800 -0.00569384
v -0.05695906 -0.03269931 -0.00741885
v -0.05654916 -0.03244767 -0.00560627
v -0.04297600 -0.03869522 -0.00596970
v -0.04464034 -0.03823421 -0.00598358
v -0.04328622 -0.03900964 -0.00773582
v -0.04571750 -0.03786422 -0.00586506
v -0.05042800 -0.03595481 -0.00565613
v -0.05477008 -0.03362734 -0.00567261
v -0.03528832 -0.04041146 -0.00803359
v -0.03582292 -0.04006037 -0.00638106
v -0.04058493 -0.03929582 -0.00618523
v -0.02003156 -0.03314362 0.01767996
v -0.02783169 -0.03277288 0.01752574
v -0.02665427 -0.03343385 0.01681088
v -0.02358495 -0.03140322 0.01950232
v -0.02243416 -0.03483446 0.01531264
v -0.01661256 -0.03624542 0.01351882
v -0.04337878 -0.01912103 0.02761347
v -0.04237656 -0.02133763 0.02655068
v -0.03386317 -0.01908680 0.02935358
v -0.04062583 -0.02390220 0.02497032
v -0.03272037 -0.02185379 0.02771152
v -0.03732214 -0.02692993 0.02249639
v -0.03160549 -0.02394922 0.02612553
v -0.03506941 -0.02868650 0.02104999
v -0.02941847 -0.02675526 0.02377773
v -0.03275001 -0.03010582 0.01993760
v -0.02675663 -0.02924762 0.02157670
v -0.03118310 -0.03134596 0.01877561
v -0.03487331 -0.01579172 0.03073422
v -0.03558847 -0.01208167 0.03170304
v -0.04457683 -0.01714314 0.02818418
v -0.04517924 -0.01349943 0.02923475
v -0.05777155 -0.02854921 0.00240700
v -0.05314283 -0.03195060 0.00195694
v -0.04968214 -0.03069860 0.00909289
v -0.01295865 -0.03796391 0.00994375
v -0.01706551 -0.03746356 0.01084529
v -0.02173530 -0.03813296 0.00725101
v -0.01974030 -0.03687340 0.01190249
v -0.02322262 -0.03604583 0.01306529
v -0.00561555 -0.03831736 0.00939512
v -0.03819523 -0.03823586 0.00005653
v -0.04340437 -0.03672032 0.00082418
v -0.04841416 -0.03461759 0.00144753
v -0.06200900 -0.02419238 0.00284254
v -0.06539832 -0.01905349 0.00316410
v -0.06346480 -0.01860678 0.00764336
v -0.06848395 -0.01453778 0.00073671
v -0.07033314 -0.01465307 -0.00467329
v -0.05571203 -0.01714419 0.01984910
v -0.06025660 -0.01377584 0.01618640
v -0.05869107 -0.01755764 0.01601042
v -0.06353185 -0.01397877 0.01120714
v -0.06128490 -0.01802962 0.01192098
v -0.06631435 -0.01417997 0.00596616
v -0.05311855 -0.01341136 0.02417391
v -0.05499570 -0.01362960 0.02234108
v -0.05684783 -0.01354136 0.02043172
v -0.02828290 -0.03569334 0.01243205
v -0.03207185 -0.03422945 0.01412085
v -0.03387601 -0.03522608 0.01134645
v -0.02967420 -0.03658490 0.00975947
v -0.03649256 -0.03678369 0.00597985
v -0.03174603 -0.03792375 0.00474762
v -0.03305579 -0.03914656 -0.00074004
v -0.04115232 -0.03515890 0.00716773
v -0.03789431 -0.03351153 0.01286420
v -0.03570094 -0.03248321 0.01573098
v -0.04556818 -0.03309023 0.00823013
v -0.04156448 -0.03150540 0.01430620
v -0.04196704 -0.02868915 0.01842728
v -0.04506187 -0.02940244 0.01542759
v -0.04879997 -0.02669339 0.01688752
v -0.05405119 -0.02761795 0.00991322
v -0.05149329 -0.02717870 0.01360985
v -0.05819752 -0.02329474 0.01094753
v -0.05569189 -0.02279880 0.01495016
v -0.05282056 -0.02236998 0.01862212
v -0.04560566 -0.02620109 0.01996523
v -0.04951394 -0.02199605 0.02197183
v -0.05212819 -0.01667418 0.02361471
v -0.02315724 -0.03898212 0.00289131
v -0.02884774 -0.03391724 0.01568896
v -0.03412575 -0.03107459 0.01841024
v -0.03899609 -0.02775120 0.02106953
v -0.04292891 -0.02470293 0.02339564
v -0.04523531 -0.02176544 0.02510281
v -0.04654937 -0.01950391 0.02604462
v -0.04830842 -0.01423938 0.02756426
v 0.03895106 0.02789184 0.02519128
v 0.03993533 0.02703684 0.02583967
v 0.04050709 0.02812828 0.02471623
v 0.04172714 0.02707144 0.02540360
v 0.03507117 0.03094615 0.02198616
v 0.03801963 0.02995069 0.02300649
v 0.03176455 0.03382344 0.01789028
v 0.03083176 0.03306167 0.01916005
v 0.03490984 0.03228702 0.02008305
v 0.04175510 0.02451967 0.02763145
v 0.04220630 0.02505625 0.02703365
v 0.04059002 0.02485053 0.02761427
v 0.03938330 0.02048802 0.03134445
v 0.04129581 0.00876115 0.03486474
v 0.04176460 0.00431027 0.03524788
v 0.04043567 0.01313586 0.03419577
v 0.03966946 0.01584490 0.03359763
v 0.03928085 0.01825843 0.03268633
v 0.02030650 0.03757471 0.01135053
v 0.01959077 0.03710679 0.01240673
v 0.02214870 0.03699679 0.01251818
v 0.02513730 0.03545135 0.01537693
v 0.02655360 0.03568354 0.01489396
v 0.03058259 0.03338725 0.01867666
v 0.01223123 0.03772834 0.01105196
v 0.01634229 0.03818803 0.01008551
v 0.01937967 0.03775868 0.01098050
v 0.00990828 0.03876194 0.00835821
v 0.01110966 0.03870420 0.00863143
v 0.01354156 0.03852741 0.00923188
v -0.01262407 0.03668797 0.01254792
v -0.01035671 0.03693523 0.01216107
v -0.00764999 0.03712712 0.01185830
v -0.04999535 0.03636856 -0.00723749
v -0.07051530 0.01572651 -0.00703279
v -0.03367117 0.04006482 -0.00649525
v -0.03532037 0.04019803 -0.00795838
v -0.03655737 0.03976632 -0.00630728
v -0.04636459 0.03742440 -0.00576534
v -0.04308899 0.03845939 -0.00593412
v -0.04321300 0.03879921 -0.00758454
v -0.04126872 0.03892473 -0.00605627
v -0.05092469 0.03551293 -0.00562142
v -0.05506123 0.03321793 -0.00557389
v -0.05710570 0.03234613 -0.00724694
v -0.05657015 0.03223019 -0.00559022
v -0.06457059 0.02490585 -0.00561572
v -0.06267390 0.02703703 -0.00558725
v -0.06038907 0.02924013 -0.00559305
v -0.05903707 0.03040078 -0.00563617
v -0.06584831 0.02321589 -0.00553004
v -0.06741816 0.02168561 -0.00726547
v -0.06699895 0.02151660 -0.00547567
v -0.06852338 0.01892264 -0.00543832
v -0.02357877 0.03120214 0.01950695
v -0.04523642 0.01324561 0.02923055
v -0.03556981 0.01188042 0.03170692
v -0.03485445 0.01559085 0.03073822
v -0.02940710 0.02655416 0.02378234
v -0.03732245 0.02673212 0.02249674
v -0.03159185 0.02374690 0.02613093
v -0.04062603 0.02370430 0.02497063
v -0.03270499 0.02165143 0.02771654
v -0.04237671 0.02113950 0.02655108
v -0.03384552 0.01888497 0.02935806
v -0.04337867 0.01892313 0.02761373
v -0.04457669 0.01694527 0.02818445
v -0.02674794 0.02904655 0.02158118
v -0.03275042 0.02990812 0.01993796
v -0.03507009 0.02848846 0.02105058
v -0.01661524 0.03605897 0.01350018
v -0.02243575 0.03463697 0.01531301
v -0.02002730 0.03294256 0.01768496
v -0.02665487 0.03323625 0.01681132
v -0.02783224 0.03257528 0.01752613
v -0.03118339 0.03114830 0.01877599
v -0.04987972 0.01379217 0.02656678
v -0.04824154 0.01379403 0.02769267
v -0.04654987 0.01930614 0.02604459
v -0.05350067 0.01324511 0.02382269
v -0.05213544 0.01646169 0.02361702
v -0.05503778 0.01343152 0.02229954
v -0.05568774 0.01695678 0.01986897
v -0.05735779 0.01336502 0.01985348
v -0.06854965 0.01434219 0.00056730
v -0.06540033 0.01885178 0.00316506
v -0.06201003 0.02399237 0.00284489
v -0.05776998 0.02835197 0.00240927
v -0.05314641 0.03174909 0.00196161
v -0.04841411 0.03441525 0.00146106
v -0.04339735 0.03652343 0.00082935
v -0.03820101 0.03803573 0.00006245
v -0.03306160 0.03894280 -0.00071422
v -0.01297302 0.03776481 0.00994872
v -0.00735650 0.03804376 0.00953742
v -0.02322350 0.03584861 0.01306533
v -0.01974125 0.03667627 0.01190252
v -0.02174012 0.03793457 0.00725466
v -0.01706645 0.03726651 0.01084527
v -0.06073568 0.01360707 0.01552088
v -0.05869031 0.01735630 0.01601439
v -0.05282109 0.02217202 0.01862215
v -0.04951448 0.02179816 0.02197182
v -0.02828383 0.03549598 0.01243206
v -0.02967514 0.03638752 0.00975949
v -0.03207274 0.03403201 0.01412087
v -0.03387691 0.03502859 0.01134645
v -0.03570177 0.03228565 0.01573099
v -0.03789517 0.03331394 0.01286421
v -0.04196778 0.02849146 0.01842728
v -0.04156527 0.03130772 0.01430620
v -0.04506260 0.02920468 0.01542759
v -0.06369547 0.01380641 0.01092084
v -0.06128638 0.01784515 0.01190735
v -0.05569246 0.02260076 0.01495017
v -0.04880064 0.02649553 0.01688753
v -0.04560634 0.02600328 0.01996525
v -0.06631708 0.01398183 0.00596122
v -0.06346289 0.01841752 0.00763824
v -0.05819811 0.02309664 0.01094755
v -0.05149397 0.02698076 0.01360985
v -0.03174702 0.03772632 0.00474762
v -0.03649350 0.03658614 0.00597985
v -0.04115322 0.03496122 0.00716774
v -0.04556903 0.03289244 0.00823012
v -0.04968292 0.03050072 0.00909288
v -0.05405187 0.02741996 0.00991322
v -0.02316462 0.03878275 0.00289983
v -0.04523590 0.02156767 0.02510278
v -0.04292956 0.02450522 0.02339563
v -0.03899681 0.02755360 0.02106952
v -0.03412653 0.03087712 0.01841022
v -0.02884860 0.03371990 0.01568895
v -0.04609326 -0.00420082 0.03005695
v -0.04595256 -0.00911921 0.02977961
v -0.04928733 -0.00797558 0.02830863
v -0.04863191 -0.01235592 0.02793333
v -0.04580548 0.00858802 0.02986843
v -0.04950838 0.00397786 0.02842318
v -0.04929646 0.00757109 0.02832426
v -0.04909269 0.00964146 0.02817678
v -0.03601767 -0.00708477 0.03223226
v -0.03602356 0.00688511 0.03223145
v -0.06118578 0.00828980 0.01670927
v -0.05574684 0.00793349 0.02296380
v -0.06542089 0.00856407 0.01029192
v -0.06905063 0.00885664 0.00300640
v -0.06966538 0.00889267 0.00153521
v -0.05576211 -0.00813312 0.02294847
v -0.06541403 -0.00880096 0.01029062
v -0.06905067 -0.00903874 0.00301324
v -0.06965988 -0.00911685 0.00153504
v -0.06119223 -0.00851714 0.01669373
v -0.07190044 -0.01355452 -0.00895636
v -0.07401769 -0.00169276 -0.00851079
v -0.07328650 -0.00786953 -0.00865811
v -0.07301203 -0.00957095 -0.00897428
v -0.07406483 -0.00009935 -0.00851542
v -0.07157157 0.01440186 -0.00891515
v -0.07333891 0.00743770 -0.00862655
v -0.07380126 0.00438257 -0.00862690
v -0.07403276 0.00088596 -0.00845679
v -0.07108655 0.01562272 -0.00891972
v -0.06868360 0.02048884 -0.00908877
v -0.06354714 0.02737565 -0.00919756
v -0.06594632 0.02454674 -0.00916408
v -0.06735256 0.02257508 -0.00907692
v -0.05708118 0.03295825 -0.00926979
v -0.06020451 0.03056469 -0.00925741
v -0.06206228 0.02886634 -0.00915814
v -0.05346866 0.03520422 -0.00931353
v -0.05567486 0.03388339 -0.00923622
v -0.04153333 0.03965069 -0.00970840
v -0.04560859 0.03857594 -0.00956712
v -0.04847320 0.03753633 -0.00935038
v -0.04964003 0.03706723 -0.00937296
v -0.03427076 0.04063781 -0.01002960
v -0.03801209 0.04026747 -0.00985158
v -0.04802788 0.03987554 -0.02744363
v -0.04932910 0.03945117 -0.02752085
v -0.04905132 0.03880208 -0.01853396
v -0.07317057 0.01813546 -0.02714164
v -0.07396656 0.01637974 -0.02708514
v -0.07295991 0.01600490 -0.01788356
v -0.03433458 0.04139042 -0.01749412
v -0.04108596 0.04088400 -0.01883772
v -0.05664016 0.03507957 -0.01832939
v -0.06333249 0.02993546 -0.01818057
v -0.06886666 0.02349783 -0.01803364
v -0.07520421 -0.00021856 -0.01301361
v -0.07748584 0.00077381 -0.02694572
v -0.07749707 -0.00011378 -0.02695522
v -0.07666596 -0.00025317 -0.02034404
v -0.07616863 -0.00038090 -0.01754172
v -0.07596024 0.00399740 -0.01762832
v -0.07734155 0.00316938 -0.02687109
v -0.07519893 0.01312545 -0.02690399
v -0.07639220 0.00895539 -0.02684922
v -0.07530338 0.00822699 -0.01771334
v -0.07691172 0.00641674 -0.02685016
v -0.07725275 0.00403096 -0.02685484
v -0.06847099 0.02570344 -0.02717648
v -0.06975323 0.02398256 -0.02722803
v -0.07147140 0.02130574 -0.02715515
v -0.07223031 0.01997281 -0.02717551
v -0.06524863 0.02933348 -0.02714161
v -0.05788980 0.03525227 -0.02735409
v -0.05826197 0.03501156 -0.02734455
v -0.05860879 0.03478230 -0.02733441
v -0.05897698 0.03453329 -0.02731878
v -0.05961369 0.03409020 -0.02729528
v -0.05997196 0.03383268 -0.02727356
v -0.06030716 0.03358681 -0.02725360
v -0.06066177 0.03332035 -0.02722333
v -0.06134649 0.03279913 -0.02725688
v -0.06262289 0.03177846 -0.02743129
v -0.06390361 0.03065024 -0.02740099
v -0.05286004 0.03801255 -0.02739950
v -0.05433545 0.03728454 -0.02727782
v -0.05709406 0.03574461 -0.02732227
v -0.04309481 0.04108119 -0.02758281
v -0.04069290 0.04145056 -0.02775478
v -0.03830569 0.04168115 -0.02770918
v -0.03987052 -0.04010209 -0.00992026
v -0.04511057 -0.03887894 -0.00985412
v -0.05329268 -0.03543003 -0.00944150
v -0.05521266 -0.03436322 -0.00966278
v -0.05803365 -0.03243587 -0.00949280
v -0.06602106 -0.02458091 -0.00924819
v -0.07107641 -0.01583502 -0.00904380
v -0.07047021 -0.01719836 -0.00900725
v -0.06918513 -0.01978661 -0.00922190
v -0.06795804 -0.02182217 -0.00924545
v -0.07433281 -0.01562463 -0.02716244
v -0.07382973 -0.01682806 -0.02722441
v -0.07283939 -0.01640041 -0.01789841
v -0.07527689 -0.00845574 -0.01770086
v -0.06872127 -0.02381206 -0.01804403
v -0.06317294 -0.03019276 -0.01820728
v -0.05651274 -0.03526605 -0.01835929
v -0.04894869 -0.03894730 -0.01857159
v -0.04103091 -0.04099866 -0.01886536
v -0.04306340 -0.04119223 -0.02762529
v -0.04069649 -0.04155093 -0.02769008
v -0.03886133 -0.04174161 -0.02770069
v -0.04788396 -0.04002814 -0.02751839
v -0.05710030 -0.03585649 -0.02747985
v -0.05591646 -0.03655016 -0.02745867
v -0.05293415 -0.03808015 -0.02737401
v -0.04922078 -0.03959318 -0.02753606
v -0.06040795 -0.03361402 -0.02723749
v -0.06434821 -0.03032924 -0.02728119
v -0.06749568 -0.02699514 -0.02711347
v -0.06950790 -0.02443683 -0.02726999
v -0.07311399 -0.01834572 -0.02709508
v -0.07211494 -0.02028477 -0.02716555
v -0.07065399 -0.02272582 -0.02710929
v -0.07532685 -0.01287362 -0.02698013
v -0.07597452 -0.01074198 -0.02697502
v -0.07747900 -0.00150934 -0.02708105
v -0.07740260 -0.00282472 -0.02710177
v -0.07726502 -0.00410899 -0.02693865
v -0.07706804 -0.00554094 -0.02684304
v -0.07646978 -0.00877780 -0.02695928
v 0.15436455 -0.00004530 -0.02711618
v 0.15402130 0.00612171 -0.02704667
v 0.10045711 0.04492229 -0.01667045
v 0.10800411 0.04364927 -0.01605759
v 0.10106729 0.04515097 -0.01746285
v 0.10045776 0.04582376 -0.01922173
v 0.10042619 0.04569868 -0.01882288
v 0.10044182 0.04721973 -0.02439557
v 0.10539104 0.04659347 -0.02440051
v 0.11225605 0.04536081 -0.02438793
v 0.11266285 0.04331104 -0.01738820
v 0.11853530 0.04383388 -0.02461302
v 0.11512990 0.04216118 -0.01587529
v 0.11669877 0.04167954 -0.01567664
v 0.12170339 0.04284108 -0.02463679
v 0.12185307 0.04084425 -0.01717978
v 0.12443504 0.04188863 -0.02481321
v 0.12694523 0.03856239 -0.01618742
v 0.12964141 0.03964069 -0.02499416
v 0.13222943 0.03602581 -0.01617851
v 0.13438042 0.03704492 -0.02530911
v 0.13717683 0.03517855 -0.02551149
v 0.13630121 0.03449548 -0.01876374
v 0.13897506 0.03381199 -0.02564494
v 0.13725774 0.03326101 -0.01703874
v 0.14070951 0.03050702 -0.01703972
v 0.14272852 0.03042041 -0.02590349
v 0.14450001 0.02659357 -0.01694937
v 0.14621140 0.02637051 -0.02625528
v 0.14785060 0.02400058 -0.02641878
v 0.14747017 0.02376120 -0.01983849
v 0.14925398 0.02161569 -0.02654159
v 0.15217209 0.01279964 -0.01775350
v 0.15159693 0.01643793 -0.02678305
v 0.15028892 0.01806952 -0.01800741
v 0.14817598 0.02200515 -0.01791144
v 0.15406036 0.00285262 -0.01873378
v 0.15426017 -0.00028454 -0.01945288
v 0.15355351 0.00737625 -0.01852378
v 0.15347968 0.00930470 -0.02060635
v 0.15356969 0.00917629 -0.02702221
v 0.15309949 0.01143594 -0.02695245
v 0.15147191 0.01683287 -0.02801918
v 0.15405229 0.00583089 -0.02821929
v 0.15434845 0.00121108 -0.02822413
v 0.15230622 0.01439320 -0.02806923
v 0.15248851 0.01378585 -0.02807425
v 0.15192391 0.01556728 -0.02795917
v 0.15211758 0.01498740 -0.02801367
v 0.15266290 0.01317192 -0.02807091
v 0.15282488 0.01256895 -0.02807617
v 0.15296716 0.01200927 -0.02810465
v 0.15327691 0.01066646 -0.02809578
v 0.15074591 0.01862417 -0.02787350
v 0.15099840 0.01802823 -0.02791382
v 0.15123592 0.01744218 -0.02795920
v 0.14791005 0.02401346 -0.02774968
v 0.14900811 0.02215907 -0.02782051
v 0.15017268 0.01988557 -0.02778048
v 0.15047756 0.01922907 -0.02782440
v 0.14592211 0.02687493 -0.02754029
v 0.14264481 0.03067093 -0.02736644
v 0.13931596 0.03371785 -0.02710600
v 0.13737152 0.03523302 -0.02698114
v 0.13511361 0.03679819 -0.02686575
v 0.13079207 0.03931647 -0.02665604
v 0.12079842 0.04345300 -0.02635500
v 0.12643333 0.04131810 -0.02621922
v 0.12734379 0.04092128 -0.02622226
v 0.10048669 0.04752943 -0.02600628
v 0.10731700 0.04659056 -0.02590890
v 0.11437693 0.04519979 -0.02603880
v 0.15191725 -0.01568707 -0.02796697
v 0.15133287 -0.01729492 -0.02797774
v 0.15381937 -0.00775582 -0.02815309
v 0.15324320 -0.01092190 -0.02808943
v 0.15303539 -0.01182777 -0.02807330
v 0.15264654 -0.01333001 -0.02805364
v 0.15239788 -0.01418982 -0.02803410
v 0.14331065 -0.03006590 -0.02733650
v 0.14581924 -0.02708961 -0.02733686
v 0.15099317 -0.01813918 -0.02789430
v 0.15026773 -0.01978284 -0.02779541
v 0.14884097 -0.02255072 -0.02775273
v 0.14231280 -0.03108017 -0.02713084
v 0.13989653 -0.03330019 -0.02690660
v 0.12519881 -0.04195864 -0.02639376
v 0.12747535 -0.04100328 -0.02646597
v 0.13125172 -0.03915379 -0.02654987
v 0.13595221 -0.03634079 -0.02692313
v 0.12194309 -0.04318085 -0.02643676
v 0.11939800 -0.04396172 -0.02615682
v 0.10857428 -0.04641685 -0.02562109
v 0.11008410 -0.04622110 -0.02602762
v 0.11685443 -0.04473427 -0.02641590
v 0.10656347 -0.04675470 -0.02563144
v 0.10549854 -0.04697346 -0.02590491
v 0.10159180 -0.04751657 -0.02606735
v 0.10043488 -0.04764085 -0.02603766
v 0.15369496 -0.00526916 -0.01792589
v 0.10056004 -0.04697818 -0.02295782
v 0.10054211 -0.04736455 -0.02464756
v 0.11253179 -0.04540882 -0.02441899
v 0.10026479 -0.04499967 -0.01656416
v 0.10046333 -0.04530964 -0.01743834
v 0.10550949 -0.04415759 -0.01611826
v 0.11214904 -0.04302632 -0.01612649
v 0.11323119 -0.04322646 -0.01718950
v 0.10022416 -0.04532612 -0.01741631
v 0.10035809 -0.04555931 -0.01810193
v 0.10045580 -0.04585472 -0.01900496
v 0.11673018 -0.04174468 -0.01562275
v 0.11737808 -0.04425489 -0.02456238
v 0.11862923 -0.04128196 -0.01570575
v 0.12173501 -0.04294905 -0.02470811
v 0.12445757 -0.03950449 -0.01590541
v 0.13504763 -0.03673226 -0.02540612
v 0.12994652 -0.03758555 -0.01680769
v 0.12975841 -0.03969529 -0.02505977
v 0.12626999 -0.04125693 -0.02486622
v 0.14309260 -0.03014469 -0.02594754
v 0.13877703 -0.03201059 -0.01658774
v 0.13731638 -0.03518608 -0.02558299
v 0.13679202 -0.03422193 -0.01859029
v 0.13412900 -0.03514047 -0.01640275
v 0.14786593 -0.02325897 -0.01979043
v 0.14639854 -0.02479293 -0.01795088
v 0.14780766 -0.02416806 -0.02642013
v 0.14582226 -0.02524798 -0.01731841
v 0.14311402 -0.02874090 -0.01811660
v 0.14904875 -0.02029945 -0.01741647
v 0.15148280 -0.01682576 -0.02678564
v 0.15169496 -0.01511893 -0.01873283
v 0.15354377 -0.00932580 -0.02703775
v 0.15283421 -0.01088811 -0.01825674
v 0.15435507 -0.00106558 -0.02709893
v 0.15360772 -0.00873160 -0.02061244
v 0.14957295 0.01586218 -0.01433076
v 0.14971586 0.01001416 -0.01221153
v 0.15177093 0.00875630 -0.01451387
v 0.15107771 0.00501760 -0.01279428
v 0.15258478 0.00151743 -0.01456892
v 0.15035828 0.00000056 -0.01171757
v 0.15294174 -0.00023364 -0.01517411
v 0.14595186 0.02253086 -0.01421228
v 0.14653032 0.01886554 -0.01240269
v 0.14809398 0.01410736 -0.01182879
v 0.14081983 0.02807805 -0.01367996
v 0.14314513 0.02298008 -0.01177892
v 0.14384316 0.02103154 -0.01124847
v 0.13509437 0.03248554 -0.01347372
v 0.13656029 0.02961234 -0.01183313
v 0.13956431 0.02599907 -0.01115125
v 0.12801433 0.03611058 -0.01314047
v 0.13193613 0.03269374 -0.01181922
v 0.13382455 0.03052527 -0.01106400
v 0.12223663 0.03733448 -0.01207452
v 0.12084206 0.03902488 -0.01336041
v 0.12437583 0.03683386 -0.01235489
v 0.12721777 0.03456151 -0.01135882
v 0.11634103 0.03977561 -0.01282387
v 0.11245980 0.04146824 -0.01373299
v 0.10051573 0.04449150 -0.01569819
v 0.11251486 0.04262379 -0.01563189
v 0.12118684 0.04063972 -0.01613231
v 0.12890913 0.03791377 -0.01663560
v 0.13601374 0.03403293 -0.01679101
v 0.14718044 0.02355196 -0.01785091
v 0.14230422 0.02929221 -0.01763125
v 0.15327089 0.00924080 -0.01865940
v 0.15121643 0.01627638 -0.01862700
v 0.15418575 0.00141671 -0.01903066
v 0.14647875 -0.00012521 -0.00862665
v 0.14894120 -0.00003668 -0.01052394
v 0.14627052 0.00191047 -0.00851518
v 0.14547122 0.00596292 -0.00826617
v 0.14544214 0.00784603 -0.00847565
v 0.14421818 0.01029325 -0.00812614
v 0.14290598 0.01438349 -0.00830171
v 0.14042506 0.01813241 -0.00814858
v 0.13792725 0.02114057 -0.00811019
v 0.13715094 0.02207752 -0.00815922
v 0.13510730 0.02409894 -0.00822046
v 0.08070400 -0.04884989 -0.02609465
v 0.06570456 -0.04895337 -0.02605856
v 0.04595454 -0.04888141 -0.02612156
v 0.09222053 -0.04832780 -0.02596300
v 0.08459560 -0.04872667 -0.02605140
v 0.09930645 0.04766339 -0.02607713
v 0.08769329 0.04849874 -0.02605441
v 0.08423566 0.04864738 -0.02609869
v 0.06318031 0.04884439 -0.02608204
v 0.04599565 0.04877439 -0.02608069
v 0.11260944 0.04551017 -0.02550840
v 0.15435545 0.00091505 -0.02763839
v 0.14790716 0.02397024 -0.02711300
v 0.14330007 0.02990810 -0.02668902
v 0.13732409 0.03518827 -0.02635619
v 0.12977334 0.03974025 -0.02597938
v 0.12185228 0.04300687 -0.02579125
v 0.05620189 0.04849123 -0.02440665
v 0.05476555 0.04852980 -0.02459512
v 0.05370533 0.04761903 -0.02071553
v 0.08973137 0.04713378 -0.02063237
v 0.07740950 0.04758740 -0.02071823
v 0.07604722 0.04643828 -0.01709974
v 0.09837305 0.04500770 -0.01636107
v 0.08819748 0.04583337 -0.01658015
v 0.08549031 0.04608371 -0.01690060
v 0.07769080 0.04852838 -0.02461043
v 0.09020832 0.04807948 -0.02452792
v 0.12223957 -0.03734482 -0.01199117
v 0.11633730 -0.03984362 -0.01278847
v 0.12472476 -0.03668458 -0.01223996
v 0.12721392 -0.03470652 -0.01139551
v 0.13200804 -0.03283015 -0.01188879
v 0.13406999 -0.03047699 -0.01107723
v 0.13603266 -0.02973245 -0.01154682
v 0.13894930 -0.02671545 -0.01116709
v 0.13891495 -0.02011942 -0.00811381
v 0.13724828 -0.02206405 -0.00815332
v 0.13604126 -0.02333222 -0.00819842
v 0.14273172 -0.02393647 -0.01198371
v 0.14392986 -0.02098752 -0.01124252
v 0.14152865 -0.01667678 -0.00819774
v 0.14553950 -0.01979751 -0.01192558
v 0.14742190 -0.01624296 -0.01197497
v 0.14348410 -0.01259737 -0.00815627
v 0.14564200 -0.00448833 -0.00823580
v 0.14487954 -0.00898582 -0.00827889
v 0.14960869 -0.01185564 -0.01259454
v 0.14541254 -0.00799934 -0.00846394
v 0.14958712 -0.00820821 -0.01167539
v 0.15042894 -0.00668049 -0.01227443
v 0.15105589 -0.00229725 -0.01251565
v 0.11300933 -0.04251651 -0.01543543
v 0.15339651 -0.00871348 -0.01869842
v 0.15122330 -0.01634142 -0.01860662
v 0.14754364 -0.02308861 -0.01781839
v 0.14238159 -0.02927406 -0.01753583
v 0.13643710 -0.03378651 -0.01666631
v 0.12903443 -0.03792747 -0.01657577
v 0.12166108 -0.04066681 -0.01631177
v 0.10111344 -0.04462636 -0.01591337
v 0.10027278 -0.04466772 -0.01580538
v 0.11288618 -0.04148316 -0.01374202
v 0.12117604 -0.03898833 -0.01332589
v 0.12835759 -0.03605985 -0.01315199
v 0.13540333 -0.03239611 -0.01349852
v 0.14123103 -0.02786703 -0.01377622
v 0.14618763 -0.02231712 -0.01424928
v 0.14978749 -0.01549999 -0.01438120
v 0.15204580 -0.00856419 -0.01489368
v 0.08951908 -0.04725705 -0.02066762
v 0.09842987 -0.04755905 -0.02454976
v 0.08850399 -0.04829556 -0.02463882
v 0.07727543 -0.04769459 -0.02073148
v 0.07832919 -0.04862071 -0.02461765
v 0.06308662 -0.04865764 -0.02455315
v 0.05373558 -0.04776797 -0.02089134
v 0.05475862 -0.04863377 -0.02460745
v 0.05307918 -0.04724433 -0.01906319
v 0.05862182 -0.04677144 -0.01752740
v 0.07686716 -0.04652176 -0.01709533
v 0.08551049 -0.04617494 -0.01687602
v 0.09026783 -0.04579797 -0.01652656
v 0.06374504 0.04652311 -0.01710012
v 0.14329146 0.00472900 -0.00708387
v 0.14452282 0.00157584 -0.00748159
v 0.14374468 0.00752778 -0.00746958
v 0.14193580 0.01327933 -0.00753114
v 0.14514267 -0.00007324 -0.00778869
v 0.14396144 -0.00003719 -0.00720517
v 0.14030653 0.01675601 -0.00765995
v 0.14236350 0.00900256 -0.00707127
v 0.04574857 -0.04858995 -0.02463117
v 0.14473991 -0.00138431 -0.00758838
v 0.14374961 -0.00753225 -0.00746234
v 0.14205631 -0.01352824 -0.00762159
v 0.14015392 -0.01697830 -0.00762736
v 0.14336359 -0.00412414 -0.00707515
v 0.04501004 -0.04783953 -0.02152355
v 0.04468474 -0.04747698 -0.02019370
v 0.04465297 0.04872804 -0.02626248
v 0.06312782 0.04867485 -0.02516020
v 0.08421120 0.04846588 -0.02511310
v 0.04574894 0.04848306 -0.02460464
v 0.09258336 0.04807822 -0.02527358
v 0.04474947 0.04755869 -0.02086218
v 0.04467117 0.04736253 -0.02014552
v -0.03784641 0.03276650 -0.04672309
v -0.06266934 0.01855951 -0.04678187
v -0.06160507 0.01998331 -0.04678884
v -0.05896746 0.02304114 -0.04677342
v -0.05600321 0.02571199 -0.04675675
v -0.05479903 0.02664359 -0.04674718
v -0.05310831 0.02779748 -0.04674250
v -0.04976603 0.02974147 -0.04671875
v -0.04797682 0.03052267 -0.04672297
v -0.04414646 0.03185321 -0.04669885
v -0.04009341 0.03262746 -0.04669541
v -0.03787943 -0.03296237 -0.04668799
v -0.04390323 -0.03204944 -0.04668652
v -0.04575812 -0.03147466 -0.04670540
v -0.04942884 -0.03000285 -0.04671876
v -0.05245004 -0.02837323 -0.04672231
v -0.05482732 -0.02667416 -0.04676125
v -0.05874437 -0.02334729 -0.04677668
v -0.05955485 -0.02250478 -0.04678180
v -0.06640549 -0.01152730 -0.04677674
v -0.06785726 -0.00775125 -0.04669912
v -0.06821163 -0.00605386 -0.04671726
v -0.06872166 -0.00309735 -0.04670553
v -0.06823542 0.00592754 -0.04671096
v -0.06754057 0.00876622 -0.04669902
v -0.06638924 0.01152570 -0.04676996
v -0.06344853 -0.01753309 -0.04677062
v -0.06601969 -0.01307938 -0.04669580
v -0.06893638 -0.00002399 -0.04668860
v -0.06862873 0.00369052 -0.04670829
v -0.06482532 0.01512018 -0.04675321
v -0.06348880 0.01728869 -0.04678469
v 0.04954978 -0.03667604 -0.04739870
v 0.05310328 0.03670850 -0.04739817
v 0.05570439 -0.04082373 -0.04667566
v 0.05570885 0.04070832 -0.04668186
v 0.05832972 -0.04085182 -0.04667828
v 0.04667442 0.04062327 -0.04666362
v 0.04667470 -0.04072300 -0.04666321
v 0.14401092 0.01134415 -0.04666729
v 0.14407145 0.01094968 -0.04668422
v 0.06885237 -0.04097852 -0.04666659
v 0.14500912 0.00617384 -0.04669266
v 0.14508049 0.00579603 -0.04668506
v 0.06662807 -0.04098496 -0.04666091
v 0.06662971 0.04094517 -0.04663929
v 0.07192375 0.04087571 -0.04666785
v 0.07564249 0.04086072 -0.04666323
v 0.13065821 0.02981381 -0.04665534
v 0.13098748 0.02956561 -0.04666105
v 0.13159545 0.02914815 -0.04665521
v 0.13190964 0.02892262 -0.04665303
v 0.14489811 0.00769087 -0.04664720
v 0.14491616 0.00729173 -0.04666539
v 0.14497811 0.00655956 -0.04668418
v 0.14544753 0.00068954 -0.04668012
v 0.14542751 -0.00004954 -0.04668933
v 0.14517272 -0.00530878 -0.04667728
v 0.14514455 -0.00584150 -0.04666438
v 0.14514678 -0.00637757 -0.04663746
v 0.14506612 -0.00687064 -0.04664073
v 0.14388190 0.01207917 -0.04663663
v 0.13224118 0.02873199 -0.04663514
v 0.13278121 0.02824931 -0.04665307
v 0.13308737 0.02798638 -0.04665778
v 0.14519298 0.00506148 -0.04667603
v 0.14529384 0.00434657 -0.04666577
v 0.14531358 0.00361545 -0.04668104
v 0.14535739 0.00285624 -0.04668384
v 0.14544823 0.00141583 -0.04667409
v 0.08622773 0.04059691 -0.04665600
v 0.09681922 0.03989496 -0.04665878
v 0.09956443 0.03964058 -0.04665529
v 0.14142707 0.01809279 -0.04662559
v 0.14157589 0.01774357 -0.04663735
v 0.14185298 0.01704181 -0.04666291
v 0.14198568 0.01665758 -0.04668027
v 0.14446233 0.00946743 -0.04667583
v 0.14467230 0.00875886 -0.04665536
v 0.14480044 0.00839156 -0.04663546
v 0.13670049 0.02459634 -0.04665674
v 0.13723737 0.02406905 -0.04663940
v 0.13753628 0.02380221 -0.04662028
v 0.14331468 0.01348343 -0.04667362
v 0.14350706 0.01311872 -0.04665074
v 0.14378723 0.01244090 -0.04663033
v 0.14544377 -0.00085680 -0.04668110
v 0.14544629 -0.00164045 -0.04667338
v 0.14536614 -0.00267995 -0.04668628
v 0.12644179 -0.03249497 -0.04664414
v 0.12503595 -0.03331704 -0.04660784
v 0.07940742 -0.04090803 -0.04665891
v 0.13365462 0.02750443 -0.04666069
v 0.13397725 0.02725678 -0.04665245
v 0.13454378 0.02680332 -0.04663880
v 0.14529876 -0.00372662 -0.04668597
v 0.14520103 -0.00476674 -0.04668796
v 0.11826096 -0.03597894 -0.04663644
v 0.11337075 -0.03741169 -0.04663625
v 0.11036040 -0.03807921 -0.04664962
v 0.11883803 -0.03576071 -0.04664449
v 0.10229985 -0.03942733 -0.04665371
v 0.09949122 -0.03974569 -0.04665532
v 0.14035226 0.01967847 -0.04667810
v 0.14075976 0.01904136 -0.04667001
v 0.14101928 0.01871227 -0.04664747
v 0.14416729 0.01057208 -0.04668559
v 0.14434897 0.00985263 -0.04668438
v 0.14491913 -0.00738843 -0.04666436
v 0.14478112 -0.00790889 -0.04668164
v 0.14466519 -0.00843538 -0.04668787
v 0.13134212 -0.02942658 -0.04665607
v 0.13090426 -0.02972445 -0.04666007
v 0.13046902 -0.03004277 -0.04665467
v 0.12999966 -0.03040290 -0.04664042
v 0.10709179 -0.03871846 -0.04664820
v 0.12192731 -0.03462876 -0.04663417
v 0.08939232 -0.04053827 -0.04665526
v 0.10616095 0.03878534 -0.04664626
v 0.10931657 0.03824053 -0.04663428
v 0.11483199 0.03696552 -0.04662216
v 0.13798668 0.02324150 -0.04662581
v 0.13818204 0.02286811 -0.04665668
v 0.13861563 0.02224999 -0.04667046
v 0.14261936 0.01524940 -0.04667861
v 0.14288080 0.01455409 -0.04668544
v 0.14303316 0.01417737 -0.04668302
v 0.11892128 0.03566053 -0.04663551
v 0.12363395 0.03388874 -0.04660338
v 0.12431760 0.03352905 -0.04661947
v 0.12834926 0.03136040 -0.04663360
v 0.12947414 0.03069916 -0.04662390
v 0.13480416 0.02650796 -0.04665434
v 0.13533711 0.02598273 -0.04665977
v 0.13561965 0.02568778 -0.04666454
v 0.13612993 0.02515836 -0.04666770
v 0.13640213 0.02486701 -0.04666920
v 0.13885818 0.02191258 -0.04667348
v 0.13930611 0.02132043 -0.04666737
v 0.13953805 0.02100315 -0.04666389
v 0.13973500 0.02065135 -0.04667625
v 0.14016418 0.02004581 -0.04666535
v 0.14457107 -0.00896733 -0.04668326
v 0.14444754 -0.00948067 -0.04668771
v 0.14434204 -0.01000922 -0.04668185
v 0.14214703 0.01629350 -0.04668319
v 0.14245269 0.01561435 -0.04668239
v 0.13351284 -0.02785312 -0.04662310
v 0.13311512 -0.02818687 -0.04662135
v 0.13263534 -0.02847151 -0.04665032
v 0.13178121 -0.02910326 -0.04665664
v 0.14420878 -0.01053543 -0.04668309
v 0.14410949 -0.01107061 -0.04666865
v 0.14402529 -0.01161136 -0.04664510
v 0.13466578 -0.02670568 -0.04666161
v 0.13426969 -0.02708448 -0.04665587
v 0.13389925 -0.02748947 -0.04663329
v 0.14391055 -0.01210987 -0.04663360
v 0.14368660 -0.01260325 -0.04665859
v 0.14346484 -0.01310580 -0.04667832
v 0.13584015 -0.02556742 -0.04666372
v 0.13545166 -0.02595769 -0.04666260
v 0.13505552 -0.02632464 -0.04666637
v 0.14327303 -0.01362033 -0.04668303
v 0.14308977 -0.01413844 -0.04668118
v 0.14291730 -0.01465877 -0.04667216
v 0.13696637 -0.02441166 -0.04665409
v 0.13663176 -0.02483036 -0.04664107
v 0.13625157 -0.02519954 -0.04664971
v 0.14273804 -0.01514976 -0.04666614
v 0.14248143 -0.01564008 -0.04668309
v 0.14226281 -0.01614797 -0.04668146
v 0.13802572 -0.02313156 -0.04666314
v 0.13766111 -0.02354922 -0.04666893
v 0.13730674 -0.02397484 -0.04666653
v 0.14204837 -0.01664571 -0.04667662
v 0.14180699 -0.01712868 -0.04667960
v 0.14155701 -0.01762338 -0.04668012
v 0.13904319 -0.02187477 -0.04664807
v 0.13876944 -0.02233485 -0.04662783
v 0.13840586 -0.02272595 -0.04664655
v 0.14132404 -0.01812675 -0.04667025
v 0.14111051 -0.01864080 -0.04664859
v 0.14087184 -0.01910533 -0.04664043
v 0.14054931 -0.01954645 -0.04666016
v 0.14023691 -0.02000614 -0.04666950
v 0.13992014 -0.02046213 -0.04667732
v 0.13962031 -0.02092308 -0.04667547
v 0.13933251 -0.02139953 -0.04666325
v 0.04605666 -0.04907915 -0.02736899
v 0.09895557 -0.04797106 -0.02708467
v 0.10052186 -0.04780715 -0.02705927
v 0.09349367 -0.04843714 -0.02711709
v 0.07163982 -0.04913722 -0.02711149
v 0.08291342 -0.04898854 -0.02728772
v 0.11937121 -0.04416709 -0.02738575
v 0.12109056 -0.04361201 -0.02733598
v 0.11372073 -0.04565820 -0.02724122
v 0.10775737 -0.04685782 -0.02732813
v 0.12589480 -0.04184968 -0.02755571
v 0.15433533 -0.00182348 -0.02903118
v 0.15414193 -0.00505417 -0.02900635
v 0.15418178 -0.00459054 -0.02900301
v 0.15421749 -0.00412655 -0.02900090
v 0.15424876 -0.00366807 -0.02899550
v 0.15427613 -0.00320820 -0.02898637
v 0.15429922 -0.00275753 -0.02899124
v 0.15431888 -0.00230019 -0.02901031
v 0.15398537 -0.00653899 -0.02902523
v 0.15404888 -0.00598724 -0.02900895
v 0.15409768 -0.00551971 -0.02900764
v 0.15372905 -0.00837690 -0.02901251
v 0.15325957 -0.01088267 -0.02894707
v 0.15185369 -0.01592279 -0.02887908
v 0.15050457 -0.01932597 -0.02874809
v 0.14814015 -0.02381157 -0.02863438
v 0.14640349 -0.02640495 -0.02842387
v 0.13951549 -0.03376342 -0.02807619
v 0.14134300 -0.03212448 -0.02801869
v 0.14321903 -0.03026271 -0.02830300
v 0.14515724 -0.02802648 -0.02830713
v 0.13093337 -0.03948692 -0.02769900
v 0.13542722 -0.03681345 -0.02783198
v 0.13821428 -0.03480960 -0.02796704
v 0.12855249 -0.04066294 -0.02752339
v 0.13814615 0.03477232 -0.02803435
v 0.13659045 0.03591578 -0.02787053
v 0.13336402 0.03801548 -0.02772280
v 0.12861153 0.04053613 -0.02751388
v 0.12695433 0.04129799 -0.02754737
v 0.12526808 0.04200336 -0.02750606
v 0.14038161 0.03290648 -0.02799401
v 0.14138131 0.03198907 -0.02800247
v 0.14411113 0.02917765 -0.02831242
v 0.14721369 0.02515321 -0.02851729
v 0.14846135 0.02318008 -0.02865913
v 0.14988494 0.02054515 -0.02874144
v 0.15042551 0.01940371 -0.02874708
v 0.15186909 0.01578173 -0.02891722
v 0.15319931 0.01106154 -0.02895798
v 0.15337570 0.01023256 -0.02900360
v 0.15369088 0.00851562 -0.02901451
v 0.15412910 0.00509615 -0.02901012
v 0.10200570 0.04756740 -0.02722408
v 0.10039792 0.04775288 -0.02725826
v 0.10768214 0.04676282 -0.02725629
v 0.11364571 0.04558596 -0.02729463
v 0.11933399 0.04407493 -0.02734143
v 0.07942366 0.04895000 -0.02709359
v 0.06865637 0.04904310 -0.02712084
v 0.09038911 0.04855209 -0.02720046
v 0.08490116 0.04882589 -0.02730566
v -0.04241941 -0.04133882 -0.02876783
v -0.07759258 -0.00007102 -0.02809688
v -0.07725361 -0.00510884 -0.02834352
v -0.07683655 -0.00754633 -0.02823166
v -0.07622699 -0.01021340 -0.02838455
v -0.07538632 -0.01302109 -0.02842178
v -0.07473597 -0.01482612 -0.02839411
v -0.07348676 -0.01777369 -0.02848407
v -0.07275189 -0.01926600 -0.02846896
v -0.07117700 -0.02205429 -0.02843122
v -0.07018864 -0.02359110 -0.02850224
v -0.06790381 -0.02663835 -0.02847893
v -0.06703191 -0.02765244 -0.02839900
v -0.05029879 -0.03924863 -0.02851563
v -0.06472916 -0.03006071 -0.02847737
v -0.06103088 -0.03322830 -0.02846107
v -0.05911582 -0.03461348 -0.02844382
v -0.05490917 -0.03716211 -0.02855895
v -0.05218342 -0.03848050 -0.02854109
v -0.04541492 -0.04073918 -0.02851552
v -0.04704517 -0.04032043 -0.02856950
v -0.03905997 -0.04175273 -0.02881758
v -0.04049473 -0.04160621 -0.02881423
v -0.03993748 -0.04166823 -0.02880986
v -0.03949245 -0.04171321 -0.02882158
v 0.04604360 0.04899066 -0.02745326
v -0.07754024 0.00204774 -0.02824627
v -0.04566133 0.04057757 -0.02847970
v -0.04287102 0.04116231 -0.02873706
v -0.03840546 0.04170144 -0.02880031
v -0.05381404 0.03762324 -0.02862972
v -0.05079034 0.03895804 -0.02851948
v -0.04776469 0.04001215 -0.02864507
v -0.04694102 0.04024501 -0.02849139
v -0.05726761 0.03571571 -0.02857392
v -0.05792984 0.03530199 -0.02857525
v -0.05830345 0.03506160 -0.02858173
v -0.05865206 0.03483257 -0.02859034
v -0.05580928 0.03656546 -0.02845746
v -0.05648296 0.03618277 -0.02851959
v -0.05687979 0.03595017 -0.02856435
v -0.05467534 0.03718631 -0.02861512
v -0.05507189 0.03697542 -0.02858250
v -0.05543931 0.03677327 -0.02851132
v -0.05901895 0.03458632 -0.02859784
v -0.05965063 0.03414882 -0.02858654
v -0.06001467 0.03388878 -0.02856830
v -0.06037167 0.03362863 -0.02855942
v -0.06113831 0.03305250 -0.02858449
v -0.06469481 0.02999667 -0.02856100
v -0.06599022 0.02867839 -0.02830072
v -0.06811180 0.02627549 -0.02835901
v -0.07022671 0.02342617 -0.02840396
v -0.07114625 0.02200033 -0.02839404
v -0.07284532 0.01898510 -0.02848588
v -0.07403555 0.01645270 -0.02846882
v -0.07474357 0.01468864 -0.02828891
v -0.07494051 0.01417372 -0.02834181
v -0.07511071 0.01371331 -0.02839937
v -0.07558718 0.01228687 -0.02830372
v -0.07542787 0.01279070 -0.02838796
v -0.07527216 0.01325533 -0.02841727
v -0.07584677 0.01140788 -0.02813427
v -0.07597673 0.01094685 -0.02807687
v -0.07610977 0.01049428 -0.02815843
v -0.07624359 0.01002204 -0.02826048
v -0.07637420 0.00952882 -0.02832765
v -0.07659210 0.00861849 -0.02833025
v -0.07670379 0.00809904 -0.02827276
v -0.07679973 0.00762838 -0.02823211
v -0.07689544 0.00715456 -0.02826454
v -0.07698893 0.00666123 -0.02829711
v -0.07708136 0.00612027 -0.02828191
v -0.07721941 0.00519640 -0.02821312
v -0.07729120 0.00468032 -0.02823995
v -0.07736170 0.00412551 -0.02828662
v -0.07746539 0.00311461 -0.02830682
v 0.15313202 0.00328017 -0.03967713
v 0.15323011 -0.00004613 -0.03967371
v 0.15277839 0.00712952 -0.03964119
v 0.15183301 0.01220653 -0.03958716
v 0.15034893 0.01695177 -0.03958330
v 0.14988968 0.01807163 -0.03961847
v 0.14713897 0.02364323 -0.03947240
v 0.14925709 0.01959934 -0.03954526
v 0.14621832 0.02506040 -0.03950169
v 0.14499125 0.02685268 -0.03941347
v 0.14208589 0.03032716 -0.03935521
v 0.14089900 0.03152240 -0.03937018
v 0.13840943 0.03383118 -0.03924804
v 0.13592612 0.03574063 -0.03926414
v 0.13505838 0.03634663 -0.03927015
v 0.10044020 0.04742563 -0.03936439
v 0.10725397 0.04664540 -0.03906846
v 0.11243634 0.04560132 -0.03920259
v 0.11808675 0.04421133 -0.03908839
v 0.12072534 0.04333879 -0.03919814
v 0.12436570 0.04201637 -0.03918359
v 0.12926579 0.03977088 -0.03926823
v 0.13153968 0.03858577 -0.03919160
v 0.09748925 0.04775555 -0.03925862
v 0.08662966 0.04851953 -0.03913422
v 0.07583937 0.04876149 -0.03924953
v 0.07187651 0.04883436 -0.03914482
v 0.05563315 0.04860112 -0.03939464
v 0.04631373 0.04840314 -0.03952378
v -0.07378059 0.01443086 -0.03986932
v -0.03969383 0.04050495 -0.03970917
v -0.04139626 0.04032271 -0.03968463
v -0.04378716 0.03989457 -0.03976939
v -0.04663451 0.03926773 -0.03970698
v -0.04847506 0.03865880 -0.03982768
v -0.05022442 0.03807040 -0.03976672
v -0.05262175 0.03706786 -0.03974814
v -0.05670608 0.03483578 -0.03984076
v -0.06053245 0.03223038 -0.03982812
v -0.06413668 0.02908070 -0.03992050
v -0.07181188 0.01874929 -0.03992764
v -0.07111365 0.02000467 -0.03997010
v -0.07022452 0.02154566 -0.03993301
v -0.06857889 0.02399119 -0.03992798
v -0.06756636 0.02529332 -0.03995694
v -0.06584361 0.02726827 -0.04000966
v -0.07676487 0.00000232 -0.03959122
v -0.07499647 0.01107642 -0.03973672
v -0.07594422 0.00742636 -0.03968259
v -0.07623901 0.00582679 -0.03968353
v -0.07646494 0.00437306 -0.03964211
v 0.10029753 -0.04762402 -0.03916488
v 0.10333955 -0.04731091 -0.03907397
v 0.10825349 -0.04657069 -0.03907715
v 0.11163634 -0.04586761 -0.03920912
v 0.11209928 -0.04577365 -0.03919881
v 0.11521610 -0.04510340 -0.03905996
v 0.12105529 -0.04334593 -0.03915104
v 0.12484564 -0.04195684 -0.03910203
v 0.12994867 -0.03957025 -0.03915353
v 0.13233269 -0.03820378 -0.03923036
v 0.13514434 -0.03638592 -0.03927027
v 0.13682572 -0.03518596 -0.03924225
v 0.14002860 -0.03247913 -0.03930750
v 0.14361985 -0.02870787 -0.03936055
v 0.14113892 -0.03138608 -0.03936640
v 0.14612466 -0.02530940 -0.03948337
v 0.14668233 -0.02446439 -0.03948036
v 0.14862032 -0.02104271 -0.03951678
v 0.14956735 -0.01896724 -0.03958386
v 0.15061334 -0.01635076 -0.03957151
v 0.15190702 -0.01192020 -0.03962816
v 0.15230293 -0.01007403 -0.03964725
v 0.15298950 -0.00527484 -0.03966848
v 0.15313021 -0.00328148 -0.03969267
v 0.05559725 -0.04868319 -0.03943145
v 0.05824651 -0.04874413 -0.03937046
v 0.06882352 -0.04893797 -0.03913448
v 0.07958311 -0.04881148 -0.03921656
v 0.08981089 -0.04844044 -0.03917805
v 0.04631834 -0.04853231 -0.03945676
v -0.04225413 -0.04020500 -0.03988286
v -0.04643142 -0.03942778 -0.03969325
v -0.07386431 -0.01435429 -0.03983904
v -0.07235498 -0.01767376 -0.04000768
v -0.07058230 -0.02100309 -0.03998764
v -0.06764129 -0.02512003 -0.04017970
v -0.07011740 -0.02180203 -0.03994645
v -0.06167956 -0.03129037 -0.04004047
v -0.06429957 -0.02903428 -0.03990651
v -0.06586296 -0.02738575 -0.03995795
v -0.04706628 -0.03924920 -0.03970427
v -0.04994027 -0.03826783 -0.03978781
v -0.05333435 -0.03681481 -0.03977865
v -0.05758369 -0.03439210 -0.03983415
v -0.06000958 -0.03268610 -0.03989230
v -0.03808100 -0.04073837 -0.03968330
v -0.07657422 -0.00360557 -0.03961663
v -0.07642378 -0.00473878 -0.03966029
v -0.07548948 -0.00948205 -0.03968883
v -0.07595192 -0.00750454 -0.03967675
v -0.07763675 -0.00016139 -0.02875168
v 0.05643816 0.04934708 -0.02998861
v 0.07781992 0.04943711 -0.03056978
v 0.09319212 0.04881329 -0.03059547
v 0.10054648 0.04834062 -0.03266303
v 0.04627019 0.04937717 -0.03136374
v 0.07780839 -0.04953188 -0.03053376
v 0.09317713 -0.04891511 -0.03062605
v 0.10053648 -0.04805312 -0.02872598
v 0.05618103 -0.04957372 -0.03145777
v 0.04623100 -0.04938747 -0.03008357
v 0.15047884 0.01942686 -0.03160060
v 0.11189364 0.04640407 -0.03052905
v 0.12084155 0.04401332 -0.03057252
v 0.13560520 0.03692327 -0.03094666
v 0.12876228 0.04084859 -0.03076308
v 0.14642551 0.02648551 -0.03136313
v 0.14155943 0.03210149 -0.03115371
v 0.15299978 0.01199806 -0.03176345
v 0.15418433 0.00448705 -0.03182095
v 0.12084320 -0.04411465 -0.03061566
v 0.15418990 -0.00451613 -0.03180372
v 0.15295855 -0.01226228 -0.03175863
v 0.14647183 -0.02652100 -0.03140329
v 0.15049619 -0.01948525 -0.03159615
v 0.14157083 -0.03218941 -0.03117631
v 0.13554418 -0.03705627 -0.03088066
v 0.12874802 -0.04095505 -0.03078708
v 0.11187918 -0.04650303 -0.03051298
v -0.06354437 -0.02746645 -0.00902938
v -0.06243144 -0.02860020 -0.00902127
v -0.06103021 -0.02991358 -0.00900115
v -0.05105857 -0.03655585 -0.00927183
v -0.04959690 -0.03720312 -0.00925990
v -0.04789662 -0.03785735 -0.00916919
v -0.03637680 -0.04059508 -0.00986799
v -0.03506714 -0.04068548 -0.00966128
v -0.07374445 -0.00452819 -0.00843324
v -0.07358573 -0.00566173 -0.00842114
v -0.07390659 -0.00040674 -0.00796984
v -0.07192583 0.01294379 -0.00844754
v -0.07261677 0.01049525 -0.00848922
v 0.00836885 -0.03883736 0.00865048
v 0.00766994 -0.03846903 0.00974536
v 0.00760953 -0.03881817 0.00866321
v -0.00969495 -0.03434200 0.01669604
v -0.01299890 -0.03322900 0.01792706
v -0.02489335 -0.02230855 0.02770946
v -0.02575716 -0.01758877 0.03060719
v -0.02621885 -0.01399617 0.03211232
v -0.02643233 -0.01158723 0.03279112
v -0.02658133 -0.00887678 0.03318196
v -0.02663584 -0.00526264 0.03340005
v -0.02667289 -0.00163635 0.03348608
v -0.02667292 0.00143767 0.03348608
v -0.02663590 0.00506534 0.03340005
v -0.02658149 0.00867941 0.03318197
v -0.02643183 0.01138971 0.03279123
v -0.02621836 0.01379880 0.03211241
v -0.02362670 0.02544025 0.02501117
v -0.02406341 0.02440791 0.02589065
v -0.02573788 0.01733398 0.03063746
v -0.02550651 0.01893891 0.02981117
v -0.01306781 0.03300627 0.01795312
v -0.01073111 0.03382925 0.01707888
v -0.00794008 0.03469020 0.01597896
v 0.00768742 0.03816735 0.01001722
v -0.04602301 -0.00009890 0.03010898
v -0.04751618 -0.00310880 0.02950713
v -0.04762107 -0.00008249 0.02946073
v -0.04775966 0.00296999 0.02938565
v -0.04910933 -0.00008254 0.02870710
v -0.05004134 -0.00326107 0.02809595
v -0.05009511 -0.00009905 0.02806207
v -0.05011098 0.00292079 0.02804938
v -0.05021547 -0.00009895 0.02797449
v -0.03133868 0.00138546 0.03295566
v -0.03131439 0.00303602 0.03294260
v -0.04078035 0.00298959 0.03134003
v -0.03131432 -0.00323346 0.03294260
v -0.03133866 -0.00158424 0.03295566
v -0.04078061 -0.00308222 0.03134151
v -0.04078078 -0.00009883 0.03134211
v -0.03609742 -0.00009877 0.03237321
v -0.05905439 -0.00174852 0.01995348
v -0.05698641 -0.00176263 0.02211970
v -0.05755194 -0.00347478 0.02144720
v -0.05072772 -0.00326499 0.02758538
v -0.05098848 -0.00004046 0.02738846
v -0.05336037 -0.00329678 0.02541775
v -0.05309243 0.00298561 0.02558636
v -0.05710155 0.00134600 0.02201795
v -0.05554990 -0.00008452 0.02353236
v -0.05354259 -0.00000800 0.02524786
v -0.06545407 -0.00380835 0.01126124
v -0.06569112 -0.00172929 0.01101502
v -0.06481207 -0.00193859 0.01242753
v -0.06391439 -0.00381689 0.01362746
v -0.06386899 -0.00173285 0.01382173
v -0.06057344 -0.00346077 0.01811631
v -0.06231756 -0.00347120 0.01590058
v -0.07345725 -0.00062979 -0.00651671
v -0.07347273 -0.00004499 -0.00654376
v -0.07325767 -0.00455424 -0.00674149
v -0.07330641 -0.00412601 -0.00673842
v -0.07336947 -0.00228786 -0.00649393
v -0.07289731 -0.00209891 -0.00495635
v -0.06786651 -0.00166843 0.00706110
v -0.07138547 -0.00006664 -0.00073614
v -0.07196980 -0.00184453 -0.00230115
v -0.07191312 -0.00396184 -0.00245304
v -0.07039047 -0.00190080 0.00182801
v -0.06752815 -0.00377724 0.00758078
v -0.06920461 -0.00199012 0.00451839
v -0.06990119 -0.00403715 0.00265144
v -0.06492724 0.00172318 0.01224777
v -0.06721527 -0.00010157 0.00826357
v -0.06662742 0.00154645 0.00931371
v -0.06882101 0.00157368 0.00530663
v -0.06649788 0.00351594 0.00939822
v -0.06964584 0.00185323 0.00356545
v -0.06883800 0.00382641 0.00503534
v -0.07245088 0.00168288 -0.00359584
v -0.07090222 0.00166297 0.00047184
v -0.07075259 0.00376755 0.00057211
v -0.07333081 0.00358540 -0.00670156
v -0.07293327 0.00190230 -0.00506642
v -0.07241045 0.00398122 -0.00386059
v -0.05784536 0.00145717 0.02127175
v -0.05672066 0.00311671 0.02238136
v -0.05854450 0.00153442 0.02052466
v -0.05792191 0.00326862 0.02114301
v -0.06005828 0.00143986 0.01875094
v -0.06057115 -0.00010390 0.01813501
v -0.06233741 -0.00010339 0.01589169
v -0.06152283 -0.00011076 0.01697450
v -0.05995958 0.00334465 0.01880697
v -0.06397264 0.00152346 0.01367671
v -0.06308517 -0.00009738 0.01488619
v -0.06402776 0.00361954 0.01346644
v -0.06243355 0.00325886 0.01574057
v -0.07161704 -0.01272305 -0.00698672
v -0.07231598 -0.01013523 -0.00689279
v -0.07317771 -0.00523537 -0.00676577
v -0.07302456 -0.00625605 -0.00674957
v -0.07274749 -0.00761315 -0.00666484
v -0.07272217 -0.00495555 -0.00509080
v -0.07176204 -0.00514503 -0.00243326
v -0.07214483 -0.00825145 -0.00508783
v -0.07110813 -0.01438816 -0.00701916
v -0.07123123 -0.01275318 -0.00564285
v -0.07119442 -0.01274672 -0.00550755
v -0.07072779 -0.01439503 -0.00567112
v -0.07130370 0.01361489 -0.00698107
v -0.07158700 0.01261025 -0.00685935
v -0.07066390 0.01407696 -0.00530695
v -0.07077809 0.01408638 -0.00569870
v -0.07059650 0.01456824 -0.00568285
v -0.07208824 0.01074839 -0.00682317
v -0.07245032 0.00933567 -0.00686840
v -0.07193991 0.00676323 -0.00377756
v -0.07239881 0.00671093 -0.00513221
v -0.07139871 0.01143842 -0.00515393
v 0.00705877 -0.02640974 0.02551534
v 0.03925925 -0.02806867 0.02518193
v 0.04123628 -0.02762491 0.02520777
v 0.01328644 -0.03277893 0.01933163
v 0.01151171 -0.03232036 0.01984447
v 0.00993286 -0.03168760 0.02050102
v 0.03621354 -0.02914114 0.02412295
v 0.03592364 -0.03176681 0.02104651
v 0.03585236 -0.03132091 0.02169314
v 0.03671132 -0.03166542 0.02109588
v 0.03787159 -0.02900503 0.02428252
v 0.03601203 -0.03032638 0.02290476
v 0.03742188 -0.03105962 0.02186212
v 0.03978556 -0.02912531 0.02395206
v 0.03893444 -0.02891176 0.02431653
v 0.03880193 -0.02993574 0.02313729
v 0.01135914 -0.03381305 0.01795177
v 0.03286429 -0.03237409 0.02035170
v 0.03357875 -0.03283770 0.01960749
v 0.03436472 -0.03298490 0.01925068
v 0.03133451 -0.03361005 0.01860246
v 0.04041362 -0.02630146 0.02656688
v 0.04173881 -0.02609098 0.02643949
v 0.00621932 -0.02164425 0.02948519
v 0.00626787 -0.02190762 0.02928758
v 0.00677630 -0.02335769 0.02812243
v 0.00594563 -0.02014430 0.03050692
v 0.03908373 -0.02453768 0.02821964
v 0.03830926 -0.02460143 0.02821984
v 0.04070999 -0.02294479 0.02928991
v 0.00568440 -0.01690096 0.03224757
v 0.00587692 -0.01916946 0.03111097
v 0.03945820 -0.01972179 0.03194088
v 0.00577469 -0.01563888 0.03273112
v 0.00571094 -0.01298311 0.03348808
v 0.00570613 -0.01403564 0.03324179
v 0.03963859 -0.01718092 0.03317502
v 0.00598071 -0.01171012 0.03375060
v 0.04009275 -0.01459327 0.03392780
v 0.00653893 -0.00587295 0.03440520
v 0.00650202 -0.00369611 0.03448535
v 0.00657192 -0.00173594 0.03453774
v 0.00656172 -0.00009889 0.03455163
v 0.00657192 0.00154062 0.03453772
v 0.04178554 -0.00230178 0.03532755
v 0.00637193 -0.00938176 0.03409539
v 0.00633014 -0.00803246 0.03423167
v 0.04062194 -0.01112950 0.03458516
v 0.04147664 -0.00669679 0.03507865
v 0.04292776 -0.01284263 0.03356689
v 0.04332987 -0.01099376 0.03384622
v 0.00510337 -0.03788263 0.01102009
v 0.00429948 -0.03807403 0.01058133
v 0.02119764 -0.03757106 0.01173873
v 0.02922424 -0.03495120 0.01639073
v 0.02440773 -0.03661587 0.01353454
v 0.01129710 -0.03415800 0.01746424
v 0.03071795 -0.03346091 0.01886108
v 0.03108739 -0.03380102 0.01830745
v 0.02858962 -0.03465700 0.01694623
v 0.01398634 -0.03768420 0.01156295
v 0.01057585 -0.03741869 0.01202919
v 0.02081881 -0.03727576 0.01241285
v 0.01999856 -0.03763537 0.01168027
v 0.00858795 -0.03530324 0.01565412
v 0.02357253 -0.03647721 0.01386485
v 0.02588359 -0.03572195 0.01522098
v 0.02782594 -0.03456617 0.01711297
v 0.02232335 -0.03643179 0.01398026
v 0.01028177 -0.03871386 0.00916006
v 0.01020332 -0.03896517 0.00833656
v 0.01923130 -0.03798641 0.01090578
v 0.01879186 -0.03774455 0.01148234
v 0.01163545 -0.03832981 0.01017487
v 0.01350283 -0.03875850 0.00911557
v 0.01645142 -0.03831893 0.01021979
v 0.01662576 -0.03765287 0.01165828
v 0.01581084 -0.03789399 0.01114869
v 0.01066089 -0.03800625 0.01086211
v 0.01611484 -0.03766286 0.01163207
v 0.01530432 -0.03792466 0.01107941
v 0.01376316 -0.03809195 0.01071220
v 0.01328035 -0.03791428 0.01108125
v -0.01017356 -0.03587742 0.01434066
v -0.00040157 -0.03804877 0.01044390
v -0.00769613 -0.03605251 0.01409590
v -0.00297769 -0.03759630 0.01141398
v 0.00591528 -0.03704575 0.01264561
v 0.00868721 -0.03622884 0.01409754
v -0.01011534 -0.03706949 0.01227734
v -0.05096221 -0.03633152 -0.00811427
v -0.05019145 -0.03671058 -0.00819968
v -0.04926071 -0.03707522 -0.00807900
v -0.06108869 -0.02935824 -0.00734623
v -0.06034014 -0.03003860 -0.00737562
v -0.06355461 -0.02689695 -0.00735054
v -0.06159858 -0.02825774 -0.00554560
v -0.06338993 -0.02732495 -0.00808112
v -0.06291211 -0.02784885 -0.00813021
v -0.06217375 -0.02855698 -0.00805626
v -0.06158519 -0.02863279 -0.00657402
v -0.06278120 -0.02748134 -0.00661532
v -0.06921697 -0.01873983 -0.00717050
v -0.07099212 -0.01530214 -0.00784075
v -0.07067672 -0.01508958 -0.00641367
v -0.07056841 -0.01528385 -0.00630266
v -0.06968077 -0.01725903 -0.00630475
v -0.06884774 -0.01947925 -0.00728928
v -0.06838716 -0.01939614 -0.00549021
v -0.06731893 -0.02238567 -0.00811690
v -0.06777402 -0.02095407 -0.00651922
v -0.06651999 -0.02322488 -0.00735071
v -0.06708579 -0.02146881 -0.00538487
v -0.06683344 -0.02241026 -0.00648410
v -0.06583801 -0.02414749 -0.00741504
v -0.06439088 -0.02596740 -0.00742959
v -0.06377900 -0.02603332 -0.00566111
v -0.06536715 -0.02409435 -0.00566147
v -0.05960203 -0.03067134 -0.00741060
v -0.05972153 -0.03004154 -0.00568170
v -0.05857161 -0.03168692 -0.00819545
v -0.05664045 -0.03312126 -0.00817777
v -0.05806888 -0.03165254 -0.00668927
v -0.05780676 -0.03151717 -0.00561270
v -0.05674621 -0.03260497 -0.00658837
v -0.04563732 -0.03829397 -0.00765707
v -0.04383842 -0.03844989 -0.00594176
v -0.04502130 -0.03865292 -0.00848608
v -0.04285791 -0.03927133 -0.00852194
v -0.04309045 -0.03887016 -0.00687515
v -0.04407099 -0.03861260 -0.00694003
v -0.04732223 -0.03762882 -0.00732374
v -0.04628939 -0.03805149 -0.00749865
v -0.04781347 -0.03724060 -0.00654565
v -0.04507837 -0.03809652 -0.00597384
v -0.05135650 -0.03593148 -0.00730269
v -0.05007260 -0.03636499 -0.00659922
v -0.04792804 -0.03695875 -0.00566927
v -0.05539768 -0.03371775 -0.00742494
v -0.05334774 -0.03487167 -0.00734619
v -0.05587578 -0.03319909 -0.00665077
v -0.05571517 -0.03300248 -0.00561543
v -0.05267583 -0.03475600 -0.00562802
v -0.03635939 -0.04042269 -0.00875249
v -0.03539068 -0.04053540 -0.00886117
v -0.03495271 -0.04057002 -0.00887034
v -0.03678678 -0.04021774 -0.00787598
v -0.03543808 -0.04026113 -0.00727434
v -0.04128551 -0.03947947 -0.00782004
v -0.03903266 -0.03987462 -0.00785608
v -0.04186056 -0.03896856 -0.00601596
v -0.04193669 -0.03916042 -0.00696418
v -0.03821039 -0.03968526 -0.00627272
v -0.01576844 -0.03351580 0.01744961
v -0.01728166 -0.03294854 0.01804727
v -0.02323191 -0.03311574 0.01748499
v -0.02720514 -0.03305373 0.01724304
v -0.01899572 -0.03208786 0.01894649
v 0.00546310 -0.03082445 0.02125361
v -0.02181435 -0.03232603 0.01853485
v -0.02564333 -0.03197525 0.01866743
v -0.02502966 -0.03230454 0.01833252
v -0.01506928 -0.03476585 0.01581404
v -0.01682817 -0.03436723 0.01628682
v -0.02115148 -0.03381564 0.01675469
v -0.02458248 -0.03412263 0.01607811
v -0.01221444 -0.03545839 0.01495553
v -0.01457534 -0.03660774 0.01296357
v -0.01947029 -0.03551630 0.01447302
v -0.04282107 -0.02011177 0.02719289
v -0.02977176 -0.01735822 0.03048891
v -0.02942448 -0.01916591 0.02958022
v -0.03839021 -0.01883978 0.02870372
v -0.03786778 -0.02011627 0.02809988
v -0.04149723 -0.02257808 0.02582928
v -0.02856603 -0.02211319 0.02770503
v -0.02853048 -0.02232817 0.02754415
v -0.02891116 -0.02052344 0.02878178
v 0.00257337 -0.02131740 0.02957441
v -0.03727157 -0.02147091 0.02730305
v -0.03325490 -0.02056335 0.02850570
v -0.03652786 -0.02268731 0.02655212
v -0.03880282 -0.02576831 0.02342752
v -0.02803305 -0.02310528 0.02695949
v -0.02754966 -0.02449820 0.02583638
v 0.00310153 -0.02261248 0.02859972
v -0.03585979 -0.02402611 0.02551910
v -0.03210069 -0.02305196 0.02681764
v -0.03616343 -0.02778767 0.02180268
v -0.02646147 -0.02584669 0.02471573
v 0.00448127 -0.02719033 0.02472091
v -0.03478372 -0.02554210 0.02423303
v -0.03334329 -0.02677753 0.02322680
v -0.03051072 -0.02538976 0.02492206
v -0.03218416 -0.02766502 0.02250565
v -0.03388645 -0.02934470 0.02055608
v -0.03106672 -0.02839765 0.02191725
v 0.00575651 -0.02845550 0.02360613
v 0.00393834 -0.02970429 0.02233108
v -0.02723256 -0.03096961 0.01963447
v -0.02516610 -0.03035776 0.02051006
v -0.02808826 -0.02797753 0.02270338
v -0.02973107 -0.02957466 0.02088308
v -0.02943985 -0.03202312 0.01820890
v -0.03189642 -0.03061425 0.01950511
v -0.02885103 -0.03018051 0.02035117
v -0.03027803 -0.01566845 0.03118709
v -0.03052680 -0.01402985 0.03172472
v -0.03882332 -0.01752065 0.02925738
v -0.03434239 -0.01747211 0.03006719
v -0.03100572 -0.01111973 0.03240275
v -0.03085389 -0.01247250 0.03213111
v -0.03525038 -0.01402528 0.03122861
v -0.04373411 -0.01822420 0.02795304
v -0.03926667 -0.01625330 0.02970135
v -0.03961624 -0.01466771 0.03013338
v -0.04010079 -0.01279049 0.03057510
v -0.04471830 -0.01537150 0.02877411
v -0.05931560 -0.02885020 -0.00171590
v -0.06052617 -0.02766450 -0.00166404
v -0.05835807 -0.02967735 -0.00175403
v -0.05695711 -0.03070511 -0.00168916
v -0.05502088 -0.03210794 -0.00184714
v -0.05182596 -0.03398807 -0.00193847
v -0.05394218 -0.03282860 -0.00191947
v -0.05535829 -0.03036247 0.00216939
v -0.05139573 -0.03134971 0.00552930
v -0.01275478 -0.03741443 0.01138058
v -0.01024098 -0.03767317 0.01091159
v -0.01479304 -0.03714559 0.01183559
v -0.01680046 -0.03685852 0.01229035
v -0.01501038 -0.03772686 0.01036182
v -0.01733643 -0.03821140 0.00799956
v -0.01948613 -0.03791608 0.00866690
v -0.02096700 -0.03579411 0.01384443
v -0.01814717 -0.03648181 0.01292096
v -0.01843435 -0.03720628 0.01128418
v -0.02091804 -0.03765393 0.00916199
v -0.02283487 -0.03542341 0.01428706
v -0.02144844 -0.03642436 0.01257668
v 0.00137366 -0.03868103 0.00866864
v 0.00064120 -0.03844191 0.00941805
v -0.00664150 -0.03794285 0.01039276
v -0.00919797 -0.03815278 0.00964039
v -0.04075143 -0.03841430 -0.00288286
v -0.03695057 -0.03918970 -0.00323691
v -0.03937433 -0.03877974 -0.00309578
v -0.04298317 -0.03779874 -0.00265839
v -0.04392431 -0.03753116 -0.00264262
v -0.04471555 -0.03725049 -0.00253590
v -0.04073927 -0.03751167 0.00044974
v -0.04698062 -0.03632133 -0.00229144
v -0.04942472 -0.03532123 -0.00219915
v -0.05078713 -0.03329356 0.00172643
v -0.04919253 -0.03260722 0.00527677
v -0.04588703 -0.03569452 0.00115026
v -0.06227798 -0.02588613 -0.00154150
v -0.06431799 -0.02334983 -0.00142120
v -0.06340813 -0.02460190 -0.00154886
v -0.05985685 -0.02648227 0.00259563
v -0.06715261 -0.01880215 -0.00120612
v -0.06669198 -0.01967758 -0.00127461
v -0.06569532 -0.02124570 -0.00127225
v -0.06381696 -0.02157983 0.00294907
v -0.06269720 -0.02146947 0.00536179
v -0.06441893 -0.01884725 0.00543194
v -0.07015416 -0.01241905 -0.00216441
v -0.06847944 -0.01699625 -0.00237809
v -0.06698680 -0.01683855 0.00188565
v -0.07103711 -0.01266694 -0.00491184
v -0.07052717 -0.01457706 -0.00521234
v -0.06946589 -0.01686261 -0.00503044
v -0.07032339 -0.01559679 -0.00592759
v -0.06943056 -0.01464411 -0.00206966
v -0.05723664 -0.01731360 0.01793062
v -0.05953137 -0.01561233 0.01612301
v -0.06363084 -0.01623445 0.00935327
v -0.06193576 -0.01379517 0.01369910
v -0.06238730 -0.01835569 0.00974283
v -0.06090489 -0.01582152 0.01400800
v -0.06000748 -0.01782865 0.01392658
v -0.06246610 -0.01596997 0.01157276
v -0.06591426 -0.01662638 0.00455773
v -0.06495667 -0.01634087 0.00682007
v -0.06741381 -0.01434026 0.00336241
v -0.06495027 -0.01409326 0.00855380
v -0.05529325 -0.01542222 0.02120424
v -0.05412536 -0.01352014 0.02320342
v -0.05639222 -0.01529335 0.02011010
v -0.05851060 -0.01369089 0.01836491
v -0.05785672 -0.01547328 0.01824878
v -0.05589593 -0.01355279 0.02143429
v -0.02582457 -0.03590511 0.01265692
v -0.03017562 -0.03501166 0.01319884
v -0.03102345 -0.03548202 0.01187585
v -0.03297491 -0.03473859 0.01273465
v -0.02469488 -0.03695591 0.01023155
v -0.02641563 -0.03649100 0.01101833
v -0.02903123 -0.03613594 0.01110994
v -0.03177320 -0.03592264 0.01054552
v -0.03737436 -0.03752605 0.00296908
v -0.03986536 -0.03680534 0.00335391
v -0.03521360 -0.03600833 0.00866675
v -0.03302401 -0.03669957 0.00787551
v -0.02662832 -0.03804173 0.00600295
v -0.02575010 -0.03758580 0.00783048
v -0.03489167 -0.03811019 0.00236344
v -0.03069484 -0.03727329 0.00722611
v -0.03406805 -0.03738417 0.00534010
v -0.03438767 -0.03961443 -0.00358297
v -0.02719766 -0.03869230 0.00310457
v -0.03554221 -0.03872662 -0.00037705
v -0.03238227 -0.03855782 0.00194220
v -0.04231329 -0.03595746 0.00394255
v -0.04475119 -0.03493560 0.00428587
v -0.03743343 -0.03522700 0.00925953
v -0.03876873 -0.03600630 0.00656166
v -0.03491174 -0.03390157 0.01348965
v -0.03585772 -0.03439306 0.01209492
v -0.03955274 -0.03432710 0.01004385
v -0.03381617 -0.03336591 0.01495343
v -0.03677586 -0.03299442 0.01433569
v -0.04766400 -0.03185518 0.00873059
v -0.04698137 -0.03388660 0.00480207
v -0.04335875 -0.03412968 0.00772448
v -0.04150213 -0.03330629 0.01075324
v -0.03977821 -0.03249512 0.01359669
v -0.03864014 -0.03186158 0.01525527
v -0.04355161 -0.03232306 0.01126819
v -0.03888138 -0.03045736 0.01726769
v -0.04172069 -0.03000687 0.01654834
v -0.04731470 -0.03005865 0.01233588
v -0.04545483 -0.03114213 0.01194271
v -0.04339354 -0.03040968 0.01489643
v -0.04348754 -0.02902524 0.01700117
v -0.04882501 -0.02897339 0.01294064
v -0.04673962 -0.02828559 0.01596065
v -0.05591404 -0.02808114 0.00620013
v -0.05349269 -0.02988781 0.00592443
v -0.05173395 -0.02933609 0.00938201
v -0.05030146 -0.02911521 0.01136533
v -0.05010407 -0.02699942 0.01520437
v -0.05278607 -0.02737026 0.01181510
v -0.05790767 -0.02610718 0.00661157
v -0.06007836 -0.02380688 0.00688951
v -0.06094611 -0.02099534 0.00917161
v -0.05857131 -0.02034681 0.01352831
v -0.05984351 -0.02057289 0.01150135
v -0.05605938 -0.02565250 0.01033819
v -0.05586008 -0.01986272 0.01743778
v -0.05733275 -0.02008019 0.01551006
v -0.05473812 -0.02544018 0.01238613
v -0.05352649 -0.02520211 0.01419797
v -0.05696515 -0.02301786 0.01297774
v -0.05440776 -0.01960421 0.01932501
v -0.05068033 -0.02479794 0.01767249
v -0.05208873 -0.02503238 0.01597192
v -0.05430286 -0.02258467 0.01675185
v -0.04351517 -0.02767085 0.01905687
v -0.04508123 -0.02800085 0.01759366
v -0.04722334 -0.02643423 0.01844871
v -0.04902774 -0.02463292 0.01930603
v -0.05120349 -0.02216812 0.02029777
v -0.04741040 -0.02440261 0.02085215
v -0.05391493 -0.01706282 0.02167019
v -0.05265668 -0.01497405 0.02395330
v -0.05374149 -0.01525278 0.02281906
v -0.05269606 -0.01939807 0.02113484
v -0.05107442 -0.01917118 0.02281416
v -0.02235050 -0.03861645 0.00484605
v -0.02788180 -0.03910103 0.00098823
v -0.02840186 -0.03331199 0.01668449
v -0.02769400 -0.03376011 0.01615805
v -0.02563998 -0.03455680 0.01522900
v -0.03024372 -0.03265109 0.01719497
v -0.02598683 -0.03493878 0.01450655
v -0.02857926 -0.03489060 0.01394046
v -0.03053275 -0.03410212 0.01484434
v -0.03223098 -0.03311889 0.01587706
v -0.03473467 -0.02983879 0.01977350
v -0.03343751 -0.03056783 0.01923272
v -0.03265434 -0.03136121 0.01840859
v -0.03496146 -0.03179468 0.01704848
v -0.03156769 -0.03254621 0.01697731
v -0.03969787 -0.02619443 0.02271496
v -0.03815805 -0.02734843 0.02180716
v -0.03704416 -0.02827289 0.02101868
v -0.03765247 -0.03005687 0.01838989
v -0.04052807 -0.02830453 0.01963248
v -0.03670365 -0.02938569 0.01973094
v -0.04286241 -0.02305818 0.02497847
v -0.04169384 -0.02441246 0.02415893
v -0.04226642 -0.02704857 0.02057432
v -0.04447544 -0.02554248 0.02148146
v -0.04630185 -0.02374182 0.02235637
v -0.04058012 -0.02653154 0.02203472
v -0.04429072 -0.02037077 0.02652177
v -0.04378574 -0.02160521 0.02586258
v -0.04739753 -0.02223976 0.02324336
v -0.04424618 -0.02329746 0.02415617
v -0.04479660 -0.01948758 0.02688417
v -0.04589172 -0.01821989 0.02708997
v -0.04847744 -0.02056515 0.02390085
v -0.04959896 -0.01804455 0.02473781
v -0.04577247 -0.02070150 0.02563442
v -0.04672984 -0.01594432 0.02770056
v -0.04673959 -0.01396907 0.02845673
v -0.05104144 -0.01392333 0.02564792
v -0.05042369 -0.01544116 0.02550967
v -0.04780630 -0.01682544 0.02666456
v 0.00732861 0.02672665 0.02506991
v 0.00701867 0.02613576 0.02558149
v 0.03973542 0.02717217 0.02575217
v 0.03975467 0.02799447 0.02499299
v 0.03998801 0.02717417 0.02571345
v 0.04132178 0.02736809 0.02524416
v 0.01149088 0.03202526 0.01995875
v 0.00986074 0.03146834 0.02052322
v 0.01226883 0.03238735 0.01955394
v 0.03619130 0.02892845 0.02413867
v 0.03824656 0.02884810 0.02422970
v 0.03954579 0.02936955 0.02344338
v 0.03645981 0.03044313 0.02251240
v 0.01035820 0.03351160 0.01806284
v 0.03269201 0.03203230 0.02055287
v 0.03131152 0.03343036 0.01857837
v 0.03513975 0.03182726 0.02075416
v 0.03704304 0.03152418 0.02087455
v 0.03340431 0.03306942 0.01896188
v 0.03275330 0.03261446 0.01973379
v 0.04084589 0.02613003 0.02645907
v 0.04152431 0.02592074 0.02647792
v 0.04204620 0.02599516 0.02625677
v 0.04212533 0.02491128 0.02718589
v 0.03987096 0.02607822 0.02666640
v 0.04022860 0.02597705 0.02670381
v 0.04050285 0.02611635 0.02653910
v 0.04088220 0.02480942 0.02759858
v 0.00673806 0.02310364 0.02817172
v 0.00661788 0.02274185 0.02847033
v 0.00626899 0.02171241 0.02928691
v 0.00596119 0.02002773 0.03045830
v 0.03837336 0.02440146 0.02822148
v 0.04101880 0.02263241 0.02930123
v 0.03979953 0.02305683 0.02921738
v 0.00633180 0.00783554 0.03423146
v 0.00637356 0.00918476 0.03409519
v 0.00650376 0.00350060 0.03448504
v 0.00654062 0.00567623 0.03440494
v 0.04178712 0.00210586 0.03532731
v 0.04147935 0.00650044 0.03507829
v 0.00598238 0.01151272 0.03375055
v 0.04081713 0.01096966 0.03454463
v 0.00571259 0.01278576 0.03348807
v 0.00570775 0.01383855 0.03324174
v 0.00577630 0.01544094 0.03273137
v 0.04009572 0.01439605 0.03392782
v 0.00568587 0.01670221 0.03224833
v 0.00589912 0.01926299 0.03093979
v 0.00588951 0.01862924 0.03129922
v 0.03945445 0.01952638 0.03194128
v 0.03964074 0.01698295 0.03317563
v 0.01397399 0.03745298 0.01163265
v 0.02001457 0.03742967 0.01170083
v 0.02127587 0.03735092 0.01178671
v 0.02088995 0.03705223 0.01246642
v 0.00950141 0.03514807 0.01559897
v 0.02231296 0.03622641 0.01399705
v 0.02362532 0.03624011 0.01394420
v 0.02913747 0.03477666 0.01635595
v 0.02438803 0.03640777 0.01356754
v 0.02580075 0.03554334 0.01519281
v 0.01027552 0.03374171 0.01774161
v 0.01221049 0.03402632 0.01737353
v 0.03108624 0.03360711 0.01830423
v 0.03071425 0.03326269 0.01886470
v 0.02783665 0.03438030 0.01709675
v 0.02852304 0.03449553 0.01688806
v 0.01038426 0.03779108 0.01089984
v 0.01584330 0.03745494 0.01165479
v 0.01237620 0.03796974 0.01054645
v 0.01791207 0.03761132 0.01135100
v 0.01422298 0.03781457 0.01089504
v 0.01987770 0.03766535 0.01116689
v 0.01950108 0.03750000 0.01156852
v 0.01791953 0.03796271 0.01055744
v 0.00838729 0.03862524 0.00871445
v 0.00896463 0.03861573 0.00878541
v 0.00976705 0.03855348 0.00902956
v 0.01048054 0.03877259 0.00836200
v 0.01100619 0.03831321 0.00973286
v 0.01497576 0.03835858 0.00966241
v 0.01232172 0.03867634 0.00875799
v -0.00926440 0.03569399 0.01433180
v -0.00812957 0.03581287 0.01416106
v 0.00457492 0.03665689 0.01295696
v 0.00734843 0.03596121 0.01419603
v -0.01149239 0.03678645 0.01240508
v -0.00035272 0.03763194 0.01097650
v 0.00045623 0.03737576 0.01153490
v 0.00591516 0.03687913 0.01259139
v -0.00899664 0.03703182 0.01200911
v -0.05094205 0.03613446 -0.00807548
v -0.06996272 0.01735374 -0.00783579
v -0.07043497 0.01533127 -0.00619953
v -0.07061942 0.01504652 -0.00642242
v -0.03450755 0.04013476 -0.00724766
v -0.03496820 0.03994059 -0.00643615
v -0.03578033 0.04001748 -0.00721750
v -0.04826454 0.03684945 -0.00641943
v -0.04463758 0.03798159 -0.00586149
v -0.04310660 0.03866758 -0.00687061
v -0.03891232 0.03935437 -0.00617612
v -0.04221156 0.03868606 -0.00598231
v -0.04232422 0.03886296 -0.00689619
v -0.05128426 0.03579887 -0.00739656
v -0.05032525 0.03603595 -0.00654327
v -0.04857711 0.03649102 -0.00560731
v -0.05306051 0.03432525 -0.00553558
v -0.05585094 0.03270829 -0.00558332
v -0.05695459 0.03225152 -0.00656636
v -0.06366132 0.02594804 -0.00562284
v -0.06148686 0.02817616 -0.00554801
v -0.05800111 0.03147338 -0.00657953
v -0.05780809 0.03131852 -0.00561263
v -0.05971395 0.02982957 -0.00562172
v -0.06522466 0.02405005 -0.00557240
v -0.06640300 0.02239650 -0.00548675
v -0.06725369 0.02163174 -0.00657761
v -0.06904596 0.01886828 -0.00717996
v -0.06948788 0.01677461 -0.00529886
v -0.06959839 0.01722365 -0.00630766
v -0.06772646 0.02029698 -0.00545391
v -0.01906131 0.03186862 0.01896841
v 0.00546322 0.03062408 0.02125768
v -0.03099546 0.01091933 0.03240496
v -0.03084347 0.01227372 0.03213309
v -0.04009387 0.01256921 0.03058160
v -0.03051671 0.01383084 0.03172674
v -0.03026803 0.01546932 0.03118914
v -0.03523108 0.01382485 0.03123250
v -0.02615647 0.02613726 0.02429442
v -0.02649663 0.02557021 0.02478393
v 0.00448613 0.02698985 0.02472510
v -0.03333736 0.02657781 0.02322958
v -0.02758914 0.02424310 0.02588590
v -0.02767908 0.02385720 0.02620627
v -0.02802377 0.02291160 0.02695764
v 0.00310506 0.02238375 0.02862653
v -0.03049839 0.02518822 0.02492692
v -0.03477772 0.02534196 0.02423617
v -0.03880311 0.02557045 0.02342786
v -0.03585252 0.02382527 0.02552269
v -0.02851967 0.02213024 0.02754545
v -0.02888703 0.02040875 0.02873234
v 0.00258193 0.02115213 0.02955311
v -0.03208578 0.02284950 0.02682301
v -0.03651981 0.02248682 0.02655514
v -0.04149738 0.02238011 0.02582961
v -0.03726341 0.02127053 0.02730589
v -0.02976188 0.01715985 0.03049061
v -0.02938330 0.01925049 0.02941807
v -0.02940210 0.01871567 0.02971862
v -0.03432422 0.01727088 0.03007133
v -0.03323821 0.02036119 0.02851050
v -0.03785883 0.01991587 0.02810262
v -0.03881359 0.01732104 0.02925967
v -0.04282113 0.01991368 0.02719324
v -0.03838109 0.01863981 0.02870616
v -0.04471801 0.01517349 0.02877442
v -0.03960594 0.01446850 0.03013558
v -0.03925674 0.01605385 0.02970359
v -0.04373388 0.01802642 0.02795327
v 0.00576011 0.02825772 0.02360782
v 0.00393970 0.02950528 0.02233368
v -0.02515869 0.03015665 0.02051464
v -0.02807823 0.02777657 0.02270779
v -0.03106091 0.02819793 0.02192010
v -0.02972653 0.02937500 0.02088582
v -0.03217841 0.02746516 0.02250860
v -0.03616390 0.02758974 0.02180317
v -0.03388701 0.02914679 0.02055659
v -0.01322748 0.03511226 0.01513397
v -0.01122071 0.03543118 0.01470099
v -0.01457157 0.03639729 0.01298886
v -0.01684946 0.03404831 0.01644877
v -0.01609407 0.03436220 0.01606793
v -0.01947687 0.03533057 0.01445436
v -0.01576625 0.03331208 0.01745796
v -0.01734757 0.03272573 0.01807360
v -0.02180900 0.03212471 0.01853997
v -0.02114980 0.03361639 0.01675739
v -0.02502670 0.03210492 0.01833539
v -0.02458317 0.03392511 0.01607852
v -0.02323011 0.03291638 0.01748772
v -0.02564027 0.03177574 0.01867016
v -0.02722834 0.03076985 0.01963739
v -0.02720563 0.03285621 0.01724336
v -0.02884648 0.02998084 0.02035394
v -0.03189671 0.03041664 0.01950538
v -0.02944033 0.03182544 0.01820934
v -0.04678760 0.01347842 0.02852511
v -0.04673033 0.01574649 0.02770053
v -0.04938466 0.01392105 0.02687932
v -0.04479706 0.01928991 0.02688412
v -0.04589225 0.01802221 0.02708988
v -0.04780680 0.01662762 0.02666450
v -0.05168202 0.01326286 0.02530266
v -0.05082174 0.01513436 0.02526825
v -0.05012553 0.01575268 0.02547926
v -0.04959939 0.01784668 0.02473781
v -0.05288888 0.01476415 0.02375284
v -0.05430752 0.01337146 0.02302090
v -0.05375452 0.01510095 0.02278424
v -0.05391534 0.01686481 0.02167023
v -0.05533650 0.01518116 0.02118208
v -0.05618396 0.01331278 0.02113324
v -0.05662409 0.01513080 0.01983358
v -0.06981733 0.01360863 -0.00236081
v -0.06944904 0.01475627 -0.00250195
v -0.07033253 0.01160177 -0.00223502
v -0.06846119 0.01690508 -0.00248043
v -0.06610314 0.02043794 -0.00126459
v -0.06700701 0.01889753 -0.00123680
v -0.06701609 0.01664666 0.00180476
v -0.06337391 0.02444870 -0.00155445
v -0.06218296 0.02578764 -0.00153819
v -0.06419794 0.02332775 -0.00143870
v -0.06477203 0.02245089 -0.00134587
v -0.06381732 0.02138148 0.00294968
v -0.05695696 0.03050772 -0.00168926
v -0.06043065 0.02756490 -0.00166021
v -0.05929909 0.02866871 -0.00171851
v -0.05836063 0.02947780 -0.00175409
v -0.05985561 0.02628294 0.00260177
v -0.05206338 0.03367198 -0.00192827
v -0.05411764 0.03252280 -0.00191928
v -0.05503880 0.03189635 -0.00184158
v -0.05535906 0.03016444 0.00216940
v -0.04735963 0.03598668 -0.00226987
v -0.04969241 0.03499466 -0.00218685
v -0.05078428 0.03309187 0.00174132
v -0.04495519 0.03697586 -0.00254214
v -0.04308823 0.03757445 -0.00266369
v -0.04588336 0.03549074 0.00117288
v -0.03730441 0.03894530 -0.00321385
v -0.04079285 0.03819928 -0.00285441
v -0.03976614 0.03849202 -0.00306074
v -0.04074021 0.03731401 0.00044978
v -0.03322356 0.03953592 -0.00369244
v -0.03481000 0.03935578 -0.00350930
v -0.03554134 0.03852542 -0.00036098
v -0.01278325 0.03721482 0.01138478
v -0.01161547 0.03735685 0.01113126
v -0.01023176 0.03750838 0.01082888
v -0.00021743 0.03818422 0.00955756
v 0.00128782 0.03846580 0.00873946
v -0.00750507 0.03766847 0.01056223
v -0.01008112 0.03790876 0.00973814
v -0.02283572 0.03522616 0.01428715
v -0.01814809 0.03628472 0.01292097
v -0.02096788 0.03559692 0.01384451
v -0.02144935 0.03622717 0.01257672
v -0.02719866 0.03849499 0.00310457
v -0.01734002 0.03801163 0.00801064
v -0.02091902 0.03745678 0.00916200
v -0.01479398 0.03694859 0.01183559
v -0.01680138 0.03666149 0.01229031
v -0.01501134 0.03752985 0.01036184
v -0.01843529 0.03700919 0.01128416
v -0.01948709 0.03771896 0.00866691
v -0.05902470 0.01349353 0.01773205
v -0.05720618 0.01719170 0.01791413
v -0.05811107 0.01530936 0.01794309
v -0.05976952 0.01541805 0.01579834
v -0.05269650 0.01920014 0.02113487
v -0.05440820 0.01940624 0.01932504
v -0.04847795 0.02036732 0.02390083
v -0.05107488 0.01897328 0.02281415
v -0.05120402 0.02197019 0.02029778
v -0.02582551 0.03570782 0.01265694
v -0.02641657 0.03629369 0.01101838
v -0.02469582 0.03675867 0.01023153
v -0.02903218 0.03593854 0.01111003
v -0.03017650 0.03481429 0.01319880
v -0.03102435 0.03528460 0.01187587
v -0.03177412 0.03572519 0.01054557
v -0.03297579 0.03454114 0.01273463
v -0.03381705 0.03316838 0.01495349
v -0.03491262 0.03370405 0.01348968
v -0.03585860 0.03419554 0.01209490
v -0.03677670 0.03279683 0.01433575
v -0.03888214 0.03025976 0.01726768
v -0.03864093 0.03166395 0.01525530
v -0.03977903 0.03229747 0.01359671
v -0.04172143 0.02980920 0.01654834
v -0.04348827 0.02882751 0.01700117
v -0.04339429 0.03021197 0.01489642
v -0.06224994 0.01361588 0.01323469
v -0.06110811 0.01568069 0.01369379
v -0.05998686 0.01767821 0.01391749
v -0.06255422 0.01578804 0.01141613
v -0.05586059 0.01966469 0.01743778
v -0.05733329 0.01988208 0.01551005
v -0.05430338 0.02238669 0.01675188
v -0.05068096 0.02460001 0.01767250
v -0.04902836 0.02443503 0.01930605
v -0.04674032 0.02808779 0.01596065
v -0.04741103 0.02420475 0.02085217
v -0.04351590 0.02747310 0.01905688
v -0.04508193 0.02780307 0.01759368
v -0.04722400 0.02623639 0.01844873
v -0.06744471 0.01414431 0.00328335
v -0.06591753 0.01642446 0.00455492
v -0.06502862 0.01389454 0.00842232
v -0.06441945 0.01864892 0.00543194
v -0.06269776 0.02127125 0.00536180
v -0.06369658 0.01605678 0.00922825
v -0.06238339 0.01816662 0.00974138
v -0.06495806 0.01615338 0.00680885
v -0.06007895 0.02360874 0.00688952
v -0.05790831 0.02590911 0.00661157
v -0.05857185 0.02014866 0.01352831
v -0.05984404 0.02037471 0.01150138
v -0.05696574 0.02281979 0.01297775
v -0.06094664 0.02079714 0.00917164
v -0.05208935 0.02483443 0.01597193
v -0.05352709 0.02500415 0.01419799
v -0.05010478 0.02680152 0.01520436
v -0.03489266 0.03791267 0.00236344
v -0.03238328 0.03836036 0.00194223
v -0.02575108 0.03738852 0.00783048
v -0.02662933 0.03784442 0.00600298
v -0.03069579 0.03707590 0.00722608
v -0.03986629 0.03660770 0.00335391
v -0.03737531 0.03732847 0.00296907
v -0.03302495 0.03650211 0.00787551
v -0.03521452 0.03581081 0.00866676
v -0.03406900 0.03718668 0.00534009
v -0.04475210 0.03473782 0.00428588
v -0.04231422 0.03575975 0.00394257
v -0.03743432 0.03502942 0.00925954
v -0.03955362 0.03412947 0.01004385
v -0.04150299 0.03310860 0.01075325
v -0.03876965 0.03580868 0.00656167
v -0.04698224 0.03368877 0.00480206
v -0.04355244 0.03212532 0.01126818
v -0.04545561 0.03094436 0.01194270
v -0.04335964 0.03393194 0.00772448
v -0.05139651 0.03115179 0.00552930
v -0.04919334 0.03240935 0.00527676
v -0.04731546 0.02986084 0.01233587
v -0.04882575 0.02877553 0.01294062
v -0.05030221 0.02891730 0.01136533
v -0.04766481 0.03165735 0.00873057
v -0.05591474 0.02788311 0.00620012
v -0.05349344 0.02968983 0.00592444
v -0.05473874 0.02524219 0.01238612
v -0.05606001 0.02545448 0.01033819
v -0.05278674 0.02717230 0.01181509
v -0.05173469 0.02913816 0.00938201
v -0.02788669 0.03890147 0.00099777
v -0.02235833 0.03841830 0.00484870
v -0.04378643 0.02140739 0.02586259
v -0.04429133 0.02017299 0.02652175
v -0.04577299 0.02050372 0.02563440
v -0.04739810 0.02204192 0.02324334
v -0.04169449 0.02421477 0.02415891
v -0.04286305 0.02286042 0.02497848
v -0.04630246 0.02354401 0.02235637
v -0.04226713 0.02685086 0.02057432
v -0.04447610 0.02534470 0.02148146
v -0.04424678 0.02309971 0.02415616
v -0.03815877 0.02715084 0.02180716
v -0.03969857 0.02599680 0.02271495
v -0.03704506 0.02807522 0.02101877
v -0.03765324 0.02985930 0.01838986
v -0.04052879 0.02810688 0.01963248
v -0.04058082 0.02633388 0.02203472
v -0.03343827 0.03037042 0.01923266
v -0.03473563 0.02964117 0.01977359
v -0.03265499 0.03116378 0.01840859
v -0.03496229 0.03159718 0.01704845
v -0.03670441 0.02918814 0.01973092
v -0.02564080 0.03435946 0.01522913
v -0.02769477 0.03356277 0.01615809
v -0.02840268 0.03311468 0.01668446
v -0.03024446 0.03245367 0.01719503
v -0.02598770 0.03474150 0.01450656
v -0.02858016 0.03469328 0.01394040
v -0.03053363 0.03390472 0.01484434
v -0.03223185 0.03292144 0.01587707
v -0.03156848 0.03234876 0.01697738
v -0.04601141 -0.00360635 0.03010070
v -0.04763374 -0.00379245 0.02943511
v -0.04075992 -0.00368342 0.03133384
v -0.04039931 -0.01032858 0.03092894
v -0.04535716 -0.01112446 0.02963819
v -0.04581345 -0.00641228 0.03001586
v -0.04905560 -0.00550700 0.02861075
v -0.05010582 -0.00549798 0.02791575
v -0.05089221 -0.00559669 0.02731356
v -0.05175818 -0.01049861 0.02592853
v -0.04751595 -0.00595067 0.02936764
v -0.04758557 -0.00852884 0.02914516
v -0.04674293 -0.01272133 0.02879358
v -0.05131439 -0.01276835 0.02580427
v -0.04850421 -0.01324167 0.02776629
v -0.04729172 -0.01078247 0.02893061
v -0.04923866 -0.01024276 0.02794861
v -0.04586141 0.00564382 0.03002566
v -0.04543035 0.01078371 0.02963305
v -0.04040514 0.01000707 0.03094045
v -0.04768393 0.00360100 0.02939959
v -0.04916326 0.00345770 0.02865338
v -0.05046398 0.00342827 0.02776932
v -0.05309236 0.00357932 0.02556485
v -0.04744831 0.00532217 0.02941144
v -0.04743379 0.00792713 0.02925933
v -0.04938940 0.00568997 0.02838983
v -0.04698774 0.01123283 0.02893153
v -0.05003166 0.01143630 0.02709777
v -0.04854214 0.01142696 0.02811352
v -0.05184122 0.01111907 0.02571475
v -0.04732644 0.00923877 0.02915407
v -0.04933115 0.00857178 0.02817767
v -0.03126383 -0.00868367 0.03265444
v -0.03127554 -0.00729138 0.03279122
v -0.03128314 -0.00503161 0.03288131
v -0.03603937 -0.00503581 0.03231325
v -0.03582485 -0.00929113 0.03202520
v -0.04074821 -0.00551445 0.03126576
v -0.04058547 -0.00797601 0.03116139
v -0.03128325 0.00483420 0.03288131
v -0.03127571 0.00709394 0.03279123
v -0.03126355 0.00848446 0.03265470
v -0.04076907 0.00489703 0.03127089
v -0.03604878 0.00483839 0.03231168
v -0.03581761 0.00909215 0.03202669
v -0.04059963 0.00763366 0.03117205
v -0.06311483 0.00606836 0.01434506
v -0.05970707 0.00572903 0.01881988
v -0.06127869 0.00565602 0.01697060
v -0.06238385 0.00584606 0.01546193
v -0.05922367 0.01060681 0.01844224
v -0.06105316 0.01084535 0.01607064
v -0.05565055 0.00532242 0.02327286
v -0.05672245 0.00541821 0.02220667
v -0.05734715 0.00565759 0.02151838
v -0.05452355 0.01040108 0.02356627
v -0.05551160 0.01056030 0.02258940
v -0.05677329 0.01044955 0.02127935
v -0.05297689 0.00568159 0.02552176
v -0.05287299 0.00765636 0.02545667
v -0.05280658 0.00879806 0.02534409
v -0.05854406 0.00808707 0.01980293
v -0.06508625 0.00595520 0.01140008
v -0.06685215 0.00612875 0.00829217
v -0.06308632 0.01085398 0.01303940
v -0.06457289 0.01107659 0.01067621
v -0.06599847 0.01109725 0.00804890
v -0.06333410 0.00847744 0.01348346
v -0.06857906 0.00638807 0.00480067
v -0.06929581 0.00627691 0.00333973
v -0.06882172 0.01148559 0.00190985
v -0.06774132 0.01123699 0.00451625
v -0.06729978 0.00873310 0.00655154
v -0.06966019 0.00620554 0.00250878
v -0.07081665 0.00642361 -0.00045596
v -0.07080223 0.00920434 -0.00181836
v -0.06918478 0.01142822 0.00107700
v -0.06936572 0.00887840 0.00225973
v -0.05781104 -0.00577098 0.02100853
v -0.05555021 -0.00554184 0.02336901
v -0.05341659 -0.00564454 0.02519366
v -0.05433220 -0.01056149 0.02374578
v -0.05545388 -0.01075415 0.02264781
v -0.05652416 -0.01065633 0.02155412
v -0.05286084 -0.00805791 0.02544149
v -0.06586363 -0.00621651 0.01011919
v -0.06497455 -0.00624373 0.01155902
v -0.06719516 -0.00645644 0.00757345
v -0.06448345 -0.01125641 0.01083245
v -0.06599074 -0.01130765 0.00805722
v -0.07000316 -0.00641644 0.00170209
v -0.06895292 -0.00650669 0.00406460
v -0.06879433 -0.01167229 0.00198634
v -0.06774068 -0.01142916 0.00452046
v -0.06730166 -0.00891809 0.00655261
v -0.07032469 -0.00659837 0.00086787
v -0.07066990 -0.00998956 -0.00183190
v -0.07115858 -0.00743877 -0.00180498
v -0.06914752 -0.01162910 0.00116950
v -0.06936458 -0.00908187 0.00225941
v -0.06025777 -0.00596466 0.01819624
v -0.06310560 -0.00625600 0.01436144
v -0.06227096 -0.00603328 0.01562280
v -0.06132305 -0.00586845 0.01691291
v -0.06079962 -0.01104002 0.01641610
v -0.06250078 -0.01106337 0.01389840
v -0.05895840 -0.01076810 0.01875119
v -0.05854062 -0.00831936 0.01980014
v -0.06333053 -0.00870112 0.01348126
v -0.07174935 -0.01390015 -0.00878168
v -0.07238102 -0.01163904 -0.00871783
v -0.07178293 -0.01236850 -0.00720624
v -0.07389600 -0.00297273 -0.00845058
v -0.07395582 -0.00117578 -0.00821064
v -0.07342124 -0.00274468 -0.00674130
v -0.07335242 -0.00724760 -0.00848787
v -0.07310309 -0.00852048 -0.00844897
v -0.07290699 -0.00702001 -0.00682209
v -0.07297294 -0.00956650 -0.00880517
v -0.07245459 -0.01163564 -0.00902233
v -0.07320423 -0.00860666 -0.00892377
v -0.07401108 -0.00047481 -0.00833979
v -0.07396999 -0.00006878 -0.00817925
v -0.07408162 -0.00083487 -0.00864242
v -0.07165314 0.01390038 -0.00857697
v -0.07198045 0.01312893 -0.00890276
v -0.07120651 0.01400042 -0.00710006
v -0.07104799 0.01452151 -0.00720397
v -0.07101995 0.01503210 -0.00780867
v -0.07311997 0.00840708 -0.00854989
v -0.07304275 0.00587320 -0.00677909
v -0.07266357 0.00825261 -0.00683626
v -0.07381210 0.00377138 -0.00843350
v -0.07329480 0.00432917 -0.00685042
v -0.07356936 0.00591175 -0.00860743
v -0.07393502 0.00032699 -0.00807414
v -0.07391824 0.00223361 -0.00837780
v -0.07349248 0.00054364 -0.00664695
v -0.07342691 0.00225886 -0.00671053
v -0.07405212 0.00030419 -0.00848080
v -0.07024536 0.01733538 -0.00883399
v -0.07078279 0.01566542 -0.00789023
v -0.07132406 0.01501673 -0.00887508
v -0.06911682 0.01963661 -0.00894558
v -0.06794945 0.02120334 -0.00805777
v -0.06786495 0.02098332 -0.00728901
v -0.06855624 0.01982011 -0.00728797
v -0.06409302 0.02612747 -0.00743926
v -0.06312546 0.02719674 -0.00738466
v -0.06524553 0.02476400 -0.00742423
v -0.06595622 0.02383025 -0.00738105
v -0.06476356 0.02597464 -0.00924285
v -0.06660910 0.02292386 -0.00737393
v -0.06741688 0.02204064 -0.00806695
v -0.06713325 0.02215226 -0.00734663
v -0.06799195 0.02158443 -0.00908055
v -0.06669841 0.02349436 -0.00908925
v -0.05714198 0.03255797 -0.00804215
v -0.05671523 0.03265822 -0.00735715
v -0.05809693 0.03165654 -0.00742868
v -0.06035233 0.02985482 -0.00738930
v -0.05958244 0.03051130 -0.00741231
v -0.05863774 0.03179063 -0.00932413
v -0.06231142 0.02800884 -0.00734341
v -0.06124237 0.02903898 -0.00735457
v -0.06276283 0.02816724 -0.00916125
v -0.06120770 0.02965195 -0.00918283
v -0.05231365 0.03570660 -0.00901613
v -0.05227738 0.03529331 -0.00733911
v -0.05425450 0.03417890 -0.00725807
v -0.05542149 0.03351053 -0.00735372
v -0.05609924 0.03306665 -0.00735242
v -0.05632799 0.03345432 -0.00922988
v -0.05467375 0.03448389 -0.00924219
v -0.04252398 0.03915399 -0.00844603
v -0.04132798 0.03927286 -0.00771072
v -0.04596081 0.03798582 -0.00751692
v -0.04436586 0.03847697 -0.00755895
v -0.04426087 0.03869998 -0.00841786
v -0.04359855 0.03913759 -0.00975365
v -0.04914197 0.03691142 -0.00795423
v -0.04749928 0.03742315 -0.00742133
v -0.04713827 0.03802832 -0.00944744
v -0.05077350 0.03645294 -0.00903123
v -0.04981009 0.03667075 -0.00808740
v -0.05154275 0.03620629 -0.00960882
v -0.04900357 0.03731475 -0.00930313
v -0.03389932 0.04033834 -0.00813245
v -0.03477869 0.04039511 -0.00883405
v -0.03649029 0.04023608 -0.00879931
v -0.03732758 0.03997858 -0.00788563
v -0.03961912 0.03956885 -0.00772098
v -0.03974318 0.03995876 -0.00969138
v -0.03595715 0.04049417 -0.01007977
v -0.04869787 0.03966457 -0.02753834
v -0.05159965 0.03690676 -0.01403185
v -0.04497245 0.03937564 -0.01431579
v -0.04702017 0.03881307 -0.01414393
v -0.04879985 0.03817214 -0.01398181
v -0.04972976 0.03779575 -0.01399698
v -0.04814215 0.03948213 -0.02309093
v -0.04920129 0.03913520 -0.02311210
v -0.07355894 0.01728987 -0.02712563
v -0.07102530 0.01783396 -0.01324400
v -0.07278365 0.01353795 -0.01320143
v -0.07237397 0.01487758 -0.01328795
v -0.07195496 0.01592401 -0.01327669
v -0.07066678 0.01861295 -0.01349367
v -0.07294659 0.01738153 -0.02260647
v -0.07348991 0.01619745 -0.02263887
v -0.03433765 0.04103392 -0.01394172
v -0.04154574 0.04023815 -0.01432985
v -0.03726786 0.04083823 -0.01460362
v -0.03930364 0.04063150 -0.01445890
v -0.04495851 0.03992416 -0.01868164
v -0.03724186 0.04119804 -0.01816981
v -0.05718462 0.03381402 -0.01380493
v -0.05477034 0.03533054 -0.01390837
v -0.05619472 0.03446643 -0.01377505
v -0.05287720 0.03698996 -0.01840591
v -0.06370704 0.02838220 -0.01363325
v -0.05991771 0.03174208 -0.01383659
v -0.06150807 0.03048764 -0.01371438
v -0.06272026 0.02936880 -0.01358776
v -0.05999952 0.03257245 -0.01824625
v -0.06897970 0.02165565 -0.01346625
v -0.06598358 0.02576741 -0.01365810
v -0.06720378 0.02428084 -0.01352086
v -0.06812973 0.02296687 -0.01340454
v -0.07096899 0.01978938 -0.01796390
v -0.06613733 0.02677217 -0.01811441
v -0.07449794 -0.00271304 -0.01085835
v -0.07450296 0.00209472 -0.01069020
v -0.07461168 -0.00120397 -0.01079039
v -0.07462248 -0.00014215 -0.01070679
v -0.07451692 0.00246693 -0.01087562
v -0.07461952 0.00066917 -0.01074850
v -0.07749442 0.00028864 -0.02695485
v -0.07708003 0.00056600 -0.02366952
v -0.07709112 -0.00011441 -0.02368924
v -0.07568155 -0.00038430 -0.01525540
v -0.07641370 -0.00038164 -0.01891702
v -0.07462860 0.00580268 -0.01303136
v -0.07485431 0.00422890 -0.01300037
v -0.07554901 0.00217128 -0.01513006
v -0.07634468 0.00217041 -0.01912816
v -0.07607568 0.00198033 -0.01753806
v -0.07740817 0.00196242 -0.02681811
v -0.07699378 0.00192227 -0.02358414
v -0.07667899 0.00354892 -0.02235335
v -0.07456032 0.01481654 -0.02692154
v -0.07422314 0.01424197 -0.02249377
v -0.07578330 0.01102537 -0.02665036
v -0.07372935 0.01030451 -0.01309416
v -0.07407377 0.00878989 -0.01294562
v -0.07433814 0.00765113 -0.01303985
v -0.07423378 0.01194941 -0.01780814
v -0.07566593 0.00598071 -0.01764696
v -0.07523779 0.01084563 -0.02238156
v -0.07584127 0.00873297 -0.02242187
v -0.07645478 0.00528549 -0.02235537
v -0.07666509 0.00765016 -0.02683974
v -0.07616980 0.00712610 -0.02238691
v -0.07662422 0.00408429 -0.02236397
v -0.07730115 0.00360160 -0.02688369
v -0.07708407 0.00518389 -0.02678354
v -0.06612016 0.02762403 -0.02265592
v -0.06843925 0.02493128 -0.02266750
v -0.06935767 0.02370376 -0.02272595
v -0.06916342 0.02479763 -0.02730543
v -0.07035860 0.02213180 -0.02262559
v -0.07061288 0.02263285 -0.02703662
v -0.07269828 0.01903929 -0.02702453
v -0.07240109 0.01842431 -0.02251622
v -0.07082515 0.02128725 -0.02250059
v -0.07186594 0.02062092 -0.02718994
v -0.06451553 0.02943501 -0.02277450
v -0.06682097 0.02754686 -0.02690726
v -0.05733412 0.03514266 -0.02296608
v -0.05757861 0.03498347 -0.02295049
v -0.05808607 0.03512559 -0.02734923
v -0.05779784 0.03483728 -0.02293372
v -0.05843383 0.03489818 -0.02734022
v -0.05803770 0.03467297 -0.02290747
v -0.05877874 0.03466780 -0.02732929
v -0.05842231 0.03440200 -0.02286764
v -0.05929083 0.03431547 -0.02730963
v -0.05865703 0.03422984 -0.02282759
v -0.05980000 0.03395657 -0.02728439
v -0.05886763 0.03407200 -0.02279122
v -0.06013524 0.03371326 -0.02726571
v -0.05909757 0.03389447 -0.02274066
v -0.06156377 0.03200593 -0.02270347
v -0.06046918 0.03346590 -0.02724539
v -0.06194361 0.03172048 -0.02274985
v -0.06096457 0.03308693 -0.02720083
v -0.06273806 0.03108528 -0.02282684
v -0.06194998 0.03231638 -0.02730700
v -0.06358686 0.03034218 -0.02285324
v -0.06452038 0.03004965 -0.02722656
v -0.06328327 0.03120301 -0.02746264
v -0.05131476 0.03826450 -0.02295292
v -0.05437785 0.03676428 -0.02281481
v -0.05515388 0.03638991 -0.02290303
v -0.05362247 0.03763515 -0.02726803
v -0.05676225 0.03549823 -0.02298199
v -0.05756021 0.03545916 -0.02735925
v -0.05574629 0.03649470 -0.02720351
v -0.04218547 0.04097383 -0.02329642
v -0.04062424 0.04121605 -0.02339160
v -0.04184324 0.04127895 -0.02764723
v -0.03924674 0.04135177 -0.02338682
v -0.03936989 0.04157955 -0.02771509
v -0.04081358 -0.03991018 -0.00974744
v -0.03886031 -0.04024581 -0.00976059
v -0.04010410 -0.03973510 -0.00808746
v -0.04581018 -0.03864176 -0.00965883
v -0.04393340 -0.03918983 -0.00974037
v -0.04430959 -0.03891536 -0.00878598
v -0.05453420 -0.03466945 -0.00923807
v -0.05276049 -0.03569174 -0.00928454
v -0.05396647 -0.03459319 -0.00762196
v -0.05547493 -0.03418487 -0.00952919
v -0.05432534 -0.03487755 -0.00966157
v -0.05900258 -0.03165191 -0.00931497
v -0.05731167 -0.03293250 -0.00936333
v -0.05760981 -0.03248166 -0.00842868
v -0.06645921 -0.02394303 -0.00905699
v -0.06513708 -0.02563907 -0.00915225
v -0.06540642 -0.02477917 -0.00760910
v -0.07119560 -0.01546666 -0.00889436
v -0.07082329 -0.01586437 -0.00810655
v -0.07008955 -0.01790553 -0.00885095
v -0.06965018 -0.01787786 -0.00722627
v -0.07048632 -0.01657323 -0.00800528
v -0.07081701 -0.01642341 -0.00902972
v -0.06936835 -0.01939196 -0.00905329
v -0.06864706 -0.01991950 -0.00748623
v -0.06836836 -0.02074771 -0.00827423
v -0.06765395 -0.02225348 -0.00910959
v -0.06777612 -0.02176623 -0.00837620
v -0.06853661 -0.02086673 -0.00923859
v -0.07407265 -0.01626240 -0.02724903
v -0.07105439 -0.01798771 -0.01332347
v -0.07223742 -0.01527978 -0.01317422
v -0.07252806 -0.01453667 -0.01334335
v -0.07193628 -0.01608173 -0.01327828
v -0.07156786 -0.01694489 -0.01332446
v -0.07079486 -0.01855272 -0.01355046
v -0.07367479 -0.01584467 -0.02260925
v -0.07331349 -0.01671269 -0.02264612
v -0.07455897 -0.00619597 -0.01298906
v -0.07460816 -0.00587301 -0.01303185
v -0.07440651 -0.00717124 -0.01293496
v -0.07348094 -0.01139887 -0.01326219
v -0.07428854 -0.00801683 -0.01304655
v -0.07406378 -0.00916249 -0.01310835
v -0.07526804 -0.00437974 -0.01522910
v -0.07602557 -0.00441187 -0.01905449
v -0.07576487 -0.00435434 -0.01754906
v -0.07413609 -0.01237560 -0.01780834
v -0.06791788 -0.02336759 -0.01331513
v -0.06615377 -0.02567739 -0.01351525
v -0.06716866 -0.02443219 -0.01350724
v -0.06920280 -0.02137564 -0.01350426
v -0.06849719 -0.02251400 -0.01343183
v -0.07083186 -0.02015114 -0.01798249
v -0.06392544 -0.02823873 -0.01357433
v -0.06332991 -0.02885707 -0.01350664
v -0.06246640 -0.02970543 -0.01349625
v -0.06144515 -0.03064053 -0.01360627
v -0.06021169 -0.03165477 -0.01386010
v -0.06598229 -0.02705853 -0.01812172
v -0.05648456 -0.03438010 -0.01368157
v -0.05384959 -0.03592800 -0.01387323
v -0.05470181 -0.03546111 -0.01384079
v -0.05572450 -0.03486034 -0.01379392
v -0.05766233 -0.03358422 -0.01386420
v -0.05985734 -0.03279120 -0.01827433
v -0.05082133 -0.03741136 -0.01397884
v -0.05003382 -0.03776885 -0.01392376
v -0.04905131 -0.03817754 -0.01388873
v -0.04775902 -0.03866549 -0.01395507
v -0.04530099 -0.03940872 -0.01418851
v -0.04664462 -0.03903937 -0.01419956
v -0.05276146 -0.03715769 -0.01845149
v -0.04186317 -0.04027591 -0.01424067
v -0.03904367 -0.04077293 -0.01435763
v -0.03784243 -0.04091493 -0.01453363
v -0.04047074 -0.04054711 -0.01435043
v -0.04488351 -0.04005282 -0.01872225
v -0.04213591 -0.04108577 -0.02329814
v -0.04061716 -0.04132097 -0.02339273
v -0.04179385 -0.04138871 -0.02762764
v -0.03953100 -0.04143423 -0.02338340
v -0.03969293 -0.04165574 -0.02767173
v -0.04799850 -0.03963111 -0.02309066
v -0.05688779 -0.03552479 -0.02297631
v -0.05594798 -0.03607500 -0.02295753
v -0.05649741 -0.03621828 -0.02754469
v -0.05442633 -0.03685600 -0.02287449
v -0.05122347 -0.03840671 -0.02296155
v -0.05447031 -0.03728287 -0.02719476
v -0.04912145 -0.03926705 -0.02311391
v -0.04856973 -0.03981465 -0.02762717
v -0.06158563 -0.03211111 -0.02281046
v -0.05868694 -0.03430731 -0.02284288
v -0.05866093 -0.03479217 -0.02714112
v -0.06380076 -0.03024587 -0.02284681
v -0.06236919 -0.03199130 -0.02715828
v -0.06791167 -0.02569268 -0.02265092
v -0.06555567 -0.02839339 -0.02267724
v -0.06596776 -0.02862541 -0.02706733
v -0.06908534 -0.02419410 -0.02273212
v -0.06856492 -0.02564305 -0.02714186
v -0.07347452 -0.01757442 -0.02709614
v -0.07287106 -0.01765727 -0.02261778
v -0.07229542 -0.01874937 -0.02252842
v -0.07065667 -0.02168275 -0.02254342
v -0.07263535 -0.01926462 -0.02703413
v -0.06985560 -0.02304746 -0.02266792
v -0.07009801 -0.02355728 -0.02712402
v -0.07137598 -0.02150567 -0.02700656
v -0.07481282 -0.01428078 -0.02695643
v -0.07423999 -0.01425546 -0.02245796
v -0.07521877 -0.01105552 -0.02234830
v -0.07555987 -0.00994423 -0.02239808
v -0.07566100 -0.01178191 -0.02697224
v -0.07748551 -0.00075449 -0.02695538
v -0.07706849 -0.00098388 -0.02365581
v -0.07700300 -0.00188673 -0.02355983
v -0.07744676 -0.00213739 -0.02711941
v -0.07690720 -0.00270954 -0.02342998
v -0.07633362 -0.00588920 -0.02220887
v -0.07733413 -0.00348381 -0.02702184
v -0.07623717 -0.00673280 -0.02232785
v -0.07716315 -0.00479316 -0.02679762
v -0.07588806 -0.00865741 -0.02243361
v -0.07622070 -0.00976271 -0.02691715
v -0.07675989 -0.00715488 -0.02675634
v 0.07329054 0.03676982 0.00364825
v 0.07157271 0.03773009 0.00247770
v 0.10416580 0.04439300 -0.01658050
v 0.10074410 0.04502528 -0.01702841
v 0.10444988 0.04458743 -0.01717906
v 0.10432491 0.04498251 -0.01829633
v 0.10425452 0.04490950 -0.01804098
v 0.10077153 0.04543962 -0.01819045
v 0.10042877 0.04572218 -0.01889391
v 0.10042115 0.04652440 -0.02178108
v 0.10678836 0.04534249 -0.02077794
v 0.10300380 0.04616782 -0.02166722
v 0.10289387 0.04691286 -0.02440148
v 0.11008153 0.04477060 -0.02083614
v 0.10880920 0.04592994 -0.02416996
v 0.11035009 0.04373357 -0.01737623
v 0.11240969 0.04434562 -0.02085031
v 0.11545354 0.04454793 -0.02431875
v 0.11384960 0.04405568 -0.02094099
v 0.11395961 0.04303029 -0.01739595
v 0.07860967 0.03449557 0.00526008
v 0.11471168 0.04387383 -0.02104047
v 0.11766782 0.04312998 -0.02105012
v 0.11585970 0.04197640 -0.01585971
v 0.12017281 0.04331881 -0.02459785
v 0.12013367 0.04245205 -0.02114102
v 0.12177331 0.04195394 -0.02122665
v 0.12304874 0.04236202 -0.02466172
v 0.12314265 0.04146599 -0.02124747
v 0.12440350 0.03988050 -0.01709934
v 0.12588243 0.04050009 -0.02143379
v 0.12700100 0.04075487 -0.02471742
v 0.12836389 0.03946358 -0.02162618
v 0.13117030 0.03815237 -0.02180851
v 0.13204787 0.03832407 -0.02507431
v 0.13347510 0.03688958 -0.02194406
v 0.13584861 0.03607290 -0.02540168
v 0.13449495 0.03558398 -0.01869182
v 0.13539588 0.03574248 -0.02205520
v 0.13672171 0.03487006 -0.02219390
v 0.13804647 0.03452372 -0.02556659
v 0.13727473 0.03449302 -0.02224166
v 0.13681375 0.03415512 -0.01880080
v 0.13820690 0.03378747 -0.02228139
v 0.14008309 0.03232090 -0.02247736
v 0.13890944 0.03190377 -0.01694012
v 0.14190689 0.03070055 -0.02269004
v 0.14386284 0.02872653 -0.02284114
v 0.14561698 0.02668341 -0.02303079
v 0.14707731 0.02513662 -0.02634548
v 0.14627590 0.02534076 -0.01976456
v 0.14686691 0.02504528 -0.02311920
v 0.14766822 0.02389437 -0.02324750
v 0.14855814 0.02281286 -0.02647410
v 0.15207361 0.01478130 -0.02372912
v 0.14993722 0.01992356 -0.02342742
v 0.14811795 0.02320440 -0.02331831
v 0.14791629 0.02309269 -0.01988434
v 0.14886657 0.02193063 -0.02335402
v 0.14920761 0.02007034 -0.01790863
v 0.15415359 0.00447887 -0.02395663
v 0.15436495 -0.00004431 -0.02406862
v 0.15391660 0.00677162 -0.02396559
v 0.15379958 0.00510196 -0.01856823
v 0.15306809 0.01103145 -0.02056561
v 0.15363379 0.00846966 -0.02063639
v 0.15366939 0.00845580 -0.02397300
v 0.15353849 0.00919019 -0.02395184
v 0.15288829 0.01205420 -0.02384785
v 0.15328398 0.01041288 -0.02388370
v 0.15152273 0.01666998 -0.02744838
v 0.15404236 0.00592721 -0.02766893
v 0.15432760 0.00182098 -0.02461770
v 0.15242834 0.01374612 -0.02437103
v 0.15254587 0.01335597 -0.02439756
v 0.15239952 0.01408355 -0.02807522
v 0.15220279 0.01444007 -0.02431071
v 0.15181110 0.01586082 -0.02738779
v 0.15230409 0.01413630 -0.02433280
v 0.15221106 0.01469421 -0.02804682
v 0.15201201 0.01530249 -0.02795362
v 0.15265684 0.01296616 -0.02441258
v 0.15257772 0.01347301 -0.02807288
v 0.15274812 0.01262730 -0.02441694
v 0.15293876 0.01209800 -0.02750276
v 0.15274660 0.01286119 -0.02806822
v 0.15301344 0.01180531 -0.02755191
v 0.15290647 0.01224913 -0.02810148
v 0.15338228 0.00998211 -0.02448988
v 0.15321734 0.01092239 -0.02754382
v 0.15079002 0.01819958 -0.02419357
v 0.15124614 0.01736373 -0.02728153
v 0.15092908 0.01787202 -0.02420640
v 0.15087103 0.01832977 -0.02789259
v 0.15137115 0.01705816 -0.02735472
v 0.15135984 0.01712426 -0.02800843
v 0.15112057 0.01772760 -0.02793573
v 0.14910147 0.02194504 -0.02721604
v 0.14977417 0.02063733 -0.02715983
v 0.15041679 0.01901758 -0.02411164
v 0.15061764 0.01858778 -0.02416477
v 0.15061044 0.01893019 -0.02784261
v 0.15034010 0.01952696 -0.02780578
v 0.14604754 0.02665267 -0.02693679
v 0.14265983 0.03058330 -0.02670642
v 0.13918724 0.03374312 -0.02645897
v 0.13486349 0.03686622 -0.02619426
v 0.13610274 0.03602217 -0.02618913
v 0.13041414 0.03937514 -0.02579638
v 0.13246507 0.03822988 -0.02582098
v 0.11973296 0.04364598 -0.02556538
v 0.12110276 0.04320746 -0.02553438
v 0.12556400 0.04156240 -0.02556830
v 0.12605456 0.04130153 -0.02533069
v 0.12833573 0.04035403 -0.02559632
v 0.12687559 0.04111826 -0.02617920
v 0.10050208 0.04741489 -0.02540871
v 0.10638305 0.04662356 -0.02531858
v 0.10975069 0.04600329 -0.02522489
v 0.11346540 0.04524352 -0.02517758
v 0.11638801 0.04455347 -0.02540710
v 0.15314207 -0.01136787 -0.02808113
v 0.15284723 -0.01255987 -0.02806061
v 0.15215840 -0.01493986 -0.02798363
v 0.15252545 -0.01375236 -0.02805015
v 0.15117186 -0.01769946 -0.02796297
v 0.15067385 -0.01886827 -0.02779543
v 0.14955552 -0.02117799 -0.02779472
v 0.14282060 -0.03057971 -0.02730997
v 0.14114150 -0.03213812 -0.02683509
v 0.12358590 -0.04257632 -0.02648416
v 0.10933855 -0.04633245 -0.02588932
v 0.11815921 -0.04433891 -0.02627078
v 0.10756607 -0.04656497 -0.02552946
v 0.10603608 -0.04685736 -0.02573416
v 0.10349504 -0.04726778 -0.02606981
v 0.10095854 -0.04758300 -0.02603849
v 0.15413319 -0.00271720 -0.01939567
v 0.15393464 -0.00674576 -0.02453373
v 0.10374753 -0.04676361 -0.02397800
v 0.10316191 -0.04692568 -0.02426382
v 0.10304743 -0.04713561 -0.02512485
v 0.10107057 -0.04743380 -0.02531735
v 0.10044424 -0.04752185 -0.02541074
v 0.10057606 -0.04719912 -0.02392112
v 0.11036247 -0.04587469 -0.02470679
v 0.11126878 -0.04584187 -0.02529808
v 0.11478140 -0.04507235 -0.02546260
v 0.10040953 -0.04517841 -0.01707183
v 0.07104283 -0.03779525 0.00279122
v 0.07122816 -0.03763387 0.00301762
v 0.07200605 -0.03715025 0.00359652
v 0.10707971 -0.04550987 -0.02139869
v 0.10610847 -0.04567406 -0.02140642
v 0.10324204 -0.04581127 -0.02025471
v 0.10888248 -0.04505181 -0.02085152
v 0.10288717 -0.04492571 -0.01721500
v 0.07528733 -0.03651175 0.00371631
v 0.11229125 -0.04446863 -0.02085511
v 0.10881272 -0.04358185 -0.01609233
v 0.11293181 -0.04434627 -0.02088840
v 0.11278432 -0.04331637 -0.01717910
v 0.10022655 -0.04519422 -0.01706493
v 0.10035239 -0.04531457 -0.01741904
v 0.10047948 -0.04542459 -0.01776280
v 0.10291259 -0.04505234 -0.01757729
v 0.10022468 -0.04544757 -0.01775358
v 0.10052713 -0.04641531 -0.02097183
v 0.10305635 -0.04524612 -0.01820779
v 0.10036450 -0.04567127 -0.01842873
v 0.07862973 -0.03460019 0.00530382
v 0.11478362 -0.04393849 -0.02096226
v 0.11499437 -0.04282099 -0.01719568
v 0.11848083 -0.04411665 -0.02552089
v 0.11709444 -0.04452230 -0.02556992
v 0.11499139 -0.04482800 -0.02448846
v 0.11705119 -0.04339687 -0.02101756
v 0.11766108 -0.04149526 -0.01561835
v 0.11818695 -0.04311030 -0.02107956
v 0.12358431 -0.04243014 -0.02561972
v 0.12185925 -0.04308885 -0.02571752
v 0.12049347 -0.04350096 -0.02553158
v 0.11954780 -0.04358512 -0.02452062
v 0.12322338 -0.04158287 -0.02132855
v 0.13308007 -0.03798669 -0.02596204
v 0.13561054 -0.03648089 -0.02625334
v 0.12851183 -0.04040889 -0.02579555
v 0.13056164 -0.03940104 -0.02581337
v 0.12986537 -0.03889538 -0.02169756
v 0.12571242 -0.04163237 -0.02569924
v 0.12696756 -0.04111444 -0.02578878
v 0.12401309 -0.04209385 -0.02472857
v 0.12548014 -0.04074619 -0.02141774
v 0.12813412 -0.03967803 -0.02161985
v 0.12799142 -0.04048410 -0.02490758
v 0.14328869 -0.03002664 -0.02676035
v 0.14256231 -0.03075333 -0.02651869
v 0.13961003 -0.03289401 -0.02305729
v 0.13864075 -0.03421922 -0.02619973
v 0.13657832 -0.03582129 -0.02636040
v 0.13623153 -0.03592988 -0.02545709
v 0.13823280 -0.03390255 -0.02237023
v 0.13599600 -0.03546392 -0.02213495
v 0.13785761 -0.03345100 -0.01861185
v 0.13703347 -0.03475914 -0.02222353
v 0.13283861 -0.03745246 -0.02253762
v 0.13476333 -0.03624059 -0.02203864
v 0.13197536 -0.03645816 -0.01672593
v 0.13218323 -0.03768891 -0.02187023
v 0.13568121 -0.03493876 -0.01854999
v 0.14635948 -0.02591168 -0.02374247
v 0.14722199 -0.02419458 -0.01976393
v 0.14679987 -0.02566086 -0.02682811
v 0.14837145 -0.02329183 -0.02706187
v 0.14784123 -0.02373482 -0.02327327
v 0.14717349 -0.02470267 -0.02322679
v 0.14601437 -0.02635639 -0.02363428
v 0.14475494 -0.02777563 -0.02293158
v 0.14624903 -0.02496196 -0.01787671
v 0.14312603 -0.02962110 -0.02278865
v 0.14448112 -0.02711418 -0.01798831
v 0.14994310 -0.02007293 -0.02407570
v 0.14913374 -0.02163681 -0.02402137
v 0.14860715 -0.02203575 -0.01981224
v 0.14863536 -0.02243045 -0.02336331
v 0.15170980 -0.01623542 -0.02738316
v 0.15140243 -0.01707465 -0.02737715
v 0.15122126 -0.01752541 -0.02729543
v 0.15188959 -0.01549267 -0.02432085
v 0.15216640 -0.01462918 -0.02431243
v 0.15162548 -0.01619734 -0.02373205
v 0.15324272 -0.01074124 -0.02448305
v 0.15310848 -0.01132403 -0.02445243
v 0.15287397 -0.01222693 -0.02437766
v 0.15273330 -0.01271303 -0.02431136
v 0.15227802 -0.01306844 -0.01860371
v 0.15436078 -0.00053201 -0.02711642
v 0.15435877 -0.00068779 -0.02404917
v 0.15373456 -0.00813697 -0.02452208
v 0.15341169 -0.00992398 -0.02449773
v 0.15384458 -0.00712339 -0.02062115
v 0.15356576 -0.00910245 -0.02398889
v 0.15340434 -0.00974539 -0.02060037
v 0.15089200 0.01404250 -0.01557851
v 0.14986199 0.01722258 -0.01592189
v 0.15094356 0.01153509 -0.01439403
v 0.15022750 0.01275369 -0.01385394
v 0.15188209 0.01100959 -0.01578939
v 0.15283684 0.00783371 -0.01642435
v 0.15063210 0.00944823 -0.01312500
v 0.15270611 0.00610520 -0.01568924
v 0.14937319 0.00721727 -0.01138887
v 0.15150670 0.00673440 -0.01367594
v 0.15349360 0.00238560 -0.01665005
v 0.15301420 0.00459969 -0.01602159
v 0.15192895 0.00333717 -0.01376694
v 0.14997358 0.00240287 -0.01146431
v 0.15108952 0.00078634 -0.01251544
v 0.15389358 -0.00034315 -0.01769630
v 0.15333682 -0.00280641 -0.01639751
v 0.15278011 0.00064807 -0.01488265
v 0.15138817 -0.00007866 -0.01285024
v 0.14499988 0.02465651 -0.01515665
v 0.14722319 0.02201190 -0.01572053
v 0.14866560 0.01874559 -0.01516789
v 0.14775813 0.02048409 -0.01519264
v 0.14803562 0.01754231 -0.01336091
v 0.14655865 0.02060372 -0.01353654
v 0.14872528 0.01485819 -0.01276844
v 0.14890630 0.01203967 -0.01200318
v 0.14647231 0.01620742 -0.01124038
v 0.14052079 0.02943482 -0.01499794
v 0.14266471 0.02703927 -0.01470670
v 0.14378032 0.02482146 -0.01380475
v 0.14452626 0.02300895 -0.01302667
v 0.14236333 0.02545906 -0.01292027
v 0.14474992 0.02162363 -0.01230264
v 0.14465001 0.01973819 -0.01125452
v 0.14330020 0.02173875 -0.01121968
v 0.13345082 0.03421554 -0.01442714
v 0.13640549 0.03267126 -0.01491360
v 0.13791077 0.03115529 -0.01449319
v 0.08845757 0.02324315 0.01086740
v 0.13864100 0.03032485 -0.01419261
v 0.13856137 0.02912443 -0.01283002
v 0.13611997 0.03112845 -0.01287415
v 0.14009660 0.02687977 -0.01208593
v 0.14122426 0.02432352 -0.01126111
v 0.13751741 0.02741680 -0.01091501
v 0.12720542 0.03731410 -0.01426372
v 0.13008569 0.03580520 -0.01407096
v 0.08634448 0.02594496 0.01010202
v 0.13192839 0.03422908 -0.01337511
v 0.13331449 0.03266799 -0.01254620
v 0.12998446 0.03427300 -0.01232045
v 0.08746392 0.02482190 0.01037434
v 0.08749645 0.02420098 0.01072024
v 0.13425256 0.03125920 -0.01182280
v 0.13480488 0.02976752 -0.01102325
v 0.13271622 0.03135152 -0.01115491
v 0.08207867 0.03223144 0.00660866
v 0.08081740 0.03339840 0.00586519
v 0.08130653 0.03274945 0.00636904
v 0.11847745 0.04008124 -0.01389833
v 0.12384808 0.03848214 -0.01411720
v 0.12439113 0.03783250 -0.01353491
v 0.12151205 0.03777683 -0.01225717
v 0.08309383 0.03169073 0.00677128
v 0.08330327 0.03058093 0.00768374
v 0.12588813 0.03639521 -0.01251977
v 0.12316308 0.03700095 -0.01207598
v 0.12270994 0.03790616 -0.01285460
v 0.08479193 0.02944593 0.00811540
v 0.08470288 0.02992486 0.00774975
v 0.08424400 0.02734416 0.00987740
v 0.12736468 0.03488464 -0.01168145
v 0.12935073 0.03336177 -0.01127151
v 0.12561527 0.03550558 -0.01158535
v 0.07865196 0.03416579 0.00564405
v 0.11633507 0.04005647 -0.01315994
v 0.11828827 0.03938931 -0.01296972
v 0.07664375 0.03501893 0.00521399
v 0.07566555 0.03592806 0.00427351
v 0.11003324 0.04227636 -0.01427367
v 0.11375706 0.04138752 -0.01404896
v 0.11445405 0.04086599 -0.01357395
v 0.06622364 0.03914719 0.00111943
v 0.06791391 0.03835746 0.00224910
v 0.10049361 0.04484609 -0.01648989
v 0.10412551 0.04400348 -0.01569231
v 0.11020419 0.04306788 -0.01567731
v 0.11261967 0.04316253 -0.01693243
v 0.11385158 0.04235001 -0.01567729
v 0.11238444 0.04187647 -0.01431008
v 0.11986508 0.04249998 -0.02102138
v 0.11894211 0.04132915 -0.01625447
v 0.12157166 0.04086845 -0.01698760
v 0.12405271 0.03917802 -0.01531316
v 0.12103798 0.03975828 -0.01447356
v 0.12796490 0.03835381 -0.01669702
v 0.12927813 0.03905062 -0.02160407
v 0.13057249 0.03710840 -0.01669759
v 0.12848670 0.03710141 -0.01476037
v 0.13420861 0.03517615 -0.01689440
v 0.13622037 0.03446986 -0.01844351
v 0.13663827 0.03362424 -0.01684720
v 0.13566261 0.03339386 -0.01519110
v 0.14598881 0.02516744 -0.01792951
v 0.14741750 0.02377571 -0.01952602
v 0.14769462 0.02279489 -0.01792312
v 0.14673673 0.02318410 -0.01619482
v 0.14159303 0.02998520 -0.01769076
v 0.14262821 0.03001201 -0.02268568
v 0.14346171 0.02809413 -0.01771644
v 0.14173625 0.02878986 -0.01566592
v 0.15285685 0.01101941 -0.01872391
v 0.15344924 0.00832510 -0.01874599
v 0.15346344 0.00931784 -0.02031980
v 0.15284112 0.00911090 -0.01699983
v 0.15181189 0.01461210 -0.01872459
v 0.15151583 0.01638009 -0.02365665
v 0.15085351 0.01717575 -0.01868753
v 0.15116246 0.01730933 -0.02418707
v 0.15068468 0.01610539 -0.01667922
v 0.15417264 0.00203138 -0.01911710
v 0.15424962 0.00061153 -0.01939770
v 0.15434439 0.00131479 -0.02457814
v 0.15370847 0.00147080 -0.01711073
v 0.15380939 0.00058860 -0.01738666
v 0.14916265 -0.00003262 -0.01069659
v 0.14794517 -0.00004322 -0.00974891
v 0.14800025 0.00330932 -0.00990335
v 0.14819235 0.00099681 -0.00995888
v 0.14646043 0.00086544 -0.00862626
v 0.14793151 0.00088373 -0.00975274
v 0.14740154 0.00772446 -0.00989840
v 0.14773796 0.00551897 -0.00987684
v 0.14594905 0.00394408 -0.00843644
v 0.14709362 0.00869673 -0.00981103
v 0.14561837 0.00699213 -0.00848118
v 0.14672150 0.01006603 -0.00980204
v 0.14595696 0.01218101 -0.00971654
v 0.14508122 0.00909748 -0.00845331
v 0.14399640 0.01626290 -0.00957408
v 0.14506626 0.01418583 -0.00964638
v 0.14387253 0.01239890 -0.00840004
v 0.09119861 0.01593374 0.01277852
v 0.14278454 0.01806633 -0.00947451
v 0.14126144 0.02016085 -0.00939023
v 0.14196524 0.01937313 -0.00946682
v 0.14190536 0.01639003 -0.00838596
v 0.09014154 0.01735498 0.01274242
v 0.08983749 0.01847360 0.01248575
v 0.14000648 0.02167491 -0.00937325
v 0.13854120 0.02332951 -0.00936847
v 0.13904596 0.01966700 -0.00807516
v 0.08948251 0.01921947 0.01234010
v 0.13794702 0.02376857 -0.00928805
v 0.13750163 0.02169149 -0.00814991
v 0.08852558 0.02028265 0.01226300
v 0.08840231 0.02092355 0.01202834
v 0.13526104 0.02612897 -0.00927504
v 0.13680141 0.02480390 -0.00927747
v 0.13609582 0.02313130 -0.00819317
v 0.00539753 -0.04479454 -0.01795102
v 0.00526362 -0.04464897 -0.01709723
v 0.05599716 -0.04892176 -0.02609371
v 0.08262838 -0.04875732 -0.02589892
v 0.08839192 -0.04859071 -0.02637828
v 0.09983981 0.04746566 -0.02531670
v 0.09994658 0.04758784 -0.02601825
v 0.08597688 0.04857021 -0.02606162
v 0.05475466 0.04881268 -0.02608294
v 0.11246898 0.04547016 -0.02514050
v 0.11348029 0.04534628 -0.02570071
v 0.15436037 0.00044158 -0.02737867
v 0.15436021 0.00049171 -0.02432535
v 0.15435227 0.00105690 -0.02793156
v 0.15434879 0.00113817 -0.02428721
v 0.14790148 0.02395623 -0.02683613
v 0.14790542 0.02399766 -0.02743969
v 0.14312343 0.03005951 -0.02635669
v 0.14416125 0.02844760 -0.02323986
v 0.14295374 0.03031982 -0.02709855
v 0.13730381 0.03516437 -0.02606729
v 0.13808147 0.03457148 -0.02609356
v 0.13736045 0.03520283 -0.02668066
v 0.12973555 0.03970569 -0.02564612
v 0.13022239 0.03955958 -0.02630488
v 0.12177305 0.04294619 -0.02529997
v 0.12313005 0.04248750 -0.02547463
v 0.12130893 0.04323965 -0.02609635
v 0.05053873 0.04865546 -0.02532992
v 0.05549185 0.04849039 -0.02440972
v 0.03239870 0.04316705 -0.00605052
v 0.03361811 0.04314037 -0.00592237
v 0.05495991 0.04809746 -0.02272857
v 0.05423283 0.04809767 -0.02273632
v 0.09506401 0.04647757 -0.01990187
v 0.09509423 0.04718473 -0.02251392
v 0.04547301 0.04308641 -0.00580561
v 0.06548250 0.04761994 -0.02077329
v 0.08352043 0.04737025 -0.02069354
v 0.04627372 0.04240519 -0.00375144
v 0.04482403 0.04257743 -0.00420844
v 0.07672190 0.04697150 -0.01876448
v 0.06518943 0.03938618 0.00084825
v 0.06256667 0.04032695 -0.00068289
v 0.09942764 0.04504034 -0.01670411
v 0.09966365 0.04520672 -0.01721936
v 0.09919105 0.04554861 -0.01806523
v 0.09930176 0.04549480 -0.01793325
v 0.09937733 0.04473923 -0.01597747
v 0.09407809 0.04614014 -0.01864108
v 0.05523044 0.04145470 -0.00211390
v 0.05751460 0.04077882 -0.00087175
v 0.08895142 0.04650221 -0.01861886
v 0.09325702 0.04543661 -0.01650122
v 0.05295739 0.04179709 -0.00268995
v 0.05392926 0.04157056 -0.00224483
v 0.05099451 0.04218744 -0.00353983
v 0.05248008 0.04193881 -0.00300114
v 0.08750413 0.04662044 -0.01876623
v 0.08148347 0.04683332 -0.01877779
v 0.08075467 0.04627481 -0.01703537
v 0.08679728 0.04599108 -0.01681548
v 0.06564497 0.04807587 -0.02265117
v 0.07753492 0.04807889 -0.02271985
v 0.08891869 0.04831108 -0.02538291
v 0.08996634 0.04763513 -0.02266206
v 0.08210967 -0.03233703 0.00663689
v 0.07860987 -0.03428444 0.00568691
v 0.11639355 -0.04010901 -0.01312257
v 0.08328320 -0.03174892 0.00678543
v 0.08342775 -0.03051400 0.00782652
v 0.12441227 -0.03772204 -0.01327008
v 0.12333059 -0.03694787 -0.01199248
v 0.08480441 -0.02959156 0.00811160
v 0.08425762 -0.02748666 0.00987561
v 0.12584115 -0.03557968 -0.01164232
v 0.08637690 -0.02606392 0.01010807
v 0.13290431 -0.03397257 -0.01361516
v 0.12934492 -0.03337239 -0.01120424
v 0.08759505 -0.02486636 0.01038290
v 0.08761510 -0.02427484 0.01071581
v 0.13288543 -0.03134350 -0.01115863
v 0.08829099 -0.02351854 0.01086512
v 0.13740215 -0.03081951 -0.01349504
v 0.13474929 -0.02994200 -0.01104042
v 0.13734253 -0.02814321 -0.01121272
v 0.09027512 -0.01806310 0.01250720
v 0.09057813 -0.01693606 0.01276449
v 0.08951661 -0.01920285 0.01239241
v 0.13792249 -0.02397174 -0.00932736
v 0.13802060 -0.02119430 -0.00814384
v 0.08884796 -0.02067265 0.01203186
v 0.08898349 -0.01996442 0.01229047
v 0.13548689 -0.02596911 -0.00925664
v 0.13709767 -0.02464792 -0.00927347
v 0.13661874 -0.02273243 -0.00817724
v 0.14441145 -0.02476116 -0.01439245
v 0.14038966 -0.02477155 -0.01093219
v 0.14024509 -0.02155663 -0.00938227
v 0.13929750 -0.02257680 -0.00936701
v 0.14118881 -0.02032372 -0.00939673
v 0.14307357 -0.02211046 -0.01121684
v 0.14037591 -0.01865709 -0.00831602
v 0.14236502 -0.01879124 -0.00944123
v 0.14735531 -0.01996972 -0.01407007
v 0.14440103 -0.02030661 -0.01126669
v 0.14303690 -0.01798839 -0.00953809
v 0.14820888 -0.01834857 -0.01409768
v 0.14402838 -0.01617929 -0.00956981
v 0.14649067 -0.01804268 -0.01196486
v 0.14293200 -0.01497494 -0.00850555
v 0.14511867 -0.01422847 -0.00964852
v 0.14639458 -0.00229499 -0.00864678
v 0.14416018 -0.01074245 -0.00819121
v 0.15150937 -0.01152821 -0.01532721
v 0.14759414 -0.01356010 -0.01124097
v 0.14597853 -0.01213098 -0.00971551
v 0.14666505 -0.01020026 -0.00975733
v 0.14571443 -0.00632420 -0.00847281
v 0.14527717 -0.00847785 -0.00844855
v 0.14692658 -0.00963925 -0.00984609
v 0.14921554 -0.00982796 -0.01167860
v 0.14726959 -0.00804448 -0.00982558
v 0.15210967 -0.00586608 -0.01448447
v 0.14774963 -0.00565778 -0.00988355
v 0.14736191 -0.00733798 -0.00980236
v 0.14968974 -0.00748642 -0.01165338
v 0.15244984 -0.00381246 -0.01473377
v 0.15035095 -0.00104101 -0.01172819
v 0.15206450 -0.00136777 -0.01379607
v 0.14809041 -0.00114838 -0.00987942
v 0.14914079 -0.00102308 -0.01069365
v 0.14800069 -0.00329041 -0.00990172
v 0.15074414 -0.00450796 -0.01239376
v 0.11252876 -0.04264578 -0.01549917
v 0.11316785 -0.04298431 -0.01651183
v 0.11485328 -0.04212224 -0.01550121
v 0.15365021 -0.00705640 -0.01877049
v 0.15318894 -0.00977175 -0.01874732
v 0.15359218 -0.00872924 -0.02028186
v 0.15118248 -0.01735051 -0.02415980
v 0.15082624 -0.01816048 -0.02407320
v 0.15029124 -0.01840523 -0.01865726
v 0.15144934 -0.01664911 -0.02365955
v 0.15149567 -0.01570813 -0.01876606
v 0.14780753 -0.02324340 -0.01932064
v 0.14690017 -0.02404497 -0.01787256
v 0.14832413 -0.02181804 -0.01787273
v 0.14227878 -0.03051273 -0.02321550
v 0.14122206 -0.03148322 -0.02312615
v 0.14259398 -0.03013468 -0.02268189
v 0.14064726 -0.03086895 -0.01766601
v 0.14390397 -0.02674401 -0.01606731
v 0.14283209 -0.02895545 -0.01788753
v 0.13755845 -0.03297824 -0.01669270
v 0.13668766 -0.03413769 -0.01803306
v 0.13535528 -0.03451800 -0.01673151
v 0.12677224 -0.03889141 -0.01663171
v 0.12948829 -0.03776926 -0.01670905
v 0.12774278 -0.03981953 -0.02147285
v 0.11966333 -0.04267892 -0.02112875
v 0.12016095 -0.04112839 -0.01633766
v 0.12168714 -0.04206685 -0.02117004
v 0.12303850 -0.04021991 -0.01637203
v 0.06893188 -0.03815029 0.00264417
v 0.06660828 -0.03918173 0.00125100
v 0.10072092 -0.04493749 -0.01653263
v 0.10082369 -0.04514180 -0.01710043
v 0.10314243 -0.04438319 -0.01594290
v 0.06615517 -0.03937864 0.00096833
v 0.10024057 -0.04488594 -0.01628411
v 0.10065846 -0.04460916 -0.01576976
v 0.07687508 -0.03501378 0.00534160
v 0.07567075 -0.03622326 0.00404813
v 0.07644025 -0.03558844 0.00473217
v 0.11224055 -0.04200164 -0.01432480
v 0.11473112 -0.04112718 -0.01386885
v 0.11284276 -0.04190844 -0.01435650
v 0.08091226 -0.03353329 0.00583882
v 0.08146396 -0.03287255 0.00634252
v 0.11853130 -0.03968753 -0.01329637
v 0.11961863 -0.03989151 -0.01393028
v 0.12275857 -0.03889992 -0.01395323
v 0.12168067 -0.03772266 -0.01216158
v 0.11846389 -0.03940290 -0.01293574
v 0.12299163 -0.03769797 -0.01262590
v 0.12136247 -0.03979049 -0.01453284
v 0.12616621 -0.03773524 -0.01415312
v 0.12940794 -0.03675046 -0.01476556
v 0.13122629 -0.03540335 -0.01424655
v 0.12623962 -0.03631396 -0.01248608
v 0.12751352 -0.03490713 -0.01167636
v 0.13023826 -0.03436857 -0.01243976
v 0.12875163 -0.03712240 -0.01483239
v 0.13707115 -0.03194225 -0.01445539
v 0.13453725 -0.03371464 -0.01448628
v 0.13351913 -0.03267385 -0.01258516
v 0.13450941 -0.03121384 -0.01184738
v 0.13590928 -0.03106490 -0.01256661
v 0.13607017 -0.03326235 -0.01526688
v 0.13965176 -0.03000787 -0.01467492
v 0.14363558 -0.02642072 -0.01521290
v 0.13851982 -0.02928806 -0.01288552
v 0.13989280 -0.02718876 -0.01209739
v 0.14219527 -0.02584662 -0.01295730
v 0.14201900 -0.02866607 -0.01575408
v 0.14623005 -0.02378768 -0.01593827
v 0.14561725 -0.02381326 -0.01498803
v 0.14758346 -0.02107474 -0.01528076
v 0.14446630 -0.02336613 -0.01318337
v 0.14486545 -0.02160177 -0.01233490
v 0.14608225 -0.02092205 -0.01311810
v 0.14709818 -0.02280622 -0.01628615
v 0.14925117 -0.01812309 -0.01553263
v 0.15106703 -0.01504827 -0.01660237
v 0.15142143 -0.01298570 -0.01599897
v 0.14848678 -0.01592981 -0.01294373
v 0.14982896 -0.01351493 -0.01352035
v 0.15077020 -0.01606500 -0.01676155
v 0.15276872 -0.00667418 -0.01585851
v 0.15236747 -0.00994310 -0.01621689
v 0.15095576 -0.01043226 -0.01388146
v 0.15061684 -0.00843382 -0.01282559
v 0.15135156 -0.00739654 -0.01354712
v 0.15297499 -0.00864746 -0.01708378
v 0.09496454 -0.04713451 -0.02182754
v 0.09494284 -0.04653231 -0.01973253
v 0.09947841 -0.04762896 -0.02545540
v 0.09936303 -0.04727569 -0.02371422
v 0.09950326 -0.04747804 -0.02467806
v 0.09534460 -0.04792524 -0.02516521
v 0.09401440 -0.04742116 -0.02263871
v 0.09041576 -0.04831568 -0.02533238
v 0.08650465 -0.04852345 -0.02539178
v 0.08900165 -0.04779071 -0.02267216
v 0.09351338 -0.04786643 -0.02432950
v 0.04602017 -0.04321247 -0.00574335
v 0.08334963 -0.04747872 -0.02069525
v 0.08287727 -0.04799051 -0.02262907
v 0.07953086 -0.04874739 -0.02541141
v 0.07195518 -0.04876857 -0.02523326
v 0.08148481 -0.04863129 -0.02511925
v 0.08339746 -0.04839964 -0.02435492
v 0.07780167 -0.04817468 -0.02271546
v 0.06440095 -0.04881151 -0.02532563
v 0.05469059 -0.04878664 -0.02539296
v 0.07010862 -0.04820150 -0.02271785
v 0.07064982 -0.04862285 -0.02450612
v 0.06543731 -0.04774290 -0.02084852
v 0.05842233 -0.04821411 -0.02271632
v 0.05053962 -0.04875685 -0.02533018
v 0.05890527 -0.04865166 -0.02460831
v 0.05424194 -0.04821715 -0.02280500
v 0.03264250 -0.04310904 -0.00531008
v 0.03397521 -0.04304384 -0.00509783
v 0.06511151 -0.04744699 -0.01981636
v 0.05339667 -0.04747723 -0.01986984
v 0.03672184 -0.04281969 -0.00437157
v 0.06785780 -0.04720201 -0.01902027
v 0.05587814 -0.04699497 -0.01825166
v 0.04754458 -0.04240706 -0.00343451
v 0.04590083 -0.04264672 -0.00400483
v 0.07707545 -0.04706510 -0.01876320
v 0.05387097 -0.04173249 -0.00226973
v 0.05294817 -0.04196733 -0.00274318
v 0.05184542 -0.04221264 -0.00326923
v 0.08742126 -0.04671675 -0.01873715
v 0.08142030 -0.04693971 -0.01879094
v 0.08116066 -0.04637558 -0.01705749
v 0.06115498 -0.03992158 0.00068942
v 0.05616046 -0.04155981 -0.00213363
v 0.05862244 -0.04082404 -0.00078167
v 0.09524014 -0.04540334 -0.01654898
v 0.09524291 -0.04562891 -0.01714259
v 0.09523303 -0.04577942 -0.01755914
v 0.09521971 -0.04590991 -0.01793487
v 0.09522215 -0.04518542 -0.01603480
v 0.08988964 -0.04656620 -0.01866242
v 0.08782241 -0.04601823 -0.01676823
v 0.03868137 0.04261888 -0.00421261
v 0.05873863 0.04702405 -0.01874134
v 0.07048808 0.04702148 -0.01879124
v 0.09363275 0.00439290 0.01376932
v 0.09406075 0.00086579 0.01374727
v 0.09398391 0.00287218 0.01369289
v 0.14539026 0.00176705 -0.00796543
v 0.14470968 0.00377877 -0.00770169
v 0.14366147 0.00326002 -0.00717105
v 0.09339068 0.00819349 0.01348103
v 0.09363882 0.00598039 0.01366580
v 0.14439798 0.00659747 -0.00772336
v 0.14465072 0.00771988 -0.00798109
v 0.14371563 0.00893052 -0.00765289
v 0.14333940 0.00587614 -0.00717188
v 0.14393518 0.00442965 -0.00736346
v 0.09253066 0.01110493 0.01341809
v 0.14282888 0.01167702 -0.00767346
v 0.14240105 0.01386878 -0.00789996
v 0.14585135 -0.00010973 -0.00821364
v 0.14569680 0.00088437 -0.00812912
v 0.14487742 0.00072817 -0.00765384
v 0.09402363 -0.00006432 0.01377201
v 0.14401465 0.00067371 -0.00723345
v 0.14433791 -0.00003408 -0.00737989
v 0.09173102 0.01295064 0.01333473
v 0.09129483 0.01507326 0.01299827
v 0.14153529 0.01567067 -0.00796121
v 0.14034214 0.01742415 -0.00788170
v 0.14090306 0.01507168 -0.00750080
v 0.09301394 0.00879476 0.01355476
v 0.14267429 0.00948402 -0.00726960
v 0.14274290 0.00843773 -0.00715114
v 0.14191858 0.01084371 -0.00714708
v 0.00517500 -0.04451746 -0.01640725
v 0.00506213 -0.04437724 -0.01569122
v 0.01624724 -0.04339538 -0.00778778
v 0.01199515 -0.04341175 -0.00889511
v 0.00641029 -0.04392141 -0.01288989
v 0.01116073 -0.04378436 -0.01089004
v 0.04584881 -0.04873820 -0.02537967
v 0.04986967 -0.04818208 -0.02274743
v 0.05040980 -0.04860633 -0.02457944
v 0.09406221 -0.00085024 0.01374923
v 0.14585714 -0.00087463 -0.00823585
v 0.14507378 -0.00288746 -0.00783433
v 0.14501964 -0.00070818 -0.00772906
v 0.14401528 -0.00061331 -0.00723170
v 0.09363818 -0.00610134 0.01366816
v 0.09338971 -0.00833180 0.01348145
v 0.14307626 -0.01003784 -0.00751897
v 0.14446884 -0.00592147 -0.00770205
v 0.14411990 -0.00835286 -0.00776153
v 0.14463945 -0.00772967 -0.00796384
v 0.09253493 -0.01122614 0.01342069
v 0.14185807 -0.01515850 -0.00794815
v 0.14266780 -0.01307296 -0.00783202
v 0.14240301 -0.01037040 -0.00727054
v 0.09127657 -0.01532404 0.01297610
v 0.09173094 -0.01306151 0.01334244
v 0.09166052 -0.01441239 0.01305494
v 0.13951871 -0.01855819 -0.00785941
v 0.14071599 -0.01684842 -0.00785183
v 0.14078989 -0.01508756 -0.00743273
v 0.09367808 -0.00418852 0.01376913
v 0.09375394 -0.00230051 0.01382113
v 0.14396843 -0.00426477 -0.00735863
v 0.14368745 -0.00282204 -0.00715799
v 0.14335462 -0.00561897 -0.00715729
v 0.01597966 -0.04301715 -0.00620506
v 0.01967308 -0.04313480 -0.00625177
v 0.04942112 -0.04779950 -0.02118534
v 0.04539802 -0.04820054 -0.02300432
v 0.02649073 -0.04321685 -0.00598338
v 0.02839625 -0.04324249 -0.00593607
v 0.01949461 -0.04297631 -0.00567529
v 0.04920319 -0.04759230 -0.02043045
v 0.04887592 -0.04735987 -0.01962362
v 0.04488115 -0.04763756 -0.02077465
v 0.00556125 0.04439270 -0.01632378
v 0.00523511 0.04467689 -0.01807971
v 0.04519661 0.04874374 -0.02615636
v 0.06314162 0.04879118 -0.02578359
v 0.05471172 0.04874437 -0.02570136
v 0.05966155 0.04855731 -0.02466603
v 0.05893823 0.04860651 -0.02489754
v 0.05843713 0.04815458 -0.02294976
v 0.07035473 0.04857694 -0.02476796
v 0.08598067 0.04849663 -0.02565390
v 0.08422739 0.04859294 -0.02579041
v 0.08686516 0.04782265 -0.02290721
v 0.08087185 0.04803040 -0.02290944
v 0.08097719 0.04849049 -0.02483093
v 0.08716685 0.04825771 -0.02473967
v 0.00593158 0.04429142 -0.01565352
v 0.00640987 0.04376296 -0.01284461
v 0.01624992 0.04323806 -0.00775071
v 0.01198458 0.04325902 -0.00888133
v 0.01114887 0.04363192 -0.01087781
v 0.04586222 0.04863649 -0.02537512
v 0.05040905 0.04850343 -0.02457229
v 0.04983912 0.04805892 -0.02266408
v 0.04505459 0.04860565 -0.02544823
v 0.09640901 0.04762611 -0.02467948
v 0.09595010 0.04789609 -0.02581090
v 0.09127747 0.04759178 -0.02288168
v 0.09138960 0.04806692 -0.02483767
v 0.01583986 0.04278069 -0.00588493
v 0.01867036 0.04286775 -0.00588440
v 0.04926107 0.04758768 -0.02077922
v 0.04526308 0.04800427 -0.02265074
v 0.02725567 0.04308498 -0.00597716
v 0.02788895 0.04307883 -0.00590881
v 0.01862797 0.04278526 -0.00558464
v 0.04917377 0.04746273 -0.02032868
v 0.04474853 0.04743849 -0.02041606
v -0.06208064 0.01920115 -0.04681484
v -0.06016047 0.02135025 -0.04684911
v -0.05736577 0.02428687 -0.04681533
v -0.05531766 0.02609301 -0.04679266
v -0.05396149 0.02717217 -0.04675754
v -0.05133383 0.02860827 -0.04679733
v -0.04881660 0.03002175 -0.04676482
v -0.04602109 0.03095881 -0.04679292
v -0.03889639 0.03265234 -0.04672798
v -0.04206558 0.03202821 -0.04677549
v -0.04078199 -0.03211060 -0.04682879
v -0.04482617 -0.03162983 -0.04674286
v -0.04750703 -0.03052355 -0.04679410
v -0.05091322 -0.02902843 -0.04677499
v -0.05357289 -0.02736976 -0.04679922
v -0.05661662 -0.02476654 -0.04686757
v -0.05911183 -0.02288034 -0.04679970
v -0.05012748 -0.01956188 -0.04740601
v -0.05289982 -0.01914304 -0.04740614
v -0.05365598 -0.01893079 -0.04740616
v -0.05527718 -0.01830012 -0.04740625
v -0.05662189 -0.01757975 -0.04740631
v -0.05768635 -0.01688236 -0.04740636
v -0.05947085 -0.01540001 -0.04740643
v -0.05979989 -0.01509106 -0.04740641
v -0.06705384 -0.00962134 -0.04676675
v -0.06367999 -0.00777275 -0.04740581
v -0.06796401 -0.00688603 -0.04673477
v -0.06381422 -0.00645261 -0.04740651
v -0.06836574 -0.00460349 -0.04674631
v -0.06783880 0.00734677 -0.04672286
v -0.05013679 0.01945973 -0.04740609
v -0.06121674 0.01329644 -0.04740638
v -0.06074704 0.01389696 -0.04740648
v -0.05955205 0.01522529 -0.04740648
v -0.05818544 0.01641190 -0.04740645
v -0.05768539 0.01677973 -0.04740642
v -0.05690973 0.01730022 -0.04740640
v -0.05539033 0.01814555 -0.04740633
v -0.05465792 0.01846888 -0.04740629
v -0.05297540 0.01902271 -0.04740622
v -0.05117588 0.01936073 -0.04740613
v -0.06280723 -0.00005067 -0.04740913
v -0.06373262 0.00763894 -0.04740521
v -0.06691907 0.01012244 -0.04675399
v -0.06114541 -0.01977061 -0.04691778
v -0.06171766 -0.01296490 -0.04740389
v -0.06623663 -0.01233375 -0.04672588
v -0.06459924 -0.01519500 -0.04679553
v -0.06385808 -0.00513215 -0.04740663
v -0.06871151 -0.00158124 -0.04674037
v -0.06385992 0.00503197 -0.04740663
v -0.06832401 0.00481922 -0.04674795
v -0.06377958 0.00667433 -0.04740649
v -0.06865579 0.00185397 -0.04674480
v -0.06555565 0.01331786 -0.04677957
v -0.06302962 0.01790038 -0.04680172
v -0.06163001 0.01276714 -0.04740593
v -0.06404570 0.01618680 -0.04680560
v -0.00662119 -0.02342325 -0.04740397
v -0.00484392 0.02334977 -0.04740398
v 0.05265431 -0.03674899 -0.04739842
v 0.05443040 0.03672899 -0.04739810
v -0.00220799 -0.02348736 -0.04740376
v 0.05396322 -0.03672232 -0.04739855
v 0.05701285 -0.04084146 -0.04667561
v 0.00434624 0.03661122 -0.04672161
v -0.00794899 0.02330473 -0.04740412
v 0.04999835 0.03666287 -0.04739832
v 0.05126594 0.04072047 -0.04665366
v 0.00434919 -0.03678822 -0.04669425
v -0.00794849 -0.02340520 -0.04740402
v 0.04822260 -0.03665749 -0.04739876
v 0.05126803 -0.04074661 -0.04668017
v 0.03867709 0.00999728 -0.04740191
v 0.14402014 0.01112489 -0.04668528
v 0.00302534 -0.02353504 -0.04740351
v 0.06361004 -0.03681154 -0.04739813
v 0.03910560 -0.00229473 -0.04740188
v 0.03910553 0.00786677 -0.04740189
v 0.14057566 0.00775329 -0.04739466
v 0.14503577 0.00598855 -0.04669194
v 0.06247601 -0.04089641 -0.04667762
v 0.06773473 -0.04096253 -0.04667079
v 0.05988245 0.03666839 -0.04739850
v 0.06116379 0.04076704 -0.04668250
v 0.00455945 0.02343450 -0.04740355
v 0.06250839 0.03667172 -0.04739838
v 0.06927921 0.04086147 -0.04667165
v 0.07377272 0.04085373 -0.04667090
v 0.13082002 0.02966650 -0.04666584
v 0.13127843 0.02934260 -0.04666523
v 0.03331083 0.01785646 -0.04740219
v 0.12901568 0.02590709 -0.04739523
v 0.13174339 0.02902631 -0.04665884
v 0.14090735 0.00628494 -0.04739463
v 0.14488189 0.00747078 -0.04666677
v 0.14497961 0.00635603 -0.04669397
v 0.14089757 0.00645274 -0.04739461
v 0.14492457 0.00691149 -0.04668372
v 0.14541603 0.00031637 -0.04669251
v 0.14513763 -0.00556056 -0.04667908
v 0.14511808 -0.00609132 -0.04666197
v 0.14100679 -0.00578671 -0.04739459
v 0.14510494 -0.00662435 -0.04663965
v 0.14391421 0.01168434 -0.04666628
v 0.13206564 0.02882861 -0.04664594
v 0.03370796 0.01754968 -0.04740217
v 0.12982671 0.02531482 -0.04739518
v 0.13251021 0.02848143 -0.04664709
v 0.13292929 0.02809909 -0.04666200
v 0.14108097 0.00512660 -0.04739461
v 0.14511150 0.00543859 -0.04668922
v 0.14522499 0.00470666 -0.04667750
v 0.03922916 -0.00345896 -0.04740188
v 0.14112789 0.00445855 -0.04739462
v 0.14131367 0.00162299 -0.04739461
v 0.14119265 0.00396084 -0.04739462
v 0.14527941 0.00397050 -0.04668256
v 0.14530702 0.00323471 -0.04669276
v 0.14543304 0.00104384 -0.04668258
v 0.14137524 0.00062088 -0.04739459
v 0.14131339 0.00229249 -0.04739460
v 0.14536116 0.00213746 -0.04669404
v 0.01162310 0.02328170 -0.04740321
v 0.07897540 0.03660447 -0.04739761
v 0.08091576 0.04069615 -0.04667194
v 0.01684690 0.02293942 -0.04740297
v 0.09153080 0.04020336 -0.04667301
v 0.01814936 0.02281426 -0.04740291
v 0.09818102 0.03972944 -0.04667162
v 0.03753263 0.01295582 -0.04740198
v 0.13900243 0.01284225 -0.04739475
v 0.14149280 0.01790762 -0.04663622
v 0.14168561 0.01735789 -0.04666550
v 0.13808945 0.01535537 -0.04739479
v 0.14190328 0.01682436 -0.04668091
v 0.14031844 0.00923682 -0.04739466
v 0.14038159 0.00890799 -0.04739467
v 0.14080882 0.00677716 -0.04739464
v 0.14070834 0.00743871 -0.04739464
v 0.14453082 0.00911933 -0.04667819
v 0.14483365 0.00803244 -0.04664766
v 0.14470750 0.00858101 -0.04665552
v 0.13693481 0.02432073 -0.04666049
v 0.03575632 0.01558307 -0.04740207
v 0.13735596 0.02392562 -0.04664109
v 0.14337830 0.01330521 -0.04667303
v 0.13992751 0.01069108 -0.04739468
v 0.13996195 0.01052684 -0.04739469
v 0.14382580 0.01225125 -0.04663760
v 0.13962154 0.01164719 -0.04739470
v 0.14361290 0.01278247 -0.04665237
v 0.03928838 -0.00549649 -0.04740187
v 0.14540692 -0.00044697 -0.04669560
v 0.14121452 -0.00304676 -0.04739460
v 0.14130999 0.00125673 -0.04739460
v 0.14543229 -0.00124420 -0.04668192
v 0.14134660 -0.00162330 -0.04739459
v 0.14537175 -0.00216202 -0.04669230
v 0.03021025 -0.01983164 -0.04740225
v 0.12570378 -0.03281210 -0.04666367
v 0.00825898 -0.02349034 -0.04740326
v 0.07411187 -0.04091862 -0.04667193
v 0.13060872 0.02468470 -0.04739515
v 0.13335644 0.02772836 -0.04666750
v 0.03422244 0.01712189 -0.04740214
v 0.13072655 0.02456473 -0.04739516
v 0.13379454 0.02736887 -0.04666501
v 0.13424798 0.02702298 -0.04665071
v 0.14530084 -0.00320301 -0.04669753
v 0.14516847 -0.00503415 -0.04668940
v 0.14112331 -0.00484036 -0.04739458
v 0.14126963 -0.00257338 -0.04739459
v 0.14124130 -0.00341559 -0.04739458
v 0.14521757 -0.00424657 -0.04669858
v 0.11581545 -0.03664507 -0.04665469
v 0.02334671 -0.02211017 -0.04740257
v 0.11182755 -0.03769576 -0.04666447
v 0.02731847 -0.02102021 -0.04740238
v 0.11854648 -0.03581583 -0.04666006
v 0.11486234 -0.03259171 -0.04739574
v 0.11345773 -0.03291731 -0.04739581
v 0.01947940 -0.02276131 -0.04740274
v 0.10561869 -0.03465857 -0.04739618
v 0.01814985 -0.02291412 -0.04740280
v 0.10089038 -0.03954432 -0.04667035
v 0.13736375 0.01667414 -0.04739483
v 0.13747398 0.01654415 -0.04739481
v 0.13754148 0.01639034 -0.04739482
v 0.14052585 0.01934826 -0.04668566
v 0.14118596 0.01839779 -0.04664960
v 0.14085828 0.01887499 -0.04666911
v 0.14410571 0.01075691 -0.04669005
v 0.14028583 0.00940105 -0.04739466
v 0.14438237 0.00966314 -0.04668808
v 0.14423281 0.01020680 -0.04669434
v 0.14096370 -0.00602123 -0.04739459
v 0.14495579 -0.00713871 -0.04666547
v 0.03898880 -0.00870446 -0.04740188
v 0.14091835 -0.00625529 -0.04739460
v 0.14106977 -0.00398875 -0.04739461
v 0.14482299 -0.00765512 -0.04668236
v 0.14470195 -0.00817433 -0.04669214
v 0.13111479 -0.02956545 -0.04666290
v 0.13067883 -0.02987204 -0.04666254
v 0.03247491 -0.01854414 -0.04740215
v 0.12813391 -0.03128710 -0.04670986
v 0.12547796 -0.02816372 -0.04739527
v 0.12814439 -0.02661950 -0.04739514
v 0.13024552 -0.03017985 -0.04665863
v 0.10871816 -0.03834940 -0.04666762
v 0.10467986 -0.03902910 -0.04666805
v 0.02876679 -0.02047658 -0.04740232
v 0.12345881 -0.03387709 -0.04665765
v 0.12032882 -0.03515045 -0.04666214
v 0.01317987 -0.02330384 -0.04740303
v 0.08438682 -0.04068381 -0.04667190
v 0.09444296 -0.04009631 -0.04667222
v 0.02135509 0.02238730 -0.04740275
v 0.10283953 0.03916354 -0.04667028
v 0.02284748 0.02211402 -0.04740268
v 0.10773836 0.03845022 -0.04666343
v 0.02547097 0.02149164 -0.04740255
v 0.11204148 0.03741679 -0.04669819
v 0.13775708 0.02350926 -0.04662739
v 0.13464206 0.02068237 -0.04739495
v 0.13807205 0.02302289 -0.04665239
v 0.13837869 0.02253048 -0.04667586
v 0.13962525 0.01147227 -0.04739471
v 0.13928263 0.01259196 -0.04739472
v 0.13943781 0.01211457 -0.04739471
v 0.14273718 0.01489501 -0.04668731
v 0.14314414 0.01382762 -0.04668882
v 0.14293881 0.01435963 -0.04669117
v 0.02736893 0.02090322 -0.04740247
v 0.11683658 0.03616756 -0.04668546
v 0.12118346 0.03454529 -0.04671137
v 0.02985504 0.01990171 -0.04740236
v 0.12001732 0.03069533 -0.04739568
v 0.12396597 0.03368136 -0.04662261
v 0.03171289 0.01892230 -0.04740226
v 0.12781653 0.02666788 -0.04739531
v 0.12622552 0.03225097 -0.04670900
v 0.13004753 0.03018889 -0.04666455
v 0.12791001 0.02666105 -0.04739529
v 0.12831442 0.02636378 -0.04739528
v 0.12890616 0.03098928 -0.04664296
v 0.03459606 0.01678687 -0.04740212
v 0.13314496 0.02225891 -0.04739505
v 0.13161994 0.02380753 -0.04739511
v 0.13466907 0.02664001 -0.04665212
v 0.13506147 0.02622329 -0.04666532
v 0.13236471 0.02313371 -0.04739505
v 0.13546676 0.02582288 -0.04666843
v 0.13363696 0.02180386 -0.04739502
v 0.13374394 0.02167510 -0.04739502
v 0.13258665 0.02288204 -0.04739507
v 0.13586502 0.02541286 -0.04667132
v 0.13652899 0.02472708 -0.04667015
v 0.13375964 0.02168942 -0.04739500
v 0.13625708 0.02499542 -0.04667519
v 0.13493253 0.02027183 -0.04739496
v 0.13525519 0.01988734 -0.04739494
v 0.13871872 0.02206582 -0.04668069
v 0.13906655 0.02160632 -0.04667725
v 0.13942339 0.02115238 -0.04666724
v 0.03676696 0.01425129 -0.04740202
v 0.13709230 0.01709624 -0.04739485
v 0.13531632 0.01972370 -0.04739494
v 0.13662394 0.01798619 -0.04739483
v 0.13594959 0.01894456 -0.04739490
v 0.13617617 0.01869449 -0.04739479
v 0.13963121 0.02082992 -0.04667120
v 0.14025157 0.01985705 -0.04667483
v 0.13994559 0.02034443 -0.04667291
v 0.14460319 -0.00869799 -0.04669111
v 0.03884766 -0.00940516 -0.04740188
v 0.14063381 -0.00789837 -0.04739462
v 0.14060697 -0.00813608 -0.04739459
v 0.14450458 -0.00922190 -0.04668734
v 0.14438568 -0.00974409 -0.04668809
v 0.13929702 0.01224151 -0.04739473
v 0.13815375 0.01520059 -0.04739479
v 0.14204794 0.01646892 -0.04668879
v 0.13877503 0.01382992 -0.04739475
v 0.14252685 0.01542673 -0.04668432
v 0.13892723 0.01353095 -0.04739473
v 0.14227811 0.01594345 -0.04669153
v 0.03400398 -0.01740753 -0.04740208
v 0.13330864 -0.02802269 -0.04662274
v 0.03363398 -0.01770785 -0.04740210
v 0.12949685 -0.02564317 -0.04739508
v 0.12929831 -0.02577537 -0.04739510
v 0.12890144 -0.02603953 -0.04739512
v 0.13045141 -0.02492874 -0.04739500
v 0.13285854 -0.02832080 -0.04664230
v 0.13154691 -0.02925230 -0.04666335
v 0.13217931 -0.02875939 -0.04666823
v 0.14040251 -0.00906776 -0.04739459
v 0.14426335 -0.01026458 -0.04668741
v 0.14032246 -0.00929355 -0.04739462
v 0.14413463 -0.01078535 -0.04668612
v 0.14025667 -0.00952261 -0.04739462
v 0.14403655 -0.01131553 -0.04667036
v 0.13117601 -0.02430822 -0.04739499
v 0.13445797 -0.02687449 -0.04666680
v 0.13370232 -0.02765130 -0.04663486
v 0.13407761 -0.02726060 -0.04665370
v 0.14396633 -0.01185700 -0.04664032
v 0.13990435 -0.01090865 -0.04739460
v 0.14376726 -0.01236079 -0.04665678
v 0.03840019 -0.01101110 -0.04740190
v 0.14004138 -0.01020428 -0.04739464
v 0.13981404 -0.01113013 -0.04739464
v 0.14354591 -0.01285737 -0.04667852
v 0.13563070 -0.02575146 -0.04667001
v 0.03471596 -0.01677413 -0.04740205
v 0.13151505 -0.02397216 -0.04739500
v 0.13485057 -0.02650320 -0.04666975
v 0.13188403 -0.02366990 -0.04739496
v 0.13257600 -0.02301378 -0.04739493
v 0.13524643 -0.02613287 -0.04666853
v 0.14334661 -0.01336179 -0.04668848
v 0.13944926 -0.01226482 -0.04739464
v 0.14315953 -0.01386953 -0.04669077
v 0.13935754 -0.01248497 -0.04739465
v 0.14298415 -0.01438213 -0.04668540
v 0.03538653 -0.01609708 -0.04740202
v 0.13323875 -0.02232867 -0.04739492
v 0.13289580 -0.02265963 -0.04739493
v 0.13678709 -0.02459906 -0.04665636
v 0.13601858 -0.02537089 -0.04666718
v 0.13642484 -0.02500705 -0.04665197
v 0.14282821 -0.01490479 -0.04666892
v 0.03797450 -0.01212349 -0.04740191
v 0.13916890 -0.01292295 -0.04739467
v 0.13894503 -0.01360300 -0.04739465
v 0.14259179 -0.01539476 -0.04668072
v 0.14235027 -0.01588370 -0.04669103
v 0.13435711 -0.02109144 -0.04739486
v 0.13782042 -0.02332874 -0.04667527
v 0.13712242 -0.02416673 -0.04667068
v 0.13451772 -0.02091527 -0.04739485
v 0.13746711 -0.02374418 -0.04667666
v 0.13854901 -0.01447075 -0.04739469
v 0.14213898 -0.01638552 -0.04668624
v 0.14191096 -0.01688079 -0.04668460
v 0.13814425 -0.01533350 -0.04739470
v 0.14165895 -0.01736488 -0.04668915
v 0.03644645 -0.01481050 -0.04740198
v 0.13462555 -0.02069528 -0.04739486
v 0.13721349 -0.01672167 -0.04739475
v 0.13889750 -0.02208762 -0.04664447
v 0.13450215 -0.02090220 -0.04739486
v 0.13433868 -0.02107579 -0.04739487
v 0.13818277 -0.02291937 -0.04666657
v 0.13541076 -0.01979844 -0.04739481
v 0.13857050 -0.02252680 -0.04664314
v 0.13822698 -0.01510889 -0.04739470
v 0.13803252 -0.01554398 -0.04739470
v 0.14141960 -0.01785497 -0.04668533
v 0.14119361 -0.01835387 -0.04667236
v 0.14098144 -0.01886247 -0.04664962
v 0.13787297 -0.01572984 -0.04739472
v 0.13634520 -0.01841709 -0.04739478
v 0.13735923 -0.01680453 -0.04739473
v 0.13724846 -0.01701561 -0.04739473
v 0.14068002 -0.01932130 -0.04666094
v 0.14036659 -0.01977245 -0.04667388
v 0.13609376 -0.01882194 -0.04739479
v 0.13676207 -0.01783569 -0.04739475
v 0.14006009 -0.02022583 -0.04668073
v 0.13597134 -0.01902701 -0.04739479
v 0.13975359 -0.02067956 -0.04668407
v 0.13917252 -0.02160854 -0.04666644
v 0.13946109 -0.02114294 -0.04667782
v 0.00512073 -0.04488595 -0.01872449
v 0.00544165 -0.04487664 -0.01847638
v 0.05607323 -0.04902021 -0.02669189
v 0.04600917 -0.04897548 -0.02669902
v 0.09971129 -0.04779057 -0.02647514
v 0.09872285 -0.04778463 -0.02591086
v 0.10106309 -0.04767487 -0.02664199
v 0.10044612 -0.04772369 -0.02652231
v 0.09974217 -0.04788297 -0.02703146
v 0.09283216 -0.04839618 -0.02660242
v 0.08897550 -0.04863539 -0.02689461
v 0.09600544 -0.04800695 -0.02586871
v 0.09626510 -0.04820317 -0.02711295
v 0.07619292 -0.04900813 -0.02668782
v 0.06866270 -0.04902464 -0.02646018
v 0.07496567 -0.04887623 -0.02582265
v 0.05902982 -0.04912863 -0.02734969
v 0.08174659 -0.04891593 -0.02664793
v 0.08378284 -0.04886188 -0.02668925
v 0.08816611 -0.04873669 -0.02734099
v 0.11941920 -0.04404683 -0.02671199
v 0.11810281 -0.04446936 -0.02700271
v 0.12152599 -0.04339413 -0.02688977
v 0.12022576 -0.04378376 -0.02667019
v 0.12124897 -0.04335564 -0.02610115
v 0.12024329 -0.04387818 -0.02728975
v 0.11181271 -0.04597633 -0.02671220
v 0.11533225 -0.04518689 -0.02683619
v 0.11316394 -0.04555617 -0.02593572
v 0.10823693 -0.04665099 -0.02656850
v 0.10903985 -0.04653954 -0.02679285
v 0.10714220 -0.04683697 -0.02658713
v 0.10654080 -0.04697311 -0.02687175
v 0.12551659 -0.04191604 -0.02695890
v 0.12674879 -0.04139724 -0.02697986
v 0.12383185 -0.04257020 -0.02712236
v 0.12619063 -0.04152838 -0.02628782
v 0.15434440 -0.00147747 -0.02806135
v 0.15412316 -0.00514981 -0.02499198
v 0.15414764 -0.00486490 -0.02498706
v 0.15416196 -0.00482252 -0.02900524
v 0.15416942 -0.00458174 -0.02497754
v 0.15419962 -0.00436026 -0.02900093
v 0.15418862 -0.00429976 -0.02496348
v 0.15423305 -0.00390007 -0.02900087
v 0.15431376 -0.00191348 -0.02493701
v 0.15420512 -0.00402140 -0.02494552
v 0.15426245 -0.00343993 -0.02899089
v 0.15432553 -0.00168341 -0.02495098
v 0.15428774 -0.00298304 -0.02898319
v 0.15433750 -0.00140725 -0.02497506
v 0.15433563 -0.00173608 -0.02803289
v 0.15432693 -0.00207154 -0.02902029
v 0.15430926 -0.00252658 -0.02900124
v 0.15390250 -0.00715024 -0.02859618
v 0.15402652 -0.00606643 -0.02497152
v 0.15406586 -0.00572438 -0.02498728
v 0.15402285 -0.00621716 -0.02900973
v 0.15409592 -0.00543642 -0.02499210
v 0.15412003 -0.00528596 -0.02900728
v 0.15407364 -0.00575133 -0.02900796
v 0.15378530 -0.00799590 -0.02858458
v 0.15361295 -0.00898565 -0.02799774
v 0.15366721 -0.00858139 -0.02494111
v 0.15386897 -0.00738774 -0.02906282
v 0.15324596 -0.01092731 -0.02850350
v 0.15313937 -0.01139809 -0.02851574
v 0.15342499 -0.00998760 -0.02799546
v 0.15343254 -0.00983895 -0.02492734
v 0.15349418 -0.00964764 -0.02896109
v 0.15189014 -0.01579070 -0.02840449
v 0.15157443 -0.01666639 -0.02842614
v 0.15214621 -0.01500078 -0.02849578
v 0.15166099 -0.01639918 -0.02782799
v 0.15075600 -0.01871841 -0.02831566
v 0.15042166 -0.01948125 -0.02830000
v 0.14849923 -0.02317434 -0.02822447
v 0.14797443 -0.02399532 -0.02756478
v 0.14614549 -0.02670814 -0.02790789
v 0.14706102 -0.02535616 -0.02739899
v 0.13969255 -0.03354919 -0.02752194
v 0.14183874 -0.03158754 -0.02752972
v 0.14066770 -0.03267281 -0.02745701
v 0.14044595 -0.03294417 -0.02813994
v 0.14327265 -0.03015217 -0.02777785
v 0.14274595 -0.03070667 -0.02778979
v 0.14422823 -0.02905481 -0.02777446
v 0.14547249 -0.02757749 -0.02779406
v 0.14427032 -0.02892770 -0.02708434
v 0.14556702 -0.02694646 -0.02395545
v 0.14579889 -0.02720978 -0.02846729
v 0.14419851 -0.02914341 -0.02833676
v 0.13109186 -0.03932684 -0.02715620
v 0.13019026 -0.03969562 -0.02648018
v 0.13327434 -0.03804750 -0.02728977
v 0.13580730 -0.03649622 -0.02736391
v 0.13513930 -0.03685281 -0.02671405
v 0.13316105 -0.03817755 -0.02780039
v 0.13897895 -0.03410691 -0.02730896
v 0.13702877 -0.03562429 -0.02747370
v 0.13778576 -0.03499119 -0.02681230
v 0.13887873 -0.03427913 -0.02802791
v 0.13689510 -0.03577194 -0.02792005
v 0.12798113 -0.04084862 -0.02698759
v 0.12913861 -0.04021032 -0.02640412
v 0.12726201 -0.04125121 -0.02759742
v 0.12966725 -0.04011209 -0.02755680
v 0.13846121 0.03437703 -0.02684813
v 0.13876540 0.03422282 -0.02760198
v 0.13768512 0.03504937 -0.02741143
v 0.13774995 0.03495626 -0.02707018
v 0.13678267 0.03562290 -0.02669717
v 0.13703652 0.03553240 -0.02740616
v 0.13582054 0.03637698 -0.02733469
v 0.13692339 0.03556835 -0.02703934
v 0.13735688 0.03536032 -0.02798246
v 0.13382606 0.03756154 -0.02651081
v 0.13433018 0.03735935 -0.02734274
v 0.13202177 0.03870118 -0.02718931
v 0.12899685 0.04016368 -0.02630211
v 0.12968306 0.03995443 -0.02719347
v 0.12797049 0.04073997 -0.02689220
v 0.12918494 0.04013735 -0.02670963
v 0.12667165 0.04132246 -0.02689227
v 0.12719260 0.04109779 -0.02691082
v 0.12776861 0.04092393 -0.02751681
v 0.12481268 0.04198321 -0.02624565
v 0.12587582 0.04164815 -0.02682335
v 0.12349335 0.04253891 -0.02667972
v 0.12616976 0.04163457 -0.02757875
v 0.13986864 0.03318671 -0.02673864
v 0.14094834 0.03172534 -0.02363658
v 0.14140459 0.03177953 -0.02669847
v 0.13981146 0.03334585 -0.02755309
v 0.13926971 0.03385751 -0.02818601
v 0.14190974 0.03133928 -0.02688575
v 0.14204167 0.03130802 -0.02771249
v 0.14089472 0.03243091 -0.02793444
v 0.14459280 0.02804364 -0.02398468
v 0.14507825 0.02786821 -0.02711468
v 0.14505243 0.02798874 -0.02791268
v 0.14329895 0.03002325 -0.02790435
v 0.14366282 0.02958495 -0.02742359
v 0.14677186 0.02569184 -0.02743135
v 0.14746814 0.02467410 -0.02744121
v 0.14762951 0.02448369 -0.02817707
v 0.14658785 0.02599911 -0.02804724
v 0.14757577 0.02454050 -0.02781014
v 0.14823289 0.02346534 -0.02750572
v 0.14876368 0.02255828 -0.02749743
v 0.14811854 0.02370734 -0.02818240
v 0.14876164 0.02262313 -0.02822365
v 0.14817455 0.02358923 -0.02782176
v 0.14783789 0.02418017 -0.02864436
v 0.14961048 0.02100727 -0.02766658
v 0.14943952 0.02137428 -0.02835059
v 0.15005230 0.02016724 -0.02823467
v 0.15060418 0.01897508 -0.02833979
v 0.15029817 0.01965061 -0.02829334
v 0.15045633 0.01930662 -0.02829350
v 0.15018410 0.01991893 -0.02874046
v 0.15172942 0.01612430 -0.02785460
v 0.15163496 0.01640893 -0.02844873
v 0.15212327 0.01498208 -0.02857748
v 0.15189768 0.01566951 -0.02839376
v 0.15201978 0.01530600 -0.02847910
v 0.15316369 0.01118793 -0.02797589
v 0.15324472 0.01083375 -0.02851531
v 0.15342430 0.00980047 -0.02490271
v 0.15346587 0.00974190 -0.02800273
v 0.15331302 0.01051323 -0.02850555
v 0.15328107 0.01068070 -0.02896593
v 0.15385595 0.00734299 -0.02802199
v 0.15374306 0.00803552 -0.02495804
v 0.15363122 0.00884413 -0.02802422
v 0.15352841 0.00941077 -0.02904503
v 0.15408269 0.00554358 -0.02803516
v 0.15420691 0.00395333 -0.02496998
v 0.15408184 0.00555251 -0.02862715
v 0.10128996 0.04739050 -0.02577735
v 0.10365022 0.04711339 -0.02589548
v 0.10120508 0.04752076 -0.02641377
v 0.10460685 0.04709729 -0.02659748
v 0.10045704 0.04761769 -0.02648842
v 0.09981825 0.04770853 -0.02663811
v 0.09638817 0.04797253 -0.02653217
v 0.10116613 0.04766636 -0.02724962
v 0.11000551 0.04608099 -0.02588741
v 0.10748896 0.04666832 -0.02650346
v 0.11019402 0.04611934 -0.02630363
v 0.10479153 0.04719152 -0.02735919
v 0.11404269 0.04538852 -0.02666993
v 0.11298363 0.04556989 -0.02632499
v 0.11062458 0.04617147 -0.02715697
v 0.11893927 0.04398036 -0.02608425
v 0.12016404 0.04372569 -0.02678809
v 0.11679886 0.04466989 -0.02676403
v 0.11651066 0.04484883 -0.02745992
v 0.08183732 0.04878510 -0.02651283
v 0.07854191 0.04875069 -0.02588993
v 0.08179347 0.04871862 -0.02613135
v 0.06589356 0.04892309 -0.02647627
v 0.05746475 0.04890291 -0.02654402
v 0.07314936 0.04878090 -0.02581205
v 0.06588985 0.04884574 -0.02604600
v 0.07400913 0.04899631 -0.02709998
v 0.08902337 0.04851895 -0.02657304
v 0.09028161 0.04833031 -0.02589878
v 0.09150991 0.04833782 -0.02635390
v 0.08631298 0.04864846 -0.02658390
v 0.08455206 0.04870792 -0.02651215
v 0.08214558 0.04888889 -0.02719623
v 0.08763143 0.04870202 -0.02733719
v -0.04270704 -0.04127572 -0.02827297
v -0.04153000 -0.04145206 -0.02823340
v -0.07755380 0.00037375 -0.02766573
v -0.07755390 -0.00011325 -0.02761983
v -0.07754509 -0.00079459 -0.02766591
v -0.07736743 -0.00381176 -0.02800780
v -0.07728657 -0.00449828 -0.02777134
v -0.07716274 -0.00538644 -0.02765767
v -0.07695009 -0.00657919 -0.02751403
v -0.07665800 -0.00815906 -0.02760662
v -0.07704644 -0.00637435 -0.02834346
v -0.07610302 -0.01050511 -0.02775310
v -0.07636810 -0.00947022 -0.02776430
v -0.07654399 -0.00888455 -0.02842824
v -0.07536423 -0.01295433 -0.02777472
v -0.07571270 -0.01183595 -0.02784898
v -0.07580883 -0.01163743 -0.02845582
v -0.07453260 -0.01524417 -0.02782593
v -0.07425431 -0.01594752 -0.02810766
v -0.07501526 -0.01390892 -0.02765188
v -0.07506223 -0.01392903 -0.02839270
v -0.07368883 -0.01725270 -0.02795184
v -0.07329945 -0.01807942 -0.02784042
v -0.07411349 -0.01632592 -0.02859038
v -0.07294929 -0.01878728 -0.02780944
v -0.07244197 -0.01978354 -0.02794991
v -0.07312388 -0.01851971 -0.02848111
v -0.07165914 -0.02116925 -0.02791303
v -0.07091984 -0.02239199 -0.02778853
v -0.07197416 -0.02066769 -0.02861266
v -0.06985046 -0.02402596 -0.02799021
v -0.07042829 -0.02316279 -0.02784869
v -0.07068976 -0.02282405 -0.02850084
v -0.06777553 -0.02673679 -0.02784884
v -0.06872249 -0.02553508 -0.02799060
v -0.06583996 -0.02883344 -0.02765729
v -0.06717973 -0.02742351 -0.02775310
v -0.06748140 -0.02714268 -0.02851761
v -0.04991862 -0.03898928 -0.02351212
v -0.05147379 -0.03871649 -0.02770758
v -0.04976267 -0.03942067 -0.02802095
v -0.06454321 -0.03019933 -0.02795825
v -0.06596831 -0.02877249 -0.02838697
v -0.06076957 -0.03338753 -0.02787105
v -0.06262305 -0.03185481 -0.02791886
v -0.06280827 -0.03173187 -0.02860285
v -0.05812848 -0.03522224 -0.02792253
v -0.05965388 -0.03419486 -0.02782720
v -0.06002344 -0.03397488 -0.02861259
v -0.05544889 -0.03683964 -0.02803428
v -0.05395363 -0.03761306 -0.02799547
v -0.05251304 -0.03830663 -0.02802026
v -0.05124342 -0.03886484 -0.02846734
v -0.05356480 -0.03782734 -0.02870829
v -0.04671603 -0.03999480 -0.02346948
v -0.04363748 -0.04077715 -0.02354842
v -0.04424340 -0.04096860 -0.02808678
v -0.04655138 -0.04039442 -0.02769682
v -0.04390535 -0.04105308 -0.02883698
v -0.04746635 -0.04017613 -0.02807499
v -0.04624552 -0.04052702 -0.02849094
v -0.03893796 -0.04175183 -0.02831925
v -0.04059950 -0.04158058 -0.02830524
v -0.04138318 -0.04148587 -0.02880598
v -0.04021793 -0.04162185 -0.02824221
v -0.03942350 -0.04170255 -0.02822299
v -0.04018527 -0.04164120 -0.02881849
v -0.03917880 -0.04172864 -0.02827606
v -0.03924112 -0.04173626 -0.02881850
v -0.03971143 -0.04169114 -0.02881491
v 0.00567234 0.04482316 -0.01890967
v 0.00561848 0.04519342 -0.02262228
v 0.04606682 0.04886995 -0.02665236
v 0.04518760 0.04884840 -0.02682988
v 0.05753663 0.04901583 -0.02723847
v -0.07751401 0.00140750 -0.02756488
v -0.07744265 0.00255758 -0.02749030
v -0.04674681 0.04023752 -0.02766135
v -0.04688617 0.03984631 -0.02346601
v -0.04376315 0.04064590 -0.02354271
v -0.04440861 0.04082496 -0.02799511
v -0.04296391 0.04112816 -0.02820254
v -0.04174351 0.04131771 -0.02830067
v -0.04428097 0.04087711 -0.02872117
v -0.03943751 0.04159142 -0.02837323
v -0.03835082 0.04169386 -0.02830251
v -0.05333674 0.03782711 -0.02814036
v -0.05406545 0.03746602 -0.02800363
v -0.05001759 0.03922191 -0.02800631
v -0.05013016 0.03880546 -0.02350403
v -0.05183941 0.03848538 -0.02798140
v -0.04794895 0.03993224 -0.02810609
v -0.04856806 0.03973591 -0.02827661
v -0.04736796 0.04008738 -0.02784728
v -0.04637465 0.04039232 -0.02845405
v -0.04733984 0.04013583 -0.02860635
v -0.05724906 0.03569406 -0.02799521
v -0.05790922 0.03528110 -0.02798957
v -0.05758096 0.03548688 -0.02799239
v -0.05759766 0.03550981 -0.02857281
v -0.05810783 0.03515331 -0.02798770
v -0.05828213 0.03504064 -0.02798621
v -0.05812594 0.03517603 -0.02857799
v -0.05845616 0.03492619 -0.02798455
v -0.05862940 0.03481187 -0.02798293
v -0.05847476 0.03494917 -0.02858483
v -0.05521408 0.03683850 -0.02770736
v -0.05634893 0.03620547 -0.02774583
v -0.05674130 0.03599147 -0.02789234
v -0.05616218 0.03636615 -0.02850555
v -0.05699736 0.03584541 -0.02797572
v -0.05706500 0.03583873 -0.02857486
v -0.05670655 0.03605264 -0.02855818
v -0.05450898 0.03724035 -0.02800661
v -0.05430881 0.03737390 -0.02862396
v -0.05477366 0.03709592 -0.02792777
v -0.05487454 0.03708110 -0.02861101
v -0.05500747 0.03696171 -0.02781769
v -0.05561373 0.03667553 -0.02848637
v -0.05524600 0.03688070 -0.02856867
v -0.05880206 0.03469599 -0.02798126
v -0.05899714 0.03456445 -0.02797924
v -0.05882154 0.03471910 -0.02859456
v -0.05931596 0.03434402 -0.02797636
v -0.05963394 0.03412333 -0.02797345
v -0.05933626 0.03436709 -0.02859690
v -0.05982650 0.03398626 -0.02797116
v -0.05999575 0.03386524 -0.02796930
v -0.05984719 0.03400856 -0.02857394
v -0.06016374 0.03374313 -0.02796773
v -0.06033304 0.03361968 -0.02796611
v -0.06052135 0.03348061 -0.02797439
v -0.06018547 0.03376445 -0.02856167
v -0.06083199 0.03324691 -0.02796065
v -0.06125605 0.03292391 -0.02799819
v -0.06191799 0.03239880 -0.02818271
v -0.06068719 0.03339271 -0.02855836
v -0.06494127 0.02970890 -0.02790650
v -0.06359702 0.03096538 -0.02831135
v -0.06425799 0.03037009 -0.02807608
v -0.06710941 0.02730167 -0.02741357
v -0.06565277 0.02896684 -0.02766003
v -0.06532270 0.02937381 -0.02853163
v -0.06830033 0.02598392 -0.02779304
v -0.06904787 0.02502103 -0.02812275
v -0.06701056 0.02752489 -0.02825669
v -0.06999101 0.02371125 -0.02786567
v -0.06923474 0.02479725 -0.02857147
v -0.07048942 0.02291324 -0.02759477
v -0.07130573 0.02167022 -0.02783585
v -0.07177252 0.02088756 -0.02813234
v -0.07069052 0.02270670 -0.02833130
v -0.07304341 0.01850551 -0.02787391
v -0.07250945 0.01955430 -0.02794462
v -0.07200437 0.02050813 -0.02859261
v -0.07359756 0.01733751 -0.02793757
v -0.07400261 0.01642833 -0.02781734
v -0.07346449 0.01768993 -0.02856468
v -0.07439421 0.01543039 -0.02761809
v -0.07490332 0.01408979 -0.02751852
v -0.07441777 0.01551469 -0.02842274
v -0.07502046 0.01380978 -0.02765447
v -0.07485955 0.01438738 -0.02832439
v -0.07513051 0.01352460 -0.02773807
v -0.07502968 0.01393507 -0.02838444
v -0.07542573 0.01262462 -0.02762840
v -0.07532926 0.01294776 -0.02773884
v -0.07550083 0.01256486 -0.02837023
v -0.07523332 0.01323720 -0.02776624
v -0.07519374 0.01348016 -0.02842090
v -0.07535038 0.01302387 -0.02841108
v -0.07556544 0.01209567 -0.02737986
v -0.07571375 0.01187204 -0.02827335
v -0.07562587 0.01180479 -0.02716558
v -0.07610358 0.01015407 -0.02719235
v -0.07591269 0.01117485 -0.02810569
v -0.07619811 0.00988586 -0.02736289
v -0.07604769 0.01071062 -0.02813655
v -0.07629287 0.00959222 -0.02752322
v -0.07618264 0.01024421 -0.02823770
v -0.07638772 0.00926367 -0.02764724
v -0.07631068 0.00977471 -0.02831568
v -0.07651868 0.00872534 -0.02767590
v -0.07648696 0.00906598 -0.02835429
v -0.07658761 0.00838636 -0.02759826
v -0.07665055 0.00835090 -0.02830995
v -0.07663758 0.00811113 -0.02751005
v -0.07682926 0.00716782 -0.02750630
v -0.07675084 0.00786964 -0.02825462
v -0.07689063 0.00689167 -0.02758453
v -0.07684874 0.00738687 -0.02824932
v -0.07695303 0.00657940 -0.02763882
v -0.07694478 0.00689965 -0.02829439
v -0.07701236 0.00622688 -0.02762146
v -0.07703261 0.00641162 -0.02830064
v -0.07708519 0.00569363 -0.02750915
v -0.07722280 0.00469678 -0.02746691
v -0.07715067 0.00566845 -0.02826775
v -0.07726974 0.00440789 -0.02755523
v -0.07725817 0.00491847 -0.02822441
v -0.07732038 0.00403891 -0.02762495
v -0.07732593 0.00441548 -0.02827229
v -0.07740711 0.00317510 -0.02761720
v -0.07737125 0.00356082 -0.02764272
v -0.07750372 0.00261470 -0.02830995
v -0.07741192 0.00364957 -0.02830307
v 0.15428514 0.00288837 -0.02779992
v 0.15431239 0.00214716 -0.03141908
v 0.14939880 0.00398248 -0.04420249
v 0.14937233 0.00354131 -0.04425503
v 0.14937383 0.00305363 -0.04428074
v 0.14945567 0.00223697 -0.04424356
v 0.15436325 -0.00004524 -0.03085402
v 0.15435412 0.00069992 -0.03142469
v 0.15435856 -0.00060770 -0.03086176
v 0.15435838 0.00050064 -0.03112267
v 0.14948803 0.00039773 -0.04425786
v 0.14946862 -0.00005060 -0.04427650
v 0.14952339 0.00081366 -0.04422129
v 0.14949217 -0.00053645 -0.04425395
v 0.14952471 -0.00098069 -0.04421844
v 0.15434734 -0.00106335 -0.03183646
v 0.15318067 0.00160187 -0.03968759
v 0.15395914 0.00665872 -0.03083540
v 0.15399175 0.00636694 -0.03140890
v 0.14902814 0.00665249 -0.04427972
v 0.14906435 0.00640289 -0.04427713
v 0.14903803 0.00763861 -0.04414463
v 0.14899582 0.00735065 -0.04422015
v 0.14901057 0.00690688 -0.04426460
v 0.14915944 0.00595949 -0.04424254
v 0.14926198 0.00554221 -0.04419297
v 0.14903921 0.00805429 -0.04407910
v 0.15359885 0.00895884 -0.03187152
v 0.15376875 0.00802346 -0.03181433
v 0.15402406 0.00606247 -0.03182464
v 0.15295185 0.00515032 -0.03969596
v 0.15252227 0.01371069 -0.03137362
v 0.15263338 0.01333948 -0.03134586
v 0.15273862 0.01296903 -0.03132830
v 0.14804449 0.01197168 -0.04421048
v 0.14806657 0.01169881 -0.04425302
v 0.14801100 0.01243959 -0.04412678
v 0.14832697 0.01073067 -0.04423631
v 0.14849702 0.01030736 -0.04417213
v 0.14863962 0.01006757 -0.04409339
v 0.14801904 0.01270077 -0.04405383
v 0.14811021 0.01143474 -0.04427368
v 0.14822327 0.01099721 -0.04426998
v 0.15233435 0.01431351 -0.03179940
v 0.15320136 0.01105223 -0.03185250
v 0.15233688 0.00960979 -0.03960605
v 0.15139554 0.01715244 -0.03124021
v 0.15126196 0.01749919 -0.03123086
v 0.14698599 0.01524249 -0.04422920
v 0.14715698 0.01498815 -0.04416389
v 0.14739023 0.01459567 -0.04407953
v 0.14669229 0.01592372 -0.04425979
v 0.14679126 0.01566512 -0.04426021
v 0.15165695 0.01645372 -0.03172835
v 0.15109536 0.01466073 -0.03955383
v 0.15098548 0.01819050 -0.03121887
v 0.15109240 0.01792554 -0.03122482
v 0.14637470 0.01671352 -0.04425965
v 0.14653285 0.01632316 -0.04425992
v 0.14628707 0.01696081 -0.04424648
v 0.15007599 0.01759037 -0.03963156
v 0.14867039 0.02290715 -0.03118753
v 0.14460639 0.02080786 -0.04406851
v 0.14381765 0.02178589 -0.04423423
v 0.14408510 0.02139246 -0.04421166
v 0.14430013 0.02116134 -0.04415188
v 0.14367497 0.02203853 -0.04422377
v 0.14761369 0.02469067 -0.03144272
v 0.14826147 0.02365482 -0.03150564
v 0.14903111 0.02224629 -0.03161648
v 0.14550931 0.01918196 -0.04404139
v 0.14555245 0.01891637 -0.04411505
v 0.14567690 0.01844871 -0.04419917
v 0.14575624 0.01817420 -0.04423905
v 0.14585766 0.01791204 -0.04425478
v 0.14604384 0.01751300 -0.04424892
v 0.14996688 0.02048299 -0.03161269
v 0.14959702 0.01872272 -0.03964186
v 0.14823663 0.02161627 -0.03946306
v 0.14283373 0.02336627 -0.04420031
v 0.14295701 0.02314681 -0.04422014
v 0.14310967 0.02290685 -0.04422663
v 0.14334749 0.02255744 -0.04421941
v 0.14726148 0.02523971 -0.03144237
v 0.14662873 0.02441204 -0.03951787
v 0.14134470 0.02569077 -0.04401543
v 0.14155530 0.02530997 -0.04408717
v 0.14167455 0.02501249 -0.04416721
v 0.14192561 0.02460738 -0.04420962
v 0.14210377 0.02435773 -0.04421560
v 0.14237541 0.02401449 -0.04419963
v 0.14492859 0.02836822 -0.03135025
v 0.14563733 0.02586093 -0.03953573
v 0.13951471 0.02754640 -0.04416866
v 0.13988287 0.02724416 -0.04410800
v 0.14013910 0.02709275 -0.04402683
v 0.13883582 0.02823144 -0.04418137
v 0.13911442 0.02793503 -0.04418942
v 0.13930518 0.02773294 -0.04419071
v 0.14348809 0.03006519 -0.03129451
v 0.14355825 0.02861612 -0.03933567
v 0.13775832 0.02941428 -0.04409767
v 0.13791504 0.02918974 -0.04414825
v 0.13822337 0.02884173 -0.04418235
v 0.13843026 0.02863758 -0.04418328
v 0.14144959 0.03093443 -0.03942832
v 0.13530156 0.03153108 -0.04409492
v 0.13560475 0.03123376 -0.04413551
v 0.13580481 0.03102507 -0.04416675
v 0.13615484 0.03073391 -0.04416684
v 0.13640037 0.03057310 -0.04413483
v 0.13675081 0.03032748 -0.04409344
v 0.13854756 0.03469095 -0.03103282
v 0.13968017 0.03375179 -0.03105757
v 0.13969304 0.03262871 -0.03934930
v 0.13346933 0.03282157 -0.04415719
v 0.13382665 0.03257382 -0.04415093
v 0.13405668 0.03244317 -0.04412393
v 0.13426845 0.03233066 -0.04409150
v 0.13736889 0.03560332 -0.03104509
v 0.13711797 0.03484004 -0.03923799
v 0.13297626 0.03317268 -0.04415260
v 0.13319769 0.03301834 -0.04415304
v 0.13230653 0.03372300 -0.04407696
v 0.13548869 0.03601778 -0.03932776
v 0.10002102 0.04367897 -0.04416612
v 0.10332769 0.04324353 -0.04416309
v 0.10672178 0.04280253 -0.04415189
v 0.10844100 0.04256273 -0.04409111
v 0.10468971 0.04754161 -0.03052558
v 0.10743771 0.04715034 -0.03052753
v 0.10380426 0.04697232 -0.03938391
v 0.11085302 0.04202120 -0.04415744
v 0.11371580 0.04136715 -0.04413825
v 0.10983057 0.04611588 -0.03917534
v 0.11649835 0.04068485 -0.04411430
v 0.11856947 0.03993406 -0.04420381
v 0.11525920 0.04493951 -0.03907900
v 0.11985826 0.03962233 -0.04412828
v 0.11942413 0.04372301 -0.03925641
v 0.12161191 0.03889990 -0.04419515
v 0.12409662 0.03800476 -0.04412595
v 0.12501820 0.04242202 -0.03066012
v 0.12251661 0.04270311 -0.03916829
v 0.12638838 0.03719076 -0.04395625
v 0.12680910 0.03674478 -0.04415288
v 0.12882088 0.03552371 -0.04427323
v 0.12681643 0.04093404 -0.03916161
v 0.12999446 0.03505547 -0.04415215
v 0.13078374 0.03473764 -0.04403252
v 0.13265982 0.03871206 -0.03081657
v 0.13336280 0.03744042 -0.03921913
v 0.13039543 0.03916154 -0.03928168
v 0.09715797 0.04395096 -0.04416917
v 0.09857735 0.04381665 -0.04416831
v 0.09893977 0.04756191 -0.03938633
v 0.08644425 0.04465064 -0.04417139
v 0.09181775 0.04430024 -0.04417118
v 0.08577528 0.04912263 -0.03057957
v 0.09208271 0.04805609 -0.03938773
v 0.07575532 0.04494184 -0.04416751
v 0.08106253 0.04479985 -0.04416822
v 0.08120211 0.04859173 -0.03931222
v 0.06923065 0.04503819 -0.04410651
v 0.07191398 0.04497181 -0.04416624
v 0.07377958 0.04495991 -0.04416486
v 0.07385432 0.04878171 -0.03923686
v 0.05565708 0.04479230 -0.04421174
v 0.06112925 0.04494915 -0.04413121
v 0.06372126 0.04871687 -0.03927344
v 0.05121298 0.04469876 -0.04424022
v 0.04648689 0.04459927 -0.04426051
v 0.00372021 0.04556760 -0.03158394
v 0.05115656 0.04847701 -0.03953016
v -0.07052240 0.01135068 -0.04462697
v -0.06991720 0.01290289 -0.04467389
v -0.07440643 0.01579153 -0.03153437
v -0.07482273 0.01476419 -0.03147807
v -0.07496516 0.01438700 -0.03148403
v -0.07506974 0.01409954 -0.03149717
v -0.07515529 0.01385681 -0.03150875
v -0.04020273 0.04155406 -0.03124507
v -0.03873837 0.03671573 -0.04437284
v -0.03985447 0.03663645 -0.04435085
v 0.00346006 0.04063600 -0.04431172
v -0.03908665 0.04167260 -0.03166187
v 0.00315355 0.04442830 -0.03965158
v -0.04107716 0.04145443 -0.03123818
v -0.04074645 0.03654600 -0.04434239
v -0.04215194 0.04131259 -0.03165403
v -0.04047338 0.04042432 -0.03969598
v -0.04394402 0.03583853 -0.04445218
v -0.04189762 0.03620828 -0.04446463
v -0.04486775 0.04080876 -0.03162788
v -0.04344418 0.04110118 -0.03163822
v -0.04253802 0.04011790 -0.03973528
v -0.04537554 0.03558710 -0.04439292
v -0.04623092 0.04049172 -0.03163494
v -0.04742066 0.04016886 -0.03161042
v -0.04699684 0.04029060 -0.03160559
v -0.04520948 0.03959990 -0.03971389
v -0.04910464 0.03962115 -0.03114764
v -0.04813109 0.03445223 -0.04458785
v -0.04629877 0.03511971 -0.04454177
v -0.04973165 0.03941163 -0.03156672
v -0.04831912 0.03989608 -0.03158621
v -0.04756256 0.03896332 -0.03977180
v -0.04905517 0.03426907 -0.04448559
v -0.05071692 0.03905507 -0.03158452
v -0.04932662 0.03835980 -0.03982946
v -0.05282677 0.03813823 -0.03113057
v -0.05120876 0.03334892 -0.04448287
v -0.05015496 0.03381542 -0.04448668
v -0.05346692 0.03785875 -0.03157661
v -0.05194087 0.03854111 -0.03156664
v -0.05408435 0.03754917 -0.03163705
v -0.05433010 0.03742011 -0.03166896
v -0.05136397 0.03760259 -0.03975764
v -0.05595372 0.03059695 -0.04451184
v -0.05485439 0.03118959 -0.04460131
v -0.05302970 0.03228967 -0.04455151
v -0.05732965 0.03575695 -0.03156905
v -0.05773139 0.03550612 -0.03157614
v -0.05797764 0.03534801 -0.03159274
v -0.05819861 0.03520309 -0.03161265
v -0.05641099 0.03629753 -0.03161783
v -0.05682465 0.03605978 -0.03158774
v -0.05707837 0.03590935 -0.03157373
v -0.05594491 0.03655454 -0.03167871
v -0.05615108 0.03644241 -0.03165410
v -0.05841762 0.03505659 -0.03163843
v -0.05464313 0.03597545 -0.03980125
v -0.06214872 0.03230314 -0.03116279
v -0.05823614 0.02880933 -0.04462698
v -0.05744690 0.02946592 -0.04458644
v -0.05989313 0.03404636 -0.03164945
v -0.06023529 0.03380868 -0.03161967
v -0.06047348 0.03363836 -0.03158942
v -0.06071004 0.03346556 -0.03156821
v -0.06125683 0.03305131 -0.03155116
v -0.05860796 0.03355059 -0.03985355
v -0.06368902 0.03097545 -0.03117439
v -0.06139144 0.02590747 -0.04472208
v -0.05983018 0.02736559 -0.04467729
v -0.06480795 0.02999516 -0.03154389
v -0.06552197 0.02928864 -0.03153994
v -0.06236764 0.03063005 -0.03989727
v -0.06899377 0.01493261 -0.04469285
v -0.06810651 0.01679234 -0.04472588
v -0.07286790 0.01913528 -0.03150495
v -0.07349218 0.01781989 -0.03156392
v -0.07276420 0.01661515 -0.03995857
v -0.06767691 0.01744699 -0.04477780
v -0.06706344 0.01851515 -0.04478164
v -0.07172497 0.02120289 -0.03146941
v -0.07245188 0.01990974 -0.03146244
v -0.07141914 0.01944979 -0.03996455
v -0.06622734 0.02004097 -0.04471261
v -0.06666471 0.01927442 -0.04475013
v -0.07071414 0.02284893 -0.03152272
v -0.07121426 0.02206870 -0.03149721
v -0.07068965 0.02072154 -0.03997714
v -0.06547859 0.02110893 -0.04472870
v -0.06488128 0.02187061 -0.04475447
v -0.06893015 0.02537250 -0.03147097
v -0.06987180 0.02409387 -0.03149656
v -0.06939665 0.02277509 -0.03994299
v -0.06438932 0.02249891 -0.04475967
v -0.06835182 0.02612548 -0.03151349
v -0.06807342 0.02463554 -0.03995819
v -0.06348601 0.02337942 -0.04484321
v -0.06220809 0.02493855 -0.04479089
v -0.06634436 0.02843635 -0.03151374
v -0.06741880 0.02722380 -0.03150302
v -0.06503570 0.02815227 -0.03994781
v -0.06670184 0.02626098 -0.04002267
v -0.07279056 -0.00000486 -0.04442706
v -0.07768885 0.00129754 -0.03142118
v -0.07156717 0.00833211 -0.04451270
v -0.07110197 0.00985911 -0.04456332
v -0.07580270 0.01195909 -0.03143315
v -0.07569886 0.01228041 -0.03145976
v -0.07560678 0.01255510 -0.03148574
v -0.07596389 0.01143569 -0.03141804
v -0.07605877 0.01111114 -0.03141976
v -0.07614185 0.01081557 -0.03143014
v -0.07622236 0.01051770 -0.03144891
v -0.07628772 0.01026546 -0.03146445
v -0.07439241 0.01272035 -0.03983972
v -0.07201349 0.00665426 -0.04448783
v -0.07667011 0.00875259 -0.03144105
v -0.07679363 0.00822968 -0.03140278
v -0.07686796 0.00789143 -0.03138139
v -0.07693217 0.00758341 -0.03137351
v -0.07699363 0.00727232 -0.03137440
v -0.07704039 0.00702173 -0.03137767
v -0.07547549 0.00921344 -0.03973669
v -0.07213096 0.00584017 -0.04451259
v -0.07234600 0.00478681 -0.04448739
v -0.07715340 0.00640557 -0.03137016
v -0.07721266 0.00605927 -0.03136050
v -0.07728936 0.00556518 -0.03136016
v -0.07609340 0.00654618 -0.03971738
v -0.07263956 0.00207065 -0.04445107
v -0.07248307 0.00399226 -0.04446606
v -0.07756810 0.00313418 -0.03145084
v -0.07736815 0.00503216 -0.03135740
v -0.07741242 0.00470359 -0.03135354
v -0.07745767 0.00433346 -0.03136251
v -0.07752350 0.00369814 -0.03140338
v -0.07658722 0.00229201 -0.03969376
v -0.07633800 0.00520638 -0.03967007
v 0.10135490 -0.04362713 -0.04416311
v 0.09988511 -0.04379107 -0.04416611
v 0.10282069 -0.04346267 -0.04415824
v 0.10558212 -0.04751794 -0.03053837
v 0.10178777 -0.04745734 -0.03915669
v 0.10524250 -0.04310229 -0.04415515
v 0.10771401 -0.04273720 -0.04414719
v 0.10797853 -0.04715940 -0.03055047
v 0.10579243 -0.04694360 -0.03907350
v 0.11100899 -0.04210233 -0.04414604
v 0.10938282 -0.04241961 -0.04414525
v 0.11002410 -0.04617526 -0.03921596
v 0.11127504 -0.04205618 -0.04413733
v 0.11186672 -0.04581630 -0.03921588
v 0.11619381 -0.04532631 -0.03009074
v 0.11689479 -0.04063934 -0.04409859
v 0.11431970 -0.04135638 -0.04412653
v 0.11270058 -0.04172245 -0.04413898
v 0.11730050 -0.04507251 -0.03048851
v 0.11473894 -0.04575709 -0.03048091
v 0.11355023 -0.04543392 -0.03920507
v 0.11961863 -0.03982396 -0.04410914
v 0.12008964 -0.03965726 -0.04411530
v 0.11808265 -0.04420002 -0.03921385
v 0.12518434 -0.03773364 -0.04403064
v 0.12175473 -0.03903559 -0.04411739
v 0.12342987 -0.03839102 -0.04412688
v 0.12548266 -0.04232942 -0.03065428
v 0.12294997 -0.04263827 -0.03917111
v 0.12828778 -0.03612349 -0.04413416
v 0.12744897 -0.03666776 -0.04404407
v 0.13081372 -0.03984170 -0.03080769
v 0.12737785 -0.04074710 -0.03921113
v 0.12938801 -0.03539053 -0.04422222
v 0.13124823 -0.03432524 -0.04419684
v 0.13192355 -0.03921734 -0.03077255
v 0.13116473 -0.03889117 -0.03916515
v 0.13343348 -0.03296991 -0.04413800
v 0.13316742 -0.03313891 -0.04415170
v 0.13288676 -0.03333551 -0.04414972
v 0.13260157 -0.03358424 -0.04410900
v 0.13376619 -0.03727353 -0.03927072
v 0.13404849 -0.03252251 -0.04414118
v 0.13547527 -0.03160112 -0.04401470
v 0.13518955 -0.03175255 -0.04407077
v 0.13484323 -0.03192701 -0.04413891
v 0.13431643 -0.03229645 -0.04416130
v 0.13855497 -0.03477611 -0.03111431
v 0.13787369 -0.03532220 -0.03103253
v 0.13594591 -0.03578991 -0.03931357
v 0.13681315 -0.03046447 -0.04402947
v 0.13748838 -0.02964014 -0.04417876
v 0.13724311 -0.02990335 -0.04415278
v 0.13701733 -0.03018810 -0.04409713
v 0.13773812 -0.02940894 -0.04417788
v 0.13999928 -0.03357074 -0.03113407
v 0.13846122 -0.03383962 -0.03922788
v 0.14031365 -0.02678890 -0.04415128
v 0.14013361 -0.02708450 -0.04409506
v 0.14100154 -0.02592324 -0.04418351
v 0.14074737 -0.02619138 -0.04420488
v 0.14051857 -0.02647933 -0.04419423
v 0.14154760 -0.02545113 -0.04406546
v 0.14128345 -0.02567390 -0.04412844
v 0.14374134 -0.02987510 -0.03126332
v 0.14479021 -0.02866422 -0.03129876
v 0.13859267 -0.02858452 -0.04417635
v 0.13832770 -0.02883145 -0.04418602
v 0.13810538 -0.02905971 -0.04417756
v 0.13914922 -0.02815731 -0.04408679
v 0.13888165 -0.02835765 -0.04413537
v 0.14057843 -0.03189335 -0.03942193
v 0.14233748 -0.03011460 -0.03934866
v 0.14268252 -0.02380123 -0.04413857
v 0.14254455 -0.02412201 -0.04407011
v 0.14319728 -0.02286743 -0.04422843
v 0.14302515 -0.02313273 -0.04422546
v 0.14284045 -0.02345649 -0.04419915
v 0.14492442 -0.02692621 -0.03946858
v 0.14404645 -0.02176938 -0.04411145
v 0.14379823 -0.02203618 -0.04417730
v 0.14356007 -0.02232605 -0.04421991
v 0.14335616 -0.02262315 -0.04422982
v 0.14788695 -0.02436270 -0.03149527
v 0.14638937 -0.02488031 -0.03952415
v 0.14989028 -0.02071198 -0.03111285
v 0.14918175 -0.02208371 -0.03112148
v 0.14554669 -0.01874855 -0.04422429
v 0.14538125 -0.01903753 -0.04424383
v 0.14521477 -0.01936595 -0.04424499
v 0.14507702 -0.01971027 -0.04421380
v 0.14496776 -0.02007316 -0.04414846
v 0.14486704 -0.02038538 -0.04409188
v 0.14883817 -0.02271233 -0.03156594
v 0.14765238 -0.02278709 -0.03947783
v 0.14647306 -0.01674497 -0.04419979
v 0.14633118 -0.01701706 -0.04422482
v 0.14615789 -0.01733973 -0.04425348
v 0.14601318 -0.01767571 -0.04425109
v 0.14589731 -0.01799439 -0.04422810
v 0.14909380 -0.01995082 -0.03961499
v 0.15142490 -0.01716693 -0.03125007
v 0.15209139 -0.01522915 -0.03135838
v 0.14756002 -0.01408348 -0.04411094
v 0.14737097 -0.01438863 -0.04418688
v 0.14719765 -0.01470975 -0.04424051
v 0.14705280 -0.01504061 -0.04426411
v 0.14693673 -0.01538194 -0.04425775
v 0.14684879 -0.01573114 -0.04422257
v 0.15175957 -0.01627624 -0.03169034
v 0.15006419 -0.01771133 -0.03960390
v 0.15264841 -0.01335356 -0.03138295
v 0.14834410 -0.01059416 -0.04426786
v 0.14825849 -0.01091953 -0.04427609
v 0.14819421 -0.01126348 -0.04425977
v 0.14815743 -0.01161751 -0.04421494
v 0.14814977 -0.01198366 -0.04413867
v 0.14812782 -0.01229750 -0.04408101
v 0.15315380 -0.01140703 -0.03176736
v 0.15129615 -0.01409257 -0.03957600
v 0.14905772 -0.00805552 -0.04407696
v 0.14896016 -0.00833580 -0.04412496
v 0.14881731 -0.00865814 -0.04420124
v 0.14869958 -0.00898498 -0.04425131
v 0.14860708 -0.00931733 -0.04427582
v 0.14854051 -0.00965537 -0.04427460
v 0.14849048 -0.00995484 -0.04426299
v 0.15358376 -0.00922992 -0.03182073
v 0.15332181 -0.01063261 -0.03175793
v 0.15208645 -0.01098127 -0.03969529
v 0.14923234 -0.00534679 -0.04424850
v 0.14925482 -0.00568634 -0.04419646
v 0.14930150 -0.00603036 -0.04411919
v 0.14929183 -0.00439523 -0.04427419
v 0.14923268 -0.00499005 -0.04427929
v 0.15413454 -0.00514886 -0.03180060
v 0.15403503 -0.00608498 -0.03183772
v 0.15407852 -0.00570943 -0.03180873
v 0.15410857 -0.00542146 -0.03180133
v 0.15391278 -0.00697493 -0.03187769
v 0.15267304 -0.00766499 -0.03962235
v 0.14946073 -0.00238084 -0.04423848
v 0.14938515 -0.00299524 -0.04427874
v 0.14935467 -0.00359329 -0.04427208
v 0.15430705 -0.00247114 -0.03183977
v 0.15423938 -0.00380191 -0.03180789
v 0.15425505 -0.00357084 -0.03180597
v 0.15427176 -0.00329061 -0.03180558
v 0.15428601 -0.00301229 -0.03181167
v 0.15429789 -0.00273497 -0.03182403
v 0.15317887 -0.00168644 -0.03969281
v 0.15304693 -0.00423227 -0.03972329
v 0.05696253 -0.04491837 -0.04420364
v 0.05828189 -0.04494305 -0.04419640
v 0.06243760 -0.04502294 -0.04416562
v 0.05691092 -0.04870444 -0.03942173
v 0.06885193 -0.04506917 -0.04416815
v 0.06769482 -0.04508569 -0.04415030
v 0.06349593 -0.04881157 -0.03932277
v 0.07413456 -0.04502447 -0.04416805
v 0.07948104 -0.04497945 -0.04416678
v 0.07415429 -0.04882358 -0.03930031
v 0.08456056 -0.04478765 -0.04416748
v 0.09476355 -0.04419101 -0.04416933
v 0.08963727 -0.04458776 -0.04417238
v 0.09507009 -0.04794914 -0.03937025
v 0.08467902 -0.04862583 -0.03920167
v 0.00350250 -0.04563858 -0.03102480
v 0.00401760 -0.04084551 -0.04425245
v 0.05121338 -0.04479357 -0.04424354
v 0.05252640 -0.04484034 -0.04421948
v 0.04648678 -0.04469840 -0.04426032
v 0.00337192 -0.04564090 -0.03160274
v 0.00318560 -0.04562534 -0.03171851
v 0.05115720 -0.04860884 -0.03945662
v -0.03993013 -0.03649687 -0.04451141
v -0.04309589 -0.03599622 -0.04452749
v -0.04250404 -0.04136410 -0.03165271
v -0.04404873 -0.04106478 -0.03167680
v -0.04129057 -0.04153489 -0.03170394
v -0.04090618 -0.04157868 -0.03176513
v -0.04516169 -0.03579487 -0.04435166
v -0.04600539 -0.04064756 -0.03166030
v -0.04690753 -0.04041593 -0.03160568
v -0.04444078 -0.03985337 -0.03969281
v -0.06998069 -0.01283609 -0.04467388
v -0.07077217 -0.01081411 -0.04458067
v -0.06967372 -0.01374790 -0.04463428
v -0.07521886 -0.01377370 -0.03152617
v -0.07480453 -0.01491239 -0.03147881
v -0.07418533 -0.01637961 -0.03148941
v -0.06752108 -0.01743342 -0.04487985
v -0.06885418 -0.01517868 -0.04477652
v -0.07353630 -0.01787851 -0.03149734
v -0.07307372 -0.01882484 -0.03152454
v -0.07315359 -0.01601724 -0.03986329
v -0.06679673 -0.01905032 -0.04478923
v -0.07219038 -0.02046816 -0.03151766
v -0.07142367 -0.02182282 -0.03148508
v -0.07141362 -0.01938773 -0.04006077
v -0.06912925 -0.02516813 -0.03105466
v -0.06318212 -0.02349361 -0.04499334
v -0.06515765 -0.02104188 -0.04495361
v -0.06949250 -0.02470128 -0.03153106
v -0.06824571 -0.02635414 -0.03150172
v -0.06655338 -0.01957361 -0.04474120
v -0.07115981 -0.02225725 -0.03149765
v -0.07064888 -0.02304895 -0.03154491
v -0.07034966 -0.02139950 -0.03997983
v -0.06895750 -0.02342073 -0.04000128
v -0.05802337 -0.02870898 -0.04482775
v -0.05999609 -0.02706599 -0.04482539
v -0.06351365 -0.03125676 -0.03150148
v -0.06179484 -0.03272056 -0.03150296
v -0.06136985 -0.02606786 -0.04470254
v -0.06188032 -0.02557733 -0.04469137
v -0.06494370 -0.02996616 -0.03153925
v -0.06298553 -0.03018216 -0.03996280
v -0.06252960 -0.02479691 -0.04474617
v -0.06734590 -0.02741922 -0.03155167
v -0.06691692 -0.02791318 -0.03151631
v -0.06580282 -0.02908734 -0.03149739
v -0.06670753 -0.02633612 -0.04004618
v -0.06509126 -0.02821147 -0.03992878
v -0.04791939 -0.04010101 -0.03118643
v -0.04546792 -0.03561140 -0.04443167
v -0.04639670 -0.03540108 -0.04439143
v -0.04731632 -0.04030039 -0.03159890
v -0.04676837 -0.03931241 -0.03974754
v -0.04902115 -0.03974123 -0.03119517
v -0.04944237 -0.03960334 -0.03118802
v -0.04776598 -0.03482016 -0.04449770
v -0.04967938 -0.03401190 -0.04454475
v -0.05026187 -0.03932999 -0.03158614
v -0.05139040 -0.03887574 -0.03161305
v -0.04839334 -0.03882948 -0.03969084
v -0.05130165 -0.03335473 -0.04452075
v -0.05302800 -0.03246953 -0.04449778
v -0.05448105 -0.03745479 -0.03160002
v -0.05294302 -0.03820325 -0.03159443
v -0.05157942 -0.03757412 -0.03979587
v -0.05753273 -0.03570425 -0.03114544
v -0.05698530 -0.03602812 -0.03118493
v -0.05491085 -0.03132751 -0.04455384
v -0.05620002 -0.03035981 -0.04463177
v -0.05872602 -0.03496265 -0.03155814
v -0.05651399 -0.03631208 -0.03163431
v -0.05548559 -0.03561536 -0.03978831
v -0.05730761 -0.02958189 -0.04464121
v -0.06080605 -0.03349630 -0.03155576
v -0.05992660 -0.03413277 -0.03157571
v -0.06080834 -0.03202803 -0.03995839
v -0.05883544 -0.03350759 -0.03988628
v -0.03798349 -0.03702321 -0.04424950
v -0.03907756 -0.04176485 -0.03177842
v -0.03883737 -0.04178884 -0.03176390
v 0.00392875 -0.04457051 -0.03968316
v -0.03991302 -0.04054841 -0.03969397
v -0.07754804 -0.00320399 -0.03090300
v -0.07259212 -0.00329959 -0.04445190
v -0.07269322 -0.00176168 -0.04444186
v -0.07746386 -0.00433907 -0.03131542
v -0.07664940 -0.00194281 -0.03965753
v -0.07221195 -0.00542016 -0.04450636
v -0.07248592 -0.00394475 -0.04447846
v -0.07737741 -0.00506400 -0.03136081
v -0.07649310 -0.00419737 -0.03965446
v -0.07154929 -0.00860291 -0.04451171
v -0.07177968 -0.00762838 -0.04451713
v -0.07671477 -0.00864280 -0.03136813
v -0.07640174 -0.00997095 -0.03140474
v -0.07594714 -0.01151331 -0.03150065
v -0.07468194 -0.01189049 -0.03979766
v -0.07200186 -0.00674122 -0.04449879
v -0.07714656 -0.00645596 -0.03138322
v -0.07693675 -0.00766038 -0.03137494
v -0.07617367 -0.00608697 -0.03971948
v -0.07572532 -0.00845314 -0.03970600
v -0.07756841 0.00050192 -0.02790217
v -0.07756384 -0.00102586 -0.02803711
v -0.07753578 -0.00170506 -0.02823440
v -0.07760678 -0.00006873 -0.02828984
v -0.07759285 0.00108476 -0.02853186
v -0.07773858 -0.00013629 -0.03155303
v -0.07764640 -0.00206747 -0.03152794
v 0.06253994 0.04921438 -0.02867543
v 0.05143373 0.04917492 -0.02872231
v 0.06413796 0.04953311 -0.03188627
v 0.07860750 0.04919042 -0.02876790
v 0.07316514 0.04925000 -0.02888128
v 0.08142953 0.04913978 -0.02900280
v 0.08227056 0.04942165 -0.03221829
v 0.07684307 0.04957825 -0.03237502
v 0.07477018 0.04957988 -0.03218480
v 0.06703124 0.04939157 -0.03026318
v 0.09296971 0.04845644 -0.02794389
v 0.09681839 0.04827113 -0.02881043
v 0.09178843 0.04867294 -0.02878839
v 0.08892691 0.04884289 -0.02907006
v 0.09537253 0.04876769 -0.03244413
v 0.08988792 0.04911760 -0.03229727
v 0.10134491 0.04795798 -0.02999381
v 0.10041881 0.04805659 -0.02994155
v 0.10055089 0.04838628 -0.03354033
v 0.10398142 0.04791321 -0.03319635
v 0.09896856 0.04853072 -0.03336682
v 0.09684786 0.04857629 -0.03156274
v 0.00576085 0.04536148 -0.02430445
v 0.00284091 0.04518337 -0.02517826
v 0.00375237 0.04551985 -0.02965493
v 0.04613437 0.04918574 -0.02937184
v 0.00370708 0.04553271 -0.03025316
v 0.05927324 0.04955474 -0.03259733
v 0.05115587 0.04950263 -0.03287181
v 0.04623484 0.04942632 -0.03302914
v 0.05158190 0.04936372 -0.03059238
v 0.07920940 -0.04918871 -0.02823741
v 0.07468432 -0.04934183 -0.02884219
v 0.08039657 -0.04925859 -0.02888442
v 0.07325350 -0.04968223 -0.03223228
v 0.07872599 -0.04964160 -0.03232267
v 0.08388436 -0.04943443 -0.03215019
v 0.09329637 -0.04867295 -0.02878386
v 0.08797036 -0.04895907 -0.02894669
v 0.09680565 -0.04872431 -0.03235458
v 0.09150483 -0.04913664 -0.03233226
v 0.08546688 -0.04923073 -0.03060185
v 0.10309946 -0.04753974 -0.02750574
v 0.10118111 -0.04777063 -0.02736403
v 0.09964263 -0.04801808 -0.02785499
v 0.10055091 -0.04790879 -0.02774655
v 0.09691896 -0.04826641 -0.02798350
v 0.10419760 -0.04746977 -0.02816790
v 0.10043426 -0.04829502 -0.03132271
v 0.10205992 -0.04809836 -0.03121791
v 0.09683540 -0.04848779 -0.02965635
v 0.06390781 -0.04937581 -0.02939045
v 0.05718906 -0.04966163 -0.03286854
v 0.06247610 -0.04969397 -0.03261048
v 0.06690417 -0.04954289 -0.03087409
v 0.00518202 -0.04503130 -0.02001487
v 0.00283315 -0.04524519 -0.02457039
v 0.00345899 -0.04555928 -0.02903003
v 0.04615345 -0.04922803 -0.02862914
v 0.05915969 -0.04928077 -0.02862587
v 0.05109008 -0.04956076 -0.03228600
v 0.05242076 -0.04957558 -0.03221856
v 0.04620719 -0.04948180 -0.03232687
v 0.05143515 -0.04948511 -0.03075130
v 0.15066111 0.01891610 -0.02976578
v 0.15080141 0.01858498 -0.02979847
v 0.15016157 0.02003551 -0.03017794
v 0.15044624 0.01942775 -0.03015574
v 0.15073979 0.01886108 -0.03303872
v 0.15036128 0.01972766 -0.03302857
v 0.10968500 0.04660693 -0.02888343
v 0.11284638 0.04597397 -0.02886277
v 0.11576008 0.04523039 -0.02909468
v 0.10954779 0.04696865 -0.03214733
v 0.11228663 0.04645375 -0.03228121
v 0.11523395 0.04569084 -0.03205885
v 0.12097025 0.04368107 -0.02841952
v 0.12153313 0.04344835 -0.02816443
v 0.12317532 0.04297074 -0.02903926
v 0.11998260 0.04407941 -0.02895433
v 0.11941312 0.04457622 -0.03211256
v 0.12100117 0.04409475 -0.03231105
v 0.12288775 0.04339868 -0.03217213
v 0.11633920 0.04522897 -0.03050659
v 0.13527447 0.03691637 -0.02886702
v 0.13702744 0.03575071 -0.02957097
v 0.13617402 0.03636489 -0.02937952
v 0.13441231 0.03752855 -0.02937785
v 0.13621428 0.03659515 -0.03247915
v 0.13552813 0.03707866 -0.03252256
v 0.13373852 0.03819735 -0.03240130
v 0.12993562 0.04001533 -0.02878379
v 0.13119151 0.03938260 -0.02931354
v 0.12870321 0.04068009 -0.02908037
v 0.12767743 0.04115945 -0.02915918
v 0.12684591 0.04152322 -0.02926413
v 0.12666657 0.04189027 -0.03230010
v 0.12922435 0.04073963 -0.03240271
v 0.13053805 0.04002663 -0.03221966
v 0.14613169 0.02673988 -0.02946280
v 0.14524065 0.02788884 -0.02989759
v 0.14688260 0.02573208 -0.02994041
v 0.14684695 0.02594588 -0.03287262
v 0.14608921 0.02700885 -0.03280814
v 0.14225703 0.03123339 -0.02927868
v 0.14083946 0.03263594 -0.02965367
v 0.14148561 0.03203545 -0.02960819
v 0.14288139 0.03061134 -0.02977245
v 0.14226553 0.03147411 -0.03264314
v 0.14154893 0.03219780 -0.03269451
v 0.14025183 0.03336833 -0.03259162
v 0.15304097 0.01175411 -0.02936440
v 0.15279840 0.01271740 -0.02992372
v 0.15288525 0.01239226 -0.02991092
v 0.15296779 0.01206689 -0.02990330
v 0.15311923 0.01144505 -0.03036329
v 0.15321071 0.01101919 -0.03040978
v 0.15296291 0.01216596 -0.03316271
v 0.15424179 0.00354886 -0.02638938
v 0.15415496 0.00481251 -0.03041111
v 0.15421732 0.00401191 -0.03323844
v 0.15405480 0.00573249 -0.03325764
v 0.12170567 -0.04354293 -0.02854078
v 0.11992603 -0.04419717 -0.02898453
v 0.12107757 -0.04381989 -0.02890750
v 0.12349214 -0.04294479 -0.02908154
v 0.11799633 -0.04506259 -0.03213256
v 0.12110470 -0.04415774 -0.03231678
v 0.12313429 -0.04339564 -0.03214395
v 0.15416338 -0.00481732 -0.03040774
v 0.15418433 -0.00457226 -0.03040504
v 0.15420607 -0.00429016 -0.03041020
v 0.15416267 -0.00483379 -0.03320642
v 0.15422540 -0.00400178 -0.03320945
v 0.15300803 -0.01200099 -0.02990492
v 0.15278007 -0.01288305 -0.02993326
v 0.15265042 -0.01333714 -0.02997618
v 0.15312571 -0.01151200 -0.03034797
v 0.15296907 -0.01223562 -0.03315986
v 0.14720659 -0.02525813 -0.02896919
v 0.14734585 -0.02511770 -0.02997750
v 0.14644073 -0.02645806 -0.02989428
v 0.14577858 -0.02733669 -0.02992811
v 0.14547514 -0.02788746 -0.03287739
v 0.14673956 -0.02620019 -0.03291511
v 0.14709310 -0.02566879 -0.03281858
v 0.15098227 -0.01823631 -0.02985598
v 0.15081966 -0.01863995 -0.02981139
v 0.15029322 -0.01982825 -0.02973990
v 0.15049186 -0.01942414 -0.03015803
v 0.15003357 -0.02051109 -0.03298927
v 0.15055630 -0.01938971 -0.03304922
v 0.15107263 -0.01810926 -0.03304846
v 0.14207583 -0.03151225 -0.02922789
v 0.14042723 -0.03309308 -0.02966017
v 0.14141240 -0.03220239 -0.02960664
v 0.14248410 -0.03114339 -0.02977105
v 0.14102365 -0.03278617 -0.03260476
v 0.14302198 -0.03073974 -0.03269226
v 0.14182248 -0.03202573 -0.03269573
v 0.13315332 -0.03834169 -0.02931082
v 0.13545029 -0.03695552 -0.02931942
v 0.13700477 -0.03585448 -0.02947158
v 0.13406835 -0.03809703 -0.03232657
v 0.13563693 -0.03710291 -0.03252358
v 0.13659740 -0.03640951 -0.03245444
v 0.12720545 -0.04146196 -0.02917990
v 0.12993722 -0.04017644 -0.02924351
v 0.12860763 -0.04082306 -0.02907932
v 0.12693189 -0.04188129 -0.03233656
v 0.12959545 -0.04064653 -0.03239525
v 0.11093638 -0.04638521 -0.02830355
v 0.11288973 -0.04606306 -0.02887521
v 0.10970275 -0.04670751 -0.02892937
v 0.11000569 -0.04698660 -0.03212379
v 0.11179109 -0.04665835 -0.03229944
v 0.11214070 -0.04658333 -0.03228851
v 0.11377767 -0.04618480 -0.03208163
f 824 3481 4693
f 3481 826 4694
f 4693 4694 1199
f 3481 4694 4693
f 728 3366 3351
f 3366 780 3368
f 3351 3368 777
f 3366 3368 3351
f 537 2875 2754
f 2875 643 2876
f 2754 2876 599
f 2875 2876 2754
f 104 1385 3200
f 1385 102 3199
f 3200 3199 746
f 1385 3199 3200
f 104 1405 1385
f 1405 112 1404
f 1385 1404 102
f 1405 1404 1385
f 719 3361 3108
f 3361 779 3358
f 3108 3358 116
f 3361 3358 3108
f 800 4395 3424
f 4395 1149 4394
f 3424 4394 790
f 4395 4394 3424
f 1150 4400 4407
f 4400 800 4404
f 4407 4404 1151
f 4400 4404 4407
f 1150 4402 4400
f 4402 1149 4395
f 4400 4395 800
f 4402 4395 4400
f 1194 4698 4676
f 4698 1199 4694
f 4676 4694 826
f 4698 4694 4676
f 826 4677 4676
f 4677 1195 4679
f 4676 4679 1194
f 4677 4679 4676
f 824 4693 3489
f 4693 1199 4695
f 3489 4695 828
f 4693 4695 3489
f 1199 4692 4695
f 4692 801 3486
f 4695 3486 828
f 4692 3486 4695
f 812 3466 3444
f 3466 818 3465
f 3444 3465 809
f 3466 3465 3444
f 809 3487 3433
f 3487 828 3486
f 3433 3486 801
f 3487 3486 3433
f 106 3185 2766
f 3185 743 3189
f 2766 3189 605
f 3185 3189 2766
f 1151 4404 4403
f 4404 800 3425
f 4403 3425 799
f 4404 3425 4403
f 815 3458 3467
f 3458 809 3465
f 3467 3465 818
f 3458 3465 3467
f 815 3455 3456
f 3455 798 3423
f 3456 3423 799
f 3455 3423 3456
f 815 3456 3457
f 3456 799 3425
f 3457 3425 800
f 3456 3425 3457
f 800 3424 3457
f 3424 790 3447
f 3457 3447 815
f 3424 3447 3457
f 815 3637 3639
f 3637 909 3640
f 3639 3640 910
f 3637 3640 3639
f 1221 4839 4810
f 4839 1225 4834
f 4810 4834 1067
f 4839 4834 4810
f 1221 4810 4809
f 4810 1067 4080
f 4809 4080 1039
f 4810 4080 4809
f 250 1830 1832
f 1830 45 1426
f 1832 1426 118
f 1830 1426 1832
f 768 3305 3304
f 3305 250 1832
f 3304 1832 118
f 3305 1832 3304
f 731 3139 3353
f 3139 728 3351
f 3353 3351 777
f 3139 3351 3353
f 780 3366 3367
f 3366 728 3345
f 3367 3345 776
f 3366 3345 3367
f 118 3365 3343
f 3365 780 3367
f 3343 3367 776
f 3365 3367 3343
f 734 3148 3150
f 3148 599 2876
f 3150 2876 643
f 3148 2876 3150
f 537 2754 3838
f 2754 599 3839
f 3838 3839 995
f 2754 3839 3838
f 778 3363 3355
f 3363 779 3362
f 3355 3362 724
f 3363 3362 3355
f 724 3362 3123
f 3362 779 3361
f 3123 3361 719
f 3362 3361 3123
f 630 3128 3125
f 3128 726 3130
f 3125 3130 725
f 3128 3130 3125
f 726 3129 3130
f 3129 724 3127
f 3130 3127 725
f 3129 3127 3130
f 756 3258 3288
f 3258 753 3287
f 3288 3287 764
f 3258 3287 3288
f 749 3223 3221
f 3223 717 3104
f 3221 3104 621
f 3223 3104 3221
f 119 3354 3349
f 3354 778 3357
f 3349 3357 777
f 3354 3357 3349
f 119 3359 3354
f 3359 779 3363
f 3354 3363 778
f 3359 3363 3354
f 114 3101 3103
f 3101 716 3105
f 3103 3105 717
f 3101 3105 3103
f 822 3480 3477
f 3480 826 3481
f 3477 3481 824
f 3480 3481 3477
f 824 3489 3477
f 3489 828 3488
f 3477 3488 822
f 3489 3488 3477
f 822 3475 3480
f 3475 809 3479
f 3480 3479 826
f 3475 3479 3480
f 828 3487 3488
f 3487 809 3475
f 3488 3475 822
f 3487 3475 3488
f 1215 4777 4780
f 4777 801 4692
f 4780 4692 1199
f 4777 4692 4780
f 826 3479 3493
f 3479 809 3492
f 3493 3492 831
f 3479 3492 3493
f 891 4529 4526
f 4529 1172 4532
f 4526 4532 1171
f 4529 4532 4526
f 188 1694 1689
f 1694 211 1695
f 1689 1695 210
f 1694 1695 1689
f 671 2985 2982
f 2985 643 2875
f 2982 2875 537
f 2985 2875 2982
f 1126 4288 4878
f 4288 1026 4875
f 4878 4875 1231
f 4288 4875 4878
f 1197 4844 4685
f 4844 1226 4843
f 4685 4843 1196
f 4844 4843 4685
f 1198 4845 4690
f 4845 1226 4844
f 4690 4844 1197
f 4845 4844 4690
f 1196 4680 4685
f 4680 831 4683
f 4685 4683 1197
f 4680 4683 4685
f 764 3287 3299
f 3287 753 3298
f 3299 3298 765
f 3287 3298 3299
f 610 3247 2784
f 3247 753 3246
f 2784 3246 600
f 3247 3246 2784
f 600 2771 2784
f 2771 605 2785
f 2784 2785 610
f 2771 2785 2784
f 610 3296 3247
f 3296 765 3298
f 3247 3298 753
f 3296 3298 3247
f 683 4840 3810
f 4840 1226 4842
f 3810 4842 984
f 4840 4842 3810
f 753 3258 3255
f 3258 756 3259
f 3255 3259 755
f 3258 3259 3255
f 746 3207 3203
f 3207 742 3184
f 3203 3184 615
f 3207 3184 3203
f 1151 4403 4412
f 4403 799 4408
f 4412 4408 1152
f 4403 4408 4412
f 1169 4515 4522
f 4515 818 4488
f 4522 4488 1165
f 4515 4488 4522
f 815 3654 3657
f 3654 919 3659
f 3657 3659 920
f 3654 3659 3657
f 325 2122 2027
f 2122 359 2123
f 2027 2123 326
f 2122 2123 2027
f 770 3318 3329
f 3318 678 3327
f 3329 3327 773
f 3318 3327 3329
f 678 3007 3327
f 3007 679 3328
f 3327 3328 773
f 3007 3328 3327
f 682 3019 3018
f 3019 652 2905
f 3018 2905 651
f 3019 2905 3018
f 652 2903 2905
f 2903 647 2901
f 2905 2901 651
f 2903 2901 2905
f 651 2901 2900
f 2901 647 2888
f 2900 2888 525
f 2901 2888 2900
f 511 2951 2642
f 2951 664 2953
f 2642 2953 515
f 2951 2953 2642
f 664 2954 2953
f 2954 517 2646
f 2953 2646 515
f 2954 2646 2953
f 408 2388 2373
f 2388 421 2391
f 2373 2391 416
f 2388 2391 2373
f 786 3402 3394
f 3402 783 3379
f 3394 3379 271
f 3402 3379 3394
f 271 2032 3394
f 2032 328 3395
f 3394 3395 786
f 2032 3395 3394
f 513 2952 2639
f 2952 664 2951
f 2639 2951 511
f 2952 2951 2639
f 511 2634 2639
f 2634 509 2638
f 2639 2638 513
f 2634 2638 2639
f 421 4832 2488
f 4832 1225 4833
f 2488 4833 458
f 4832 4833 2488
f 271 3379 2364
f 3379 783 3380
f 2364 3380 412
f 3379 3380 2364
f 783 4079 3380
f 4079 1067 4076
f 3380 4076 412
f 4079 4076 3380
f 249 1833 3309
f 1833 250 3310
f 3309 3310 769
f 1833 3310 3309
f 770 3329 3316
f 3329 773 3325
f 3316 3325 249
f 3329 3325 3316
f 45 1830 1275
f 1830 250 1831
f 1275 1831 46
f 1830 1831 1275
f 46 1828 1276
f 1828 249 1829
f 1276 1829 47
f 1828 1829 1276
f 250 1833 1831
f 1833 249 1828
f 1831 1828 46
f 1833 1828 1831
f 769 3310 3314
f 3310 250 3303
f 3314 3303 767
f 3310 3303 3314
f 767 3308 3314
f 3308 768 3315
f 3314 3315 769
f 3308 3315 3314
f 250 3305 3303
f 3305 768 3308
f 3303 3308 767
f 3305 3308 3303
f 715 3099 3213
f 3099 714 3212
f 3213 3212 747
f 3099 3212 3213
f 747 3210 3213
f 3210 624 3098
f 3213 3098 715
f 3210 3098 3213
f 617 2824 3209
f 2824 624 3210
f 3209 3210 747
f 2824 3210 3209
f 711 3087 3204
f 3087 104 3200
f 3204 3200 746
f 3087 3200 3204
f 112 1405 3091
f 1405 104 3090
f 3091 3090 713
f 1405 3090 3091
f 713 3096 3091
f 3096 714 3094
f 3091 3094 112
f 3096 3094 3091
f 104 3087 3090
f 3087 711 3093
f 3090 3093 713
f 3087 3093 3090
f 713 3211 3096
f 3211 747 3212
f 3096 3212 714
f 3211 3212 3096
f 713 3093 3206
f 3093 711 3204
f 3206 3204 746
f 3093 3204 3206
f 746 3203 3206
f 3203 615 3092
f 3206 3092 713
f 3203 3092 3206
f 615 3208 3092
f 3208 747 3211
f 3092 3211 713
f 3208 3211 3092
f 1175 4540 4539
f 4540 888 3592
f 4539 3592 887
f 4540 3592 4539
f 879 3623 4557
f 3623 904 4558
f 4557 4558 1179
f 3623 4558 4557
f 772 3323 3322
f 3323 768 3304
f 3322 3304 118
f 3323 3304 3322
f 118 3343 3322
f 3343 776 3347
f 3322 3347 772
f 3343 3347 3322
f 733 3154 3145
f 3154 734 3153
f 3145 3153 728
f 3154 3153 3145
f 728 3139 3145
f 3139 731 3146
f 3145 3146 733
f 3139 3146 3145
f 752 3240 3244
f 3240 599 3144
f 3244 3144 733
f 3240 3144 3244
f 599 3148 3144
f 3148 734 3154
f 3144 3154 733
f 3148 3154 3144
f 768 3323 3321
f 3323 772 3324
f 3321 3324 771
f 3323 3324 3321
f 771 3324 3346
f 3324 772 3347
f 3346 3347 776
f 3324 3347 3346
f 736 3158 3245
f 3158 599 3240
f 3245 3240 752
f 3158 3240 3245
f 736 3160 3158
f 3160 636 2857
f 3158 2857 599
f 3160 2857 3158
f 1192 4661 4660
f 4661 999 3850
f 4660 3850 998
f 4661 3850 4660
f 998 3850 3848
f 3850 999 3849
f 3848 3849 599
f 3850 3849 3848
f 723 3124 3121
f 3124 724 3123
f 3121 3123 719
f 3124 3123 3121
f 723 3126 3124
f 3126 725 3127
f 3124 3127 724
f 3126 3127 3124
f 1011 4559 4969
f 4559 1179 4972
f 4969 4972 1246
f 4559 4972 4969
f 623 2826 2819
f 2826 624 2823
f 2819 2823 616
f 2826 2823 2819
f 168 1768 1571
f 1768 231 1769
f 1571 1769 170
f 1768 1769 1571
f 164 1773 1557
f 1773 232 1774
f 1557 1774 166
f 1773 1774 1557
f 232 1778 1774
f 1778 231 1767
f 1774 1767 166
f 1778 1767 1774
f 231 1768 1767
f 1768 168 1565
f 1767 1565 166
f 1768 1565 1767
f 385 2265 2285
f 2265 199 2282
f 2285 2282 388
f 2265 2282 2285
f 226 1777 1781
f 1777 232 1782
f 1781 1782 233
f 1777 1782 1781
f 233 1782 1780
f 1782 232 1773
f 1780 1773 164
f 1782 1773 1780
f 384 2284 2260
f 2284 388 2283
f 2260 2283 204
f 2284 2283 2260
f 111 3186 1402
f 3186 743 3185
f 1402 3185 106
f 3186 3185 1402
f 124 3292 1437
f 3292 765 3290
f 1437 3290 111
f 3292 3290 1437
f 763 3283 3289
f 3283 756 3288
f 3289 3288 764
f 3283 3288 3289
f 130 3257 3282
f 3257 756 3283
f 3282 3283 763
f 3257 3283 3282
f 184 1693 1752
f 1693 211 1753
f 1752 1753 228
f 1693 1753 1752
f 210 1695 1687
f 1695 211 1693
f 1687 1693 184
f 1695 1693 1687
f 717 3105 3219
f 3105 716 3218
f 3219 3218 748
f 3105 3218 3219
f 748 3215 3219
f 3215 621 3104
f 3219 3104 717
f 3215 3104 3219
f 715 3098 3217
f 3098 624 3216
f 3217 3216 748
f 3098 3216 3217
f 748 3218 3217
f 3218 716 3102
f 3217 3102 715
f 3218 3102 3217
f 117 1431 3348
f 1431 119 3349
f 3348 3349 777
f 1431 3349 3348
f 117 3364 1427
f 3364 780 3365
f 1427 3365 118
f 3364 3365 1427
f 777 3368 3348
f 3368 780 3364
f 3348 3364 117
f 3368 3364 3348
f 42 1429 1422
f 1429 119 1431
f 1422 1431 117
f 1429 1431 1422
f 120 1432 3360
f 1432 116 3358
f 3360 3358 779
f 1432 3358 3360
f 779 3359 3360
f 3359 119 1433
f 3360 1433 120
f 3359 1433 3360
f 120 1433 1432
f 1433 119 1430
f 1432 1430 116
f 1433 1430 1432
f 721 3112 3114
f 3112 114 3103
f 3114 3103 717
f 3112 3103 3114
f 719 3108 3107
f 3108 116 1421
f 3107 1421 115
f 3108 1421 3107
f 114 3112 1419
f 3112 721 3113
f 1419 3113 115
f 3112 3113 1419
f 715 3102 3097
f 3102 716 3100
f 3097 3100 113
f 3102 3100 3097
f 716 3101 3100
f 3101 114 1415
f 3100 1415 113
f 3101 1415 3100
f 113 3095 3097
f 3095 714 3099
f 3097 3099 715
f 3095 3099 3097
f 112 3094 1412
f 3094 714 3095
f 1412 3095 113
f 3094 3095 1412
f 102 1404 1410
f 1404 112 1412
f 1410 1412 113
f 1404 1412 1410
f 39 1409 1414
f 1409 113 1415
f 1414 1415 114
f 1409 1415 1414
f 171 1575 1577
f 1575 168 1571
f 1577 1571 170
f 1575 1571 1577
f 170 1578 1577
f 1578 172 1579
f 1577 1579 171
f 1578 1579 1577
f 172 1585 1579
f 1585 173 1584
f 1579 1584 171
f 1585 1584 1579
f 169 1569 1576
f 1569 166 1574
f 1576 1574 171
f 1569 1574 1576
f 171 1574 1575
f 1574 166 1565
f 1575 1565 168
f 1574 1565 1575
f 337 2058 2062
f 2058 316 2061
f 2062 2061 338
f 2058 2061 2062
f 293 1949 1954
f 1949 301 1955
f 1954 1955 302
f 1949 1955 1954
f 374 2199 2198
f 2199 74 1310
f 2198 1310 67
f 2199 1310 2198
f 380 2229 2235
f 2229 74 2199
f 2235 2199 374
f 2229 2199 2235
f 378 2219 2220
f 2219 63 1298
f 2220 1298 68
f 2219 1298 2220
f 373 2193 2222
f 2193 63 2219
f 2222 2219 378
f 2193 2219 2222
f 378 2217 2218
f 2217 46 1276
f 2218 1276 47
f 2217 1276 2218
f 68 1297 2220
f 1297 45 2216
f 2220 2216 378
f 1297 2216 2220
f 45 1275 2216
f 1275 46 2217
f 2216 2217 378
f 1275 2217 2216
f 346 2126 2129
f 2126 359 2131
f 2129 2131 360
f 2126 2131 2129
f 360 2131 2128
f 2131 359 2122
f 2128 2122 325
f 2131 2122 2128
f 325 2133 2128
f 2133 361 2137
f 2128 2137 360
f 2133 2137 2128
f 346 2129 2080
f 2129 360 2130
f 2080 2130 347
f 2129 2130 2080
f 347 2130 2134
f 2130 360 2137
f 2134 2137 361
f 2130 2137 2134
f 324 2132 2024
f 2132 361 2133
f 2024 2133 325
f 2132 2133 2024
f 362 2143 2139
f 2143 361 2132
f 2139 2132 324
f 2143 2132 2139
f 416 2478 2396
f 2478 453 2479
f 2396 2479 422
f 2478 2479 2396
f 369 2214 2178
f 2214 377 2212
f 2178 2212 69
f 2214 2212 2178
f 68 1298 1303
f 1298 63 1302
f 1303 1302 69
f 1298 1302 1303
f 370 2215 2181
f 2215 377 2214
f 2181 2214 369
f 2215 2214 2181
f 176 2213 2179
f 2213 377 2215
f 2179 2215 370
f 2213 2215 2179
f 909 3637 3638
f 3637 815 3635
f 3638 3635 908
f 3637 3635 3638
f 908 4339 3638
f 4339 1135 4340
f 3638 4340 909
f 4339 4340 3638
f 827 3483 3482
f 3483 815 3447
f 3482 3447 790
f 3483 3447 3482
f 827 4396 4383
f 4396 1149 4398
f 4383 4398 1147
f 4396 4398 4383
f 827 3482 4396
f 3482 790 4394
f 4396 4394 1149
f 3482 4394 4396
f 1144 4372 4378
f 4372 837 4377
f 4378 4377 1145
f 4372 4377 4378
f 1145 4836 4811
f 4836 1225 4839
f 4811 4839 1221
f 4836 4839 4811
f 471 2520 2524
f 2520 1 2509
f 2524 2509 466
f 2520 2509 2524
f 1230 4869 4870
f 4869 1194 4679
f 4870 4679 1195
f 4869 4679 4870
f 1199 4698 4871
f 4698 1194 4869
f 4871 4869 1230
f 4698 4869 4871
f 1230 4867 4864
f 4867 979 3793
f 4864 3793 15
f 4867 3793 4864
f 983 4841 3806
f 4841 1226 4840
f 3806 4840 683
f 4841 4840 3806
f 979 4867 3809
f 4867 1230 4868
f 3809 4868 983
f 4867 4868 3809
f 477 4865 2565
f 4865 1230 4864
f 2565 4864 15
f 4865 4864 2565
f 812 3444 3445
f 3444 809 3442
f 3445 3442 811
f 3444 3442 3445
f 809 3441 3442
f 3441 810 3443
f 3442 3443 811
f 3441 3443 3442
f 1218 4792 4791
f 4792 811 3443
f 4791 3443 810
f 4792 3443 4791
f 881 3578 3633
f 3578 809 3632
f 3633 3632 907
f 3578 3632 3633
f 881 3579 3578
f 3579 831 3492
f 3578 3492 809
f 3579 3492 3578
f 881 4684 3579
f 4684 1197 4683
f 3579 4683 831
f 4684 4683 3579
f 881 3633 4686
f 3633 907 4688
f 4686 4688 1198
f 3633 4688 4686
f 1198 4690 4686
f 4690 1197 4684
f 4686 4684 881
f 4690 4684 4686
f 834 4678 3498
f 4678 1195 4677
f 3498 4677 826
f 4678 4677 3498
f 826 3493 3498
f 3493 831 3499
f 3498 3499 834
f 3493 3499 3498
f 1196 4682 4681
f 4682 1195 4678
f 4681 4678 834
f 4682 4678 4681
f 834 3499 4681
f 3499 831 4680
f 4681 4680 1196
f 3499 4680 4681
f 889 3600 3593
f 3600 891 3599
f 3593 3599 809
f 3600 3599 3593
f 889 3594 4541
f 3594 888 4540
f 4541 4540 1175
f 3594 4540 4541
f 907 3632 3634
f 3632 809 3601
f 3634 3601 892
f 3632 3601 3634
f 809 3599 3601
f 3599 891 3602
f 3601 3602 892
f 3599 3602 3601
f 1198 4688 4687
f 4688 907 3634
f 4687 3634 892
f 4688 3634 4687
f 209 1683 1691
f 1683 188 1689
f 1691 1689 210
f 1683 1689 1691
f 209 1699 1684
f 1699 212 1696
f 1684 1696 189
f 1699 1696 1684
f 189 1633 1684
f 1633 188 1683
f 1684 1683 209
f 1633 1683 1684
f 1188 4624 4623
f 4624 1187 4611
f 4623 4611 965
f 4624 4611 4623
f 630 2841 2839
f 2841 627 2830
f 2839 2830 583
f 2841 2830 2839
f 1244 4959 4960
f 4959 1187 4624
f 4960 4624 1188
f 4959 4624 4960
f 777 3357 3350
f 3357 778 3356
f 3350 3356 727
f 3357 3356 3350
f 726 3136 3132
f 3136 730 3137
f 3132 3137 727
f 3136 3137 3132
f 778 3355 3356
f 3355 724 3131
f 3356 3131 727
f 3355 3131 3356
f 727 3131 3132
f 3131 724 3129
f 3132 3129 726
f 3131 3129 3132
f 949 3739 3740
f 3739 953 3741
f 3740 3741 954
f 3739 3741 3740
f 1124 4271 4289
f 4271 936 4287
f 4289 4287 1126
f 4271 4287 4289
f 1126 4878 4289
f 4878 1231 4877
f 4289 4877 1124
f 4878 4877 4289
f 549 4921 4245
f 4921 1238 4926
f 4245 4926 1122
f 4921 4926 4245
f 532 2690 2695
f 2690 545 2696
f 2695 2696 548
f 2690 2696 2695
f 1122 4266 4255
f 4266 1123 4265
f 4255 4265 1028
f 4266 4265 4255
f 1028 3956 4255
f 3956 545 4243
f 4255 4243 1122
f 3956 4243 4255
f 1028 3958 3956
f 3958 548 2696
f 3956 2696 545
f 3958 2696 3956
f 809 3458 3494
f 3458 815 3495
f 3494 3495 832
f 3458 3495 3494
f 815 3490 3495
f 3490 830 3496
f 3495 3496 832
f 3490 3496 3495
f 1121 4232 4231
f 4232 833 3497
f 4231 3497 832
f 4232 3497 4231
f 1239 4929 4930
f 4929 1119 4242
f 4930 4242 1121
f 4929 4242 4930
f 536 4212 4927
f 4212 1119 4929
f 4927 4929 1239
f 4212 4929 4927
f 544 4213 2689
f 4213 1119 4212
f 2689 4212 536
f 4213 4212 2689
f 536 2981 2689
f 2981 671 2983
f 2689 2983 544
f 2981 2983 2689
f 1120 4228 4219
f 4228 1119 4213
f 4219 4213 544
f 4228 4213 4219
f 639 2864 2866
f 2864 532 2862
f 2866 2862 638
f 2864 2862 2866
f 638 2868 2866
f 2868 640 2869
f 2866 2869 639
f 2868 2869 2866
f 641 2984 2870
f 2984 671 2981
f 2870 2981 536
f 2984 2981 2870
f 643 2985 2877
f 2985 671 2984
f 2877 2984 641
f 2985 2984 2877
f 675 2993 2992
f 2993 640 2868
f 2992 2868 638
f 2993 2868 2992
f 769 3315 3311
f 3315 768 3307
f 3311 3307 675
f 3315 3307 3311
f 864 3548 3547
f 3548 830 3490
f 3547 3490 815
f 3548 3490 3547
f 1015 4324 4331
f 4324 1131 4332
f 4331 4332 1132
f 4324 4332 4331
f 1021 4325 3927
f 4325 1131 4324
f 3927 4324 1015
f 4325 4324 3927
f 841 3658 3662
f 3658 920 3663
f 3662 3663 921
f 3658 3663 3662
f 815 3657 3508
f 3657 920 3658
f 3508 3658 841
f 3657 3658 3508
f 841 3510 4329
f 3510 840 4328
f 4329 4328 1132
f 3510 4328 4329
f 1237 4919 4914
f 4919 1131 4325
f 4914 4325 1021
f 4919 4325 4914
f 1237 4916 4917
f 4916 1023 4311
f 4917 4311 1129
f 4916 4311 4917
f 872 3561 3665
f 3561 815 3664
f 3665 3664 922
f 3561 3664 3665
f 609 2786 2782
f 2786 610 2785
f 2782 2785 605
f 2786 2785 2782
f 765 3296 3295
f 3296 610 2786
f 3295 2786 609
f 3296 2786 3295
f 600 3246 3249
f 3246 753 3252
f 3249 3252 754
f 3246 3252 3249
f 753 3255 3252
f 3255 755 3256
f 3252 3256 754
f 3255 3256 3252
f 754 3256 3251
f 3256 755 3253
f 3251 3253 686
f 3256 3253 3251
f 1171 4532 4527
f 4532 1172 4531
f 4527 4531 988
f 4532 4531 4527
f 988 4856 4527
f 4856 1228 4858
f 4527 4858 1171
f 4856 4858 4527
f 1171 4858 4528
f 4858 1228 4857
f 4528 4857 1170
f 4858 4857 4528
f 1198 4687 4689
f 4687 892 4525
f 4689 4525 1170
f 4687 4525 4689
f 1170 4524 4528
f 4524 891 4526
f 4528 4526 1171
f 4524 4526 4528
f 1170 4525 4524
f 4525 892 3602
f 4524 3602 891
f 4525 3602 4524
f 1198 4689 4849
f 4689 1170 4848
f 4849 4848 1227
f 4689 4848 4849
f 1227 4848 4859
f 4848 1170 4857
f 4859 4857 1228
f 4848 4857 4859
f 1227 4850 4849
f 4850 1226 4845
f 4849 4845 1198
f 4850 4845 4849
f 1227 4847 4850
f 4847 984 4842
f 4850 4842 1226
f 4847 4842 4850
f 686 3253 3025
f 3253 755 3254
f 3025 3254 687
f 3253 3254 3025
f 683 3810 3024
f 3810 984 3811
f 3024 3811 687
f 3810 3811 3024
f 106 2766 1392
f 2766 605 2767
f 1392 2767 107
f 2766 2767 1392
f 985 3814 4542
f 3814 594 4538
f 4542 4538 1175
f 3814 4538 4542
f 602 2764 2792
f 2764 594 2791
f 2792 2791 612
f 2764 2791 2792
f 1175 4539 4547
f 4539 887 4545
f 4547 4545 1176
f 4539 4545 4547
f 618 2825 2805
f 2825 624 2824
f 2805 2824 617
f 2825 2824 2805
f 619 2811 2810
f 2811 618 2805
f 2810 2805 617
f 2811 2805 2810
f 606 2776 2775
f 2776 605 2772
f 2775 2772 602
f 2776 2772 2775
f 602 2777 2775
f 2777 607 2778
f 2775 2778 606
f 2777 2778 2775
f 102 1396 3193
f 1396 109 3195
f 3193 3195 745
f 1396 3195 3193
f 1174 4536 4544
f 4536 889 4541
f 4544 4541 1175
f 4536 4541 4544
f 1173 4533 4537
f 4533 889 4536
f 4537 4536 1174
f 4533 4536 4537
f 797 3421 4432
f 3421 796 4431
f 4432 4431 1156
f 3421 4431 4432
f 798 3455 3422
f 3455 815 3454
f 3422 3454 797
f 3455 3454 3422
f 815 3453 3454
f 3453 796 3421
f 3454 3421 797
f 3453 3421 3454
f 795 3420 3452
f 3420 796 3453
f 3452 3453 815
f 3420 3453 3452
f 795 4446 4430
f 4446 1157 4452
f 4430 4452 1156
f 4446 4452 4430
f 1156 4431 4430
f 4431 796 3420
f 4430 3420 795
f 4431 3420 4430
f 416 2391 4084
f 2391 421 4085
f 4084 4085 1069
f 2391 4085 4084
f 1151 4412 4405
f 4412 1152 4409
f 4405 4409 1069
f 4412 4409 4405
f 798 3422 4424
f 3422 797 4423
f 4424 4423 1155
f 3422 4423 4424
f 1155 4423 4443
f 4423 797 4432
f 4443 4432 1156
f 4423 4432 4443
f 95 1368 2274
f 1368 94 2273
f 2274 2273 387
f 1368 2273 2274
f 323 2021 2013
f 2021 324 2020
f 2013 2020 281
f 2021 2020 2013
f 362 2139 2138
f 2139 324 2021
f 2138 2021 323
f 2139 2021 2138
f 819 3469 3470
f 3469 815 3467
f 3470 3467 818
f 3469 3467 3470
f 819 3468 3469
f 3468 813 3459
f 3469 3459 815
f 3468 3459 3469
f 818 4515 3470
f 4515 1169 4516
f 3470 4516 819
f 4515 4516 3470
f 819 4516 4510
f 4516 1169 4523
f 4510 4523 1168
f 4516 4523 4510
f 1168 4509 4510
f 4509 813 3468
f 4510 3468 819
f 4509 3468 4510
f 1166 4490 4508
f 4490 813 4501
f 4508 4501 1167
f 4490 4501 4508
f 1167 4501 4514
f 4501 813 4509
f 4514 4509 1168
f 4501 4509 4514
f 814 3446 4491
f 3446 813 4490
f 4491 4490 1166
f 3446 4490 4491
f 815 3459 3460
f 3459 813 3446
f 3460 3446 814
f 3459 3446 3460
f 1166 4500 4491
f 4500 1148 4386
f 4491 4386 814
f 4500 4386 4491
f 814 4386 3460
f 4386 1148 4387
f 3460 4387 815
f 4386 4387 3460
f 820 3474 3471
f 3474 821 3473
f 3471 3473 815
f 3474 3473 3471
f 1161 4478 4469
f 4478 1162 4474
f 4469 4474 791
f 4478 4474 4469
f 791 3472 4469
f 3472 821 4470
f 4469 4470 1161
f 3472 4470 4469
f 815 3473 3448
f 3473 821 3472
f 3448 3472 791
f 3473 3472 3448
f 917 3651 3652
f 3651 815 3639
f 3652 3639 910
f 3651 3639 3652
f 917 3655 3651
f 3655 919 3654
f 3651 3654 815
f 3655 3654 3651
f 358 2117 2127
f 2117 326 2123
f 2127 2123 359
f 2117 2123 2127
f 359 2124 2127
f 2124 342 2120
f 2127 2120 358
f 2124 2120 2127
f 534 2717 2716
f 2717 559 2719
f 2716 2719 558
f 2717 2719 2716
f 677 2998 3002
f 2998 646 3001
f 3002 3001 678
f 2998 3001 3002
f 677 3002 3317
f 3002 678 3318
f 3317 3318 770
f 3002 3318 3317
f 638 2886 2997
f 2886 646 2998
f 2997 2998 677
f 2886 2998 2997
f 648 2892 2904
f 2892 647 2903
f 2904 2903 652
f 2892 2903 2904
f 652 3011 2904
f 3011 680 3010
f 2904 3010 648
f 3011 3010 2904
f 648 3010 3005
f 3010 680 3012
f 3005 3012 679
f 3010 3012 3005
f 679 3006 3005
f 3006 649 2895
f 3005 2895 648
f 3006 2895 3005
f 678 3001 3000
f 3001 646 2887
f 3000 2887 645
f 3001 2887 3000
f 645 3004 3000
f 3004 679 3007
f 3000 3007 678
f 3004 3007 3000
f 645 2894 3004
f 2894 649 3006
f 3004 3006 679
f 2894 3006 3004
f 650 2896 2910
f 2896 519 2909
f 2910 2909 654
f 2896 2909 2910
f 666 2960 2963
f 2960 519 2896
f 2963 2896 650
f 2960 2896 2963
f 650 2902 2898
f 2902 651 2900
f 2898 2900 525
f 2902 2900 2898
f 251 1839 1834
f 1839 252 1836
f 1834 1836 47
f 1839 1836 1834
f 47 1829 1834
f 1829 249 1835
f 1834 1835 251
f 1829 1835 1834
f 251 1835 3326
f 1835 249 3325
f 3326 3325 773
f 1835 3325 3326
f 251 3326 3003
f 3326 773 3328
f 3003 3328 679
f 3326 3328 3003
f 679 3012 3003
f 3012 680 3008
f 3003 3008 251
f 3012 3008 3003
f 680 3009 3008
f 3009 252 1839
f 3008 1839 251
f 3009 1839 3008
f 47 1836 1277
f 1836 252 1837
f 1277 1837 48
f 1836 1837 1277
f 48 1837 1278
f 1837 252 1838
f 1278 1838 49
f 1837 1838 1278
f 48 1278 1921
f 1278 49 1922
f 1921 1922 293
f 1278 1922 1921
f 681 3013 3015
f 3013 252 3009
f 3015 3009 680
f 3013 3009 3015
f 682 3016 3020
f 3016 252 3013
f 3020 3013 681
f 3016 3013 3020
f 681 3014 3020
f 3014 652 3019
f 3020 3019 682
f 3014 3019 3020
f 681 3015 3014
f 3015 680 3011
f 3014 3011 652
f 3015 3011 3014
f 921 4335 3660
f 4335 1133 4333
f 3660 4333 838
f 4335 4333 3660
f 1140 4358 4357
f 4358 920 3659
f 4357 3659 919
f 4358 3659 4357
f 516 2645 2647
f 2645 515 2646
f 2647 2646 517
f 2645 2646 2647
f 910 3640 4345
f 3640 909 4344
f 4345 4344 1136
f 3640 4344 4345
f 909 4340 4344
f 4340 1135 4346
f 4344 4346 1136
f 4340 4346 4344
f 333 2046 2115
f 2046 328 2113
f 2115 2113 357
f 2046 2113 2115
f 357 2114 2115
f 2114 332 2048
f 2115 2048 333
f 2114 2048 2115
f 702 3401 3409
f 3401 786 3410
f 3409 3410 788
f 3401 3410 3409
f 701 3054 3050
f 3054 702 3053
f 3050 3053 700
f 3054 3053 3050
f 701 3400 3054
f 3400 786 3401
f 3054 3401 702
f 3400 3401 3054
f 692 4078 3381
f 4078 1067 4079
f 3381 4079 783
f 4078 4079 3381
f 783 3402 3381
f 3402 786 3399
f 3381 3399 692
f 3402 3399 3381
f 786 3400 3399
f 3400 701 3049
f 3399 3049 692
f 3400 3049 3399
f 692 3995 4078
f 3995 1039 4080
f 4078 4080 1067
f 3995 4080 4078
f 692 3029 3995
f 3029 691 3994
f 3995 3994 1039
f 3029 3994 3995
f 571 2736 2737
f 2736 509 2634
f 2737 2634 511
f 2736 2634 2737
f 511 3987 2737
f 3987 1037 3989
f 2737 3989 571
f 3987 3989 2737
f 1037 3990 3989
f 3990 1036 3984
f 3989 3984 571
f 3990 3984 3989
f 509 2736 3030
f 2736 571 3031
f 3030 3031 693
f 2736 3031 3030
f 693 3031 3985
f 3031 571 3984
f 3985 3984 1036
f 3031 3984 3985
f 1232 4883 4882
f 4883 1136 4346
f 4882 4346 1135
f 4883 4346 4882
f 1232 4880 4881
f 4880 1036 3990
f 4881 3990 1037
f 4880 3990 4881
f 1037 4888 4881
f 4888 1233 4892
f 4881 4892 1232
f 4888 4892 4881
f 1147 4398 4384
f 4398 1149 4397
f 4384 4397 1071
f 4398 4397 4384
f 1071 4835 4384
f 4835 1225 4838
f 4384 4838 1147
f 4835 4838 4384
f 1071 4091 4835
f 4091 458 4833
f 4835 4833 1225
f 4091 4833 4835
f 421 2389 2392
f 2389 412 2387
f 2392 2387 420
f 2389 2387 2392
f 420 2387 4077
f 2387 412 4076
f 4077 4076 1067
f 2387 4076 4077
f 420 4831 2392
f 4831 1225 4832
f 2392 4832 421
f 4831 4832 2392
f 420 4077 4831
f 4077 1067 4834
f 4831 4834 1225
f 4077 4834 4831
f 273 2033 1890
f 2033 328 2032
f 1890 2032 271
f 2033 2032 1890
f 421 2388 2390
f 2388 408 2369
f 2390 2369 413
f 2388 2369 2390
f 413 2370 2390
f 2370 412 2389
f 2390 2389 421
f 2370 2389 2390
f 709 3084 3392
f 3084 704 3391
f 3392 3391 785
f 3084 3391 3392
f 702 3058 3083
f 3058 704 3084
f 3083 3084 709
f 3058 3084 3083
f 785 3391 3390
f 3391 704 3059
f 3390 3059 703
f 3391 3059 3390
f 703 3059 3079
f 3059 704 3080
f 3079 3080 708
f 3059 3080 3079
f 708 3082 3079
f 3082 707 3073
f 3079 3073 703
f 3082 3073 3079
f 1142 4371 4823
f 4371 1143 4824
f 4823 4824 1223
f 4371 4824 4823
f 1223 4822 4821
f 4822 1041 4005
f 4821 4005 1040
f 4822 4005 4821
f 1223 4824 4822
f 4824 1143 4370
f 4822 4370 1041
f 4824 4370 4822
f 1144 4378 4816
f 4378 1145 4817
f 4816 4817 1222
f 4378 4817 4816
f 1222 4815 4816
f 4815 1143 4374
f 4816 4374 1144
f 4815 4374 4816
f 1041 4370 4814
f 4370 1143 4815
f 4814 4815 1222
f 4370 4815 4814
f 1221 4809 4818
f 4809 1039 4813
f 4818 4813 1222
f 4809 4813 4818
f 1222 4817 4818
f 4817 1145 4811
f 4818 4811 1221
f 4817 4811 4818
f 340 2065 2116
f 2065 332 2114
f 2116 2114 357
f 2065 2114 2116
f 331 2045 2064
f 2045 332 2065
f 2064 2065 340
f 2045 2065 2064
f 357 2121 2116
f 2121 358 2119
f 2116 2119 340
f 2121 2119 2116
f 340 2119 2069
f 2119 358 2120
f 2069 2120 342
f 2119 2120 2069
f 344 2125 2077
f 2125 359 2126
f 2077 2126 346
f 2125 2126 2077
f 344 2073 2125
f 2073 342 2124
f 2125 2124 359
f 2073 2124 2125
f 617 3209 3179
f 3209 747 3214
f 3179 3214 741
f 3209 3214 3179
f 741 3214 3178
f 3214 747 3208
f 3178 3208 615
f 3214 3208 3178
f 741 3180 3179
f 3180 619 2810
f 3179 2810 617
f 3180 2810 3179
f 615 2809 3178
f 2809 619 3180
f 3178 3180 741
f 2809 3180 3178
f 968 3767 3766
f 3767 957 3744
f 3766 3744 809
f 3767 3744 3766
f 968 3786 3789
f 3786 976 3790
f 3789 3790 977
f 3786 3790 3789
f 974 3787 3781
f 3787 976 3786
f 3781 3786 968
f 3787 3786 3781
f 890 3596 3597
f 3596 887 3592
f 3597 3592 888
f 3596 3592 3597
f 888 3594 3597
f 3594 889 3598
f 3597 3598 890
f 3594 3598 3597
f 890 4546 3596
f 4546 1176 4545
f 3596 4545 887
f 4546 4545 3596
f 809 3629 3595
f 3629 906 3631
f 3595 3631 890
f 3629 3631 3595
f 890 3598 3595
f 3598 889 3593
f 3595 3593 809
f 3598 3593 3595
f 904 3623 3624
f 3623 879 3577
f 3624 3577 880
f 3623 3577 3624
f 809 3622 3576
f 3622 904 3624
f 3576 3624 880
f 3622 3624 3576
f 880 3630 3576
f 3630 906 3629
f 3576 3629 809
f 3630 3629 3576
f 731 3141 3143
f 3141 730 3142
f 3143 3142 732
f 3141 3142 3143
f 732 3147 3143
f 3147 733 3146
f 3143 3146 731
f 3147 3146 3143
f 732 3142 3243
f 3142 730 3242
f 3243 3242 752
f 3142 3242 3243
f 752 3244 3243
f 3244 733 3147
f 3243 3147 732
f 3244 3147 3243
f 599 3832 3834
f 3832 992 3835
f 3834 3835 993
f 3832 3835 3834
f 599 3849 3851
f 3849 999 3853
f 3851 3853 1000
f 3849 3853 3851
f 1000 3853 4662
f 3853 999 4661
f 4662 4661 1192
f 3853 4661 4662
f 934 4637 3716
f 4637 1190 4638
f 3716 4638 941
f 4637 4638 3716
f 948 3731 3726
f 3731 949 3730
f 3726 3730 943
f 3731 3730 3726
f 749 3222 3225
f 3222 628 3117
f 3225 3117 722
f 3222 3117 3225
f 722 3122 3119
f 3122 723 3121
f 3119 3121 719
f 3122 3121 3119
f 589 2802 3888
f 2802 616 3889
f 3888 3889 1012
f 2802 3889 3888
f 1011 4969 3890
f 4969 1246 4970
f 3890 4970 1012
f 4969 4970 3890
f 622 2817 2816
f 2817 616 2802
f 2816 2802 589
f 2817 2802 2816
f 622 2818 2821
f 2818 621 2820
f 2821 2820 623
f 2818 2820 2821
f 623 2819 2821
f 2819 616 2817
f 2821 2817 622
f 2819 2817 2821
f 204 2283 1672
f 2283 388 2281
f 1672 2281 197
f 2283 2281 1672
f 197 2281 1660
f 2281 388 2282
f 1660 2282 199
f 2281 2282 1660
f 163 1779 1552
f 1779 233 1780
f 1552 1780 164
f 1779 1780 1552
f 388 2284 2277
f 2284 384 2255
f 2277 2255 71
f 2284 2255 2277
f 72 1312 1305
f 1312 74 1311
f 1305 1311 70
f 1312 1311 1305
f 70 1304 1305
f 1304 71 1306
f 1305 1306 72
f 1304 1306 1305
f 72 1306 2256
f 1306 71 2255
f 2256 2255 384
f 1306 2255 2256
f 764 3299 3284
f 3299 765 3291
f 3284 3291 122
f 3299 3291 3284
f 122 1436 3284
f 1436 123 3285
f 3284 3285 764
f 1436 3285 3284
f 122 3291 1438
f 3291 765 3292
f 1438 3292 124
f 3291 3292 1438
f 130 3282 1458
f 3282 763 3281
f 1458 3281 129
f 3282 3281 1458
f 129 1463 1458
f 1463 132 1464
f 1458 1464 130
f 1463 1464 1458
f 764 3285 3286
f 3285 123 1454
f 3286 1454 129
f 3285 1454 3286
f 129 3281 3286
f 3281 763 3289
f 3286 3289 764
f 3281 3289 3286
f 756 3276 3269
f 3276 761 3277
f 3269 3277 759
f 3276 3277 3269
f 762 3279 3278
f 3279 756 3257
f 3278 3257 130
f 3279 3257 3278
f 130 3275 3278
f 3275 761 3280
f 3278 3280 762
f 3275 3280 3278
f 762 3280 3279
f 3280 761 3276
f 3279 3276 756
f 3280 3276 3279
f 781 3371 3378
f 3371 759 3376
f 3378 3376 782
f 3371 3376 3378
f 782 3376 3377
f 3376 759 3277
f 3377 3277 761
f 3376 3277 3377
f 213 1700 1704
f 1700 206 1703
f 1704 1703 214
f 1700 1703 1704
f 623 2820 3176
f 2820 621 3175
f 3176 3175 740
f 2820 3175 3176
f 621 3215 3175
f 3215 748 3220
f 3175 3220 740
f 3215 3220 3175
f 740 3177 3176
f 3177 624 2826
f 3176 2826 623
f 3177 2826 3176
f 740 3220 3177
f 3220 748 3216
f 3177 3216 624
f 3220 3216 3177
f 749 3221 3226
f 3221 621 3172
f 3226 3172 739
f 3221 3172 3226
f 739 3173 3226
f 3173 628 3222
f 3226 3222 749
f 3173 3222 3226
f 718 3106 3224
f 3106 717 3223
f 3224 3223 749
f 3106 3223 3224
f 718 3115 3106
f 3115 721 3114
f 3106 3114 717
f 3115 3114 3106
f 749 3225 3224
f 3225 722 3118
f 3224 3118 718
f 3225 3118 3224
f 719 3107 3111
f 3107 115 3109
f 3111 3109 720
f 3107 3109 3111
f 720 3109 3116
f 3109 115 3113
f 3116 3113 721
f 3109 3113 3116
f 721 3115 3116
f 3115 718 3110
f 3116 3110 720
f 3115 3110 3116
f 720 3120 3111
f 3120 722 3119
f 3111 3119 719
f 3120 3119 3111
f 720 3110 3120
f 3110 718 3118
f 3120 3118 722
f 3110 3118 3120
f 40 1417 1420
f 1417 115 1421
f 1420 1421 116
f 1417 1421 1420
f 40 1428 1271
f 1428 119 1429
f 1271 1429 42
f 1428 1429 1271
f 116 1430 1420
f 1430 119 1428
f 1420 1428 40
f 1430 1428 1420
f 40 2209 1593
f 2209 377 2213
f 1593 2213 176
f 2209 2213 1593
f 42 2210 1271
f 2210 377 2209
f 1271 2209 40
f 2210 2209 1271
f 37 1408 1567
f 1408 113 1568
f 1567 1568 169
f 1408 1568 1567
f 169 1576 1567
f 1576 171 1572
f 1567 1572 37
f 1576 1572 1567
f 105 1401 1390
f 1401 111 1402
f 1390 1402 106
f 1401 1402 1390
f 106 1392 1390
f 1392 107 1391
f 1390 1391 105
f 1392 1391 1390
f 362 2138 2141
f 2138 323 2104
f 2141 2104 355
f 2138 2104 2141
f 355 2104 2103
f 2104 323 2017
f 2103 2017 322
f 2104 2017 2103
f 316 2058 1997
f 2058 337 2059
f 1997 2059 318
f 2058 2059 1997
f 90 1349 2230
f 1349 74 2229
f 2230 2229 380
f 1349 2229 2230
f 380 2231 2230
f 2231 91 1351
f 2230 1351 90
f 2231 1351 2230
f 70 1311 1348
f 1311 74 1349
f 1348 1349 90
f 1311 1349 1348
f 90 1351 1348
f 1351 91 1350
f 1348 1350 70
f 1351 1350 1348
f 291 1952 1984
f 1952 302 1985
f 1984 1985 313
f 1952 1985 1984
f 313 2205 1984
f 2205 376 2203
f 1984 2203 291
f 2205 2203 1984
f 291 2203 2194
f 2203 376 2207
f 2194 2207 373
f 2203 2207 2194
f 338 2061 2060
f 2061 316 1993
f 2060 1993 314
f 2061 1993 2060
f 314 1988 1987
f 1988 302 1955
f 1987 1955 301
f 1988 1955 1987
f 314 1993 1989
f 1993 316 1992
f 1989 1992 313
f 1993 1992 1989
f 313 1985 1989
f 1985 302 1988
f 1989 1988 314
f 1985 1988 1989
f 65 2197 1294
f 2197 374 2198
f 1294 2198 67
f 2197 2198 1294
f 63 2196 1290
f 2196 374 2197
f 1290 2197 65
f 2196 2197 1290
f 380 2237 2232
f 2237 376 2206
f 2232 2206 315
f 2237 2206 2232
f 380 2235 2236
f 2235 374 2202
f 2236 2202 375
f 2235 2202 2236
f 375 2208 2236
f 2208 376 2237
f 2236 2237 380
f 2208 2237 2236
f 373 2207 2201
f 2207 376 2208
f 2201 2208 375
f 2207 2208 2201
f 375 2200 2201
f 2200 63 2193
f 2201 2193 373
f 2200 2193 2201
f 375 2202 2200
f 2202 374 2196
f 2200 2196 63
f 2202 2196 2200
f 351 2088 2089
f 2088 337 2062
f 2089 2062 338
f 2088 2062 2089
f 351 2090 2135
f 2090 347 2134
f 2135 2134 361
f 2090 2134 2135
f 281 2020 1902
f 2020 324 2019
f 1902 2019 279
f 2020 2019 1902
f 409 2356 2374
f 2356 408 2373
f 2374 2373 416
f 2356 2373 2374
f 416 2375 2374
f 2375 410 2359
f 2374 2359 409
f 2375 2359 2374
f 276 2351 2355
f 2351 408 2356
f 2355 2356 409
f 2351 2356 2355
f 403 2393 2398
f 2393 422 2401
f 2398 2401 423
f 2393 2401 2398
f 416 2396 2372
f 2396 422 2394
f 2372 2394 406
f 2396 2394 2372
f 369 2178 2176
f 2178 69 1301
f 2176 1301 62
f 2178 1301 2176
f 62 1301 1287
f 1301 69 1302
f 1287 1302 63
f 1301 1302 1287
f 44 1274 1296
f 1274 45 1297
f 1296 1297 68
f 1274 1297 1296
f 68 1303 1296
f 1303 69 1300
f 1296 1300 44
f 1303 1300 1296
f 118 1426 1425
f 1426 45 1274
f 1425 1274 44
f 1426 1274 1425
f 372 2191 2192
f 2191 370 2187
f 2192 2187 371
f 2191 2187 2192
f 371 2185 2192
f 2185 202 2189
f 2192 2189 372
f 2185 2189 2192
f 384 2258 2261
f 2258 202 2185
f 2261 2185 371
f 2258 2185 2261
f 371 2187 2186
f 2187 370 2181
f 2186 2181 369
f 2187 2181 2186
f 178 2180 2188
f 2180 370 2191
f 2188 2191 372
f 2180 2191 2188
f 178 1600 1599
f 1600 177 1598
f 1599 1598 176
f 1600 1598 1599
f 176 2179 1599
f 2179 370 2180
f 1599 2180 178
f 2179 2180 1599
f 861 4369 4365
f 4369 1143 4371
f 4365 4371 1142
f 4369 4371 4365
f 836 4376 3505
f 4376 1145 4377
f 3505 4377 837
f 4376 4377 3505
f 435 2437 2439
f 2437 430 2434
f 2439 2434 434
f 2437 2434 2439
f 189 1696 1638
f 1696 212 1697
f 1638 1697 190
f 1696 1697 1638
f 212 1707 1697
f 1707 215 1706
f 1697 1706 190
f 1707 1706 1697
f 2 2521 2507
f 2521 471 2523
f 2507 2523 465
f 2521 2523 2507
f 471 2524 2523
f 2524 466 2512
f 2523 2512 465
f 2524 2512 2523
f 467 2513 2525
f 2513 1 2520
f 2525 2520 471
f 2513 2520 2525
f 96 1370 1369
f 1370 94 1361
f 1369 1361 2
f 1370 1361 1369
f 139 2510 1485
f 2510 466 2509
f 1485 2509 1
f 2510 2509 1485
f 226 1751 1745
f 1751 227 1750
f 1745 1750 224
f 1751 1750 1745
f 224 1738 1745
f 1738 219 1744
f 1745 1744 226
f 1738 1744 1745
f 84 2268 2264
f 2268 386 2271
f 2264 2271 385
f 2268 2271 2264
f 1229 4861 4862
f 4861 1195 4682
f 4862 4682 1196
f 4861 4682 4862
f 1229 4872 4861
f 4872 1230 4870
f 4861 4870 1195
f 4872 4870 4861
f 1196 4843 4862
f 4843 1226 4863
f 4862 4863 1229
f 4843 4863 4862
f 1226 4841 4863
f 4841 983 4860
f 4863 4860 1229
f 4841 4860 4863
f 1229 4860 4872
f 4860 983 4868
f 4872 4868 1230
f 4860 4868 4872
f 1199 4871 4691
f 4871 1230 4866
f 4691 4866 480
f 4871 4866 4691
f 1230 4865 4866
f 4865 477 2571
f 4866 2571 480
f 4865 2571 4866
f 757 3808 3260
f 3808 983 3806
f 3260 3806 683
f 3808 3806 3260
f 757 3263 3264
f 3263 755 3259
f 3264 3259 756
f 3263 3259 3264
f 683 3024 3260
f 3024 687 3262
f 3260 3262 757
f 3024 3262 3260
f 757 3262 3263
f 3262 687 3254
f 3263 3254 755
f 3262 3254 3263
f 15 3793 1256
f 3793 979 3794
f 1256 3794 16
f 3793 3794 1256
f 16 1528 1256
f 1528 154 1527
f 1256 1527 15
f 1528 1527 1256
f 211 1694 1692
f 1694 188 1628
f 1692 1628 155
f 1694 1628 1692
f 476 2567 2560
f 2567 477 2563
f 2560 2563 13
f 2567 2563 2560
f 1061 4061 4060
f 4061 477 2567
f 4060 2567 476
f 4061 2567 4060
f 473 2541 2543
f 2541 467 2525
f 2543 2525 471
f 2541 2525 2543
f 468 2518 2542
f 2518 467 2541
f 2542 2541 473
f 2518 2541 2542
f 812 3445 4788
f 3445 811 4787
f 4788 4787 1217
f 3445 4787 4788
f 809 3463 4709
f 3463 817 4711
f 4709 4711 1202
f 3463 4711 4709
f 1202 4711 4719
f 4711 817 4716
f 4719 4716 1203
f 4711 4716 4719
f 1202 4710 4709
f 4710 810 3441
f 4709 3441 809
f 4710 3441 4709
f 1202 4796 4710
f 4796 1218 4791
f 4710 4791 810
f 4796 4791 4710
f 801 4777 4699
f 4777 1215 4781
f 4699 4781 1200
f 4777 4781 4699
f 1200 4781 4704
f 4781 1215 4778
f 4704 4778 1065
f 4781 4778 4704
f 1172 4529 4530
f 4529 891 3628
f 4530 3628 905
f 4529 3628 4530
f 891 3600 3628
f 3600 889 3627
f 3628 3627 905
f 3600 3627 3628
f 905 4534 4530
f 4534 1173 4535
f 4530 4535 1172
f 4534 4535 4530
f 905 3627 4534
f 3627 889 4533
f 4534 4533 1173
f 3627 4533 4534
f 207 1678 1701
f 1678 206 1700
f 1701 1700 213
f 1678 1700 1701
f 213 1702 1701
f 1702 212 1698
f 1701 1698 207
f 1702 1698 1701
f 212 1699 1698
f 1699 209 1685
f 1698 1685 207
f 1699 1685 1698
f 1005 3869 3870
f 3869 583 2830
f 3870 2830 627
f 3869 2830 3870
f 1186 4618 4607
f 4618 1187 4617
f 4607 4617 1005
f 4618 4617 4607
f 1187 4610 4617
f 4610 583 3869
f 4617 3869 1005
f 4610 3869 4617
f 582 2744 4609
f 2744 583 4610
f 4609 4610 1187
f 2744 4610 4609
f 1187 4959 4609
f 4959 1244 4957
f 4609 4957 582
f 4959 4957 4609
f 582 4957 3868
f 4957 1244 4958
f 3868 4958 1004
f 4957 4958 3868
f 630 2839 2838
f 2839 583 2744
f 2838 2744 582
f 2839 2744 2838
f 582 3162 2838
f 3162 737 3163
f 2838 3163 630
f 3162 3163 2838
f 751 3239 3235
f 3239 737 3165
f 3235 3165 632
f 3239 3165 3235
f 751 3238 3237
f 3238 730 3136
f 3237 3136 726
f 3238 3136 3237
f 751 3237 3234
f 3237 726 3128
f 3234 3128 630
f 3237 3128 3234
f 630 3163 3234
f 3163 737 3239
f 3234 3239 751
f 3163 3239 3234
f 1004 4958 3867
f 4958 1244 4956
f 3867 4956 581
f 4958 4956 3867
f 581 4956 2742
f 4956 1244 4955
f 2742 4955 573
f 4956 4955 2742
f 581 2743 3867
f 2743 582 3868
f 3867 3868 1004
f 2743 3868 3867
f 737 3162 3161
f 3162 582 2743
f 3161 2743 581
f 3162 2743 3161
f 729 3138 3140
f 3138 730 3141
f 3140 3141 731
f 3138 3141 3140
f 729 3134 3138
f 3134 727 3137
f 3138 3137 730
f 3134 3137 3138
f 729 3140 3352
f 3140 731 3353
f 3352 3353 777
f 3140 3353 3352
f 777 3350 3352
f 3350 727 3134
f 3352 3134 729
f 3350 3134 3352
f 975 3785 4605
f 3785 974 4604
f 4605 4604 1186
f 3785 4604 4605
f 1186 4606 4605
f 4606 976 3788
f 4605 3788 975
f 4606 3788 4605
f 975 3788 3785
f 3788 976 3787
f 3785 3787 974
f 3788 3787 3785
f 933 3697 3715
f 3697 934 3716
f 3715 3716 941
f 3697 3716 3715
f 933 3719 3729
f 3719 943 3730
f 3729 3730 949
f 3719 3730 3729
f 1190 4637 4636
f 4637 934 3697
f 4636 3697 933
f 4637 3697 4636
f 932 4649 3696
f 4649 1191 4650
f 3696 4650 933
f 4649 4650 3696
f 933 4650 4636
f 4650 1191 4653
f 4636 4653 1190
f 4650 4653 4636
f 933 3729 3693
f 3729 949 3728
f 3693 3728 809
f 3729 3728 3693
f 550 2702 2700
f 2702 549 2698
f 2700 2698 532
f 2702 2698 2700
f 551 4923 2704
f 4923 1238 4922
f 2704 4922 550
f 4923 4922 2704
f 1238 4921 4922
f 4921 549 2702
f 4922 2702 550
f 4921 2702 4922
f 546 2692 2691
f 2692 545 2690
f 2691 2690 532
f 2692 2690 2691
f 532 2698 2691
f 2698 549 2699
f 2691 2699 546
f 2698 2699 2691
f 1122 4243 4244
f 4243 545 2692
f 4244 2692 546
f 4243 2692 4244
f 546 2699 4244
f 2699 549 4245
f 4244 4245 1122
f 2699 4245 4244
f 533 2671 2694
f 2671 532 2693
f 2694 2693 547
f 2671 2693 2694
f 532 2695 2693
f 2695 548 2697
f 2693 2697 547
f 2695 2697 2693
f 547 3957 2694
f 3957 1028 3954
f 2694 3954 533
f 3957 3954 2694
f 548 3958 2697
f 3958 1028 3957
f 2697 3957 547
f 3958 3957 2697
f 995 4671 3842
f 4671 1193 4672
f 3842 4672 996
f 4671 4672 3842
f 1193 4673 4672
f 4673 997 3846
f 4672 3846 996
f 4673 3846 4672
f 537 3838 3841
f 3838 995 3842
f 3841 3842 996
f 3838 3842 3841
f 996 3846 3841
f 3846 997 3843
f 3841 3843 537
f 3846 3843 3841
f 1120 4218 4220
f 4218 500 2853
f 4220 2853 635
f 4218 2853 4220
f 635 2853 2854
f 2853 500 2678
f 2854 2678 537
f 2853 2678 2854
f 537 3843 2854
f 3843 997 3844
f 2854 3844 635
f 3843 3844 2854
f 886 3588 3589
f 3588 848 3571
f 3589 3571 876
f 3588 3571 3589
f 857 3572 3530
f 3572 876 3569
f 3530 3569 809
f 3572 3569 3530
f 809 3494 3530
f 3494 832 3531
f 3530 3531 857
f 3494 3531 3530
f 1119 4216 4215
f 4216 858 3535
f 4215 3535 857
f 4216 3535 4215
f 868 3555 3554
f 3555 832 3496
f 3554 3496 830
f 3555 3496 3554
f 936 4271 3702
f 4271 1124 4269
f 3702 4269 914
f 4271 4269 3702
f 875 3568 4262
f 3568 874 4261
f 4262 4261 1123
f 3568 4261 4262
f 875 4262 4252
f 4262 1123 4266
f 4252 4266 1122
f 4262 4266 4252
f 1122 4248 4252
f 4248 851 3566
f 4252 3566 875
f 4248 3566 4252
f 1031 3965 4240
f 3965 501 4229
f 4240 4229 1121
f 3965 4229 4240
f 1121 4229 4230
f 4229 501 2688
f 4230 2688 543
f 4229 2688 4230
f 536 4927 3970
f 4927 1239 4928
f 3970 4928 1032
f 4927 4928 3970
f 1032 3969 3970
f 3969 501 2677
f 3970 2677 536
f 3969 2677 3970
f 1032 3971 3969
f 3971 543 2688
f 3969 2688 501
f 3971 2688 3969
f 1032 4928 4241
f 4928 1239 4930
f 4241 4930 1121
f 4928 4930 4241
f 1121 4230 4241
f 4230 543 3971
f 4241 3971 1032
f 4230 3971 4241
f 541 4920 2703
f 4920 1238 4923
f 2703 4923 551
f 4920 4923 2703
f 541 3959 4920
f 3959 1029 4924
f 4920 4924 1238
f 3959 4924 4920
f 551 2704 2703
f 2704 550 2701
f 2703 2701 541
f 2704 2701 2703
f 541 2701 2685
f 2701 550 2700
f 2685 2700 532
f 2701 2700 2685
f 694 3035 3033
f 3035 671 2982
f 3033 2982 537
f 3035 2982 3033
f 694 3034 3035
f 3034 544 2983
f 3035 2983 671
f 3034 2983 3035
f 537 2678 3033
f 2678 500 3032
f 3033 3032 694
f 2678 3032 3033
f 694 3032 4221
f 3032 500 4218
f 4221 4218 1120
f 3032 4218 4221
f 1120 4219 4221
f 4219 544 3034
f 4221 3034 694
f 4219 3034 4221
f 539 2686 2681
f 2686 541 2685
f 2681 2685 532
f 2686 2685 2681
f 538 2865 2867
f 2865 639 2869
f 2867 2869 640
f 2865 2869 2867
f 640 2872 2867
f 2872 641 2871
f 2867 2871 538
f 2872 2871 2867
f 538 2871 2680
f 2871 641 2870
f 2680 2870 536
f 2871 2870 2680
f 536 2677 2680
f 2677 501 2679
f 2680 2679 538
f 2677 2679 2680
f 501 3965 2679
f 3965 1031 3966
f 2679 3966 538
f 3965 3966 2679
f 538 3966 2683
f 3966 1031 3967
f 2683 3967 540
f 3966 3967 2683
f 540 2684 2683
f 2684 539 2682
f 2683 2682 538
f 2684 2682 2683
f 674 2994 3306
f 2994 675 3307
f 3306 3307 768
f 2994 3307 3306
f 640 2993 2988
f 2993 675 2994
f 2988 2994 674
f 2993 2994 2988
f 768 3321 3306
f 3321 771 3320
f 3306 3320 674
f 3321 3320 3306
f 931 3690 3691
f 3690 893 3686
f 3691 3686 930
f 3690 3686 3691
f 930 4293 3691
f 4293 1127 4294
f 3691 4294 931
f 4293 4294 3691
f 872 3678 3685
f 3678 927 3687
f 3685 3687 930
f 3678 3687 3685
f 930 3683 3685
f 3683 815 3561
f 3685 3561 872
f 3683 3561 3685
f 930 3684 3683
f 3684 864 3547
f 3683 3547 815
f 3684 3547 3683
f 893 3603 3686
f 3603 864 3684
f 3686 3684 930
f 3603 3684 3686
f 830 3548 3698
f 3548 864 3699
f 3698 3699 935
f 3548 3699 3698
f 1126 4287 4286
f 4287 936 3704
f 4286 3704 935
f 4287 3704 4286
f 554 4267 4874
f 4267 1124 4877
f 4874 4877 1231
f 4267 4877 4874
f 558 2719 3951
f 2719 559 3952
f 3951 3952 1027
f 2719 3952 3951
f 1027 4876 3953
f 4876 1231 4875
f 3953 4875 1026
f 4876 4875 3953
f 1026 3949 3953
f 3949 558 3951
f 3953 3951 1027
f 3949 3951 3953
f 1132 4336 4897
f 4336 1133 4898
f 4897 4898 1234
f 4336 4898 4897
f 1234 4894 4897
f 4894 1015 4331
f 4897 4331 1132
f 4894 4331 4897
f 1129 4311 4312
f 4311 1023 4303
f 4312 4303 1128
f 4311 4303 4312
f 872 4307 4297
f 4307 1129 4312
f 4297 4312 1128
f 4307 4312 4297
f 1128 4298 4297
f 4298 911 3641
f 4297 3641 872
f 4298 3641 4297
f 525 2888 2968
f 2888 647 2971
f 2968 2971 668
f 2888 2971 2968
f 1125 4281 4290
f 4281 1026 4288
f 4290 4288 1126
f 4281 4288 4290
f 1125 4275 4278
f 4275 893 3690
f 4278 3690 931
f 4275 3690 4278
f 931 4294 4278
f 4294 1127 4296
f 4278 4296 1125
f 4294 4296 4278
f 854 4320 3581
f 4320 1131 4321
f 3581 4321 882
f 4320 4321 3581
f 526 3925 2663
f 3925 1021 3924
f 2663 3924 525
f 3925 3924 2663
f 525 2968 2663
f 2968 668 2969
f 2663 2969 526
f 2968 2969 2663
f 872 3665 3672
f 3665 922 3673
f 3672 3673 925
f 3665 3673 3672
f 925 3673 3674
f 3673 922 3669
f 3674 3669 924
f 3673 3669 3674
f 925 3674 4309
f 3674 924 4308
f 4309 4308 1129
f 3674 4308 4309
f 815 3508 3523
f 3508 841 3524
f 3523 3524 853
f 3508 3524 3523
f 853 3526 3580
f 3526 854 3581
f 3580 3581 882
f 3526 3581 3580
f 1131 4320 4319
f 4320 854 3526
f 4319 3526 853
f 4320 3526 4319
f 1129 4308 4317
f 4308 924 4316
f 4317 4316 1130
f 4308 4316 4317
f 1130 4918 4317
f 4918 1237 4917
f 4317 4917 1129
f 4918 4917 4317
f 1131 4919 4326
f 4919 1237 4918
f 4326 4918 1130
f 4919 4918 4326
f 1130 4313 4326
f 4313 884 4323
f 4326 4323 1131
f 4313 4323 4326
f 922 3667 4314
f 3667 884 4313
f 4314 4313 1130
f 3667 4313 4314
f 604 2773 3188
f 2773 605 3189
f 3188 3189 743
f 2773 3189 3188
f 604 2781 2773
f 2781 609 2782
f 2773 2782 605
f 2781 2782 2773
f 1172 4535 4983
f 4535 1173 4984
f 4983 4984 1248
f 4535 4984 4983
f 1248 4982 4983
f 4982 988 4531
f 4983 4531 1172
f 4982 4531 4983
f 1173 4537 4984
f 4537 1174 4985
f 4984 4985 1248
f 4537 4985 4984
f 1248 4985 4986
f 4985 1174 4544
f 4986 4544 1175
f 4985 4544 4986
f 602 2772 2762
f 2772 605 2769
f 2762 2769 592
f 2772 2769 2762
f 742 3181 3183
f 3181 612 2799
f 3183 2799 614
f 3181 2799 3183
f 614 2800 3183
f 2800 615 3184
f 3183 3184 742
f 2800 3184 3183
f 614 2808 2800
f 2808 619 2809
f 2800 2809 615
f 2808 2809 2800
f 594 3814 2749
f 3814 985 3813
f 2749 3813 591
f 3814 3813 2749
f 591 2790 2749
f 2790 612 2791
f 2749 2791 594
f 2790 2791 2749
f 591 2798 2790
f 2798 614 2799
f 2790 2799 612
f 2798 2799 2790
f 611 2789 2788
f 2789 607 2777
f 2788 2777 602
f 2789 2777 2788
f 602 2792 2788
f 2792 612 2793
f 2788 2793 611
f 2792 2793 2788
f 102 3193 2787
f 3193 745 3197
f 2787 3197 611
f 3193 3197 2787
f 1240 4934 4931
f 4934 989 3828
f 4931 3828 590
f 4934 3828 4931
f 1240 4932 4935
f 4932 985 4542
f 4935 4542 1175
f 4932 4542 4935
f 1175 4547 4935
f 4547 1176 4936
f 4935 4936 1240
f 4547 4936 4935
f 1178 4560 4555
f 4560 1179 4559
f 4555 4559 1011
f 4560 4559 4555
f 1011 4976 4555
f 4976 1247 4979
f 4555 4979 1178
f 4976 4979 4555
f 1178 4553 4560
f 4553 879 4557
f 4560 4557 1179
f 4553 4557 4560
f 1178 4554 4553
f 4554 880 3577
f 4553 3577 879
f 4554 3577 4553
f 1177 4978 4551
f 4978 1247 4975
f 4551 4975 989
f 4978 4975 4551
f 989 4934 4551
f 4934 1240 4937
f 4551 4937 1177
f 4934 4937 4551
f 1177 4937 4552
f 4937 1240 4936
f 4552 4936 1176
f 4937 4936 4552
f 1177 4556 4978
f 4556 1178 4979
f 4978 4979 1247
f 4556 4979 4978
f 1177 4549 4550
f 4549 890 3631
f 4550 3631 906
f 4549 3631 4550
f 1176 4546 4552
f 4546 890 4549
f 4552 4549 1177
f 4546 4549 4552
f 906 3630 4550
f 3630 880 4548
f 4550 4548 1177
f 3630 4548 4550
f 880 4554 4548
f 4554 1178 4556
f 4548 4556 1177
f 4554 4556 4548
f 989 4975 3898
f 4975 1247 4977
f 3898 4977 1014
f 4975 4977 3898
f 1014 4977 3899
f 4977 1247 4976
f 3899 4976 1011
f 4977 4976 3899
f 1011 3886 3899
f 3886 618 3897
f 3899 3897 1014
f 3886 3897 3899
f 588 2801 2822
f 2801 616 2823
f 2822 2823 624
f 2801 2823 2822
f 624 2825 2822
f 2825 618 2804
f 2822 2804 588
f 2825 2804 2822
f 588 2804 3885
f 2804 618 3886
f 3885 3886 1011
f 2804 3886 3885
f 1011 3890 3885
f 3890 1012 3887
f 3885 3887 588
f 3890 3887 3885
f 588 3887 2801
f 3887 1012 3889
f 2801 3889 616
f 3887 3889 2801
f 590 3828 2747
f 3828 989 3826
f 2747 3826 586
f 3828 3826 2747
f 989 3829 3826
f 3829 619 2806
f 3826 2806 586
f 3829 2806 3826
f 586 2796 2747
f 2796 614 2797
f 2747 2797 590
f 2796 2797 2747
f 619 2808 2806
f 2808 614 2796
f 2806 2796 586
f 2808 2796 2806
f 108 1394 1395
f 1394 105 1391
f 1395 1391 107
f 1394 1391 1395
f 108 3194 1398
f 3194 745 3195
f 1398 3195 109
f 3194 3195 1398
f 606 3196 2774
f 3196 745 3194
f 2774 3194 108
f 3196 3194 2774
f 108 1395 2768
f 1395 107 2767
f 2768 2767 605
f 1395 2767 2768
f 605 2776 2768
f 2776 606 2774
f 2768 2774 108
f 2776 2774 2768
f 735 3155 3156
f 3155 606 2778
f 3156 2778 607
f 3155 2778 3156
f 735 3198 3155
f 3198 745 3196
f 3155 3196 606
f 3198 3196 3155
f 607 2789 3156
f 2789 611 3157
f 3156 3157 735
f 2789 3157 3156
f 735 3157 3198
f 3157 611 3197
f 3198 3197 745
f 3157 3197 3198
f 423 2401 2469
f 2401 422 2468
f 2469 2468 449
f 2401 2468 2469
f 449 2472 2469
f 2472 450 2471
f 2469 2471 423
f 2472 2471 2469
f 1164 4486 4483
f 4486 1158 4454
f 4483 4454 793
f 4486 4454 4483
f 1157 4446 4445
f 4446 795 3419
f 4445 3419 794
f 4446 3419 4445
f 793 4454 3418
f 4454 1158 4455
f 3418 4455 794
f 4454 4455 3418
f 794 4455 4445
f 4455 1158 4458
f 4445 4458 1157
f 4455 4458 4445
f 794 3451 3418
f 3451 815 3450
f 3418 3450 793
f 3451 3450 3418
f 794 3419 3451
f 3419 795 3452
f 3451 3452 815
f 3419 3452 3451
f 416 4084 2377
f 4084 1069 4083
f 2377 4083 414
f 4084 4083 2377
f 456 4086 2485
f 4086 1069 4085
f 2485 4085 421
f 4086 4085 2485
f 454 2480 2481
f 2480 422 2479
f 2481 2479 453
f 2480 2479 2481
f 17 1363 1323
f 1363 95 1366
f 1323 1366 81
f 1363 1366 1323
f 389 2522 2286
f 2522 471 2521
f 2286 2521 2
f 2522 2521 2286
f 389 2531 2522
f 2531 472 2537
f 2522 2537 471
f 2531 2537 2522
f 2 1361 2286
f 1361 94 2288
f 2286 2288 389
f 1361 2288 2286
f 382 2248 2247
f 2248 353 2095
f 2247 2095 320
f 2248 2095 2247
f 354 2108 2099
f 2108 355 2103
f 2099 2103 322
f 2108 2103 2099
f 1163 4481 4480
f 4481 1162 4476
f 4480 4476 1093
f 4481 4476 4480
f 1093 4485 4480
f 4485 1164 4487
f 4480 4487 1163
f 4485 4487 4480
f 1094 4477 4471
f 4477 1162 4478
f 4471 4478 1161
f 4477 4478 4471
f 1094 4153 4477
f 4153 1093 4476
f 4477 4476 1162
f 4153 4476 4477
f 1097 4388 4166
f 4388 1148 4389
f 4166 4389 1098
f 4388 4389 4166
f 433 2438 2436
f 2438 435 2439
f 2436 2439 434
f 2438 2439 2436
f 1161 4470 4473
f 4470 821 4465
f 4473 4465 1160
f 4470 4465 4473
f 821 3474 4465
f 3474 820 4464
f 4465 4464 1160
f 3474 4464 4465
f 815 4387 4459
f 4387 1148 4463
f 4459 4463 1159
f 4387 4463 4459
f 1159 4460 4459
f 4460 820 3471
f 4459 3471 815
f 4460 3471 4459
f 1159 4468 4460
f 4468 1160 4464
f 4460 4464 820
f 4468 4464 4460
f 1159 4463 4462
f 4463 1148 4388
f 4462 4388 1097
f 4463 4388 4462
f 792 4475 4479
f 4475 1162 4481
f 4479 4481 1163
f 4475 4481 4479
f 792 3416 4475
f 3416 791 4474
f 4475 4474 1162
f 3416 4474 4475
f 1163 4487 4479
f 4487 1164 4482
f 4479 4482 792
f 4487 4482 4479
f 792 4482 3417
f 4482 1164 4483
f 3417 4483 793
f 4482 4483 3417
f 793 3450 3417
f 3450 815 3449
f 3417 3449 792
f 3450 3449 3417
f 815 3448 3449
f 3448 791 3416
f 3449 3416 792
f 3448 3416 3449
f 919 3655 3656
f 3655 917 3653
f 3656 3653 918
f 3655 3653 3656
f 918 4356 3656
f 4356 1140 4357
f 3656 4357 919
f 4356 4357 3656
f 638 2862 2863
f 2862 532 2860
f 2863 2860 637
f 2862 2860 2863
f 637 2885 2863
f 2885 646 2886
f 2863 2886 638
f 2885 2886 2863
f 637 2883 2885
f 2883 645 2887
f 2885 2887 646
f 2883 2887 2885
f 534 2881 2861
f 2881 645 2883
f 2861 2883 637
f 2881 2883 2861
f 774 3330 3332
f 3330 249 3309
f 3332 3309 769
f 3330 3309 3332
f 769 3313 3332
f 3313 677 3331
f 3332 3331 774
f 3313 3331 3332
f 770 3316 3333
f 3316 249 3330
f 3333 3330 774
f 3316 3330 3333
f 774 3331 3333
f 3331 677 3317
f 3333 3317 770
f 3331 3317 3333
f 769 3311 3312
f 3311 675 2996
f 3312 2996 676
f 3311 2996 3312
f 676 2999 3312
f 2999 677 3313
f 3312 3313 769
f 2999 3313 3312
f 676 2996 2995
f 2996 675 2992
f 2995 2992 638
f 2996 2992 2995
f 638 2997 2995
f 2997 677 2999
f 2995 2999 676
f 2997 2999 2995
f 520 2652 2655
f 2652 519 2654
f 2655 2654 522
f 2652 2654 2655
f 522 2654 2961
f 2654 519 2960
f 2961 2960 666
f 2654 2960 2961
f 522 2656 2655
f 2656 521 2653
f 2655 2653 520
f 2656 2653 2655
f 518 2648 2649
f 2648 516 2647
f 2649 2647 517
f 2648 2647 2649
f 518 2650 2651
f 2650 519 2652
f 2651 2652 520
f 2650 2652 2651
f 644 2891 2893
f 2891 648 2895
f 2893 2895 649
f 2891 2895 2893
f 649 2894 2893
f 2894 645 2884
f 2893 2884 644
f 2894 2884 2893
f 655 2914 2916
f 2914 650 2910
f 2916 2910 654
f 2914 2910 2916
f 651 2902 2915
f 2902 650 2914
f 2915 2914 655
f 2902 2914 2915
f 524 2897 2662
f 2897 650 2898
f 2662 2898 525
f 2897 2898 2662
f 666 2963 2962
f 2963 650 2897
f 2962 2897 524
f 2963 2897 2962
f 524 2659 2962
f 2659 522 2961
f 2962 2961 666
f 2659 2961 2962
f 521 2656 2658
f 2656 522 2659
f 2658 2659 524
f 2656 2659 2658
f 839 3509 3661
f 3509 841 3662
f 3661 3662 921
f 3509 3662 3661
f 921 3660 3661
f 3660 838 3506
f 3661 3506 839
f 3660 3506 3661
f 840 3510 3507
f 3510 841 3509
f 3507 3509 839
f 3510 3509 3507
f 1132 4328 4327
f 4328 840 3507
f 4327 3507 839
f 4328 3507 4327
f 839 4334 4327
f 4334 1133 4336
f 4327 4336 1132
f 4334 4336 4327
f 839 3506 4334
f 3506 838 4333
f 4334 4333 1133
f 3506 4333 4334
f 1138 4890 4355
f 4890 1233 4891
f 4355 4891 1139
f 4890 4891 4355
f 1140 4356 4359
f 4356 918 4353
f 4359 4353 1139
f 4356 4353 4359
f 1139 4352 4355
f 4352 917 4350
f 4355 4350 1138
f 4352 4350 4355
f 1139 4353 4352
f 4353 918 3653
f 4352 3653 917
f 4353 3653 4352
f 920 4358 4360
f 4358 1140 4364
f 4360 4364 1141
f 4358 4364 4360
f 921 3663 4361
f 3663 920 4360
f 4361 4360 1141
f 3663 4360 4361
f 1141 4363 4361
f 4363 1133 4335
f 4361 4335 921
f 4363 4335 4361
f 1141 4899 4363
f 4899 1234 4898
f 4363 4898 1133
f 4899 4898 4363
f 1017 4896 4362
f 4896 1234 4899
f 4362 4899 1141
f 4896 4899 4362
f 511 2642 2641
f 2642 515 2643
f 2641 2643 514
f 2642 2643 2641
f 515 2645 2643
f 2645 516 2644
f 2643 2644 514
f 2645 2644 2643
f 910 4345 4347
f 4345 1136 4349
f 4347 4349 1137
f 4345 4349 4347
f 1137 4348 4347
f 4348 917 3652
f 4347 3652 910
f 4348 3652 4347
f 1138 4350 4351
f 4350 917 4348
f 4351 4348 1137
f 4350 4348 4351
f 1137 4889 4351
f 4889 1233 4890
f 4351 4890 1138
f 4889 4890 4351
f 1137 4884 4889
f 4884 1232 4892
f 4889 4892 1233
f 4884 4892 4889
f 1136 4883 4349
f 4883 1232 4884
f 4349 4884 1137
f 4883 4884 4349
f 657 2921 2955
f 2921 517 2954
f 2955 2954 664
f 2921 2954 2955
f 664 2952 2955
f 2952 513 2920
f 2955 2920 657
f 2952 2920 2955
f 513 2936 2920
f 2936 660 2937
f 2920 2937 657
f 2936 2937 2920
f 654 2909 2911
f 2909 519 2907
f 2911 2907 653
f 2909 2907 2911
f 517 2921 2906
f 2921 657 2922
f 2906 2922 653
f 2921 2922 2906
f 653 2922 2926
f 2922 657 2928
f 2926 2928 658
f 2922 2928 2926
f 238 2935 2637
f 2935 660 2936
f 2637 2936 513
f 2935 2936 2637
f 238 2637 2938
f 2637 513 2942
f 2938 2942 661
f 2637 2942 2938
f 239 2919 1798
f 2919 657 2918
f 1798 2918 238
f 2919 2918 1798
f 238 2918 2935
f 2918 657 2937
f 2935 2937 660
f 2918 2937 2935
f 238 2938 1804
f 2938 661 2939
f 1804 2939 241
f 2938 2939 1804
f 248 2912 2908
f 2912 655 2916
f 2908 2916 654
f 2912 2916 2908
f 786 3397 3396
f 3397 333 2047
f 3396 2047 329
f 3397 2047 3396
f 330 3408 2041
f 3408 788 3407
f 2041 3407 329
f 3408 3407 2041
f 329 3407 3396
f 3407 788 3410
f 3396 3410 786
f 3407 3410 3396
f 363 3398 2144
f 3398 786 3395
f 2144 3395 328
f 3398 3395 2144
f 328 2046 2144
f 2046 333 2145
f 2144 2145 363
f 2046 2145 2144
f 363 2145 3398
f 2145 333 3397
f 3398 3397 786
f 2145 3397 3398
f 661 2942 2941
f 2942 513 2640
f 2941 2640 512
f 2942 2640 2941
f 512 2640 2635
f 2640 513 2638
f 2635 2638 509
f 2640 2638 2635
f 509 2633 2635
f 2633 510 2636
f 2635 2636 512
f 2633 2636 2635
f 503 2632 2630
f 2632 510 2633
f 2630 2633 509
f 2632 2633 2630
f 241 2939 2617
f 2939 661 2940
f 2617 2940 503
f 2939 2940 2617
f 1036 4880 3986
f 4880 1232 4879
f 3986 4879 1035
f 4880 4879 3986
f 1035 3982 3986
f 3982 693 3985
f 3986 3985 1036
f 3982 3985 3986
f 1035 4879 4342
f 4879 1232 4882
f 4342 4882 1135
f 4879 4882 4342
f 570 2735 3981
f 2735 509 3980
f 3981 3980 1035
f 2735 3980 3981
f 509 3030 3980
f 3030 693 3982
f 3980 3982 1035
f 3030 3982 3980
f 1035 3983 3981
f 3983 1033 3975
f 3981 3975 570
f 3983 3975 3981
f 1135 4341 4342
f 4341 1033 3983
f 4342 3983 1035
f 4341 3983 4342
f 326 2117 2031
f 2117 358 2118
f 2031 2118 327
f 2117 2118 2031
f 328 2033 2034
f 2033 273 2028
f 2034 2028 327
f 2033 2028 2034
f 357 2113 2112
f 2113 328 2034
f 2112 2034 327
f 2113 2034 2112
f 327 2118 2112
f 2118 358 2121
f 2112 2121 357
f 2118 2121 2112
f 412 2370 2365
f 2370 413 2366
f 2365 2366 272
f 2370 2366 2365
f 272 2366 1891
f 2366 413 2367
f 1891 2367 273
f 2366 2367 1891
f 271 2364 1889
f 2364 412 2365
f 1889 2365 272
f 2364 2365 1889
f 272 1891 1889
f 1891 273 1890
f 1889 1890 271
f 1891 1890 1889
f 1039 3994 3997
f 3994 691 3382
f 3997 3382 784
f 3994 3382 3997
f 784 3387 3997
f 3387 709 3996
f 3997 3996 1039
f 3387 3996 3997
f 784 3385 3384
f 3385 701 3050
f 3384 3050 700
f 3385 3050 3384
f 700 3053 3384
f 3053 702 3386
f 3384 3386 784
f 3053 3386 3384
f 702 3083 3386
f 3083 709 3387
f 3386 3387 784
f 3083 3387 3386
f 691 3029 3382
f 3029 692 3383
f 3382 3383 784
f 3029 3383 3382
f 784 3383 3385
f 3383 692 3049
f 3385 3049 701
f 3383 3049 3385
f 766 3302 3301
f 3302 704 3058
f 3301 3058 702
f 3302 3058 3301
f 702 3052 3301
f 3052 265 3300
f 3301 3300 766
f 3052 3300 3301
f 766 3300 3302
f 3300 265 3057
f 3302 3057 704
f 3300 3057 3302
f 264 1875 3051
f 1875 265 3052
f 3051 3052 702
f 1875 3052 3051
f 708 3080 3081
f 3080 704 3062
f 3081 3062 705
f 3080 3062 3081
f 704 3057 3062
f 3057 265 3061
f 3062 3061 705
f 3057 3061 3062
f 505 3055 3067
f 3055 703 3070
f 3067 3070 706
f 3055 3070 3067
f 706 3070 3074
f 3070 703 3073
f 3074 3073 707
f 3070 3073 3074
f 706 3074 3064
f 3074 707 3072
f 3064 3072 258
f 3074 3072 3064
f 258 1852 3064
f 1852 242 3063
f 3064 3063 706
f 1852 3063 3064
f 242 2943 3063
f 2943 662 3069
f 3063 3069 706
f 2943 3069 3063
f 785 3390 3393
f 3390 703 3086
f 3393 3086 710
f 3390 3086 3393
f 1224 4825 4828
f 4825 1033 4341
f 4828 4341 1135
f 4825 4341 4828
f 1034 3979 4826
f 3979 1033 4825
f 4826 4825 1224
f 3979 4825 4826
f 1142 4823 4829
f 4823 1223 4830
f 4829 4830 1224
f 4823 4830 4829
f 1224 4830 4826
f 4830 1223 4820
f 4826 4820 1034
f 4830 4820 4826
f 570 3975 2734
f 3975 1033 3973
f 2734 3973 508
f 3975 3973 2734
f 505 2622 2628
f 2622 503 2627
f 2628 2627 508
f 2622 2627 2628
f 508 2631 2734
f 2631 509 2735
f 2734 2735 570
f 2631 2735 2734
f 508 2627 2631
f 2627 503 2630
f 2631 2630 509
f 2627 2630 2631
f 1039 3996 3998
f 3996 709 3992
f 3998 3992 1038
f 3996 3992 3998
f 1038 4812 3998
f 4812 1222 4813
f 3998 4813 1039
f 4812 4813 3998
f 1041 4814 4004
f 4814 1222 4812
f 4004 4812 1038
f 4814 4812 4004
f 1038 3991 4004
f 3991 690 4003
f 4004 4003 1041
f 3991 4003 4004
f 1038 3992 3993
f 3992 709 3392
f 3993 3392 785
f 3992 3392 3993
f 785 3389 3993
f 3389 690 3991
f 3993 3991 1038
f 3389 3991 3993
f 331 2064 2063
f 2064 340 2066
f 2063 2066 339
f 2064 2066 2063
f 339 2066 2068
f 2066 340 2069
f 2068 2069 342
f 2066 2069 2068
f 343 2074 2076
f 2074 344 2077
f 2076 2077 346
f 2074 2077 2076
f 365 2151 2150
f 2151 299 1941
f 2150 1941 297
f 2151 1941 2150
f 297 2157 2150
f 2157 366 2161
f 2150 2161 365
f 2157 2161 2150
f 939 3710 3707
f 3710 904 3622
f 3707 3622 809
f 3710 3622 3707
f 809 3705 3707
f 3705 937 3711
f 3707 3711 939
f 3705 3711 3707
f 809 3744 3733
f 3744 957 3746
f 3733 3746 952
f 3744 3746 3733
f 952 3734 3733
f 3734 937 3705
f 3733 3705 809
f 3734 3705 3733
f 974 3781 3780
f 3781 968 3768
f 3780 3768 960
f 3781 3768 3780
f 809 3728 3751
f 3728 949 3752
f 3751 3752 960
f 3728 3752 3751
f 960 3768 3751
f 3768 968 3766
f 3751 3766 809
f 3768 3766 3751
f 960 3775 3780
f 3775 971 3782
f 3780 3782 974
f 3775 3782 3780
f 965 3776 3761
f 3776 971 3775
f 3761 3775 960
f 3776 3775 3761
f 960 3754 4621
f 3754 959 4620
f 4621 4620 1188
f 3754 4620 4621
f 978 3791 3792
f 3791 968 3789
f 3792 3789 977
f 3791 3789 3792
f 734 3152 3151
f 3152 673 2987
f 3151 2987 672
f 3152 2987 3151
f 728 3153 3133
f 3153 734 3151
f 3133 3151 672
f 3153 3151 3133
f 672 2990 3319
f 2990 674 3320
f 3319 3320 771
f 2990 3320 3319
f 673 2991 2987
f 2991 674 2990
f 2987 2990 672
f 2991 2990 2987
f 672 3344 3133
f 3344 776 3345
f 3133 3345 728
f 3344 3345 3133
f 672 3319 3344
f 3319 771 3346
f 3344 3346 776
f 3319 3346 3344
f 642 2986 3149
f 2986 673 3152
f 3149 3152 734
f 2986 3152 3149
f 642 3149 2878
f 3149 734 3150
f 2878 3150 643
f 3149 3150 2878
f 643 2877 2878
f 2877 641 2874
f 2878 2874 642
f 2877 2874 2878
f 642 2874 2873
f 2874 641 2872
f 2873 2872 640
f 2874 2872 2873
f 640 2988 2873
f 2988 674 2989
f 2873 2989 642
f 2988 2989 2873
f 642 2989 2986
f 2989 674 2991
f 2986 2991 673
f 2989 2991 2986
f 994 3840 3836
f 3840 995 3839
f 3836 3839 599
f 3840 3839 3836
f 599 3834 3836
f 3834 993 3837
f 3836 3837 994
f 3834 3837 3836
f 994 4670 3840
f 4670 1193 4671
f 3840 4671 995
f 4670 4671 3840
f 994 3837 4670
f 3837 993 4669
f 4670 4669 1193
f 3837 4669 4670
f 1241 4940 4939
f 4940 993 3835
f 4939 3835 992
f 4940 3835 4939
f 1192 4675 4941
f 4675 1193 4942
f 4941 4942 1241
f 4675 4942 4941
f 1193 4669 4942
f 4669 993 4940
f 4942 4940 1241
f 4669 4940 4942
f 991 3833 3831
f 3833 992 3832
f 3831 3832 599
f 3833 3832 3831
f 599 3851 3831
f 3851 1000 3852
f 3831 3852 991
f 3851 3852 3831
f 991 3852 4659
f 3852 1000 4662
f 4659 4662 1192
f 3852 4662 4659
f 1192 4941 4659
f 4941 1241 4938
f 4659 4938 991
f 4941 4938 4659
f 991 4938 3833
f 4938 1241 4939
f 3833 4939 992
f 4938 4939 3833
f 1192 4660 4663
f 4660 998 3857
f 4663 3857 1001
f 4660 3857 4663
f 1001 4651 4663
f 4651 1191 4664
f 4663 4664 1192
f 4651 4664 4663
f 898 3613 3614
f 3613 848 3519
f 3614 3519 850
f 3613 3519 3614
f 850 4645 3614
f 4645 1191 4646
f 3614 4646 898
f 4645 4646 3614
f 941 4638 3718
f 4638 1190 4639
f 3718 4639 942
f 4638 4639 3718
f 1190 4640 4639
f 4640 943 3720
f 4639 3720 942
f 4640 3720 4639
f 942 3717 3718
f 3717 933 3715
f 3718 3715 941
f 3717 3715 3718
f 943 3719 3720
f 3719 933 3717
f 3720 3717 942
f 3719 3717 3720
f 948 3726 3727
f 3726 943 3725
f 3727 3725 947
f 3726 3725 3727
f 947 3725 4641
f 3725 943 4640
f 4641 4640 1190
f 3725 4640 4641
f 750 3230 3228
f 3230 722 3117
f 3228 3117 628
f 3230 3117 3228
f 723 3122 3231
f 3122 722 3230
f 3231 3230 750
f 3122 3230 3231
f 725 3126 3232
f 3126 723 3231
f 3232 3231 750
f 3126 3231 3232
f 630 3125 3229
f 3125 725 3232
f 3229 3232 750
f 3125 3232 3229
f 750 3233 3229
f 3233 738 3168
f 3229 3168 630
f 3233 3168 3229
f 625 2831 2840
f 2831 627 2841
f 2840 2841 630
f 2831 2841 2840
f 630 3168 2840
f 3168 738 3166
f 2840 3166 625
f 3168 3166 2840
f 1183 4596 4582
f 4596 1184 4593
f 4582 4593 957
f 4596 4593 4582
f 223 1740 1732
f 1740 224 1737
f 1732 1737 196
f 1740 1737 1732
f 196 1737 1747
f 1737 224 1750
f 1747 1750 227
f 1737 1750 1747
f 200 1662 1664
f 1662 197 1660
f 1664 1660 199
f 1662 1660 1664
f 165 1555 1556
f 1555 163 1552
f 1556 1552 164
f 1555 1552 1556
f 233 1779 1787
f 1779 163 1783
f 1787 1783 234
f 1779 1783 1787
f 234 1783 1784
f 1783 163 1596
f 1784 1596 177
f 1783 1596 1784
f 226 1781 1785
f 1781 233 1787
f 1785 1787 234
f 1781 1787 1785
f 234 1786 1785
f 1786 227 1751
f 1785 1751 226
f 1786 1751 1785
f 79 1320 2280
f 1320 78 2279
f 2280 2279 388
f 1320 2279 2280
f 388 2277 2280
f 2277 71 1319
f 2280 1319 79
f 2277 1319 2280
f 203 2259 1674
f 2259 384 2260
f 1674 2260 204
f 2259 2260 1674
f 203 1670 2259
f 1670 202 2258
f 2259 2258 384
f 1670 2258 2259
f 204 1671 1674
f 1671 196 1669
f 1674 1669 203
f 1671 1669 1674
f 227 1748 1749
f 1748 202 1670
f 1749 1670 203
f 1748 1670 1749
f 203 1669 1749
f 1669 196 1747
f 1749 1747 227
f 1669 1747 1749
f 132 1463 1465
f 1463 129 1460
f 1465 1460 131
f 1463 1460 1465
f 775 3341 3372
f 3341 759 3371
f 3372 3371 781
f 3341 3371 3372
f 781 3369 3372
f 3369 182 3336
f 3372 3336 775
f 3369 3336 3372
f 182 1615 3336
f 1615 184 3337
f 3336 3337 775
f 1615 3337 3336
f 211 1692 3338
f 1692 155 3335
f 3338 3335 775
f 1692 3335 3338
f 228 1753 3339
f 1753 211 3338
f 3339 3338 775
f 1753 3338 3339
f 775 3337 3339
f 3337 184 1752
f 3339 1752 228
f 3337 1752 3339
f 775 3335 3334
f 3335 155 1530
f 3334 1530 154
f 3335 1530 3334
f 30 3373 1453
f 3373 782 3374
f 1453 3374 128
f 3373 3374 1453
f 128 3274 1457
f 3274 761 3275
f 1457 3275 130
f 3274 3275 1457
f 128 3374 3274
f 3374 782 3377
f 3274 3377 761
f 3374 3377 3274
f 134 1467 1469
f 1467 31 1435
f 1469 1435 121
f 1467 1435 1469
f 231 1770 1772
f 1770 214 1765
f 1772 1765 230
f 1770 1765 1772
f 230 1763 1762
f 1763 172 1578
f 1762 1578 170
f 1763 1578 1762
f 170 1769 1762
f 1769 231 1772
f 1762 1772 230
f 1769 1772 1762
f 210 1687 1688
f 1687 184 1620
f 1688 1620 185
f 1687 1620 1688
f 160 1541 1583
f 1541 105 1581
f 1583 1581 173
f 1541 1581 1583
f 627 2829 3872
f 2829 580 3871
f 3872 3871 1006
f 2829 3871 3872
f 114 1419 1413
f 1419 115 1416
f 1413 1416 38
f 1419 1416 1413
f 38 1268 1413
f 1268 39 1414
f 1413 1414 114
f 1268 1414 1413
f 38 1553 1268
f 1553 165 1554
f 1268 1554 39
f 1553 1554 1268
f 169 1568 1566
f 1568 113 1407
f 1566 1407 36
f 1568 1407 1566
f 113 1406 1407
f 1406 35 1267
f 1407 1267 36
f 1406 1267 1407
f 102 1410 1384
f 1410 113 1411
f 1384 1411 103
f 1410 1411 1384
f 113 1408 1411
f 1408 37 1383
f 1411 1383 103
f 1408 1383 1411
f 103 1383 1573
f 1383 37 1572
f 1573 1572 171
f 1383 1572 1573
f 103 1573 1580
f 1573 171 1584
f 1580 1584 173
f 1573 1584 1580
f 103 1397 1384
f 1397 109 1396
f 1384 1396 102
f 1397 1396 1384
f 103 1393 1397
f 1393 108 1398
f 1397 1398 109
f 1393 1398 1397
f 173 1581 1580
f 1581 105 1389
f 1580 1389 103
f 1581 1389 1580
f 105 1394 1389
f 1394 108 1393
f 1389 1393 103
f 1394 1393 1389
f 127 1448 1449
f 1448 122 1438
f 1449 1438 124
f 1448 1438 1449
f 111 1401 1403
f 1401 105 1400
f 1403 1400 110
f 1401 1400 1403
f 362 2141 2140
f 2141 355 2107
f 2140 2107 350
f 2141 2107 2140
f 350 2085 2087
f 2085 318 2059
f 2087 2059 337
f 2085 2059 2087
f 348 2100 2097
f 2100 354 2102
f 2097 2102 353
f 2100 2102 2097
f 373 2222 2195
f 2222 378 2221
f 2195 2221 292
f 2222 2221 2195
f 292 1920 2195
f 1920 291 2194
f 2195 2194 373
f 1920 2194 2195
f 292 2221 1918
f 2221 378 2218
f 1918 2218 47
f 2221 2218 1918
f 293 1954 1923
f 1954 302 1953
f 1923 1953 292
f 1954 1953 1923
f 302 1952 1953
f 1952 291 1920
f 1953 1920 292
f 1952 1920 1953
f 47 1277 1918
f 1277 48 1919
f 1918 1919 292
f 1277 1919 1918
f 292 1919 1923
f 1919 48 1921
f 1923 1921 293
f 1919 1921 1923
f 365 2152 2155
f 2152 338 2149
f 2155 2149 364
f 2152 2149 2155
f 338 2060 2149
f 2060 314 2148
f 2149 2148 364
f 2060 2148 2149
f 364 2146 2155
f 2146 299 2151
f 2155 2151 365
f 2146 2151 2155
f 301 1950 2147
f 1950 299 2146
f 2147 2146 364
f 1950 2146 2147
f 364 2148 2147
f 2148 314 1987
f 2147 1987 301
f 2148 1987 2147
f 319 2234 1999
f 2234 380 2233
f 1999 2233 317
f 2234 2233 1999
f 380 2232 2233
f 2232 315 1995
f 2233 1995 317
f 2232 1995 2233
f 317 1998 1999
f 1998 318 2000
f 1999 2000 319
f 1998 2000 1999
f 316 1997 1996
f 1997 318 1998
f 1996 1998 317
f 1997 1998 1996
f 317 1995 1996
f 1995 315 1994
f 1996 1994 316
f 1995 1994 1996
f 312 2204 1986
f 2204 376 2205
f 1986 2205 313
f 2204 2205 1986
f 312 1990 2204
f 1990 315 2206
f 2204 2206 376
f 1990 2206 2204
f 313 1992 1986
f 1992 316 1991
f 1986 1991 312
f 1992 1991 1986
f 316 1994 1991
f 1994 315 1990
f 1991 1990 312
f 1994 1990 1991
f 352 2091 2154
f 2091 338 2152
f 2154 2152 365
f 2091 2152 2154
f 352 2094 2091
f 2094 351 2089
f 2091 2089 338
f 2094 2089 2091
f 347 2090 2093
f 2090 351 2094
f 2093 2094 352
f 2090 2094 2093
f 276 2355 1894
f 2355 409 2354
f 1894 2354 275
f 2355 2354 1894
f 326 2031 2026
f 2031 327 2029
f 2026 2029 275
f 2031 2029 2026
f 274 2353 2358
f 2353 409 2359
f 2358 2359 410
f 2353 2359 2358
f 325 2027 2022
f 2027 326 2025
f 2022 2025 274
f 2027 2025 2022
f 326 2026 2025
f 2026 275 1893
f 2025 1893 274
f 2026 1893 2025
f 274 1893 2353
f 1893 275 2354
f 2353 2354 409
f 1893 2354 2353
f 404 2339 2399
f 2339 403 2398
f 2399 2398 423
f 2339 2398 2399
f 411 2363 2376
f 2363 410 2375
f 2376 2375 416
f 2363 2375 2376
f 416 2372 2376
f 2372 406 2362
f 2376 2362 411
f 2372 2362 2376
f 422 2393 2395
f 2393 403 2349
f 2395 2349 407
f 2393 2349 2395
f 407 2350 2395
f 2350 406 2394
f 2395 2394 422
f 2350 2394 2395
f 279 2346 2347
f 2346 406 2350
f 2347 2350 407
f 2346 2350 2347
f 281 1902 2348
f 1902 279 2347
f 2348 2347 407
f 1902 2347 2348
f 407 2349 2348
f 2349 403 2335
f 2348 2335 281
f 2349 2335 2348
f 43 1273 1299
f 1273 44 1300
f 1299 1300 69
f 1273 1300 1299
f 43 2211 1272
f 2211 377 2210
f 1272 2210 42
f 2211 2210 1272
f 43 1299 2211
f 1299 69 2212
f 2211 2212 377
f 1299 2212 2211
f 118 1425 1424
f 1425 44 1273
f 1424 1273 43
f 1425 1273 1424
f 43 1423 1424
f 1423 117 1427
f 1424 1427 118
f 1423 1427 1424
f 42 1422 1272
f 1422 117 1423
f 1272 1423 43
f 1422 1423 1272
f 73 1309 2257
f 1309 72 2256
f 2257 2256 384
f 1309 2256 2257
f 384 2261 2257
f 2261 371 2184
f 2257 2184 73
f 2261 2184 2257
f 67 1310 1308
f 1310 74 1313
f 1308 1313 73
f 1310 1313 1308
f 74 1312 1313
f 1312 72 1309
f 1313 1309 73
f 1312 1309 1313
f 235 1789 2190
f 1789 178 2188
f 2190 2188 372
f 1789 2188 2190
f 177 1600 1788
f 1600 178 1789
f 1788 1789 235
f 1600 1789 1788
f 235 1792 1788
f 1792 234 1784
f 1788 1784 177
f 1792 1784 1788
f 227 1786 1791
f 1786 234 1792
f 1791 1792 235
f 1786 1792 1791
f 372 2189 2190
f 2189 202 1790
f 2190 1790 235
f 2189 1790 2190
f 235 1790 1791
f 1790 202 1748
f 1791 1748 227
f 1790 1748 1791
f 1143 4369 4368
f 4369 861 3544
f 4368 3544 860
f 4369 3544 4368
f 860 3542 4373
f 3542 837 4372
f 4373 4372 1144
f 3542 4372 4373
f 1144 4374 4373
f 4374 1143 4368
f 4373 4368 860
f 4374 4368 4373
f 860 3541 3542
f 3541 836 3505
f 3542 3505 837
f 3541 3505 3542
f 860 3544 3540
f 3544 861 3543
f 3540 3543 815
f 3544 3543 3540
f 815 3502 3540
f 3502 836 3541
f 3540 3541 860
f 3502 3541 3540
f 862 3546 4366
f 3546 861 4365
f 4366 4365 1142
f 3546 4365 4366
f 1135 4339 4338
f 4339 908 3636
f 4338 3636 862
f 4339 3636 4338
f 862 3636 3545
f 3636 908 3635
f 3545 3635 815
f 3636 3635 3545
f 815 3543 3545
f 3543 861 3546
f 3545 3546 862
f 3543 3546 3545
f 815 3483 3476
f 3483 827 3484
f 3476 3484 823
f 3483 3484 3476
f 823 3503 3476
f 3503 836 3502
f 3476 3502 815
f 3503 3502 3476
f 1114 4199 4200
f 4199 435 4197
f 4200 4197 1113
f 4199 4197 4200
f 1113 4197 4198
f 4197 435 4195
f 4198 4195 1112
f 4197 4195 4198
f 1113 4511 4200
f 4511 1168 4512
f 4200 4512 1114
f 4511 4512 4200
f 1113 4507 4511
f 4507 1167 4514
f 4511 4514 1168
f 4507 4514 4511
f 1112 4506 4198
f 4506 1167 4507
f 4198 4507 1113
f 4506 4507 4198
f 1112 4195 4196
f 4195 435 4193
f 4196 4193 1111
f 4195 4193 4196
f 1110 4504 4194
f 4504 1167 4505
f 4194 4505 1111
f 4504 4505 4194
f 1111 4505 4196
f 4505 1167 4506
f 4196 4506 1112
f 4505 4506 4196
f 1111 4192 4194
f 4192 433 4190
f 4194 4190 1110
f 4192 4190 4194
f 435 2438 4193
f 2438 433 4192
f 4193 4192 1111
f 2438 4192 4193
f 1068 4517 4489
f 4517 1169 4522
f 4489 4522 1165
f 4517 4522 4489
f 425 2421 2417
f 2421 430 2423
f 2417 2423 429
f 2421 2423 2417
f 429 2536 2417
f 2536 472 2534
f 2417 2534 425
f 2536 2534 2417
f 225 1776 1746
f 1776 232 1777
f 1746 1777 226
f 1776 1777 1746
f 226 1744 1746
f 1744 219 1743
f 1746 1743 225
f 1744 1743 1746
f 97 1653 1371
f 1653 195 1652
f 1371 1652 94
f 1653 1652 1371
f 94 1370 1371
f 1370 96 1372
f 1371 1372 97
f 1370 1372 1371
f 201 1668 2266
f 1668 199 2265
f 2266 2265 385
f 1668 2265 2266
f 385 2271 2266
f 2271 386 2270
f 2266 2270 201
f 2271 2270 2266
f 142 2515 2517
f 2515 467 2518
f 2517 2518 468
f 2515 2518 2517
f 75 1332 2262
f 1332 84 2264
f 2262 2264 385
f 1332 2264 2262
f 82 1327 1338
f 1327 75 1336
f 1338 1336 86
f 1327 1336 1338
f 84 1332 1333
f 1332 75 1327
f 1333 1327 82
f 1332 1327 1333
f 387 2276 2272
f 2276 386 2267
f 2272 2267 83
f 2276 2267 2272
f 386 2268 2267
f 2268 84 1334
f 2267 1334 83
f 2268 1334 2267
f 81 1366 1330
f 1366 95 1367
f 1330 1367 83
f 1366 1367 1330
f 83 1367 2272
f 1367 95 2274
f 2272 2274 387
f 1367 2274 2272
f 84 1333 1334
f 1333 82 1331
f 1334 1331 83
f 1333 1331 1334
f 1199 4691 4696
f 4691 480 4067
f 4696 4067 1063
f 4691 4067 4696
f 14 2564 1255
f 2564 477 2565
f 1255 2565 15
f 2564 2565 1255
f 15 1527 1255
f 1527 154 1526
f 1255 1526 14
f 1527 1526 1255
f 154 1530 1526
f 1530 155 1529
f 1526 1529 14
f 1530 1529 1526
f 189 1638 1632
f 1638 190 1634
f 1632 1634 151
f 1638 1634 1632
f 481 4063 2573
f 4063 1061 4060
f 2573 4060 476
f 4063 4060 2573
f 477 4061 2568
f 4061 1061 4062
f 2568 4062 478
f 4061 4062 2568
f 3 2538 2504
f 2538 473 2540
f 2504 2540 464
f 2538 2540 2504
f 468 2542 2516
f 2542 473 2538
f 2516 2538 3
f 2542 2538 2516
f 3 1492 2516
f 1492 142 2517
f 2516 2517 468
f 1492 2517 2516
f 489 2590 2598
f 2590 473 2597
f 2598 2597 492
f 2590 2597 2598
f 1045 4019 4015
f 4019 1046 4018
f 4015 4018 499
f 4019 4018 4015
f 1218 4794 4793
f 4794 1046 4019
f 4793 4019 1045
f 4794 4019 4793
f 812 4788 4783
f 4788 1217 4790
f 4783 4790 1216
f 4788 4790 4783
f 1165 4488 4786
f 4488 818 4784
f 4786 4784 1216
f 4488 4784 4786
f 1216 4784 4783
f 4784 818 3466
f 4783 3466 812
f 4784 3466 4783
f 811 4792 4797
f 4792 1218 4801
f 4797 4801 1219
f 4792 4801 4797
f 1219 4800 4797
f 4800 1217 4787
f 4797 4787 811
f 4800 4787 4797
f 1218 4793 4801
f 4793 1045 4799
f 4801 4799 1219
f 4793 4799 4801
f 494 2603 2615
f 2603 472 2614
f 2615 2614 499
f 2603 2614 2615
f 499 4018 2615
f 4018 1046 4017
f 2615 4017 494
f 4018 4017 2615
f 801 4699 3426
f 4699 1200 4700
f 3426 4700 802
f 4699 4700 3426
f 802 3434 3426
f 3434 809 3433
f 3426 3433 801
f 3434 3433 3426
f 206 1678 1676
f 1678 207 1677
f 1676 1677 205
f 1678 1677 1676
f 973 4616 4603
f 4616 1187 4618
f 4603 4618 1186
f 4616 4618 4603
f 1186 4604 4603
f 4604 974 3784
f 4603 3784 973
f 4604 3784 4603
f 966 3763 4612
f 3763 965 4611
f 4612 4611 1187
f 3763 4611 4612
f 932 3696 3692
f 3696 933 3695
f 3692 3695 900
f 3696 3695 3692
f 900 4648 3692
f 4648 1191 4649
f 3692 4649 932
f 4648 4649 3692
f 899 3694 3615
f 3694 933 3693
f 3615 3693 809
f 3694 3693 3615
f 809 3569 3615
f 3569 876 3617
f 3615 3617 899
f 3569 3617 3615
f 876 3571 3617
f 3571 848 3616
f 3617 3616 899
f 3571 3616 3617
f 899 3619 3694
f 3619 900 3695
f 3694 3695 933
f 3619 3695 3694
f 899 3616 3618
f 3616 848 3613
f 3618 3613 898
f 3616 3613 3618
f 898 4646 3618
f 4646 1191 4647
f 3618 4647 899
f 4646 4647 3618
f 1191 4648 4647
f 4648 900 3619
f 4647 3619 899
f 4648 3619 4647
f 1120 4220 4227
f 4220 635 3830
f 4227 3830 990
f 4220 3830 4227
f 990 3830 3845
f 3830 635 3844
f 3845 3844 997
f 3830 3844 3845
f 990 4668 4227
f 4668 1193 4674
f 4227 4674 1120
f 4668 4674 4227
f 990 3845 4668
f 3845 997 4673
f 4668 4673 1193
f 3845 4673 4668
f 1192 4655 4654
f 4655 848 3517
f 4654 3517 847
f 4655 3517 4654
f 847 3587 4654
f 3587 886 4658
f 4654 4658 1192
f 3587 4658 4654
f 848 3588 3517
f 3588 886 3587
f 3517 3587 847
f 3588 3587 3517
f 878 3590 3574
f 3590 886 3589
f 3574 3589 876
f 3590 3589 3574
f 859 3538 3539
f 3538 857 3535
f 3539 3535 858
f 3538 3535 3539
f 859 4217 4224
f 4217 1119 4228
f 4224 4228 1120
f 4217 4228 4224
f 859 3539 4217
f 3539 858 4216
f 4217 4216 1119
f 3539 4216 4217
f 855 3527 3528
f 3527 832 3497
f 3528 3497 833
f 3527 3497 3528
f 855 3533 3527
f 3533 857 3531
f 3527 3531 832
f 3533 3531 3527
f 855 3528 4236
f 3528 833 4232
f 4236 4232 1121
f 3528 4232 4236
f 832 3555 3511
f 3555 868 3556
f 3511 3556 842
f 3555 3556 3511
f 874 3568 3563
f 3568 875 3567
f 3563 3567 873
f 3568 3567 3563
f 1123 4261 4260
f 4261 874 3563
f 4260 3563 873
f 4261 3563 4260
f 873 3649 4260
f 3649 916 4264
f 4260 4264 1123
f 3649 4264 4260
f 830 3565 3491
f 3565 875 3564
f 3491 3564 829
f 3565 3564 3491
f 829 3564 3521
f 3564 875 3566
f 3521 3566 851
f 3564 3566 3521
f 1122 4247 4246
f 4247 830 3491
f 4246 3491 829
f 4247 3491 4246
f 829 3521 4246
f 3521 851 4248
f 4246 4248 1122
f 3521 4248 4246
f 540 3967 3962
f 3967 1031 3968
f 3962 3968 1030
f 3967 3968 3962
f 1030 3961 3962
f 3961 539 2684
f 3962 2684 540
f 3961 2684 3962
f 1122 4926 4256
f 4926 1238 4925
f 4256 4925 1030
f 4926 4925 4256
f 1238 4924 4925
f 4924 1029 3964
f 4925 3964 1030
f 4924 3964 4925
f 1121 4257 4239
f 4257 1122 4256
f 4239 4256 1030
f 4257 4256 4239
f 1030 3968 4239
f 3968 1031 4240
f 4239 4240 1121
f 3968 4240 4239
f 639 2865 2975
f 2865 538 2973
f 2975 2973 669
f 2865 2973 2975
f 669 2973 2974
f 2973 538 2682
f 2974 2682 539
f 2973 2682 2974
f 532 2864 2972
f 2864 639 2975
f 2972 2975 669
f 2864 2975 2972
f 669 2974 2972
f 2974 539 2681
f 2972 2681 532
f 2974 2681 2972
f 928 3688 3681
f 3688 930 3687
f 3681 3687 927
f 3688 3687 3681
f 928 4302 4291
f 4302 1128 4304
f 4291 4304 1127
f 4302 4304 4291
f 927 4301 3681
f 4301 1128 4302
f 3681 4302 928
f 4301 4302 3681
f 865 3550 4284
f 3550 864 4283
f 4284 4283 1126
f 3550 4283 4284
f 894 3605 3606
f 3605 864 3603
f 3606 3603 893
f 3605 3603 3606
f 893 4275 3606
f 4275 1125 4276
f 3606 4276 894
f 4275 4276 3606
f 894 4276 3608
f 4276 1125 4277
f 3608 4277 895
f 4276 4277 3608
f 559 2717 2718
f 2717 534 2707
f 2718 2707 553
f 2717 2707 2718
f 534 2709 2707
f 2709 554 2710
f 2707 2710 553
f 2709 2710 2707
f 553 3950 2718
f 3950 1027 3952
f 2718 3952 559
f 3950 3952 2718
f 553 2710 4873
f 2710 554 4874
f 4873 4874 1231
f 2710 4874 4873
f 1231 4876 4873
f 4876 1027 3950
f 4873 3950 553
f 4876 3950 4873
f 533 3954 2687
f 3954 1028 3955
f 2687 3955 542
f 3954 3955 2687
f 542 3955 4258
f 3955 1028 4265
f 4258 4265 1123
f 3955 4265 4258
f 1123 4272 4259
f 4272 1124 4268
f 4259 4268 555
f 4272 4268 4259
f 1124 4267 4268
f 4267 554 2713
f 4268 2713 555
f 4267 2713 4268
f 555 2712 4259
f 2712 542 4258
f 4259 4258 1123
f 2712 4258 4259
f 555 2713 2711
f 2713 554 2708
f 2711 2708 533
f 2713 2708 2711
f 533 2687 2711
f 2687 542 2712
f 2711 2712 555
f 2687 2712 2711
f 1015 4894 3908
f 4894 1234 4895
f 3908 4895 1016
f 4894 4895 3908
f 525 3924 2661
f 3924 1021 3923
f 2661 3923 523
f 3924 3923 2661
f 523 2660 2661
f 2660 524 2662
f 2661 2662 525
f 2660 2662 2661
f 521 2658 2657
f 2658 524 2660
f 2657 2660 523
f 2658 2660 2657
f 913 4300 3680
f 4300 1128 4301
f 3680 4301 927
f 4300 4301 3680
f 531 2715 3947
f 2715 558 3949
f 3947 3949 1026
f 2715 3949 3947
f 531 2672 2715
f 2672 534 2716
f 2715 2716 558
f 2672 2716 2715
f 895 4277 3607
f 4277 1125 4274
f 3607 4274 863
f 4277 4274 3607
f 864 3605 3549
f 3605 894 3604
f 3549 3604 863
f 3605 3604 3549
f 863 3604 3607
f 3604 894 3608
f 3607 3608 895
f 3604 3608 3607
f 1126 4283 4282
f 4283 864 3549
f 4282 3549 863
f 4283 3549 4282
f 863 4274 4282
f 4274 1125 4290
f 4282 4290 1126
f 4274 4290 4282
f 1022 4915 3930
f 4915 1237 4914
f 3930 4914 1021
f 4915 4914 3930
f 1021 3925 3930
f 3925 526 3928
f 3930 3928 1022
f 3925 3928 3930
f 1023 4916 3934
f 4916 1237 4913
f 3934 4913 561
f 4916 4913 3934
f 1237 4915 4913
f 4915 1022 3929
f 4913 3929 561
f 4915 3929 4913
f 561 3929 2721
f 3929 1022 3928
f 2721 3928 526
f 3929 3928 2721
f 872 3672 3562
f 3672 925 3671
f 3562 3671 871
f 3672 3671 3562
f 871 4306 3562
f 4306 1129 4307
f 3562 4307 872
f 4306 4307 3562
f 871 3560 4306
f 3560 870 4305
f 4306 4305 1129
f 3560 4305 4306
f 882 4321 3584
f 4321 1131 4322
f 3584 4322 883
f 4321 4322 3584
f 1131 4323 4322
f 4323 884 3585
f 4322 3585 883
f 4323 3585 4322
f 883 3585 3666
f 3585 884 3667
f 3666 3667 922
f 3585 3667 3666
f 883 3583 3584
f 3583 853 3580
f 3584 3580 882
f 3583 3580 3584
f 883 3666 3582
f 3666 922 3664
f 3582 3664 815
f 3666 3664 3582
f 815 3523 3582
f 3523 853 3583
f 3582 3583 883
f 3523 3583 3582
f 1131 4319 4318
f 4319 853 3525
f 4318 3525 852
f 4319 3525 4318
f 852 3525 3522
f 3525 853 3524
f 3522 3524 841
f 3525 3524 3522
f 1132 4332 4330
f 4332 1131 4318
f 4330 4318 852
f 4332 4318 4330
f 852 3522 4330
f 3522 841 4329
f 4330 4329 1132
f 3522 4329 4330
f 924 3669 3670
f 3669 922 3668
f 3670 3668 923
f 3669 3668 3670
f 923 4315 3670
f 4315 1130 4316
f 3670 4316 924
f 4315 4316 3670
f 922 4314 3668
f 4314 1130 4315
f 3668 4315 923
f 4314 4315 3668
f 603 2765 3187
f 2765 604 3188
f 3187 3188 743
f 2765 3188 3187
f 982 3804 3802
f 3804 754 3251
f 3802 3251 686
f 3804 3251 3802
f 982 3805 3804
f 3805 980 3798
f 3804 3798 754
f 3805 3798 3804
f 984 4847 3812
f 4847 1227 4846
f 3812 4846 982
f 4847 4846 3812
f 982 4846 4855
f 4846 1227 4859
f 4855 4859 1228
f 4846 4859 4855
f 1228 4853 4855
f 4853 980 3805
f 4855 3805 982
f 4853 3805 4855
f 686 3025 3802
f 3025 687 3803
f 3802 3803 982
f 3025 3803 3802
f 982 3803 3812
f 3803 687 3811
f 3812 3811 984
f 3803 3811 3812
f 754 3798 3248
f 3798 980 3797
f 3248 3797 598
f 3798 3797 3248
f 1175 4538 4543
f 4538 594 3820
f 4543 3820 987
f 4538 3820 4543
f 987 4981 4543
f 4981 1248 4986
f 4543 4986 1175
f 4981 4986 4543
f 987 3820 3821
f 3820 594 2764
f 3821 2764 602
f 3820 2764 3821
f 613 2795 3182
f 2795 612 3181
f 3182 3181 742
f 2795 3181 3182
f 613 2794 2795
f 2794 611 2793
f 2795 2793 612
f 2794 2793 2795
f 613 3182 3202
f 3182 742 3207
f 3202 3207 746
f 3182 3207 3202
f 746 3201 3202
f 3201 611 2794
f 3202 2794 613
f 3201 2794 3202
f 746 3199 3205
f 3199 102 3088
f 3205 3088 712
f 3199 3088 3205
f 712 3089 3205
f 3089 611 3201
f 3205 3201 746
f 3089 3201 3205
f 102 2787 3088
f 2787 611 3089
f 3088 3089 712
f 2787 3089 3088
f 986 4933 3815
f 4933 1240 4931
f 3815 4931 590
f 4933 4931 3815
f 985 4932 3818
f 4932 1240 4933
f 3818 4933 986
f 4932 4933 3818
f 986 3816 3818
f 3816 591 3813
f 3818 3813 985
f 3816 3813 3818
f 590 2797 3815
f 2797 614 3817
f 3815 3817 986
f 2797 3817 3815
f 614 2798 3817
f 2798 591 3816
f 3817 3816 986
f 2798 3816 3817
f 618 2811 2803
f 2811 619 2807
f 2803 2807 587
f 2811 2807 2803
f 587 3896 2803
f 3896 1014 3897
f 2803 3897 618
f 3896 3897 2803
f 587 2807 3827
f 2807 619 3829
f 3827 3829 989
f 2807 3829 3827
f 989 3898 3827
f 3898 1014 3896
f 3827 3896 587
f 3898 3896 3827
f 423 2471 2473
f 2471 450 2474
f 2473 2474 451
f 2471 2474 2473
f 451 2477 2473
f 2477 452 2475
f 2473 2475 423
f 2477 2475 2473
f 1157 4458 4444
f 4458 1158 4453
f 4444 4453 451
f 4458 4453 4444
f 451 4453 4144
f 4453 1158 4456
f 4144 4456 1091
f 4453 4456 4144
f 1091 4145 4144
f 4145 452 2477
f 4144 2477 451
f 4145 2477 4144
f 448 2470 2466
f 2470 449 2468
f 2466 2468 422
f 2470 2468 2466
f 1075 4100 4411
f 4100 1069 4409
f 4411 4409 1152
f 4100 4409 4411
f 1075 4099 4100
f 4099 414 4083
f 4100 4083 1069
f 4099 4083 4100
f 799 3423 4415
f 3423 798 4414
f 4415 4414 1153
f 3423 4414 4415
f 1153 4418 4415
f 4418 1152 4408
f 4415 4408 799
f 4418 4408 4415
f 421 2488 2486
f 2488 458 2489
f 2486 2489 457
f 2488 2489 2486
f 457 2487 2486
f 2487 456 2485
f 2486 2485 421
f 2487 2485 2486
f 458 4091 2489
f 4091 1071 4090
f 2489 4090 457
f 4091 4090 2489
f 1149 4402 4393
f 4402 1150 4399
f 4393 4399 457
f 4402 4399 4393
f 457 4090 4393
f 4090 1071 4397
f 4393 4397 1149
f 4090 4397 4393
f 1076 4117 4433
f 4117 1082 4439
f 4433 4439 1156
f 4117 4439 4433
f 1080 4124 4437
f 4124 1085 4441
f 4437 4441 1156
f 4124 4441 4437
f 1080 4112 4124
f 4112 454 4123
f 4124 4123 1085
f 4112 4123 4124
f 453 4422 4092
f 4422 1155 4425
f 4092 4425 1072
f 4422 4425 4092
f 1072 4093 4092
f 4093 454 2481
f 4092 2481 453
f 4093 2481 4092
f 425 2534 2408
f 2534 472 2529
f 2408 2529 18
f 2534 2529 2408
f 472 2528 2529
f 2528 17 1257
f 2529 1257 18
f 2528 1257 2529
f 18 1257 1324
f 1257 17 1323
f 1324 1323 81
f 1257 1323 1324
f 20 2287 1362
f 2287 389 2288
f 1362 2288 94
f 2287 2288 1362
f 94 1368 1362
f 1368 95 1365
f 1362 1365 20
f 1368 1365 1362
f 419 2383 2380
f 2383 398 2317
f 2380 2317 23
f 2383 2317 2380
f 86 2245 1341
f 2245 382 2246
f 1341 2246 87
f 2245 2246 1341
f 87 1340 1341
f 1340 82 1338
f 1341 1338 86
f 1340 1338 1341
f 88 1343 1344
f 1343 82 1340
f 1344 1340 87
f 1343 1340 1344
f 81 1330 1326
f 1330 83 1329
f 1326 1329 80
f 1330 1329 1326
f 80 1328 1342
f 1328 82 1343
f 1342 1343 88
f 1328 1343 1342
f 80 1329 1328
f 1329 83 1331
f 1328 1331 82
f 1329 1331 1328
f 88 1380 1347
f 1380 101 1381
f 1347 1381 89
f 1380 1381 1347
f 89 1346 1347
f 1346 80 1342
f 1347 1342 88
f 1346 1342 1347
f 98 1382 2001
f 1382 101 2003
f 2001 2003 320
f 1382 2003 2001
f 383 2252 2251
f 2252 101 1380
f 2251 1380 88
f 2252 1380 2251
f 88 1344 2251
f 1344 87 2250
f 2251 2250 383
f 1344 2250 2251
f 383 2250 2254
f 2250 87 2246
f 2254 2246 382
f 2250 2246 2254
f 383 2254 2253
f 2254 382 2247
f 2253 2247 320
f 2254 2247 2253
f 320 2003 2253
f 2003 101 2252
f 2253 2252 383
f 2003 2252 2253
f 322 2011 2012
f 2011 288 2005
f 2012 2005 321
f 2011 2005 2012
f 321 2098 2012
f 2098 354 2099
f 2012 2099 322
f 2098 2099 2012
f 320 2095 2007
f 2095 353 2096
f 2007 2096 321
f 2095 2096 2007
f 353 2102 2096
f 2102 354 2098
f 2096 2098 321
f 2102 2098 2096
f 355 2108 2106
f 2108 354 2101
f 2106 2101 349
f 2108 2101 2106
f 349 2084 2082
f 2084 348 2081
f 2082 2081 335
f 2084 2081 2082
f 354 2100 2101
f 2100 348 2084
f 2101 2084 349
f 2100 2084 2101
f 285 2016 1907
f 2016 323 2013
f 1907 2013 281
f 2016 2013 1907
f 285 1908 2016
f 1908 284 2015
f 2016 2015 323
f 1908 2015 2016
f 285 2338 1908
f 2338 404 2337
f 1908 2337 284
f 2338 2337 1908
f 403 2339 2336
f 2339 404 2338
f 2336 2338 285
f 2339 2338 2336
f 322 2017 2009
f 2017 323 2014
f 2009 2014 283
f 2017 2014 2009
f 323 2015 2014
f 2015 284 1905
f 2014 1905 283
f 2015 1905 2014
f 283 1904 2009
f 1904 282 2008
f 2009 2008 322
f 1904 2008 2009
f 400 2324 2325
f 2324 282 1904
f 2325 1904 283
f 2324 1904 2325
f 1164 4485 4484
f 4485 1093 4151
f 4484 4151 1092
f 4485 4151 4484
f 1091 4456 4148
f 4456 1158 4457
f 4148 4457 1092
f 4456 4457 4148
f 1158 4486 4457
f 4486 1164 4484
f 4457 4484 1092
f 4486 4484 4457
f 1092 4151 4146
f 4151 1093 4149
f 4146 4149 437
f 4151 4149 4146
f 437 4149 2446
f 4149 1093 4150
f 2446 4150 438
f 4149 4150 2446
f 1093 4153 4150
f 4153 1094 4152
f 4150 4152 438
f 4153 4152 4150
f 1097 4166 4162
f 4166 1098 4164
f 4162 4164 418
f 4166 4164 4162
f 434 2433 2435
f 2433 419 2428
f 2435 2428 432
f 2433 2428 2435
f 419 2386 2428
f 2386 418 2427
f 2428 2427 432
f 2386 2427 2428
f 432 2427 4165
f 2427 418 4164
f 4165 4164 1098
f 2427 4164 4165
f 432 2429 2435
f 2429 433 2436
f 2435 2436 434
f 2429 2436 2435
f 1105 4180 4179
f 4180 433 2429
f 4179 2429 432
f 4180 2429 4179
f 1166 4508 4499
f 4508 1167 4502
f 4499 4502 1108
f 4508 4502 4499
f 670 2980 2976
f 2980 637 2860
f 2976 2860 532
f 2980 2860 2976
f 534 2861 2978
f 2861 637 2980
f 2978 2980 670
f 2861 2980 2978
f 670 2976 2977
f 2976 532 2671
f 2977 2671 533
f 2976 2671 2977
f 533 2708 2977
f 2708 554 2979
f 2977 2979 670
f 2708 2979 2977
f 670 2979 2978
f 2979 554 2709
f 2978 2709 534
f 2979 2709 2978
f 520 3909 2726
f 3909 1017 3911
f 2726 3911 565
f 3909 3911 2726
f 565 2725 2726
f 2725 518 2651
f 2726 2651 520
f 2725 2651 2726
f 535 2882 2676
f 2882 645 2881
f 2676 2881 534
f 2882 2881 2676
f 535 2880 2882
f 2880 644 2884
f 2882 2884 645
f 2880 2884 2882
f 667 2967 2966
f 2967 644 2880
f 2966 2880 535
f 2967 2880 2966
f 535 2674 2966
f 2674 530 2965
f 2966 2965 667
f 2674 2965 2966
f 534 2672 2676
f 2672 531 2675
f 2676 2675 535
f 2672 2675 2676
f 244 2944 1811
f 2944 662 2943
f 1811 2943 242
f 2944 2943 1811
f 242 1808 1811
f 1808 243 1812
f 1811 1812 244
f 1808 1812 1811
f 244 1812 1809
f 1812 243 1807
f 1809 1807 240
f 1812 1807 1809
f 244 2618 2944
f 2618 503 2946
f 2944 2946 662
f 2618 2946 2944
f 244 1809 1810
f 1809 240 1805
f 1810 1805 241
f 1809 1805 1810
f 241 2617 1810
f 2617 503 2618
f 1810 2618 244
f 2617 2618 1810
f 57 1800 1283
f 1800 240 1799
f 1283 1799 56
f 1800 1799 1283
f 57 1916 1800
f 1916 290 1917
f 1800 1917 240
f 1916 1917 1800
f 308 1972 1971
f 1972 57 1283
f 1971 1283 56
f 1972 1283 1971
f 290 1916 1973
f 1916 57 1972
f 1973 1972 308
f 1916 1972 1973
f 1020 4354 4887
f 4354 1139 4891
f 4887 4891 1233
f 4354 4891 4887
f 1020 3920 3922
f 3920 567 3916
f 3922 3916 1019
f 3920 3916 3922
f 516 2729 3919
f 2729 567 3920
f 3919 3920 1020
f 2729 3920 3919
f 1140 4359 4906
f 4359 1139 4905
f 4906 4905 1235
f 4359 4905 4906
f 1235 4904 4903
f 4904 1020 3922
f 4903 3922 1019
f 4904 3922 4903
f 1139 4354 4905
f 4354 1020 4904
f 4905 4904 1235
f 4354 4904 4905
f 1235 4907 4906
f 4907 1141 4364
f 4906 4364 1140
f 4907 4364 4906
f 1017 4362 4901
f 4362 1141 4907
f 4901 4907 1235
f 4362 4907 4901
f 1235 4900 4901
f 4900 565 3911
f 4901 3911 1017
f 4900 3911 4901
f 516 2648 2730
f 2648 518 2731
f 2730 2731 568
f 2648 2731 2730
f 568 2732 2730
f 2732 567 2729
f 2730 2729 516
f 2732 2729 2730
f 1019 3916 3917
f 3916 567 2732
f 3917 2732 568
f 3916 2732 3917
f 239 2924 2917
f 2924 658 2927
f 2917 2927 656
f 2924 2927 2917
f 656 2923 2917
f 2923 657 2919
f 2917 2919 239
f 2923 2919 2917
f 658 2928 2927
f 2928 657 2923
f 2927 2923 656
f 2928 2923 2927
f 517 2906 2956
f 2906 653 2959
f 2956 2959 665
f 2906 2959 2956
f 665 2959 2958
f 2959 653 2907
f 2958 2907 519
f 2959 2907 2958
f 665 2957 2956
f 2957 518 2649
f 2956 2649 517
f 2957 2649 2956
f 519 2650 2958
f 2650 518 2957
f 2958 2957 665
f 2650 2957 2958
f 52 1822 1280
f 1822 248 1821
f 1280 1821 51
f 1822 1821 1280
f 49 1838 1840
f 1838 252 1844
f 1840 1844 253
f 1838 1844 1840
f 682 3018 3017
f 3018 651 2899
f 3017 2899 253
f 3018 2899 3017
f 253 1844 3017
f 1844 252 3016
f 3017 3016 682
f 1844 3016 3017
f 651 2915 2899
f 2915 655 2913
f 2899 2913 253
f 2915 2913 2899
f 655 2912 2913
f 2912 248 1843
f 2913 1843 253
f 2912 1843 2913
f 54 1841 1824
f 1841 253 1843
f 1824 1843 248
f 1841 1843 1824
f 334 2053 2052
f 2053 333 2048
f 2052 2048 332
f 2053 2048 2052
f 334 2051 2053
f 2051 329 2047
f 2053 2047 333
f 2051 2047 2053
f 661 2941 2950
f 2941 512 2949
f 2950 2949 663
f 2941 2949 2950
f 663 2949 2948
f 2949 512 2636
f 2948 2636 510
f 2949 2636 2948
f 663 2947 2950
f 2947 503 2940
f 2950 2940 661
f 2947 2940 2950
f 510 2632 2948
f 2632 503 2947
f 2948 2947 663
f 2632 2947 2948
f 60 1869 2038
f 1869 263 2039
f 2038 2039 330
f 1869 2039 2038
f 264 1872 1870
f 1872 263 1869
f 1870 1869 60
f 1872 1869 1870
f 702 3409 3414
f 3409 788 3415
f 3414 3415 789
f 3409 3415 3414
f 789 3412 3414
f 3412 264 3051
f 3414 3051 702
f 3412 3051 3414
f 789 3411 3412
f 3411 263 1872
f 3412 1872 264
f 3411 1872 3412
f 789 3415 3413
f 3415 788 3408
f 3413 3408 330
f 3415 3408 3413
f 330 2039 3413
f 2039 263 3411
f 3413 3411 789
f 2039 3411 3413
f 506 3068 2624
f 3068 706 3066
f 2624 3066 504
f 3068 3066 2624
f 505 3067 2625
f 3067 706 3068
f 2625 3068 506
f 3067 3068 2625
f 504 2621 2624
f 2621 503 2623
f 2624 2623 506
f 2621 2623 2624
f 506 2623 2625
f 2623 503 2622
f 2625 2622 505
f 2623 2622 2625
f 504 3066 2620
f 3066 706 3065
f 2620 3065 502
f 3066 3065 2620
f 502 3065 2945
f 3065 706 3069
f 2945 3069 662
f 3065 3069 2945
f 502 2619 2620
f 2619 503 2621
f 2620 2621 504
f 2619 2621 2620
f 662 2946 2945
f 2946 503 2619
f 2945 2619 502
f 2946 2619 2945
f 785 3393 3388
f 3393 710 3085
f 3388 3085 689
f 3393 3085 3388
f 689 3028 3388
f 3028 690 3389
f 3388 3389 785
f 3028 3389 3388
f 1041 4003 4002
f 4003 690 3028
f 4002 3028 689
f 4003 3028 4002
f 1040 4005 3999
f 4005 1041 4002
f 3999 4002 689
f 4005 4002 3999
f 689 3085 3999
f 3085 710 4000
f 3999 4000 1040
f 3085 4000 3999
f 507 3056 2626
f 3056 703 3055
f 2626 3055 505
f 3056 3055 2626
f 505 2628 2626
f 2628 508 2629
f 2626 2629 507
f 2628 2629 2626
f 507 2629 3972
f 2629 508 3973
f 3972 3973 1033
f 2629 3973 3972
f 345 2075 2078
f 2075 343 2076
f 2078 2076 346
f 2075 2076 2078
f 366 2159 2160
f 2159 343 2075
f 2160 2075 345
f 2159 2075 2160
f 346 2080 2078
f 2080 347 2079
f 2078 2079 345
f 2080 2079 2078
f 347 2093 2079
f 2093 352 2092
f 2079 2092 345
f 2093 2092 2079
f 365 2161 2153
f 2161 366 2160
f 2153 2160 345
f 2161 2160 2153
f 345 2092 2153
f 2092 352 2154
f 2153 2154 365
f 2092 2154 2153
f 341 2067 2070
f 2067 339 2068
f 2070 2068 342
f 2067 2068 2070
f 342 2073 2070
f 2073 344 2072
f 2070 2072 341
f 2073 2072 2070
f 344 2074 2072
f 2074 343 2071
f 2072 2071 341
f 2074 2071 2072
f 950 3737 3745
f 3737 952 3746
f 3745 3746 957
f 3737 3746 3745
f 937 3734 3721
f 3734 952 3736
f 3721 3736 945
f 3734 3736 3721
f 1188 4623 4622
f 4623 965 3762
f 4622 3762 961
f 4623 3762 4622
f 961 3755 4622
f 3755 960 4621
f 4622 4621 1188
f 3755 4621 4622
f 965 3761 3762
f 3761 960 3755
f 3762 3755 961
f 3761 3755 3762
f 955 3742 3743
f 3742 949 3740
f 3743 3740 954
f 3742 3740 3743
f 955 3753 3742
f 3753 960 3752
f 3742 3752 949
f 3753 3752 3742
f 959 3754 3750
f 3754 960 3753
f 3750 3753 955
f 3754 3753 3750
f 1188 4620 4619
f 4620 959 3750
f 4619 3750 955
f 4620 3750 4619
f 634 2848 2859
f 2848 575 2856
f 2859 2856 636
f 2848 2856 2859
f 636 3160 2859
f 3160 736 3159
f 2859 3159 634
f 3160 3159 2859
f 634 3159 3241
f 3159 736 3245
f 3241 3245 752
f 3159 3245 3241
f 634 3236 2852
f 3236 751 3235
f 2852 3235 632
f 3236 3235 2852
f 752 3242 3241
f 3242 730 3135
f 3241 3135 634
f 3242 3135 3241
f 730 3238 3135
f 3238 751 3236
f 3135 3236 634
f 3238 3236 3135
f 631 2842 2847
f 2842 572 2845
f 2847 2845 632
f 2842 2845 2847
f 632 3165 2847
f 3165 737 3164
f 2847 3164 631
f 3165 3164 2847
f 737 3161 3164
f 3161 581 2844
f 3164 2844 631
f 3161 2844 3164
f 631 2844 2843
f 2844 581 2742
f 2843 2742 573
f 2844 2742 2843
f 632 2845 2846
f 2845 572 2740
f 2846 2740 578
f 2845 2740 2846
f 578 2851 2846
f 2851 634 2852
f 2846 2852 632
f 2851 2852 2846
f 577 2850 2741
f 2850 634 2851
f 2741 2851 578
f 2850 2851 2741
f 1190 4947 4635
f 4947 1242 4945
f 4635 4945 578
f 4947 4945 4635
f 578 4945 2741
f 4945 1242 4944
f 2741 4944 577
f 4945 4944 2741
f 1003 3866 3864
f 3866 631 2843
f 3864 2843 573
f 3866 2843 3864
f 572 2842 3863
f 2842 631 3866
f 3863 3866 1003
f 2842 3866 3863
f 1003 3865 3863
f 3865 578 2740
f 3863 2740 572
f 3865 2740 3863
f 599 2857 2755
f 2857 636 2855
f 2755 2855 574
f 2857 2855 2755
f 636 3856 2855
f 3856 1001 3854
f 2855 3854 574
f 3856 3854 2855
f 574 3847 2755
f 3847 998 3848
f 2755 3848 599
f 3847 3848 2755
f 574 3854 3847
f 3854 1001 3857
f 3847 3857 998
f 3854 3857 3847
f 633 3855 2858
f 3855 1001 3856
f 2858 3856 636
f 3855 3856 2858
f 849 3518 4656
f 3518 848 4655
f 4656 4655 1192
f 3518 4655 4656
f 849 3520 3518
f 3520 850 3519
f 3518 3519 848
f 3520 3519 3518
f 1192 4664 4656
f 4664 1191 4644
f 4656 4644 849
f 4664 4644 4656
f 1191 4645 4644
f 4645 850 3520
f 4644 3520 849
f 4645 3520 4644
f 626 3227 2835
f 3227 750 3228
f 2835 3228 628
f 3227 3228 2835
f 738 3233 3167
f 3233 750 3227
f 3167 3227 626
f 3233 3227 3167
f 626 2828 3167
f 2828 625 3166
f 3167 3166 738
f 2828 3166 3167
f 627 2831 2832
f 2831 625 2828
f 2832 2828 626
f 2831 2828 2832
f 626 2827 2832
f 2827 580 2829
f 2832 2829 627
f 2827 2829 2832
f 628 2833 2835
f 2833 580 2827
f 2835 2827 626
f 2833 2827 2835
f 1180 4973 4565
f 4973 1246 4972
f 4565 4972 1179
f 4973 4972 4565
f 1180 4573 4973
f 4573 1181 4974
f 4973 4974 1246
f 4573 4974 4973
f 1179 4558 4565
f 4558 904 4564
f 4565 4564 1180
f 4558 4564 4565
f 1181 4573 4566
f 4573 1180 4561
f 4566 4561 901
f 4573 4561 4566
f 938 3712 3706
f 3712 939 3711
f 3706 3711 937
f 3712 3711 3706
f 937 4567 3706
f 4567 1181 4568
f 3706 4568 938
f 4567 4568 3706
f 938 4568 3712
f 4568 1181 4569
f 3712 4569 939
f 4568 4569 3712
f 968 3791 4597
f 3791 978 4601
f 4597 4601 1185
f 3791 4601 4597
f 1185 4601 4600
f 4601 978 3792
f 4600 3792 977
f 4601 3792 4600
f 977 3790 4600
f 3790 976 4599
f 4600 4599 1185
f 3790 4599 4600
f 1185 4599 4608
f 4599 976 4606
f 4608 4606 1186
f 4599 4606 4608
f 585 3873 3875
f 3873 1007 3876
f 3875 3876 1008
f 3873 3876 3875
f 585 3170 2814
f 3170 739 3172
f 2814 3172 621
f 3170 3172 2814
f 621 2818 2814
f 2818 622 2815
f 2814 2815 585
f 2818 2815 2814
f 1182 4579 4580
f 4579 1007 4571
f 4580 4571 1181
f 4579 4571 4580
f 1182 4580 4574
f 4580 1181 4567
f 4574 4567 937
f 4580 4567 4574
f 1182 4578 4595
f 4578 952 4592
f 4595 4592 1184
f 4578 4592 4595
f 1013 3895 4971
f 3895 1012 4970
f 4971 4970 1246
f 3895 4970 4971
f 1246 4974 4971
f 4974 1181 4572
f 4971 4572 1013
f 4974 4572 4971
f 1181 4571 4572
f 4571 1007 3894
f 4572 3894 1013
f 4571 3894 4572
f 1013 3891 3893
f 3891 585 2815
f 3893 2815 622
f 3891 2815 3893
f 1007 3873 3894
f 3873 585 3891
f 3894 3891 1013
f 3873 3891 3894
f 589 3888 3892
f 3888 1012 3895
f 3892 3895 1013
f 3888 3895 3892
f 1013 3893 3892
f 3893 622 2816
f 3892 2816 589
f 3893 2816 3892
f 197 1662 1658
f 1662 200 1663
f 1658 1663 198
f 1662 1663 1658
f 204 1672 1673
f 1672 197 1658
f 1673 1658 198
f 1672 1658 1673
f 198 1657 1673
f 1657 196 1671
f 1673 1671 204
f 1657 1671 1673
f 223 1732 1733
f 1732 196 1657
f 1733 1657 198
f 1732 1657 1733
f 198 1729 1733
f 1729 222 1736
f 1733 1736 223
f 1729 1736 1733
f 200 1730 1663
f 1730 222 1729
f 1663 1729 198
f 1730 1729 1663
f 70 1350 1352
f 1350 91 1356
f 1352 1356 92
f 1350 1356 1352
f 92 1353 1352
f 1353 71 1304
f 1352 1304 70
f 1353 1304 1352
f 92 1355 1353
f 1355 79 1319
f 1353 1319 71
f 1355 1319 1353
f 92 1360 1354
f 1360 93 1358
f 1354 1358 78
f 1360 1358 1354
f 78 1320 1354
f 1320 79 1355
f 1354 1355 92
f 1320 1355 1354
f 164 1557 1562
f 1557 166 1564
f 1562 1564 167
f 1557 1564 1562
f 167 1563 1562
f 1563 165 1556
f 1562 1556 164
f 1563 1556 1562
f 167 1564 1570
f 1564 166 1569
f 1570 1569 169
f 1564 1569 1570
f 169 1566 1570
f 1566 36 1559
f 1570 1559 167
f 1566 1559 1570
f 167 1559 1558
f 1559 36 1267
f 1558 1267 35
f 1559 1267 1558
f 39 1554 1560
f 1554 165 1563
f 1560 1563 167
f 1554 1563 1560
f 113 1409 1561
f 1409 39 1560
f 1561 1560 167
f 1409 1560 1561
f 167 1558 1561
f 1558 35 1406
f 1561 1406 113
f 1558 1406 1561
f 177 1596 1597
f 1596 163 1591
f 1597 1591 175
f 1596 1591 1597
f 163 1555 1591
f 1555 165 1592
f 1591 1592 175
f 1555 1592 1591
f 176 1598 1595
f 1598 177 1597
f 1595 1597 175
f 1598 1597 1595
f 165 1553 1592
f 1553 38 1589
f 1592 1589 175
f 1553 1589 1592
f 132 1465 1462
f 1465 131 1459
f 1462 1459 126
f 1465 1459 1462
f 123 1436 1446
f 1436 122 1445
f 1446 1445 126
f 1436 1445 1446
f 126 1455 1446
f 1455 129 1454
f 1446 1454 123
f 1455 1454 1446
f 126 1459 1455
f 1459 131 1460
f 1455 1460 129
f 1459 1460 1455
f 126 1470 1444
f 1470 134 1469
f 1444 1469 121
f 1470 1469 1444
f 122 1448 1445
f 1448 127 1451
f 1445 1451 126
f 1448 1451 1445
f 126 1451 1470
f 1451 127 1471
f 1470 1471 134
f 1451 1471 1470
f 685 3340 3022
f 3340 775 3334
f 3022 3334 154
f 3340 3334 3022
f 685 3021 3796
f 3021 16 3794
f 3796 3794 979
f 3021 3794 3796
f 154 1528 3022
f 1528 16 3021
f 3022 3021 685
f 1528 3021 3022
f 756 3269 3267
f 3269 759 3270
f 3267 3270 758
f 3269 3270 3267
f 758 3268 3267
f 3268 757 3264
f 3267 3264 756
f 3268 3264 3267
f 30 1264 1623
f 1264 31 1624
f 1623 1624 187
f 1264 1624 1623
f 187 3375 1623
f 3375 782 3373
f 1623 3373 30
f 3375 3373 1623
f 187 1625 1626
f 1625 134 1611
f 1626 1611 182
f 1625 1611 1626
f 31 1467 1624
f 1467 134 1625
f 1624 1625 187
f 1467 1625 1624
f 187 1626 3370
f 1626 182 3369
f 3370 3369 781
f 1626 3369 3370
f 781 3378 3370
f 3378 782 3375
f 3370 3375 187
f 3378 3375 3370
f 30 1453 1262
f 1453 128 1452
f 1262 1452 29
f 1453 1452 1262
f 29 1263 1262
f 1263 31 1264
f 1262 1264 30
f 1263 1264 1262
f 29 1452 1456
f 1452 128 1457
f 1456 1457 130
f 1452 1457 1456
f 130 1464 1456
f 1464 132 1461
f 1456 1461 29
f 1464 1461 1456
f 132 1462 1461
f 1462 126 1443
f 1461 1443 29
f 1462 1443 1461
f 121 1435 1434
f 1435 31 1263
f 1434 1263 29
f 1435 1263 1434
f 29 1443 1434
f 1443 126 1444
f 1434 1444 121
f 1443 1444 1434
f 172 1763 1587
f 1763 230 1764
f 1587 1764 174
f 1763 1764 1587
f 174 1588 1587
f 1588 173 1585
f 1587 1585 172
f 1588 1585 1587
f 183 1616 1614
f 1616 184 1615
f 1614 1615 182
f 1616 1615 1614
f 183 1619 1616
f 1619 185 1620
f 1616 1620 184
f 1619 1620 1616
f 210 1688 1690
f 1688 185 1679
f 1690 1679 208
f 1688 1679 1690
f 208 1679 1680
f 1679 185 1622
f 1680 1622 186
f 1679 1622 1680
f 186 1675 1680
f 1675 205 1681
f 1680 1681 208
f 1675 1681 1680
f 208 1686 1690
f 1686 209 1691
f 1690 1691 210
f 1686 1691 1690
f 208 1682 1686
f 1682 207 1685
f 1686 1685 209
f 1682 1685 1686
f 208 1681 1682
f 1681 205 1677
f 1682 1677 207
f 1681 1677 1682
f 186 1622 1621
f 1622 185 1617
f 1621 1617 161
f 1622 1617 1621
f 33 1387 1266
f 1387 105 1388
f 1266 1388 34
f 1387 1388 1266
f 105 1541 1388
f 1541 160 1540
f 1388 1540 34
f 1541 1540 1388
f 1010 3883 3880
f 3883 1006 3871
f 3880 3871 580
f 3883 3871 3880
f 1010 3880 3882
f 3880 580 2833
f 3882 2833 628
f 3880 2833 3882
f 628 2834 3882
f 2834 620 3881
f 3882 3881 1010
f 2834 3881 3882
f 628 3173 2837
f 3173 739 3174
f 2837 3174 629
f 3173 3174 2837
f 629 2836 2837
f 2836 620 2834
f 2837 2834 628
f 2836 2834 2837
f 739 3171 3174
f 3171 620 2836
f 3174 2836 629
f 3171 2836 3174
f 1183 4589 4588
f 4589 1010 3884
f 4588 3884 1009
f 4589 3884 4588
f 115 1417 1418
f 1417 40 1270
f 1418 1270 41
f 1417 1270 1418
f 41 1269 1418
f 1269 38 1416
f 1418 1416 115
f 1269 1416 1418
f 41 1590 1269
f 1590 175 1589
f 1269 1589 38
f 1590 1589 1269
f 41 1270 1594
f 1270 40 1593
f 1594 1593 176
f 1270 1593 1594
f 176 1595 1594
f 1595 175 1590
f 1594 1590 41
f 1595 1590 1594
f 32 1386 1265
f 1386 105 1387
f 1265 1387 33
f 1386 1387 1265
f 32 1399 1386
f 1399 110 1400
f 1386 1400 105
f 1399 1400 1386
f 33 1546 1265
f 1546 161 1545
f 1265 1545 32
f 1546 1545 1265
f 134 1471 1468
f 1471 127 1447
f 1468 1447 32
f 1471 1447 1468
f 337 2088 2109
f 2088 351 2111
f 2109 2111 356
f 2088 2111 2109
f 356 2110 2109
f 2110 350 2087
f 2109 2087 337
f 2110 2087 2109
f 362 2140 2142
f 2140 350 2110
f 2142 2110 356
f 2140 2110 2142
f 356 2136 2142
f 2136 361 2143
f 2142 2143 362
f 2136 2143 2142
f 356 2111 2136
f 2111 351 2135
f 2136 2135 361
f 2111 2135 2136
f 335 2081 2241
f 2081 348 2242
f 2241 2242 381
f 2081 2242 2241
f 381 2249 2240
f 2249 382 2245
f 2240 2245 86
f 2249 2245 2240
f 353 2248 2243
f 2248 382 2249
f 2243 2249 381
f 2248 2249 2243
f 381 2242 2243
f 2242 348 2097
f 2243 2097 353
f 2242 2097 2243
f 277 1896 2030
f 1896 275 2029
f 2030 2029 327
f 1896 2029 2030
f 277 2030 1895
f 2030 327 2028
f 1895 2028 273
f 2030 2028 1895
f 277 2352 1897
f 2352 408 2351
f 1897 2351 276
f 2352 2351 1897
f 276 1894 1897
f 1894 275 1896
f 1897 1896 277
f 1894 1896 1897
f 277 2368 2352
f 2368 413 2369
f 2352 2369 408
f 2368 2369 2352
f 273 2367 1895
f 2367 413 2368
f 1895 2368 277
f 2367 2368 1895
f 284 2337 2341
f 2337 404 2343
f 2341 2343 405
f 2337 2343 2341
f 400 2325 2342
f 2325 283 2340
f 2342 2340 405
f 2325 2340 2342
f 405 2340 2341
f 2340 283 1905
f 2341 1905 284
f 2340 1905 2341
f 405 2400 2342
f 2400 423 2397
f 2342 2397 400
f 2400 2397 2342
f 405 2343 2400
f 2343 404 2399
f 2400 2399 423
f 2343 2399 2400
f 278 2345 1901
f 2345 406 2346
f 1901 2346 279
f 2345 2346 1901
f 325 2022 2023
f 2022 274 1900
f 2023 1900 278
f 2022 1900 2023
f 278 2018 2023
f 2018 324 2024
f 2023 2024 325
f 2018 2024 2023
f 278 1901 2018
f 1901 279 2019
f 2018 2019 324
f 1901 2019 2018
f 369 2176 2177
f 2176 62 1288
f 2177 1288 64
f 2176 1288 2177
f 64 2182 2177
f 2182 371 2186
f 2177 2186 369
f 2182 2186 2177
f 63 1290 1289
f 1290 65 1291
f 1289 1291 64
f 1290 1291 1289
f 64 1288 1289
f 1288 62 1287
f 1289 1287 63
f 1288 1287 1289
f 1134 4337 4367
f 4337 862 4366
f 4367 4366 1142
f 4337 4366 4367
f 1135 4338 4343
f 4338 862 4337
f 4343 4337 1134
f 4338 4337 4343
f 1142 4829 4367
f 4829 1224 4827
f 4367 4827 1134
f 4829 4827 4367
f 1134 4827 4343
f 4827 1224 4828
f 4343 4828 1135
f 4827 4828 4343
f 1145 4376 4375
f 4376 836 3504
f 4375 3504 835
f 4376 3504 4375
f 836 3503 3504
f 3503 823 3500
f 3504 3500 835
f 3503 3500 3504
f 1220 4806 4807
f 4806 1068 4489
f 4807 4489 1165
f 4806 4489 4807
f 1165 4786 4807
f 4786 1216 4808
f 4807 4808 1220
f 4786 4808 4807
f 1068 4806 4081
f 4806 1220 4802
f 4081 4802 426
f 4806 4802 4081
f 472 2536 2535
f 2536 429 2418
f 2535 2418 428
f 2536 2418 2535
f 428 2415 2416
f 2415 426 2414
f 2416 2414 427
f 2415 2414 2416
f 428 2418 2422
f 2418 429 2423
f 2422 2423 430
f 2418 2423 2422
f 213 1704 1709
f 1704 214 1710
f 1709 1710 216
f 1704 1710 1709
f 216 1708 1709
f 1708 212 1702
f 1709 1702 213
f 1708 1702 1709
f 216 1711 1708
f 1711 215 1707
f 1708 1707 212
f 1711 1707 1708
f 135 1516 1519
f 1516 151 1520
f 1519 1520 152
f 1516 1520 1519
f 152 1520 1635
f 1520 151 1634
f 1635 1634 190
f 1520 1634 1635
f 190 1636 1635
f 1636 180 1606
f 1635 1606 152
f 1636 1606 1635
f 152 1606 1525
f 1606 180 1607
f 1525 1607 153
f 1606 1607 1525
f 221 1739 1735
f 1739 224 1740
f 1735 1740 223
f 1739 1740 1735
f 219 1738 1724
f 1738 224 1739
f 1724 1739 221
f 1738 1739 1724
f 181 1637 1705
f 1637 190 1706
f 1705 1706 215
f 1637 1706 1705
f 181 1609 1637
f 1609 180 1636
f 1637 1636 190
f 1609 1636 1637
f 219 1724 1718
f 1724 221 1723
f 1718 1723 181
f 1724 1723 1718
f 140 1489 1655
f 1489 139 1654
f 1655 1654 195
f 1489 1654 1655
f 195 1653 1655
f 1653 97 1488
f 1655 1488 140
f 1653 1488 1655
f 466 2510 2511
f 2510 139 1489
f 2511 1489 140
f 2510 1489 2511
f 2 2507 1486
f 2507 465 2508
f 1486 2508 140
f 2507 2508 1486
f 140 2508 2511
f 2508 465 2512
f 2511 2512 466
f 2508 2512 2511
f 140 1487 1486
f 1487 96 1369
f 1486 1369 2
f 1487 1369 1486
f 140 1488 1487
f 1488 97 1372
f 1487 1372 96
f 1488 1372 1487
f 195 1654 1656
f 1654 139 1650
f 1656 1650 194
f 1654 1650 1656
f 387 2273 2275
f 2273 94 1649
f 2275 1649 194
f 2273 1649 2275
f 94 1652 1649
f 1652 195 1656
f 1649 1656 194
f 1652 1656 1649
f 194 2269 2275
f 2269 386 2276
f 2275 2276 387
f 2269 2276 2275
f 194 1667 2269
f 1667 201 2270
f 2269 2270 386
f 1667 2270 2269
f 78 1358 1318
f 1358 93 1357
f 1318 1357 77
f 1358 1357 1318
f 86 1336 1337
f 1336 75 1315
f 1337 1315 77
f 1336 1315 1337
f 1066 4073 4075
f 4073 480 4071
f 4075 4071 1065
f 4073 4071 4075
f 1066 4074 4073
f 4074 1063 4067
f 4073 4067 480
f 4074 4067 4073
f 1065 4778 4075
f 4778 1215 4779
f 4075 4779 1066
f 4778 4779 4075
f 1066 4779 4697
f 4779 1215 4780
f 4697 4780 1199
f 4779 4780 4697
f 1199 4696 4697
f 4696 1063 4074
f 4697 4074 1066
f 4696 4074 4697
f 9 1252 1473
f 1252 10 1474
f 1473 1474 135
f 1252 1474 1473
f 135 1519 1473
f 1519 152 1518
f 1473 1518 9
f 1519 1518 1473
f 461 2552 2497
f 2552 475 2551
f 2497 2551 9
f 2552 2551 2497
f 9 1522 2497
f 1522 153 2498
f 2497 2498 461
f 1522 2498 2497
f 9 1518 1522
f 1518 152 1525
f 1522 1525 153
f 1518 1525 1522
f 476 2557 2556
f 2557 10 1252
f 2556 1252 9
f 2557 1252 2556
f 9 2551 2556
f 2551 475 2562
f 2556 2562 476
f 2551 2562 2556
f 484 4045 2578
f 4045 1055 4044
f 2578 4044 476
f 4045 4044 2578
f 476 2562 2578
f 2562 475 2577
f 2578 2577 484
f 2562 2577 2578
f 8 1521 1504
f 1521 153 1523
f 1504 1523 146
f 1521 1523 1504
f 461 2498 2496
f 2498 153 1521
f 2496 1521 8
f 2498 1521 2496
f 459 2490 2566
f 2490 13 2563
f 2566 2563 477
f 2490 2563 2566
f 477 2564 2566
f 2564 14 2491
f 2566 2491 459
f 2564 2491 2566
f 148 1627 1630
f 1627 188 1633
f 1630 1633 189
f 1627 1633 1630
f 476 4044 2580
f 4044 1055 4046
f 2580 4046 485
f 4044 4046 2580
f 485 2581 2580
f 2581 481 2573
f 2580 2573 476
f 2581 2573 2580
f 1062 4065 4751
f 4065 481 4748
f 4751 4748 1210
f 4065 4748 4751
f 1061 4063 4066
f 4063 481 4065
f 4066 4065 1062
f 4063 4065 4066
f 1061 4702 4064
f 4702 1200 4701
f 4064 4701 1042
f 4702 4701 4064
f 1042 4006 4064
f 4006 478 4062
f 4064 4062 1061
f 4006 4062 4064
f 464 2540 2505
f 2540 473 2539
f 2505 2539 4
f 2540 2539 2505
f 473 2549 2539
f 2549 474 2544
f 2539 2544 4
f 2549 2544 2539
f 4 1480 1478
f 1480 138 1484
f 1478 1484 137
f 1480 1484 1478
f 1203 4718 4717
f 4718 1050 4032
f 4717 4032 1049
f 4718 4032 4717
f 1049 4714 4717
f 4714 1202 4719
f 4717 4719 1203
f 4714 4719 4717
f 1049 4029 4714
f 4029 1048 4713
f 4714 4713 1202
f 4029 4713 4714
f 1051 4034 4033
f 4034 492 2599
f 4033 2599 491
f 4034 2599 4033
f 491 4031 4033
f 4031 1050 4035
f 4033 4035 1051
f 4031 4035 4033
f 491 2595 2594
f 2595 473 2543
f 2594 2543 471
f 2595 2543 2594
f 491 2599 2595
f 2599 492 2597
f 2595 2597 473
f 2599 2597 2595
f 1051 4730 4038
f 4730 1206 4731
f 4038 4731 1052
f 4730 4731 4038
f 489 2598 4036
f 2598 492 4037
f 4036 4037 1052
f 2598 4037 4036
f 1052 4037 4038
f 4037 492 4034
f 4038 4034 1051
f 4037 4034 4038
f 1051 4035 4722
f 4035 1050 4721
f 4722 4721 1204
f 4035 4721 4722
f 1204 4732 4722
f 4732 1206 4730
f 4722 4730 1051
f 4732 4730 4722
f 1204 4721 4723
f 4721 1050 4718
f 4723 4718 1203
f 4721 4718 4723
f 1044 4785 4789
f 4785 1216 4790
f 4789 4790 1217
f 4785 4790 4789
f 1217 4800 4789
f 4800 1219 4798
f 4789 4798 1044
f 4800 4798 4789
f 1044 4798 4016
f 4798 1219 4799
f 4016 4799 1045
f 4798 4799 4016
f 1202 4713 4712
f 4713 1048 4026
f 4712 4026 1047
f 4713 4026 4712
f 1047 4022 4795
f 4022 1046 4794
f 4795 4794 1218
f 4022 4794 4795
f 1218 4796 4795
f 4796 1202 4712
f 4795 4712 1047
f 4796 4712 4795
f 1047 4021 4022
f 4021 494 4017
f 4022 4017 1046
f 4021 4017 4022
f 1210 4749 4752
f 4749 802 4705
f 4752 4705 1201
f 4749 4705 4752
f 1201 4705 4708
f 4705 802 4700
f 4708 4700 1200
f 4705 4700 4708
f 1201 4708 4706
f 4708 1200 4702
f 4706 4702 1061
f 4708 4702 4706
f 1201 4707 4752
f 4707 1062 4751
f 4752 4751 1210
f 4707 4751 4752
f 1061 4066 4706
f 4066 1062 4707
f 4706 4707 1201
f 4066 4707 4706
f 816 3464 3462
f 3464 817 3463
f 3462 3463 809
f 3464 3463 3462
f 809 3440 3462
f 3440 808 3461
f 3462 3461 816
f 3440 3461 3462
f 1206 4732 4729
f 4732 1204 4720
f 4729 4720 816
f 4732 4720 4729
f 1203 4716 4715
f 4716 817 3464
f 4715 3464 816
f 4716 3464 4715
f 816 4720 4715
f 4720 1204 4723
f 4715 4723 1203
f 4720 4723 4715
f 809 3438 3439
f 3438 806 3431
f 3439 3431 807
f 3438 3431 3439
f 807 3432 3439
f 3432 808 3440
f 3439 3440 809
f 3432 3440 3439
f 974 3782 3783
f 3782 971 3778
f 3783 3778 972
f 3782 3778 3783
f 972 3779 3783
f 3779 973 3784
f 3783 3784 974
f 3779 3784 3783
f 972 3778 4615
f 3778 971 4614
f 4615 4614 1187
f 3778 4614 4615
f 1187 4616 4615
f 4616 973 3779
f 4615 3779 972
f 4616 3779 4615
f 967 3777 3764
f 3777 971 3776
f 3764 3776 965
f 3777 3776 3764
f 965 3763 3764
f 3763 966 3765
f 3764 3765 967
f 3763 3765 3764
f 1187 4614 4613
f 4614 971 3777
f 4613 3777 967
f 4614 3777 4613
f 967 3765 4613
f 3765 966 4612
f 4613 4612 1187
f 3765 4612 4613
f 1193 4666 4665
f 4666 878 3575
f 4665 3575 877
f 4666 3575 4665
f 877 3575 3573
f 3575 878 3574
f 3573 3574 876
f 3575 3574 3573
f 1120 4674 4226
f 4674 1193 4665
f 4226 4665 877
f 4674 4665 4226
f 877 3573 4226
f 3573 876 4225
f 4226 4225 1120
f 3573 4225 4226
f 1192 4658 4657
f 4658 886 3591
f 4657 3591 885
f 4658 3591 4657
f 886 3590 3591
f 3590 878 3586
f 3591 3586 885
f 3590 3586 3591
f 885 4667 4657
f 4667 1193 4675
f 4657 4675 1192
f 4667 4675 4657
f 885 3586 4667
f 3586 878 4666
f 4667 4666 1193
f 3586 4666 4667
f 876 3572 3570
f 3572 857 3532
f 3570 3532 846
f 3572 3532 3570
f 857 3538 3532
f 3538 859 3537
f 3532 3537 846
f 3538 3537 3532
f 1120 4225 4223
f 4225 876 3570
f 4223 3570 846
f 4225 3570 4223
f 1119 4215 4214
f 4215 857 3534
f 4214 3534 856
f 4215 3534 4214
f 857 3533 3534
f 3533 855 3529
f 3534 3529 856
f 3533 3529 3534
f 1121 4242 4237
f 4242 1119 4214
f 4237 4214 856
f 4242 4214 4237
f 856 3529 4237
f 3529 855 4236
f 4237 4236 1121
f 3529 4236 4237
f 896 3609 4253
f 3609 830 4247
f 4253 4247 1122
f 3609 4247 4253
f 1122 4254 4253
f 4254 897 3612
f 4253 3612 896
f 4254 3612 4253
f 896 3612 3609
f 3612 897 3610
f 3609 3610 830
f 3612 3610 3609
f 867 3557 3553
f 3557 868 3554
f 3553 3554 830
f 3557 3554 3553
f 830 3610 3553
f 3610 897 3611
f 3553 3611 867
f 3610 3611 3553
f 1122 4250 4249
f 4250 868 3557
f 4249 3557 867
f 4250 3557 4249
f 867 3611 4249
f 3611 897 4254
f 4249 4254 1122
f 3611 4254 4249
f 843 3512 4234
f 3512 842 4233
f 4234 4233 1121
f 3512 4233 4234
f 869 3559 4251
f 3559 868 4250
f 4251 4250 1122
f 3559 4250 4251
f 869 3558 3559
f 3558 842 3556
f 3559 3556 868
f 3558 3556 3559
f 869 4251 4238
f 4251 1122 4257
f 4238 4257 1121
f 4251 4257 4238
f 1121 4233 4238
f 4233 842 3558
f 4238 3558 869
f 4233 3558 4238
f 916 3649 3650
f 3649 873 3646
f 3650 3646 915
f 3649 3646 3650
f 936 3702 3703
f 3702 914 3648
f 3703 3648 915
f 3702 3648 3703
f 1123 4264 4263
f 4264 916 3650
f 4263 3650 915
f 4264 3650 4263
f 915 3701 3703
f 3701 935 3704
f 3703 3704 936
f 3701 3704 3703
f 830 3698 3645
f 3698 935 3701
f 3645 3701 915
f 3698 3701 3645
f 915 3647 3645
f 3647 875 3565
f 3645 3565 830
f 3647 3565 3645
f 915 3646 3647
f 3646 873 3567
f 3647 3567 875
f 3646 3567 3647
f 915 4270 4263
f 4270 1124 4272
f 4263 4272 1123
f 4270 4272 4263
f 915 3648 4270
f 3648 914 4269
f 4270 4269 1124
f 3648 4269 4270
f 1029 3959 3960
f 3959 541 2706
f 3960 2706 552
f 3959 2706 3960
f 552 3963 3960
f 3963 1030 3964
f 3960 3964 1029
f 3963 3964 3960
f 541 2686 2706
f 2686 539 2705
f 2706 2705 552
f 2686 2705 2706
f 539 3961 2705
f 3961 1030 3963
f 2705 3963 552
f 3961 3963 2705
f 1127 4293 4292
f 4293 930 3689
f 4292 3689 929
f 4293 3689 4292
f 929 3682 4292
f 3682 928 4291
f 4292 4291 1127
f 3682 4291 4292
f 930 3688 3689
f 3688 928 3682
f 3689 3682 929
f 3688 3682 3689
f 866 3700 3551
f 3700 935 3699
f 3551 3699 864
f 3700 3699 3551
f 864 3550 3551
f 3550 865 3552
f 3551 3552 866
f 3550 3552 3551
f 1126 4286 4285
f 4286 935 3700
f 4285 3700 866
f 4286 3700 4285
f 866 3552 4285
f 3552 865 4284
f 4285 4284 1126
f 3552 4284 4285
f 520 2653 2723
f 2653 521 2724
f 2723 2724 564
f 2653 2724 2723
f 521 3904 2724
f 3904 1016 3906
f 2724 3906 564
f 3904 3906 2724
f 564 3910 2723
f 3910 1017 3909
f 2723 3909 520
f 3910 3909 2723
f 564 4893 3910
f 4893 1234 4896
f 3910 4896 1017
f 4893 4896 3910
f 564 3906 4893
f 3906 1016 4895
f 4893 4895 1234
f 3906 4895 4893
f 1015 3908 3902
f 3908 1016 3905
f 3902 3905 563
f 3908 3905 3902
f 1021 3927 3926
f 3927 1015 3901
f 3926 3901 562
f 3927 3901 3926
f 562 2722 3926
f 2722 523 3923
f 3926 3923 1021
f 2722 3923 3926
f 1015 3900 3901
f 3900 523 2722
f 3901 2722 562
f 3900 2722 3901
f 1023 3932 3933
f 3932 528 2720
f 3933 2720 560
f 3932 2720 3933
f 527 2664 2970
f 2664 526 2969
f 2970 2969 668
f 2664 2969 2970
f 530 2668 2667
f 2668 528 2665
f 2667 2665 527
f 2668 2665 2667
f 527 2665 3931
f 2665 528 3932
f 3931 3932 1023
f 2665 3932 3931
f 667 2965 2964
f 2965 530 2667
f 2964 2667 527
f 2965 2667 2964
f 527 2879 2964
f 2879 644 2967
f 2964 2967 667
f 2879 2967 2964
f 527 2970 2889
f 2970 668 2971
f 2889 2971 647
f 2970 2971 2889
f 647 2892 2889
f 2892 648 2890
f 2889 2890 527
f 2892 2890 2889
f 648 2891 2890
f 2891 644 2879
f 2890 2879 527
f 2891 2879 2890
f 911 4298 3643
f 4298 1128 4299
f 3643 4299 912
f 4298 4299 3643
f 1128 4300 4299
f 4300 913 3644
f 4299 3644 912
f 4300 3644 4299
f 872 3641 3642
f 3641 911 3643
f 3642 3643 912
f 3641 3643 3642
f 912 3679 3642
f 3679 927 3678
f 3642 3678 872
f 3679 3678 3642
f 912 3644 3679
f 3644 913 3680
f 3679 3680 927
f 3644 3680 3679
f 557 2714 3948
f 2714 531 3947
f 3948 3947 1026
f 2714 3947 3948
f 1025 3942 3944
f 3942 531 2714
f 3944 2714 557
f 3942 2714 3944
f 1026 4281 3948
f 4281 1125 4273
f 3948 4273 557
f 4281 4273 3948
f 557 4273 3944
f 4273 1125 4280
f 3944 4280 1025
f 4273 4280 3944
f 1023 3934 3935
f 3934 561 3040
f 3935 3040 696
f 3934 3040 3935
f 696 3040 3038
f 3040 561 2721
f 3038 2721 526
f 3040 2721 3038
f 696 3039 3935
f 3039 527 3931
f 3935 3931 1023
f 3039 3931 3935
f 526 2664 3038
f 2664 527 3039
f 3038 3039 696
f 2664 3039 3038
f 870 3560 3675
f 3560 871 3676
f 3675 3676 926
f 3560 3676 3675
f 926 3676 3677
f 3676 871 3671
f 3677 3671 925
f 3676 3671 3677
f 1129 4305 4310
f 4305 870 3675
f 4310 3675 926
f 4305 3675 4310
f 926 3677 4310
f 3677 925 4309
f 4310 4309 1129
f 3677 4309 4310
f 608 2779 3294
f 2779 603 3293
f 3294 3293 765
f 2779 3293 3294
f 604 2765 2780
f 2765 603 2779
f 2780 2779 608
f 2765 2779 2780
f 765 3295 3294
f 3295 609 2783
f 3294 2783 608
f 3295 2783 3294
f 609 2781 2783
f 2781 604 2780
f 2783 2780 608
f 2781 2780 2783
f 744 3190 3297
f 3190 111 3290
f 3297 3290 765
f 3190 3290 3297
f 765 3293 3297
f 3293 603 3191
f 3297 3191 744
f 3293 3191 3297
f 743 3186 3192
f 3186 111 3190
f 3192 3190 744
f 3186 3190 3192
f 744 3191 3192
f 3191 603 3187
f 3192 3187 743
f 3191 3187 3192
f 600 3249 2761
f 3249 754 3250
f 2761 3250 601
f 3249 3250 2761
f 754 3248 3250
f 3248 598 2760
f 3250 2760 601
f 3248 2760 3250
f 1228 4856 4851
f 4856 988 3825
f 4851 3825 596
f 4856 3825 4851
f 600 2761 2757
f 2761 601 2758
f 2757 2758 596
f 2761 2758 2757
f 981 3801 4854
f 3801 980 4853
f 4854 4853 1228
f 3801 4853 4854
f 981 3800 3801
f 3800 598 3797
f 3801 3797 980
f 3800 3797 3801
f 593 2748 3823
f 2748 592 3822
f 3823 3822 988
f 2748 3822 3823
f 988 4982 3823
f 4982 1248 4980
f 3823 4980 593
f 4982 4980 3823
f 1248 4981 4980
f 4981 987 3819
f 4980 3819 593
f 4981 3819 4980
f 602 2762 2763
f 2762 592 2748
f 2763 2748 593
f 2762 2748 2763
f 593 3819 2763
f 3819 987 3821
f 2763 3821 602
f 3819 3821 2763
f 450 2472 4140
f 2472 449 4139
f 4140 4139 1090
f 2472 4139 4140
f 1157 4444 4451
f 4444 451 4141
f 4451 4141 1090
f 4444 4141 4451
f 1090 4141 4140
f 4141 451 2474
f 4140 2474 450
f 4141 2474 4140
f 422 2462 2464
f 2462 446 2465
f 2464 2465 447
f 2462 2465 2464
f 447 2467 2464
f 2467 448 2466
f 2464 2466 422
f 2467 2466 2464
f 414 4099 4097
f 4099 1075 4101
f 4097 4101 1074
f 4099 4101 4097
f 1074 4101 4410
f 4101 1075 4411
f 4410 4411 1152
f 4101 4411 4410
f 1152 4418 4410
f 4418 1153 4417
f 4410 4417 1074
f 4418 4417 4410
f 1073 4426 4096
f 4426 1155 4422
f 4096 4422 453
f 4426 4422 4096
f 1073 4096 4095
f 4096 453 2478
f 4095 2478 416
f 4096 2478 4095
f 1070 4088 4401
f 4088 457 4399
f 4401 4399 1150
f 4088 4399 4401
f 456 2487 4087
f 2487 457 4088
f 4087 4088 1070
f 2487 4088 4087
f 1070 4401 4406
f 4401 1150 4407
f 4406 4407 1151
f 4401 4407 4406
f 1151 4405 4406
f 4405 1069 4089
f 4406 4089 1070
f 4405 4089 4406
f 1069 4086 4089
f 4086 456 4087
f 4089 4087 1070
f 4086 4087 4089
f 1077 4434 4108
f 4434 1156 4435
f 4108 4435 1078
f 4434 4435 4108
f 1077 4105 4434
f 4105 1076 4433
f 4434 4433 1156
f 4105 4433 4434
f 1078 4106 4108
f 4106 442 4103
f 4108 4103 1077
f 4106 4103 4108
f 1156 4439 4438
f 4439 1082 4118
f 4438 4118 1081
f 4439 4118 4438
f 1081 4115 4438
f 4115 1080 4437
f 4438 4437 1156
f 4115 4437 4438
f 454 4093 4119
f 4093 1072 4120
f 4119 4120 1083
f 4093 4120 4119
f 1083 4120 4427
f 4120 1072 4425
f 4427 4425 1155
f 4120 4425 4427
f 390 2289 2291
f 2289 18 1324
f 2291 1324 81
f 2289 1324 2291
f 425 2408 2410
f 2408 18 2289
f 2410 2289 390
f 2408 2289 2410
f 19 1258 2530
f 1258 17 2528
f 2530 2528 472
f 1258 2528 2530
f 95 1363 1364
f 1363 17 1258
f 1364 1258 19
f 1363 1258 1364
f 286 1910 2010
f 1910 288 2011
f 2010 2011 322
f 1910 2011 2010
f 322 2008 2010
f 2008 282 1909
f 2010 1909 286
f 2008 1909 2010
f 286 2329 1910
f 2329 402 2331
f 1910 2331 288
f 2329 2331 1910
f 425 2410 2411
f 2410 390 2300
f 2411 2300 393
f 2410 2300 2411
f 22 1322 2312
f 1322 80 2314
f 2312 2314 397
f 1322 2314 2312
f 80 1346 2314
f 1346 89 2315
f 2314 2315 397
f 1346 2315 2314
f 397 2316 2312
f 2316 393 2299
f 2312 2299 22
f 2316 2299 2312
f 425 2411 2413
f 2411 393 2316
f 2413 2316 397
f 2411 2316 2413
f 270 1886 2318
f 1886 23 2317
f 2318 2317 398
f 1886 2317 2318
f 396 2420 2412
f 2420 430 2421
f 2412 2421 425
f 2420 2421 2412
f 101 1382 1378
f 1382 98 1374
f 1378 1374 27
f 1382 1374 1378
f 27 1261 1378
f 1261 28 1379
f 1378 1379 101
f 1261 1379 1378
f 98 1373 1374
f 1373 26 1260
f 1374 1260 27
f 1373 1260 1374
f 434 2431 2430
f 2431 28 1261
f 2430 1261 27
f 2431 1261 2430
f 27 2381 2430
f 2381 419 2433
f 2430 2433 434
f 2381 2433 2430
f 320 2007 2004
f 2007 321 2006
f 2004 2006 289
f 2007 2006 2004
f 289 2006 1915
f 2006 321 2005
f 1915 2005 288
f 2006 2005 1915
f 23 1886 1912
f 1886 270 1914
f 1912 1914 289
f 1886 1914 1912
f 318 2085 2055
f 2085 350 2086
f 2055 2086 336
f 2085 2086 2055
f 336 2083 2057
f 2083 349 2082
f 2057 2082 335
f 2083 2082 2057
f 336 2086 2105
f 2086 350 2107
f 2105 2107 355
f 2086 2107 2105
f 355 2106 2105
f 2106 349 2083
f 2105 2083 336
f 2106 2083 2105
f 319 2000 2056
f 2000 318 2055
f 2056 2055 336
f 2000 2055 2056
f 336 2057 2056
f 2057 335 2054
f 2056 2054 319
f 2057 2054 2056
f 281 2335 1903
f 2335 403 2334
f 1903 2334 280
f 2335 2334 1903
f 280 1906 1903
f 1906 285 1907
f 1903 1907 281
f 1906 1907 1903
f 403 2336 2334
f 2336 285 1906
f 2334 1906 280
f 2336 1906 2334
f 441 2476 4143
f 2476 452 4145
f 4143 4145 1091
f 2476 4145 4143
f 1091 4148 4143
f 4148 1092 4147
f 4143 4147 441
f 4148 4147 4143
f 423 2475 2453
f 2475 452 2476
f 2453 2476 441
f 2475 2476 2453
f 441 2454 2453
f 2454 437 2443
f 2453 2443 423
f 2454 2443 2453
f 441 4147 2454
f 4147 1092 4146
f 2454 4146 437
f 4147 4146 2454
f 1110 4190 4191
f 4190 433 4188
f 4191 4188 1109
f 4190 4188 4191
f 433 4186 4188
f 4186 1108 4189
f 4188 4189 1109
f 4186 4189 4188
f 1109 4503 4191
f 4503 1167 4504
f 4191 4504 1110
f 4503 4504 4191
f 1109 4189 4503
f 4189 1108 4502
f 4503 4502 1167
f 4189 4502 4503
f 1107 4187 4184
f 4187 1108 4186
f 4184 4186 433
f 4187 4186 4184
f 1166 4499 4498
f 4499 1108 4187
f 4498 4187 1107
f 4499 4187 4498
f 1097 4162 4161
f 4162 418 2379
f 4161 2379 417
f 4162 2379 4161
f 417 2379 2385
f 2379 418 2386
f 2385 2386 419
f 2379 2386 2385
f 419 2450 2385
f 2450 440 2449
f 2385 2449 417
f 2450 2449 2385
f 1161 4473 4472
f 4473 1160 4466
f 4472 4466 1095
f 4473 4466 4472
f 1095 4157 4472
f 4157 1094 4471
f 4472 4471 1161
f 4157 4471 4472
f 1095 4154 4157
f 4154 438 4152
f 4157 4152 1094
f 4154 4152 4157
f 1019 3917 3918
f 3917 568 3914
f 3918 3914 1018
f 3917 3914 3918
f 1018 3914 3912
f 3914 568 2731
f 3912 2731 518
f 3914 2731 3912
f 1018 4902 3918
f 4902 1235 4903
f 3918 4903 1019
f 4902 4903 3918
f 565 4900 3913
f 4900 1235 4902
f 3913 4902 1018
f 4900 4902 3913
f 56 1799 1284
f 1799 240 1801
f 1284 1801 58
f 1799 1801 1284
f 240 1807 1801
f 1807 243 1806
f 1801 1806 58
f 1807 1806 1801
f 259 1859 1856
f 1859 257 1849
f 1856 1849 59
f 1859 1849 1856
f 59 1285 1856
f 1285 58 1855
f 1856 1855 259
f 1285 1855 1856
f 259 1855 1858
f 1855 58 1806
f 1858 1806 243
f 1855 1806 1858
f 259 1858 1857
f 1858 243 1808
f 1857 1808 242
f 1858 1808 1857
f 259 1857 1860
f 1857 242 1852
f 1860 1852 258
f 1857 1852 1860
f 258 1854 1860
f 1854 257 1859
f 1860 1859 259
f 1854 1859 1860
f 699 3046 3047
f 3046 514 2644
f 3047 2644 516
f 3046 2644 3047
f 516 3919 3047
f 3919 1020 3921
f 3047 3921 699
f 3919 3921 3047
f 699 3921 4886
f 3921 1020 4887
f 4886 4887 1233
f 3921 4887 4886
f 239 1798 1814
f 1798 238 1813
f 1814 1813 245
f 1798 1813 1814
f 50 1279 1793
f 1279 51 1794
f 1793 1794 236
f 1279 1794 1793
f 236 1794 1825
f 1794 51 1821
f 1825 1821 248
f 1794 1821 1825
f 241 1805 1803
f 1805 240 1802
f 1803 1802 236
f 1805 1802 1803
f 236 1796 1803
f 1796 238 1804
f 1803 1804 241
f 1796 1804 1803
f 237 1797 1795
f 1797 238 1796
f 1795 1796 236
f 1797 1796 1795
f 49 1840 1281
f 1840 253 1842
f 1281 1842 55
f 1840 1842 1281
f 253 1841 1842
f 1841 54 1282
f 1842 1282 55
f 1841 1282 1842
f 59 1849 1877
f 1849 257 1879
f 1877 1879 267
f 1849 1879 1877
f 265 1875 1873
f 1875 264 1871
f 1873 1871 61
f 1875 1871 1873
f 264 1870 1871
f 1870 60 1286
f 1871 1286 61
f 1870 1286 1871
f 787 3406 3405
f 3406 710 3086
f 3405 3086 703
f 3406 3086 3405
f 703 3056 3405
f 3056 507 3403
f 3405 3403 787
f 3056 3403 3405
f 1040 4000 4001
f 4000 710 3406
f 4001 3406 787
f 4000 3406 4001
f 787 4819 4001
f 4819 1223 4821
f 4001 4821 1040
f 4819 4821 4001
f 1034 4820 3978
f 4820 1223 4819
f 3978 4819 787
f 4820 4819 3978
f 331 2063 2171
f 2063 339 2172
f 2171 2172 368
f 2063 2172 2171
f 339 2067 2172
f 2067 341 2173
f 2172 2173 368
f 2067 2173 2172
f 368 2173 2174
f 2173 341 2071
f 2174 2071 343
f 2173 2071 2174
f 367 2165 2166
f 2165 343 2159
f 2166 2159 366
f 2165 2159 2166
f 367 2175 2165
f 2175 368 2174
f 2165 2174 343
f 2175 2174 2165
f 311 2170 2164
f 2170 368 2175
f 2164 2175 367
f 2170 2175 2164
f 294 1925 1924
f 1925 51 1279
f 1924 1279 50
f 1925 1279 1924
f 50 1793 1924
f 1793 236 1926
f 1924 1926 294
f 1793 1926 1924
f 957 4593 3749
f 4593 1184 4594
f 3749 4594 958
f 4593 4594 3749
f 958 3748 3749
f 3748 950 3745
f 3749 3745 957
f 3748 3745 3749
f 1184 4590 4594
f 4590 950 3748
f 4594 3748 958
f 4590 3748 4594
f 1184 4592 4591
f 4592 952 3738
f 4591 3738 951
f 4592 3738 4591
f 951 3732 4591
f 3732 950 4590
f 4591 4590 1184
f 3732 4590 4591
f 952 3737 3738
f 3737 950 3732
f 3738 3732 951
f 3737 3732 3738
f 577 4944 2739
f 4944 1242 4943
f 2739 4943 576
f 4944 4943 2739
f 576 2849 2739
f 2849 634 2850
f 2739 2850 577
f 2849 2850 2739
f 575 2848 2738
f 2848 634 2849
f 2738 2849 576
f 2848 2849 2738
f 1190 4653 4642
f 4653 1191 4652
f 4642 4652 1002
f 4653 4652 4642
f 1002 4946 4642
f 4946 1242 4947
f 4642 4947 1190
f 4946 4947 4642
f 575 2738 3858
f 2738 576 3859
f 3858 3859 1002
f 2738 3859 3858
f 1002 3859 4946
f 3859 576 4943
f 4946 4943 1242
f 3859 4943 4946
f 1191 4651 4652
f 4651 1001 3862
f 4652 3862 1002
f 4651 3862 4652
f 1001 3855 3862
f 3855 633 3860
f 3862 3860 1002
f 3855 3860 3862
f 636 2856 3861
f 2856 575 3858
f 3861 3858 1002
f 2856 3858 3861
f 1002 3860 3861
f 3860 633 2858
f 3861 2858 636
f 3860 2858 3861
f 1190 4635 4643
f 4635 578 4626
f 4643 4626 1189
f 4635 4626 4643
f 578 3865 4626
f 3865 1003 4633
f 4626 4633 1189
f 3865 4633 4626
f 1189 4633 4625
f 4633 1003 3864
f 4625 3864 573
f 4633 3864 4625
f 953 3739 4630
f 3739 949 4629
f 4630 4629 1189
f 3739 4629 4630
f 1189 4629 4628
f 4629 949 3731
f 4628 3731 948
f 4629 3731 4628
f 1189 4961 4634
f 4961 1244 4960
f 4634 4960 1188
f 4961 4960 4634
f 573 4955 4625
f 4955 1244 4961
f 4625 4961 1189
f 4955 4961 4625
f 954 3741 4631
f 3741 953 4630
f 4631 4630 1189
f 3741 4630 4631
f 948 3727 4628
f 3727 947 4627
f 4628 4627 1189
f 3727 4627 4628
f 1189 4627 4643
f 4627 947 4641
f 4643 4641 1190
f 4627 4641 4643
f 1188 4619 4634
f 4619 955 4632
f 4634 4632 1189
f 4619 4632 4634
f 1189 4632 4631
f 4632 955 3743
f 4631 3743 954
f 4632 3743 4631
f 904 3710 3625
f 3710 939 3709
f 3625 3709 902
f 3710 3709 3625
f 939 3708 3709
f 3708 901 3620
f 3709 3620 902
f 3708 3620 3709
f 902 3620 4562
f 3620 901 4561
f 4562 4561 1180
f 3620 4561 4562
f 939 4569 3714
f 4569 1181 4570
f 3714 4570 940
f 4569 4570 3714
f 940 3713 3714
f 3713 901 3708
f 3714 3708 939
f 3713 3708 3714
f 1181 4566 4570
f 4566 901 3713
f 4570 3713 940
f 4566 3713 4570
f 956 4581 3747
f 4581 1183 4582
f 3747 4582 957
f 4581 4582 3747
f 1183 4583 4587
f 4583 962 3772
f 4587 3772 970
f 4583 3772 4587
f 962 3756 3772
f 3756 956 3770
f 3772 3770 970
f 3756 3770 3772
f 957 3767 3771
f 3767 968 3773
f 3771 3773 970
f 3767 3773 3771
f 970 3770 3771
f 3770 956 3747
f 3771 3747 957
f 3770 3747 3771
f 584 2813 3169
f 2813 620 3171
f 3169 3171 739
f 2813 3171 3169
f 739 3170 3169
f 3170 585 2746
f 3169 2746 584
f 3170 2746 3169
f 584 2746 3874
f 2746 585 3875
f 3874 3875 1008
f 2746 3875 3874
f 1008 3876 4964
f 3876 1007 4963
f 4964 4963 1245
f 3876 4963 4964
f 1007 4579 4963
f 4579 1182 4966
f 4963 4966 1245
f 4579 4966 4963
f 1245 4966 4968
f 4966 1182 4595
f 4968 4595 1184
f 4966 4595 4968
f 1245 4962 4964
f 4962 584 3874
f 4964 3874 1008
f 4962 3874 4964
f 1009 3878 4965
f 3878 584 4962
f 4965 4962 1245
f 3878 4962 4965
f 1184 4596 4968
f 4596 1183 4967
f 4968 4967 1245
f 4596 4967 4968
f 1183 4588 4967
f 4588 1009 4965
f 4967 4965 1245
f 4588 4965 4967
f 937 3721 3723
f 3721 945 3724
f 3723 3724 946
f 3721 3724 3723
f 946 4577 3723
f 4577 1182 4574
f 3723 4574 937
f 4577 4574 3723
f 945 4576 3724
f 4576 1182 4577
f 3724 4577 946
f 4576 4577 3724
f 944 3722 3735
f 3722 945 3736
f 3735 3736 952
f 3722 3736 3735
f 952 4578 3735
f 4578 1182 4575
f 3735 4575 944
f 4578 4575 3735
f 944 4575 3722
f 4575 1182 4576
f 3722 4576 945
f 4575 4576 3722
f 759 3341 3273
f 3341 775 3342
f 3273 3342 760
f 3341 3342 3273
f 760 3272 3273
f 3272 758 3270
f 3273 3270 759
f 3272 3270 3273
f 775 3340 3342
f 3340 685 3271
f 3342 3271 760
f 3340 3271 3342
f 685 3266 3271
f 3266 758 3272
f 3271 3272 760
f 3266 3272 3271
f 684 3265 3023
f 3265 758 3266
f 3023 3266 685
f 3265 3266 3023
f 979 3809 3795
f 3809 983 3807
f 3795 3807 684
f 3809 3807 3795
f 684 3023 3795
f 3023 685 3796
f 3795 3796 979
f 3023 3796 3795
f 983 3808 3807
f 3808 757 3261
f 3807 3261 684
f 3808 3261 3807
f 757 3268 3261
f 3268 758 3265
f 3261 3265 684
f 3268 3265 3261
f 157 1537 1542
f 1537 34 1540
f 1542 1540 160
f 1537 1540 1542
f 160 1544 1542
f 1544 159 1538
f 1542 1538 157
f 1544 1538 1542
f 157 1538 1547
f 1538 159 1548
f 1547 1548 161
f 1538 1548 1547
f 157 1547 1536
f 1547 161 1546
f 1536 1546 33
f 1547 1546 1536
f 33 1266 1536
f 1266 34 1537
f 1536 1537 157
f 1266 1537 1536
f 1243 4951 4952
f 4951 1010 4589
f 4952 4589 1183
f 4951 4589 4952
f 1006 3883 4950
f 3883 1010 4951
f 4950 4951 1243
f 3883 4951 4950
f 1183 4602 4952
f 4602 1185 4953
f 4952 4953 1243
f 4602 4953 4952
f 1243 4949 4948
f 4949 1005 3870
f 4948 3870 627
f 4949 3870 4948
f 627 3872 4948
f 3872 1006 4950
f 4948 4950 1243
f 3872 4950 4948
f 1186 4607 4954
f 4607 1005 4949
f 4954 4949 1243
f 4607 4949 4954
f 1243 4953 4954
f 4953 1185 4608
f 4954 4608 1186
f 4953 4608 4954
f 125 1439 1450
f 1439 32 1447
f 1450 1447 127
f 1439 1447 1450
f 110 1399 1440
f 1399 32 1439
f 1440 1439 125
f 1399 1439 1440
f 125 1450 1442
f 1450 127 1449
f 1442 1449 124
f 1450 1449 1442
f 124 1437 1442
f 1437 111 1441
f 1442 1441 125
f 1437 1441 1442
f 111 1403 1441
f 1403 110 1440
f 1441 1440 125
f 1403 1440 1441
f 185 1619 1618
f 1619 183 1613
f 1618 1613 162
f 1619 1613 1618
f 162 1551 1618
f 1551 161 1617
f 1618 1617 185
f 1551 1617 1618
f 162 1549 1551
f 1549 32 1545
f 1551 1545 161
f 1549 1545 1551
f 335 2241 2228
f 2241 381 2244
f 2228 2244 379
f 2241 2244 2228
f 93 1360 2226
f 1360 92 2225
f 2226 2225 379
f 1360 2225 2226
f 319 2054 2227
f 2054 335 2228
f 2227 2228 379
f 2054 2228 2227
f 379 2238 2227
f 2238 380 2234
f 2227 2234 319
f 2238 2234 2227
f 379 2224 2238
f 2224 91 2231
f 2238 2231 380
f 2224 2231 2238
f 379 2225 2224
f 2225 92 1356
f 2224 1356 91
f 2225 1356 2224
f 24 2360 2344
f 2360 411 2362
f 2344 2362 406
f 2360 2362 2344
f 406 2345 2344
f 2345 278 1898
f 2344 1898 24
f 2345 1898 2344
f 66 1307 2183
f 1307 73 2184
f 2183 2184 371
f 1307 2184 2183
f 371 2182 2183
f 2182 64 1292
f 2183 1292 66
f 2182 1292 2183
f 67 1308 1295
f 1308 73 1307
f 1295 1307 66
f 1308 1307 1295
f 66 1293 1295
f 1293 65 1294
f 1295 1294 67
f 1293 1294 1295
f 66 1292 1293
f 1292 64 1291
f 1293 1291 65
f 1292 1291 1293
f 1145 4375 4381
f 4375 835 4380
f 4381 4380 1146
f 4375 4380 4381
f 1147 4838 4385
f 4838 1225 4837
f 4385 4837 1146
f 4838 4837 4385
f 1225 4836 4837
f 4836 1145 4381
f 4837 4381 1146
f 4836 4381 4837
f 1114 4512 4203
f 4512 1168 4513
f 4203 4513 1115
f 4512 4513 4203
f 1168 4523 4513
f 4523 1169 4518
f 4513 4518 1115
f 4523 4518 4513
f 1115 4201 4203
f 4201 435 4199
f 4203 4199 1114
f 4201 4199 4203
f 1169 4517 4521
f 4517 1068 4210
f 4521 4210 1118
f 4517 4210 4521
f 1118 4211 4521
f 4211 1117 4520
f 4521 4520 1169
f 4211 4520 4521
f 427 2414 4009
f 2414 426 4008
f 4009 4008 1043
f 2414 4008 4009
f 1043 4008 4805
f 4008 426 4802
f 4805 4802 1220
f 4008 4802 4805
f 218 1742 1719
f 1742 225 1743
f 1719 1743 219
f 1742 1743 1719
f 215 1711 1715
f 1711 216 1716
f 1715 1716 218
f 1711 1716 1715
f 218 1714 1715
f 1714 181 1705
f 1715 1705 215
f 1714 1705 1715
f 219 1718 1719
f 1718 181 1714
f 1719 1714 218
f 1718 1714 1719
f 217 1771 1775
f 1771 231 1778
f 1775 1778 232
f 1771 1778 1775
f 232 1776 1775
f 1776 225 1741
f 1775 1741 217
f 1776 1741 1775
f 217 1712 1771
f 1712 214 1770
f 1771 1770 231
f 1712 1770 1771
f 217 1713 1712
f 1713 216 1710
f 1712 1710 214
f 1713 1710 1712
f 225 1742 1741
f 1742 218 1717
f 1741 1717 217
f 1742 1717 1741
f 217 1717 1713
f 1717 218 1716
f 1713 1716 216
f 1717 1716 1713
f 463 2502 2503
f 2502 8 1504
f 2503 1504 146
f 2502 1504 2503
f 463 2548 2554
f 2548 474 2555
f 2554 2555 475
f 2548 2555 2554
f 475 2550 2554
f 2550 8 2502
f 2554 2502 463
f 2550 2502 2554
f 222 1727 1726
f 1727 191 1642
f 1726 1642 179
f 1727 1642 1726
f 179 1642 1602
f 1642 191 1639
f 1602 1639 137
f 1642 1639 1602
f 78 1318 1317
f 1318 77 1316
f 1317 1316 76
f 1318 1316 1317
f 76 1316 1314
f 1316 77 1315
f 1314 1315 75
f 1316 1315 1314
f 76 1314 2263
f 1314 75 2262
f 2263 2262 385
f 1314 2262 2263
f 385 2285 2263
f 2285 388 2278
f 2263 2278 76
f 2285 2278 2263
f 388 2279 2278
f 2279 78 1317
f 2278 1317 76
f 2279 1317 2278
f 85 1335 1359
f 1335 77 1357
f 1359 1357 93
f 1335 1357 1359
f 93 2226 1359
f 2226 379 2223
f 1359 2223 85
f 2226 2223 1359
f 85 2223 2239
f 2223 379 2244
f 2239 2244 381
f 2223 2244 2239
f 85 2239 1339
f 2239 381 2240
f 1339 2240 86
f 2239 2240 1339
f 86 1337 1339
f 1337 77 1335
f 1339 1335 85
f 1337 1335 1339
f 1211 4754 4757
f 4754 485 4046
f 4757 4046 1055
f 4754 4046 4757
f 1210 4748 4759
f 4748 481 4753
f 4759 4753 1211
f 4748 4753 4759
f 481 2581 4753
f 2581 485 4754
f 4753 4754 1211
f 2581 4754 4753
f 804 4756 4760
f 4756 1211 4764
f 4760 4764 1212
f 4756 4764 4760
f 1055 4045 4058
f 4045 484 4057
f 4058 4057 1060
f 4045 4057 4058
f 1060 4758 4058
f 4758 1211 4757
f 4058 4757 1055
f 4758 4757 4058
f 1212 4764 4763
f 4764 1211 4758
f 4763 4758 1060
f 4764 4758 4763
f 462 2553 2500
f 2553 475 2552
f 2500 2552 461
f 2553 2552 2500
f 461 2496 2500
f 2496 8 2499
f 2500 2499 462
f 2496 2499 2500
f 462 2499 2553
f 2499 8 2550
f 2553 2550 475
f 2499 2550 2553
f 189 1632 1631
f 1632 151 1517
f 1631 1517 149
f 1632 1517 1631
f 149 1509 1631
f 1509 148 1630
f 1631 1630 189
f 1509 1630 1631
f 151 1515 1517
f 1515 12 1508
f 1517 1508 149
f 1515 1508 1517
f 188 1627 1629
f 1627 148 1533
f 1629 1533 156
f 1627 1533 1629
f 156 1535 1629
f 1535 155 1628
f 1629 1628 188
f 1535 1628 1629
f 156 1532 1535
f 1532 14 1529
f 1535 1529 155
f 1532 1529 1535
f 13 2490 1531
f 2490 459 2492
f 1531 2492 156
f 2490 2492 1531
f 156 2492 1532
f 2492 459 2491
f 1532 2491 14
f 2492 2491 1532
f 478 4006 2570
f 4006 1042 4007
f 2570 4007 479
f 4006 4007 2570
f 477 2568 2569
f 2568 478 2570
f 2569 2570 479
f 2568 2570 2569
f 1065 4071 4070
f 4071 480 2572
f 4070 2572 479
f 4071 2572 4070
f 479 2572 2569
f 2572 480 2571
f 2569 2571 477
f 2572 2571 2569
f 469 4023 2519
f 4023 1048 4024
f 2519 4024 470
f 4023 4024 2519
f 1048 4029 4024
f 4029 1049 4027
f 4024 4027 470
f 4029 4027 4024
f 471 2526 2527
f 2526 469 2519
f 2527 2519 470
f 2526 2519 2527
f 496 4804 4782
f 4804 1220 4808
f 4782 4808 1216
f 4804 4808 4782
f 1216 4785 4782
f 4785 1044 4011
f 4782 4011 496
f 4785 4011 4782
f 498 4014 2616
f 4014 1045 4015
f 2616 4015 499
f 4014 4015 2616
f 498 4013 4014
f 4013 1044 4016
f 4014 4016 1045
f 4013 4016 4014
f 499 2614 2616
f 2614 472 2612
f 2616 2612 498
f 2614 2612 2616
f 493 4025 2600
f 4025 1048 4023
f 2600 4023 469
f 4025 4023 2600
f 493 4020 4025
f 4020 1047 4026
f 4025 4026 1048
f 4020 4026 4025
f 493 2600 2601
f 2600 469 2526
f 2601 2526 471
f 2600 2526 2601
f 494 4021 2604
f 4021 1047 4020
f 2604 4020 493
f 4021 4020 2604
f 471 2537 2601
f 2537 472 2602
f 2601 2602 493
f 2537 2602 2601
f 472 2603 2602
f 2603 494 2604
f 2602 2604 493
f 2603 2604 2602
f 1207 4735 4734
f 4735 807 3431
f 4734 3431 806
f 4735 3431 4734
f 845 3536 4222
f 3536 859 4224
f 4222 4224 1120
f 3536 4224 4222
f 1120 4223 4222
f 4223 846 3516
f 4222 3516 845
f 4223 3516 4222
f 845 3516 3536
f 3516 846 3537
f 3536 3537 859
f 3516 3537 3536
f 832 3511 3513
f 3511 842 3514
f 3513 3514 844
f 3511 3514 3513
f 842 3512 3514
f 3512 843 3515
f 3514 3515 844
f 3512 3515 3514
f 1121 4231 4235
f 4231 832 3513
f 4235 3513 844
f 4231 3513 4235
f 844 3515 4235
f 3515 843 4234
f 4235 4234 1121
f 3515 4234 4235
f 697 3907 3041
f 3907 1016 3904
f 3041 3904 521
f 3907 3904 3041
f 697 3043 3907
f 3043 563 3905
f 3907 3905 1016
f 3043 3905 3907
f 1015 3902 3903
f 3902 563 3043
f 3903 3043 697
f 3902 3043 3903
f 697 3042 3903
f 3042 523 3900
f 3903 3900 1015
f 3042 3900 3903
f 521 2657 3041
f 2657 523 3042
f 3041 3042 697
f 2657 3042 3041
f 1236 4912 4909
f 4912 1128 4303
f 4909 4303 1023
f 4912 4303 4909
f 1023 3933 4909
f 3933 560 4908
f 4909 4908 1236
f 3933 4908 4909
f 1127 4304 4911
f 4304 1128 4912
f 4911 4912 1236
f 4304 4912 4911
f 529 2666 2669
f 2666 528 2668
f 2669 2668 530
f 2666 2668 2669
f 530 2674 2669
f 2674 535 2673
f 2669 2673 529
f 2674 2673 2669
f 529 2673 2670
f 2673 535 2675
f 2670 2675 531
f 2673 2675 2670
f 529 2670 3941
f 2670 531 3942
f 3941 3942 1025
f 2670 3942 3941
f 988 3822 3824
f 3822 592 2750
f 3824 2750 595
f 3822 2750 3824
f 595 2751 3824
f 2751 596 3825
f 3824 3825 988
f 2751 3825 3824
f 595 2750 2770
f 2750 592 2769
f 2770 2769 605
f 2750 2769 2770
f 595 2770 2756
f 2770 605 2771
f 2756 2771 600
f 2770 2771 2756
f 600 2757 2756
f 2757 596 2751
f 2756 2751 595
f 2757 2751 2756
f 598 3800 2753
f 3800 981 3799
f 2753 3799 597
f 3800 3799 2753
f 597 2759 2753
f 2759 601 2760
f 2753 2760 598
f 2759 2760 2753
f 597 2752 2759
f 2752 596 2758
f 2759 2758 601
f 2752 2758 2759
f 1228 4851 4852
f 4851 596 2752
f 4852 2752 597
f 4851 2752 4852
f 597 3799 4852
f 3799 981 4854
f 4852 4854 1228
f 3799 4854 4852
f 445 2463 2460
f 2463 446 2462
f 2460 2462 422
f 2463 2462 2460
f 422 2458 2460
f 2458 444 2461
f 2460 2461 445
f 2458 2461 2460
f 445 4129 2463
f 4129 1087 4130
f 2463 4130 446
f 4129 4130 2463
f 422 2455 2456
f 2455 442 2457
f 2456 2457 443
f 2455 2457 2456
f 443 2459 2456
f 2459 444 2458
f 2456 2458 422
f 2459 2458 2456
f 443 2457 4107
f 2457 442 4106
f 4107 4106 1078
f 2457 4106 4107
f 448 2467 4136
f 2467 447 4135
f 4136 4135 1089
f 2467 4135 4136
f 1157 4451 4450
f 4451 1090 4142
f 4450 4142 1089
f 4451 4142 4450
f 449 2470 4137
f 2470 448 4136
f 4137 4136 1089
f 2470 4136 4137
f 1089 4142 4137
f 4142 1090 4139
f 4137 4139 449
f 4142 4139 4137
f 1155 4426 4429
f 4426 1073 4420
f 4429 4420 1154
f 4426 4420 4429
f 1154 4420 4421
f 4420 1073 4416
f 4421 4416 1153
f 4420 4416 4421
f 798 4424 4419
f 4424 1155 4429
f 4419 4429 1154
f 4424 4429 4419
f 1154 4421 4419
f 4421 1153 4414
f 4419 4414 798
f 4421 4414 4419
f 415 4098 4413
f 4098 1074 4417
f 4413 4417 1153
f 4098 4417 4413
f 1153 4416 4413
f 4416 1073 4094
f 4413 4094 415
f 4416 4094 4413
f 414 4097 2371
f 4097 1074 4098
f 2371 4098 415
f 4097 4098 2371
f 416 2377 2378
f 2377 414 2371
f 2378 2371 415
f 2377 2371 2378
f 415 4094 2378
f 4094 1073 4095
f 2378 4095 416
f 4094 4095 2378
f 455 4114 4116
f 4114 1081 4118
f 4116 4118 1082
f 4114 4118 4116
f 1082 4117 4116
f 4117 1076 4102
f 4116 4102 455
f 4117 4102 4116
f 455 2483 2482
f 2483 442 2455
f 2482 2455 422
f 2483 2455 2482
f 455 4104 2483
f 4104 1077 4103
f 2483 4103 442
f 4104 4103 2483
f 1076 4105 4102
f 4105 1077 4104
f 4102 4104 455
f 4105 4104 4102
f 1080 4115 4113
f 4115 1081 4114
f 4113 4114 455
f 4115 4114 4113
f 422 2480 2482
f 2480 454 2484
f 2482 2484 455
f 2480 2484 2482
f 454 4112 2484
f 4112 1080 4113
f 2484 4113 455
f 4112 4113 2484
f 1085 4123 4125
f 4123 454 4121
f 4125 4121 1084
f 4123 4121 4125
f 454 4119 4121
f 4119 1083 4122
f 4121 4122 1084
f 4119 4122 4121
f 1084 4122 4428
f 4122 1083 4427
f 4428 4427 1155
f 4122 4427 4428
f 1156 4441 4440
f 4441 1085 4125
f 4440 4125 1084
f 4441 4125 4440
f 1084 4428 4440
f 4428 1155 4443
f 4440 4443 1156
f 4428 4443 4440
f 81 1326 1325
f 1326 80 1321
f 1325 1321 21
f 1326 1321 1325
f 21 2290 1325
f 2290 390 2291
f 1325 2291 81
f 2290 2291 1325
f 21 1321 1259
f 1321 80 1322
f 1259 1322 22
f 1321 1322 1259
f 22 2299 1259
f 2299 393 2298
f 1259 2298 21
f 2299 2298 1259
f 21 2298 2290
f 2298 393 2300
f 2290 2300 390
f 2298 2300 2290
f 391 2292 2532
f 2292 19 2530
f 2532 2530 472
f 2292 2530 2532
f 391 2293 2294
f 2293 20 1365
f 2294 1365 95
f 2293 1365 2294
f 95 1364 2294
f 1364 19 2292
f 2294 2292 391
f 1364 2292 2294
f 399 2323 2322
f 2323 289 1915
f 2322 1915 288
f 2323 1915 2322
f 23 1912 2320
f 1912 289 2323
f 2320 2323 399
f 1912 2323 2320
f 419 2380 2384
f 2380 23 2320
f 2384 2320 399
f 2380 2320 2384
f 437 2446 2444
f 2446 438 2445
f 2444 2445 424
f 2446 2445 2444
f 423 2443 2407
f 2443 437 2444
f 2407 2444 424
f 2443 2444 2407
f 424 2402 2405
f 2402 399 2332
f 2405 2332 402
f 2402 2332 2405
f 419 2384 2406
f 2384 399 2402
f 2406 2402 424
f 2384 2402 2406
f 400 2397 2403
f 2397 423 2407
f 2403 2407 424
f 2397 2407 2403
f 424 2451 2406
f 2451 440 2450
f 2406 2450 419
f 2451 2450 2406
f 25 2313 1345
f 2313 397 2315
f 1345 2315 89
f 2313 2315 1345
f 89 2310 1345
f 2310 396 2309
f 1345 2309 25
f 2310 2309 1345
f 425 2413 2409
f 2413 397 2313
f 2409 2313 25
f 2413 2313 2409
f 25 2309 2409
f 2309 396 2412
f 2409 2412 425
f 2309 2412 2409
f 395 2306 2432
f 2306 28 2431
f 2432 2431 434
f 2306 2431 2432
f 434 2434 2432
f 2434 430 2419
f 2432 2419 395
f 2434 2419 2432
f 430 2420 2419
f 2420 396 2311
f 2419 2311 395
f 2420 2311 2419
f 101 1379 2308
f 1379 28 2306
f 2308 2306 395
f 1379 2306 2308
f 395 2307 2308
f 2307 89 1381
f 2308 1381 101
f 2307 1381 2308
f 395 2311 2307
f 2311 396 2310
f 2307 2310 89
f 2311 2310 2307
f 1105 4179 4181
f 4179 432 4177
f 4181 4177 1104
f 4179 4177 4181
f 1166 4496 4495
f 4496 1105 4181
f 4495 4181 1104
f 4496 4181 4495
f 1106 4182 4183
f 4182 433 4180
f 4183 4180 1105
f 4182 4180 4183
f 1106 4185 4182
f 4185 1107 4184
f 4182 4184 433
f 4185 4184 4182
f 1106 4183 4497
f 4183 1105 4496
f 4497 4496 1166
f 4183 4496 4497
f 1166 4498 4497
f 4498 1107 4185
f 4497 4185 1106
f 4498 4185 4497
f 1096 4461 4163
f 4461 1159 4462
f 4163 4462 1097
f 4461 4462 4163
f 1097 4161 4163
f 4161 417 4158
f 4163 4158 1096
f 4161 4158 4163
f 1096 4158 4159
f 4158 417 2449
f 4159 2449 440
f 4158 2449 4159
f 1160 4468 4467
f 4468 1159 4461
f 4467 4461 1096
f 4468 4461 4467
f 1096 4160 4467
f 4160 1095 4466
f 4467 4466 1160
f 4160 4466 4467
f 440 4156 4159
f 4156 1095 4160
f 4159 4160 1096
f 4156 4160 4159
f 518 2725 3044
f 2725 565 3045
f 3044 3045 698
f 2725 3045 3044
f 698 3915 3044
f 3915 1018 3912
f 3044 3912 518
f 3915 3912 3044
f 565 3913 3045
f 3913 1018 3915
f 3045 3915 698
f 3913 3915 3045
f 566 4885 3988
f 4885 1233 4888
f 3988 4888 1037
f 4885 4888 3988
f 566 3048 4885
f 3048 699 4886
f 4885 4886 1233
f 3048 4886 4885
f 566 3988 2727
f 3988 1037 3987
f 2727 3987 511
f 3988 3987 2727
f 511 2641 2727
f 2641 514 2728
f 2727 2728 566
f 2641 2728 2727
f 514 3046 2728
f 3046 699 3048
f 2728 3048 566
f 3046 3048 2728
f 246 2925 1815
f 2925 658 2924
f 1815 2924 239
f 2925 2924 1815
f 239 1814 1815
f 1814 245 1816
f 1815 1816 246
f 1814 1816 1815
f 248 1826 1827
f 1826 245 1820
f 1827 1820 247
f 1826 1820 1827
f 247 1817 1827
f 1817 236 1825
f 1827 1825 248
f 1817 1825 1827
f 237 1795 1818
f 1795 236 1817
f 1818 1817 247
f 1795 1817 1818
f 247 1819 1818
f 1819 238 1797
f 1818 1797 237
f 1819 1797 1818
f 247 1820 1819
f 1820 245 1813
f 1819 1813 238
f 1820 1813 1819
f 329 2051 2035
f 2051 334 2049
f 2035 2049 266
f 2051 2049 2035
f 266 1880 2035
f 1880 267 2036
f 2035 2036 329
f 1880 2036 2035
f 59 1877 1876
f 1877 267 1880
f 1876 1880 266
f 1877 1880 1876
f 330 2041 2040
f 2041 329 2037
f 2040 2037 268
f 2041 2037 2040
f 329 2036 2037
f 2036 267 1884
f 2037 1884 268
f 2036 1884 2037
f 268 1881 2040
f 1881 60 2038
f 2040 2038 330
f 1881 2038 2040
f 268 1882 1881
f 1882 61 1286
f 1881 1286 60
f 1882 1286 1881
f 1034 3978 3977
f 3978 787 3404
f 3977 3404 688
f 3978 3404 3977
f 688 3404 3026
f 3404 787 3403
f 3026 3403 507
f 3404 3403 3026
f 331 2171 2042
f 2171 368 2167
f 2042 2167 307
f 2171 2167 2042
f 307 2044 2042
f 2044 332 2045
f 2042 2045 331
f 2044 2045 2042
f 307 1974 1968
f 1974 308 1971
f 1968 1971 56
f 1974 1971 1968
f 56 1284 1968
f 1284 58 1969
f 1968 1969 307
f 1284 1969 1968
f 305 2163 2158
f 2163 367 2166
f 2158 2166 366
f 2163 2166 2158
f 240 1917 1957
f 1917 290 1958
f 1957 1958 303
f 1917 1958 1957
f 303 1959 1956
f 1959 294 1926
f 1956 1926 236
f 1959 1926 1956
f 303 1956 1957
f 1956 236 1802
f 1957 1802 240
f 1956 1802 1957
f 248 1823 1938
f 1823 53 1936
f 1938 1936 298
f 1823 1936 1938
f 298 1937 1938
f 1937 54 1824
f 1938 1824 248
f 1937 1824 1938
f 298 1940 1942
f 1940 297 1941
f 1942 1941 299
f 1940 1941 1942
f 903 4563 3626
f 4563 1180 4564
f 3626 4564 904
f 4563 4564 3626
f 904 3625 3626
f 3625 902 3621
f 3626 3621 903
f 3625 3621 3626
f 903 3621 4563
f 3621 902 4562
f 4563 4562 1180
f 3621 4562 4563
f 963 3757 4584
f 3757 962 4583
f 4584 4583 1183
f 3757 4583 4584
f 969 4598 4586
f 4598 1185 4602
f 4586 4602 1183
f 4598 4602 4586
f 1183 4587 4586
f 4587 970 3774
f 4586 3774 969
f 4587 3774 4586
f 968 4597 3769
f 4597 1185 4598
f 3769 4598 969
f 4597 4598 3769
f 969 3774 3769
f 3774 970 3773
f 3769 3773 968
f 3774 3773 3769
f 620 2813 2812
f 2813 584 2745
f 2812 2745 579
f 2813 2745 2812
f 579 2745 3877
f 2745 584 3878
f 3877 3878 1009
f 2745 3878 3877
f 579 3879 2812
f 3879 1010 3881
f 2812 3881 620
f 3879 3881 2812
f 579 3877 3879
f 3877 1009 3884
f 3879 3884 1010
f 3877 3884 3879
f 142 1492 1496
f 1492 3 1494
f 1496 1494 143
f 1492 1494 1496
f 193 1728 1661
f 1728 222 1730
f 1661 1730 200
f 1728 1730 1661
f 193 1647 1728
f 1647 191 1727
f 1728 1727 222
f 1647 1727 1728
f 193 1661 1659
f 1661 200 1664
f 1659 1664 199
f 1661 1664 1659
f 199 1668 1659
f 1668 201 1666
f 1659 1666 193
f 1668 1666 1659
f 158 1539 1543
f 1539 159 1544
f 1543 1544 160
f 1539 1544 1543
f 158 1543 1582
f 1543 160 1583
f 1582 1583 173
f 1543 1583 1582
f 173 1588 1582
f 1588 174 1586
f 1582 1586 158
f 1588 1586 1582
f 134 1468 1472
f 1468 32 1466
f 1472 1466 133
f 1468 1466 1472
f 32 1549 1466
f 1549 162 1550
f 1466 1550 133
f 1549 1550 1466
f 182 1611 1610
f 1611 134 1472
f 1610 1472 133
f 1611 1472 1610
f 133 1612 1610
f 1612 183 1614
f 1610 1614 182
f 1612 1614 1610
f 133 1550 1612
f 1550 162 1613
f 1612 1613 183
f 1550 1613 1612
f 411 2360 2361
f 2360 24 1885
f 2361 1885 269
f 2360 1885 2361
f 269 1885 1899
f 1885 24 1898
f 1899 1898 278
f 1885 1898 1899
f 269 1899 1892
f 1899 278 1900
f 1892 1900 274
f 1899 1900 1892
f 269 1892 2357
f 1892 274 2358
f 2357 2358 410
f 1892 2358 2357
f 410 2363 2357
f 2363 411 2361
f 2357 2361 269
f 2363 2361 2357
f 825 3501 3478
f 3501 835 3500
f 3478 3500 823
f 3501 3500 3478
f 825 4379 3501
f 4379 1146 4380
f 3501 4380 835
f 4379 4380 3501
f 1147 4385 4382
f 4385 1146 4379
f 4382 4379 825
f 4385 4379 4382
f 825 3485 4382
f 3485 827 4383
f 4382 4383 1147
f 3485 4383 4382
f 825 3478 3485
f 3478 823 3484
f 3485 3484 827
f 3478 3484 3485
f 1169 4520 4519
f 4520 1117 4207
f 4519 4207 1116
f 4520 4207 4519
f 1116 4205 4519
f 4205 1115 4518
f 4519 4518 1169
f 4205 4518 4519
f 1117 4211 4206
f 4211 1118 4209
f 4206 4209 436
f 4211 4209 4206
f 430 2437 2440
f 2437 435 2442
f 2440 2442 436
f 2437 2442 2440
f 436 4204 4206
f 4204 1116 4207
f 4206 4207 1117
f 4204 4207 4206
f 435 4201 2442
f 4201 1115 4202
f 2442 4202 436
f 4201 4202 2442
f 1115 4205 4202
f 4205 1116 4204
f 4202 4204 436
f 4205 4204 4202
f 147 1604 1506
f 1604 179 1603
f 1506 1603 145
f 1604 1603 1506
f 146 1523 1507
f 1523 153 1524
f 1507 1524 147
f 1523 1524 1507
f 147 1506 1507
f 1506 145 1505
f 1507 1505 146
f 1506 1505 1507
f 153 1607 1524
f 1607 180 1605
f 1524 1605 147
f 1607 1605 1524
f 180 1608 1605
f 1608 179 1604
f 1605 1604 147
f 1608 1604 1605
f 136 1601 1479
f 1601 179 1602
f 1479 1602 137
f 1601 1602 1479
f 145 1603 1502
f 1603 179 1601
f 1502 1601 136
f 1603 1601 1502
f 137 1484 1479
f 1484 138 1483
f 1479 1483 136
f 1484 1483 1479
f 138 1482 1483
f 1482 6 1476
f 1483 1476 136
f 1482 1476 1483
f 222 1726 1731
f 1726 179 1720
f 1731 1720 220
f 1726 1720 1731
f 223 1736 1734
f 1736 222 1731
f 1734 1731 220
f 1736 1731 1734
f 220 1725 1734
f 1725 221 1735
f 1734 1735 223
f 1725 1735 1734
f 220 1722 1725
f 1722 181 1723
f 1725 1723 221
f 1722 1723 1725
f 180 1609 1721
f 1609 181 1722
f 1721 1722 220
f 1609 1722 1721
f 220 1720 1721
f 1720 179 1608
f 1721 1608 180
f 1720 1608 1721
f 135 1474 1475
f 1474 10 1253
f 1475 1253 11
f 1474 1253 1475
f 11 1514 1475
f 1514 151 1516
f 1475 1516 135
f 1514 1516 1475
f 11 1254 1514
f 1254 12 1515
f 1514 1515 151
f 1254 1515 1514
f 11 1253 2558
f 1253 10 2557
f 2558 2557 476
f 1253 2557 2558
f 476 2559 2558
f 2559 12 1254
f 2558 1254 11
f 2559 1254 2558
f 805 3429 4761
f 3429 804 4760
f 4761 4760 1212
f 3429 4760 4761
f 805 3430 3437
f 3430 806 3438
f 3437 3438 809
f 3430 3438 3437
f 809 3436 3437
f 3436 804 3429
f 3437 3429 805
f 3436 3429 3437
f 809 3434 3435
f 3434 802 3427
f 3435 3427 803
f 3434 3427 3435
f 803 3428 3435
f 3428 804 3436
f 3435 3436 809
f 3428 3436 3435
f 1211 4756 4755
f 4756 804 3428
f 4755 3428 803
f 4756 3428 4755
f 803 3427 4750
f 3427 802 4749
f 4750 4749 1210
f 3427 4749 4750
f 1210 4759 4750
f 4759 1211 4755
f 4750 4755 803
f 4759 4755 4750
f 483 2579 2575
f 2579 484 2577
f 2575 2577 475
f 2579 2577 2575
f 475 2574 2575
f 2574 482 2576
f 2575 2576 483
f 2574 2576 2575
f 150 1513 1510
f 1513 149 1508
f 1510 1508 12
f 1513 1508 1510
f 148 1509 1512
f 1509 149 1513
f 1512 1513 150
f 1509 1513 1512
f 13 1531 1511
f 1531 156 1534
f 1511 1534 150
f 1531 1534 1511
f 150 1534 1512
f 1534 156 1533
f 1512 1533 148
f 1534 1533 1512
f 1065 4070 4072
f 4070 479 4068
f 4072 4068 1064
f 4070 4068 4072
f 1064 4068 4069
f 4068 479 4007
f 4069 4007 1042
f 4068 4007 4069
f 1064 4703 4072
f 4703 1200 4704
f 4072 4704 1065
f 4703 4704 4072
f 1064 4069 4703
f 4069 1042 4701
f 4703 4701 1200
f 4069 4701 4703
f 146 1505 1503
f 1505 145 1501
f 1503 1501 7
f 1505 1501 1503
f 7 2501 1503
f 2501 463 2503
f 1503 2503 146
f 2501 2503 1503
f 145 1502 1501
f 1502 136 1477
f 1501 1477 7
f 1502 1477 1501
f 7 1477 1251
f 1477 136 1476
f 1251 1476 6
f 1477 1476 1251
f 474 2548 2547
f 2548 463 2501
f 2547 2501 7
f 2548 2501 2547
f 7 1251 2547
f 1251 6 2546
f 2547 2546 474
f 1251 2546 2547
f 138 1480 1481
f 1480 4 1249
f 1481 1249 5
f 1480 1249 1481
f 5 1250 1481
f 1250 6 1482
f 1481 1482 138
f 1250 1482 1481
f 5 1249 2545
f 1249 4 2544
f 2545 2544 474
f 1249 2544 2545
f 474 2546 2545
f 2546 6 1250
f 2545 1250 5
f 2546 1250 2545
f 1050 4031 4030
f 4031 491 2596
f 4030 2596 490
f 4031 2596 4030
f 490 4028 4030
f 4028 1049 4032
f 4030 4032 1050
f 4028 4032 4030
f 490 2592 4028
f 2592 470 4027
f 4028 4027 1049
f 2592 4027 4028
f 490 2596 2593
f 2596 491 2594
f 2593 2594 471
f 2596 2594 2593
f 471 2527 2593
f 2527 470 2592
f 2593 2592 490
f 2527 2592 2593
f 495 4010 4803
f 4010 1043 4805
f 4803 4805 1220
f 4010 4805 4803
f 1220 4804 4803
f 4804 496 2608
f 4803 2608 495
f 4804 2608 4803
f 427 4009 2605
f 4009 1043 4010
f 2605 4010 495
f 4009 4010 2605
f 495 2606 2605
f 2606 428 2416
f 2605 2416 427
f 2606 2416 2605
f 495 2608 2606
f 2608 496 2607
f 2606 2607 428
f 2608 2607 2606
f 497 2611 4012
f 2611 496 4011
f 4012 4011 1044
f 2611 4011 4012
f 1044 4013 4012
f 4013 498 2613
f 4012 2613 497
f 4013 2613 4012
f 428 2607 2609
f 2607 496 2611
f 2609 2611 497
f 2607 2611 2609
f 472 2535 2610
f 2535 428 2609
f 2610 2609 497
f 2535 2609 2610
f 497 2613 2610
f 2613 498 2612
f 2610 2612 472
f 2613 2612 2610
f 1213 4766 4765
f 4766 483 2576
f 4765 2576 482
f 4766 2576 4765
f 1213 4767 4771
f 4767 805 4761
f 4771 4761 1212
f 4767 4761 4771
f 806 3430 4768
f 3430 805 4767
f 4768 4767 1213
f 3430 4767 4768
f 475 2555 2583
f 2555 474 2582
f 2583 2582 486
f 2555 2582 2583
f 486 2584 2583
f 2584 482 2574
f 2583 2574 475
f 2584 2574 2583
f 808 3432 4739
f 3432 807 4738
f 4739 4738 1208
f 3432 4738 4739
f 807 4735 4738
f 4735 1207 4741
f 4738 4741 1208
f 4735 4741 4738
f 1127 4911 4295
f 4911 1236 4910
f 4295 4910 1024
f 4911 4910 4295
f 528 2666 3936
f 2666 529 3937
f 3936 3937 1024
f 2666 3937 3936
f 1024 4279 4295
f 4279 1125 4296
f 4295 4296 1127
f 4279 4296 4295
f 1024 3939 3936
f 3939 560 2720
f 3936 2720 528
f 3939 2720 3936
f 1024 4910 3939
f 4910 1236 4908
f 3939 4908 560
f 4910 4908 3939
f 1025 4280 3946
f 4280 1125 4279
f 3946 4279 1024
f 4280 4279 3946
f 1024 3938 3946
f 3938 556 3943
f 3946 3943 1025
f 3938 3943 3946
f 1025 3943 3945
f 3943 556 3037
f 3945 3037 695
f 3943 3037 3945
f 695 3036 3945
f 3036 529 3941
f 3945 3941 1025
f 3036 3941 3945
f 556 3938 3037
f 3938 1024 3940
f 3037 3940 695
f 3938 3940 3037
f 695 3940 3036
f 3940 1024 3937
f 3036 3937 529
f 3940 3937 3036
f 1087 4129 4131
f 4129 445 4127
f 4131 4127 1086
f 4129 4127 4131
f 1086 4127 4126
f 4127 445 2461
f 4126 2461 444
f 4127 2461 4126
f 1156 4452 4442
f 4452 1157 4447
f 4442 4447 1086
f 4452 4447 4442
f 1157 4448 4447
f 4448 1087 4131
f 4447 4131 1086
f 4448 4131 4447
f 1088 4138 4133
f 4138 1089 4135
f 4133 4135 447
f 4138 4135 4133
f 446 4130 4132
f 4130 1087 4134
f 4132 4134 1088
f 4130 4134 4132
f 1088 4133 4132
f 4133 447 2465
f 4132 2465 446
f 4133 2465 4132
f 1088 4134 4449
f 4134 1087 4448
f 4449 4448 1157
f 4134 4448 4449
f 1157 4450 4449
f 4450 1089 4138
f 4449 4138 1088
f 4450 4138 4449
f 392 2297 2533
f 2297 391 2532
f 2533 2532 472
f 2297 2532 2533
f 20 2293 2295
f 2293 391 2297
f 2295 2297 392
f 2293 2297 2295
f 472 2531 2533
f 2531 389 2296
f 2533 2296 392
f 2531 2296 2533
f 389 2287 2296
f 2287 20 2295
f 2296 2295 392
f 2287 2295 2296
f 288 2331 1911
f 2331 402 2330
f 1911 2330 287
f 2331 2330 1911
f 287 2321 1911
f 2321 399 2322
f 1911 2322 288
f 2321 2322 1911
f 402 2332 2330
f 2332 399 2321
f 2330 2321 287
f 2332 2321 2330
f 402 2329 2333
f 2329 286 2327
f 2333 2327 401
f 2329 2327 2333
f 401 2404 2333
f 2404 424 2405
f 2333 2405 402
f 2404 2405 2333
f 401 2327 2326
f 2327 286 1909
f 2326 1909 282
f 2327 1909 2326
f 400 2403 2328
f 2403 424 2404
f 2328 2404 401
f 2403 2404 2328
f 401 2326 2328
f 2326 282 2324
f 2328 2324 400
f 2326 2324 2328
f 439 4155 2452
f 4155 1095 4156
f 2452 4156 440
f 4155 4156 2452
f 440 2451 2452
f 2451 424 2447
f 2452 2447 439
f 2451 2447 2452
f 438 4154 2448
f 4154 1095 4155
f 2448 4155 439
f 4154 4155 2448
f 439 2447 2448
f 2447 424 2445
f 2448 2445 438
f 2447 2445 2448
f 394 2301 2303
f 2301 26 1373
f 2303 1373 98
f 2301 1373 2303
f 98 1376 2303
f 1376 100 2304
f 2303 2304 394
f 1376 2304 2303
f 394 2319 2382
f 2319 398 2383
f 2382 2383 419
f 2319 2383 2382
f 394 2305 2319
f 2305 270 2318
f 2319 2318 398
f 2305 2318 2319
f 394 2304 2305
f 2304 100 1888
f 2305 1888 270
f 2304 1888 2305
f 419 2381 2382
f 2381 27 2302
f 2382 2302 394
f 2381 2302 2382
f 394 2302 2301
f 2302 27 1260
f 2301 1260 26
f 2302 1260 2301
f 99 1913 1887
f 1913 289 1914
f 1887 1914 270
f 1913 1914 1887
f 270 1888 1887
f 1888 100 1377
f 1887 1377 99
f 1888 1377 1887
f 320 2004 2002
f 2004 289 1913
f 2002 1913 99
f 2004 1913 2002
f 99 1375 2002
f 1375 98 2001
f 2002 2001 320
f 1375 2001 2002
f 99 1377 1375
f 1377 100 1376
f 1375 1376 98
f 1377 1376 1375
f 432 4172 4171
f 4172 1102 4173
f 4171 4173 1101
f 4172 4173 4171
f 1101 4178 4171
f 4178 1104 4177
f 4171 4177 432
f 4178 4177 4171
f 1101 4173 4492
f 4173 1102 4493
f 4492 4493 1166
f 4173 4493 4492
f 1166 4495 4492
f 4495 1104 4178
f 4492 4178 1101
f 4495 4178 4492
f 1099 4167 4168
f 4167 432 4165
f 4168 4165 1098
f 4167 4165 4168
f 1099 4170 4167
f 4170 1100 4169
f 4167 4169 432
f 4170 4169 4167
f 1099 4168 4390
f 4168 1098 4389
f 4390 4389 1148
f 4168 4389 4390
f 1148 4391 4390
f 4391 1100 4170
f 4390 4170 1099
f 4391 4170 4390
f 1103 4176 4174
f 4176 1102 4172
f 4174 4172 432
f 4176 4172 4174
f 432 4169 4174
f 4169 1100 4175
f 4174 4175 1103
f 4169 4175 4174
f 1166 4493 4494
f 4493 1102 4176
f 4494 4176 1103
f 4493 4176 4494
f 1103 4392 4494
f 4392 1148 4500
f 4494 4500 1166
f 4392 4500 4494
f 1103 4175 4392
f 4175 1100 4391
f 4392 4391 1148
f 4175 4391 4392
f 659 2930 2929
f 2930 246 1816
f 2929 1816 245
f 2930 1816 2929
f 654 2911 2933
f 2911 653 2932
f 2933 2932 659
f 2911 2932 2933
f 659 2932 2934
f 2932 653 2926
f 2934 2926 658
f 2932 2926 2934
f 658 2925 2934
f 2925 246 2930
f 2934 2930 659
f 2925 2930 2934
f 659 2931 2933
f 2931 248 2908
f 2933 2908 654
f 2931 2908 2933
f 659 2929 2931
f 2929 245 1826
f 2931 1826 248
f 2929 1826 2931
f 306 2050 2043
f 2050 334 2052
f 2043 2052 332
f 2050 2052 2043
f 306 1967 2050
f 1967 266 2049
f 2050 2049 334
f 1967 2049 2050
f 332 2044 2043
f 2044 307 1970
f 2043 1970 306
f 2044 1970 2043
f 306 1970 1965
f 1970 307 1969
f 1965 1969 58
f 1970 1969 1965
f 306 1965 1966
f 1965 58 1285
f 1966 1285 59
f 1965 1285 1966
f 59 1876 1966
f 1876 266 1967
f 1966 1967 306
f 1876 1967 1966
f 265 1873 1874
f 1873 61 1863
f 1874 1863 261
f 1873 1863 1874
f 261 3060 1874
f 3060 705 3061
f 1874 3061 265
f 3060 3061 1874
f 708 3081 3077
f 3081 705 3060
f 3077 3060 261
f 3081 3060 3077
f 261 1868 3077
f 1868 262 3078
f 3077 3078 708
f 1868 3078 3077
f 61 1882 1845
f 1882 268 1883
f 1845 1883 255
f 1882 1883 1845
f 262 1868 1867
f 1868 261 1864
f 1867 1864 255
f 1868 1864 1867
f 255 1878 1850
f 1878 267 1879
f 1850 1879 257
f 1878 1879 1850
f 255 1883 1878
f 1883 268 1884
f 1878 1884 267
f 1883 1884 1878
f 1034 3977 3976
f 3977 688 3027
f 3976 3027 569
f 3977 3027 3976
f 569 3027 2733
f 3027 688 3026
f 2733 3026 507
f 3027 3026 2733
f 569 3974 3976
f 3974 1033 3979
f 3976 3979 1034
f 3974 3979 3976
f 569 2733 3974
f 2733 507 3972
f 3974 3972 1033
f 2733 3972 3974
f 309 1976 2168
f 1976 307 2167
f 2168 2167 368
f 1976 2167 2168
f 290 1973 1975
f 1973 308 1977
f 1975 1977 309
f 1973 1977 1975
f 308 1974 1977
f 1974 307 1976
f 1977 1976 309
f 1974 1976 1977
f 297 1933 1934
f 1933 294 1927
f 1934 1927 295
f 1933 1927 1934
f 294 1962 1927
f 1962 305 1963
f 1927 1963 295
f 1962 1963 1927
f 366 2157 2156
f 2157 297 1934
f 2156 1934 295
f 2157 1934 2156
f 295 1963 2156
f 1963 305 2158
f 2156 2158 366
f 1963 2158 2156
f 304 1964 1960
f 1964 305 1962
f 1960 1962 294
f 1964 1962 1960
f 294 1959 1960
f 1959 303 1961
f 1960 1961 304
f 1959 1961 1960
f 304 1961 1982
f 1961 303 1981
f 1982 1981 311
f 1961 1981 1982
f 311 2164 1982
f 2164 367 2162
f 1982 2162 304
f 2164 2162 1982
f 367 2163 2162
f 2163 305 1964
f 2162 1964 304
f 2163 1964 2162
f 296 1932 1935
f 1932 294 1933
f 1935 1933 297
f 1932 1933 1935
f 297 1940 1935
f 1940 298 1939
f 1935 1939 296
f 1940 1939 1935
f 52 1280 1929
f 1280 51 1928
f 1929 1928 296
f 1280 1928 1929
f 51 1925 1928
f 1925 294 1932
f 1928 1932 296
f 1925 1932 1928
f 296 1939 1930
f 1939 298 1936
f 1930 1936 53
f 1939 1936 1930
f 296 1931 1929
f 1931 248 1822
f 1929 1822 52
f 1931 1822 1929
f 296 1930 1931
f 1930 53 1823
f 1931 1823 248
f 1930 1823 1931
f 300 1947 1948
f 1947 298 1942
f 1948 1942 299
f 1947 1942 1948
f 300 1951 1946
f 1951 301 1949
f 1946 1949 293
f 1951 1949 1946
f 300 1948 1951
f 1948 299 1950
f 1951 1950 301
f 1948 1950 1951
f 293 1922 1946
f 1922 49 1943
f 1946 1943 300
f 1922 1943 1946
f 49 1281 1943
f 1281 55 1945
f 1943 1945 300
f 1281 1945 1943
f 300 1945 1944
f 1945 55 1282
f 1944 1282 54
f 1945 1282 1944
f 54 1937 1944
f 1937 298 1947
f 1944 1947 300
f 1937 1947 1944
f 964 3758 3759
f 3758 956 3756
f 3759 3756 962
f 3758 3756 3759
f 962 3757 3759
f 3757 963 3760
f 3759 3760 964
f 3757 3760 3759
f 1183 4581 4585
f 4581 956 3758
f 4585 3758 964
f 4581 3758 4585
f 964 3760 4585
f 3760 963 4584
f 4585 4584 1183
f 3760 4584 4585
f 142 1496 1493
f 1496 143 1495
f 1493 1495 141
f 1496 1495 1493
f 467 2515 2514
f 2515 142 1493
f 2514 1493 141
f 2515 1493 2514
f 1 2513 1490
f 2513 467 2514
f 1490 2514 141
f 2513 2514 1490
f 141 1491 1490
f 1491 139 1485
f 1490 1485 1
f 1491 1485 1490
f 137 1639 1499
f 1639 191 1641
f 1499 1641 144
f 1639 1641 1499
f 191 1640 1641
f 1640 143 1500
f 1641 1500 144
f 1640 1500 1641
f 144 1498 1499
f 1498 4 1478
f 1499 1478 137
f 1498 1478 1499
f 464 2505 2506
f 2505 4 1498
f 2506 1498 144
f 2505 1498 2506
f 144 1497 2506
f 1497 3 2504
f 2506 2504 464
f 1497 2504 2506
f 144 1500 1497
f 1500 143 1494
f 1497 1494 3
f 1500 1494 1497
f 159 1539 1755
f 1539 158 1754
f 1755 1754 229
f 1539 1754 1755
f 206 1676 1760
f 1676 205 1759
f 1760 1759 229
f 1676 1759 1760
f 229 1754 1757
f 1754 158 1586
f 1757 1586 174
f 1754 1586 1757
f 229 1759 1758
f 1759 205 1675
f 1758 1675 186
f 1759 1675 1758
f 229 1757 1766
f 1757 174 1764
f 1766 1764 230
f 1757 1764 1766
f 186 1621 1758
f 1621 161 1756
f 1758 1756 229
f 1621 1756 1758
f 161 1548 1756
f 1548 159 1755
f 1756 1755 229
f 1548 1755 1756
f 229 1761 1760
f 1761 214 1703
f 1760 1703 206
f 1761 1703 1760
f 229 1766 1761
f 1766 230 1765
f 1761 1765 214
f 1766 1765 1761
f 431 4208 4082
f 4208 1118 4210
f 4082 4210 1068
f 4208 4210 4082
f 431 2441 4208
f 2441 436 4209
f 4208 4209 1118
f 2441 4209 4208
f 1068 4081 4082
f 4081 426 2424
f 4082 2424 431
f 4081 2424 4082
f 426 2415 2424
f 2415 428 2425
f 2424 2425 431
f 2415 2425 2424
f 431 2425 2426
f 2425 428 2422
f 2426 2422 430
f 2425 2422 2426
f 430 2440 2426
f 2440 436 2441
f 2426 2441 431
f 2440 2441 2426
f 484 2579 4056
f 2579 483 4055
f 4056 4055 1059
f 2579 4055 4056
f 1212 4763 4762
f 4763 1060 4059
f 4762 4059 1059
f 4763 4059 4762
f 1059 4059 4056
f 4059 1060 4057
f 4056 4057 484
f 4059 4057 4056
f 1059 4770 4762
f 4770 1213 4771
f 4762 4771 1212
f 4770 4771 4762
f 483 4766 4055
f 4766 1213 4770
f 4055 4770 1059
f 4766 4770 4055
f 13 1511 2494
f 1511 150 2495
f 2494 2495 460
f 1511 2495 2494
f 460 2495 2493
f 2495 150 1510
f 2493 1510 12
f 2495 1510 2493
f 476 2560 2561
f 2560 13 2494
f 2561 2494 460
f 2560 2494 2561
f 460 2493 2561
f 2493 12 2559
f 2561 2559 476
f 2493 2559 2561
f 1058 4769 4052
f 4769 1213 4765
f 4052 4765 482
f 4769 4765 4052
f 482 2584 4052
f 2584 486 4053
f 4052 4053 1058
f 2584 4053 4052
f 1206 4729 4733
f 4729 816 4726
f 4733 4726 1205
f 4729 4726 4733
f 1205 4726 4725
f 4726 816 3461
f 4725 3461 808
f 4726 3461 4725
f 489 4036 4724
f 4036 1052 4727
f 4724 4727 1205
f 4036 4727 4724
f 1205 4727 4733
f 4727 1052 4731
f 4733 4731 1206
f 4727 4731 4733
f 487 2586 2585
f 2586 486 2582
f 2585 2582 474
f 2586 2582 2585
f 1079 4128 4110
f 4128 1086 4126
f 4110 4126 444
f 4128 4126 4110
f 1079 4109 4111
f 4109 443 4107
f 4111 4107 1078
f 4109 4107 4111
f 444 2459 4110
f 2459 443 4109
f 4110 4109 1079
f 2459 4109 4110
f 1078 4435 4111
f 4435 1156 4436
f 4111 4436 1079
f 4435 4436 4111
f 1156 4442 4436
f 4442 1086 4128
f 4436 4128 1079
f 4442 4128 4436
f 260 1865 1861
f 1865 261 1863
f 1861 1863 61
f 1865 1863 1861
f 61 1845 1861
f 1845 255 1862
f 1861 1862 260
f 1845 1862 1861
f 260 1862 1865
f 1862 255 1864
f 1865 1864 261
f 1862 1864 1865
f 262 1867 1866
f 1867 255 1846
f 1866 1846 254
f 1867 1846 1866
f 708 3078 3075
f 3078 262 1866
f 3075 1866 254
f 3078 1866 3075
f 310 2169 1983
f 2169 368 2170
f 1983 2170 311
f 2169 2170 1983
f 310 1980 2169
f 1980 309 2168
f 2169 2168 368
f 1980 2168 2169
f 290 1975 1978
f 1975 309 1980
f 1978 1980 310
f 1975 1980 1978
f 310 1979 1978
f 1979 303 1958
f 1978 1958 290
f 1979 1958 1978
f 311 1981 1983
f 1981 303 1979
f 1983 1979 310
f 1981 1979 1983
f 191 1647 1646
f 1647 193 1648
f 1646 1648 192
f 1647 1648 1646
f 192 1645 1646
f 1645 143 1640
f 1646 1640 191
f 1645 1640 1646
f 192 1644 1645
f 1644 141 1495
f 1645 1495 143
f 1644 1495 1645
f 201 1667 1665
f 1667 194 1651
f 1665 1651 192
f 1667 1651 1665
f 192 1648 1665
f 1648 193 1666
f 1665 1666 201
f 1648 1666 1665
f 192 1651 1643
f 1651 194 1650
f 1643 1650 139
f 1651 1650 1643
f 139 1491 1643
f 1491 141 1644
f 1643 1644 192
f 1491 1644 1643
f 1213 4769 4776
f 4769 1058 4774
f 4776 4774 1214
f 4769 4774 4776
f 1214 4775 4772
f 4775 1207 4734
f 4772 4734 806
f 4775 4734 4772
f 806 4768 4772
f 4768 1213 4776
f 4772 4776 1214
f 4768 4776 4772
f 808 4739 4742
f 4739 1208 4747
f 4742 4747 1209
f 4739 4747 4742
f 1209 4746 4742
f 4746 1205 4725
f 4742 4725 808
f 4746 4725 4742
f 488 2587 2591
f 2587 473 2590
f 2591 2590 489
f 2587 2590 2591
f 488 2588 2587
f 2588 474 2549
f 2587 2549 473
f 2588 2549 2587
f 488 2589 2588
f 2589 487 2585
f 2588 2585 474
f 2589 2585 2588
f 1054 4041 4042
f 4041 487 2589
f 4042 2589 488
f 4041 2589 4042
f 486 2586 4049
f 2586 487 4050
f 4049 4050 1057
f 2586 4050 4049
f 1207 4775 4737
f 4775 1214 4773
f 4737 4773 1057
f 4775 4773 4737
f 1057 4054 4049
f 4054 1058 4053
f 4049 4053 486
f 4054 4053 4049
f 1057 4773 4054
f 4773 1214 4774
f 4054 4774 1058
f 4773 4774 4054
f 1056 4740 4736
f 4740 1208 4741
f 4736 4741 1207
f 4740 4741 4736
f 1207 4737 4736
f 4737 1057 4051
f 4736 4051 1056
f 4737 4051 4736
f 1056 4051 4047
f 4051 1057 4050
f 4047 4050 487
f 4051 4050 4047
f 1056 4047 4048
f 4047 487 4041
f 4048 4041 1054
f 4047 4041 4048
f 1056 4745 4740
f 4745 1209 4747
f 4740 4747 1208
f 4745 4747 4740
f 1054 4744 4048
f 4744 1209 4745
f 4048 4745 1056
f 4744 4745 4048
f 256 1847 1848
f 1847 254 1846
f 1848 1846 255
f 1847 1846 1848
f 256 1851 1853
f 1851 257 1854
f 1853 1854 258
f 1851 1854 1853
f 256 1848 1851
f 1848 255 1850
f 1851 1850 257
f 1848 1850 1851
f 258 3072 1853
f 3072 707 3071
f 1853 3071 256
f 3072 3071 1853
f 256 3071 3076
f 3071 707 3082
f 3076 3082 708
f 3071 3082 3076
f 708 3075 3076
f 3075 254 1847
f 3076 1847 256
f 3075 1847 3076
f 489 4724 4040
f 4724 1205 4728
f 4040 4728 1053
f 4724 4728 4040
f 1053 4039 4040
f 4039 488 2591
f 4040 2591 489
f 4039 2591 4040
f 1054 4042 4043
f 4042 488 4039
f 4043 4039 1053
f 4042 4039 4043
f 1205 4746 4728
f 4746 1209 4743
f 4728 4743 1053
f 4746 4743 4728
f 1053 4743 4043
f 4743 1209 4744
f 4043 4744 1054
f 4743 4744 4043

