# https://github.com/mikedh/trimesh
v 0.03272549 0.00761063 0.04672745
v 0.03255242 0.01487611 0.04487942
v 0.03245057 0.00468556 0.04712817
v 0.03248694 0.02246559 0.04152930
v 0.03267589 0.02951459 0.03674297
v 0.03254520 0.03504264 0.03142649
v 0.03270880 0.03945559 0.02560238
v 0.03246131 0.04337220 0.01804769
v 0.03244398 0.04064585 0.02364440
v 0.03270172 0.04557936 0.01121357
v 0.03252854 0.04671948 0.00440100
v 0.03278912 0.04680887 -0.00306776
v 0.03244611 -0.01792729 0.04405923
v 0.03246606 -0.01013967 0.04640299
v -0.03267054 0.02951441 0.03674321
v -0.03245603 0.04337191 0.01804838
v -0.03278371 0.04680877 -0.00306757
v -0.03252315 0.04671938 0.00440117
v -0.03269646 0.04557926 0.01121378
v -0.03253970 0.03504254 0.03142666
v -0.03270352 0.03945556 0.02560248
v -0.03243849 0.04064604 0.02364401
v -0.03248143 0.02246492 0.04152976
v -0.03254701 0.01487601 0.04487960
v -0.03272000 0.00761033 0.04672767
v -0.03244536 0.00468727 0.04712823
v -0.03244043 -0.01792745 0.04405936
v -0.03246079 -0.01013343 0.04640472
v 0.05409217 -0.00040144 0.02017979
v 0.05409341 -0.00261079 0.02004831
v 0.05409969 -0.00530891 0.01950430
v 0.05409843 -0.00767620 0.01875979
v 0.05410239 -0.00790507 0.01863034
v 0.05410232 -0.00791253 0.01862799
v 0.05410233 -0.00792824 0.01862155
v 0.05410216 -0.00798221 0.01860134
v 0.05410054 -0.00820117 0.01852655
v 0.05410349 -0.00900946 0.01813294
v 0.05410038 -0.01137402 0.01683600
v 0.05409282 -0.01214259 0.01639105
v 0.05410016 -0.01423495 0.01456727
v 0.05410458 -0.01604562 0.01252288
v 0.05407965 -0.01694293 0.01168941
v 0.05409764 -0.01745540 0.01062844
v 0.05407304 -0.01844840 0.00928943
v 0.05407353 -0.01953302 0.00673261
v 0.05408781 -0.01977852 0.00555537
v 0.05409376 -0.02029406 0.00282441
v 0.05409237 -0.02049179 0.00006546
v 0.05410173 -0.02036333 -0.00121185
v 0.05409925 -0.02001423 -0.00395730
v 0.05409696 -0.01930350 -0.00658243
v 0.05407416 -0.01903624 -0.00780574
v 0.05408155 -0.01771156 -0.01027464
v 0.05410150 -0.01631100 -0.01202701
v 0.05408345 -0.01608673 -0.01257071
v 0.05409299 -0.01527142 -0.01339549
v 0.05408327 -0.01331586 -0.01538461
v 0.05407828 -0.01108490 -0.01704689
v 0.05409912 -0.00989414 -0.01752772
v 0.05409998 -0.00740047 -0.01864819
v 0.05408871 -0.00558517 -0.01933165
v 0.05409721 -0.00473356 -0.01946152
v 0.05408875 -0.00357529 -0.01975760
v 0.05408149 -0.00081733 -0.02006495
v 0.05407891 -0.00037042 -0.02008414
v 0.05407702 0.00597315 -0.01906928
v 0.05408044 0.00326042 -0.01974015
v 0.05407939 0.00237227 -0.01989301
v 0.05409299 0.00969980 -0.01723508
v 0.05407337 0.00857909 -0.01802649
v 0.05407382 0.01097842 -0.01661881
v 0.05407329 0.01317378 -0.01489529
v 0.05408748 0.01509358 -0.01271518
v 0.05407324 0.01683054 -0.01048816
v 0.05407286 0.01816533 -0.00792543
v 0.05408048 0.01854042 -0.00681561
v 0.05407486 0.01909082 -0.00523998
v 0.05409179 0.01935648 -0.00341157
v 0.05409309 0.01948510 -0.00250247
v 0.05408994 0.01963574 -0.00126711
v 0.05408896 0.01969075 0.00012307
v 0.05407799 0.01973529 0.00150258
v 0.05407483 0.01937659 0.00426269
v 0.05409226 0.01891672 0.00552188
v 0.05407110 0.01862096 0.00701865
v 0.05409158 0.01796418 0.00819688
v 0.05409041 0.01670766 0.01061553
v 0.05408792 0.01613005 0.01154148
v 0.05409278 0.01497086 0.01299217
v 0.05407799 0.01442628 0.01380180
v 0.05408167 0.01242194 0.01565674
v 0.05407451 0.01139140 0.01652500
v 0.05407480 0.00898737 0.01800724
v 0.05409210 0.00636944 0.01899935
v 0.05409226 0.00530696 0.01934614
v 0.05408996 0.00262644 0.01996751
v 0.05490514 -0.00645889 -0.00664427
v 0.05490516 -0.00529961 -0.00752527
v 0.05503577 -0.00041521 0.00010109
v 0.05490514 -0.00746625 -0.00558299
v 0.05490515 -0.00828463 -0.00438166
v 0.05490513 -0.00775858 0.00540274
v 0.05490515 -0.00852666 0.00412928
v 0.05490513 -0.00677748 0.00654715
v 0.05490514 -0.00565355 0.00748920
v 0.05490515 -0.00441065 0.00822853
v 0.05490517 -0.00310130 0.00874950
v 0.05460778 -0.00632274 -0.01325001
v 0.05460785 -0.00427842 -0.01397715
v 0.05461067 -0.00213019 -0.01435615
v 0.05435512 -0.00043809 -0.01750788
v 0.05460771 -0.01015801 -0.01077365
v 0.05460774 -0.00829045 -0.01219317
v 0.05460775 -0.01178256 -0.00906133
v 0.05460764 -0.01310251 -0.00712684
v 0.05460774 -0.01482567 0.00244799
v 0.05460782 -0.01499716 0.00081283
v 0.05460770 -0.01498880 -0.00078952
v 0.05460752 -0.01470646 -0.00290154
v 0.05460769 -0.01407787 -0.00504862
v 0.05460771 -0.01349255 0.00659456
v 0.05460772 -0.01432785 0.00452999
v 0.05460782 -0.01225161 0.00864741
v 0.05460763 -0.00886147 0.01201214
v 0.05460760 -0.01067209 0.01049434
v 0.05460774 -0.00685732 0.01320328
v 0.05460780 -0.00474544 0.01404355
v 0.05461014 -0.00255239 0.01450950
v 0.05490519 -0.00177753 0.00905331
v 0.05490425 -0.00040307 0.00918244
v 0.05435616 -0.00043447 0.01769891
v 0.05490518 -0.00281134 -0.00863165
v 0.05490523 -0.00151983 -0.00888535
v 0.05489836 -0.00040013 -0.00912278
v 0.05490893 -0.00040991 -0.00883096
v 0.05490518 -0.00407953 -0.00818026
v 0.05490524 -0.00935175 0.00155542
v 0.05490530 -0.00945691 0.00054204
v 0.05490518 -0.00904450 0.00284772
v 0.05490524 -0.00945243 -0.00044909
v 0.05490518 -0.00927757 -0.00176110
v 0.05490516 -0.00888943 -0.00309342
v 0.05490184 0.00271178 0.00869388
v 0.05490238 0.00118396 0.00909065
v 0.05490184 0.00415637 0.00802030
v 0.05490184 0.00546207 0.00710611
v 0.05490184 0.00658920 0.00597905
v 0.05490184 0.00750348 0.00467341
v 0.05490184 0.00817715 0.00322884
v 0.05490184 0.00858974 0.00168924
v 0.05490185 0.00872872 0.00010139
v 0.05490184 0.00858986 -0.00148649
v 0.05490184 0.00817736 -0.00302611
v 0.05490185 0.00750379 -0.00447074
v 0.05490184 0.00658960 -0.00577643
v 0.05490185 0.00546255 -0.00690355
v 0.05490184 0.00415691 -0.00781785
v 0.05490184 0.00271234 -0.00849153
v 0.05490249 0.00118707 -0.00888502
v 0.05436244 0.00263964 0.01736065
v 0.05436400 0.00557493 0.01655448
v 0.05436386 0.00833919 0.01526728
v 0.05436393 0.01084190 0.01351365
v 0.05436415 0.01299556 0.01135636
v 0.05436390 0.01475018 0.00885554
v 0.05436429 0.01603511 0.00608938
v 0.05436408 0.01682764 0.00314128
v 0.05436425 0.01709159 0.00010165
v 0.05436423 0.01682600 -0.00293845
v 0.05436428 0.01603559 -0.00588634
v 0.05436397 0.01084161 -0.01331126
v 0.05436370 0.01300136 -0.01115545
v 0.05436375 0.01475070 -0.00865616
v 0.05436429 0.00833819 -0.01505995
v 0.05436238 0.00264713 -0.01715784
v 0.05436380 0.00557294 -0.01635550
v -0.00512790 -0.05322822 -0.07147566
v -0.04208009 0.01446277 -0.07091641
v -0.04370263 0.01095753 -0.07077499
v -0.00089142 0.04064080 -0.06986032
v -0.00592627 0.04022515 -0.07016096
v -0.00796908 0.03988869 -0.07033699
v -0.01101208 0.03923191 -0.07050776
v -0.01586073 0.03772557 -0.07079424
v -0.03266141 -0.04825796 0.01038125
v -0.04535274 0.00628118 -0.07058741
v -0.04732469 -0.00812851 -0.06957593
v -0.04712908 -0.00355458 -0.07024404
v -0.04698348 -0.00132448 -0.06996367
v -0.04650504 0.00141193 -0.07040666
v -0.05409962 -0.02030352 -0.00076763
v -0.05411080 -0.02006701 0.00207352
v -0.05410349 -0.01961591 0.00501240
v -0.05408167 -0.01894001 0.00779870
v -0.05408736 -0.01758901 0.01037728
v -0.05408299 -0.01596797 0.01279190
v -0.05408426 -0.01393997 0.01490496
v -0.05407665 -0.01168280 0.01677345
v -0.05409851 -0.00908370 0.01800358
v -0.05410841 -0.00781916 0.01844042
v -0.05410443 -0.00457964 -0.01923367
v -0.05410077 -0.00175761 -0.01965472
v -0.05409658 0.00106488 -0.01967901
v -0.05410559 -0.00733832 -0.01843563
v -0.05410312 -0.00998726 -0.01727056
v -0.05410459 -0.01240982 -0.01567934
v -0.05408964 -0.01813081 -0.00915882
v -0.05409906 -0.01916285 -0.00653357
v -0.05411072 -0.01981568 -0.00364286
v -0.05410255 -0.01466068 -0.01372325
v -0.05409668 -0.01656068 -0.01155541
v -0.05410208 -0.00542647 0.01931765
v -0.05409927 -0.00293926 0.01983484
v -0.05409765 0.00148335 -0.01962851
v -0.05415252 0.01019151 0.00315041
v -0.05409951 -0.00041113 0.01999127
v -0.05409915 0.00235185 0.01979991
v -0.05409886 0.00516315 0.01919733
v -0.05410085 0.00637198 0.01877672
v -0.05409846 0.01949788 -0.00034097
v -0.05410086 0.01934280 -0.00213045
v -0.05409867 0.01934859 0.00253175
v -0.05409891 0.01919838 -0.00328176
v -0.05409879 0.01849110 -0.00609787
v -0.05409889 0.01738843 -0.00877973
v -0.05409856 0.00791914 0.01817190
v -0.05409848 0.01045281 0.01677714
v -0.05409871 0.01272039 0.01506004
v -0.05409873 0.01473481 0.01301619
v -0.05410072 0.01545010 0.01208220
v -0.05409839 0.01647943 0.01062685
v -0.05409848 0.01783322 0.00804075
v -0.05409894 0.01878888 0.00531891
v -0.05410103 0.01200857 -0.01542718
v -0.05411030 0.00952670 -0.01696683
v -0.05409931 0.01594116 -0.01123251
v -0.05410120 0.01526686 -0.01211847
v -0.05409893 0.01413863 -0.01349195
v -0.05409092 0.00692087 -0.01842591
v -0.05409069 0.00416483 -0.01926533
v -0.05351886 0.01169487 -0.02038380
v -0.05345752 0.01556344 -0.01797015
v -0.05380829 0.01075559 -0.01903331
v -0.05343848 0.01202778 0.02085638
v -0.05343885 0.01575779 0.01811010
v -0.05008673 0.02665179 -0.02030851
v -0.04974522 0.03043077 -0.01561319
v -0.04973214 0.03262983 -0.01030531
v -0.04609517 0.03735540 -0.01469793
v -0.04616249 0.03526495 -0.01899149
v -0.04972700 0.03403665 -0.00380382
v -0.04610633 0.03899814 -0.00947370
v -0.04578692 0.03867280 -0.01224994
v -0.04973617 0.03413484 0.00283670
v -0.04611301 0.04015233 0.00068375
v -0.04609273 0.03992485 -0.00443834
v -0.04972432 0.03304257 0.00917069
v -0.04610694 0.03969499 0.00619389
v -0.04578499 0.04047203 0.00338194
v -0.04973305 0.03071522 0.01530355
v -0.04610715 0.03690708 0.01596145
v -0.04609119 0.03861663 0.01120708
v -0.04610741 0.03137050 0.02530620
v -0.04598544 0.03223071 0.02446643
v -0.04972856 0.02723228 0.02101122
v -0.04611171 0.03443857 0.02083216
v -0.04581417 0.03634658 0.01816084
v -0.04611323 0.02812784 0.02891385
v -0.04973261 0.02274132 0.02588204
v -0.04582856 0.02684424 0.03065415
v -0.04611011 0.02398901 0.03248843
v -0.04972741 0.01739183 0.02983191
v -0.04594715 0.02074196 0.03495835
v -0.04973099 0.01141842 0.03266452
v -0.04611052 0.01511242 0.03755776
v -0.04610510 0.01945964 0.03545140
v -0.04610162 0.00461431 0.04034343
v -0.04591192 0.00617519 0.04038538
v -0.04972548 0.00504606 0.03432336
v -0.04611015 0.00993603 0.03930431
v -0.04584258 0.01341139 0.03861219
v -0.05345658 -0.00043747 0.02421173
v -0.05344016 0.00339593 0.02398707
v -0.05343672 0.00784525 0.02285219
v -0.05343672 0.01890101 0.01470240
v -0.05343877 0.02372181 0.00200856
v -0.05343945 0.02294156 0.00642089
v -0.05343845 0.02132713 0.01072021
v -0.05343687 0.02364773 -0.00262985
v -0.05344019 0.02265242 -0.00717748
v -0.05344042 0.02110962 -0.01093173
v -0.05343727 0.01869639 -0.01476893
v -0.05241508 0.01834069 -0.02080159
v -0.04608731 -0.00054495 0.04067803
v -0.04972776 -0.00048532 0.03475264
v -0.05214490 -0.00045808 0.02906448
v -0.05212004 0.00417223 0.02877061
v -0.05211900 0.00949568 0.02739587
v -0.05211899 0.01451445 0.02501074
v -0.05211905 0.01899334 0.02171447
v -0.05211918 0.02275837 0.01761751
v -0.05211928 0.02567601 0.01284789
v -0.05211978 0.02761648 0.00769181
v -0.05211995 0.02854928 0.00239041
v -0.05211945 0.02845247 -0.00317246
v -0.05212022 0.02727882 -0.00862171
v -0.05212039 0.02542040 -0.01314693
v -0.05216411 0.02252501 -0.01750422
v -0.01215600 -0.05326184 -0.02544842
v -0.00883302 -0.05342574 -0.02592051
v -0.00064563 -0.05356022 -0.02564447
v -0.01355984 -0.05321602 -0.02616480
v -0.01222242 -0.05328268 -0.02610948
v -0.01780686 -0.05298243 -0.02520495
v -0.02063935 -0.05280915 -0.02474308
v -0.02336689 -0.05261984 -0.02394195
v -0.02591288 -0.05242645 -0.02272904
v -0.02823050 -0.05223878 -0.02110025
v -0.03045411 -0.05203758 -0.01924269
v -0.03464227 -0.05124145 -0.01793463
v -0.03851318 -0.04980308 -0.01598602
v -0.04019406 -0.04824193 -0.01787459
v -0.04198307 -0.04747677 -0.01454459
v -0.04078419 -0.04877048 -0.01291850
v -0.04367885 -0.04653770 -0.01012362
v -0.04380684 -0.04675538 -0.00676194
v -0.04521559 -0.04504546 -0.00710453
v -0.03260498 -0.05183675 -0.01378899
v -0.03262893 -0.05174042 -0.01057477
v -0.03468962 -0.05152468 -0.01117394
v -0.03537533 -0.05117708 -0.00507906
v -0.03861169 -0.05030055 -0.00569400
v -0.03336507 -0.05133383 -0.00467689
v -0.04163385 -0.04864769 -0.00633291
v -0.03782504 -0.05055180 -0.01205476
v -0.03222004 -0.05186920 -0.01685688
v -0.03503966 -0.05137328 -0.01474242
v -0.04407325 0.00506032 0.04272355
v -0.04018307 0.01129063 0.04432765
v -0.03572727 0.01161582 0.04568486
v -0.03576543 0.01754073 0.04368741
v -0.03387717 0.01576058 0.04455320
v -0.03327845 0.01780149 0.04378081
v -0.03403232 0.02562647 0.03958394
v -0.03331533 0.02819119 0.03780849
v -0.03576043 0.02806474 0.03766986
v -0.03336970 0.04066223 0.02360602
v -0.03329127 0.04304223 0.01886111
v -0.03571664 0.04289354 0.01874944
v -0.03368439 0.04467959 0.01443482
v -0.03331277 0.04517348 0.01283086
v -0.03579881 0.04495568 0.01289525
v -0.03327288 0.04691290 0.00079096
v -0.03332860 0.04664948 -0.00490439
v -0.03578954 0.04644500 -0.00503961
v -0.03329178 0.04638548 0.00718116
v -0.03568416 0.04622374 0.00708382
v -0.03402641 0.04676141 0.00352701
v -0.03568243 0.04673796 0.00086667
v -0.03576736 0.04012732 0.02416286
v -0.03331907 0.04019149 0.02442025
v -0.03329226 0.03688153 0.02924482
v -0.03573882 0.03254681 0.03381300
v -0.03328242 0.03255315 0.03406081
v -0.03387443 0.03409112 0.03246459
v -0.03574401 0.02283045 0.04111671
v -0.03331271 0.02283290 0.04132640
v -0.03330177 0.01163428 0.04586823
v -0.03331767 0.00550732 0.04705280
v -0.04017387 0.04360401 0.01260707
v -0.04009359 0.04489272 0.00682918
v -0.04003047 0.04541606 0.00091656
v -0.03327571 -0.00064217 0.04742293
v -0.03571443 0.00562791 0.04685701
v -0.04019072 0.00548491 0.04546276
v -0.04408305 0.03908715 0.01700985
v -0.04411035 0.04089438 0.01184278
v -0.04404655 0.04212634 0.00648226
v -0.04401682 0.04263275 0.00080934
v -0.04016789 0.03894878 0.02344314
v -0.04011030 0.03562801 0.02835199
v -0.04404084 0.03340989 0.02668506
v -0.04405063 0.02976862 0.03074085
v -0.04017530 0.02716527 0.03661278
v -0.04018424 0.02222507 0.03985844
v -0.04406945 0.02079759 0.03748287
v -0.04406859 0.01592077 0.03985761
v -0.04176230 0.04157833 -0.01558305
v -0.04524860 0.03641556 -0.01939319
v -0.04418080 0.03959557 -0.01528929
v -0.03672810 0.04533378 -0.01042251
v -0.04030933 0.04400965 -0.01057998
v -0.04406668 0.04133949 -0.01012534
v -0.04406243 0.04231986 -0.00470546
v -0.04006148 0.04511928 -0.00501311
v -0.04019925 0.04161318 0.01816787
v -0.04407740 0.03654227 0.02204066
v -0.03567886 0.03672208 0.02916633
v -0.04012303 0.03166954 0.03276767
v -0.04407871 0.02546991 0.03440532
v -0.04017349 0.01690526 0.04245249
v -0.04408114 0.01056844 0.04164058
v -0.03566814 -0.00063777 0.04724958
v -0.04016615 -0.00061702 0.04585423
v -0.04410177 -0.00057702 0.04304443
v -0.04016728 -0.04129850 0.02222978
v -0.04408249 -0.03893723 0.02074017
v -0.04412968 -0.04154390 0.01561276
v -0.04605837 -0.04141992 0.00967821
v -0.04633461 -0.04263948 0.00415235
v -0.04491083 -0.04444789 0.00471046
v -0.04604515 -0.03947315 0.01465249
v -0.04413366 -0.04359783 0.01041517
v -0.04609712 -0.03691544 0.01944198
v -0.04573713 -0.03554511 0.02249608
v -0.04602918 -0.02995413 0.02853002
v -0.04609582 -0.03359015 0.02432438
v -0.04406597 -0.03553564 0.02575806
v -0.04596574 -0.02084188 0.03541960
v -0.04405083 -0.02193849 0.03737824
v -0.04571062 -0.01849139 0.03701453
v -0.04405930 -0.01631355 0.04003326
v -0.04600364 -0.01542088 0.03792280
v -0.04016549 -0.04627643 0.01136659
v -0.04019876 -0.04410660 0.01679732
v -0.04015602 -0.03775563 0.02743324
v -0.03576972 -0.03884948 0.02826673
v -0.04411014 -0.03152129 0.03018317
v -0.04018079 -0.03347915 0.03220234
v -0.04016391 -0.02858495 0.03638046
v -0.04013898 -0.01736530 0.04260797
v -0.04013620 -0.02323371 0.03983249
v -0.04409911 -0.02691895 0.03411849
v -0.04601964 -0.02561879 0.03225088
v -0.04300664 -0.04623990 0.00515939
v -0.04022022 -0.04797038 0.00565067
v -0.03719289 -0.04904110 0.00598410
v -0.03574705 -0.04253409 0.02285937
v -0.03568217 -0.04538257 0.01739936
v -0.03566402 -0.04759033 0.01183925
v -0.03481430 -0.04940855 0.00618108
v -0.03564496 -0.02390234 0.04104422
v -0.03574389 -0.02931223 0.03756265
v -0.03581814 -0.03442700 0.03320601
v -0.03564951 -0.01786292 0.04389926
v -0.03323416 -0.04946030 0.00626422
v -0.03330502 -0.04772073 0.01198826
v -0.03327614 -0.04553171 0.01749621
v -0.03326851 -0.04277126 0.02281999
v -0.03396878 -0.04140791 0.02496019
v -0.03326933 -0.03901997 0.02835601
v -0.03415090 -0.03678116 0.03097161
v -0.03327553 -0.01792456 0.04405811
v -0.03326785 -0.02398279 0.04119413
v -0.03327306 -0.02929720 0.03780193
v -0.03416376 -0.03193001 0.03568013
v -0.03327438 -0.03454637 0.03336514
v -0.04606003 -0.00814354 0.03997102
v -0.04409209 -0.00862180 0.04225979
v -0.04015616 -0.00915953 0.04501391
v -0.03566599 -0.00942684 0.04637927
v -0.03329690 -0.00944613 0.04655153
v -0.05346390 -0.00720091 0.02319994
v -0.05345754 -0.00492162 0.02378049
v -0.04874549 -0.01404706 0.03391235
v -0.04971823 -0.01017736 0.03336482
v -0.05215766 -0.00854898 0.02785807
v -0.04972539 -0.00683292 0.03415359
v -0.05110931 -0.01231486 0.02947677
v -0.05268502 -0.01072074 0.02531469
v -0.05374773 -0.00892432 0.02094073
v -0.05214709 -0.00579631 0.02855092
v -0.03288601 -0.05084647 -0.00057545
v -0.03403856 -0.05021937 0.00274435
v -0.04571191 -0.04450616 -0.00482531
v -0.04601061 -0.04407924 -0.00278072
v -0.04437946 -0.04620605 -0.00452878
v -0.04231377 -0.04811676 -0.00404982
v -0.03936473 -0.04985894 -0.00349007
v -0.03619269 -0.05084985 -0.00301261
v -0.03385590 -0.05111491 -0.00272771
v -0.04466285 -0.04581556 -0.00219080
v -0.04277633 -0.04759142 -0.00162146
v -0.03994741 -0.04935576 -0.00112144
v -0.03686327 -0.05043053 -0.00074408
v -0.03439364 -0.05080455 -0.00060577
v -0.04574495 -0.04428328 -0.00040896
v -0.04312568 0.01219698 -0.07105256
v -0.04720411 -0.00530371 -0.07030311
v -0.04677717 -0.00074050 -0.07066177
v -0.04474707 0.00805075 -0.07090022
v -0.04599854 0.00365231 -0.07072975
v -0.04125851 0.01595440 -0.07112274
v -0.00956399 0.03952210 -0.07065865
v -0.01386194 0.03838334 -0.07085095
v -0.01808163 0.03681213 -0.07106679
v -0.00492161 0.04030142 -0.07035601
v -0.04712896 -0.00809824 -0.07063863
v -0.04621961 -0.01667352 -0.07054860
v -0.04681401 -0.01348658 -0.07007204
v -0.04689140 -0.01226363 -0.07045563
v -0.03223314 -0.04271782 -0.07067628
v -0.03394046 -0.04118088 -0.07028848
v -0.03422906 -0.04061707 -0.07107274
v -0.03724851 -0.03740114 -0.07011597
v -0.03721501 -0.03710281 -0.07104946
v -0.04022882 -0.03300274 -0.07004820
v -0.03976535 -0.03340819 -0.07093435
v -0.04131285 -0.03086705 -0.07049303
v -0.04205152 -0.02922853 -0.07086570
v -0.04261698 -0.02828270 -0.07029790
v -0.04379170 -0.02522268 -0.07071515
v -0.04447508 -0.02353540 -0.07028478
v -0.04521466 -0.02095169 -0.07056961
v -0.04588473 -0.01858319 -0.07017787
v -0.04651025 -0.01575784 -0.06986203
v -0.02212185 -0.04930000 -0.07132057
v -0.02663441 -0.04712889 -0.07024118
v -0.02633801 -0.04698619 -0.07137969
v -0.03029580 -0.04448517 -0.07033078
v -0.03028654 -0.04414638 -0.07141960
v -0.01271510 -0.05258688 -0.07047728
v -0.01802199 -0.05128958 -0.06990624
v -0.01731549 -0.05133214 -0.07075498
v -0.02022041 -0.05040476 -0.07026135
v -0.02268395 -0.04931396 -0.07026182
v -0.00373125 -0.05377622 -0.06930545
v -0.00818253 -0.05353933 -0.06881701
v -0.00837613 -0.05316290 -0.07090232
v -0.00928971 -0.05333544 -0.06944174
v -0.01365513 -0.05255053 -0.06964569
v -0.00060279 -0.05360688 -0.07054705
v -0.00057438 -0.05389964 -0.06853952
v -0.00057400 -0.05394226 -0.05862039
v -0.00584787 -0.05380186 -0.05862397
v -0.00065979 -0.05393251 -0.04346148
v -0.00065573 -0.05392982 -0.04259484
v -0.00212330 -0.05389201 -0.04136396
v -0.00071806 -0.05381132 -0.03296033
v -0.00058394 -0.05376666 -0.03095630
v -0.00108341 -0.05375116 -0.03060439
v -0.00061105 -0.05372458 -0.02945450
v -0.05382039 0.00373270 -0.02151596
v -0.05323446 -0.02022652 -0.01608871
v -0.05347983 -0.01608035 -0.01836922
v -0.05279233 -0.02437427 -0.01381951
v -0.05213448 -0.02851612 -0.01145225
v -0.05358455 -0.02346272 -0.00504680
v -0.05285992 -0.02760496 -0.00245995
v -0.05372812 -0.02280414 0.00379568
v -0.05302356 -0.01804951 0.01913090
v -0.05316038 -0.02247150 0.01282251
v -0.05217030 -0.01391762 0.02559555
v -0.05347518 -0.00988111 0.02212937
v -0.05011755 -0.01787329 0.02914419
v -0.04883798 -0.02642286 0.02580635
v -0.04757052 -0.02158154 0.03224136
v -0.04917999 -0.03115146 0.01924590
v -0.04741015 -0.04027315 0.00656026
v -0.04864128 -0.03579478 0.01282449
v -0.04797814 -0.04084423 -0.00296666
v -0.04643779 -0.04332075 -0.00659356
v -0.04395310 -0.04506908 -0.01582930
v -0.00057682 -0.05374678 -0.03020657
v -0.00074529 -0.05384535 -0.03473345
v -0.00065228 -0.05392977 -0.04256936
v -0.00064630 -0.05392477 -0.04136228
v -0.00067957 -0.05391722 -0.04011405
v -0.00074075 -0.05387912 -0.03675572
v -0.05128257 -0.02232897 0.02254966
v -0.05154847 -0.02687573 0.01603324
v -0.05103685 -0.03154660 0.00972035
v -0.04983990 -0.03632427 0.00342690
v -0.05272782 -0.02708775 0.00663990
v -0.05166366 -0.03197478 0.00036114
v -0.04983424 -0.03687385 -0.00593881
v -0.04837744 -0.03960073 -0.00934782
v -0.05121861 -0.03262950 -0.00879869
v -0.04976927 -0.03374894 -0.01771823
v -0.04836716 -0.03816754 -0.01531782
v -0.05000315 -0.03526807 -0.01212802
v -0.04647431 -0.04234428 -0.01263925
v -0.05072031 -0.02942574 -0.01989961
v -0.04623538 -0.04110987 -0.01838436
v 0.03267201 -0.04825869 0.01037813
v 0.00054166 -0.05356457 -0.02560016
v 0.04370784 0.01095753 -0.07077599
v 0.04531682 0.00640864 -0.07058752
v 0.04646476 0.00164166 -0.07040747
v 0.04702756 -0.00133671 -0.06971979
v 0.04732905 -0.00816430 -0.06957436
v 0.04708518 -0.00297979 -0.07025048
v 0.00060199 -0.05360200 -0.07056672
v 0.00053875 -0.05389916 -0.06853704
v 0.00057266 -0.05393930 -0.05862088
v 0.00088898 0.04050911 -0.07055021
v 0.00088597 0.04071993 -0.06934268
v 0.00586046 -0.05321525 -0.07135478
v 0.05402827 -0.00475543 -0.02002974
v 0.05403744 -0.00183154 -0.02036959
v 0.05403063 -0.00762812 -0.01917594
v 0.05402308 -0.01037286 -0.01797697
v 0.05402489 -0.01715866 -0.01195753
v 0.05403524 -0.01514298 -0.01423605
v 0.05403579 -0.01284081 -0.01625530
v 0.05401712 -0.01874867 -0.00946247
v 0.05401230 -0.01994375 -0.00678033
v 0.05404056 -0.02056068 -0.00375906
v 0.05402493 -0.02103816 -0.00078632
v 0.05404844 -0.02076771 0.00210108
v 0.05403018 -0.02035488 0.00516981
v 0.05400182 -0.01959704 0.00807464
v 0.05399888 -0.01827452 0.01077211
v 0.05399944 -0.01652860 0.01327366
v 0.05400760 -0.01440211 0.01544186
v 0.05398761 -0.01209642 0.01741729
v 0.05401684 -0.00943575 0.01872137
v 0.05401705 -0.00815009 0.01928572
v 0.05402139 -0.00305471 0.02058728
v 0.05402083 -0.00565453 0.02008333
v 0.05401704 -0.00040641 0.02078790
v 0.05401929 0.00244470 0.02057289
v 0.05401450 0.00536678 0.01997920
v 0.05401658 0.00665895 0.01954228
v 0.05402343 0.00820461 0.01885501
v 0.05402254 0.01082687 0.01741686
v 0.05402344 0.01323059 0.01558736
v 0.05402461 0.02007134 0.00262845
v 0.05401479 0.01956147 0.00553658
v 0.05401501 0.01534344 0.01353135
v 0.05402430 0.01605219 0.01253930
v 0.05401366 0.01716852 0.01104360
v 0.05401342 0.01856769 0.00838157
v 0.05402088 0.02025020 -0.00036947
v 0.05402167 0.02011433 -0.00221248
v 0.05401564 0.01998262 -0.00342043
v 0.05401687 0.01924883 -0.00631442
v 0.05402424 0.01805706 -0.00908865
v 0.05402629 0.01653685 -0.01163588
v 0.05402571 0.01585809 -0.01256741
v 0.05402586 0.01463091 -0.01400467
v 0.05402765 0.01244348 -0.01601491
v 0.05402675 0.00997297 -0.01770799
v 0.05402538 0.00719681 -0.01907264
v 0.05403261 0.00432117 -0.01992490
v 0.05403677 0.00151045 -0.02034427
v 0.05344590 0.02110897 -0.01093244
v 0.05344565 0.02265236 -0.00717730
v 0.05370016 0.01112986 -0.01960092
v 0.05346381 0.01555749 -0.01797019
v 0.04973178 0.00504619 0.03432139
v 0.04591738 0.00617538 0.04038511
v 0.04610646 0.00461548 0.04034394
v 0.04611551 0.00993616 0.03930417
v 0.04973638 0.01141853 0.03266434
v 0.04584794 0.01341143 0.03861209
v 0.04611584 0.01511251 0.03755773
v 0.04973281 0.01739190 0.02983173
v 0.04611052 0.01945976 0.03545117
v 0.04973801 0.02274141 0.02588188
v 0.04611550 0.02398907 0.03248828
v 0.04595261 0.02074201 0.03495808
v 0.04599077 0.03223088 0.02446631
v 0.04611277 0.03137064 0.02530606
v 0.04973396 0.02723238 0.02101103
v 0.04611858 0.02812802 0.02891369
v 0.04583383 0.02684449 0.03065409
v 0.04611703 0.03443877 0.02083206
v 0.04973845 0.03071532 0.01530336
v 0.04581952 0.03634673 0.01816067
v 0.04611254 0.03690719 0.01596130
v 0.04972971 0.03304267 0.00917054
v 0.04609664 0.03861665 0.01120691
v 0.04611233 0.03969508 0.00619377
v 0.04974157 0.03413494 0.00283652
v 0.04579034 0.04047219 0.00338180
v 0.04611841 0.04015241 0.00068359
v 0.04973239 0.03403676 -0.00380400
v 0.04609803 0.03992508 -0.00443848
v 0.04611176 0.03899818 -0.00947385
v 0.04973754 0.03262994 -0.01030546
v 0.04579236 0.03867282 -0.01225010
v 0.04609915 0.03735609 -0.01470202
v 0.04975061 0.03043088 -0.01561337
v 0.04613406 0.03531212 -0.01900670
v 0.05009214 0.02665183 -0.02030865
v 0.05344352 0.01869285 -0.01476740
v 0.05344247 0.02364683 -0.00262989
v 0.05344384 0.02132717 0.01072015
v 0.05344493 0.02294132 0.00642054
v 0.05344429 0.02372134 0.00200810
v 0.05344232 0.01890019 0.01470193
v 0.05344469 0.01575642 0.01810851
v 0.05344398 0.01202818 0.02085548
v 0.05344192 0.00784560 0.02285285
v 0.05344535 0.00339440 0.02398816
v 0.05344554 -0.00043376 0.02429197
v 0.05212535 -0.00045259 0.02913771
v 0.05242049 0.01834061 -0.02080183
v 0.05216949 0.02252513 -0.01750439
v 0.05212578 0.02542051 -0.01314712
v 0.05212562 0.02727891 -0.00862189
v 0.05212485 0.02845255 -0.00317264
v 0.05212534 0.02854937 0.00239024
v 0.05212518 0.02761657 0.00769162
v 0.05212467 0.02567611 0.01284774
v 0.05212457 0.02275846 0.01761734
v 0.05212445 0.01899342 0.02171429
v 0.05212437 0.01451454 0.02501057
v 0.05212439 0.00949578 0.02739570
v 0.05212585 0.00417049 0.02876958
v 0.04971057 -0.00048447 0.03479639
v 0.04609101 -0.00054572 0.04068027
v 0.01214208 -0.05326171 -0.02542714
v 0.00805365 -0.05346010 -0.02605345
v 0.00625235 -0.05350747 -0.02584387
v 0.04520210 -0.04506628 -0.00714533
v 0.04381665 -0.04674813 -0.00679933
v 0.04338724 -0.04671936 -0.01104723
v 0.04055831 -0.04894050 -0.01291017
v 0.04265750 -0.04701815 -0.01361008
v 0.04134123 -0.04783743 -0.01560245
v 0.03830415 -0.04993167 -0.01594275
v 0.03464447 -0.05124235 -0.01793513
v 0.03048347 -0.05203441 -0.01925636
v 0.02823729 -0.05223856 -0.02110130
v 0.02591672 -0.05242647 -0.02272676
v 0.02337039 -0.05261985 -0.02393914
v 0.02064401 -0.05280909 -0.02474317
v 0.01781314 -0.05298235 -0.02520833
v 0.01351411 -0.05321887 -0.02616283
v 0.01221650 -0.05328318 -0.02609855
v 0.03337107 -0.05133365 -0.00467643
v 0.03263749 -0.05174023 -0.01057618
v 0.03538095 -0.05117695 -0.00507928
v 0.03261072 -0.05183661 -0.01378934
v 0.03469565 -0.05152446 -0.01117428
v 0.03861707 -0.05030046 -0.00569417
v 0.03222612 -0.05186896 -0.01685876
v 0.03504546 -0.05137306 -0.01474273
v 0.03783123 -0.05055134 -0.01205523
v 0.04164152 -0.04864586 -0.00633825
v 0.03403186 0.04676151 0.00352680
v 0.03329695 0.04638558 0.00718104
v 0.03568938 0.04622387 0.00708367
v 0.04402211 0.04263296 0.00080918
v 0.03368982 0.04467971 0.01443462
v 0.03329693 0.04304235 0.01886092
v 0.03572210 0.04289362 0.01874925
v 0.04408846 0.03908723 0.01700967
v 0.04408283 0.03654232 0.02204049
v 0.04405587 0.02976884 0.03074075
v 0.03403777 0.02562649 0.03958383
v 0.03331816 0.02283302 0.04132621
v 0.03574897 0.02283058 0.04111659
v 0.04408408 0.02547003 0.03440516
v 0.03388242 0.01576053 0.04455308
v 0.03330739 0.01163437 0.04586805
v 0.03573276 0.01161587 0.04568467
v 0.04407387 0.01592089 0.03985755
v 0.04407852 0.00506045 0.04272352
v 0.04410696 -0.00057695 0.04304446
v 0.03332344 0.00550763 0.04705263
v 0.03328113 -0.00064206 0.04742275
v 0.03572007 0.00562814 0.04685677
v 0.03567357 -0.00063767 0.04724940
v 0.04019573 0.00548504 0.04546278
v 0.04017146 -0.00061693 0.04585408
v 0.03328392 0.01780147 0.04378071
v 0.03577120 0.01754072 0.04368724
v 0.04018835 0.01129077 0.04432751
v 0.04017914 0.01690530 0.04245219
v 0.04408646 0.01056855 0.04164047
v 0.03332074 0.02819138 0.03780827
v 0.03576618 0.02806481 0.03766966
v 0.04018950 0.02222519 0.03985836
v 0.04407515 0.02079758 0.03748242
v 0.04018098 0.02716531 0.03661247
v 0.03574428 0.03254692 0.03381280
v 0.03577259 0.04012745 0.02416272
v 0.03568407 0.03672219 0.02916617
v 0.04011556 0.03562815 0.02835187
v 0.04012850 0.03166960 0.03276747
v 0.03329767 0.03688164 0.02924461
v 0.03387988 0.03409121 0.03246443
v 0.03328770 0.03255323 0.03406064
v 0.03332426 0.04019152 0.02442021
v 0.03337513 0.04066231 0.02360590
v 0.04017344 0.03894883 0.02344295
v 0.04404620 0.03341001 0.02668492
v 0.03331796 0.04517361 0.01283059
v 0.03580422 0.04495577 0.01289511
v 0.04020443 0.04161338 0.01816773
v 0.04017930 0.04360410 0.01260687
v 0.03327845 0.04691301 0.00079076
v 0.03568796 0.04673803 0.00086646
v 0.04009919 0.04489272 0.00682903
v 0.04411574 0.04089447 0.01184263
v 0.04405211 0.04212628 0.00648205
v 0.04003569 0.04541623 0.00091642
v 0.03579472 0.04644511 -0.00503997
v 0.03673088 0.04533450 -0.01042263
v 0.04031451 0.04400985 -0.01058019
v 0.04006705 0.04511930 -0.00501333
v 0.04406790 0.04231987 -0.00470559
v 0.03333385 0.04664955 -0.00490481
v 0.04418784 0.03959280 -0.01529238
v 0.04518048 0.03649360 -0.01942753
v 0.04407197 0.04133969 -0.01012554
v 0.04176738 0.04157857 -0.01558349
v 0.04025754 -0.04795049 0.00566572
v 0.04424110 -0.04514763 0.00491390
v 0.04413450 -0.04360709 0.01040184
v 0.03566348 -0.01786192 0.04389792
v 0.03328246 -0.01792439 0.04405794
v 0.03327352 -0.02398268 0.04119397
v 0.04015220 -0.01736299 0.04260372
v 0.03565077 -0.02390214 0.04104403
v 0.03327855 -0.02929704 0.03780179
v 0.03574925 -0.02931208 0.03756251
v 0.03416936 -0.03192984 0.03568003
v 0.03582353 -0.03442691 0.03320586
v 0.04571106 -0.01849374 0.03702027
v 0.04405579 -0.02193799 0.03737880
v 0.04597128 -0.02084167 0.03541926
v 0.04410444 -0.02691888 0.03411839
v 0.04602515 -0.02561861 0.03225056
v 0.04411577 -0.03152105 0.03018280
v 0.04603453 -0.02995405 0.02852989
v 0.04407129 -0.03553561 0.02575792
v 0.04610112 -0.03359016 0.02432432
v 0.03327979 -0.03454632 0.03336495
v 0.03415611 -0.03678109 0.03097142
v 0.03577515 -0.03884938 0.02826657
v 0.03327454 -0.03901988 0.02835582
v 0.03575242 -0.04253399 0.02285920
v 0.03397416 -0.04140783 0.02495999
v 0.03327398 -0.04277117 0.02281979
v 0.03328146 -0.04553160 0.01749604
v 0.03568737 -0.04538250 0.01739920
v 0.03331043 -0.04772064 0.01198808
v 0.03567666 -0.04759363 0.01182607
v 0.03330082 -0.04945793 0.00626892
v 0.03575154 -0.04930057 0.00614003
v 0.04017016 -0.04628484 0.01134318
v 0.04020400 -0.04410656 0.01679723
v 0.04017243 -0.04129850 0.02222967
v 0.04016169 -0.03775545 0.02743294
v 0.04018651 -0.03347894 0.03220208
v 0.04016894 -0.02858493 0.03638044
v 0.04014155 -0.02323304 0.03983264
v 0.04405749 -0.01631555 0.04003847
v 0.04413510 -0.04154378 0.01561261
v 0.04408779 -0.03893719 0.02074011
v 0.04599978 -0.01542572 0.03793452
v 0.04574253 -0.03554501 0.02249590
v 0.04610256 -0.03691528 0.01944175
v 0.04605061 -0.03947296 0.01465226
v 0.04606278 -0.04142206 0.00967586
v 0.04630140 -0.04269597 0.00416726
v 0.04606518 -0.00814297 0.03997127
v 0.04409731 -0.00862224 0.04225966
v 0.04016169 -0.00916021 0.04501352
v 0.03567189 -0.00942707 0.04637895
v 0.03330252 -0.00944621 0.04655134
v 0.05345333 -0.00958426 0.02244478
v 0.05347188 -0.00722176 0.02318106
v 0.05253868 -0.01087620 0.02580023
v 0.05216573 -0.00852756 0.02785569
v 0.05211148 -0.01134304 0.02704147
v 0.05085584 -0.01254007 0.03003099
v 0.04972288 -0.01016188 0.03337051
v 0.04870329 -0.01407441 0.03398922
v 0.05346346 -0.00492327 0.02377753
v 0.05215265 -0.00579965 0.02854967
v 0.04973035 -0.00683434 0.03415400
v 0.03289121 -0.05084645 -0.00057616
v 0.03404307 -0.05021958 0.00274410
v 0.04571732 -0.04450603 -0.00482550
v 0.04601598 -0.04407918 -0.00278086
v 0.04438473 -0.04620609 -0.00452895
v 0.04466877 -0.04581504 -0.00219331
v 0.04231904 -0.04811675 -0.00404994
v 0.04278069 -0.04759231 -0.00162299
v 0.03937030 -0.04985877 -0.00349029
v 0.03995259 -0.04935575 -0.00112144
v 0.03619819 -0.05084973 -0.00301282
v 0.03686919 -0.05043021 -0.00074367
v 0.03386126 -0.05111480 -0.00272784
v 0.03439888 -0.05080455 -0.00060646
v 0.04575593 -0.04427614 -0.00041303
v 0.00942732 0.03956160 -0.07060878
v 0.01385133 0.03838904 -0.07084786
v 0.00499806 0.04029508 -0.07035515
v 0.01808394 0.03681359 -0.07106663
v 0.04721611 -0.00523755 -0.07031609
v 0.04679464 -0.00075099 -0.07061394
v 0.04126161 0.01595808 -0.07112424
v 0.04313076 0.01219715 -0.07105371
v 0.04476019 0.00802720 -0.07090076
v 0.04600049 0.00366195 -0.07073547
v 0.04207809 0.01447780 -0.07091684
v 0.01587142 0.03772210 -0.07079602
v 0.01102786 0.03922087 -0.07051653
v 0.00605957 0.04019927 -0.07017985
v 0.04713268 -0.00813567 -0.07064041
v 0.00195674 -0.05381255 -0.06927977
v 0.00868696 -0.05333319 -0.06989693
v 0.02230509 -0.04936744 -0.07077803
v 0.02011377 -0.05045912 -0.07019561
v 0.01770630 -0.05125334 -0.07056087
v 0.01653227 -0.05177357 -0.06981851
v 0.01317693 -0.05254041 -0.07024126
v 0.01193799 -0.05291816 -0.06950636
v 0.00721734 -0.05357976 -0.06927060
v 0.03050011 -0.04410739 -0.07104319
v 0.02672573 -0.04711792 -0.07002680
v 0.02655459 -0.04688674 -0.07127385
v 0.02531711 -0.04788058 -0.07040091
v 0.02132911 -0.04996084 -0.07015463
v 0.03976438 -0.03336219 -0.07105322
v 0.03674619 -0.03789147 -0.07057487
v 0.03727933 -0.03703117 -0.07103279
v 0.03344138 -0.04158154 -0.07062963
v 0.03421336 -0.04065188 -0.07104033
v 0.03219320 -0.04276035 -0.07066232
v 0.02951151 -0.04503186 -0.07056631
v 0.04621933 -0.01669233 -0.07055817
v 0.04587200 -0.01865833 -0.07022627
v 0.04521440 -0.02097623 -0.07056425
v 0.04442333 -0.02369717 -0.07033224
v 0.04377661 -0.02527425 -0.07071833
v 0.04248678 -0.02856984 -0.07035145
v 0.04204993 -0.02922483 -0.07089850
v 0.04132201 -0.03085774 -0.07052449
v 0.03994375 -0.03347627 -0.07009523
v 0.04690303 -0.01220777 -0.07045232
v 0.04680960 -0.01346418 -0.07017242
v 0.04645934 -0.01579451 -0.07016958
v 0.00653990 -0.05374978 -0.05862187
v 0.00066587 -0.05383584 -0.03383657
v 0.00063158 -0.05374245 -0.03007314
v 0.00076731 -0.05388110 -0.03692014
v 0.00082453 -0.05387526 -0.03660823
v 0.00060975 -0.05376743 -0.03099942
v 0.00067868 -0.05393014 -0.04277421
v 0.00057398 -0.05393458 -0.04881466
v 0.00066205 -0.05392960 -0.04256222
v 0.00066008 -0.05392853 -0.04227214
v 0.00069357 -0.05391687 -0.04008888
v 0.05000855 -0.03526798 -0.01212816
v 0.04837259 -0.03816738 -0.01531792
v 0.04977451 -0.03374916 -0.01771870
v 0.04838284 -0.03960063 -0.00934796
v 0.04983963 -0.03687374 -0.00593896
v 0.04798353 -0.04084412 -0.00296684
v 0.00348235 -0.05386984 -0.05194726
v 0.05373167 -0.02281440 0.00379768
v 0.00213374 -0.05389176 -0.04136946
v 0.00105456 -0.05375149 -0.03059555
v 0.04644318 -0.04332065 -0.00659374
v 0.04864667 -0.03579468 0.01282434
v 0.04918538 -0.03115137 0.01924575
v 0.04757593 -0.02158161 0.03224102
v 0.04884336 -0.02642276 0.02580623
v 0.05217775 -0.01393219 0.02557955
v 0.05354296 -0.00982218 0.02180750
v 0.05302772 -0.01805249 0.01913444
v 0.05286532 -0.02760485 -0.00246014
v 0.05358936 -0.02346568 -0.00504798
v 0.05213988 -0.02851602 -0.01145243
v 0.05279753 -0.02437512 -0.01381976
v 0.05323952 -0.02022768 -0.01609015
v 0.05348477 -0.01608246 -0.01837106
v 0.05012311 -0.01787741 0.02914105
v 0.05128797 -0.02232886 0.02254951
v 0.05155386 -0.02687564 0.01603309
v 0.05104224 -0.03154649 0.00972020
v 0.04741554 -0.04027304 0.00656009
v 0.04984529 -0.03632417 0.00342676
v 0.05316507 -0.02247428 0.01282337
v 0.05273321 -0.02708767 0.00663972
v 0.05166905 -0.03197468 0.00036096
v 0.04397211 -0.04504895 -0.01584259
v 0.04647809 -0.04234878 -0.01263021
v 0.05122400 -0.03262939 -0.00879882
v 0.05072549 -0.02942672 -0.01989919
v 0.04624010 -0.04111086 -0.01838453
v -0.00000007 0.02673166 -0.11394752
v 0.00852785 0.02560514 -0.11395124
v 0.01639625 0.02229000 -0.11400194
v 0.02323959 0.01698106 -0.11404576
v 0.02851362 0.01018093 -0.11400360
v 0.03180181 0.00228954 -0.11398564
v 0.03290839 -0.00622861 -0.11400001
v 0.03175320 -0.01470757 -0.11403739
v 0.02841307 -0.02258495 -0.11410541
v 0.02314378 -0.02935134 -0.11416276
v 0.01633443 -0.03457399 -0.11416447
v 0.00842791 -0.03792058 -0.11410258
v -0.00000003 -0.03908241 -0.11405410
v -0.00842756 -0.03792055 -0.11410266
v -0.01633496 -0.03457382 -0.11416437
v -0.02314421 -0.02935167 -0.11416233
v -0.02841373 -0.02258527 -0.11410482
v -0.03175405 -0.01470776 -0.11403669
v -0.03290920 -0.00622860 -0.11399935
v -0.03180251 0.00228970 -0.11398505
v -0.02851419 0.01018094 -0.11400318
v -0.02323976 0.01698119 -0.11404559
v -0.01639631 0.02229026 -0.11400172
v -0.00852799 0.02560521 -0.11395114
v 0.03244616 -0.01385844 0.04531403
v 0.00000271 0.02948761 0.03676832
v 0.00000269 0.04336947 0.01805493
v 0.00000267 0.04681094 -0.00310481
v 0.00000268 0.04672162 0.00438210
v 0.00000268 0.04557336 0.01125078
v 0.00000270 0.03503602 0.03143471
v 0.00000270 0.03948548 0.02556172
v 0.00000269 0.04064606 0.02364400
v 0.00000271 0.02248349 0.04152006
v 0.00000273 0.01489873 0.04487260
v 0.00000273 0.00757360 0.04673727
v 0.00000273 0.00468864 0.04712805
v 0.00000274 -0.01792748 0.04405926
v 0.00000274 -0.01385852 0.04531411
v 0.00000274 -0.01012763 0.04640605
v -0.03244046 -0.01385860 0.04531418
v 0.05409217 -0.00151422 0.02012191
v 0.05410627 -0.00395391 0.01968892
v 0.05410407 -0.00650912 0.01908014
v 0.05410242 -0.00780998 0.01866793
v 0.05410240 -0.00790781 0.01862917
v 0.05410234 -0.00792168 0.01862417
v 0.05410232 -0.00795264 0.01861170
v 0.05410205 -0.00808204 0.01856100
v 0.05410297 -0.00858477 0.01832990
v 0.05410513 -0.01018741 0.01745407
v 0.05410507 -0.01171489 0.01655094
v 0.05411450 -0.01305223 0.01537319
v 0.05411051 -0.01507742 0.01350145
v 0.05410284 -0.01641858 0.01205248
v 0.05409626 -0.01714733 0.01111973
v 0.05410346 -0.01781069 0.00989036
v 0.05411000 -0.01869289 0.00789078
v 0.05408550 -0.01962110 0.00612497
v 0.05410647 -0.01990255 0.00414333
v 0.05411498 -0.02019114 0.00139712
v 0.05411246 -0.02028429 -0.00056477
v 0.05410911 -0.02011661 -0.00253202
v 0.05409894 -0.01965501 -0.00526294
v 0.05409641 -0.01908606 -0.00715943
v 0.05411340 -0.01809543 -0.00888744
v 0.05411183 -0.01685335 -0.01105365
v 0.05409990 -0.01615310 -0.01225276
v 0.05409076 -0.01566798 -0.01296358
v 0.05411385 -0.01412198 -0.01422796
v 0.05411301 -0.01200909 -0.01599668
v 0.05410327 -0.01042718 -0.01717708
v 0.05410031 -0.00865831 -0.01807752
v 0.05410039 -0.00646047 -0.01894515
v 0.05409684 -0.00513853 -0.01936712
v 0.05409800 -0.00415201 -0.01956539
v 0.05409983 -0.00218484 -0.01978523
v 0.05407864 -0.00058292 -0.02008806
v 0.05407801 0.00282316 -0.01983188
v 0.05409299 0.00911038 -0.01755409
v 0.05409292 0.01029095 -0.01686364
v 0.05407853 0.01834205 -0.00735873
v 0.05409635 0.01866432 -0.00598316
v 0.05409119 0.01916144 -0.00430585
v 0.05409340 0.01941504 -0.00294360
v 0.05409734 0.01950902 -0.00187871
v 0.05409822 0.01958568 -0.00057754
v 0.05408727 0.01968202 0.00080456
v 0.05409437 0.01905763 0.00487298
v 0.05409021 0.01870384 0.00624550
v 0.05409213 0.01821357 0.00756737
v 0.05408915 0.01735010 0.00941746
v 0.05409341 0.01637926 0.01107353
v 0.05409910 0.01548496 0.01222550
v 0.05409339 0.01465897 0.01334023
v 0.05407930 0.01190147 0.01608340
v 0.05409110 0.00584591 0.01918144
v 0.05409709 0.00109219 0.02002618
v 0.05409262 0.00396777 0.01964560
v 0.05490557 -0.00587226 -0.00707649
v 0.05497329 -0.00340741 -0.00323841
v 0.05497329 -0.00283351 -0.00367477
v 0.05490557 -0.00695463 -0.00610609
v 0.05497329 -0.00390615 -0.00271298
v 0.05497329 -0.00431141 -0.00211825
v 0.05490558 -0.00786661 -0.00497595
v 0.05497329 -0.00405074 0.00272568
v 0.05497329 -0.00443130 0.00209527
v 0.05490557 -0.00813373 0.00475956
v 0.05497329 -0.00356501 0.00329234
v 0.05490557 -0.00725950 0.00596785
v 0.05497329 -0.00300870 0.00375881
v 0.05490557 -0.00620808 0.00701001
v 0.05497329 -0.00239341 0.00412495
v 0.05490557 -0.00502620 0.00784974
v 0.05497329 -0.00174519 0.00438309
v 0.05490558 -0.00375145 0.00847934
v 0.05435222 -0.00813803 -0.01541412
v 0.05435223 -0.00687411 -0.01598678
v 0.05435255 -0.00585028 -0.01634870
v 0.05435221 -0.00492921 -0.01664428
v 0.05435268 -0.00448582 -0.01674729
v 0.05460868 -0.00529665 -0.01360567
v 0.05460881 -0.00323210 -0.01417335
v 0.05423666 -0.00266056 -0.01837650
v 0.05422851 -0.00206134 -0.01857370
v 0.05421966 -0.00065257 -0.01878470
v 0.05421810 -0.00035926 -0.01879797
v 0.05422001 0.00098007 -0.01869080
v 0.05447022 -0.00246228 -0.01587049
v 0.05448120 -0.00131838 -0.01596051
v 0.05435230 -0.01271346 -0.01209741
v 0.05435229 -0.01170463 -0.01306024
v 0.05476000 -0.00829821 -0.00869717
v 0.05475987 -0.00770445 -0.00915470
v 0.05475987 -0.00881989 -0.00815467
v 0.05435227 -0.01076458 -0.01377766
v 0.05435214 -0.00965894 -0.01457384
v 0.05435279 -0.00910625 -0.01488778
v 0.05476000 -0.00678651 -0.00984663
v 0.05460871 -0.00730033 -0.01271390
v 0.05460858 -0.00921820 -0.01147756
v 0.05435252 -0.01410174 -0.01054277
v 0.05435225 -0.01390893 -0.01079384
v 0.05435275 -0.01350924 -0.01125206
v 0.05476000 -0.00961215 -0.00731295
v 0.05475987 -0.01003737 -0.00669749
v 0.05460871 -0.01096302 -0.00991090
v 0.05435227 -0.01600378 -0.00743823
v 0.05435231 -0.01537025 -0.00867815
v 0.05435262 -0.01474001 -0.00960558
v 0.05476000 -0.01067980 -0.00574617
v 0.05460848 -0.01243652 -0.00808977
v 0.05435215 -0.01729448 0.00397854
v 0.05435218 -0.01757197 0.00263233
v 0.05435192 -0.01766519 0.00178559
v 0.05435205 -0.01775175 0.00043476
v 0.05460849 -0.01490418 0.00162468
v 0.05435247 -0.01774329 -0.00036903
v 0.05435224 -0.01772306 -0.00100005
v 0.05435204 -0.01754735 -0.00234344
v 0.05460856 -0.01498406 0.00001661
v 0.05435225 -0.01739740 -0.00341827
v 0.05435219 -0.01703061 -0.00474788
v 0.05460826 -0.01484221 -0.00183869
v 0.05435241 -0.01671807 -0.00580693
v 0.05435260 -0.01648082 -0.00641277
v 0.05460860 -0.01358204 -0.00608310
v 0.05460842 -0.01438469 -0.00397240
v 0.05435286 -0.01548839 0.00863186
v 0.05435222 -0.01590423 0.00790327
v 0.05435219 -0.01644147 0.00664815
v 0.05475987 -0.01060518 0.00601170
v 0.05476000 -0.01099544 0.00535565
v 0.05435246 -0.01685019 0.00562766
v 0.05435251 -0.01704323 0.00501119
v 0.05460855 -0.01456972 0.00348195
v 0.05460848 -0.01390404 0.00555800
v 0.05435266 -0.01417777 0.01063987
v 0.05435229 -0.01455932 0.01013592
v 0.05435289 -0.01488865 0.00962476
v 0.05476000 -0.00999302 0.00701606
v 0.05475986 -0.00949232 0.00760810
v 0.05460875 -0.01286427 0.00761480
v 0.05435257 -0.01012943 0.01446065
v 0.05435224 -0.01051337 0.01420040
v 0.05435226 -0.01155621 0.01333906
v 0.05475987 -0.00782856 0.00925721
v 0.05476000 -0.00724782 0.00973775
v 0.05435229 -0.01246537 0.01257257
v 0.05435236 -0.01340346 0.01154898
v 0.05476000 -0.00871361 0.00850866
v 0.05460865 -0.01145531 0.00956452
v 0.05460840 -0.00976159 0.01124823
v 0.05435323 -0.00726348 0.01600790
v 0.05435321 -0.00735843 0.01597032
v 0.05435314 -0.00736366 0.01596899
v 0.05435308 -0.00737304 0.01596589
v 0.05435299 -0.00740253 0.01595499
v 0.05435262 -0.00751995 0.01591029
v 0.05435212 -0.00796692 0.01571446
v 0.05435225 -0.00915062 0.01504775
v 0.05475987 -0.00626797 0.01032641
v 0.05476000 -0.00562685 0.01070241
v 0.05475988 -0.00495427 0.01097516
v 0.05460856 -0.00785356 0.01260127
v 0.05435236 -0.00504274 0.01680831
v 0.05435236 -0.00624439 0.01642286
v 0.05476000 -0.00391915 0.01138252
v 0.05460872 -0.00579630 0.01361499
v 0.05435260 -0.00397900 0.01705143
v 0.05475989 -0.00287398 0.01162726
v 0.05460866 -0.00367607 0.01428057
v 0.05497329 -0.00108912 0.00453393
v 0.05490558 -0.00243680 0.00889145
v 0.05476000 -0.00219296 0.01177959
v 0.05497317 -0.00041347 0.00458831
v 0.05475842 -0.00142928 0.01186692
v 0.05490546 -0.00109561 0.00909816
v 0.05421904 -0.00040003 0.01899561
v 0.05422612 -0.00158905 0.01886311
v 0.05423457 -0.00293346 0.01853645
v 0.05421985 0.00109676 0.01887793
v 0.05448185 -0.00151844 0.01612779
v 0.05497329 -0.00160172 -0.00422290
v 0.05476000 -0.00354102 -0.01129095
v 0.05497329 -0.00096188 -0.00434926
v 0.05475989 -0.00287541 -0.01142639
v 0.05476000 -0.00185717 -0.01162365
v 0.05490558 -0.00216184 -0.00874933
v 0.05475882 -0.00122894 -0.01168424
v 0.05489927 -0.00097548 -0.00906963
v 0.05497329 -0.00041196 -0.00438268
v 0.05490910 -0.00095801 -0.00879198
v 0.05490413 -0.00040834 -0.00898384
v 0.05490558 -0.00468386 -0.00784379
v 0.05497329 -0.00222958 -0.00399927
v 0.05476000 -0.00519527 -0.01070174
v 0.05475989 -0.00419414 -0.01106270
v 0.05475988 -0.00616002 -0.01018831
v 0.05490558 -0.00344151 -0.00839637
v 0.05497329 -0.00484102 0.00082090
v 0.05476000 -0.01207491 0.00199952
v 0.05475994 -0.01216218 0.00119563
v 0.05475989 -0.01183540 0.00301759
v 0.05497329 -0.00489387 0.00031945
v 0.05476000 -0.01221442 0.00067662
v 0.05490560 -0.00939576 0.00104537
v 0.05497329 -0.00468798 0.00146097
v 0.05490558 -0.00877613 0.00348349
v 0.05475988 -0.01126698 0.00469655
v 0.05476000 -0.01167194 0.00368415
v 0.05490558 -0.00918925 0.00219679
v 0.05497329 -0.00489092 -0.00017095
v 0.05475994 -0.01221373 0.00016861
v 0.05476000 -0.01220657 -0.00061772
v 0.05490560 -0.00944583 0.00004872
v 0.05497329 -0.00480338 -0.00082086
v 0.05475989 -0.01211998 -0.00128804
v 0.05476000 -0.01197596 -0.00232829
v 0.05490558 -0.00935577 -0.00110098
v 0.05497329 -0.00461098 -0.00148050
v 0.05490558 -0.00857749 -0.00373256
v 0.05475988 -0.01099554 -0.00508496
v 0.05475988 -0.01178056 -0.00301376
v 0.05476000 -0.01146909 -0.00406598
v 0.05490558 -0.00907360 -0.00242365
v 0.05497317 0.00111917 0.00431776
v 0.05497317 0.00036362 0.00452017
v 0.05475401 -0.00056513 0.01186829
v 0.05490438 0.00037273 0.00911200
v 0.05490254 0.00193805 0.00888548
v 0.05497317 0.00182805 0.00398722
v 0.05490254 0.00342766 0.00834336
v 0.05497317 0.00246879 0.00353861
v 0.05490254 0.00480053 0.00755079
v 0.05497317 0.00302189 0.00298553
v 0.05490254 0.00601491 0.00653187
v 0.05497317 0.00347055 0.00234482
v 0.05490254 0.00703393 0.00531753
v 0.05497317 0.00380114 0.00163593
v 0.05490254 0.00782657 0.00394472
v 0.05497317 0.00400361 0.00088042
v 0.05490254 0.00836881 0.00245510
v 0.05497317 0.00407180 0.00010123
v 0.05490254 0.00864413 0.00089401
v 0.05497317 0.00400366 -0.00067798
v 0.05490254 0.00864418 -0.00069125
v 0.05497317 0.00380125 -0.00143350
v 0.05490254 0.00836897 -0.00225237
v 0.05497317 0.00347070 -0.00214243
v 0.05490254 0.00782684 -0.00374202
v 0.05497317 0.00302209 -0.00278315
v 0.05490254 0.00703426 -0.00511491
v 0.05497317 0.00246903 -0.00333625
v 0.05490254 0.00601537 -0.00632926
v 0.05497317 0.00182832 -0.00378492
v 0.05490254 0.00480102 -0.00734829
v 0.05497317 0.00111944 -0.00411551
v 0.05490254 0.00342823 -0.00814094
v 0.05497317 0.00036458 -0.00431785
v 0.05475447 -0.00035529 -0.01168295
v 0.05489819 0.00038626 -0.00905904
v 0.05490896 0.00036122 -0.00876187
v 0.05490254 0.00193861 -0.00868317
v 0.05422022 0.00399962 0.01843152
v 0.05421943 0.00262131 0.01874515
v 0.05449700 0.00011718 0.01579990
v 0.05435845 0.00111046 0.01754532
v 0.05463537 0.00195265 0.01323225
v 0.05422093 0.00728100 0.01729507
v 0.05421913 0.00602021 0.01786493
v 0.05422129 0.00543985 0.01803491
v 0.05463546 0.00414770 0.01263945
v 0.05463524 0.00335185 0.01285975
v 0.05463524 0.00489897 0.01229670
v 0.05436573 0.00409458 0.01693497
v 0.05422032 0.00987493 0.01590751
v 0.05421962 0.00865821 0.01666407
v 0.05463546 0.00625563 0.01165659
v 0.05463524 0.00693598 0.01118859
v 0.05436538 0.00695101 0.01589985
v 0.05421964 0.01267284 0.01366930
v 0.05421852 0.01168797 0.01461578
v 0.05422108 0.01109205 0.01504657
v 0.05463546 0.00816086 0.01032262
v 0.05463524 0.00874961 0.00974358
v 0.05436587 0.00957916 0.01437586
v 0.05422086 0.01462925 0.01147143
v 0.05421849 0.01407319 0.01223611
v 0.05422008 0.01372214 0.01261320
v 0.05463546 0.00980553 0.00867806
v 0.05436544 0.01190973 0.01242709
v 0.05422010 0.01644384 0.00855103
v 0.05421866 0.01580756 0.00979013
v 0.05422161 0.01546993 0.01025870
v 0.05463524 0.01067159 0.00745321
v 0.05463546 0.01113962 0.00677290
v 0.05436590 0.01385845 0.01009646
v 0.05422109 0.01756576 0.00579850
v 0.05421916 0.01734002 0.00655921
v 0.05422122 0.01706729 0.00718883
v 0.05463524 0.01177982 0.00541630
v 0.05463546 0.01212263 0.00466503
v 0.05436579 0.01537835 0.00746649
v 0.05422056 0.01830987 0.00231380
v 0.05421894 0.01812803 0.00371772
v 0.05422197 0.01793963 0.00437247
v 0.05463524 0.01251754 0.00321785
v 0.05463546 0.01272467 0.00241849
v 0.05463524 0.01280349 0.00159650
v 0.05436589 0.01641637 0.00461175
v 0.05422029 0.01844270 -0.00061492
v 0.05421813 0.01848695 0.00010251
v 0.05422026 0.01844157 0.00083757
v 0.05463546 0.01292746 0.00010153
v 0.05436580 0.01694495 0.00162051
v 0.05422112 0.01796203 -0.00411846
v 0.05421867 0.01819204 -0.00319749
v 0.05421986 0.01825713 -0.00270155
v 0.05422161 0.01830269 -0.00207819
v 0.05463524 0.01280359 -0.00139345
v 0.05463546 0.01272483 -0.00221545
v 0.05463524 0.01251775 -0.00301483
v 0.05436578 0.01694523 -0.00141719
v 0.05422120 0.01708794 -0.00693974
v 0.05421924 0.01734107 -0.00635232
v 0.05422119 0.01757661 -0.00555442
v 0.05463546 0.01212294 -0.00446204
v 0.05463524 0.01178020 -0.00521333
v 0.05436591 0.01641641 -0.00440839
v 0.05422069 0.01090175 -0.01498209
v 0.05421911 0.01203109 -0.01410866
v 0.05463546 0.00816156 -0.01011989
v 0.05422016 0.01308626 -0.01304181
v 0.05421844 0.01411906 -0.01197943
v 0.05422092 0.01491733 -0.01082936
v 0.05463524 0.01028531 -0.00780273
v 0.05463546 0.00980610 -0.00847522
v 0.05463524 0.00922708 -0.00906396
v 0.05436524 0.01191221 -0.01222573
v 0.05421931 0.01579560 -0.00959643
v 0.05422098 0.01646162 -0.00828896
v 0.05463546 0.01114008 -0.00656999
v 0.05436573 0.01537954 -0.00726361
v 0.05436501 0.01386767 -0.00989933
v 0.05421902 0.00907505 -0.01623721
v 0.05422092 0.00844239 -0.01655856
v 0.05422094 0.00968331 -0.01583220
v 0.05463524 0.00693672 -0.01098594
v 0.05463546 0.00625641 -0.01145399
v 0.05463524 0.00551093 -0.01180919
v 0.05436586 0.00958021 -0.01417315
v 0.05422067 0.00431444 -0.01812683
v 0.05421916 0.00298249 -0.01848379
v 0.05422029 0.00246487 -0.01855729
v 0.05449596 0.00032925 -0.01563714
v 0.05435744 0.00111229 -0.01735416
v 0.05463524 0.00270135 -0.01283191
v 0.05463530 0.00196820 -0.01302735
v 0.05421949 0.00577440 -0.01774452
v 0.05422064 0.00709241 -0.01719147
v 0.05463546 0.00414853 -0.01243700
v 0.05436576 0.00695016 -0.01569309
v 0.05436498 0.00409802 -0.01674111
v 0.01597406 0.04378666 -0.03614454
v -0.01647345 0.04378662 -0.03614438
v -0.00696000 0.04004215 -0.07032215
v -0.04707036 -0.00235704 -0.07000585
v -0.05411218 -0.02009836 0.00066796
v -0.05411699 -0.01971387 0.00351644
v -0.05410185 -0.01918928 0.00634532
v -0.05414764 -0.01780256 0.00587630
v -0.05414640 -0.01758243 0.00723127
v -0.05409118 -0.01820467 0.00905275
v -0.05414904 -0.01702886 0.00560532
v -0.05414845 -0.01700878 0.00697660
v -0.05409203 -0.01672996 0.01153068
v -0.05408997 -0.01491044 0.01380047
v -0.05408506 -0.01277446 0.01581081
v -0.05409907 -0.01028076 0.01730395
v -0.05414669 -0.01026618 0.01573433
v -0.05414560 -0.00920804 0.01663081
v -0.05410707 -0.00842236 0.01818752
v -0.05069031 -0.00640153 -0.04469305
v -0.05069037 -0.00480629 -0.04491530
v -0.05410564 -0.00315868 -0.01940555
v -0.05409996 -0.00033215 -0.01965097
v -0.05068232 -0.00798966 -0.04429021
v -0.05410844 -0.00593092 -0.01879667
v -0.05067193 -0.00943311 -0.04371317
v -0.05410852 -0.00861857 -0.01781661
v -0.05414925 -0.01543752 -0.00776416
v -0.05410585 -0.01118345 -0.01645647
v -0.05409795 -0.01861822 -0.00781238
v -0.05411327 -0.01995776 -0.00221492
v -0.05414887 -0.01528151 -0.00912767
v -0.05411331 -0.01939312 -0.00504327
v -0.05410983 -0.01348464 -0.01464334
v -0.05414759 -0.01599476 -0.00954678
v -0.05414860 -0.01633749 -0.00821585
v -0.05409821 -0.01728959 -0.01034208
v -0.05414698 -0.01687892 -0.00851667
v -0.05410382 -0.01556276 -0.01262095
v -0.05414669 -0.00910516 0.01608675
v -0.05411056 -0.00661638 0.01880881
v -0.05410504 -0.00418447 0.01952180
v -0.05413636 -0.00015964 -0.01873573
v -0.05409784 0.00127082 -0.01964489
v -0.05415147 -0.00446401 0.00120927
v -0.05415009 -0.00237536 0.00754455
v -0.05414987 -0.00143244 0.00854020
v -0.05415030 -0.00078553 -0.00582426
v -0.05414934 0.00251375 0.01070035
v -0.05414920 0.00369275 0.01093177
v -0.05410314 -0.00167780 0.01986806
v -0.05414577 -0.00030373 0.01869500
v -0.05414909 0.00619105 0.01091659
v -0.05410299 0.00096609 0.01985259
v -0.05414909 0.00752714 0.01062822
v -0.05410341 0.00375834 0.01944441
v -0.05414909 0.00808848 0.01044490
v -0.05410279 0.00576519 0.01895035
v -0.05414918 0.01427807 0.00141193
v -0.05414915 0.01421826 0.00056797
v -0.05410283 0.01938137 -0.00124450
v -0.05414921 0.01420970 0.00276633
v -0.05410430 0.01935513 0.00108283
v -0.05414914 0.01414145 0.00004321
v -0.05410283 0.01923655 -0.00269224
v -0.05414913 0.01380483 -0.00129603
v -0.05410311 0.01879919 -0.00466244
v -0.05414916 0.01328204 -0.00256662
v -0.05410206 0.01790511 -0.00742493
v -0.05414910 0.00881045 0.01014933
v -0.05410276 0.00712186 0.01844401
v -0.05414912 0.01000760 0.00949136
v -0.05410401 0.00914366 0.01742261
v -0.05414912 0.01108426 0.00867927
v -0.05410197 0.01156036 0.01588908
v -0.05414910 0.01204081 0.00770907
v -0.05410308 0.01370147 0.01399058
v -0.05414910 0.01237659 0.00728909
v -0.05410271 0.01507016 0.01251912
v -0.05414911 0.01285133 0.00659557
v -0.05410265 0.01592794 0.01134218
v -0.05414915 0.01349183 0.00537445
v -0.05410409 0.01709174 0.00931109
v -0.05414919 0.01394713 0.00408523
v -0.05410275 0.01902402 0.00391250
v -0.05410253 0.01826747 0.00666881
v -0.05414938 0.01074544 -0.00570852
v -0.05414351 0.00233847 -0.01723072
v -0.05414173 0.00367663 -0.01744930
v -0.05414527 0.00103798 -0.01681750
v -0.05414651 -0.00019947 -0.01622112
v -0.05414703 -0.00136104 -0.01545024
v -0.05414049 0.00520967 -0.01745242
v -0.05414926 0.00961178 -0.00647912
v -0.05411354 0.01070189 -0.01611669
v -0.05414922 0.01259413 -0.00373300
v -0.05410325 0.01661416 -0.00999441
v -0.05414925 0.01229408 -0.00414296
v -0.05410310 0.01557126 -0.01166185
v -0.05414932 0.01175190 -0.00478073
v -0.05410484 0.01303132 -0.01441831
v -0.05410317 0.01468201 -0.01277165
v -0.05062787 0.00174858 -0.04439585
v -0.05413696 0.00395660 -0.01809404
v -0.05410636 0.00818907 -0.01763496
v -0.05409906 0.00278586 -0.01939084
v -0.05409351 0.00551817 -0.01881986
v -0.05038149 0.00412711 -0.04497782
v -0.05027489 0.00520698 -0.04502471
v -0.05023858 0.00709124 -0.04390931
v -0.04997607 0.00867909 -0.04409236
v -0.05378195 0.01383735 -0.01688081
v -0.05377722 0.01499079 -0.01585655
v -0.05351220 0.01344206 -0.01918273
v -0.05051916 0.00359642 -0.04437823
v -0.05391094 0.01168375 -0.01751668
v -0.05393294 0.01028338 -0.01827613
v -0.05390825 0.00890213 -0.01912414
v -0.05365022 0.01128799 -0.01976979
v -0.05367128 0.01300464 -0.01839922
v -0.05377623 0.00996916 0.01968558
v -0.05377908 0.01134121 0.01890571
v -0.05377429 0.01312408 0.01763719
v -0.05378035 0.01430972 0.01668657
v -0.05377525 0.01543121 0.01560127
v -0.05344306 0.01388697 0.01947899
v -0.04689974 0.01884544 -0.04546310
v -0.04576643 0.02261393 -0.04352739
v -0.04682068 0.02043623 -0.04326916
v -0.05007745 0.02810828 -0.01804642
v -0.04975060 0.03151034 -0.01300167
v -0.04788873 0.03402585 -0.01515321
v -0.04790613 0.03502772 -0.01263755
v -0.04786085 0.03301151 -0.01744254
v -0.04611411 0.03628977 -0.01695304
v -0.04975813 0.03330111 -0.00707300
v -0.04791897 0.03590733 -0.00979358
v -0.04791588 0.03656399 -0.00678454
v -0.04787328 0.03556555 -0.01127182
v -0.04609988 0.03783155 -0.01335548
v -0.04610042 0.03862255 -0.01086496
v -0.04975999 0.03406055 -0.00047788
v -0.04792401 0.03716566 -0.00143477
v -0.04792760 0.03720949 0.00162856
v -0.04788162 0.03708842 -0.00413359
v -0.04610001 0.03946077 -0.00703056
v -0.04610301 0.04005508 -0.00181091
v -0.04975845 0.03356171 0.00600525
v -0.04792257 0.03696341 0.00465564
v -0.04791049 0.03646847 0.00758574
v -0.04788282 0.03720794 0.00311441
v -0.04610791 0.04009946 0.00208000
v -0.04610821 0.03987671 0.00470403
v -0.04975017 0.03186658 0.01222946
v -0.04791418 0.03500035 0.01271589
v -0.04790952 0.03394492 0.01552952
v -0.04787707 0.03592887 0.01024768
v -0.04609237 0.03919136 0.00864530
v -0.04610817 0.03773351 0.01365985
v -0.04610956 0.03173362 0.02483780
v -0.04976221 0.02895252 0.01813267
v -0.04789350 0.02929363 0.02333133
v -0.04787918 0.02979847 0.02271342
v -0.04792371 0.03256872 0.01821613
v -0.04610423 0.03322898 0.02267770
v -0.04792259 0.03096776 0.02083995
v -0.04787462 0.03346629 0.01671273
v -0.04610394 0.03644060 0.01701001
v -0.04610259 0.03526352 0.01934455
v -0.04611736 0.02976427 0.02708779
v -0.04792418 0.02763841 0.02511324
v -0.04975041 0.02497785 0.02344277
v -0.04791459 0.02559562 0.02734924
v -0.04610680 0.02733735 0.02967633
v -0.04787721 0.02473311 0.02823966
v -0.04792218 0.02329536 0.02932612
v -0.04610413 0.02535770 0.03138764
v -0.04976098 0.02004773 0.02783335
v -0.04792056 0.02084084 0.03113705
v -0.04609985 0.02224440 0.03369204
v -0.04787384 0.01911852 0.03238629
v -0.04974638 0.01440418 0.03124309
v -0.04791995 0.01615880 0.03382163
v -0.04790782 0.01344122 0.03513014
v -0.04789154 0.01834841 0.03280133
v -0.04610505 0.02004775 0.03511498
v -0.04611775 0.01729926 0.03648908
v -0.04610610 0.00537642 0.04023338
v -0.04976155 0.00819997 0.03346416
v -0.04789399 0.00470284 0.03744523
v -0.04787439 0.00562535 0.03734432
v -0.04792209 0.01056189 0.03608724
v -0.04610108 0.00795064 0.03974506
v -0.04792100 0.00761582 0.03684926
v -0.04787554 0.01237299 0.03559943
v -0.04610566 0.01418045 0.03793267
v -0.04610253 0.01169437 0.03877596
v -0.05378187 -0.00178487 0.02218735
v -0.05378823 -0.00040802 0.02223033
v -0.05378485 0.00105772 0.02215293
v -0.05378029 0.00287191 0.02202455
v -0.05377558 0.00439640 0.02172963
v -0.05345574 0.00147494 0.02407619
v -0.05377443 0.00646861 0.02120117
v -0.05378039 0.00716064 0.02093476
v -0.05377364 0.00802806 0.02062567
v -0.05344002 0.00993744 0.02185651
v -0.05344092 0.00560881 0.02342353
v -0.05377466 0.01688297 0.01402438
v -0.05378047 0.01728776 0.01345843
v -0.05377352 0.01787642 0.01267675
v -0.05344124 0.01732808 0.01640470
v -0.05377668 0.02175826 0.00075948
v -0.05377939 0.02165861 0.00232610
v -0.05377565 0.02131781 0.00441726
v -0.05377508 0.02050794 0.00737226
v -0.05378056 0.02098434 0.00590362
v -0.05344307 0.02332577 0.00421783
v -0.05377645 0.01899404 0.01081269
v -0.05377893 0.01971535 0.00939705
v -0.05343986 0.02011889 0.01270950
v -0.05344257 0.02213125 0.00856763
v -0.05377362 0.02173929 -0.00140254
v -0.05378065 0.02162511 -0.00238205
v -0.05377484 0.02156254 -0.00306673
v -0.05344003 0.02368859 -0.00030868
v -0.05377525 0.02110501 -0.00517883
v -0.05378025 0.02068592 -0.00669710
v -0.05344128 0.02314801 -0.00491429
v -0.05377723 0.01997550 -0.00849169
v -0.05378028 0.01937244 -0.00989464
v -0.05377571 0.01861790 -0.01124326
v -0.05344717 0.02186093 -0.00904825
v -0.05377541 0.01749487 -0.01302008
v -0.05378083 0.01707731 -0.01353361
v -0.05377392 0.01648113 -0.01430505
v -0.05344032 0.01711522 -0.01644679
v -0.05344193 0.01990702 -0.01284058
v -0.04947707 0.01004220 -0.04537115
v -0.05284689 0.01727446 -0.01959319
v -0.05284650 0.01866721 -0.01811711
v -0.04610071 0.00220340 0.04050710
v -0.04789840 0.00220544 0.03763648
v -0.04974465 0.00229933 0.03452583
v -0.04788586 -0.00053059 0.03781065
v -0.05287116 -0.00045252 0.02647950
v -0.05285922 0.00153203 0.02638799
v -0.05100652 -0.00046796 0.03183872
v -0.05097391 0.00768551 0.03074473
v -0.05098259 0.00461249 0.03149524
v -0.05284981 0.00376404 0.02622558
v -0.05098869 0.00192593 0.03171744
v -0.05214457 0.00185653 0.02890027
v -0.05284578 0.01077740 0.02397740
v -0.05098313 0.01043627 0.02998674
v -0.05284576 0.00632633 0.02559340
v -0.05284998 0.00861462 0.02496923
v -0.05213090 0.00680963 0.02807534
v -0.05284994 0.01318806 0.02279641
v -0.05284582 0.01512290 0.02141262
v -0.05098282 0.01593122 0.02737537
v -0.05097394 0.01304041 0.02880060
v -0.05213092 0.01199976 0.02619100
v -0.05285008 0.01726935 0.01979272
v -0.05097447 0.02305144 0.02142308
v -0.05098306 0.02083402 0.02376618
v -0.05097387 0.01826143 0.02571776
v -0.05213091 0.01674394 0.02335370
v -0.05284599 0.01911072 0.01783680
v -0.05097437 0.02669411 0.01653120
v -0.05098387 0.02495665 0.01927969
v -0.05285025 0.02069804 0.01605997
v -0.05213132 0.02086492 0.01965791
v -0.05098321 0.02815289 0.01405901
v -0.05284586 0.02213823 0.01376873
v -0.05284591 0.02421892 0.00951505
v -0.05284995 0.02335743 0.01171441
v -0.05213113 0.02420935 0.01522029
v -0.05097543 0.03086049 0.00535548
v -0.05098334 0.03027819 0.00841509
v -0.05097435 0.02919556 0.01141774
v -0.05285011 0.02512699 0.00701467
v -0.05213113 0.02663514 0.01026168
v -0.05097530 0.03128836 -0.00061454
v -0.05098436 0.03129779 0.00260928
v -0.05285061 0.02597529 0.00218601
v -0.05284648 0.02560594 0.00446607
v -0.05213193 0.02806757 0.00504580
v -0.05097439 0.03055279 -0.00667639
v -0.05098422 0.03119121 -0.00348184
v -0.05284637 0.02596060 -0.00049852
v -0.05285044 0.02588596 -0.00288157
v -0.05213184 0.02848749 -0.00038741
v -0.05097599 0.02886804 -0.01209070
v -0.05098295 0.02991271 -0.00944704
v -0.05284591 0.02534752 -0.00553940
v -0.05284986 0.02481886 -0.00785183
v -0.05213114 0.02784900 -0.00591424
v -0.05097452 0.02623876 -0.01707029
v -0.05098276 0.02787745 -0.01440588
v -0.05284669 0.02394568 -0.01004656
v -0.05284984 0.02312776 -0.01197060
v -0.05213230 0.02633294 -0.01088079
v -0.04876199 0.01444403 -0.04399133
v -0.05097673 0.02497286 -0.01906002
v -0.05284614 0.02175509 -0.01419127
v -0.05285046 0.02047547 -0.01615205
v -0.05241410 0.01994117 -0.01910806
v -0.05213134 0.02396687 -0.01541731
v -0.01058194 -0.05334135 -0.02570360
v -0.00470379 -0.05349164 -0.02571787
v -0.01217534 -0.05326972 -0.02567245
v -0.01060506 -0.05335562 -0.02613317
v -0.01290957 -0.05324955 -0.02619740
v -0.01567253 -0.05310047 -0.02572628
v -0.01499106 -0.05313111 -0.02554726
v -0.01923132 -0.05289581 -0.02499234
v -0.02200629 -0.05271451 -0.02435071
v -0.02463792 -0.05252345 -0.02334161
v -0.02703444 -0.05233595 -0.02190008
v -0.02927806 -0.05214645 -0.02015487
v -0.03617226 -0.05077958 -0.01699944
v -0.04026503 -0.04833211 -0.01721979
v -0.04068226 -0.04835687 -0.01557171
v -0.04078089 -0.04809682 -0.01636849
v -0.03960642 -0.04931980 -0.01461846
v -0.04169108 -0.04786209 -0.01390720
v -0.04313255 -0.04669512 -0.01245244
v -0.04229307 -0.04766944 -0.01154365
v -0.04365235 -0.04673965 -0.00850835
v -0.04489167 -0.04525634 -0.00871393
v -0.04475084 -0.04565442 -0.00693390
v -0.02203596 -0.05258097 -0.01968504
v -0.02484540 -0.05243213 -0.01928603
v -0.02631087 -0.05234548 -0.01913113
v -0.02234758 -0.05250690 -0.01808933
v -0.02066015 -0.05258234 -0.01816199
v -0.02238761 -0.05251457 -0.01833255
v -0.03232649 -0.05181404 -0.01215511
v -0.03317361 -0.05175326 -0.01245160
v -0.03296519 -0.05172618 -0.01071911
v -0.03341789 -0.05152916 -0.00781088
v -0.03489306 -0.05137985 -0.00812621
v -0.03658671 -0.05100439 -0.00849438
v -0.03682751 -0.05087571 -0.00534265
v -0.02097579 -0.05238099 -0.01521571
v -0.01687109 -0.05244053 -0.01503355
v -0.03298788 -0.05154682 -0.00772249
v -0.03383664 -0.05132279 -0.00482350
v -0.04088844 -0.04895484 -0.00956233
v -0.04247580 -0.04783558 -0.00843766
v -0.04291411 -0.04761476 -0.00661040
v -0.04024420 -0.04951655 -0.00604654
v -0.03787059 -0.05036769 -0.01400212
v -0.03922493 -0.04982391 -0.01247242
v -0.03627764 -0.05112784 -0.01161727
v -0.03829312 -0.05040343 -0.00890513
v -0.03977158 -0.04966098 -0.00926150
v -0.02585980 -0.05239912 -0.02047663
v -0.02721386 -0.05230562 -0.02008555
v -0.02851186 -0.05220824 -0.01952041
v -0.02974982 -0.05210934 -0.01878249
v -0.03112787 -0.05198143 -0.01802747
v -0.03338816 -0.05162169 -0.01743245
v -0.03216234 -0.05188752 -0.01523986
v -0.03493999 -0.05127473 -0.01646701
v -0.03654009 -0.05082774 -0.01532918
v -0.03339159 -0.05173455 -0.01412310
v -0.03480577 -0.05148056 -0.01298087
v -0.03641303 -0.05100083 -0.01350579
v -0.03339557 -0.05169566 -0.01578344
v -0.04545839 0.00471019 0.04118964
v -0.04520706 0.00577153 0.04135267
v -0.04544998 0.00227222 0.04136496
v -0.03362814 0.00932143 0.04634951
v -0.03748876 0.01154780 0.04529940
v -0.03636285 0.01451248 0.04462732
v -0.03289818 0.01522350 0.04476148
v -0.03447932 0.01394585 0.04509841
v -0.03447902 0.01641719 0.04426695
v -0.03282198 0.02020490 0.04263119
v -0.03377984 0.01780097 0.04376466
v -0.03327491 0.01674750 0.04420304
v -0.03297465 0.02896866 0.03718743
v -0.03327509 0.02688964 0.03874148
v -0.03355971 0.02913473 0.03702502
v -0.03467788 0.02665985 0.03881049
v -0.03378050 0.02821943 0.03776868
v -0.03273889 0.04064636 0.02364340
v -0.00029729 0.04178246 0.02141023
v -0.03277163 0.04333649 0.01813997
v -0.03273861 0.04178239 0.02141035
v -0.03327765 0.04178053 0.02140946
v -0.03394670 0.04175132 0.02141900
v -0.03378522 0.04303259 0.01884550
v -0.03277163 0.04399010 0.01636775
v -0.03331045 0.04395503 0.01645126
v -0.03431805 0.04394270 0.01635939
v -0.03297478 0.04538959 0.01198292
v -0.03327515 0.04496238 0.01356189
v -0.03359583 0.04542786 0.01173365
v -0.03620382 0.04387273 0.01583360
v -0.03431663 0.04481110 0.01390155
v -0.03378029 0.04517103 0.01278410
v -0.00029731 0.04687030 -0.00116732
v -0.03295877 0.04686725 -0.00121168
v -0.03296586 0.04672185 -0.00412805
v -0.01699792 0.04371234 -0.03692525
v -0.03370590 0.04672062 -0.00381514
v -0.01771206 0.04366497 -0.03714934
v -0.02058083 0.04338557 -0.03762561
v -0.02190981 0.04315427 -0.03785613
v -0.03375623 0.04663645 -0.00490606
v -0.00029730 0.04658442 0.00558504
v -0.03287222 0.04658821 0.00554566
v -0.03296592 0.04595303 0.00938454
v -0.03358755 0.04591669 0.00946605
v -0.03574315 0.04561130 0.01000417
v -0.03376329 0.04637134 0.00718165
v -0.00029730 0.04676216 0.00393125
v -0.03287223 0.04674702 0.00408748
v -0.03325889 0.04686054 0.00219888
v -0.03339998 0.04661074 0.00525063
v -0.03462626 0.04656357 0.00506070
v -0.03370240 0.04683827 -0.00135311
v -0.03374919 0.04689953 0.00077131
v -0.03582707 0.04659929 -0.00210970
v -0.03643505 0.04637900 0.00397149
v -0.03461966 0.04677797 0.00246120
v -0.03362232 0.03966087 0.02522877
v -0.03394438 0.04056303 0.02373971
v -0.03583308 0.04153128 0.02144565
v -0.00029729 0.04036896 0.02412869
v -0.03297434 0.03986499 0.02495147
v -0.03273860 0.04036966 0.02412749
v -0.03327459 0.04036834 0.02412577
v -0.03377908 0.04015347 0.02445496
v -0.00029729 0.03579322 0.03054770
v -0.03287490 0.03576719 0.03057713
v -0.03296704 0.03827783 0.02728693
v -0.03355459 0.03085762 0.03554034
v -0.03572358 0.03033550 0.03575195
v -0.00029728 0.03095632 0.03548012
v -0.03296904 0.03092350 0.03550643
v -0.03376948 0.03252966 0.03406318
v -0.00029729 0.03461910 0.03190777
v -0.03287490 0.03467146 0.03184713
v -0.03340411 0.03540023 0.03098736
v -0.03448809 0.03353673 0.03298764
v -0.03326922 0.03335261 0.03326160
v -0.03567437 0.02018924 0.04243898
v -0.03467847 0.02448131 0.04024464
v -0.03655992 0.02539247 0.03928974
v -0.00029728 0.02292818 0.04127661
v -0.03282201 0.02254394 0.04148604
v -0.03378028 0.02025912 0.04258215
v -0.03335785 0.02026419 0.04259460
v -0.03327583 0.02433248 0.04042533
v -0.03378237 0.02280288 0.04132634
v -0.03289818 0.01352475 0.04529935
v -0.03297563 0.00942257 0.04635022
v -0.03378209 0.01162677 0.04585498
v -0.03343538 0.01384854 0.04518491
v -0.03297609 0.00675756 0.04686780
v -0.03275155 0.00476603 0.04712257
v -0.03748657 0.04358206 0.01573564
v -0.03747928 0.04457002 0.01287767
v -0.03742773 0.04524859 0.00993470
v -0.03738946 0.04586883 0.00696890
v -0.04016819 0.04425685 0.00972355
v -0.03732897 0.04627116 -0.00209967
v -0.03734709 0.04615900 0.00396054
v -0.03731807 0.04638869 0.00093279
v -0.04009467 0.04516485 0.00387945
v -0.03275154 0.00255956 0.04726475
v -0.03328807 0.00263492 0.04725711
v -0.03362883 0.00701504 0.04680128
v -0.03748553 0.00858268 0.04591082
v -0.03582569 0.00865822 0.04627650
v -0.03378311 0.00554380 0.04703395
v -0.04270134 0.00528013 0.04388119
v -0.04022155 0.00838893 0.04490415
v -0.03749675 0.00561399 0.04646123
v -0.04545788 0.03770014 0.01629654
v -0.04544960 0.03855095 0.01396441
v -0.04509868 0.03753661 0.01771733
v -0.04544774 0.04002088 0.00883701
v -0.04545783 0.03942512 0.01142678
v -0.04268725 0.04207134 0.01217579
v -0.04414496 0.03995235 0.01444761
v -0.04545437 0.04054707 0.00633236
v -0.04505409 0.04123149 0.00471354
v -0.04264092 0.04273187 0.00940917
v -0.04261589 0.04333476 0.00660314
v -0.04413301 0.04148099 0.00913652
v -0.04545232 0.04102580 0.00069136
v -0.04505279 0.04143665 0.00230465
v -0.04257676 0.04362696 0.00376466
v -0.04255952 0.04385625 0.00088990
v -0.04364924 0.04275849 0.00368846
v -0.03748293 0.04120307 0.02127209
v -0.03747187 0.03980865 0.02395749
v -0.03743238 0.03813642 0.02647282
v -0.03740631 0.03440619 0.03124255
v -0.04017300 0.03729952 0.02589881
v -0.04545610 0.03204254 0.02584576
v -0.04528625 0.03273783 0.02528981
v -0.04264504 0.03602078 0.02500880
v -0.04263001 0.03438796 0.02737753
v -0.04544863 0.03041467 0.02768819
v -0.04545668 0.02873930 0.02953205
v -0.04511020 0.02807121 0.03074169
v -0.04411465 0.03154846 0.02868413
v -0.03748047 0.02777169 0.03741219
v -0.03747857 0.02526179 0.03909850
v -0.04265437 0.02839201 0.03352683
v -0.03749091 0.02272214 0.04073218
v -0.04021524 0.02470121 0.03824176
v -0.04524766 0.02081809 0.03595504
v -0.04544973 0.01769869 0.03727934
v -0.04545690 0.01987848 0.03620111
v -0.04269501 0.02143703 0.03847383
v -0.04545768 0.01544260 0.03835772
v -0.04512797 0.01443861 0.03918124
v -0.04267888 0.01359403 0.04191706
v -0.04267920 0.01889382 0.03975086
v -0.04413923 0.01833705 0.03862320
v -0.04550656 0.03702394 -0.01730037
v -0.04554750 0.03606265 -0.01924683
v -0.04545431 0.03814137 -0.01501757
v -0.04506733 0.03912793 -0.01365645
v -0.04269707 0.04089575 -0.01547372
v -0.04517558 0.03740891 -0.01746019
v -0.02220034 0.04270308 -0.04009849
v -0.02393865 0.04228299 -0.04039673
v -0.03660039 0.04577302 -0.00813389
v -0.02722512 0.04120205 -0.04086797
v -0.04166877 0.04233505 -0.01340242
v -0.03744431 0.04513390 -0.01048566
v -0.04545404 0.03983871 -0.00967306
v -0.04506694 0.03985678 -0.01136277
v -0.04544501 0.04031034 -0.00719542
v -0.04267090 0.04164300 -0.01319508
v -0.04370469 0.04083092 -0.01293280
v -0.04266175 0.04249142 -0.01046404
v -0.04544394 0.04092325 -0.00186529
v -0.04545281 0.04076415 -0.00453327
v -0.04408708 0.04245124 -0.00192315
v -0.04261381 0.04305577 -0.00767404
v -0.04412022 0.04178878 -0.00744477
v -0.03735362 0.04609298 -0.00511816
v -0.04007817 0.04527874 -0.00205202
v -0.04256212 0.04374094 -0.00199000
v -0.03739432 0.04557681 -0.00810731
v -0.04013738 0.04458478 -0.00793295
v -0.04258711 0.04356150 -0.00484221
v -0.03750792 0.04253953 0.01856675
v -0.04022237 0.04261610 0.01539063
v -0.04270912 0.04014586 0.01753652
v -0.04268726 0.04113528 0.01487494
v -0.04021908 0.04028926 0.02080779
v -0.04528262 0.03410363 0.02329954
v -0.04545935 0.03518060 0.02127646
v -0.04509690 0.03645006 0.01986559
v -0.04374071 0.03811424 0.01969551
v -0.04268162 0.03758276 0.02262863
v -0.04393971 0.03511885 0.02439694
v -0.04268447 0.03889737 0.02008737
v -0.03361550 0.03831313 0.02720077
v -0.03577805 0.03843364 0.02668508
v -0.03376608 0.03687173 0.02923457
v -0.03634112 0.03460017 0.03141058
v -0.03448614 0.03527749 0.03104653
v -0.03740625 0.03640574 0.02896436
v -0.03744373 0.03008417 0.03547082
v -0.03742051 0.03236654 0.03347427
v -0.04014941 0.03365596 0.03056764
v -0.04262459 0.03249213 0.02953844
v -0.04264182 0.03056083 0.03164165
v -0.04018355 0.02941969 0.03470077
v -0.04510866 0.02624630 0.03231370
v -0.04545778 0.02450782 0.03317993
v -0.04524289 0.02283520 0.03463842
v -0.04374443 0.02780732 0.03284105
v -0.04268849 0.02620381 0.03534363
v -0.04268068 0.02383274 0.03693836
v -0.04390193 0.02327413 0.03607586
v -0.04021269 0.01409979 0.04339921
v -0.03747585 0.01442212 0.04437042
v -0.03747712 0.01728466 0.04338138
v -0.03747692 0.02002059 0.04208217
v -0.04021379 0.01957060 0.04116280
v -0.04268570 0.01630349 0.04097976
v -0.04520272 0.00813798 0.04089612
v -0.04545870 0.01015499 0.04013971
v -0.04512534 0.01215191 0.03995146
v -0.04385727 0.00789831 0.04240280
v -0.04269439 0.01088312 0.04278742
v -0.04268666 0.00807921 0.04336722
v -0.04376555 0.01331470 0.04105918
v -0.03378121 0.00263467 0.04724221
v -0.03378110 -0.00064141 0.04740782
v -0.03567748 0.00262398 0.04708285
v -0.03748237 0.00260280 0.04668771
v -0.04021807 0.00253417 0.04566582
v -0.03748178 -0.00063360 0.04685255
v -0.04545725 -0.00055558 0.04151045
v -0.04414150 0.00235408 0.04284826
v -0.04268379 0.00244232 0.04410145
v -0.04268777 -0.00059473 0.04425832
v -0.04267546 -0.03994064 0.02140984
v -0.04414574 -0.04022659 0.01814915
v -0.04599901 -0.04229093 0.00709696
v -0.04561483 -0.04278325 0.00725818
v -0.04572625 -0.04344229 0.00449414
v -0.04547036 -0.04015905 0.01497431
v -0.04605685 -0.04047111 0.01210447
v -0.04414173 -0.04259154 0.01296257
v -0.04548522 -0.04214790 0.00989364
v -0.04479755 -0.04373680 0.00756760
v -0.04547173 -0.04119082 0.01238709
v -0.04545859 -0.03763961 0.01987808
v -0.04545846 -0.03891242 0.01744151
v -0.04605802 -0.03820991 0.01707841
v -0.04504161 -0.03706048 0.02172969
v -0.04608233 -0.03601537 0.02090075
v -0.04608122 -0.03442073 0.02324417
v -0.04605720 -0.03183652 0.02638646
v -0.04266199 -0.03827154 0.02391537
v -0.04366412 -0.03759157 0.02345141
v -0.04503358 -0.03559109 0.02390356
v -0.04544731 -0.03243945 0.02691644
v -0.04545582 -0.03424411 0.02486244
v -0.04543616 -0.02125363 0.03597694
v -0.04602584 -0.01952444 0.03601028
v -0.04503005 -0.01997147 0.03719590
v -0.04365376 -0.01936483 0.03903934
v -0.04503825 -0.01760833 0.03831021
v -0.04601600 -0.01698474 0.03723408
v -0.04545048 -0.01567654 0.03859898
v -0.04266615 -0.04478451 0.01084551
v -0.04021367 -0.04272950 0.01947081
v -0.04267770 -0.04134904 0.01873463
v -0.04269933 -0.04266266 0.01613215
v -0.04267397 -0.04376309 0.01343836
v -0.04020546 -0.04522025 0.01401300
v -0.04019663 -0.03955281 0.02480665
v -0.04266854 -0.03650884 0.02645199
v -0.03746132 -0.03853781 0.02805535
v -0.04545717 -0.03045759 0.02908816
v -0.04412920 -0.03354091 0.02792683
v -0.04267068 -0.03447831 0.02876028
v -0.04020781 -0.03563527 0.02981060
v -0.03747157 -0.03639602 0.03049367
v -0.04269286 -0.03236884 0.03105927
v -0.04265223 -0.02505956 0.03681098
v -0.04021197 -0.03103270 0.03430318
v -0.04264575 -0.01971255 0.03978793
v -0.04266199 -0.01679233 0.04112602
v -0.04264670 -0.02246913 0.03845098
v -0.04018610 -0.02589173 0.03812853
v -0.04017477 -0.02038757 0.04119287
v -0.04543588 -0.02358606 0.03449188
v -0.04411973 -0.02437622 0.03575355
v -0.04413529 -0.02921126 0.03214906
v -0.04267485 -0.03002881 0.03310462
v -0.04267607 -0.02764228 0.03510178
v -0.04601378 -0.02777306 0.03044462
v -0.04581081 -0.02331881 0.03409348
v -0.04544536 -0.02826189 0.03100589
v -0.04544998 -0.02601221 0.03288866
v -0.04416074 -0.04522868 0.00487650
v -0.04346829 -0.04499690 0.00796811
v -0.04218534 -0.04595907 0.00827594
v -0.04021896 -0.04710199 0.00858910
v -0.04176930 -0.04710543 0.00540330
v -0.03805452 -0.04792538 0.00886201
v -0.03857493 -0.04863543 0.00584744
v -0.03746825 -0.04215388 0.02275343
v -0.03745877 -0.04039328 0.02538533
v -0.03647073 -0.04058907 0.02553272
v -0.03747604 -0.04363548 0.01994924
v -0.03746681 -0.04616784 0.01439743
v -0.03749846 -0.04502241 0.01722515
v -0.03566921 -0.04397970 0.02014310
v -0.03353178 -0.04807721 0.01086721
v -0.03745186 -0.04722574 0.01170163
v -0.03655650 -0.04830213 0.00897766
v -0.03567076 -0.04653212 0.01454386
v -0.03345662 -0.04879622 0.00850562
v -0.03574523 -0.04931068 0.00608888
v -0.03489895 -0.04855250 0.00902912
v -0.03744227 -0.02371462 0.04070292
v -0.03747307 -0.02917690 0.03718664
v -0.03745360 -0.02644030 0.03898426
v -0.03565678 -0.02664634 0.03931618
v -0.03667977 -0.03654183 0.03063512
v -0.03749109 -0.03417593 0.03292494
v -0.03747845 -0.03169414 0.03508346
v -0.03668954 -0.03181953 0.03524261
v -0.03744936 -0.01772103 0.04353545
v -0.03744083 -0.02081851 0.04211021
v -0.03565451 -0.02098668 0.04245926
v -0.03292185 -0.04882698 0.00844835
v -0.03364169 -0.04944863 0.00627154
v -0.03296640 -0.04803338 0.01106188
v -0.03377273 -0.04667779 0.01460896
v -0.03377318 -0.04772452 0.01193491
v -0.03377845 -0.04411625 0.02022553
v -0.03378471 -0.04552439 0.01747530
v -0.03326451 -0.04668796 0.01462333
v -0.03376865 -0.04276519 0.02280109
v -0.03326039 -0.04412403 0.02024257
v -0.03459738 -0.04031134 0.02644418
v -0.03461103 -0.04188796 0.02412440
v -0.03327610 -0.04209759 0.02392213
v -0.03377215 -0.03901523 0.02833784
v -0.03326251 -0.04028030 0.02660402
v -0.03480669 -0.03769118 0.02982133
v -0.03479984 -0.03579783 0.03194255
v -0.03327643 -0.03789966 0.02971200
v -0.03274253 -0.01792721 0.04405935
v -0.03278587 -0.01385459 0.04531520
v -0.03377269 -0.02105256 0.04260129
v -0.03377532 -0.01791727 0.04404504
v -0.03273895 -0.02105982 0.04261651
v -0.03376983 -0.02397662 0.04118066
v -0.03327219 -0.02105878 0.04261470
v -0.03377571 -0.02672911 0.03944978
v -0.03377927 -0.02929197 0.03778707
v -0.03326714 -0.02673544 0.03946343
v -0.03481505 -0.03085771 0.03647654
v -0.03482319 -0.03302939 0.03462876
v -0.03327061 -0.03071158 0.03670774
v -0.03378119 -0.03454121 0.03334894
v -0.03326959 -0.03569123 0.03218274
v -0.03327878 -0.03324940 0.03455269
v -0.04608716 -0.00430001 0.04033988
v -0.04543674 -0.00436233 0.04119520
v -0.04600116 -0.01194033 0.03897420
v -0.04412291 -0.00452553 0.04267297
v -0.04412045 -0.01257441 0.04110693
v -0.04543444 -0.01213169 0.03968848
v -0.04545487 -0.00832675 0.04074739
v -0.04020006 -0.00479589 0.04547317
v -0.04266387 -0.00465797 0.04391877
v -0.04265128 -0.01292272 0.04231776
v -0.04018552 -0.01337902 0.04380682
v -0.04268868 -0.00885235 0.04344164
v -0.03567117 -0.00493124 0.04687818
v -0.03746714 -0.00489889 0.04648711
v -0.03745113 -0.01366480 0.04478207
v -0.03565455 -0.01378202 0.04515410
v -0.03748355 -0.00935017 0.04598875
v -0.03278391 -0.01009833 0.04641218
v -0.03327417 -0.00494778 0.04705123
v -0.03377905 -0.00494723 0.04703618
v -0.03377612 -0.01382600 0.04530419
v -0.03331692 -0.01383100 0.04531736
v -0.03378090 -0.00945755 0.04653429
v -0.05378713 -0.00633805 0.02142576
v -0.05378969 -0.00525542 0.02167238
v -0.05378517 -0.00392608 0.02195888
v -0.05345658 -0.00270188 0.02400591
v -0.05286705 -0.00276724 0.02628607
v -0.05346405 -0.00611057 0.02346655
v -0.04744647 -0.01631891 0.03514144
v -0.04738485 -0.01465035 0.03596612
v -0.04741816 -0.01113419 0.03696895
v -0.04784374 -0.00939882 0.03675500
v -0.04917751 -0.01209403 0.03376461
v -0.05287039 -0.00776379 0.02543455
v -0.05100452 -0.00920753 0.03059530
v -0.04786898 -0.00379671 0.03754763
v -0.04973472 -0.00370340 0.03445306
v -0.04788252 -0.00742147 0.03715478
v -0.04974371 -0.00860604 0.03370205
v -0.05100382 -0.00783547 0.03093178
v -0.04997185 -0.01330093 0.03161267
v -0.05049407 -0.01117275 0.03130002
v -0.05162700 -0.01036347 0.02874273
v -0.05307443 -0.00883980 0.02434645
v -0.05245230 -0.00959843 0.02651982
v -0.05192877 -0.01148982 0.02739403
v -0.05384811 -0.01063796 0.01922532
v -0.05388414 -0.00922265 0.01977842
v -0.05389842 -0.00844625 0.02002099
v -0.05388507 -0.00718532 0.02053692
v -0.05365093 -0.00794532 0.02187253
v -0.05099748 -0.00324861 0.03161337
v -0.05215505 -0.00316050 0.02879258
v -0.05287001 -0.00658120 0.02572446
v -0.05287083 -0.00533096 0.02601638
v -0.05215952 -0.00725710 0.02816985
v -0.05100563 -0.00630450 0.03128611
v -0.03557094 -0.04976020 0.00405747
v -0.03448726 -0.04985503 0.00427731
v -0.03319608 -0.04987618 0.00445736
v -0.03298091 -0.05055677 0.00107968
v -0.04540283 -0.04487199 -0.00591806
v -0.04588594 -0.04426019 -0.00384014
v -0.04414391 -0.04643562 -0.00559708
v -0.04499766 -0.04540919 -0.00582311
v -0.04522526 -0.04516615 -0.00475434
v -0.04324526 -0.04733493 -0.00537814
v -0.04201347 -0.04836049 -0.00509296
v -0.04352841 -0.04707523 -0.00432281
v -0.03900626 -0.05007417 -0.00450105
v -0.04063738 -0.04925715 -0.00481243
v -0.04097487 -0.04901599 -0.00378054
v -0.03579671 -0.05101134 -0.00398357
v -0.03725113 -0.05067982 -0.00420651
v -0.03763241 -0.05048970 -0.00321332
v -0.03428027 -0.05119203 -0.00378021
v -0.03345300 -0.05123071 -0.00368843
v -0.03302591 -0.05099686 -0.00168191
v -0.03469597 -0.05105712 -0.00282609
v -0.04420484 -0.04576605 0.00143562
v -0.04537405 -0.04496676 -0.00369550
v -0.04551500 -0.04476588 -0.00262574
v -0.04456858 -0.04596808 -0.00347050
v -0.04405341 -0.04591419 0.00147355
v -0.04289289 -0.04694006 0.00173079
v -0.04372299 -0.04684690 -0.00326483
v -0.04255589 -0.04786637 -0.00300024
v -0.04393319 -0.04656377 -0.00187880
v -0.04164616 -0.04781744 0.00196028
v -0.04009871 -0.04868458 0.00219752
v -0.03843346 -0.04935732 0.00239691
v -0.04123174 -0.04878116 -0.00274653
v -0.03965503 -0.04963228 -0.00247009
v -0.04150376 -0.04848731 -0.00137543
v -0.03713485 -0.04974089 0.00252842
v -0.03540727 -0.05033893 0.00124607
v -0.03794017 -0.05028896 -0.00221790
v -0.03651166 -0.05066924 -0.00203157
v -0.03826452 -0.05002685 -0.00088876
v -0.03318222 -0.05084823 -0.00060155
v -0.03421451 -0.05050052 0.00114992
v -0.03502693 -0.05090361 -0.00186919
v -0.03399972 -0.05098541 -0.00177295
v -0.03537415 -0.05069475 -0.00062086
v -0.04631302 -0.04308780 0.00174786
v -0.04507086 -0.04472655 0.00203306
v -0.04607901 -0.04392402 -0.00181230
v -0.04498997 -0.04531560 -0.00116287
v -0.04252249 0.01350148 -0.07099617
v -0.04346647 0.01145736 -0.07091344
v -0.04643185 0.02124636 -0.04347976
v -0.04732611 -0.00666603 -0.06963160
v -0.04716525 -0.00436463 -0.07028060
v -0.05068509 -0.00367169 -0.04496558
v -0.05068219 -0.00222964 -0.04497536
v -0.05067831 -0.00192504 -0.04497816
v -0.05065704 0.00106980 -0.04441656
v -0.04688480 -0.00226614 -0.07082574
v -0.04692373 -0.00109967 -0.07015083
v -0.04663877 0.00041307 -0.07050694
v -0.05016868 0.00744447 -0.04405787
v -0.04416100 0.00967555 -0.07085808
v -0.04508573 0.00706465 -0.07074046
v -0.04740048 0.01748448 -0.04548839
v -0.04837360 0.01556808 -0.04421808
v -0.04563844 0.00511467 -0.07067505
v -0.04626737 0.00246906 -0.07057383
v -0.04930186 0.01084783 -0.04546270
v -0.04919440 0.01283612 -0.04389451
v -0.04167936 0.01519147 -0.07101970
v -0.04528625 0.02347445 -0.04366907
v -0.04385009 0.02536733 -0.04507274
v -0.00880006 0.03969907 -0.07051117
v -0.01031114 0.03937674 -0.07057259
v -0.02297774 0.04251986 -0.04027830
v -0.01239505 0.03882113 -0.07069286
v -0.01499985 0.03800573 -0.07085043
v -0.02537882 0.04185067 -0.04061954
v -0.02598424 0.04164689 -0.04075272
v -0.01690282 0.03729834 -0.07093219
v -0.02863881 0.04059545 -0.04112945
v -0.00293467 0.04047334 -0.07012864
v -0.00556719 0.04024644 -0.07027232
v -0.01977515 0.04349286 -0.03745526
v -0.04726428 -0.00811469 -0.06994159
v -0.04715074 -0.00664367 -0.07057399
v -0.04642767 -0.01487354 -0.07086890
v -0.04718014 -0.01019562 -0.06965681
v -0.05053821 -0.01121967 -0.04379591
v -0.04699922 -0.01016800 -0.07063860
v -0.04638511 -0.01448630 -0.07125161
v -0.04684171 -0.01302323 -0.07023958
v -0.03709634 -0.04518086 -0.04239618
v -0.03808406 -0.04421824 -0.04242677
v -0.03312305 -0.04194958 -0.07039709
v -0.03301606 -0.04173164 -0.07131389
v -0.03407253 -0.04097004 -0.07052312
v -0.03574303 -0.03912083 -0.07033249
v -0.03562174 -0.03894396 -0.07121207
v -0.03727802 -0.03727408 -0.07037597
v -0.03868232 -0.03534689 -0.07007930
v -0.03855156 -0.03521663 -0.07093155
v -0.04011297 -0.03312487 -0.07024001
v -0.04079331 -0.03197174 -0.07010818
v -0.04061030 -0.03191161 -0.07094786
v -0.04164773 -0.03013812 -0.07064988
v -0.04239111 -0.02866978 -0.07052279
v -0.04280652 -0.02713180 -0.07139201
v -0.04315797 -0.02688584 -0.07048885
v -0.04418321 -0.02425260 -0.07049369
v -0.04480444 -0.02237259 -0.07044634
v -0.04603795 -0.01773091 -0.07033972
v -0.04558305 -0.01965077 -0.07037218
v -0.04641678 -0.01612110 -0.07003928
v -0.04666748 -0.01464267 -0.06992839
v -0.03279174 -0.04837186 -0.04297334
v -0.02418200 -0.04807674 -0.07170558
v -0.02649240 -0.04702427 -0.07094644
v -0.03512919 -0.04667522 -0.04315078
v -0.03543205 -0.04627625 -0.04384820
v -0.03612112 -0.04604157 -0.04235744
v -0.03141684 -0.04355345 -0.07027006
v -0.02856836 -0.04573115 -0.07037314
v -0.03133571 -0.04331792 -0.07122364
v -0.02847774 -0.04556244 -0.07114577
v -0.02838944 -0.04549364 -0.07153131
v -0.03028208 -0.04430922 -0.07094961
v -0.02628573 -0.05135933 -0.04339098
v -0.01768993 -0.05128151 -0.07045810
v -0.02790434 -0.05073678 -0.04366766
v -0.02886598 -0.05048331 -0.04252149
v -0.02110974 -0.04981859 -0.07106667
v -0.01916792 -0.05081740 -0.07017832
v -0.01889887 -0.05055461 -0.07152643
v -0.03017156 -0.04987292 -0.04268501
v -0.02241129 -0.04923920 -0.07105206
v -0.02454386 -0.04835504 -0.07003588
v -0.02436891 -0.04815782 -0.07115353
v -0.02138605 -0.05000070 -0.06978386
v -0.00457680 -0.05330536 -0.07132122
v -0.01572948 -0.05311743 -0.04579125
v -0.01704635 -0.05301667 -0.04518761
v -0.01830447 -0.05291294 -0.04440771
v -0.01941885 -0.05281202 -0.04346388
v -0.00599187 -0.05369102 -0.06878428
v -0.00646643 -0.05316458 -0.07140106
v -0.01065672 -0.05268133 -0.07143006
v -0.00594968 -0.05338107 -0.07068828
v -0.00820176 -0.05334541 -0.07012628
v -0.01985661 -0.05275831 -0.04357719
v -0.02089004 -0.05264612 -0.04252695
v -0.01095618 -0.05294096 -0.07016657
v -0.00873503 -0.05347340 -0.06888915
v -0.00898316 -0.05313025 -0.07071971
v -0.02386854 -0.05206518 -0.04308218
v -0.02308055 -0.05226323 -0.04275370
v -0.01314642 -0.05254955 -0.07023394
v -0.01583774 -0.05205637 -0.06896281
v -0.01554787 -0.05189092 -0.07044506
v -0.01127223 -0.05311219 -0.06848567
v -0.00205408 -0.05360495 -0.07045183
v -0.00200560 -0.05388321 -0.06853520
v -0.00057686 -0.05376355 -0.06968625
v -0.00201982 -0.05392506 -0.06303719
v -0.00057308 -0.05394172 -0.06304574
v -0.00969998 -0.05350951 -0.04240675
v -0.01187626 -0.05339059 -0.04199454
v -0.01334673 -0.05329971 -0.04175874
v -0.01473812 -0.05320268 -0.04135764
v -0.00484166 -0.05384836 -0.06305403
v -0.00699841 -0.05370745 -0.06308621
v -0.00211459 -0.05391901 -0.05545301
v -0.00058321 -0.05393771 -0.05104741
v -0.00065682 -0.05393116 -0.04301915
v -0.00558649 -0.05366064 -0.03382588
v -0.00794580 -0.05354993 -0.03381611
v -0.00726178 -0.05358502 -0.03382678
v -0.00281826 -0.05389941 -0.05442431
v -0.00395730 -0.05384876 -0.04998222
v -0.00139294 -0.05391340 -0.04243425
v -0.00137253 -0.05391250 -0.04199991
v -0.00485438 -0.05362200 -0.02960676
v -0.00061528 -0.05378950 -0.03195533
v -0.00496010 -0.05359260 -0.02837610
v -0.00094590 -0.05378074 -0.03179840
v -0.00082577 -0.05375942 -0.03078402
v -0.00473263 -0.05357732 -0.02772458
v -0.00066707 -0.05364977 -0.02767865
v -0.00089900 -0.05373755 -0.03003361
v -0.05391771 0.00261581 -0.02098146
v -0.05389576 0.00552000 -0.02044064
v -0.05390910 0.00404778 -0.02079864
v -0.05058053 -0.00073078 -0.04550479
v -0.05362187 -0.01957411 -0.01270831
v -0.05364579 -0.01762729 -0.01515160
v -0.05364050 -0.01865555 -0.01396990
v -0.05007430 -0.01683182 -0.04283307
v -0.04987097 -0.01814979 -0.04285504
v -0.05374098 -0.01317312 -0.01828704
v -0.05375205 -0.01442550 -0.01737969
v -0.05374849 -0.01568915 -0.01629951
v -0.05020485 -0.01478477 -0.04388813
v -0.05027175 -0.01409211 -0.04396774
v -0.05336822 -0.01808577 -0.01723430
v -0.05343439 -0.02148124 -0.01153509
v -0.04955698 -0.02058012 -0.04190580
v -0.04935301 -0.02160697 -0.04183345
v -0.04965416 -0.02014969 -0.04178722
v -0.05303215 -0.02221663 -0.01494466
v -0.05247376 -0.02640483 -0.01266707
v -0.05380258 -0.02228497 -0.00274727
v -0.05377597 -0.02118498 -0.00748608
v -0.05381384 -0.02156890 -0.00599968
v -0.05383397 -0.02188097 -0.00434276
v -0.05321735 -0.02382704 -0.00938221
v -0.05289599 -0.02590473 -0.00818385
v -0.05252878 -0.02797564 -0.00696152
v -0.05325389 -0.02540363 -0.00378591
v -0.05386861 -0.02197978 0.00132864
v -0.05390974 -0.02165006 0.00287678
v -0.05390126 -0.02141167 0.00453087
v -0.05384182 -0.02128346 0.00612970
v -0.05366356 -0.02314453 -0.00059812
v -0.05332405 -0.02509998 0.00071246
v -0.05356400 -0.01725402 0.01596364
v -0.05357490 -0.01608084 0.01710680
v -0.05355837 -0.01484953 0.01819695
v -0.05292477 -0.01426685 0.02204498
v -0.05362307 -0.02096315 0.01021482
v -0.05363623 -0.02015468 0.01165967
v -0.05361255 -0.01932729 0.01308338
v -0.05348939 -0.02252371 0.00819257
v -0.05310559 -0.02026650 0.01594052
v -0.05163861 -0.01313912 0.02757736
v -0.05246278 -0.01224914 0.02538197
v -0.05261818 -0.01593335 0.02237429
v -0.05372787 -0.01112751 0.01972248
v -0.05346994 -0.00850130 0.02269400
v -0.05311251 -0.01033797 0.02360127
v -0.05363603 -0.00936464 0.02142953
v -0.05329021 -0.01379157 0.02058086
v -0.04941730 -0.01601162 0.03158156
v -0.05062457 -0.01505713 0.02933362
v -0.05119336 -0.01592620 0.02729842
v -0.04740159 -0.02826867 0.02722242
v -0.04751609 -0.03011241 0.02490715
v -0.04744594 -0.02595737 0.02912131
v -0.04950560 -0.02206611 0.02753087
v -0.04673911 -0.02114888 0.03393994
v -0.04698349 -0.01959283 0.03433248
v -0.04681486 -0.02362864 0.03221370
v -0.04815740 -0.01782705 0.03311150
v -0.04882442 -0.01976052 0.03076136
v -0.04824977 -0.02390501 0.02905377
v -0.04764212 -0.03414186 0.01927046
v -0.04758371 -0.03325492 0.02082714
v -0.04764611 -0.03231563 0.02193530
v -0.04903956 -0.02877752 0.02250721
v -0.04671854 -0.04086237 0.00822390
v -0.04690638 -0.04142156 0.00530910
v -0.04735026 -0.03868085 0.01119795
v -0.04730746 -0.03771658 0.01380365
v -0.04740076 -0.03629446 0.01624927
v -0.04894713 -0.03347401 0.01594878
v -0.04805387 -0.03803417 0.00961202
v -0.04736001 -0.04141587 0.00076622
v -0.04695396 -0.04256798 -0.00298627
v -0.04715206 -0.04216752 -0.00165980
v -0.04580955 -0.04421768 -0.00694371
v -0.04609674 -0.04389667 -0.00561085
v -0.04641026 -0.04342638 -0.00458922
v -0.04719334 -0.04213581 -0.00490826
v -0.04302338 -0.04625360 -0.01520442
v -0.04413266 -0.04544008 -0.01305160
v -0.03878371 -0.04334212 -0.04300800
v -0.03912410 -0.04293016 -0.04313375
v -0.04062283 -0.04119997 -0.04301749
v -0.00056142 -0.05375675 -0.03057748
v -0.00081793 -0.05374913 -0.03039246
v -0.00058268 -0.05373706 -0.02987027
v -0.00488615 -0.05363841 -0.03049890
v -0.00074234 -0.05382810 -0.03384352
v -0.00065290 -0.05392981 -0.04258139
v -0.00136498 -0.05391261 -0.04198332
v -0.00136101 -0.05391014 -0.04137355
v -0.00064961 -0.05392728 -0.04196868
v -0.00140182 -0.05390548 -0.04072965
v -0.00064790 -0.05392132 -0.04075683
v -0.00493906 -0.05365381 -0.03152583
v -0.00150686 -0.05388365 -0.03902812
v -0.00074852 -0.05386190 -0.03572853
v -0.00068694 -0.05389864 -0.03843920
v -0.05220188 -0.02016376 0.02078367
v -0.05175063 -0.01800685 0.02413271
v -0.05071883 -0.02007502 0.02587803
v -0.05008382 -0.02438216 0.02419254
v -0.05027503 -0.02671164 0.02090989
v -0.05233295 -0.02239747 0.01757292
v -0.05240946 -0.02459846 0.01436911
v -0.05040167 -0.02901055 0.01762351
v -0.05144209 -0.02459379 0.01925379
v -0.05014940 -0.03138883 0.01440154
v -0.04986552 -0.03367631 0.01128264
v -0.05130482 -0.02922544 0.01284208
v -0.04812276 -0.03954576 0.00356560
v -0.04859694 -0.03839770 0.00502722
v -0.04926097 -0.03607580 0.00813767
v -0.04889844 -0.03863494 0.00027556
v -0.05046118 -0.03390708 0.00659805
v -0.05283955 -0.02722069 0.00205221
v -0.05328055 -0.02477816 0.00513254
v -0.05295932 -0.02475107 0.00972048
v -0.05218958 -0.02695041 0.01124258
v -0.05192691 -0.02927095 0.00814574
v -0.05230160 -0.02970601 -0.00111382
v -0.05140197 -0.03168575 0.00502240
v -0.05079928 -0.03410092 0.00185128
v -0.05221312 -0.02950725 0.00354395
v -0.04893321 -0.03884608 -0.00444660
v -0.04989126 -0.03653037 -0.00133025
v -0.05075989 -0.03443959 -0.00280038
v -0.04815492 -0.04029082 -0.00627019
v -0.04738270 -0.04154224 -0.00792330
v -0.04911478 -0.03824389 -0.00769692
v -0.05168541 -0.03055073 -0.01018903
v -0.05204776 -0.03014127 -0.00562951
v -0.05147064 -0.03225182 -0.00428771
v -0.05057469 -0.03467005 -0.00735306
v -0.04613042 -0.03130028 -0.04382486
v -0.04676285 -0.02972782 -0.04389474
v -0.04720862 -0.02856540 -0.04370175
v -0.04761174 -0.02723193 -0.04375595
v -0.05097714 -0.03107754 -0.01467234
v -0.04486101 -0.03456227 -0.04277968
v -0.04521860 -0.03380903 -0.04287060
v -0.04557128 -0.03311573 -0.04271004
v -0.04839169 -0.03886292 -0.01233744
v -0.04909558 -0.03589719 -0.01663604
v -0.05109313 -0.03179410 -0.01204845
v -0.04990366 -0.03612952 -0.00911360
v -0.04922191 -0.03742397 -0.01072202
v -0.05063186 -0.03388652 -0.01055280
v -0.04994512 -0.03433477 -0.01497138
v -0.04921390 -0.03669908 -0.01368352
v -0.04539412 -0.04410776 -0.01145862
v -0.04585444 -0.04371250 -0.00984426
v -0.04644176 -0.04287670 -0.00957598
v -0.04525408 -0.04369790 -0.01425040
v -0.04748206 -0.04091700 -0.01096603
v -0.04747711 -0.04021297 -0.01395936
v -0.04803581 -0.02523206 -0.04481666
v -0.04838371 -0.02396036 -0.04465594
v -0.05171590 -0.02699707 -0.01706605
v -0.05138625 -0.02903271 -0.01590230
v -0.05032102 -0.03138667 -0.01876813
v -0.04169094 -0.03937178 -0.04422842
v -0.04328729 -0.03698068 -0.04417713
v -0.04290283 -0.03755153 -0.04432477
v -0.04403148 -0.03566810 -0.04412733
v -0.04513228 -0.04308402 -0.01713316
v -0.04734980 -0.03958375 -0.01688562
v -0.04634825 -0.04173029 -0.01557297
v 0.00000273 -0.04825012 0.01041209
v -0.00030001 -0.04883655 0.00841971
v -0.00008905 -0.05356244 -0.02562123
v -0.01624387 -0.05242625 -0.01483579
v 0.00000164 -0.05365521 -0.02770366
v 0.05070992 -0.00691768 -0.04445691
v 0.05071473 -0.00575789 -0.04466684
v 0.04709479 -0.00205903 -0.06973568
v 0.00001243 -0.05360996 -0.07053281
v 0.00001422 -0.05376369 -0.06968438
v 0.00001533 -0.05389962 -0.06853694
v 0.00003075 -0.05394146 -0.06304431
v 0.00053873 -0.05376369 -0.06968155
v 0.00004573 -0.05394090 -0.05862201
v 0.00055251 -0.05393990 -0.06304267
v -0.00007066 0.04053555 -0.07043778
v 0.00002371 0.04073537 -0.06927243
v 0.00094168 0.04063410 -0.06988251
v 0.05404440 -0.00521162 -0.01978836
v 0.05405583 -0.00475474 -0.01980748
v 0.05404815 -0.00416598 -0.01998097
v 0.05069639 -0.00640723 -0.04469330
v 0.05405893 -0.00269740 -0.02010119
v 0.05405855 -0.00132544 -0.02022559
v 0.05069699 -0.00482895 -0.04491338
v 0.05406172 -0.00879406 -0.01837622
v 0.05406499 -0.00751405 -0.01892393
v 0.05404987 -0.00658489 -0.01934810
v 0.05068825 -0.00799628 -0.04429148
v 0.05404124 -0.01078806 -0.01756402
v 0.05406571 -0.01009536 -0.01774377
v 0.05067821 -0.00943252 -0.04371415
v 0.05402683 -0.00897703 -0.01859313
v 0.05405450 -0.01743883 -0.01110071
v 0.05407721 -0.01664060 -0.01194233
v 0.05404418 -0.01664657 -0.01236684
v 0.05403317 -0.01580441 -0.01349205
v 0.05407120 -0.01517235 -0.01377448
v 0.05405993 -0.01420882 -0.01482730
v 0.05399869 -0.01631163 -0.01325877
v 0.05405895 -0.01310090 -0.01581199
v 0.05405438 -0.01196364 -0.01667807
v 0.05399096 -0.01176489 -0.01733576
v 0.05404965 -0.01887726 -0.00860414
v 0.05405665 -0.01817505 -0.00986377
v 0.05398409 -0.01815970 -0.01086068
v 0.05405895 -0.01998560 -0.00532561
v 0.05405899 -0.01961520 -0.00664484
v 0.05402743 -0.01959236 -0.00735873
v 0.05397462 -0.01959521 -0.00822157
v 0.05407518 -0.02043943 -0.00245974
v 0.05407243 -0.02027050 -0.00386793
v 0.05403079 -0.02022974 -0.00526559
v 0.05406995 -0.02068298 -0.00033825
v 0.05407991 -0.02057425 -0.00102127
v 0.05403217 -0.02080557 -0.00230807
v 0.05407419 -0.02050657 0.00247745
v 0.05407284 -0.02061178 0.00108054
v 0.05401846 -0.02104007 0.00069417
v 0.05401725 -0.02017736 0.00604971
v 0.05405628 -0.02009522 0.00535602
v 0.05406300 -0.02033000 0.00397196
v 0.05404321 -0.01898074 0.00868884
v 0.05404416 -0.01953436 0.00736981
v 0.05403416 -0.01762076 0.01130076
v 0.05406319 -0.01777916 0.01065516
v 0.05403460 -0.01839401 0.01000945
v 0.05396281 -0.01915677 0.00952547
v 0.05407392 -0.01524374 0.01382010
v 0.05408015 -0.01613049 0.01276637
v 0.05404372 -0.01676242 0.01241536
v 0.05397155 -0.01756449 0.01210984
v 0.05407206 -0.01314481 0.01581523
v 0.05407904 -0.01420067 0.01485895
v 0.05399067 -0.01554996 0.01439945
v 0.05406856 -0.01161683 0.01700710
v 0.05405956 -0.01206359 0.01679016
v 0.05397945 -0.01332735 0.01652313
v 0.05406621 -0.00874999 0.01860513
v 0.05407271 -0.00917468 0.01835296
v 0.05406817 -0.01038335 0.01771847
v 0.05400896 -0.01070541 0.01805905
v 0.05406176 -0.00789072 0.01901023
v 0.05406692 -0.00801871 0.01891432
v 0.05406692 -0.00802542 0.01891169
v 0.05406691 -0.00803570 0.01890762
v 0.05406671 -0.00806606 0.01889699
v 0.05406441 -0.00818790 0.01886699
v 0.05401735 -0.00876912 0.01901409
v 0.05406720 -0.00281493 0.02024781
v 0.05407031 -0.00418021 0.01997771
v 0.05406630 -0.00546856 0.01975839
v 0.05406469 -0.00668551 0.01938493
v 0.05401582 -0.00691430 0.01970721
v 0.05401761 -0.00434974 0.02036616
v 0.05406707 -0.00040286 0.02039186
v 0.05405916 -0.00153032 0.02039809
v 0.05400971 -0.00173526 0.02075957
v 0.05407173 0.00100920 0.02025659
v 0.05406669 0.00252956 0.02017976
v 0.05401810 0.00102565 0.02068423
v 0.05406591 0.00531434 0.01957404
v 0.05406183 0.00398227 0.01990922
v 0.05401229 0.00394612 0.02030558
v 0.05406543 0.00648326 0.01919612
v 0.05406279 0.00596087 0.01939153
v 0.05401542 0.00602776 0.01975908
v 0.05405590 0.00858538 0.01837977
v 0.05407700 0.00722689 0.01878607
v 0.05420354 0.00688670 0.01765144
v 0.05401823 0.00742634 0.01921667
v 0.05405514 0.01109649 0.01692001
v 0.05405397 0.00986731 0.01769166
v 0.05420166 0.00956290 0.01631048
v 0.05399438 0.00961107 0.01831694
v 0.05405949 0.01380348 0.01462726
v 0.05406357 0.01276306 0.01556469
v 0.05402972 0.01235916 0.01620451
v 0.05420262 0.01205357 0.01447673
v 0.05399176 0.01215760 0.01668371
v 0.05406067 0.01983569 0.00202429
v 0.05405620 0.01967220 0.00346390
v 0.05420324 0.01840962 0.00286123
v 0.05404747 0.01946155 0.00486252
v 0.05406611 0.01914906 0.00551030
v 0.05403960 0.01910487 0.00632850
v 0.05399471 0.01999182 0.00411336
v 0.05406864 0.01508237 0.01318023
v 0.05405137 0.01485085 0.01365552
v 0.05399930 0.01439269 0.01465623
v 0.05406741 0.01602257 0.01198690
v 0.05407439 0.01541198 0.01268982
v 0.05401856 0.01571341 0.01303141
v 0.05406441 0.01686694 0.01077332
v 0.05405983 0.01658129 0.01128246
v 0.05400979 0.01665797 0.01184250
v 0.05404157 0.01861686 0.00766674
v 0.05406450 0.01817965 0.00827031
v 0.05406132 0.01756659 0.00950028
v 0.05398954 0.01922732 0.00701604
v 0.05401707 0.01784499 0.00971188
v 0.05407019 0.01982867 -0.00083170
v 0.05407061 0.01984877 -0.00011162
v 0.05404527 0.02002813 0.00060927
v 0.05400196 0.02031309 0.00112734
v 0.05407117 0.01969370 -0.00235404
v 0.05406729 0.01978982 -0.00172202
v 0.05401408 0.02023473 -0.00131074
v 0.05404392 0.01954487 -0.00435862
v 0.05406784 0.01956714 -0.00339200
v 0.05406798 0.01963899 -0.00292289
v 0.05401835 0.02005358 -0.00280876
v 0.05402597 0.01882191 -0.00721511
v 0.05405665 0.01883454 -0.00656288
v 0.05404948 0.01915455 -0.00574469
v 0.05399387 0.01977279 -0.00489080
v 0.05405320 0.01740517 -0.00979299
v 0.05405408 0.01808406 -0.00846818
v 0.05420279 0.01637321 -0.00884193
v 0.05398940 0.01885645 -0.00778383
v 0.05408432 0.01563878 -0.01203073
v 0.05405554 0.01665096 -0.01103276
v 0.05420495 0.01473815 -0.01134800
v 0.05399197 0.01749447 -0.01049215
v 0.05406774 0.01541102 -0.01258464
v 0.05402872 0.01617352 -0.01210171
v 0.05405617 0.01385290 -0.01442945
v 0.05406967 0.01479397 -0.01328489
v 0.05420421 0.01375655 -0.01257282
v 0.05401137 0.01533123 -0.01334840
v 0.05405580 0.01166091 -0.01630736
v 0.05405501 0.01280515 -0.01541434
v 0.05420342 0.01160424 -0.01465126
v 0.05399715 0.01368939 -0.01515862
v 0.05406894 0.00980243 -0.01741219
v 0.05404501 0.00926716 -0.01791821
v 0.05404534 0.01052660 -0.01717863
v 0.05400441 0.01129831 -0.01700285
v 0.05405695 0.00655036 -0.01903838
v 0.05405394 0.00789825 -0.01850834
v 0.05420225 0.00639981 -0.01767217
v 0.05405768 0.00515218 -0.01947318
v 0.05406197 0.00374524 -0.01979901
v 0.05403271 0.00331665 -0.02009759
v 0.05420336 0.00351187 -0.01850831
v 0.05400085 0.00580030 -0.01970245
v 0.05406055 0.00054289 -0.02019470
v 0.05405863 0.00195177 -0.02011362
v 0.05420070 0.00056808 -0.01889950
v 0.05401180 0.00292087 -0.02031300
v 0.05378564 0.01937844 -0.00988356
v 0.05378150 0.01861657 -0.01123591
v 0.05378057 0.02110493 -0.00517660
v 0.05378572 0.02068984 -0.00668235
v 0.05378268 0.02013475 -0.00810609
v 0.05345239 0.02186179 -0.00904876
v 0.05388961 0.00976236 -0.01886709
v 0.05034633 0.00501525 -0.04470506
v 0.05045077 0.00404222 -0.04462845
v 0.05386209 0.01183828 -0.01780719
v 0.05387581 0.01049531 -0.01860654
v 0.05385976 0.00908903 -0.01941678
v 0.04995294 0.00881781 -0.04410192
v 0.05378393 0.01497153 -0.01585572
v 0.05378770 0.01382187 -0.01688775
v 0.05361104 0.01318851 -0.01874137
v 0.04787979 0.00562547 0.03734413
v 0.04789909 0.00470692 0.03744507
v 0.04611161 0.00537650 0.04023305
v 0.04792640 0.00761592 0.03684907
v 0.04610645 0.00795081 0.03974492
v 0.04976694 0.00820007 0.03346400
v 0.04792749 0.01056200 0.03608705
v 0.04610789 0.01169447 0.03877584
v 0.04788093 0.01237302 0.03559928
v 0.04791322 0.01344126 0.03512999
v 0.04611096 0.01418046 0.03793267
v 0.04975179 0.01440426 0.03124290
v 0.04792535 0.01615890 0.03382145
v 0.04612317 0.01729937 0.03648887
v 0.04789693 0.01834855 0.03280114
v 0.04976638 0.02004780 0.02783320
v 0.04792594 0.02084093 0.03113691
v 0.04792756 0.02329543 0.02932600
v 0.04787922 0.01911863 0.03238611
v 0.04611048 0.02004787 0.03511474
v 0.04610525 0.02224447 0.03369187
v 0.04611491 0.03173377 0.02483767
v 0.04975582 0.02497797 0.02344258
v 0.04788458 0.02979857 0.02271325
v 0.04789889 0.02929374 0.02333115
v 0.04791998 0.02559577 0.02734905
v 0.04612271 0.02976443 0.02708765
v 0.04792957 0.02763853 0.02511306
v 0.04788260 0.02473323 0.02823950
v 0.04610953 0.02535775 0.03138750
v 0.04611215 0.02733757 0.02967614
v 0.04610955 0.03322916 0.02267761
v 0.04792799 0.03096785 0.02083980
v 0.04976762 0.02895261 0.01813249
v 0.04792911 0.03256883 0.01821595
v 0.04610791 0.03526374 0.01934441
v 0.04788001 0.03346641 0.01671253
v 0.04791491 0.03394503 0.01552936
v 0.04610932 0.03644072 0.01700983
v 0.04975557 0.03186667 0.01222930
v 0.04791956 0.03500047 0.01271575
v 0.04611356 0.03773361 0.01365970
v 0.04788244 0.03592899 0.01024753
v 0.04791587 0.03646859 0.00758558
v 0.04609782 0.03919137 0.00864513
v 0.04976385 0.03356181 0.00600506
v 0.04792796 0.03696351 0.00465550
v 0.04611360 0.03987680 0.00470394
v 0.04788822 0.03720804 0.00311425
v 0.04793300 0.03720959 0.00162839
v 0.04611332 0.04009954 0.00207982
v 0.04976538 0.03406065 -0.00047805
v 0.04792940 0.03716577 -0.00143492
v 0.04610831 0.04005531 -0.00181105
v 0.04788700 0.03708854 -0.00413375
v 0.04792126 0.03656411 -0.00678471
v 0.04610544 0.03946082 -0.00703070
v 0.04976353 0.03330122 -0.00707317
v 0.04792435 0.03590745 -0.00979376
v 0.04610586 0.03862257 -0.01086515
v 0.04787866 0.03556567 -0.01127197
v 0.04791152 0.03502785 -0.01263767
v 0.04610515 0.03783183 -0.01335562
v 0.04682608 0.02043631 -0.04326933
v 0.04975599 0.03151045 -0.01300183
v 0.04789412 0.03402597 -0.01515338
v 0.04608350 0.03633645 -0.01697486
v 0.04786623 0.03301163 -0.01744271
v 0.04690515 0.01884548 -0.04546325
v 0.05008287 0.02810832 -0.01804658
v 0.05378180 0.01748908 -0.01301249
v 0.05378742 0.01706336 -0.01353113
v 0.05378084 0.01645741 -0.01430723
v 0.05344786 0.01990505 -0.01283942
v 0.05344698 0.01711101 -0.01644294
v 0.05377923 0.02173678 -0.00140799
v 0.05378626 0.02162233 -0.00238181
v 0.05378042 0.02156075 -0.00306456
v 0.05344688 0.02314716 -0.00491421
v 0.05378158 0.01899482 0.01081367
v 0.05378398 0.01971565 0.00940250
v 0.05378104 0.02131727 0.00441970
v 0.05378590 0.02098273 0.00590813
v 0.05378024 0.02050813 0.00737633
v 0.05344794 0.02213144 0.00856752
v 0.05378473 0.02165861 0.00232716
v 0.05378218 0.02175650 0.00075386
v 0.05344565 0.02368765 -0.00030885
v 0.05344850 0.02332570 0.00421762
v 0.05378009 0.01688281 0.01402150
v 0.05378583 0.01728606 0.01345937
v 0.05377884 0.01787626 0.01267690
v 0.05344534 0.02011865 0.01270909
v 0.05378013 0.01311179 0.01764011
v 0.05378617 0.01431268 0.01667610
v 0.05378088 0.01543072 0.01559673
v 0.05344698 0.01732699 0.01640346
v 0.05378110 0.00996241 0.01969347
v 0.05378441 0.01133049 0.01891145
v 0.05344884 0.01388600 0.01947738
v 0.05377920 0.00646800 0.02120614
v 0.05378513 0.00716139 0.02093979
v 0.05377834 0.00802038 0.02063515
v 0.05344519 0.00993795 0.02185727
v 0.05378506 0.00287038 0.02203011
v 0.05378028 0.00439660 0.02173486
v 0.05344612 0.00560914 0.02342422
v 0.05378011 -0.00178166 0.02222505
v 0.05378579 -0.00040894 0.02227229
v 0.05378299 0.00105484 0.02219261
v 0.05345188 0.00147902 0.02412093
v 0.05098183 0.00222738 0.03171971
v 0.05285523 -0.00044075 0.02656018
v 0.04946414 0.01013589 -0.04536804
v 0.05285228 0.01727442 -0.01959351
v 0.05285189 0.01866731 -0.01811730
v 0.04874530 0.01451106 -0.04399394
v 0.05285153 0.02175521 -0.01419144
v 0.05098212 0.02497297 -0.01906019
v 0.05285585 0.02047560 -0.01615224
v 0.05241949 0.01994126 -0.01910822
v 0.05285524 0.02312785 -0.01197079
v 0.05285208 0.02394580 -0.01004675
v 0.05098815 0.02787755 -0.01440606
v 0.05097991 0.02623885 -0.01707048
v 0.05213674 0.02396697 -0.01541749
v 0.05285525 0.02481899 -0.00785199
v 0.05098835 0.02991280 -0.00944720
v 0.05098138 0.02886814 -0.01209087
v 0.05285130 0.02534760 -0.00553955
v 0.05213769 0.02633305 -0.01088096
v 0.05098961 0.03119131 -0.00348201
v 0.05097978 0.03055288 -0.00667656
v 0.05285584 0.02588601 -0.00288175
v 0.05285177 0.02596068 -0.00049871
v 0.05213655 0.02784907 -0.00591443
v 0.05098976 0.03129788 0.00260911
v 0.05098070 0.03128846 -0.00061470
v 0.05285187 0.02560604 0.00446590
v 0.05285600 0.02597538 0.00218583
v 0.05213723 0.02848759 -0.00038758
v 0.05097975 0.02919564 0.01141755
v 0.05098875 0.03027826 0.00841491
v 0.05098083 0.03086057 0.00535529
v 0.05285550 0.02512709 0.00701450
v 0.05213733 0.02806766 0.00504563
v 0.05098861 0.02815298 0.01405884
v 0.05285535 0.02335751 0.01171422
v 0.05285130 0.02421901 0.00951489
v 0.05285125 0.02213834 0.01376856
v 0.05213652 0.02663524 0.01026150
v 0.05098927 0.02495673 0.01927950
v 0.05097977 0.02669419 0.01653102
v 0.05285564 0.02069816 0.01605983
v 0.05285138 0.01911084 0.01783666
v 0.05213652 0.02420946 0.01522014
v 0.05097928 0.01826148 0.02571757
v 0.05098847 0.02083408 0.02376598
v 0.05097988 0.02305152 0.02142287
v 0.05285547 0.01726946 0.01979257
v 0.05213671 0.02086502 0.01965773
v 0.05097933 0.01304051 0.02880041
v 0.05098822 0.01593129 0.02737518
v 0.05285121 0.01512302 0.02141249
v 0.05285532 0.01318818 0.02279628
v 0.05213630 0.01674403 0.02335352
v 0.05098852 0.01043639 0.02998656
v 0.05285117 0.01077750 0.02397726
v 0.05285537 0.00861472 0.02496905
v 0.05285115 0.00632644 0.02559323
v 0.05213631 0.01199987 0.02619084
v 0.05098798 0.00460946 0.03149562
v 0.05097929 0.00768563 0.03074459
v 0.05285522 0.00375874 0.02622629
v 0.05285243 0.00178517 0.02640742
v 0.05213818 0.00185860 0.02893477
v 0.05213629 0.00680975 0.02807517
v 0.04974164 0.00229963 0.03454207
v 0.04789384 0.00220977 0.03765474
v 0.05098770 -0.00045892 0.03189760
v 0.04610407 0.00220374 0.04050983
v 0.04787952 -0.00053413 0.03783202
v 0.01013073 -0.05335776 -0.02569211
v 0.00340242 -0.05353600 -0.02570303
v 0.00718903 -0.05348603 -0.02600852
v 0.04474411 -0.04566350 -0.00699841
v 0.04471312 -0.04539434 -0.00925755
v 0.04354257 -0.04678990 -0.00902125
v 0.04192897 -0.04795966 -0.01188731
v 0.04302320 -0.04685104 -0.01245817
v 0.04195699 -0.04772134 -0.01339329
v 0.04105949 -0.04829552 -0.01445692
v 0.04213229 -0.04729351 -0.01470809
v 0.03943683 -0.04944302 -0.01454856
v 0.04017987 -0.04869079 -0.01593646
v 0.03617585 -0.05078032 -0.01699870
v 0.02928495 -0.05214619 -0.02015629
v 0.02703808 -0.05233600 -0.02189802
v 0.02464161 -0.05252347 -0.02333854
v 0.02201142 -0.05271442 -0.02435013
v 0.01923724 -0.05289571 -0.02499481
v 0.01565237 -0.05310183 -0.02572377
v 0.01216453 -0.05327000 -0.02565916
v 0.01015462 -0.05337274 -0.02612972
v 0.01499609 -0.05313096 -0.02553906
v 0.01288758 -0.05325106 -0.02618915
v 0.00000272 -0.05131609 -0.00441659
v -0.00011285 -0.05123074 -0.00362410
v 0.01679300 -0.05243214 -0.01489788
v 0.01971613 -0.05241928 -0.01517669
v 0.02233585 -0.05250658 -0.01806580
v 0.02024171 -0.05259902 -0.01818651
v 0.01935309 -0.05261932 -0.01805119
v 0.02238878 -0.05251456 -0.01832493
v 0.03299670 -0.05154662 -0.00772331
v 0.03384199 -0.05132270 -0.00482366
v 0.03342345 -0.05152906 -0.00781109
v 0.02631630 -0.05234537 -0.01913135
v 0.02485142 -0.05243203 -0.01928696
v 0.02204207 -0.05258098 -0.01968419
v 0.03233226 -0.05181392 -0.01215546
v 0.03297096 -0.05172606 -0.01071940
v 0.03489889 -0.05137969 -0.00812648
v 0.03317935 -0.05175312 -0.01245193
v 0.03683337 -0.05087549 -0.00534292
v 0.03659279 -0.05100409 -0.00849471
v 0.03339312 -0.05162151 -0.01743557
v 0.03115724 -0.05197826 -0.01804113
v 0.02975543 -0.05210923 -0.01878281
v 0.02851724 -0.05220814 -0.01952057
v 0.02721925 -0.05230553 -0.02008572
v 0.02586519 -0.05239902 -0.02047680
v 0.03216792 -0.05188740 -0.01524011
v 0.03654590 -0.05082746 -0.01532952
v 0.03494609 -0.05127439 -0.01646749
v 0.03339733 -0.05173439 -0.01412341
v 0.03481173 -0.05148033 -0.01298124
v 0.03340167 -0.05169541 -0.01578390
v 0.03923111 -0.04982334 -0.01247284
v 0.03787664 -0.05036726 -0.01400252
v 0.03628389 -0.05112748 -0.01161770
v 0.03829873 -0.05040323 -0.00890537
v 0.03641904 -0.05100050 -0.01350619
v 0.04291719 -0.04761604 -0.00662377
v 0.04235322 -0.04790100 -0.00887910
v 0.04086543 -0.04897458 -0.00955536
v 0.04024916 -0.04951669 -0.00604663
v 0.03977712 -0.04966080 -0.00926174
v 0.03287763 0.04674713 0.00408729
v 0.00000268 0.04686233 0.00219887
v 0.00000268 0.04680686 0.00338030
v 0.03297111 0.04595313 0.00938437
v 0.03287763 0.04658831 0.00554556
v 0.00030266 0.04596336 0.00934327
v 0.00000268 0.04638783 0.00718127
v 0.03340521 0.04661083 0.00525052
v 0.03359261 0.04591680 0.00946587
v 0.03463153 0.04656369 0.00506054
v 0.03376830 0.04637145 0.00718151
v 0.04505815 0.04143679 0.00230450
v 0.04545776 0.04102585 0.00069118
v 0.03277682 0.04399019 0.01636764
v 0.00030267 0.04399223 0.01636214
v 0.00000269 0.04471922 0.01436357
v 0.00000268 0.04496440 0.01356226
v 0.03277682 0.04333682 0.01813921
v 0.03274416 0.04178249 0.02141021
v 0.00030267 0.04329454 0.01824970
v 0.00000269 0.04300093 0.01896058
v 0.03331597 0.04395513 0.01645112
v 0.03432386 0.04394276 0.01635926
v 0.03379130 0.04303266 0.01884535
v 0.04510402 0.03753677 0.01771717
v 0.04546326 0.03770025 0.01629636
v 0.04545506 0.03855096 0.01396422
v 0.04528787 0.03410386 0.02329948
v 0.04546458 0.03518088 0.02127641
v 0.04510217 0.03645029 0.01986547
v 0.04374609 0.03811435 0.01969535
v 0.04545394 0.03041486 0.02768808
v 0.04546198 0.02873952 0.02953191
v 0.04511540 0.02807152 0.03074164
v 0.00000271 0.02564780 0.03961215
v 0.00000271 0.02433353 0.04042700
v 0.03282760 0.02254467 0.04148554
v 0.00000272 0.02319137 0.04112513
v 0.03328121 0.02433248 0.04042523
v 0.03468388 0.02448132 0.04024453
v 0.03378770 0.02280296 0.04132617
v 0.04546320 0.02450786 0.03317975
v 0.04524838 0.02283522 0.03463815
v 0.04511392 0.02624649 0.03231366
v 0.04374962 0.02780755 0.03284101
v 0.03290358 0.01522358 0.04476130
v 0.00030272 0.01537248 0.04471250
v 0.00000272 0.01594104 0.04451536
v 0.03298124 0.00942260 0.04635005
v 0.03290357 0.01352490 0.04529916
v 0.00030273 0.01348939 0.04531126
v 0.00030273 0.00946736 0.04634283
v 0.00000272 0.01163878 0.04586954
v 0.03344095 0.01384867 0.04518472
v 0.03363373 0.00932148 0.04634933
v 0.03448469 0.01394591 0.04509824
v 0.03378787 0.01162683 0.04585480
v 0.04513324 0.01443869 0.03918124
v 0.04546291 0.01544273 0.03835777
v 0.04521264 0.00577165 0.04135229
v 0.04546403 0.00471026 0.04118917
v 0.04545536 0.00227233 0.04136482
v 0.04546238 -0.00055553 0.04151062
v 0.04414651 0.00235414 0.04284849
v 0.03298200 0.00675837 0.04686751
v 0.03275654 0.00476413 0.04712254
v 0.00030273 0.00663775 0.04688914
v 0.00030273 0.00481769 0.04711889
v 0.00000272 0.00547795 0.04705893
v 0.03275653 0.00255961 0.04726458
v 0.00030272 0.00255772 0.04726479
v 0.00000273 -0.00064334 0.04742483
v 0.03329304 0.00263490 0.04725696
v 0.03363471 0.00701561 0.04680099
v 0.03583103 0.00865834 0.04627632
v 0.03378948 0.00554437 0.04703370
v 0.03378711 0.00263471 0.04724203
v 0.03378651 -0.00064133 0.04740764
v 0.03568336 0.00262408 0.04708260
v 0.04270622 0.00528029 0.04388143
v 0.04268886 0.00244240 0.04410153
v 0.03750191 0.00561410 0.04646111
v 0.04269303 -0.00059464 0.04425824
v 0.03748765 0.00260289 0.04668756
v 0.03748716 -0.00063349 0.04685237
v 0.04022328 0.00253426 0.04566574
v 0.03282756 0.02020505 0.04263101
v 0.00030272 0.02019432 0.04263655
v 0.00000272 0.01674811 0.04420489
v 0.00000272 0.01779659 0.04378514
v 0.03336347 0.02026437 0.04259439
v 0.03328037 0.01674728 0.04420300
v 0.03378569 0.02025929 0.04258195
v 0.03568009 0.02018937 0.04243875
v 0.03448423 0.01641707 0.04426688
v 0.03636843 0.01451245 0.04462715
v 0.03378532 0.01780094 0.04376456
v 0.03749400 0.01154791 0.04529926
v 0.04268420 0.01359414 0.04191694
v 0.03749075 0.00858282 0.04591068
v 0.04022678 0.00838908 0.04490404
v 0.03748219 0.02002070 0.04208203
v 0.03748154 0.01442213 0.04437018
v 0.04269099 0.01630358 0.04097967
v 0.03748325 0.01728466 0.04338104
v 0.04021795 0.01409991 0.04339910
v 0.04520814 0.00813815 0.04089590
v 0.04546402 0.01015512 0.04013963
v 0.04513066 0.01215200 0.03995138
v 0.04377089 0.01331480 0.04105906
v 0.04386250 0.00789851 0.04240277
v 0.04269175 0.00807941 0.04336726
v 0.04269971 0.01088323 0.04278729
v 0.03298006 0.02896896 0.03718711
v 0.00030270 0.02886115 0.03727753
v 0.00000271 0.02689083 0.03874305
v 0.00000271 0.02811803 0.03786752
v 0.03328050 0.02688969 0.03874136
v 0.03356503 0.02913495 0.03702476
v 0.03468333 0.02665989 0.03881037
v 0.03656576 0.02539245 0.03928953
v 0.03378590 0.02821962 0.03776847
v 0.03749539 0.02272237 0.04073224
v 0.04268632 0.02383278 0.03693802
v 0.04268484 0.01889380 0.03975054
v 0.04021869 0.01957073 0.04116289
v 0.04545507 0.01769884 0.03727922
v 0.04546235 0.01987859 0.03620084
v 0.04525317 0.02081813 0.03595472
v 0.04390767 0.02327405 0.03607541
v 0.04414480 0.01833708 0.03862286
v 0.04270098 0.02143691 0.03847328
v 0.04265964 0.02839218 0.03352672
v 0.03748392 0.02526191 0.03909832
v 0.04269380 0.02620398 0.03534348
v 0.03748661 0.02777165 0.03741187
v 0.04022018 0.02470151 0.03824174
v 0.03355978 0.03085778 0.03554013
v 0.03572905 0.03033565 0.03575173
v 0.03362733 0.03966098 0.02522861
v 0.03583835 0.04153144 0.02144542
v 0.03362074 0.03831320 0.02720063
v 0.03634639 0.03460030 0.03141039
v 0.03578311 0.03843373 0.02668503
v 0.03741172 0.03440629 0.03124237
v 0.03743760 0.03813652 0.02647274
v 0.03741129 0.03640589 0.02896426
v 0.04264703 0.03056103 0.03164156
v 0.03744964 0.03008421 0.03547051
v 0.04018918 0.02941972 0.03470048
v 0.03742625 0.03236659 0.03347401
v 0.04015499 0.03365597 0.03056742
v 0.03288043 0.03576734 0.03057690
v 0.03297244 0.03827792 0.02728674
v 0.00030269 0.03825639 0.02732072
v 0.00000270 0.03688402 0.02924534
v 0.03377147 0.03687183 0.02923437
v 0.03288044 0.03467154 0.03184698
v 0.00000271 0.03335398 0.03326288
v 0.00000271 0.03403067 0.03256685
v 0.03449341 0.03353681 0.03298749
v 0.03449159 0.03527761 0.03104632
v 0.03340964 0.03540036 0.03098714
v 0.03297433 0.03092364 0.03550622
v 0.00000271 0.03257156 0.03404629
v 0.03377463 0.03252975 0.03406302
v 0.03327451 0.03335263 0.03326150
v 0.03297950 0.03986506 0.02495134
v 0.03274418 0.04036938 0.02412798
v 0.00030268 0.03995093 0.02481714
v 0.00000270 0.04025027 0.02432888
v 0.03378402 0.04015355 0.02445485
v 0.03274464 0.04064641 0.02364334
v 0.03328356 0.04178061 0.02140933
v 0.03395231 0.04175142 0.02141879
v 0.03394942 0.04056312 0.02373961
v 0.03327995 0.04036834 0.02412577
v 0.03748809 0.04120325 0.02127190
v 0.04268730 0.03758268 0.02262837
v 0.03747728 0.03980876 0.02395733
v 0.04017842 0.03729958 0.02589868
v 0.04529153 0.03273803 0.02528972
v 0.04546141 0.03204272 0.02584566
v 0.04394516 0.03511889 0.02439676
v 0.04411990 0.03154867 0.02868403
v 0.04263544 0.03438802 0.02737736
v 0.04262990 0.03249227 0.02953831
v 0.04265059 0.03602077 0.02500859
v 0.03297999 0.04538969 0.01198274
v 0.00030267 0.04536034 0.01210923
v 0.00000268 0.04515376 0.01291385
v 0.03328037 0.04496256 0.01356148
v 0.03360093 0.04542796 0.01173353
v 0.03574842 0.04561142 0.01000404
v 0.03432195 0.04481124 0.01390130
v 0.03620946 0.04387275 0.01583349
v 0.03378535 0.04517117 0.01278385
v 0.03751281 0.04253976 0.01856660
v 0.04271457 0.04014592 0.01753634
v 0.04269003 0.03889736 0.02008713
v 0.04022440 0.04028941 0.02080761
v 0.03749186 0.04358218 0.01573551
v 0.03748492 0.04457005 0.01287753
v 0.04022743 0.04261637 0.01539051
v 0.03296432 0.04686735 -0.00121189
v 0.00000267 0.04691473 0.00081591
v 0.03326444 0.04686064 0.00219871
v 0.03370801 0.04683836 -0.00135330
v 0.03462530 0.04677804 0.00246099
v 0.03644047 0.04637910 0.00397127
v 0.03375495 0.04689962 0.00077110
v 0.03739486 0.04586894 0.00696873
v 0.04258218 0.04362704 0.00376452
v 0.03743322 0.04524866 0.00993456
v 0.04017392 0.04425679 0.00972337
v 0.04546335 0.03942505 0.01142659
v 0.04545318 0.04002092 0.00883683
v 0.04415045 0.03995235 0.01444744
v 0.04269259 0.04113542 0.01487481
v 0.04269251 0.04207155 0.01217563
v 0.04545974 0.04054717 0.00633222
v 0.04505942 0.04123165 0.00471342
v 0.04365473 0.04275849 0.00368833
v 0.04264648 0.04273185 0.00940895
v 0.04262168 0.04333456 0.00660296
v 0.04413833 0.04148116 0.00913633
v 0.03735244 0.04615911 0.00396034
v 0.04256461 0.04385657 0.00088976
v 0.03732343 0.04638879 0.00093262
v 0.04009990 0.04516503 0.00387926
v 0.03371118 0.04672073 -0.00381541
v 0.01771180 0.04366462 -0.03714767
v 0.03583250 0.04659938 -0.00210982
v 0.03733436 0.04627126 -0.00209978
v 0.03660312 0.04577369 -0.00813418
v 0.03744962 0.04513402 -0.01048582
v 0.04256755 0.04374102 -0.00199016
v 0.04008338 0.04527892 -0.00205214
v 0.03735893 0.04609310 -0.00511833
v 0.03739961 0.04557693 -0.00810752
v 0.04014299 0.04458476 -0.00793315
v 0.04544926 0.04092343 -0.00186546
v 0.04545802 0.04076448 -0.00453341
v 0.04409266 0.04245115 -0.00192333
v 0.04261924 0.04305583 -0.00767418
v 0.04259290 0.04356129 -0.00484237
v 0.03297111 0.04672193 -0.00412842
v 0.01628531 0.04372456 -0.03681802
v 0.01700977 0.04371100 -0.03692968
v 0.03376135 0.04663653 -0.00490649
v 0.04507266 0.03912808 -0.01365663
v 0.04545940 0.03813919 -0.01502431
v 0.04545171 0.03709800 -0.01731452
v 0.04545299 0.03618088 -0.01928670
v 0.04517037 0.03741286 -0.01747639
v 0.04545035 0.04031051 -0.00719557
v 0.04545954 0.03983868 -0.00967323
v 0.04507246 0.03985671 -0.01136296
v 0.04266680 0.04249178 -0.01046423
v 0.04412535 0.04178914 -0.00744492
v 0.04371043 0.04083070 -0.01293295
v 0.04167328 0.04233571 -0.01340274
v 0.04270304 0.04089530 -0.01547411
v 0.04267641 0.04164302 -0.01319526
v 0.04275526 -0.04640855 0.00522849
v 0.04270773 -0.04559191 0.00812345
v 0.04419068 -0.04435976 0.00775306
v 0.03274843 -0.01792705 0.04405921
v 0.03279114 -0.01385449 0.04531502
v 0.03378331 -0.01791700 0.04404478
v 0.03274462 -0.02105968 0.04261637
v 0.00030111 -0.02106002 0.04261631
v 0.00000273 -0.02398432 0.04119538
v 0.00000212 -0.02673650 0.03946492
v 0.03327807 -0.02105862 0.04261456
v 0.03746951 -0.01771867 0.04353143
v 0.03566129 -0.02098614 0.04245899
v 0.03377968 -0.02105227 0.04260114
v 0.03377570 -0.02397652 0.04118048
v 0.00000274 -0.02929938 0.03780271
v 0.03327280 -0.02673538 0.03946323
v 0.03378138 -0.02672904 0.03944958
v 0.03566237 -0.02664625 0.03931596
v 0.03378477 -0.02929181 0.03778693
v 0.00000292 -0.03071271 0.03670923
v 0.00000273 -0.03194915 0.03572335
v 0.00000289 -0.03325075 0.03455419
v 0.03327609 -0.03071134 0.03670769
v 0.03482070 -0.03085749 0.03647644
v 0.03669503 -0.03181935 0.03524249
v 0.03482876 -0.03302926 0.03462862
v 0.04265194 -0.01970987 0.03978781
v 0.04503166 -0.01997201 0.03720027
v 0.04603138 -0.01952421 0.03600994
v 0.04544180 -0.02125337 0.03597652
v 0.04412504 -0.02437618 0.03575347
v 0.04544153 -0.02358580 0.03449144
v 0.04581635 -0.02331862 0.03409313
v 0.04545564 -0.02601195 0.03288820
v 0.04414110 -0.02921094 0.03214855
v 0.04545085 -0.02826173 0.03100560
v 0.04601913 -0.02777300 0.03044448
v 0.04546252 -0.03045752 0.02908803
v 0.04413459 -0.03354081 0.02792667
v 0.04545258 -0.03243945 0.02691638
v 0.04606248 -0.03183651 0.02638643
v 0.04546103 -0.03424420 0.02486242
v 0.00000305 -0.03569258 0.03218402
v 0.00000273 -0.03454970 0.03336461
v 0.03328419 -0.03324932 0.03455253
v 0.03378653 -0.03454116 0.03334874
v 0.00000294 -0.03790118 0.02971327
v 0.00000274 -0.03680993 0.03100602
v 0.03480497 -0.03579779 0.03194236
v 0.03327500 -0.03569121 0.03218249
v 0.03668495 -0.03654178 0.03063500
v 0.03481159 -0.03769112 0.02982120
v 0.00000233 -0.04028179 0.02660495
v 0.00000274 -0.03902422 0.02835355
v 0.03328162 -0.03789957 0.02971183
v 0.03377708 -0.03901515 0.02833768
v 0.03647632 -0.04058897 0.02553249
v 0.00000237 -0.04209934 0.02392302
v 0.00000273 -0.04146204 0.02493502
v 0.03460251 -0.04031129 0.02644401
v 0.03326772 -0.04028021 0.02660384
v 0.03461640 -0.04188788 0.02412419
v 0.00000238 -0.04412557 0.02024327
v 0.00000274 -0.04277550 0.02281624
v 0.03377411 -0.04276510 0.02280090
v 0.03328156 -0.04209749 0.02392194
v 0.00000273 -0.04553562 0.01749232
v 0.03378377 -0.04411615 0.02022536
v 0.03326586 -0.04412393 0.02024238
v 0.03567443 -0.04397961 0.02014295
v 0.03378988 -0.04552429 0.01747515
v 0.00030059 -0.04799628 0.01118056
v 0.00000273 -0.04769618 0.01206380
v 0.00000092 -0.04668958 0.01462410
v 0.03297181 -0.04803328 0.01106168
v 0.03326982 -0.04668785 0.01462317
v 0.03377800 -0.04667769 0.01460879
v 0.03354206 -0.04807844 0.01086211
v 0.03567602 -0.04653204 0.01454369
v 0.03377856 -0.04772442 0.01193474
v 0.00000273 -0.04946529 0.00624986
v 0.03298516 -0.04882332 0.00845715
v 0.03355464 -0.04878977 0.00850825
v 0.03749220 -0.04894611 0.00596693
v 0.03572870 -0.04845343 0.00899990
v 0.03379276 -0.04944003 0.00627839
v 0.04021003 -0.04710863 0.00859182
v 0.04267109 -0.04479300 0.01082189
v 0.03747202 -0.04616778 0.01439729
v 0.03745654 -0.04723420 0.01167752
v 0.03746783 -0.04808876 0.00888378
v 0.04267924 -0.04376308 0.01343825
v 0.03750370 -0.04502234 0.01722502
v 0.04021074 -0.04522020 0.01401288
v 0.04266722 -0.03827154 0.02391528
v 0.03747353 -0.04215380 0.02275327
v 0.03748128 -0.04363542 0.01994910
v 0.04021880 -0.04272951 0.01947073
v 0.04267637 -0.03447804 0.02875994
v 0.04267398 -0.03650871 0.02645179
v 0.03746725 -0.03853763 0.02805505
v 0.03746436 -0.04039315 0.02538510
v 0.04020200 -0.03955272 0.02480648
v 0.03749654 -0.03417580 0.03292480
v 0.04268032 -0.03002868 0.03310442
v 0.04269882 -0.03236847 0.03105875
v 0.03747728 -0.03639588 0.03049345
v 0.04021378 -0.03563499 0.02981021
v 0.03747825 -0.02917679 0.03718654
v 0.03748376 -0.03169400 0.03508336
v 0.04265701 -0.02505971 0.03681122
v 0.04268099 -0.02764238 0.03510193
v 0.04021714 -0.03103263 0.03430314
v 0.03745383 -0.02081652 0.04210856
v 0.04018641 -0.02038420 0.04119041
v 0.03744792 -0.02371432 0.04070278
v 0.03745903 -0.02644019 0.03898407
v 0.04265136 -0.02246835 0.03845184
v 0.04019099 -0.02589175 0.03812857
v 0.04266967 -0.01679080 0.04112345
v 0.04503169 -0.01761242 0.03832248
v 0.04365577 -0.01936343 0.03904253
v 0.04414715 -0.04259142 0.01296241
v 0.04270457 -0.04266267 0.01613206
v 0.04366936 -0.03759157 0.02345136
v 0.04268286 -0.04134909 0.01873458
v 0.04268051 -0.03994076 0.02140984
v 0.04415113 -0.04022649 0.01814902
v 0.04601215 -0.01698988 0.03724569
v 0.04544102 -0.01568358 0.03861540
v 0.04503890 -0.03559107 0.02390342
v 0.04608652 -0.03442077 0.02324404
v 0.04504710 -0.03706029 0.02172948
v 0.04546401 -0.03891214 0.01744126
v 0.04546410 -0.03763937 0.01987784
v 0.04608778 -0.03601521 0.02090052
v 0.04547728 -0.04119054 0.01238686
v 0.04547594 -0.04015875 0.01497405
v 0.04606349 -0.03820971 0.01707817
v 0.04555829 -0.04285878 0.00727421
v 0.04549069 -0.04214954 0.00988820
v 0.04606230 -0.04047093 0.01210428
v 0.04562896 -0.04357037 0.00452833
v 0.04596394 -0.04234444 0.00711292
v 0.04609243 -0.00429995 0.04033988
v 0.04544197 -0.00436228 0.04119523
v 0.04600398 -0.01194122 0.03897748
v 0.04412834 -0.00452544 0.04267276
v 0.04411724 -0.01257835 0.04111373
v 0.04543256 -0.01213510 0.03969681
v 0.04546019 -0.00832666 0.04074731
v 0.04266929 -0.00465787 0.04391857
v 0.04020535 -0.00479578 0.04547304
v 0.04019225 -0.01338004 0.04380523
v 0.04265788 -0.01292385 0.04231569
v 0.04269426 -0.00885314 0.04344114
v 0.03567692 -0.00493112 0.04687795
v 0.03747248 -0.00489878 0.04648694
v 0.03566800 -0.01378179 0.04515264
v 0.03746371 -0.01366480 0.04477950
v 0.03748885 -0.00935071 0.04598848
v 0.03278895 -0.01010474 0.04641044
v 0.00030266 -0.00940882 0.04656109
v 0.00000267 -0.00494789 0.04705313
v 0.00000273 -0.00875882 0.04666953
v 0.03327961 -0.00494761 0.04705107
v 0.03378482 -0.00494708 0.04703600
v 0.03378314 -0.01382600 0.04530388
v 0.03332325 -0.01383096 0.04531716
v 0.03378704 -0.00945755 0.04653408
v 0.05378573 -0.00868853 0.02066891
v 0.05379469 -0.00763704 0.02098511
v 0.05379462 -0.00638436 0.02139898
v 0.05347647 -0.00833216 0.02277599
v 0.05298269 -0.01030018 0.02418789
v 0.05297317 -0.00897037 0.02469605
v 0.05287618 -0.00781334 0.02541980
v 0.05243052 -0.00957381 0.02662534
v 0.05231990 -0.01111316 0.02646041
v 0.05211255 -0.00998896 0.02751828
v 0.05146402 -0.01040321 0.02915588
v 0.05154384 -0.01189507 0.02841794
v 0.04785008 -0.00939531 0.03675416
v 0.05101010 -0.00921978 0.03059156
v 0.05038503 -0.01125640 0.03154700
v 0.04743660 -0.01632900 0.03516478
v 0.04737362 -0.01465988 0.03599193
v 0.04741022 -0.01113891 0.03699089
v 0.04982388 -0.01342143 0.03192102
v 0.04914263 -0.01209312 0.03383920
v 0.05379024 -0.00392246 0.02196129
v 0.05379509 -0.00525536 0.02167222
v 0.05345587 -0.00270444 0.02403587
v 0.05346944 -0.00611052 0.02346639
v 0.05286323 -0.00307308 0.02629803
v 0.05214777 -0.00316261 0.02882961
v 0.05287539 -0.00658113 0.02572430
v 0.05216491 -0.00725698 0.02816971
v 0.05287625 -0.00533690 0.02601510
v 0.05099085 -0.00361330 0.03161118
v 0.04972585 -0.00370486 0.03448051
v 0.04787224 -0.00380050 0.03755054
v 0.04788791 -0.00742135 0.03715461
v 0.05100921 -0.00783533 0.03093162
v 0.04974911 -0.00860587 0.03370190
v 0.05101106 -0.00630971 0.03128496
v 0.00000273 -0.05084808 -0.00058557
v -0.00002360 -0.04987648 0.00446135
v 0.00008202 -0.05055640 0.00108297
v 0.00000276 -0.05025261 0.00277839
v 0.03325942 -0.04987535 0.00445699
v 0.03467685 -0.04984388 0.00424552
v 0.03298614 -0.05055696 0.00107845
v 0.04540827 -0.04487183 -0.00591823
v 0.04589128 -0.04426017 -0.00384034
v 0.04500305 -0.04540910 -0.00582330
v 0.04414906 -0.04643578 -0.00559725
v 0.04523074 -0.04516593 -0.00475452
v 0.04419681 -0.04578222 0.00143275
v 0.04537945 -0.04496664 -0.00369568
v 0.04552034 -0.04476586 -0.00262587
v 0.04457399 -0.04596797 -0.00347065
v 0.04325062 -0.04733485 -0.00537828
v 0.04201913 -0.04836019 -0.00509311
v 0.04353343 -0.04707547 -0.00432293
v 0.04211607 -0.04750516 0.00189971
v 0.04341299 -0.04650580 0.00163916
v 0.04372818 -0.04684700 -0.00326498
v 0.04393818 -0.04656446 -0.00188272
v 0.04256114 -0.04786639 -0.00300041
v 0.03901154 -0.05007411 -0.00450123
v 0.04064264 -0.04925712 -0.00481256
v 0.04098040 -0.04901581 -0.00378071
v 0.04008914 -0.04869193 0.00219876
v 0.04123723 -0.04878101 -0.00274676
v 0.04150923 -0.04848721 -0.00137594
v 0.03966046 -0.04963217 -0.00247032
v 0.03580229 -0.05101121 -0.00398376
v 0.03725689 -0.05067962 -0.00420676
v 0.03763807 -0.05048952 -0.00321356
v 0.03794369 -0.04951004 0.00247481
v 0.03656412 -0.04986149 0.00259483
v 0.03541202 -0.05033928 0.00124470
v 0.03794567 -0.05028883 -0.00221811
v 0.03827000 -0.05002662 -0.00088824
v 0.03651727 -0.05066910 -0.00203177
v 0.00015211 -0.05099794 -0.00168994
v 0.00000272 -0.05112666 -0.00266777
v 0.03345840 -0.05123060 -0.00368857
v 0.03428560 -0.05119193 -0.00378034
v 0.03303114 -0.05099676 -0.00168204
v 0.03470128 -0.05105703 -0.00282626
v 0.03318717 -0.05084821 -0.00060224
v 0.03421978 -0.05050074 0.00114871
v 0.03503238 -0.05090351 -0.00186939
v 0.03537968 -0.05069472 -0.00062157
v 0.03400489 -0.05098533 -0.00177312
v 0.04501771 -0.04479243 0.00204614
v 0.04628072 -0.04314404 0.00176086
v 0.04608438 -0.04392395 -0.00181242
v 0.04500132 -0.04530899 -0.00116771
v 0.02256457 0.04300932 -0.03798464
v 0.02296553 0.04252496 -0.04027106
v 0.02536482 0.04185757 -0.04061278
v 0.02599539 0.04164472 -0.04075497
v 0.00294093 0.04039679 -0.07051776
v 0.00296453 0.04056553 -0.06956687
v 0.01984677 0.04348327 -0.03748544
v 0.02864152 0.04059687 -0.04112885
v 0.05071502 -0.00322708 -0.04484430
v 0.05071399 -0.00300017 -0.04485087
v 0.04733685 -0.00674080 -0.06963014
v 0.04713774 -0.00391900 -0.07030960
v 0.05069764 -0.00373725 -0.04496024
v 0.05066086 0.00117598 -0.04444792
v 0.05068055 -0.00041620 -0.04481100
v 0.05069282 -0.00196746 -0.04497373
v 0.05052074 0.00301810 -0.04461519
v 0.04661132 0.00058403 -0.07051392
v 0.04699010 -0.00117349 -0.06984220
v 0.04693123 -0.00200621 -0.07055274
v 0.05030256 0.00525353 -0.04481765
v 0.05018367 0.00739239 -0.04404307
v 0.04529099 0.02347567 -0.04366946
v 0.04385373 0.02537020 -0.04507369
v 0.04347171 0.01145724 -0.07091451
v 0.04643709 0.02124675 -0.04348001
v 0.04416615 0.00967565 -0.07085917
v 0.04508543 0.00708140 -0.07073570
v 0.04740586 0.01748460 -0.04548855
v 0.04838592 0.01554993 -0.04421393
v 0.04560991 0.00522268 -0.07068207
v 0.04625709 0.00254750 -0.07057200
v 0.04930848 0.01084299 -0.04546151
v 0.04919251 0.01286128 -0.04390246
v 0.04576780 0.02262227 -0.04352752
v 0.04168016 0.01520043 -0.07102061
v 0.04252413 0.01350889 -0.07099692
v 0.02723378 0.04120004 -0.04086931
v 0.01501797 0.03800011 -0.07085341
v 0.01690177 0.03730050 -0.07093147
v 0.02395835 0.04227386 -0.04040848
v 0.01039354 0.03935218 -0.07058998
v 0.01235056 0.03883272 -0.07068572
v 0.02075172 0.04334899 -0.03770645
v 0.00767714 0.03988604 -0.07044276
v 0.00569967 0.04022331 -0.07029655
v 0.04726824 -0.00815221 -0.06994226
v 0.04716040 -0.00671943 -0.07057903
v 0.00121578 -0.05361874 -0.07045283
v 0.00109858 -0.05389714 -0.06853443
v 0.00111758 -0.05393772 -0.06303907
v 0.00399668 -0.05334121 -0.07118353
v 0.01978138 -0.05274807 -0.04371931
v 0.03016744 -0.04984485 -0.04280961
v 0.02775477 -0.05080309 -0.04361311
v 0.02094513 -0.04974409 -0.07153741
v 0.01891701 -0.05087199 -0.07031276
v 0.02553566 -0.05160818 -0.04327360
v 0.01858382 -0.05121771 -0.06890041
v 0.01720168 -0.05148109 -0.07025800
v 0.02353141 -0.05212627 -0.04312919
v 0.01483731 -0.05217472 -0.06998881
v 0.02313207 -0.05223147 -0.04298934
v 0.02116691 -0.05255995 -0.04365469
v 0.02242712 -0.05239845 -0.04268172
v 0.01027814 -0.05313802 -0.06968051
v 0.01262906 -0.05270771 -0.06995625
v 0.00635131 -0.05323787 -0.07118174
v 0.01916566 -0.05283439 -0.04352735
v 0.01791830 -0.05295182 -0.04440533
v 0.01665721 -0.05305581 -0.04518088
v 0.01532111 -0.05315800 -0.04577557
v 0.01394036 -0.05325454 -0.04618793
v 0.00448588 -0.05371387 -0.06920538
v 0.00804437 -0.05344673 -0.06962732
v 0.03591268 -0.04610160 -0.04291312
v 0.03294369 -0.04827023 -0.04299860
v 0.02669683 -0.04700471 -0.07055113
v 0.03188756 -0.04894111 -0.04283631
v 0.02387950 -0.04860457 -0.07055135
v 0.02609726 -0.04751191 -0.07000701
v 0.02582551 -0.04738425 -0.07110100
v 0.02945110 -0.05022419 -0.04257898
v 0.02852225 -0.05047112 -0.04373768
v 0.02174701 -0.04971051 -0.07042513
v 0.02080423 -0.05016716 -0.07022764
v 0.03853084 -0.03519881 -0.07105824
v 0.03695067 -0.03754030 -0.07082073
v 0.03778928 -0.04440967 -0.04288259
v 0.03553665 -0.03920976 -0.07082900
v 0.03372867 -0.04122363 -0.07083135
v 0.03687824 -0.04528650 -0.04284632
v 0.03138281 -0.04342409 -0.07080415
v 0.03285580 -0.04211627 -0.07071146
v 0.03539024 -0.04656250 -0.04276790
v 0.03461816 -0.04708151 -0.04310678
v 0.03002617 -0.04455491 -0.07081906
v 0.02816994 -0.04611093 -0.07005579
v 0.02807886 -0.04588185 -0.07110216
v 0.04605216 -0.01769386 -0.07035537
v 0.04556033 -0.01976386 -0.07039759
v 0.04479731 -0.02240877 -0.07046205
v 0.04413074 -0.02441224 -0.07052453
v 0.04310292 -0.02699293 -0.07055171
v 0.04279953 -0.02712649 -0.07143974
v 0.04228722 -0.02887798 -0.07059678
v 0.04060138 -0.03196002 -0.07091768
v 0.04168583 -0.03007547 -0.07066032
v 0.03988639 -0.03344989 -0.07039928
v 0.03868142 -0.03531301 -0.07021520
v 0.04073703 -0.03209465 -0.07008578
v 0.04718546 -0.01019549 -0.06965747
v 0.05054433 -0.01122133 -0.04379679
v 0.04700434 -0.01016787 -0.07063998
v 0.04684685 -0.01292662 -0.07031829
v 0.04634913 -0.01620882 -0.07035450
v 0.04661887 -0.01464099 -0.07024643
v 0.01368369 -0.05327442 -0.04175536
v 0.01222945 -0.05336428 -0.04200027
v 0.01003359 -0.05348441 -0.04241636
v 0.00426128 -0.05384127 -0.06305347
v 0.00676297 -0.05373247 -0.06304996
v -0.00007955 -0.05382461 -0.03337695
v -0.00002938 -0.05380141 -0.03236464
v -0.00008459 -0.05384222 -0.03428287
v -0.00003507 -0.05385934 -0.03529942
v 0.00447500 -0.05364918 -0.03008951
v 0.00360687 -0.05367606 -0.03004514
v 0.00001934 -0.05375568 -0.03053677
v 0.00005240 -0.05373396 -0.02976249
v 0.00001681 -0.05374589 -0.03016934
v 0.00063599 -0.05366370 -0.02801313
v 0.00344345 -0.05362980 -0.02805875
v 0.00000664 -0.05390097 -0.03851888
v 0.00001359 -0.05388250 -0.03684389
v 0.00453653 -0.05367077 -0.03162814
v 0.00056275 -0.05386033 -0.03538879
v 0.00451560 -0.05366916 -0.03147186
v 0.00080197 -0.05385490 -0.03524338
v 0.00082440 -0.05387742 -0.03675095
v 0.00001915 -0.05376717 -0.03096894
v 0.00059470 -0.05380131 -0.03238089
v 0.00059244 -0.05375591 -0.03056189
v 0.00002987 -0.05393684 -0.05070703
v 0.00001632 -0.05393234 -0.04311851
v 0.00000450 -0.05393095 -0.04267616
v 0.00127827 -0.05393183 -0.05511916
v 0.00003645 -0.05393858 -0.05371701
v 0.00057135 -0.05393695 -0.05371778
v 0.00114823 -0.05393516 -0.05813410
v 0.00057578 -0.05393282 -0.04580545
v 0.00000502 -0.05393060 -0.04257703
v 0.00000499 -0.05393056 -0.04256596
v 0.00066236 -0.05392994 -0.04265929
v 0.00000432 -0.05393001 -0.04242120
v 0.00000945 -0.05392747 -0.04181613
v 0.00066097 -0.05392908 -0.04241928
v 0.00001287 -0.05392198 -0.04074705
v 0.00000779 -0.05391833 -0.04011073
v 0.00070421 -0.05389947 -0.03850607
v 0.00066076 -0.05392305 -0.04120056
v 0.04547804 -0.03332854 -0.04273714
v 0.04518167 -0.03389214 -0.04287963
v 0.04487923 -0.03453839 -0.04278918
v 0.04921929 -0.03669899 -0.01368368
v 0.04761874 -0.02722702 -0.04375515
v 0.04717830 -0.02866967 -0.04372376
v 0.04674643 -0.02978123 -0.04390159
v 0.04608488 -0.03141170 -0.04384078
v 0.04995052 -0.03433467 -0.01497154
v 0.04910080 -0.03589735 -0.01663662
v 0.04922731 -0.03742387 -0.01072217
v 0.04839709 -0.03886282 -0.01233760
v 0.04990906 -0.03612942 -0.00911373
v 0.04912019 -0.03824377 -0.00769705
v 0.04736540 -0.04141578 0.00076604
v 0.04695937 -0.04256787 -0.00298643
v 0.04715745 -0.04216741 -0.00165997
v 0.04816031 -0.04029072 -0.00627034
v 0.04893861 -0.03884597 -0.00444676
v 0.00272939 -0.05390048 -0.05971078
v 0.00498671 -0.05381134 -0.05527409
v 0.05389274 -0.02122365 0.00544544
v 0.05393835 -0.02141728 0.00329798
v 0.05387201 -0.02199953 0.00133642
v 0.05391190 -0.02168262 0.00285569
v 0.05390576 -0.02142264 0.00453323
v 0.05384273 -0.02131092 0.00614318
v 0.00514926 -0.05367729 -0.03383048
v 0.00793144 -0.05355106 -0.03382209
v 0.00725453 -0.05358557 -0.03381704
v 0.00196258 -0.05391421 -0.05443868
v 0.00441064 -0.05381773 -0.04997564
v 0.00152315 -0.05388454 -0.03910870
v 0.00139591 -0.05391232 -0.04209533
v 0.00137573 -0.05391240 -0.04198246
v 0.00136680 -0.05391203 -0.04183045
v 0.00140668 -0.05390541 -0.04072149
v 0.00281329 -0.05388071 -0.04668013
v 0.00367223 -0.05363583 -0.02838684
v 0.00090962 -0.05379245 -0.03219480
v 0.00086033 -0.05374698 -0.03033590
v 0.00083445 -0.05375972 -0.03080014
v 0.04581496 -0.04421756 -0.00694387
v 0.04610211 -0.04389659 -0.00561103
v 0.04641563 -0.04342630 -0.00458942
v 0.04738809 -0.04154216 -0.00792346
v 0.04719873 -0.04213572 -0.00490844
v 0.04740614 -0.03629438 0.01624911
v 0.04731284 -0.03771651 0.01380349
v 0.04735565 -0.03868075 0.01119779
v 0.04765149 -0.03231555 0.02193514
v 0.04758909 -0.03325486 0.02082696
v 0.04764751 -0.03414178 0.01927030
v 0.04895252 -0.03347391 0.01594863
v 0.04698786 -0.01959428 0.03433330
v 0.04674455 -0.02114874 0.03393971
v 0.04682026 -0.02362852 0.03221351
v 0.04814965 -0.01783528 0.03313214
v 0.04745132 -0.02595727 0.02912118
v 0.04740695 -0.02826859 0.02722230
v 0.04752147 -0.03011231 0.02490703
v 0.04904495 -0.02877742 0.02250706
v 0.04825515 -0.02390489 0.02905364
v 0.05289214 -0.01180247 0.02375761
v 0.05243043 -0.01232470 0.02548276
v 0.05209809 -0.01263830 0.02647356
v 0.05147346 -0.01338934 0.02791523
v 0.05374711 -0.01104963 0.01969262
v 0.05379132 -0.00954707 0.02025602
v 0.05379932 -0.00884048 0.02051437
v 0.05352563 -0.00971526 0.02196965
v 0.05356846 -0.01726455 0.01596809
v 0.05357971 -0.01608929 0.01711656
v 0.05356255 -0.01485144 0.01821293
v 0.05322986 -0.01379898 0.02091809
v 0.05262779 -0.01592087 0.02236500
v 0.05332501 -0.01373923 0.02045202
v 0.05332945 -0.02509988 0.00071228
v 0.05378201 -0.02118853 -0.00747938
v 0.05381921 -0.02157106 -0.00599849
v 0.05383906 -0.02188777 -0.00434299
v 0.05380703 -0.02229817 -0.00274251
v 0.05366731 -0.02315391 -0.00059749
v 0.05325928 -0.02540351 -0.00378610
v 0.05109853 -0.03179399 -0.01204861
v 0.05098253 -0.03107743 -0.01467252
v 0.05253417 -0.02797553 -0.00696169
v 0.05290138 -0.02590461 -0.00818403
v 0.05343989 -0.02148624 -0.01153297
v 0.04955127 -0.02063172 -0.04191179
v 0.04935664 -0.02162086 -0.04184673
v 0.04964533 -0.02022575 -0.04181051
v 0.05322236 -0.02382919 -0.00938217
v 0.05247915 -0.02640472 -0.01266725
v 0.05364575 -0.01866663 -0.01396966
v 0.05365104 -0.01762618 -0.01516222
v 0.05362671 -0.01958360 -0.01270651
v 0.05007961 -0.01684160 -0.04284387
v 0.04987825 -0.01814688 -0.04286862
v 0.05303743 -0.02221684 -0.01494536
v 0.05377742 -0.01475946 -0.01692050
v 0.05374676 -0.01317725 -0.01828873
v 0.05375375 -0.01568851 -0.01630954
v 0.05375723 -0.01443158 -0.01738264
v 0.05028151 -0.01405045 -0.04396545
v 0.05021532 -0.01475310 -0.04389746
v 0.05337322 -0.01808685 -0.01723651
v 0.05051212 -0.01516171 0.02958125
v 0.04938237 -0.01605994 0.03163902
v 0.04882969 -0.01976000 0.03076172
v 0.04951099 -0.02206601 0.02753073
v 0.05119593 -0.01591321 0.02731439
v 0.05028042 -0.02671154 0.02090973
v 0.05008921 -0.02438205 0.02419240
v 0.05175603 -0.01800673 0.02413254
v 0.05220728 -0.02016364 0.02078349
v 0.05072423 -0.02007490 0.02587787
v 0.05040707 -0.02901045 0.01762335
v 0.05233834 -0.02239736 0.01757276
v 0.05144749 -0.02459368 0.01925363
v 0.04987092 -0.03367618 0.01128249
v 0.05015479 -0.03138872 0.01440138
v 0.05131021 -0.02922536 0.01284192
v 0.04672395 -0.04086225 0.00822372
v 0.04691178 -0.04142144 0.00530894
v 0.04805926 -0.03803408 0.00961185
v 0.04812815 -0.03954567 0.00356545
v 0.04989665 -0.03653026 -0.00133041
v 0.04890384 -0.03863484 0.00027539
v 0.04926636 -0.03607570 0.00813753
v 0.05046657 -0.03390696 0.00659790
v 0.04860233 -0.03839762 0.00502708
v 0.05362792 -0.02097051 0.01021553
v 0.05364139 -0.02016206 0.01165876
v 0.05361777 -0.01933411 0.01308593
v 0.05349400 -0.02252786 0.00819278
v 0.05310991 -0.02026997 0.01594299
v 0.05241485 -0.02459837 0.01436897
v 0.05328594 -0.02477807 0.00513237
v 0.05284494 -0.02722060 0.00205202
v 0.05219497 -0.02695032 0.01124241
v 0.05193230 -0.02927087 0.00814558
v 0.05296471 -0.02475098 0.00972031
v 0.05076528 -0.03443950 -0.00280055
v 0.05230699 -0.02970591 -0.00111401
v 0.05140736 -0.03168565 0.00502225
v 0.05080468 -0.03410082 0.00185111
v 0.05221851 -0.02950716 0.00354377
v 0.04411561 -0.04538036 -0.01352108
v 0.04327035 -0.04609734 -0.01476736
v 0.04271180 -0.04641468 -0.01588777
v 0.04046981 -0.04140224 -0.04302315
v 0.04093112 -0.04076867 -0.04311379
v 0.03853428 -0.04360784 -0.04300061
v 0.03896657 -0.04311547 -0.04312356
v 0.04579161 -0.04380366 -0.00988890
v 0.04523347 -0.04423268 -0.01194316
v 0.04748251 -0.04021286 -0.01395953
v 0.04748746 -0.04091691 -0.01096620
v 0.04644716 -0.04287659 -0.00957615
v 0.04526281 -0.04369190 -0.01425566
v 0.05063726 -0.03388642 -0.01055293
v 0.05058008 -0.03466995 -0.00735320
v 0.05205315 -0.03014117 -0.00562968
v 0.05169080 -0.03055063 -0.01018918
v 0.05147603 -0.03225172 -0.00428788
v 0.04837285 -0.02403115 -0.04467657
v 0.04803162 -0.02526412 -0.04482134
v 0.05032642 -0.03138656 -0.01876828
v 0.05139165 -0.02903261 -0.01590247
v 0.05172116 -0.02699804 -0.01706538
v 0.04169130 -0.03934120 -0.04433839
v 0.04402527 -0.03568962 -0.04414141
v 0.04307710 -0.03733099 -0.04420646
v 0.04735495 -0.03958430 -0.01688524
v 0.04513728 -0.04308430 -0.01713389
v 0.04635365 -0.04173019 -0.01557314
v -0.00072848 0.03586591 -0.08878139
v -0.00311877 0.03569120 -0.08889927
v 0.00058947 0.03585430 -0.08886775
v 0.00314708 0.03568824 -0.08890151
v 0.00915843 0.03484031 -0.08888546
v 0.01200735 0.03412208 -0.08887872
v 0.00684252 0.03520406 -0.08892144
v 0.01455028 0.03320249 -0.08893482
v 0.01333655 0.03368984 -0.08882137
v 0.01028381 0.03460867 -0.08878449
v 0.00725241 0.03516817 -0.08882433
v 0.00422323 0.02583863 -0.11427760
v 0.02919501 0.03520839 -0.05912137
v 0.03051844 0.03372491 -0.06133220
v 0.01784167 0.03183803 -0.08894043
v 0.01237850 0.02364433 -0.11428445
v 0.03532430 0.02986618 -0.06135414
v 0.03385581 0.03116730 -0.06140706
v 0.01961803 0.01932672 -0.11437632
v 0.03915174 0.02414866 -0.06298898
v 0.03826565 0.02620189 -0.06129475
v 0.03841209 0.02512129 -0.06320172
v 0.03700034 0.01403571 -0.08894589
v 0.03808711 0.01179978 -0.08899509
v 0.03748423 0.01313321 -0.08886924
v 0.01349814 0.01135112 -0.11720000
v 0.01639232 0.01015232 -0.11720000
v 0.02558590 0.01339276 -0.11435804
v 0.03972825 0.00788441 -0.08891121
v 0.04072449 0.00498845 -0.08887524
v 0.04140959 0.00196658 -0.08892186
v 0.04157856 0.00073939 -0.08903971
v 0.03947617 0.00844519 -0.08901644
v 0.04036099 0.00611917 -0.08897881
v 0.04113381 0.00331228 -0.08898467
v 0.01469694 0.00845694 -0.11720000
v 0.02985668 0.00612705 -0.11430748
v 0.04219066 -0.00407838 -0.08892776
v 0.04227065 -0.00548026 -0.08897096
v 0.04205317 -0.00287933 -0.08904063
v 0.04225243 -0.00741048 -0.08902601
v 0.04207261 -0.00989129 -0.08908219
v 0.03202563 -0.00202376 -0.11431871
v 0.04125197 -0.01576885 -0.08910500
v 0.04099447 -0.01707310 -0.08901730
v 0.04060306 -0.01850932 -0.08913546
v 0.04011311 -0.02012729 -0.08908180
v 0.03971135 -0.02115209 -0.08924208
v 0.04159702 -0.01348003 -0.08911919
v 0.04155334 -0.01397776 -0.08902643
v 0.04139440 -0.01504491 -0.08901974
v 0.02318225 -0.00624000 -0.11720000
v 0.03200478 -0.01045351 -0.11433477
v 0.03594489 -0.02925898 -0.08937081
v 0.03444722 -0.03142779 -0.08946849
v 0.03831434 -0.02450699 -0.08929109
v 0.03744430 -0.02652647 -0.08930048
v 0.03687366 -0.02769855 -0.08921697
v 0.02975642 -0.01856551 -0.11438990
v 0.02792642 -0.03872311 -0.08958994
v 0.03177969 -0.03490935 -0.08939149
v 0.03209853 -0.03447088 -0.08950978
v 0.02968987 -0.03719694 -0.08942232
v 0.03036876 -0.03648014 -0.08951643
v 0.02906125 -0.03778905 -0.08943533
v 0.02007640 -0.01161946 -0.11720000
v 0.02007641 -0.01783112 -0.11719999
v 0.02547615 -0.02578854 -0.11446154
v 0.01993164 -0.04413981 -0.08952644
v 0.01871543 -0.04469830 -0.08942836
v 0.02501491 -0.04095732 -0.08961592
v 0.02281678 -0.04254324 -0.08955633
v 0.02182162 -0.04318138 -0.08941457
v 0.02456173 -0.04134795 -0.08948655
v 0.01759112 -0.01352648 -0.11720000
v 0.01952232 -0.03168197 -0.11449323
v 0.00849999 -0.04784588 -0.08926793
v 0.01559251 -0.04599950 -0.08939928
v 0.01394497 -0.04660144 -0.08941635
v 0.01301320 -0.04692900 -0.08924202
v 0.01099612 -0.04742325 -0.08930248
v 0.01004979 -0.04763244 -0.08917447
v 0.01469694 -0.01472528 -0.11720000
v 0.01228733 -0.03590424 -0.11446423
v -0.00298630 -0.04846852 -0.08920045
v -0.00214217 -0.04856627 -0.08902623
v -0.00478092 -0.04834753 -0.08920057
v -0.00037460 -0.04858695 -0.08908418
v 0.00040082 -0.04858631 -0.08908441
v 0.00324881 -0.04845848 -0.08917467
v 0.00122151 -0.04858851 -0.08901192
v 0.00489133 -0.04833173 -0.08921774
v 0.00396413 -0.04845535 -0.08904950
v 0.00420531 -0.03818258 -0.11438231
v -0.01084358 -0.04745675 -0.08929449
v -0.01383719 -0.04663928 -0.08940408
v -0.01557120 -0.04600739 -0.08940707
v -0.00851171 -0.04784400 -0.08926732
v -0.01174008 -0.04726437 -0.08923906
v -0.00000000 -0.02942224 -0.11720000
v -0.00420533 -0.03818267 -0.11438224
v -0.01999265 -0.04410986 -0.08952480
v -0.02271938 -0.04260535 -0.08955082
v -0.02490099 -0.04104703 -0.08960042
v -0.01873940 -0.04468712 -0.08943797
v -0.00289418 -0.02822343 -0.11720000
v -0.01228712 -0.03590374 -0.11446463
v -0.02906467 -0.03778444 -0.08943762
v -0.03036307 -0.03648392 -0.08951513
v -0.03208309 -0.03448781 -0.08950746
v -0.02791369 -0.03873152 -0.08958964
v -0.00537946 -0.02631640 -0.11720000
v -0.01952260 -0.03168235 -0.11449288
v -0.03444489 -0.03142810 -0.08946690
v -0.03595614 -0.02923824 -0.08936724
v -0.03686328 -0.02771467 -0.08920079
v -0.03742356 -0.02656529 -0.08929958
v -0.03831211 -0.02450724 -0.08928927
v -0.02547666 -0.02578893 -0.11446107
v -0.04124726 -0.01578244 -0.08910299
v -0.04158748 -0.01354338 -0.08911234
v -0.03972992 -0.02110204 -0.08923362
v -0.04014338 -0.02003524 -0.08905705
v -0.04060706 -0.01848863 -0.08913225
v -0.04099941 -0.01704191 -0.08899481
v -0.00000000 -0.00624000 -0.11720000
v -0.00848528 -0.02093694 -0.11720000
v -0.02007643 -0.01783113 -0.11720000
v -0.02975711 -0.01856581 -0.11438934
v -0.04221488 -0.00440097 -0.08892807
v -0.04226674 -0.00554886 -0.08896242
v -0.04205082 -0.00287803 -0.08903873
v -0.04225181 -0.00737248 -0.08902292
v -0.04207043 -0.00989140 -0.08908019
v -0.03200555 -0.01045360 -0.11433418
v -0.03972597 0.00788462 -0.08890932
v -0.04074048 0.00493109 -0.08887596
v -0.04142897 0.00185140 -0.08892504
v -0.03947385 0.00844549 -0.08901457
v -0.04158020 0.00070733 -0.08904099
v -0.04035022 0.00614448 -0.08897750
v -0.04113320 0.00330494 -0.08898298
v -0.02318224 -0.00624000 -0.11720000
v -0.03202640 -0.00202365 -0.11431812
v -0.03748584 0.01312522 -0.08886777
v -0.03918794 0.02409114 -0.06297966
v -0.03845965 0.02506345 -0.06318546
v -0.03825178 0.02621582 -0.06129613
v -0.03808497 0.01179962 -0.08899326
v -0.03700007 0.01403201 -0.08894414
v -0.01039231 0.01176000 -0.11720000
v -0.00728648 0.01135111 -0.11720000
v 0.00119880 0.00286583 -0.11720000
v -0.02198342 -0.00334583 -0.11720000
v -0.02985736 0.00612733 -0.11430691
v -0.03385286 0.03116764 -0.06140649
v -0.03532142 0.02986655 -0.06135354
v -0.00848529 0.01424529 -0.11720000
v -0.02558609 0.01339289 -0.11435787
v -0.03051649 0.03372447 -0.06133176
v -0.02919198 0.03520864 -0.05912088
v -0.01783790 0.03183865 -0.08893964
v -0.00600001 0.01615233 -0.11720000
v -0.01961814 0.01932688 -0.11437618
v -0.00711839 0.03518654 -0.08883909
v -0.00817324 0.03503368 -0.08882346
v -0.01026882 0.03461449 -0.08878652
v -0.01333095 0.03369164 -0.08882061
v -0.00925294 0.03482160 -0.08888183
v -0.01201863 0.03411785 -0.08887846
v -0.01455162 0.03320094 -0.08893439
v -0.00676814 0.03521211 -0.08892832
v -0.00422325 0.02583877 -0.11427749
v -0.01237862 0.02364464 -0.11428419
f 995 4025 3908
f 4025 1010 4024
f 3908 4024 991
f 4025 4024 3908
f 995 3907 3903
f 3907 902 3566
f 3903 3566 590
f 3907 3566 3903
f 990 3884 4023
f 3884 991 4024
f 4023 4024 1010
f 3884 4024 4023
f 995 3908 3909
f 3908 991 3898
f 3909 3898 994
f 3908 3898 3909
f 994 3896 3909
f 3896 900 3905
f 3909 3905 995
f 3896 3905 3909
f 994 3900 3893
f 3900 993 3889
f 3893 3889 808
f 3900 3889 3893
f 700 3567 2881
f 3567 902 3568
f 2881 3568 701
f 3567 3568 2881
f 700 2874 3567
f 2874 590 3566
f 3567 3566 902
f 2874 3566 3567
f 679 2816 2815
f 2816 681 2817
f 2815 2817 680
f 2816 2817 2815
f 682 2819 2818
f 2819 681 2816
f 2818 2816 679
f 2819 2816 2818
f 701 3568 2877
f 3568 902 3565
f 2877 3565 589
f 3568 3565 2877
f 589 3562 2877
f 3562 901 3564
f 2877 3564 701
f 3562 3564 2877
f 589 3565 3902
f 3565 902 3907
f 3902 3907 995
f 3565 3907 3902
f 995 3906 3902
f 3906 901 3562
f 3902 3562 589
f 3906 3562 3902
f 1005 3991 4000
f 3991 1006 4001
f 4000 4001 1007
f 3991 4001 4000
f 1008 4016 4007
f 4016 1009 4015
f 4007 4015 1007
f 4016 4015 4007
f 1007 3993 4007
f 3993 502 4006
f 4007 4006 1008
f 3993 4006 4007
f 1007 4015 4026
f 4015 1009 4027
f 4026 4027 1010
f 4015 4027 4026
f 1007 4026 3998
f 4026 1010 4025
f 3998 4025 995
f 4026 4025 3998
f 521 2312 2313
f 2312 323 1719
f 2313 1719 324
f 2312 1719 2313
f 1008 4002 4004
f 4002 189 2250
f 4004 2250 491
f 4002 2250 4004
f 491 4012 4004
f 4012 1009 4016
f 4004 4016 1008
f 4012 4016 4004
f 449 2105 3347
f 2105 448 3346
f 3347 3346 842
f 2105 3346 3347
f 186 3345 2100
f 3345 842 3346
f 2100 3346 448
f 3345 3346 2100
f 507 3986 3982
f 3986 1006 3991
f 3982 3991 1005
f 3986 3991 3982
f 216 1478 1456
f 1478 234 1479
f 1456 1479 223
f 1478 1479 1456
f 225 1624 1463
f 1624 292 1625
f 1463 1625 226
f 1624 1625 1463
f 225 1463 1460
f 1463 226 1462
f 1460 1462 216
f 1463 1462 1460
f 236 1486 1488
f 1486 207 1442
f 1488 1442 216
f 1486 1442 1488
f 1008 4006 4005
f 4006 502 2282
f 4005 2282 499
f 4006 2282 4005
f 1011 4030 4031
f 4030 990 4023
f 4031 4023 1010
f 4030 4023 4031
f 993 3900 3891
f 3900 994 3899
f 3891 3899 992
f 3900 3899 3891
f 992 3899 3888
f 3899 994 3898
f 3888 3898 991
f 3899 3898 3888
f 922 3621 3926
f 3621 924 3927
f 3926 3927 998
f 3621 3927 3926
f 933 3639 3928
f 3639 935 3929
f 3928 3929 998
f 3639 3929 3928
f 929 3785 3634
f 3785 973 3786
f 3634 3786 930
f 3785 3786 3634
f 592 2586 3646
f 2586 603 3647
f 3646 3647 938
f 2586 3647 3646
f 898 3912 3904
f 3912 996 3915
f 3904 3915 995
f 3912 3915 3904
f 995 3903 3904
f 3903 590 3552
f 3904 3552 898
f 3903 3552 3904
f 100 1094 1093
f 1094 102 1095
f 1093 1095 101
f 1094 1095 1093
f 900 3560 3559
f 3560 685 2824
f 3559 2824 588
f 3560 2824 3559
f 995 3905 3901
f 3905 900 3559
f 3901 3559 588
f 3905 3559 3901
f 588 3561 3901
f 3561 901 3906
f 3901 3906 995
f 3561 3906 3901
f 903 3569 3571
f 3569 685 3560
f 3571 3560 900
f 3569 3560 3571
f 899 3557 3570
f 3557 685 3569
f 3570 3569 903
f 3557 3569 3570
f 900 3896 3571
f 3896 994 3897
f 3571 3897 903
f 3896 3897 3571
f 903 3897 3570
f 3897 994 3895
f 3570 3895 899
f 3897 3895 3570
f 682 2825 2822
f 2825 685 2826
f 2822 2826 684
f 2825 2826 2822
f 899 3895 3558
f 3895 994 3892
f 3558 3892 686
f 3895 3892 3558
f 686 2828 3558
f 2828 685 3557
f 3558 3557 899
f 2828 3557 3558
f 686 2827 2828
f 2827 684 2826
f 2828 2826 685
f 2827 2826 2828
f 808 3260 3261
f 3260 684 2827
f 3261 2827 686
f 3260 2827 3261
f 704 2892 2901
f 2892 679 2898
f 2901 2898 705
f 2892 2898 2901
f 682 2818 2893
f 2818 679 2892
f 2893 2892 704
f 2818 2892 2893
f 556 2487 2440
f 2487 571 2488
f 2440 2488 557
f 2487 2488 2440
f 670 2907 2902
f 2907 707 2911
f 2902 2911 706
f 2907 2911 2902
f 706 2905 2906
f 2905 691 2899
f 2906 2899 705
f 2905 2899 2906
f 707 2909 2911
f 2909 691 2905
f 2911 2905 706
f 2909 2905 2911
f 671 2797 2799
f 2797 670 2798
f 2799 2798 672
f 2797 2798 2799
f 708 2916 2913
f 2916 707 2907
f 2913 2907 670
f 2916 2907 2913
f 693 2910 2914
f 2910 707 2916
f 2914 2916 708
f 2910 2916 2914
f 666 2912 2794
f 2912 708 2913
f 2794 2913 670
f 2912 2913 2794
f 323 2312 1717
f 2312 521 2311
f 1717 2311 322
f 2312 2311 1717
f 324 1719 1718
f 1719 323 1717
f 1718 1717 322
f 1719 1717 1718
f 502 3993 2283
f 3993 1007 3992
f 2283 3992 500
f 3993 3992 2283
f 1005 4000 3984
f 4000 1007 3999
f 3984 3999 1001
f 4000 3999 3984
f 995 3947 3955
f 3947 1000 3956
f 3955 3956 1001
f 3947 3956 3955
f 1001 3999 3955
f 3999 1007 3998
f 3955 3998 995
f 3999 3998 3955
f 522 3983 3976
f 3983 1005 3985
f 3976 3985 1004
f 3983 3985 3976
f 1005 3984 3985
f 3984 1001 3978
f 3985 3978 1004
f 3984 3978 3985
f 1004 3978 3979
f 3978 1001 3972
f 3979 3972 1003
f 3978 3972 3979
f 528 2370 2362
f 2370 539 2371
f 2362 2371 536
f 2370 2371 2362
f 526 3977 3969
f 3977 1004 3979
f 3969 3979 1003
f 3977 3979 3969
f 321 1716 2322
f 1716 322 2323
f 2322 2323 526
f 1716 2323 2322
f 308 1697 1694
f 1697 307 1688
f 1694 1688 248
f 1697 1688 1694
f 314 2369 1707
f 2369 539 2367
f 1707 2367 311
f 2369 2367 1707
f 311 2367 2481
f 2367 539 2482
f 2481 2482 570
f 2367 2482 2481
f 543 2380 2379
f 2380 312 1705
f 2379 1705 311
f 2380 1705 2379
f 587 2557 2559
f 2557 312 2380
f 2559 2380 543
f 2557 2380 2559
f 324 1718 1721
f 1718 322 1720
f 1721 1720 325
f 1718 1720 1721
f 731 2962 3653
f 2962 732 3654
f 3653 3654 941
f 2962 3654 3653
f 716 2972 2945
f 2972 735 2973
f 2945 2973 717
f 2972 2973 2945
f 717 3662 2945
f 3662 942 3661
f 2945 3661 716
f 3662 3661 2945
f 537 2364 2365
f 2364 528 2356
f 2365 2356 535
f 2364 2356 2365
f 539 2370 2372
f 2370 528 2364
f 2372 2364 537
f 2370 2364 2372
f 449 2107 2103
f 2107 450 2106
f 2103 2106 439
f 2107 2106 2103
f 440 2101 2104
f 2101 448 2105
f 2104 2105 449
f 2101 2105 2104
f 449 2103 2104
f 2103 439 2079
f 2104 2079 440
f 2103 2079 2104
f 440 2079 2076
f 2079 439 2073
f 2076 2073 407
f 2079 2073 2076
f 547 2545 2402
f 2545 584 2546
f 2402 2546 548
f 2545 2546 2402
f 580 2525 2547
f 2525 548 2546
f 2547 2546 584
f 2525 2546 2547
f 845 3357 3364
f 3357 812 3360
f 3364 3360 846
f 3357 3360 3364
f 447 2098 2099
f 2098 186 2084
f 2099 2084 442
f 2098 2084 2099
f 442 2191 2099
f 2191 475 2192
f 2099 2192 447
f 2191 2192 2099
f 842 3345 3348
f 3345 186 2555
f 3348 2555 586
f 3345 2555 3348
f 844 3359 3355
f 3359 845 3356
f 3355 3356 586
f 3359 3356 3355
f 586 2556 3355
f 2556 447 3354
f 3355 3354 844
f 2556 3354 3355
f 186 2098 2555
f 2098 447 2556
f 2555 2556 586
f 2098 2556 2555
f 861 3822 3820
f 3822 981 3827
f 3820 3827 980
f 3822 3827 3820
f 513 3994 3990
f 3994 1007 4001
f 3990 4001 1006
f 3994 4001 3990
f 514 3995 2302
f 3995 1007 3994
f 2302 3994 513
f 3995 3994 2302
f 513 2522 2302
f 2522 580 2523
f 2302 2523 514
f 2522 2523 2302
f 512 2521 2301
f 2521 580 2522
f 2301 2522 513
f 2521 2522 2301
f 505 2291 3981
f 2291 507 3982
f 3981 3982 1005
f 2291 3982 3981
f 1006 3986 3987
f 3986 507 2294
f 3987 2294 509
f 3986 2294 3987
f 562 2511 2514
f 2511 577 2516
f 2514 2516 578
f 2511 2516 2514
f 304 1675 1674
f 1675 261 1548
f 1674 1548 258
f 1675 1548 1674
f 303 1668 1677
f 1668 261 1675
f 1677 1675 304
f 1668 1675 1677
f 221 1455 1453
f 1455 222 1454
f 1453 1454 216
f 1455 1454 1453
f 216 1456 1453
f 1456 223 1457
f 1453 1457 221
f 1456 1457 1453
f 290 1618 1617
f 1618 222 1455
f 1617 1455 221
f 1618 1455 1617
f 224 1459 1619
f 1459 222 1618
f 1619 1618 290
f 1459 1618 1619
f 216 1454 1458
f 1454 222 1459
f 1458 1459 224
f 1454 1459 1458
f 224 1461 1458
f 1461 225 1460
f 1458 1460 216
f 1461 1460 1458
f 216 1443 1444
f 1443 213 1436
f 1444 1436 214
f 1443 1436 1444
f 233 1480 1476
f 1480 234 1478
f 1476 1478 216
f 1480 1478 1476
f 216 1466 1468
f 1466 228 1469
f 1468 1469 229
f 1466 1469 1468
f 282 1918 1590
f 1918 388 1917
f 1590 1917 276
f 1918 1917 1590
f 190 2251 1398
f 2251 491 2250
f 1398 2250 189
f 2251 2250 1398
f 490 2249 2245
f 2249 240 1497
f 2245 1497 189
f 2249 1497 2245
f 490 2245 4003
f 2245 189 4002
f 4003 4002 1008
f 2245 4002 4003
f 1008 4005 4003
f 4005 499 2278
f 4003 2278 490
f 4005 2278 4003
f 207 2392 1428
f 2392 546 2393
f 1428 2393 211
f 2392 2393 1428
f 211 2393 2387
f 2393 546 2396
f 2387 2396 545
f 2393 2396 2387
f 208 2386 2397
f 2386 545 2401
f 2397 2401 547
f 2386 2401 2397
f 1013 4045 4046
f 4045 990 4035
f 4046 4035 1012
f 4045 4035 4046
f 990 4030 4035
f 4030 1011 4036
f 4035 4036 1012
f 4030 4036 4035
f 1012 4036 4032
f 4036 1011 4028
f 4032 4028 389
f 4036 4028 4032
f 250 1529 1526
f 1529 251 1528
f 1526 1528 248
f 1529 1528 1526
f 290 1690 1623
f 1690 307 1691
f 1623 1691 291
f 1690 1691 1623
f 292 1624 1627
f 1624 225 1622
f 1627 1622 291
f 1624 1622 1627
f 291 1695 1627
f 1695 308 1696
f 1627 1696 292
f 1695 1696 1627
f 307 1697 1691
f 1697 308 1695
f 1691 1695 291
f 1697 1695 1691
f 291 1621 1623
f 1621 224 1619
f 1623 1619 290
f 1621 1619 1623
f 225 1461 1622
f 1461 224 1621
f 1622 1621 291
f 1461 1621 1622
f 19 3198 1019
f 3198 792 3197
f 1019 3197 10
f 3198 3197 1019
f 745 3013 3015
f 3013 11 1808
f 3015 1808 357
f 3013 1808 3015
f 357 1810 3015
f 1810 19 3014
f 3015 3014 745
f 1810 3014 3015
f 745 3014 3012
f 3014 19 1019
f 3012 1019 10
f 3014 1019 3012
f 357 1808 1809
f 1808 11 1018
f 1809 1018 18
f 1808 1018 1809
f 18 1815 1809
f 1815 359 1817
f 1809 1817 357
f 1815 1817 1809
f 11 1814 1018
f 1814 359 1815
f 1018 1815 18
f 1814 1815 1018
f 893 3535 3536
f 3535 802 3243
f 3536 3243 803
f 3535 3243 3536
f 937 3644 3643
f 3644 924 3621
f 3643 3621 922
f 3644 3621 3643
f 995 3915 3924
f 3915 996 3925
f 3924 3925 997
f 3915 3925 3924
f 997 3916 3917
f 3916 929 3634
f 3917 3634 930
f 3916 3634 3917
f 933 3928 3920
f 3928 998 3931
f 3920 3931 997
f 3928 3931 3920
f 997 3925 3921
f 3925 996 3914
f 3921 3914 938
f 3925 3914 3921
f 922 3926 3641
f 3926 998 3930
f 3641 3930 936
f 3926 3930 3641
f 936 3930 3642
f 3930 998 3929
f 3642 3929 935
f 3930 3929 3642
f 936 3645 3641
f 3645 937 3643
f 3641 3643 922
f 3645 3643 3641
f 934 3640 3638
f 3640 935 3639
f 3638 3639 933
f 3640 3639 3638
f 933 3702 3638
f 3702 954 3703
f 3638 3703 934
f 3702 3703 3638
f 930 3786 3862
f 3786 973 3866
f 3862 3866 988
f 3786 3866 3862
f 938 3914 3648
f 3914 996 3913
f 3648 3913 907
f 3914 3913 3648
f 907 3581 3648
f 3581 592 3646
f 3648 3646 938
f 3581 3646 3648
f 996 3911 3913
f 3911 897 3582
f 3913 3582 907
f 3911 3582 3913
f 897 3545 3582
f 3545 592 3581
f 3582 3581 907
f 3545 3581 3582
f 593 3546 3910
f 3546 897 3911
f 3910 3911 996
f 3546 3911 3910
f 996 3912 3910
f 3912 898 3554
f 3910 3554 593
f 3912 3554 3910
f 590 2874 2757
f 2874 700 2875
f 2757 2875 651
f 2874 2875 2757
f 651 3556 2757
f 3556 898 3552
f 2757 3552 590
f 3556 3552 2757
f 938 3647 3800
f 3647 603 3797
f 3800 3797 975
f 3647 3797 3800
f 952 3704 3780
f 3704 954 3781
f 3780 3781 972
f 3704 3781 3780
f 972 3865 3789
f 3865 988 3866
f 3789 3866 973
f 3865 3866 3789
f 954 3864 3781
f 3864 988 3865
f 3781 3865 972
f 3864 3865 3781
f 971 3783 3788
f 3783 972 3789
f 3788 3789 973
f 3783 3789 3788
f 970 3782 3779
f 3782 972 3783
f 3779 3783 971
f 3782 3783 3779
f 647 2741 3550
f 2741 66 3544
f 3550 3544 897
f 2741 3544 3550
f 601 2579 3547
f 2579 592 3545
f 3547 3545 897
f 2579 3545 3547
f 160 1292 1291
f 1292 135 1220
f 1291 1220 111
f 1292 1220 1291
f 160 1389 1294
f 1389 176 1388
f 1294 1388 159
f 1389 1388 1294
f 111 1386 1291
f 1386 176 1389
f 1291 1389 160
f 1386 1389 1291
f 160 1294 1290
f 1294 159 1288
f 1290 1288 100
f 1294 1288 1290
f 100 1214 1216
f 1214 133 1219
f 1216 1219 134
f 1214 1219 1216
f 111 1220 1218
f 1220 135 1221
f 1218 1221 134
f 1220 1221 1218
f 144 1261 1257
f 1261 145 1258
f 1257 1258 100
f 1261 1258 1257
f 690 2908 2853
f 2908 707 2910
f 2853 2910 693
f 2908 2910 2853
f 690 2845 2908
f 2845 691 2909
f 2908 2909 707
f 2845 2909 2908
f 705 2899 2900
f 2899 691 2849
f 2900 2849 692
f 2899 2849 2900
f 692 2895 2900
f 2895 704 2901
f 2900 2901 705
f 2895 2901 2900
f 689 2894 2848
f 2894 704 2895
f 2848 2895 692
f 2894 2895 2848
f 901 3561 3563
f 3561 588 2829
f 3563 2829 687
f 3561 2829 3563
f 687 2829 2830
f 2829 588 2824
f 2830 2824 685
f 2829 2824 2830
f 701 3564 2879
f 3564 901 3563
f 2879 3563 687
f 3564 3563 2879
f 683 2820 2821
f 2820 681 2819
f 2821 2819 682
f 2820 2819 2821
f 682 2822 2821
f 2822 684 2823
f 2821 2823 683
f 2822 2823 2821
f 683 2823 3259
f 2823 684 3260
f 3259 3260 808
f 2823 3260 3259
f 809 3894 3263
f 3894 994 3893
f 3263 3893 808
f 3894 3893 3263
f 808 3261 3263
f 3261 686 3262
f 3263 3262 809
f 3261 3262 3263
f 809 3262 3894
f 3262 686 3892
f 3894 3892 994
f 3262 3892 3894
f 680 2817 3264
f 2817 681 3265
f 3264 3265 810
f 2817 3265 3264
f 681 2820 3265
f 2820 683 3266
f 3265 3266 810
f 2820 3266 3265
f 810 3266 3269
f 3266 683 3259
f 3269 3259 808
f 3266 3259 3269
f 803 3243 3248
f 3243 802 3247
f 3248 3247 805
f 3243 3247 3248
f 805 3249 3248
f 3249 804 3244
f 3248 3244 803
f 3249 3244 3248
f 992 3885 3886
f 3885 804 3270
f 3886 3270 811
f 3885 3270 3886
f 808 3889 3271
f 3889 993 3890
f 3271 3890 811
f 3889 3890 3271
f 993 3891 3890
f 3891 992 3886
f 3890 3886 811
f 3891 3886 3890
f 811 3272 3271
f 3272 810 3269
f 3271 3269 808
f 3272 3269 3271
f 804 3267 3270
f 3267 810 3272
f 3270 3272 811
f 3267 3272 3270
f 682 2893 2888
f 2893 704 2896
f 2888 2896 703
f 2893 2896 2888
f 703 2889 2888
f 2889 685 2825
f 2888 2825 682
f 2889 2825 2888
f 703 2896 2890
f 2896 704 2894
f 2890 2894 689
f 2896 2894 2890
f 558 2444 2445
f 2444 466 2434
f 2445 2434 556
f 2444 2434 2445
f 556 2440 2445
f 2440 557 2446
f 2445 2446 558
f 2440 2446 2445
f 558 2446 2443
f 2446 557 2439
f 2443 2439 435
f 2446 2439 2443
f 554 2486 2436
f 2486 571 2487
f 2436 2487 556
f 2486 2487 2436
f 473 2188 2189
f 2188 468 2172
f 2189 2172 469
f 2188 2172 2189
f 464 2166 2186
f 2166 468 2188
f 2186 2188 473
f 2166 2188 2186
f 469 2172 2171
f 2172 468 2167
f 2171 2167 467
f 2172 2167 2171
f 24 1772 1854
f 1772 343 1857
f 1854 1857 369
f 1772 1857 1854
f 388 1919 1987
f 1919 340 1982
f 1987 1982 402
f 1919 1982 1987
f 459 2132 2170
f 2132 295 2168
f 2170 2168 469
f 2132 2168 2170
f 469 2171 2170
f 2171 467 2164
f 2170 2164 459
f 2171 2164 2170
f 459 2164 2163
f 2164 467 2165
f 2163 2165 466
f 2164 2165 2163
f 469 2168 2169
f 2168 295 1639
f 2169 1639 296
f 2168 1639 2169
f 296 2184 2169
f 2184 473 2189
f 2169 2189 469
f 2184 2189 2169
f 278 1636 1766
f 1636 295 1768
f 1766 1768 339
f 1636 1768 1766
f 280 1638 1584
f 1638 296 1637
f 1584 1637 278
f 1638 1637 1584
f 278 1637 1636
f 1637 296 1639
f 1636 1639 295
f 1637 1639 1636
f 404 1996 1995
f 1996 374 1870
f 1995 1870 370
f 1996 1870 1995
f 370 1874 1995
f 1874 375 1997
f 1995 1997 404
f 1874 1997 1995
f 374 1996 2150
f 1996 404 2151
f 2150 2151 463
f 1996 2151 2150
f 282 1591 1990
f 1591 281 1989
f 1990 1989 403
f 1591 1989 1990
f 403 1994 1990
f 1994 388 1918
f 1990 1918 282
f 1994 1918 1990
f 403 1992 1994
f 1992 340 1919
f 1994 1919 388
f 1992 1919 1994
f 696 2862 2863
f 2862 625 2665
f 2863 2665 626
f 2862 2665 2863
f 674 2805 3224
f 2805 675 3225
f 3224 3225 799
f 2805 3225 3224
f 671 2799 3033
f 2799 672 3034
f 3033 3034 751
f 2799 3034 3033
f 751 3035 3226
f 3035 674 3224
f 3226 3224 799
f 3035 3224 3226
f 672 2802 3034
f 2802 674 3035
f 3034 3035 751
f 2802 3035 3034
f 353 1862 1861
f 1862 372 1864
f 1861 1864 371
f 1862 1864 1861
f 262 1553 1549
f 1553 263 1551
f 1549 1551 258
f 1553 1551 1549
f 258 1548 1549
f 1548 261 1550
f 1549 1550 262
f 1548 1550 1549
f 669 2795 2796
f 2795 670 2797
f 2796 2797 671
f 2795 2797 2796
f 669 2793 2795
f 2793 666 2794
f 2795 2794 670
f 2793 2794 2795
f 8 3026 3022
f 3026 749 3030
f 3022 3030 748
f 3026 3030 3022
f 314 1710 1708
f 1710 315 1709
f 1708 1709 313
f 1710 1709 1708
f 313 1709 2358
f 1709 315 2359
f 2358 2359 536
f 1709 2359 2358
f 313 2368 1708
f 2368 539 2369
f 1708 2369 314
f 2368 2369 1708
f 536 2371 2358
f 2371 539 2368
f 2358 2368 313
f 2371 2368 2358
f 316 1712 2360
f 1712 317 2361
f 2360 2361 536
f 1712 2361 2360
f 536 2359 2360
f 2359 315 1711
f 2360 1711 316
f 2359 1711 2360
f 316 1753 1712
f 1753 337 1754
f 1712 1754 317
f 1753 1754 1712
f 338 1761 1760
f 1761 322 1716
f 1760 1716 321
f 1761 1716 1760
f 321 1758 1760
f 1758 337 1765
f 1760 1765 338
f 1758 1765 1760
f 515 3996 2303
f 3996 1007 3995
f 2303 3995 514
f 3996 3995 2303
f 514 2523 2303
f 2523 580 2524
f 2303 2524 515
f 2523 2524 2303
f 515 2524 2543
f 2524 580 2547
f 2543 2547 584
f 2524 2547 2543
f 502 2283 2284
f 2283 500 2279
f 2284 2279 501
f 2283 2279 2284
f 501 2394 2284
f 2394 546 2395
f 2284 2395 502
f 2394 2395 2284
f 545 2396 2389
f 2396 546 2394
f 2389 2394 501
f 2396 2394 2389
f 908 3584 3583
f 3584 595 2567
f 3583 2567 594
f 3584 2567 3583
f 1003 3972 3973
f 3972 1001 3966
f 3973 3966 1002
f 3972 3966 3973
f 1002 3963 3961
f 3963 908 3583
f 3961 3583 594
f 3963 3583 3961
f 530 3970 3959
f 3970 1003 3973
f 3959 3973 1002
f 3970 3973 3959
f 594 2567 2564
f 2567 595 2565
f 2564 2565 534
f 2567 2565 2564
f 534 2565 2357
f 2565 595 2566
f 2357 2566 535
f 2565 2566 2357
f 535 2356 2357
f 2356 528 2354
f 2357 2354 534
f 2356 2354 2357
f 529 2337 2363
f 2337 528 2362
f 2363 2362 536
f 2337 2362 2363
f 530 2340 2341
f 2340 528 2337
f 2341 2337 529
f 2340 2337 2341
f 536 2361 2363
f 2361 317 2333
f 2363 2333 529
f 2361 2333 2363
f 532 2348 2347
f 2348 337 1758
f 2347 1758 321
f 2348 1758 2347
f 522 3976 2318
f 3976 1004 3975
f 2318 3975 520
f 3976 3975 2318
f 961 3735 3734
f 3735 942 3662
f 3734 3662 717
f 3735 3662 3734
f 941 3654 3727
f 3654 732 3724
f 3727 3724 960
f 3654 3724 3727
f 310 1730 1706
f 1730 330 1732
f 1706 1732 314
f 1730 1732 1706
f 314 1707 1706
f 1707 311 1704
f 1706 1704 310
f 1707 1704 1706
f 310 1704 1730
f 1704 311 1731
f 1730 1731 330
f 1704 1731 1730
f 879 3483 3482
f 3483 475 2193
f 3482 2193 474
f 3483 2193 3482
f 879 3485 3484
f 3485 845 3359
f 3484 3359 844
f 3485 3359 3484
f 844 3354 3484
f 3354 447 3481
f 3484 3481 879
f 3354 3481 3484
f 879 3481 3483
f 3481 447 2192
f 3483 2192 475
f 3481 2192 3483
f 562 2514 2464
f 2514 578 2515
f 2464 2515 563
f 2514 2515 2464
f 563 2515 2539
f 2515 578 2541
f 2539 2541 583
f 2515 2541 2539
f 730 2961 3652
f 2961 731 3653
f 3652 3653 941
f 2961 3653 3652
f 730 2978 2961
f 2978 737 2979
f 2961 2979 731
f 2978 2979 2961
f 735 2972 2971
f 2972 716 2943
f 2971 2943 715
f 2972 2943 2971
f 570 2482 2484
f 2482 539 2479
f 2484 2479 569
f 2482 2479 2484
f 451 2109 2110
f 2109 439 2106
f 2110 2106 450
f 2109 2106 2110
f 428 2075 2108
f 2075 439 2109
f 2108 2109 451
f 2075 2109 2108
f 449 3347 3340
f 3347 842 3349
f 3340 3349 840
f 3347 3349 3340
f 448 2101 2102
f 2101 440 2083
f 2102 2083 441
f 2101 2083 2102
f 441 2083 2081
f 2083 440 2077
f 2081 2077 425
f 2083 2077 2081
f 442 2084 2086
f 2084 186 2080
f 2086 2080 441
f 2084 2080 2086
f 441 2080 2102
f 2080 186 2100
f 2102 2100 448
f 2080 2100 2102
f 547 2402 2407
f 2402 548 2408
f 2407 2408 549
f 2402 2408 2407
f 549 2404 2407
f 2404 208 2397
f 2407 2397 547
f 2404 2397 2407
f 209 1424 2405
f 1424 208 2404
f 2405 2404 549
f 1424 2404 2405
f 579 2520 2519
f 2520 577 2513
f 2519 2513 576
f 2520 2513 2519
f 571 2486 2485
f 2486 554 2428
f 2485 2428 552
f 2486 2428 2485
f 561 2453 2454
f 2453 410 2011
f 2454 2011 413
f 2453 2011 2454
f 560 2451 2457
f 2451 410 2453
f 2457 2453 561
f 2451 2453 2457
f 887 3509 3507
f 3509 885 3499
f 3507 3499 812
f 3509 3499 3507
f 729 2959 2991
f 2959 728 2990
f 2991 2990 740
f 2959 2990 2991
f 726 3598 2988
f 3598 915 3599
f 2988 3599 740
f 3598 3599 2988
f 740 2992 2991
f 2992 730 2960
f 2991 2960 729
f 2992 2960 2991
f 737 2978 2993
f 2978 730 2992
f 2993 2992 740
f 2978 2992 2993
f 892 3532 3531
f 3532 861 3416
f 3531 3416 813
f 3532 3416 3531
f 812 3499 3273
f 3499 885 3500
f 3273 3500 813
f 3499 3500 3273
f 952 3708 3706
f 3708 956 3709
f 3706 3709 955
f 3708 3709 3706
f 981 3823 3842
f 3823 956 3839
f 3842 3839 984
f 3823 3839 3842
f 984 3840 3843
f 3840 970 3835
f 3843 3835 983
f 3840 3835 3843
f 735 2981 2982
f 2981 737 2984
f 2982 2984 738
f 2981 2984 2982
f 503 3980 2316
f 3980 1005 3983
f 2316 3983 522
f 3980 3983 2316
f 503 2288 3980
f 2288 505 3981
f 3980 3981 1005
f 2288 3981 3980
f 522 2319 2316
f 2319 521 2314
f 2316 2314 503
f 2319 2314 2316
f 503 2314 2285
f 2314 521 2313
f 2285 2313 324
f 2314 2313 2285
f 511 2300 3989
f 2300 513 3990
f 3989 3990 1006
f 2300 3990 3989
f 512 2301 2299
f 2301 513 2300
f 2299 2300 511
f 2301 2300 2299
f 583 2541 2542
f 2541 578 2529
f 2542 2529 581
f 2541 2529 2542
f 512 2299 2528
f 2299 511 2527
f 2528 2527 581
f 2299 2527 2528
f 581 2530 2528
f 2530 580 2521
f 2528 2521 512
f 2530 2521 2528
f 585 2552 2554
f 2552 564 2540
f 2554 2540 583
f 2552 2540 2554
f 583 2542 2554
f 2542 581 2553
f 2554 2553 585
f 2542 2553 2554
f 507 2291 2292
f 2291 505 2290
f 2292 2290 506
f 2291 2290 2292
f 505 2468 2290
f 2468 564 2469
f 2290 2469 506
f 2468 2469 2290
f 564 2552 2469
f 2552 585 2548
f 2469 2548 506
f 2552 2548 2469
f 506 2293 2292
f 2293 509 2294
f 2292 2294 507
f 2293 2294 2292
f 506 2548 2293
f 2548 585 2550
f 2293 2550 509
f 2548 2550 2293
f 290 1617 1620
f 1617 221 1607
f 1620 1607 287
f 1617 1607 1620
f 287 1607 1608
f 1607 221 1457
f 1608 1457 223
f 1607 1457 1608
f 280 1588 1583
f 1588 281 1586
f 1583 1586 275
f 1588 1586 1583
f 275 1586 1589
f 1586 281 1591
f 1589 1591 282
f 1586 1591 1589
f 282 1590 1589
f 1590 276 1578
f 1589 1578 275
f 1590 1578 1589
f 275 1578 1576
f 1578 276 1577
f 1576 1577 273
f 1578 1577 1576
f 216 1472 1474
f 1472 231 1475
f 1474 1475 232
f 1472 1475 1474
f 232 1477 1474
f 1477 233 1476
f 1474 1476 216
f 1477 1476 1474
f 230 1473 1470
f 1473 231 1472
f 1470 1472 216
f 1473 1472 1470
f 216 1468 1470
f 1468 229 1471
f 1470 1471 230
f 1468 1471 1470
f 274 1575 1580
f 1575 273 1579
f 1580 1579 277
f 1575 1579 1580
f 273 1577 1579
f 1577 276 1581
f 1579 1581 277
f 1577 1581 1579
f 226 1625 1491
f 1625 292 1626
f 1491 1626 237
f 1625 1626 1491
f 216 1462 1490
f 1462 226 1491
f 1490 1491 237
f 1462 1491 1490
f 235 1489 1481
f 1489 236 1488
f 1481 1488 216
f 1489 1488 1481
f 216 1494 1481
f 1494 239 1495
f 1481 1495 235
f 1494 1495 1481
f 207 1486 1423
f 1486 236 1485
f 1423 1485 206
f 1486 1485 1423
f 206 2391 1423
f 2391 546 2392
f 1423 2392 207
f 2391 2392 1423
f 502 2395 2281
f 2395 546 2391
f 2281 2391 206
f 2395 2391 2281
f 203 1416 1483
f 1416 202 1482
f 1483 1482 236
f 1416 1482 1483
f 212 1433 2388
f 1433 211 2387
f 2388 2387 545
f 1433 2387 2388
f 545 2386 2388
f 2386 208 1431
f 2388 1431 212
f 2386 1431 2388
f 209 1429 1432
f 1429 211 1433
f 1432 1433 212
f 1429 1433 1432
f 212 1431 1432
f 1431 208 1424
f 1432 1424 209
f 1431 1424 1432
f 1010 4018 4019
f 4018 251 1923
f 4019 1923 390
f 4018 1923 4019
f 251 1529 1923
f 1529 250 1922
f 1923 1922 390
f 1529 1922 1923
f 1010 4027 4021
f 4027 1009 4011
f 4021 4011 489
f 4027 4011 4021
f 247 1693 1524
f 1693 308 1694
f 1524 1694 248
f 1693 1694 1524
f 11 3013 3009
f 3013 745 3016
f 3009 3016 744
f 3013 3016 3009
f 744 3011 3009
f 3011 359 1814
f 3009 1814 11
f 3011 1814 3009
f 358 1863 1812
f 1863 372 1862
f 1812 1862 353
f 1863 1862 1812
f 353 1795 1812
f 1795 19 1811
f 1812 1811 358
f 1795 1811 1812
f 358 1811 1813
f 1811 19 1810
f 1813 1810 357
f 1811 1810 1813
f 357 1817 1813
f 1817 359 1818
f 1813 1818 358
f 1817 1818 1813
f 379 1887 1888
f 1887 371 1864
f 1888 1864 372
f 1887 1864 1888
f 1013 4046 4043
f 4046 1012 4034
f 4043 4034 497
f 4046 4034 4043
f 797 3241 3216
f 3241 802 3239
f 3216 3239 12
f 3241 3239 3216
f 803 3244 3537
f 3244 804 3538
f 3537 3538 894
f 3244 3538 3537
f 991 3884 3879
f 3884 990 3876
f 3879 3876 895
f 3884 3876 3879
f 986 3852 3856
f 3852 720 3844
f 3856 3844 985
f 3852 3844 3856
f 985 3844 3845
f 3844 720 2950
f 3845 2950 722
f 3844 2950 3845
f 923 3622 3847
f 3622 924 3848
f 3847 3848 985
f 3622 3848 3847
f 999 3939 3940
f 3939 997 3931
f 3940 3931 998
f 3939 3931 3940
f 999 3948 3938
f 3948 1000 3947
f 3938 3947 995
f 3948 3947 3938
f 995 3924 3938
f 3924 997 3939
f 3938 3939 999
f 3924 3939 3938
f 999 3934 3933
f 3934 924 3622
f 3933 3622 923
f 3934 3622 3933
f 999 3940 3934
f 3940 998 3927
f 3934 3927 924
f 3940 3927 3934
f 931 3918 3635
f 3918 997 3917
f 3635 3917 930
f 3918 3917 3635
f 930 3862 3635
f 3862 988 3863
f 3635 3863 931
f 3862 3863 3635
f 931 3863 3700
f 3863 988 3864
f 3700 3864 954
f 3863 3864 3700
f 939 3922 3649
f 3922 997 3921
f 3649 3921 938
f 3922 3921 3649
f 938 3800 3649
f 3800 975 3801
f 3649 3801 939
f 3800 3801 3649
f 898 3556 3555
f 3556 651 2760
f 3555 2760 650
f 3556 2760 3555
f 897 3546 3551
f 3546 593 2753
f 3551 2753 650
f 3546 2753 3551
f 688 2876 2880
f 2876 700 2881
f 2880 2881 701
f 2876 2881 2880
f 688 2835 2876
f 2835 651 2875
f 2876 2875 700
f 2835 2875 2876
f 701 2878 2880
f 2878 648 2834
f 2880 2834 688
f 2878 2834 2880
f 137 1230 1226
f 1230 133 1214
f 1226 1214 100
f 1230 1214 1226
f 115 1135 1136
f 1135 101 1095
f 1136 1095 102
f 1135 1095 1136
f 173 1368 1369
f 1368 156 1285
f 1369 1285 157
f 1368 1285 1369
f 157 1285 1284
f 1285 156 1282
f 1284 1282 100
f 1285 1282 1284
f 100 1282 1280
f 1282 156 1283
f 1280 1283 155
f 1282 1283 1280
f 155 1283 1367
f 1283 156 1368
f 1367 1368 173
f 1283 1368 1367
f 974 3793 3802
f 3793 939 3801
f 3802 3801 975
f 3793 3801 3802
f 987 3860 3859
f 3860 972 3782
f 3859 3782 970
f 3860 3782 3859
f 970 3840 3859
f 3840 984 3861
f 3859 3861 987
f 3840 3861 3859
f 987 3861 3858
f 3861 984 3839
f 3858 3839 956
f 3861 3839 3858
f 987 3858 3857
f 3858 956 3708
f 3857 3708 952
f 3858 3708 3857
f 952 3780 3857
f 3780 972 3860
f 3857 3860 987
f 3780 3860 3857
f 607 3774 3784
f 3774 971 3788
f 3784 3788 973
f 3774 3788 3784
f 973 3795 3784
f 3795 974 3792
f 3784 3792 607
f 3795 3792 3784
f 607 3792 2600
f 3792 974 3790
f 2600 3790 604
f 3792 3790 2600
f 109 1227 1130
f 1227 137 1229
f 1130 1229 114
f 1227 1229 1130
f 114 1128 1130
f 1128 60 1107
f 1130 1107 109
f 1128 1107 1130
f 603 2586 2587
f 2586 592 2583
f 2587 2583 602
f 2586 2583 2587
f 592 2560 2583
f 2560 62 2582
f 2583 2582 602
f 2560 2582 2583
f 602 2580 2587
f 2580 60 2585
f 2587 2585 603
f 2580 2585 2587
f 68 1384 1068
f 1384 176 1385
f 1068 1385 69
f 1384 1385 1068
f 897 3544 3543
f 3544 66 1067
f 3543 1067 65
f 3544 1067 3543
f 65 2578 3543
f 2578 601 3547
f 3543 3547 897
f 2578 3547 3543
f 136 1293 1222
f 1293 160 1290
f 1222 1290 100
f 1293 1290 1222
f 135 1292 1224
f 1292 160 1293
f 1224 1293 136
f 1292 1293 1224
f 100 1216 1222
f 1216 134 1223
f 1222 1223 136
f 1216 1223 1222
f 136 1223 1224
f 1223 134 1221
f 1224 1221 135
f 1223 1221 1224
f 435 2439 2062
f 2439 557 2437
f 2062 2437 417
f 2439 2437 2062
f 709 2919 2918
f 2919 666 2783
f 2918 2783 661
f 2919 2783 2918
f 708 2912 2921
f 2912 666 2919
f 2921 2919 709
f 2912 2919 2921
f 652 2766 2764
f 2766 656 2767
f 2764 2767 655
f 2766 2767 2764
f 129 1259 1297
f 1259 145 1299
f 1297 1299 161
f 1259 1299 1297
f 174 1375 1371
f 1375 173 1366
f 1371 1366 75
f 1375 1366 1371
f 174 1373 1375
f 1373 155 1367
f 1375 1367 173
f 1373 1367 1375
f 171 1359 1374
f 1359 155 1373
f 1374 1373 174
f 1359 1373 1374
f 629 2846 2842
f 2846 692 2849
f 2842 2849 691
f 2846 2849 2842
f 806 3268 3253
f 3268 810 3267
f 3253 3267 804
f 3268 3267 3253
f 804 3249 3253
f 3249 805 3254
f 3253 3254 806
f 3249 3254 3253
f 680 3264 3251
f 3264 810 3268
f 3251 3268 806
f 3264 3268 3251
f 806 3254 3252
f 3254 805 3245
f 3252 3245 747
f 3254 3245 3252
f 649 2887 2839
f 2887 703 2890
f 2839 2890 689
f 2887 2890 2839
f 702 2882 2886
f 2882 648 2878
f 2886 2878 701
f 2882 2878 2886
f 685 2889 2884
f 2889 703 2891
f 2884 2891 702
f 2889 2891 2884
f 702 2883 2882
f 2883 649 2750
f 2882 2750 648
f 2883 2750 2882
f 703 2887 2891
f 2887 649 2883
f 2891 2883 702
f 2887 2883 2891
f 701 2879 2886
f 2879 687 2885
f 2886 2885 702
f 2879 2885 2886
f 702 2885 2884
f 2885 687 2830
f 2884 2830 685
f 2885 2830 2884
f 466 2444 2161
f 2444 558 2442
f 2161 2442 422
f 2444 2442 2161
f 471 2177 2176
f 2177 468 2166
f 2176 2166 464
f 2177 2166 2176
f 471 2420 2427
f 2420 552 2428
f 2427 2428 554
f 2420 2428 2427
f 470 2174 2175
f 2174 467 2167
f 2175 2167 468
f 2174 2167 2175
f 468 2177 2175
f 2177 471 2178
f 2175 2178 470
f 2177 2178 2175
f 470 2178 2426
f 2178 471 2427
f 2426 2427 554
f 2178 2427 2426
f 470 2426 2435
f 2426 554 2436
f 2435 2436 556
f 2426 2436 2435
f 556 2434 2435
f 2434 466 2173
f 2435 2173 470
f 2434 2173 2435
f 466 2165 2173
f 2165 467 2174
f 2173 2174 470
f 2165 2174 2173
f 342 1774 1776
f 1774 343 1777
f 1776 1777 344
f 1774 1777 1776
f 343 3097 1777
f 3097 770 3098
f 1777 3098 344
f 3097 3098 1777
f 298 1646 1644
f 1646 296 1638
f 1644 1638 280
f 1646 1638 1644
f 280 1583 1644
f 1583 275 1643
f 1644 1643 298
f 1583 1643 1644
f 298 1643 1652
f 1643 275 1649
f 1652 1649 299
f 1643 1649 1652
f 279 1582 1767
f 1582 278 1766
f 1767 1766 339
f 1582 1766 1767
f 339 1991 1767
f 1991 403 1988
f 1767 1988 279
f 1991 1988 1767
f 279 1988 1587
f 1988 403 1989
f 1587 1989 281
f 1988 1989 1587
f 279 1587 1585
f 1587 281 1588
f 1585 1588 280
f 1587 1588 1585
f 280 1584 1585
f 1584 278 1582
f 1585 1582 279
f 1584 1582 1585
f 340 1872 1770
f 1872 375 1873
f 1770 1873 341
f 1872 1873 1770
f 369 1857 1856
f 1857 343 1773
f 1856 1773 341
f 1857 1773 1856
f 341 1773 1771
f 1773 343 1774
f 1771 1774 342
f 1773 1774 1771
f 342 1984 1771
f 1984 402 1983
f 1771 1983 341
f 1984 1983 1771
f 341 1983 1770
f 1983 402 1982
f 1770 1982 340
f 1983 1982 1770
f 370 1870 1859
f 1870 374 1869
f 1859 1869 26
f 1870 1869 1859
f 369 1856 1855
f 1856 341 1769
f 1855 1769 25
f 1856 1769 1855
f 25 1871 1858
f 1871 375 1874
f 1858 1874 370
f 1871 1874 1858
f 25 1769 1871
f 1769 341 1873
f 1871 1873 375
f 1769 1873 1871
f 376 1877 1876
f 1877 375 1872
f 1876 1872 340
f 1877 1872 1876
f 376 1993 1875
f 1993 403 1991
f 1875 1991 339
f 1993 1991 1875
f 340 1992 1876
f 1992 403 1993
f 1876 1993 376
f 1992 1993 1876
f 405 2000 1998
f 2000 404 1997
f 1998 1997 375
f 2000 1997 1998
f 375 1877 1998
f 1877 376 1999
f 1998 1999 405
f 1877 1999 1998
f 27 3280 1027
f 3280 817 3279
f 1027 3279 13
f 3280 3279 1027
f 13 3279 3276
f 3279 817 3283
f 3276 3283 816
f 3279 3283 3276
f 428 2048 2043
f 2048 430 2047
f 2043 2047 427
f 2048 2047 2043
f 427 2074 2043
f 2074 439 2075
f 2043 2075 428
f 2074 2075 2043
f 407 2073 2041
f 2073 439 2074
f 2041 2074 427
f 2073 2074 2041
f 93 2672 2666
f 2672 628 2674
f 2666 2674 627
f 2672 2674 2666
f 91 2670 1312
f 2670 628 2673
f 1312 2673 164
f 2670 2673 1312
f 631 2684 2683
f 2684 628 2670
f 2683 2670 91
f 2684 2670 2683
f 100 1276 1274
f 1276 153 1277
f 1274 1277 152
f 1276 1277 1274
f 165 1320 1322
f 1320 91 1312
f 1322 1312 164
f 1320 1312 1322
f 678 2813 2814
f 2813 679 2815
f 2814 2815 680
f 2813 2815 2814
f 680 3251 2814
f 3251 806 3250
f 2814 3250 678
f 3251 3250 2814
f 678 3250 3021
f 3250 806 3252
f 3021 3252 747
f 3250 3252 3021
f 675 2805 2804
f 2805 674 2803
f 2804 2803 673
f 2805 2803 2804
f 670 2902 2800
f 2902 706 2903
f 2800 2903 673
f 2902 2903 2800
f 673 2801 2800
f 2801 672 2798
f 2800 2798 670
f 2801 2798 2800
f 673 2803 2801
f 2803 674 2802
f 2801 2802 672
f 2803 2802 2801
f 794 3207 3227
f 3207 751 3226
f 3227 3226 799
f 3207 3226 3227
f 799 3228 3227
f 3228 795 3212
f 3227 3212 794
f 3228 3212 3227
f 267 1558 1560
f 1558 261 1555
f 1560 1555 266
f 1558 1555 1560
f 266 1557 1560
f 1557 265 1559
f 1560 1559 267
f 1557 1559 1560
f 267 1559 1957
f 1559 265 1956
f 1957 1956 398
f 1559 1956 1957
f 263 1553 1879
f 1553 262 1878
f 1879 1878 377
f 1553 1878 1879
f 266 1565 1556
f 1565 269 1564
f 1556 1564 264
f 1565 1564 1556
f 264 1554 1556
f 1554 265 1557
f 1556 1557 266
f 1554 1557 1556
f 353 1797 1798
f 1797 351 1794
f 1798 1794 352
f 1797 1794 1798
f 352 1793 1798
f 1793 19 1795
f 1798 1795 353
f 1793 1795 1798
f 792 3198 3199
f 3198 19 1793
f 3199 1793 352
f 3198 1793 3199
f 748 3200 3025
f 3200 792 3199
f 3025 3199 352
f 3200 3199 3025
f 352 1794 3025
f 1794 351 3024
f 3025 3024 748
f 1794 3024 3025
f 348 1783 1787
f 1783 22 1786
f 1787 1786 349
f 1783 1786 1787
f 329 1762 1759
f 1762 338 1765
f 1759 1765 337
f 1762 1765 1759
f 314 1732 1727
f 1732 330 1733
f 1727 1733 329
f 1732 1733 1727
f 329 1728 1727
f 1728 315 1710
f 1727 1710 314
f 1728 1710 1727
f 329 1729 1728
f 1729 316 1711
f 1728 1711 315
f 1729 1711 1728
f 337 1753 1759
f 1753 316 1729
f 1759 1729 329
f 1753 1729 1759
f 317 1754 1713
f 1754 337 1755
f 1713 1755 318
f 1754 1755 1713
f 337 1756 1755
f 1756 319 1714
f 1755 1714 318
f 1756 1714 1755
f 318 2334 1713
f 2334 529 2333
f 1713 2333 317
f 2334 2333 1713
f 319 2335 1714
f 2335 529 2334
f 1714 2334 318
f 2335 2334 1714
f 547 2398 2399
f 2398 500 2304
f 2399 2304 516
f 2398 2304 2399
f 516 2544 2399
f 2544 584 2545
f 2399 2545 547
f 2544 2545 2399
f 516 2305 2544
f 2305 515 2543
f 2544 2543 584
f 2305 2543 2544
f 516 2304 3997
f 2304 500 3992
f 3997 3992 1007
f 2304 3992 3997
f 1007 3996 3997
f 3996 515 2305
f 3997 2305 516
f 3996 2305 3997
f 545 2389 2390
f 2389 501 2307
f 2390 2307 517
f 2389 2307 2390
f 517 2307 2306
f 2307 501 2279
f 2306 2279 500
f 2307 2279 2306
f 547 2401 2400
f 2401 545 2390
f 2400 2390 517
f 2401 2390 2400
f 517 2306 2400
f 2306 500 2398
f 2400 2398 547
f 2306 2398 2400
f 535 2566 2568
f 2566 595 2569
f 2568 2569 596
f 2566 2569 2568
f 595 3584 2569
f 3584 908 3585
f 2569 3585 596
f 3584 3585 2569
f 596 3683 2568
f 3683 948 3682
f 2568 3682 535
f 3683 3682 2568
f 596 3585 3683
f 3585 908 3684
f 3683 3684 948
f 3585 3684 3683
f 533 3960 2563
f 3960 1002 3961
f 2563 3961 594
f 3960 3961 2563
f 528 3958 2353
f 3958 1002 3960
f 2353 3960 533
f 3958 3960 2353
f 594 2564 2563
f 2564 534 2355
f 2563 2355 533
f 2564 2355 2563
f 533 2355 2353
f 2355 534 2354
f 2353 2354 528
f 2355 2354 2353
f 178 2332 2338
f 2332 528 2340
f 2338 2340 530
f 2332 2340 2338
f 530 3959 2338
f 3959 1002 3957
f 2338 3957 178
f 3959 3957 2338
f 178 3957 2332
f 3957 1002 3958
f 2332 3958 528
f 3957 3958 2332
f 941 3655 3656
f 3655 908 3608
f 3656 3608 916
f 3655 3608 3656
f 916 3605 3606
f 3605 728 2959
f 3606 2959 729
f 3605 2959 3606
f 729 2960 3606
f 2960 730 3607
f 3606 3607 916
f 2960 3607 3606
f 916 3607 3656
f 3607 730 3652
f 3656 3652 941
f 3607 3652 3656
f 320 1715 1757
f 1715 319 1756
f 1757 1756 337
f 1715 1756 1757
f 320 2336 1715
f 2336 529 2335
f 1715 2335 319
f 2336 2335 1715
f 523 3967 2339
f 3967 1003 3970
f 2339 3970 530
f 3967 3970 2339
f 523 2349 3967
f 2349 532 3971
f 3967 3971 1003
f 2349 3971 3967
f 525 2326 3968
f 2326 526 3969
f 3968 3969 1003
f 2326 3969 3968
f 1003 3971 3968
f 3971 532 2351
f 3968 2351 525
f 3971 2351 3968
f 1004 3977 3974
f 3977 526 2324
f 3974 2324 518
f 3977 2324 3974
f 518 2309 3974
f 2309 520 3975
f 3974 3975 1004
f 2309 3975 3974
f 519 2315 2317
f 2315 521 2319
f 2317 2319 522
f 2315 2319 2317
f 522 2318 2317
f 2318 520 2310
f 2317 2310 519
f 2318 2310 2317
f 519 2308 2315
f 2308 322 2311
f 2315 2311 521
f 2308 2311 2315
f 187 2255 4009
f 2255 492 4013
f 4009 4013 1009
f 2255 4013 4009
f 942 3735 3676
f 3735 961 3737
f 3676 3737 946
f 3735 3737 3676
f 958 3715 3716
f 3715 908 3655
f 3716 3655 941
f 3715 3655 3716
f 941 3727 3716
f 3727 960 3733
f 3716 3733 958
f 3727 3733 3716
f 958 3733 3715
f 3733 960 3726
f 3715 3726 908
f 3733 3726 3715
f 948 3684 3685
f 3684 908 3681
f 3685 3681 947
f 3684 3681 3685
f 908 3726 3681
f 3726 960 3729
f 3681 3729 947
f 3726 3729 3681
f 535 3682 3678
f 3682 948 3685
f 3678 3685 947
f 3682 3685 3678
f 947 3679 3678
f 3679 537 2365
f 3678 2365 535
f 3679 2365 3678
f 945 3672 3673
f 3672 716 3661
f 3673 3661 942
f 3672 3661 3673
f 566 2473 2483
f 2473 311 2481
f 2483 2481 570
f 2473 2481 2483
f 566 2474 2473
f 2474 540 2374
f 2473 2374 311
f 2474 2374 2473
f 570 3660 2483
f 3660 942 3659
f 2483 3659 566
f 3660 3659 2483
f 942 3657 3659
f 3657 540 2474
f 3659 2474 566
f 3657 2474 3659
f 543 2379 2381
f 2379 311 2376
f 2381 2376 542
f 2379 2376 2381
f 311 2374 2376
f 2374 540 2377
f 2376 2377 542
f 2374 2377 2376
f 734 2969 2970
f 2969 587 2944
f 2970 2944 717
f 2969 2944 2970
f 717 2973 2970
f 2973 735 2975
f 2970 2975 734
f 2973 2975 2970
f 891 3527 3526
f 3527 879 3486
f 3526 3486 878
f 3527 3486 3526
f 878 3486 3480
f 3486 879 3482
f 3480 3482 474
f 3486 3482 3480
f 878 3524 3526
f 3524 890 3530
f 3526 3530 891
f 3524 3530 3526
f 474 3520 3480
f 3520 890 3524
f 3480 3524 878
f 3520 3524 3480
f 485 2221 2226
f 2221 436 2217
f 2226 2217 484
f 2221 2217 2226
f 474 2193 2232
f 2193 475 2233
f 2232 2233 487
f 2193 2233 2232
f 475 2228 2233
f 2228 486 2236
f 2233 2236 487
f 2228 2236 2233
f 479 2224 2219
f 2224 485 2226
f 2219 2226 484
f 2224 2226 2219
f 733 2963 2964
f 2963 715 2943
f 2964 2943 716
f 2963 2943 2964
f 733 3725 2966
f 3725 960 3724
f 2966 3724 732
f 3725 3724 2966
f 716 3723 2964
f 3723 960 3725
f 2964 3725 733
f 3723 3725 2964
f 732 2962 2966
f 2962 731 2965
f 2966 2965 733
f 2962 2965 2966
f 735 2971 2974
f 2971 715 2963
f 2974 2963 733
f 2971 2963 2974
f 733 2980 2974
f 2980 737 2981
f 2974 2981 735
f 2980 2981 2974
f 731 2979 2965
f 2979 737 2980
f 2965 2980 733
f 2979 2980 2965
f 568 2480 2477
f 2480 569 2479
f 2477 2479 539
f 2480 2479 2477
f 428 2108 2111
f 2108 451 2112
f 2111 2112 452
f 2108 2112 2111
f 843 3358 3363
f 3358 845 3364
f 3363 3364 846
f 3358 3364 3363
f 842 3348 3353
f 3348 586 3351
f 3353 3351 843
f 3348 3351 3353
f 843 3351 3358
f 3351 586 3356
f 3358 3356 845
f 3351 3356 3358
f 425 2077 2040
f 2077 440 2078
f 2040 2078 426
f 2077 2078 2040
f 426 2078 2036
f 2078 440 2076
f 2036 2076 407
f 2078 2076 2036
f 407 2005 2036
f 2005 408 2037
f 2036 2037 426
f 2005 2037 2036
f 426 2037 2038
f 2037 408 2006
f 2038 2006 409
f 2037 2006 2038
f 414 2012 2015
f 2012 409 2010
f 2015 2010 413
f 2012 2010 2015
f 413 2011 2015
f 2011 410 2013
f 2015 2013 414
f 2011 2013 2015
f 425 2040 2035
f 2040 426 2039
f 2035 2039 414
f 2040 2039 2035
f 414 2039 2012
f 2039 426 2038
f 2012 2038 409
f 2039 2038 2012
f 414 2067 2035
f 2067 436 2068
f 2035 2068 425
f 2067 2068 2035
f 411 2007 2452
f 2007 410 2451
f 2452 2451 560
f 2007 2451 2452
f 562 2460 2458
f 2460 488 2237
f 2458 2237 411
f 2460 2237 2458
f 199 1410 1412
f 1410 200 1413
f 1412 1413 201
f 1410 1413 1412
f 579 2519 2518
f 2519 576 2507
f 2518 2507 550
f 2519 2507 2518
f 550 2409 2518
f 2409 548 2517
f 2518 2517 579
f 2409 2517 2518
f 550 2410 2409
f 2410 549 2408
f 2409 2408 548
f 2410 2408 2409
f 550 2507 2502
f 2507 576 2510
f 2502 2510 575
f 2507 2510 2502
f 575 2510 2506
f 2510 576 2508
f 2506 2508 573
f 2510 2508 2506
f 559 2450 2489
f 2450 557 2488
f 2489 2488 571
f 2450 2488 2489
f 559 2494 2456
f 2494 573 2495
f 2456 2495 561
f 2494 2495 2456
f 812 3357 3514
f 3357 845 3515
f 3514 3515 889
f 3357 3515 3514
f 889 3518 3514
f 3518 887 3507
f 3514 3507 812
f 3518 3507 3514
f 889 3516 3529
f 3516 879 3527
f 3529 3527 891
f 3516 3527 3529
f 845 3485 3515
f 3485 879 3516
f 3515 3516 889
f 3485 3516 3515
f 889 3517 3518
f 3517 886 3510
f 3518 3510 887
f 3517 3510 3518
f 743 3505 3007
f 3505 886 3504
f 3007 3504 739
f 3505 3504 3007
f 743 3005 3004
f 3005 720 2948
f 3004 2948 719
f 3005 2948 3004
f 739 3504 3512
f 3504 886 3513
f 3512 3513 888
f 3504 3513 3512
f 886 3517 3513
f 3517 889 3519
f 3513 3519 888
f 3517 3519 3513
f 891 3530 3528
f 3530 890 3525
f 3528 3525 888
f 3530 3525 3528
f 888 3519 3528
f 3519 889 3529
f 3528 3529 891
f 3519 3529 3528
f 726 2988 2957
f 2988 740 2989
f 2957 2989 727
f 2988 2989 2957
f 727 2989 2958
f 2989 740 2990
f 2958 2990 728
f 2989 2990 2958
f 727 3604 2957
f 3604 916 3603
f 2957 3603 726
f 3604 3603 2957
f 728 3605 2958
f 3605 916 3604
f 2958 3604 727
f 3605 3604 2958
f 914 3601 3953
f 3601 915 3954
f 3953 3954 1001
f 3601 3954 3953
f 979 3818 3817
f 3818 978 3813
f 3817 3813 964
f 3818 3813 3817
f 983 3836 3837
f 3836 978 3818
f 3837 3818 979
f 3836 3818 3837
f 979 3841 3837
f 3841 984 3843
f 3837 3843 983
f 3841 3843 3837
f 981 3842 3826
f 3842 984 3841
f 3826 3841 979
f 3842 3841 3826
f 860 3417 3819
f 3417 861 3820
f 3819 3820 980
f 3417 3820 3819
f 860 3413 3417
f 3413 813 3416
f 3417 3416 861
f 3413 3416 3417
f 957 3713 3714
f 3713 955 3709
f 3714 3709 956
f 3713 3709 3714
f 892 3533 3712
f 3533 881 3711
f 3712 3711 957
f 3533 3711 3712
f 957 3714 3824
f 3714 956 3823
f 3824 3823 981
f 3714 3823 3824
f 957 3710 3712
f 3710 861 3532
f 3712 3532 892
f 3710 3532 3712
f 981 3822 3824
f 3822 861 3710
f 3824 3710 957
f 3822 3710 3824
f 504 2287 2286
f 2287 503 2285
f 2286 2285 324
f 2287 2285 2286
f 505 2288 2289
f 2288 503 2287
f 2289 2287 504
f 2288 2287 2289
f 324 2465 2286
f 2465 564 2467
f 2286 2467 504
f 2465 2467 2286
f 504 2467 2289
f 2467 564 2468
f 2289 2468 505
f 2467 2468 2289
f 1006 3987 3988
f 3987 509 2297
f 3988 2297 510
f 3987 2297 3988
f 510 2298 3988
f 2298 511 3989
f 3988 3989 1006
f 2298 3989 3988
f 510 2526 2298
f 2526 581 2527
f 2298 2527 511
f 2526 2527 2298
f 510 2551 2526
f 2551 585 2553
f 2526 2553 581
f 2551 2553 2526
f 582 2533 2532
f 2533 578 2516
f 2532 2516 577
f 2533 2516 2532
f 582 2536 2533
f 2536 581 2529
f 2533 2529 578
f 2536 2529 2533
f 582 2532 2534
f 2532 577 2520
f 2534 2520 579
f 2532 2520 2534
f 580 2530 2535
f 2530 581 2536
f 2535 2536 582
f 2530 2536 2535
f 579 2517 2534
f 2517 548 2531
f 2534 2531 582
f 2517 2531 2534
f 548 2525 2531
f 2525 580 2535
f 2531 2535 582
f 2525 2535 2531
f 255 1673 1542
f 1673 304 1674
f 1542 1674 258
f 1673 1674 1542
f 260 1546 1545
f 1546 256 1538
f 1545 1538 255
f 1546 1538 1545
f 256 1537 1538
f 1537 252 1536
f 1538 1536 255
f 1537 1536 1538
f 249 1527 1525
f 1527 250 1526
f 1525 1526 248
f 1527 1526 1525
f 248 1688 1525
f 1688 307 1689
f 1525 1689 249
f 1688 1689 1525
f 233 1477 1614
f 1477 232 1613
f 1614 1613 289
f 1477 1613 1614
f 266 1659 1566
f 1659 301 1660
f 1566 1660 270
f 1659 1660 1566
f 270 1660 1572
f 1660 301 1661
f 1572 1661 273
f 1660 1661 1572
f 270 1567 1566
f 1567 269 1565
f 1566 1565 266
f 1567 1565 1566
f 270 1569 1567
f 1569 271 1568
f 1567 1568 269
f 1569 1568 1567
f 273 1661 1655
f 1661 301 1662
f 1655 1662 300
f 1661 1662 1655
f 300 1656 1655
f 1656 275 1576
f 1655 1576 273
f 1656 1576 1655
f 299 1649 1657
f 1649 275 1656
f 1657 1656 300
f 1649 1656 1657
f 231 1473 1604
f 1473 230 1603
f 1604 1603 286
f 1473 1603 1604
f 303 1671 1669
f 1671 289 1615
f 1669 1615 286
f 1671 1615 1669
f 286 1605 1604
f 1605 232 1475
f 1604 1475 231
f 1605 1475 1604
f 286 1615 1605
f 1615 289 1613
f 1605 1613 232
f 1615 1613 1605
f 293 1628 1632
f 1628 237 1626
f 1632 1626 292
f 1628 1626 1632
f 242 1503 1502
f 1503 190 1398
f 1502 1398 189
f 1503 1398 1502
f 236 1482 1484
f 1482 202 1419
f 1484 1419 205
f 1482 1419 1484
f 205 1421 1484
f 1421 206 1485
f 1484 1485 236
f 1421 1485 1484
f 490 2246 2247
f 2246 203 1417
f 2247 1417 204
f 2246 1417 2247
f 202 1416 1414
f 1416 203 1415
f 1414 1415 188
f 1416 1415 1414
f 188 1418 1414
f 1418 205 1419
f 1414 1419 202
f 1418 1419 1414
f 188 2244 2277
f 2244 490 2278
f 2277 2278 499
f 2244 2278 2277
f 188 1415 2244
f 1415 203 2246
f 2244 2246 490
f 1415 2246 2244
f 206 1421 1420
f 1421 205 1418
f 1420 1418 188
f 1421 1418 1420
f 188 2277 2280
f 2277 499 2282
f 2280 2282 502
f 2277 2282 2280
f 502 2281 2280
f 2281 206 1420
f 2280 1420 188
f 2281 1420 2280
f 391 1927 1924
f 1927 390 1922
f 1924 1922 250
f 1927 1922 1924
f 389 4028 1926
f 4028 1011 4029
f 1926 4029 391
f 4028 4029 1926
f 391 4029 4020
f 4029 1011 4031
f 4020 4031 1010
f 4029 4031 4020
f 1010 4019 4020
f 4019 390 1927
f 4020 1927 391
f 4019 1927 4020
f 494 2264 4022
f 2264 251 4018
f 4022 4018 1010
f 2264 4018 4022
f 248 1528 2263
f 1528 251 2264
f 2263 2264 494
f 1528 2264 2263
f 308 1693 1703
f 1693 247 1699
f 1703 1699 309
f 1693 1699 1703
f 309 1699 2257
f 1699 247 2256
f 2257 2256 492
f 1699 2256 2257
f 492 2255 2257
f 2255 187 1698
f 2257 1698 309
f 2255 1698 2257
f 294 1635 1702
f 1635 293 1701
f 1702 1701 309
f 1635 1701 1702
f 292 1696 1700
f 1696 308 1703
f 1700 1703 309
f 1696 1703 1700
f 309 1701 1700
f 1701 293 1632
f 1700 1632 292
f 1701 1632 1700
f 492 2256 2254
f 2256 247 1521
f 2254 1521 180
f 2256 1521 2254
f 248 2243 1523
f 2243 489 2242
f 1523 2242 180
f 2243 2242 1523
f 180 1521 1523
f 1521 247 1524
f 1523 1524 248
f 1521 1524 1523
f 1009 4013 4008
f 4013 492 2254
f 4008 2254 180
f 4013 2254 4008
f 180 2242 4008
f 2242 489 4011
f 4008 4011 1009
f 2242 4011 4008
f 793 3205 3203
f 3205 792 3200
f 3203 3200 748
f 3205 3200 3203
f 10 3197 3201
f 3197 792 3205
f 3201 3205 793
f 3197 3205 3201
f 799 3225 3234
f 3225 675 3229
f 3234 3229 800
f 3225 3229 3234
f 800 3232 3234
f 3232 795 3228
f 3234 3228 799
f 3232 3228 3234
f 796 3215 3219
f 3215 744 3217
f 3219 3217 797
f 3215 3217 3219
f 797 3216 3219
f 3216 12 3213
f 3219 3213 796
f 3216 3213 3219
f 371 1887 1883
f 1887 379 1889
f 1883 1889 378
f 1887 1889 1883
f 263 1879 1882
f 1879 377 1884
f 1882 1884 378
f 1879 1884 1882
f 185 2269 4040
f 2269 496 4042
f 4040 4042 1013
f 2269 4042 4040
f 1013 4043 4040
f 4043 497 2272
f 4040 2272 185
f 4043 2272 4040
f 372 1863 1868
f 1863 358 1866
f 1868 1866 373
f 1863 1866 1868
f 498 3874 4044
f 3874 990 4045
f 4044 4045 1013
f 3874 4045 4044
f 498 2274 3874
f 2274 181 3873
f 3874 3873 990
f 2274 3873 3874
f 181 1395 3256
f 1395 12 3255
f 3256 3255 807
f 1395 3255 3256
f 807 3255 3258
f 3255 12 3239
f 3258 3239 802
f 3255 3239 3258
f 181 1802 1396
f 1802 355 1801
f 1396 1801 17
f 1802 1801 1396
f 17 1017 1396
f 1017 12 1395
f 1396 1395 181
f 1017 1395 1396
f 896 3887 3880
f 3887 992 3888
f 3880 3888 991
f 3887 3888 3880
f 896 3542 3887
f 3542 804 3885
f 3887 3885 992
f 3542 3885 3887
f 991 3877 3882
f 3877 893 3576
f 3882 3576 905
f 3877 3576 3882
f 905 3577 3882
f 3577 894 3878
f 3882 3878 991
f 3577 3878 3882
f 905 3576 3575
f 3576 893 3536
f 3575 3536 803
f 3576 3536 3575
f 803 3537 3575
f 3537 894 3577
f 3575 3577 905
f 3537 3577 3575
f 906 3579 3883
f 3579 893 3877
f 3883 3877 991
f 3579 3877 3883
f 991 3879 3883
f 3879 895 3580
f 3883 3580 906
f 3879 3580 3883
f 802 3535 3578
f 3535 893 3579
f 3578 3579 906
f 3535 3579 3578
f 906 3580 3578
f 3580 895 3541
f 3578 3541 802
f 3580 3541 3578
f 802 3541 3240
f 3541 895 3540
f 3240 3540 598
f 3541 3540 3240
f 181 3256 2571
f 3256 807 3257
f 2571 3257 598
f 3256 3257 2571
f 598 3257 3240
f 3257 807 3258
f 3240 3258 802
f 3257 3258 3240
f 986 3856 3872
f 3856 985 3871
f 3872 3871 989
f 3856 3871 3872
f 937 3645 3869
f 3645 936 3868
f 3869 3868 989
f 3645 3868 3869
f 924 3644 3867
f 3644 937 3869
f 3867 3869 989
f 3644 3869 3867
f 989 3871 3867
f 3871 985 3848
f 3867 3848 924
f 3871 3848 3867
f 927 3937 3628
f 3937 999 3935
f 3628 3935 925
f 3937 3935 3628
f 932 3701 3637
f 3701 954 3702
f 3637 3702 933
f 3701 3702 3637
f 932 3636 3701
f 3636 931 3700
f 3701 3700 954
f 3636 3700 3701
f 933 3920 3637
f 3920 997 3919
f 3637 3919 932
f 3920 3919 3637
f 997 3918 3919
f 3918 931 3636
f 3919 3636 932
f 3918 3636 3919
f 929 3916 3650
f 3916 997 3923
f 3650 3923 940
f 3916 3923 3650
f 997 3922 3923
f 3922 939 3651
f 3923 3651 940
f 3922 3651 3923
f 939 3793 3651
f 3793 974 3794
f 3651 3794 940
f 3793 3794 3651
f 973 3785 3787
f 3785 929 3650
f 3787 3650 940
f 3785 3650 3787
f 940 3794 3787
f 3794 974 3795
f 3787 3795 973
f 3794 3795 3787
f 953 3696 3705
f 3696 934 3703
f 3705 3703 954
f 3696 3703 3705
f 953 3705 3699
f 3705 954 3704
f 3699 3704 952
f 3705 3704 3699
f 935 3640 3697
f 3640 934 3696
f 3697 3696 953
f 3640 3696 3697
f 952 3706 3699
f 3706 955 3707
f 3699 3707 953
f 3706 3707 3699
f 953 3698 3697
f 3698 936 3642
f 3697 3642 935
f 3698 3642 3697
f 953 3870 3698
f 3870 989 3868
f 3698 3868 936
f 3870 3868 3698
f 953 3707 3853
f 3707 955 3854
f 3853 3854 986
f 3707 3854 3853
f 986 3872 3853
f 3872 989 3870
f 3853 3870 953
f 3872 3870 3853
f 591 2562 3553
f 2562 593 3554
f 3553 3554 898
f 2562 3554 3553
f 898 3555 3553
f 3555 650 2752
f 3553 2752 591
f 3555 2752 3553
f 591 2752 2562
f 2752 650 2753
f 2562 2753 593
f 2752 2753 2562
f 897 3551 3548
f 3551 650 2756
f 3548 2756 645
f 3551 2756 3548
f 75 1366 2716
f 1366 173 2717
f 2716 2717 640
f 1366 2717 2716
f 641 2832 2720
f 2832 688 2831
f 2720 2831 640
f 2832 2831 2720
f 640 2831 2746
f 2831 688 2834
f 2746 2834 648
f 2831 2834 2746
f 173 1369 1370
f 1369 157 1363
f 1370 1363 172
f 1369 1363 1370
f 643 2754 2759
f 2754 650 2760
f 2759 2760 651
f 2754 2760 2759
f 100 1093 1090
f 1093 101 1092
f 1090 1092 98
f 1093 1092 1090
f 975 3796 3798
f 3796 58 2593
f 3798 2593 605
f 3796 2593 3798
f 604 3790 2594
f 3790 974 3791
f 2594 3791 605
f 3790 3791 2594
f 605 3791 3798
f 3791 974 3802
f 3798 3802 975
f 3791 3802 3798
f 113 1122 1131
f 1122 58 1126
f 1131 1126 114
f 1122 1126 1131
f 101 1135 1125
f 1135 115 1137
f 1125 1137 113
f 1135 1137 1125
f 113 1123 1125
f 1123 98 1092
f 1125 1092 101
f 1123 1092 1125
f 154 1279 1278
f 1279 153 1276
f 1278 1276 100
f 1279 1276 1278
f 100 1280 1278
f 1280 155 1281
f 1278 1281 154
f 1280 1281 1278
f 154 1281 1358
f 1281 155 1359
f 1358 1359 171
f 1281 1359 1358
f 54 2599 2588
f 2599 607 2600
f 2588 2600 604
f 2599 2600 2588
f 122 1161 1167
f 1161 46 1164
f 1167 1164 123
f 1161 1164 1167
f 114 1126 1127
f 1126 58 1060
f 1127 1060 59
f 1126 1060 1127
f 59 1061 1127
f 1061 60 1128
f 1127 1128 114
f 1061 1128 1127
f 603 2585 2584
f 2585 60 1061
f 2584 1061 59
f 2585 1061 2584
f 110 1217 1215
f 1217 134 1219
f 1215 1219 133
f 1217 1219 1215
f 111 1218 1113
f 1218 134 1217
f 1113 1217 110
f 1218 1217 1113
f 133 1230 1215
f 1230 137 1228
f 1215 1228 110
f 1230 1228 1215
f 137 1227 1228
f 1227 109 1112
f 1228 1112 110
f 1227 1112 1228
f 61 2581 1063
f 2581 602 2582
f 1063 2582 62
f 2581 2582 1063
f 62 1110 1063
f 1110 110 1109
f 1063 1109 61
f 1110 1109 1063
f 61 1109 1108
f 1109 110 1112
f 1108 1112 109
f 1109 1112 1108
f 61 1108 1062
f 1108 109 1107
f 1062 1107 60
f 1108 1107 1062
f 60 2580 1062
f 2580 602 2581
f 1062 2581 61
f 2580 2581 1062
f 111 1113 1120
f 1113 110 1119
f 1120 1119 112
f 1113 1119 1120
f 112 1387 1120
f 1387 176 1386
f 1120 1386 111
f 1387 1386 1120
f 112 1116 1117
f 1116 65 1067
f 1117 1067 66
f 1116 1067 1117
f 112 1118 1387
f 1118 69 1385
f 1387 1385 176
f 1118 1385 1387
f 66 2741 1117
f 2741 647 2743
f 1117 2743 112
f 2741 2743 1117
f 647 2742 2743
f 2742 69 1118
f 2743 1118 112
f 2742 1118 2743
f 435 2062 2064
f 2062 417 2044
f 2064 2044 429
f 2062 2044 2064
f 429 2046 2049
f 2046 427 2047
f 2049 2047 430
f 2046 2047 2049
f 695 2928 2864
f 2928 711 2929
f 2864 2929 696
f 2928 2929 2864
f 696 2863 2864
f 2863 626 2858
f 2864 2858 695
f 2863 2858 2864
f 695 2858 2859
f 2858 626 2669
f 2859 2669 627
f 2858 2669 2859
f 660 3136 2774
f 3136 778 3135
f 2774 3135 658
f 3136 3135 2774
f 663 3137 2780
f 3137 778 3136
f 2780 3136 660
f 3137 3136 2780
f 710 2922 2931
f 2922 656 2927
f 2931 2927 711
f 2922 2927 2931
f 711 2928 2931
f 2928 695 2925
f 2931 2925 710
f 2928 2925 2931
f 652 2764 2761
f 2764 655 2765
f 2761 2765 653
f 2764 2765 2761
f 657 2769 2771
f 2769 656 2770
f 2771 2770 658
f 2769 2770 2771
f 657 2768 2769
f 2768 655 2767
f 2769 2767 656
f 2768 2767 2769
f 374 2150 3437
f 2150 463 3438
f 3437 3438 866
f 2150 3438 3437
f 713 2940 2938
f 2940 699 2872
f 2938 2872 652
f 2940 2872 2938
f 43 2619 1045
f 2619 614 2620
f 1045 2620 44
f 2619 2620 1045
f 652 2872 2932
f 2872 699 2936
f 2932 2936 712
f 2872 2936 2932
f 712 2933 2932
f 2933 656 2766
f 2932 2766 652
f 2933 2766 2932
f 711 2927 2937
f 2927 656 2933
f 2937 2933 712
f 2927 2933 2937
f 145 1261 1304
f 1261 144 1303
f 1304 1303 162
f 1261 1303 1304
f 162 1306 1304
f 1306 161 1299
f 1304 1299 145
f 1306 1299 1304
f 161 1306 1295
f 1306 162 1302
f 1295 1302 96
f 1306 1302 1295
f 692 2846 2847
f 2846 629 2699
f 2847 2699 635
f 2846 2699 2847
f 689 2848 2836
f 2848 692 2847
f 2836 2847 635
f 2848 2847 2836
f 171 1374 1355
f 1374 174 1372
f 1355 1372 76
f 1374 1372 1355
f 76 1071 1355
f 1071 77 1356
f 1355 1356 171
f 1071 1356 1355
f 638 2708 2707
f 2708 77 1071
f 2707 1071 76
f 2708 1071 2707
f 171 1356 1357
f 1356 77 1072
f 1357 1072 78
f 1356 1072 1357
f 78 1072 2709
f 1072 77 2708
f 2709 2708 638
f 1072 2708 2709
f 689 2836 2837
f 2836 635 2702
f 2837 2702 636
f 2836 2702 2837
f 636 2702 2701
f 2702 635 2696
f 2701 2696 81
f 2702 2696 2701
f 424 2134 2162
f 2134 459 2163
f 2162 2163 466
f 2134 2163 2162
f 466 2161 2162
f 2161 422 2033
f 2162 2033 424
f 2161 2033 2162
f 460 2138 2137
f 2138 459 2134
f 2137 2134 424
f 2138 2134 2137
f 421 2054 2052
f 2054 433 2056
f 2052 2056 432
f 2054 2056 2052
f 421 2050 2054
f 2050 431 2055
f 2054 2055 433
f 2050 2055 2054
f 199 2419 2429
f 2419 552 2433
f 2429 2433 555
f 2419 2433 2429
f 552 2420 2433
f 2420 471 2431
f 2433 2431 555
f 2420 2431 2433
f 555 2431 2430
f 2431 471 2176
f 2430 2176 464
f 2431 2176 2430
f 762 3068 3119
f 3068 653 3115
f 3119 3115 774
f 3068 3115 3119
f 774 3115 3116
f 3115 653 2765
f 3116 2765 655
f 3115 2765 3116
f 655 2768 3116
f 2768 657 3117
f 3116 3117 774
f 2768 3117 3116
f 773 3111 3114
f 3111 760 3106
f 3114 3106 772
f 3111 3106 3114
f 285 1598 1602
f 1598 219 1596
f 1602 1596 284
f 1598 1596 1602
f 299 1651 1650
f 1651 285 1602
f 1650 1602 284
f 1651 1602 1650
f 284 1645 1650
f 1645 298 1652
f 1650 1652 299
f 1645 1652 1650
f 406 2133 2135
f 2133 459 2138
f 2135 2138 460
f 2133 2138 2135
f 295 2132 2001
f 2132 459 2133
f 2001 2133 406
f 2132 2133 2001
f 339 1768 2002
f 1768 295 2001
f 2002 2001 406
f 1768 2001 2002
f 406 2003 2002
f 2003 376 1875
f 2002 1875 339
f 2003 1875 2002
f 406 2004 2003
f 2004 405 1999
f 2003 1999 376
f 2004 1999 2003
f 462 2154 2144
f 2154 463 2151
f 2144 2151 404
f 2154 2151 2144
f 404 2000 2144
f 2000 405 2145
f 2144 2145 462
f 2000 2145 2144
f 164 2673 1313
f 2673 628 2671
f 1313 2671 92
f 2673 2671 1313
f 92 1085 1313
f 1085 93 1314
f 1313 1314 164
f 1085 1314 1313
f 628 2672 2671
f 2672 93 1085
f 2671 1085 92
f 2672 1085 2671
f 630 2681 2843
f 2681 629 2842
f 2843 2842 691
f 2681 2842 2843
f 81 1342 1350
f 1342 169 1354
f 1350 1354 170
f 1342 1354 1350
f 171 1357 1360
f 1357 78 1347
f 1360 1347 170
f 1357 1347 1360
f 170 1347 1348
f 1347 78 1073
f 1348 1073 79
f 1347 1073 1348
f 153 1279 1352
f 1279 154 1353
f 1352 1353 170
f 1279 1353 1352
f 170 1353 1360
f 1353 154 1358
f 1360 1358 171
f 1353 1358 1360
f 170 1351 1352
f 1351 152 1277
f 1352 1277 153
f 1351 1277 1352
f 170 1354 1351
f 1354 169 1345
f 1351 1345 152
f 1354 1345 1351
f 152 1345 1340
f 1345 169 1346
f 1340 1346 168
f 1345 1346 1340
f 675 2804 2807
f 2804 673 2806
f 2807 2806 676
f 2804 2806 2807
f 679 2813 2812
f 2813 678 2810
f 2812 2810 676
f 2813 2810 2812
f 705 2898 2897
f 2898 679 2812
f 2897 2812 676
f 2898 2812 2897
f 676 2904 2897
f 2904 706 2906
f 2897 2906 705
f 2904 2906 2897
f 676 2806 2904
f 2806 673 2903
f 2904 2903 706
f 2806 2903 2904
f 790 3209 3186
f 3209 794 3206
f 3186 3206 750
f 3209 3206 3186
f 748 3030 3031
f 3030 749 3032
f 3031 3032 750
f 3030 3032 3031
f 750 3204 3031
f 3204 793 3203
f 3031 3203 748
f 3204 3203 3031
f 750 3206 3210
f 3206 794 3212
f 3210 3212 795
f 3206 3212 3210
f 795 3211 3210
f 3211 793 3204
f 3210 3204 750
f 3211 3204 3210
f 268 1562 1561
f 1562 262 1550
f 1561 1550 261
f 1562 1550 1561
f 261 1558 1561
f 1558 267 1563
f 1561 1563 268
f 1558 1563 1561
f 268 1880 1562
f 1880 377 1878
f 1562 1878 262
f 1880 1878 1562
f 268 1563 1958
f 1563 267 1957
f 1958 1957 398
f 1563 1957 1958
f 398 1959 1958
f 1959 377 1880
f 1958 1880 268
f 1959 1880 1958
f 757 3138 3051
f 3138 778 3137
f 3051 3137 663
f 3138 3137 3051
f 752 3037 3038
f 3037 669 2796
f 3038 2796 671
f 3037 2796 3038
f 671 3033 3038
f 3033 751 3039
f 3038 3039 752
f 3033 3039 3038
f 752 3208 3187
f 3208 794 3209
f 3187 3209 790
f 3208 3209 3187
f 751 3207 3039
f 3207 794 3208
f 3039 3208 752
f 3207 3208 3039
f 749 3026 3028
f 3026 8 1016
f 3028 1016 16
f 3026 1016 3028
f 16 1785 3028
f 1785 349 3029
f 3028 3029 749
f 1785 3029 3028
f 351 1791 1790
f 1791 349 1785
f 1790 1785 16
f 1791 1785 1790
f 16 1016 3023
f 1016 8 3022
f 3023 3022 748
f 1016 3022 3023
f 748 3024 3023
f 3024 351 1790
f 3023 1790 16
f 3024 1790 3023
f 397 1953 1962
f 1953 377 1959
f 1962 1959 398
f 1953 1959 1962
f 371 1883 1952
f 1883 378 1954
f 1952 1954 397
f 1883 1954 1952
f 397 1954 1953
f 1954 378 1884
f 1953 1884 377
f 1954 1884 1953
f 331 1734 1735
f 1734 329 1733
f 1735 1733 330
f 1734 1733 1735
f 338 1762 1763
f 1762 329 1734
f 1763 1734 331
f 1762 1734 1763
f 908 3963 3586
f 3963 1002 3962
f 3586 3962 599
f 3963 3962 3586
f 599 3602 3586
f 3602 916 3608
f 3586 3608 908
f 3602 3608 3586
f 1002 3965 3962
f 3965 916 3602
f 3962 3602 599
f 3965 3602 3962
f 909 3964 3949
f 3964 1002 3966
f 3949 3966 1001
f 3964 3966 3949
f 909 3609 3964
f 3609 916 3965
f 3964 3965 1002
f 3609 3965 3964
f 1001 3954 3949
f 3954 915 3600
f 3949 3600 909
f 3954 3600 3949
f 909 3600 3587
f 3600 915 3598
f 3587 3598 726
f 3600 3598 3587
f 726 3603 3587
f 3603 916 3609
f 3587 3609 909
f 3603 3609 3587
f 530 2341 2346
f 2341 529 2345
f 2346 2345 531
f 2341 2345 2346
f 531 2344 2346
f 2344 523 2339
f 2346 2339 530
f 2344 2339 2346
f 532 2349 2352
f 2349 523 2344
f 2352 2344 531
f 2349 2344 2352
f 337 2348 2343
f 2348 532 2352
f 2343 2352 531
f 2348 2352 2343
f 531 2342 2343
f 2342 320 1757
f 2343 1757 337
f 2342 1757 2343
f 529 2336 2345
f 2336 320 2342
f 2345 2342 531
f 2336 2342 2345
f 321 2322 2320
f 2322 526 2325
f 2320 2325 524
f 2322 2325 2320
f 526 2326 2325
f 2326 525 2321
f 2325 2321 524
f 2326 2321 2325
f 524 2350 2320
f 2350 532 2347
f 2320 2347 321
f 2350 2347 2320
f 524 2321 2350
f 2321 525 2351
f 2350 2351 532
f 2321 2351 2350
f 520 2309 2330
f 2309 518 2328
f 2330 2328 527
f 2309 2328 2330
f 527 2329 2330
f 2329 519 2310
f 2330 2310 520
f 2329 2310 2330
f 322 2308 2327
f 2308 519 2329
f 2327 2329 527
f 2308 2329 2327
f 527 2331 2327
f 2331 526 2323
f 2327 2323 322
f 2331 2323 2327
f 527 2328 2331
f 2328 518 2324
f 2331 2324 526
f 2328 2324 2331
f 943 3677 3736
f 3677 946 3737
f 3736 3737 961
f 3677 3737 3736
f 943 3666 3664
f 3666 587 2559
f 3664 2559 543
f 3666 2559 3664
f 717 2944 3667
f 2944 587 3666
f 3667 3666 943
f 2944 3666 3667
f 943 3736 3667
f 3736 961 3734
f 3667 3734 717
f 3736 3734 3667
f 944 3671 3669
f 3671 942 3660
f 3669 3660 570
f 3671 3660 3669
f 944 3674 3671
f 3674 945 3673
f 3671 3673 942
f 3674 3673 3671
f 570 2484 3669
f 2484 569 3668
f 3669 3668 944
f 2484 3668 3669
f 944 3728 3670
f 3728 960 3723
f 3670 3723 716
f 3728 3723 3670
f 716 3672 3670
f 3672 945 3674
f 3670 3674 944
f 3672 3674 3670
f 543 2381 2472
f 2381 542 2471
f 2472 2471 565
f 2381 2471 2472
f 565 3665 2472
f 3665 943 3664
f 2472 3664 543
f 3665 3664 2472
f 735 2982 2977
f 2982 738 2983
f 2977 2983 736
f 2982 2983 2977
f 736 2976 2977
f 2976 734 2975
f 2977 2975 735
f 2976 2975 2977
f 736 2983 2985
f 2983 738 2986
f 2985 2986 739
f 2983 2986 2985
f 739 3512 2985
f 3512 888 3511
f 2985 3511 736
f 3512 3511 2985
f 890 3522 3523
f 3522 734 2976
f 3523 2976 736
f 3522 2976 3523
f 736 3511 3523
f 3511 888 3525
f 3523 3525 890
f 3511 3525 3523
f 436 2221 2070
f 2221 485 2222
f 2070 2222 437
f 2221 2222 2070
f 425 2068 2069
f 2068 436 2070
f 2069 2070 437
f 2068 2070 2069
f 587 2969 2558
f 2969 734 2967
f 2558 2967 334
f 2969 2967 2558
f 312 2557 1741
f 2557 587 2558
f 1741 2558 334
f 2557 2558 1741
f 334 1740 1741
f 1740 311 1705
f 1741 1705 312
f 1740 1705 1741
f 330 1731 1742
f 1731 311 1740
f 1742 1740 334
f 1731 1740 1742
f 324 1721 1722
f 1721 325 1723
f 1722 1723 326
f 1721 1723 1722
f 326 2466 1722
f 2466 564 2465
f 1722 2465 324
f 2466 2465 1722
f 583 2540 2537
f 2540 564 2466
f 2537 2466 326
f 2540 2466 2537
f 567 2478 2476
f 2478 568 2477
f 2476 2477 539
f 2478 2477 2476
f 428 2111 2113
f 2111 452 2115
f 2113 2115 453
f 2111 2115 2113
f 834 3321 3320
f 3321 453 2115
f 3320 2115 452
f 3321 2115 3320
f 412 2014 2008
f 2014 414 2013
f 2008 2013 410
f 2014 2013 2008
f 410 2007 2008
f 2007 411 2009
f 2008 2009 412
f 2007 2009 2008
f 436 2067 2066
f 2067 414 2014
f 2066 2014 412
f 2067 2014 2066
f 412 2009 2238
f 2009 411 2237
f 2238 2237 488
f 2009 2237 2238
f 488 2240 2238
f 2240 483 2212
f 2238 2212 412
f 2240 2212 2238
f 484 2217 2216
f 2217 436 2066
f 2216 2066 412
f 2217 2066 2216
f 412 2212 2216
f 2212 483 2220
f 2216 2220 484
f 2212 2220 2216
f 216 1442 1439
f 1442 207 1422
f 1439 1422 192
f 1442 1422 1439
f 574 2501 2509
f 2501 573 2508
f 2509 2508 576
f 2501 2508 2509
f 560 2457 2498
f 2457 561 2499
f 2498 2499 574
f 2457 2499 2498
f 561 2495 2499
f 2495 573 2501
f 2499 2501 574
f 2495 2501 2499
f 562 2458 2500
f 2458 411 2497
f 2500 2497 574
f 2458 2497 2500
f 574 2497 2498
f 2497 411 2452
f 2498 2452 560
f 2497 2452 2498
f 574 2512 2500
f 2512 577 2511
f 2500 2511 562
f 2512 2511 2500
f 574 2509 2512
f 2509 576 2513
f 2512 2513 577
f 2509 2513 2512
f 415 2447 2455
f 2447 559 2456
f 2455 2456 561
f 2447 2456 2455
f 415 2455 2018
f 2455 561 2454
f 2018 2454 413
f 2455 2454 2018
f 415 2016 2020
f 2016 408 2019
f 2020 2019 416
f 2016 2019 2020
f 416 2448 2020
f 2448 559 2447
f 2020 2447 415
f 2448 2447 2020
f 413 2010 2018
f 2010 409 2017
f 2018 2017 415
f 2010 2017 2018
f 409 2006 2017
f 2006 408 2016
f 2017 2016 415
f 2006 2016 2017
f 572 2492 2493
f 2492 559 2489
f 2493 2489 571
f 2492 2489 2493
f 573 2494 2496
f 2494 559 2492
f 2496 2492 572
f 2494 2492 2496
f 571 2485 2493
f 2485 552 2490
f 2493 2490 572
f 2485 2490 2493
f 575 2506 2505
f 2506 573 2496
f 2505 2496 572
f 2506 2496 2505
f 885 3501 3502
f 3501 882 3495
f 3502 3495 883
f 3501 3495 3502
f 883 3494 3534
f 3494 881 3533
f 3534 3533 892
f 3494 3533 3534
f 892 3531 3534
f 3531 813 3492
f 3534 3492 883
f 3531 3492 3534
f 883 3492 3502
f 3492 813 3500
f 3502 3500 885
f 3492 3500 3502
f 884 3498 3503
f 3498 882 3501
f 3503 3501 885
f 3498 3501 3503
f 885 3509 3503
f 3509 887 3508
f 3503 3508 884
f 3509 3508 3503
f 887 3510 3508
f 3510 886 3506
f 3508 3506 884
f 3510 3506 3508
f 886 3505 3506
f 3505 743 3497
f 3506 3497 884
f 3505 3497 3506
f 719 3490 3496
f 3490 882 3498
f 3496 3498 884
f 3490 3498 3496
f 884 3497 3496
f 3497 743 3004
f 3496 3004 719
f 3497 3004 3496
f 963 3816 3749
f 3816 979 3817
f 3749 3817 964
f 3816 3817 3749
f 963 3745 3821
f 3745 860 3819
f 3821 3819 980
f 3745 3819 3821
f 859 3415 3744
f 3415 860 3745
f 3744 3745 963
f 3415 3745 3744
f 980 3827 3821
f 3827 981 3825
f 3821 3825 963
f 3827 3825 3821
f 981 3826 3825
f 3826 979 3816
f 3825 3816 963
f 3826 3816 3825
f 813 3413 3275
f 3413 860 3414
f 3275 3414 814
f 3413 3414 3275
f 846 3360 3361
f 3360 812 3274
f 3361 3274 814
f 3360 3274 3361
f 812 3273 3274
f 3273 813 3275
f 3274 3275 814
f 3273 3275 3274
f 814 3414 3410
f 3414 860 3415
f 3410 3415 859
f 3414 3415 3410
f 814 3365 3361
f 3365 847 3367
f 3361 3367 846
f 3365 3367 3361
f 852 3392 3391
f 3392 851 3384
f 3391 3384 825
f 3392 3384 3391
f 825 3300 3391
f 3300 818 3388
f 3391 3388 852
f 3300 3388 3391
f 955 3713 3741
f 3713 957 3742
f 3741 3742 962
f 3713 3742 3741
f 962 3742 3740
f 3742 957 3711
f 3740 3711 881
f 3742 3711 3740
f 986 3854 3855
f 3854 955 3741
f 3855 3741 962
f 3854 3741 3855
f 927 3628 3626
f 3628 925 3623
f 3626 3623 723
f 3628 3623 3626
f 723 3846 2953
f 3846 985 3845
f 2953 3845 722
f 3846 3845 2953
f 723 3623 3846
f 3623 925 3849
f 3846 3849 985
f 3623 3849 3846
f 741 2997 2996
f 2997 738 2984
f 2996 2984 737
f 2997 2984 2996
f 737 2993 2996
f 2993 740 2998
f 2996 2998 741
f 2993 2998 2996
f 722 2950 2951
f 2950 720 2949
f 2951 2949 721
f 2950 2949 2951
f 721 2952 2951
f 2952 723 2953
f 2951 2953 722
f 2952 2953 2951
f 724 2955 2954
f 2955 723 2952
f 2954 2952 721
f 2955 2952 2954
f 720 3005 2949
f 3005 743 3006
f 2949 3006 721
f 3005 3006 2949
f 725 2995 2987
f 2995 741 2998
f 2987 2998 740
f 2995 2998 2987
f 724 2994 2956
f 2994 741 2995
f 2956 2995 725
f 2994 2995 2956
f 725 2987 3597
f 2987 740 3599
f 3597 3599 915
f 2987 3599 3597
f 915 3601 3597
f 3601 914 3595
f 3597 3595 725
f 3601 3595 3597
f 509 2550 2295
f 2550 585 2549
f 2295 2549 508
f 2550 2549 2295
f 508 2296 2295
f 2296 510 2297
f 2295 2297 509
f 2296 2297 2295
f 585 2551 2549
f 2551 510 2296
f 2549 2296 508
f 2551 2296 2549
f 304 1673 1682
f 1673 255 1679
f 1682 1679 305
f 1673 1679 1682
f 305 1679 1678
f 1679 255 1536
f 1678 1536 252
f 1679 1536 1678
f 259 1885 1547
f 1885 379 1886
f 1547 1886 260
f 1885 1886 1547
f 260 1545 1547
f 1545 255 1543
f 1547 1543 259
f 1545 1543 1547
f 259 1543 1544
f 1543 255 1542
f 1544 1542 258
f 1543 1542 1544
f 258 1551 1544
f 1551 263 1552
f 1544 1552 259
f 1551 1552 1544
f 263 1882 1552
f 1882 378 1881
f 1552 1881 259
f 1882 1881 1552
f 259 1881 1885
f 1881 378 1889
f 1885 1889 379
f 1881 1889 1885
f 250 1527 1534
f 1527 249 1533
f 1534 1533 254
f 1527 1533 1534
f 254 1925 1534
f 1925 391 1924
f 1534 1924 250
f 1925 1924 1534
f 227 1467 1464
f 1467 228 1466
f 1464 1466 216
f 1467 1466 1464
f 234 1480 1611
f 1480 233 1610
f 1611 1610 288
f 1480 1610 1611
f 233 1614 1610
f 1614 289 1616
f 1610 1616 288
f 1614 1616 1610
f 288 1609 1611
f 1609 223 1479
f 1611 1479 234
f 1609 1479 1611
f 288 1612 1609
f 1612 287 1608
f 1609 1608 223
f 1612 1608 1609
f 304 1682 1676
f 1682 305 1681
f 1676 1681 288
f 1682 1681 1676
f 288 1681 1612
f 1681 305 1680
f 1612 1680 287
f 1681 1680 1612
f 303 1677 1670
f 1677 304 1676
f 1670 1676 288
f 1677 1676 1670
f 288 1616 1670
f 1616 289 1671
f 1670 1671 303
f 1616 1671 1670
f 246 1654 1658
f 1654 300 1662
f 1658 1662 301
f 1654 1662 1658
f 246 1518 1517
f 1518 229 1469
f 1517 1469 228
f 1518 1469 1517
f 246 1519 1518
f 1519 230 1471
f 1518 1471 229
f 1519 1471 1518
f 246 1606 1519
f 1606 286 1603
f 1519 1603 230
f 1606 1603 1519
f 303 1669 1672
f 1669 286 1666
f 1672 1666 302
f 1669 1666 1672
f 302 1667 1665
f 1667 301 1659
f 1665 1659 266
f 1667 1659 1665
f 302 1663 1667
f 1663 246 1658
f 1667 1658 301
f 1663 1658 1667
f 286 1606 1666
f 1606 246 1663
f 1666 1663 302
f 1606 1663 1666
f 266 1555 1665
f 1555 261 1664
f 1665 1664 302
f 1555 1664 1665
f 302 1664 1672
f 1664 261 1668
f 1672 1668 303
f 1664 1668 1672
f 238 1629 1496
f 1629 293 1630
f 1496 1630 239
f 1629 1630 1496
f 237 1628 1493
f 1628 293 1629
f 1493 1629 238
f 1628 1629 1493
f 238 1496 1492
f 1496 239 1494
f 1492 1494 216
f 1496 1494 1492
f 216 1490 1492
f 1490 237 1493
f 1492 1493 238
f 1490 1493 1492
f 243 1506 1507
f 1506 235 1495
f 1507 1495 239
f 1506 1495 1507
f 239 1630 1507
f 1630 293 1631
f 1507 1631 243
f 1630 1631 1507
f 243 1631 1634
f 1631 293 1635
f 1634 1635 294
f 1631 1635 1634
f 491 2251 2253
f 2251 190 1504
f 2253 1504 243
f 2251 1504 2253
f 190 1503 1504
f 1503 242 1508
f 1504 1508 243
f 1503 1508 1504
f 236 1489 1511
f 1489 235 1510
f 1511 1510 244
f 1489 1510 1511
f 244 1512 1511
f 1512 240 1499
f 1511 1499 236
f 1512 1499 1511
f 235 1506 1510
f 1506 243 1514
f 1510 1514 244
f 1506 1514 1510
f 244 1514 1513
f 1514 243 1508
f 1513 1508 242
f 1514 1508 1513
f 189 1497 1509
f 1497 240 1512
f 1509 1512 244
f 1497 1512 1509
f 244 1513 1509
f 1513 242 1502
f 1509 1502 189
f 1513 1502 1509
f 241 1501 2384
f 1501 240 2383
f 2384 2383 544
f 1501 2383 2384
f 240 2249 2383
f 2249 490 2385
f 2383 2385 544
f 2249 2385 2383
f 179 2241 1522
f 2241 489 2243
f 1522 2243 248
f 2241 2243 1522
f 248 2263 1522
f 2263 494 2262
f 1522 2262 179
f 2263 2262 1522
f 1010 4021 4017
f 4021 489 2241
f 4017 2241 179
f 4021 2241 4017
f 179 2262 4017
f 2262 494 4022
f 4017 4022 1010
f 2262 4022 4017
f 493 2261 2258
f 2261 309 1698
f 2258 1698 187
f 2261 1698 2258
f 294 1702 2260
f 1702 309 2261
f 2260 2261 493
f 1702 2261 2260
f 493 2258 4014
f 2258 187 4009
f 4014 4009 1009
f 2258 4009 4014
f 798 3222 3223
f 3222 793 3211
f 3223 3211 795
f 3222 3211 3223
f 795 3232 3223
f 3232 800 3233
f 3223 3233 798
f 3232 3233 3223
f 798 3233 3221
f 3233 800 3231
f 3221 3231 747
f 3233 3231 3221
f 677 3230 2808
f 3230 800 3229
f 2808 3229 675
f 3230 3229 2808
f 675 2807 2808
f 2807 676 2809
f 2808 2809 677
f 2807 2809 2808
f 677 2809 2811
f 2809 676 2810
f 2811 2810 678
f 2809 2810 2811
f 677 2811 3020
f 2811 678 3021
f 3020 3021 747
f 2811 3021 3020
f 747 3231 3020
f 3231 800 3230
f 3020 3230 677
f 3231 3230 3020
f 1013 4042 4039
f 4042 496 2268
f 4039 2268 184
f 4042 2268 4039
f 356 1807 1804
f 1807 355 1802
f 1804 1802 181
f 1807 1802 1804
f 181 2274 1804
f 2274 498 2276
f 1804 2276 356
f 2274 2276 1804
f 356 1803 1807
f 1803 17 1801
f 1807 1801 355
f 1803 1801 1807
f 380 1942 1890
f 1942 395 1940
f 1890 1940 256
f 1942 1940 1890
f 380 1890 1891
f 1890 256 1546
f 1891 1546 260
f 1890 1546 1891
f 260 1886 1891
f 1886 379 1894
f 1891 1894 380
f 1886 1894 1891
f 380 1894 1892
f 1894 379 1888
f 1892 1888 372
f 1894 1888 1892
f 372 1868 1892
f 1868 373 1893
f 1892 1893 380
f 1868 1893 1892
f 1013 4038 4037
f 4038 183 1397
f 4037 1397 182
f 4038 1397 4037
f 182 2275 4037
f 2275 498 4044
f 4037 4044 1013
f 2275 4044 4037
f 183 1806 1397
f 1806 356 1805
f 1397 1805 182
f 1806 1805 1397
f 182 1805 2275
f 1805 356 2276
f 2275 2276 498
f 1805 2276 2275
f 991 3878 3881
f 3878 894 3573
f 3881 3573 904
f 3878 3573 3881
f 904 3574 3881
f 3574 896 3880
f 3881 3880 991
f 3574 3880 3881
f 904 3573 3572
f 3573 894 3538
f 3572 3538 804
f 3573 3538 3572
f 804 3542 3572
f 3542 896 3574
f 3572 3574 904
f 3542 3574 3572
f 597 3539 3875
f 3539 895 3876
f 3875 3876 990
f 3539 3876 3875
f 597 2572 3539
f 2572 598 3540
f 3539 3540 895
f 2572 3540 3539
f 990 3873 3875
f 3873 181 2570
f 3875 2570 597
f 3873 2570 3875
f 181 2571 2570
f 2571 598 2572
f 2570 2572 597
f 2571 2572 2570
f 923 3847 3624
f 3847 985 3850
f 3624 3850 926
f 3847 3850 3624
f 985 3849 3850
f 3849 925 3625
f 3850 3625 926
f 3849 3625 3850
f 926 3936 3624
f 3936 999 3933
f 3624 3933 923
f 3936 3933 3624
f 926 3625 3936
f 3625 925 3935
f 3936 3935 999
f 3625 3935 3936
f 897 3548 3549
f 3548 645 2740
f 3549 2740 646
f 3548 2740 3549
f 646 2744 3549
f 2744 647 3550
f 3549 3550 897
f 2744 3550 3549
f 646 2739 2737
f 2739 176 1384
f 2737 1384 68
f 2739 1384 2737
f 68 1068 2737
f 1068 69 2738
f 2737 2738 646
f 1068 2738 2737
f 646 2738 2744
f 2738 69 2742
f 2744 2742 647
f 2738 2742 2744
f 159 1388 1392
f 1388 176 1394
f 1392 1394 177
f 1388 1394 1392
f 642 2728 2758
f 2728 643 2759
f 2758 2759 651
f 2728 2759 2758
f 651 2835 2758
f 2835 688 2833
f 2758 2833 642
f 2835 2833 2758
f 642 2833 2724
f 2833 688 2832
f 2724 2832 641
f 2833 2832 2724
f 175 1382 1379
f 1382 172 1363
f 1379 1363 157
f 1382 1363 1379
f 159 1392 1381
f 1392 177 1393
f 1381 1393 175
f 1392 1393 1381
f 114 1229 1129
f 1229 137 1225
f 1129 1225 99
f 1229 1225 1129
f 99 1124 1129
f 1124 113 1131
f 1129 1131 114
f 1124 1131 1129
f 98 1123 1089
f 1123 113 1124
f 1089 1124 99
f 1123 1124 1089
f 99 1225 1091
f 1225 137 1226
f 1091 1226 100
f 1225 1226 1091
f 100 1090 1091
f 1090 98 1089
f 1091 1089 99
f 1090 1089 1091
f 604 2594 2590
f 2594 605 2591
f 2590 2591 56
f 2594 2591 2590
f 57 2592 1059
f 2592 605 2593
f 1059 2593 58
f 2592 2593 1059
f 58 1122 1059
f 1122 113 1121
f 1059 1121 57
f 1122 1121 1059
f 57 1121 1134
f 1121 113 1137
f 1134 1137 115
f 1121 1137 1134
f 115 1133 1134
f 1133 56 1058
f 1134 1058 57
f 1133 1058 1134
f 57 1058 2592
f 1058 56 2591
f 2592 2591 605
f 1058 2591 2592
f 971 3774 3775
f 3774 607 2604
f 3775 2604 608
f 3774 2604 3775
f 116 1142 1141
f 1142 115 1136
f 1141 1136 102
f 1142 1136 1141
f 45 1160 1046
f 1160 122 1159
f 1046 1159 44
f 1160 1159 1046
f 45 1047 1160
f 1047 46 1161
f 1160 1161 122
f 1047 1161 1160
f 44 2620 1046
f 2620 614 2621
f 1046 2621 45
f 2620 2621 1046
f 612 2614 3721
f 2614 46 3717
f 3721 3717 959
f 2614 3717 3721
f 983 3835 3834
f 3835 970 3773
f 3834 3773 959
f 3835 3773 3834
f 970 3779 3773
f 3779 971 3778
f 3773 3778 959
f 3779 3778 3773
f 47 1048 2615
f 1048 46 2614
f 2615 2614 612
f 1048 2614 2615
f 47 1165 1048
f 1165 123 1164
f 1048 1164 46
f 1165 1164 1048
f 606 2595 3799
f 2595 58 3796
f 3799 3796 975
f 2595 3796 3799
f 606 2596 2595
f 2596 59 1060
f 2595 1060 58
f 2596 1060 2595
f 606 3799 2597
f 3799 975 3797
f 2597 3797 603
f 3799 3797 2597
f 603 2584 2597
f 2584 59 2596
f 2597 2596 606
f 2584 2596 2597
f 63 1111 1064
f 1111 110 1110
f 1064 1110 62
f 1111 1110 1064
f 63 1114 1111
f 1114 112 1119
f 1111 1119 110
f 1114 1119 1111
f 601 2578 2577
f 2578 65 1066
f 2577 1066 64
f 2578 1066 2577
f 65 1116 1066
f 1116 112 1115
f 1066 1115 64
f 1116 1115 1066
f 112 1114 1115
f 1114 63 1065
f 1115 1065 64
f 1114 1065 1115
f 592 2579 2561
f 2579 601 2577
f 2561 2577 64
f 2579 2577 2561
f 455 3281 2120
f 3281 817 3280
f 2120 3280 27
f 3281 3280 2120
f 454 2122 2116
f 2122 455 2120
f 2116 2120 27
f 2122 2120 2116
f 443 2121 2118
f 2121 455 2122
f 2118 2122 454
f 2121 2122 2118
f 432 2056 2095
f 2056 433 2096
f 2095 2096 446
f 2056 2096 2095
f 433 2087 2096
f 2087 443 2097
f 2096 2097 446
f 2087 2097 2096
f 443 2118 2097
f 2118 454 2119
f 2097 2119 446
f 2118 2119 2097
f 446 2147 2095
f 2147 462 2146
f 2095 2146 432
f 2147 2146 2095
f 463 2154 2152
f 2154 462 2147
f 2152 2147 446
f 2154 2147 2152
f 446 2119 2152
f 2119 454 2153
f 2152 2153 463
f 2119 2153 2152
f 427 2046 2042
f 2046 429 2045
f 2042 2045 419
f 2046 2045 2042
f 416 2019 2025
f 2019 408 2024
f 2025 2024 419
f 2019 2024 2025
f 419 2045 2026
f 2045 429 2044
f 2026 2044 417
f 2045 2044 2026
f 407 2041 2023
f 2041 427 2042
f 2023 2042 419
f 2041 2042 2023
f 419 2024 2023
f 2024 408 2005
f 2023 2005 407
f 2024 2005 2023
f 434 2059 2060
f 2059 429 2049
f 2060 2049 430
f 2059 2049 2060
f 430 2051 2060
f 2051 431 2061
f 2060 2061 434
f 2051 2061 2060
f 435 2064 2065
f 2064 429 2059
f 2065 2059 434
f 2064 2059 2065
f 431 2050 2061
f 2050 421 2058
f 2061 2058 434
f 2050 2058 2061
f 444 2090 2089
f 2090 443 2087
f 2089 2087 433
f 2090 2087 2089
f 433 2055 2089
f 2055 431 2088
f 2089 2088 444
f 2055 2088 2089
f 693 2914 2857
f 2914 708 2915
f 2857 2915 694
f 2914 2915 2857
f 708 2921 2915
f 2921 709 2920
f 2915 2920 694
f 2921 2920 2915
f 709 2926 2920
f 2926 710 2924
f 2920 2924 694
f 2926 2924 2920
f 694 2924 2860
f 2924 710 2925
f 2860 2925 695
f 2924 2925 2860
f 694 2856 2857
f 2856 631 2850
f 2857 2850 693
f 2856 2850 2857
f 694 2855 2856
f 2855 628 2684
f 2856 2684 631
f 2855 2684 2856
f 627 2674 2854
f 2674 628 2855
f 2854 2855 694
f 2674 2855 2854
f 694 2860 2854
f 2860 695 2859
f 2854 2859 627
f 2860 2859 2854
f 656 2922 2772
f 2922 710 2923
f 2772 2923 659
f 2922 2923 2772
f 659 2917 2776
f 2917 709 2918
f 2776 2918 661
f 2917 2918 2776
f 659 2923 2917
f 2923 710 2926
f 2917 2926 709
f 2923 2926 2917
f 663 2780 2779
f 2780 660 2775
f 2779 2775 659
f 2780 2775 2779
f 658 2770 2773
f 2770 656 2772
f 2773 2772 659
f 2770 2772 2773
f 659 2775 2773
f 2775 660 2774
f 2773 2774 658
f 2775 2774 2773
f 374 3437 3080
f 3437 866 3439
f 3080 3439 765
f 3437 3439 3080
f 765 3079 3080
f 3079 26 1869
f 3080 1869 374
f 3079 1869 3080
f 3 1026 3078
f 1026 26 3079
f 3078 3079 765
f 1026 3079 3078
f 767 3086 3440
f 3086 765 3439
f 3440 3439 866
f 3086 3439 3440
f 14 1014 3277
f 1014 13 3276
f 3277 3276 816
f 1014 3276 3277
f 816 3442 3277
f 3442 866 3435
f 3277 3435 14
f 3442 3435 3277
f 100 1235 1243
f 1235 139 1246
f 1243 1246 141
f 1235 1246 1243
f 141 1250 1243
f 1250 142 1247
f 1243 1247 100
f 1250 1247 1243
f 143 1252 1251
f 1252 102 1094
f 1251 1094 100
f 1252 1094 1251
f 100 1247 1251
f 1247 142 1256
f 1251 1256 143
f 1247 1256 1251
f 121 1157 1255
f 1157 116 1253
f 1255 1253 143
f 1157 1253 1255
f 143 1253 1252
f 1253 116 1141
f 1252 1141 102
f 1253 1141 1252
f 107 1104 1103
f 1104 106 1101
f 1103 1101 100
f 1104 1101 1103
f 127 1192 1193
f 1192 106 1104
f 1193 1104 107
f 1192 1104 1193
f 967 3807 3810
f 3807 976 3812
f 3810 3812 977
f 3807 3812 3810
f 964 3813 3808
f 3813 978 3815
f 3808 3815 977
f 3813 3815 3808
f 982 3833 3838
f 3833 978 3836
f 3838 3836 983
f 3833 3836 3838
f 983 3834 3838
f 3834 959 3831
f 3838 3831 982
f 3834 3831 3838
f 696 2929 2867
f 2929 711 2930
f 2867 2930 697
f 2929 2930 2867
f 711 2937 2930
f 2937 712 2934
f 2930 2934 697
f 2937 2934 2930
f 164 1314 1317
f 1314 93 1307
f 1317 1307 163
f 1314 1307 1317
f 163 1307 2668
f 1307 93 2666
f 2668 2666 627
f 1307 2666 2668
f 161 1295 1296
f 1295 96 1088
f 1296 1088 97
f 1295 1088 1296
f 625 2660 2659
f 2660 96 1086
f 2659 1086 95
f 2660 1086 2659
f 95 1086 1301
f 1086 96 1302
f 1301 1302 162
f 1086 1302 1301
f 95 2663 2659
f 2663 626 2665
f 2659 2665 625
f 2663 2665 2659
f 95 1301 2663
f 1301 162 2664
f 2663 2664 626
f 1301 2664 2663
f 83 2698 2675
f 2698 635 2699
f 2675 2699 629
f 2698 2699 2675
f 629 2677 2675
f 2677 168 1335
f 2675 1335 83
f 2677 1335 2675
f 83 1335 1344
f 1335 168 1346
f 1344 1346 169
f 1335 1346 1344
f 639 2713 2711
f 2713 174 1371
f 2711 1371 75
f 2713 1371 2711
f 639 2712 2713
f 2712 76 1372
f 2713 1372 174
f 2712 1372 2713
f 75 2716 2711
f 2716 640 2718
f 2711 2718 639
f 2716 2718 2711
f 639 2718 2745
f 2718 640 2746
f 2745 2746 648
f 2718 2746 2745
f 638 2707 2714
f 2707 76 2712
f 2714 2712 639
f 2707 2712 2714
f 648 2750 2745
f 2750 649 2749
f 2745 2749 639
f 2750 2749 2745
f 639 2749 2714
f 2749 649 2748
f 2714 2748 638
f 2749 2748 2714
f 79 1073 2704
f 1073 78 2703
f 2704 2703 637
f 1073 2703 2704
f 637 2747 2838
f 2747 649 2839
f 2838 2839 689
f 2747 2839 2838
f 638 2748 2710
f 2748 649 2747
f 2710 2747 637
f 2748 2747 2710
f 637 2703 2710
f 2703 78 2709
f 2710 2709 638
f 2703 2709 2710
f 689 2837 2838
f 2837 636 2706
f 2838 2706 637
f 2837 2706 2838
f 460 2137 2136
f 2137 424 2034
f 2136 2034 423
f 2137 2034 2136
f 423 2034 2032
f 2034 424 2033
f 2032 2033 422
f 2034 2033 2032
f 423 2031 2053
f 2031 421 2052
f 2053 2052 432
f 2031 2052 2053
f 422 2030 2032
f 2030 421 2031
f 2032 2031 423
f 2030 2031 2032
f 420 2029 2441
f 2029 422 2442
f 2441 2442 558
f 2029 2442 2441
f 420 2028 2029
f 2028 421 2030
f 2029 2030 422
f 2028 2030 2029
f 420 2441 2063
f 2441 558 2443
f 2063 2443 435
f 2441 2443 2063
f 435 2065 2063
f 2065 434 2057
f 2063 2057 420
f 2065 2057 2063
f 420 2057 2028
f 2057 434 2058
f 2028 2058 421
f 2057 2058 2028
f 472 2180 2179
f 2180 200 1410
f 2179 1410 199
f 2180 1410 2179
f 199 2429 2179
f 2429 555 2432
f 2179 2432 472
f 2429 2432 2179
f 472 2181 2180
f 2181 201 1413
f 2180 1413 200
f 2181 1413 2180
f 472 2432 2183
f 2432 555 2430
f 2183 2430 464
f 2432 2430 2183
f 464 2155 2183
f 2155 213 2182
f 2183 2182 472
f 2155 2182 2183
f 213 1435 2182
f 1435 201 2181
f 2182 2181 472
f 1435 2181 2182
f 759 3059 3061
f 3059 24 1854
f 3061 1854 369
f 3059 1854 3061
f 2 1024 3058
f 1024 24 3059
f 3058 3059 759
f 1024 3059 3058
f 369 1855 3061
f 1855 25 3060
f 3061 3060 759
f 1855 3060 3061
f 762 3119 3088
f 3119 774 3120
f 3088 3120 768
f 3119 3120 3088
f 768 3120 3109
f 3120 774 3121
f 3109 3121 772
f 3120 3121 3109
f 760 3111 3104
f 3111 773 3113
f 3104 3113 771
f 3111 3113 3104
f 772 3121 3107
f 3121 774 3118
f 3107 3118 761
f 3121 3118 3107
f 761 3112 3107
f 3112 773 3114
f 3107 3114 772
f 3112 3114 3107
f 761 3118 3066
f 3118 774 3117
f 3066 3117 657
f 3118 3117 3066
f 761 3066 3067
f 3066 657 2771
f 3067 2771 658
f 3066 2771 3067
f 658 3135 3067
f 3135 778 3139
f 3067 3139 761
f 3135 3139 3067
f 218 1595 1450
f 1595 284 1596
f 1450 1596 219
f 1595 1596 1450
f 218 1446 1448
f 1446 214 1445
f 1448 1445 217
f 1446 1445 1448
f 216 1444 1447
f 1444 214 1446
f 1447 1446 218
f 1444 1446 1447
f 218 1450 1447
f 1450 219 1449
f 1447 1449 216
f 1450 1449 1447
f 217 1445 1593
f 1445 214 1592
f 1593 1592 283
f 1445 1592 1593
f 283 1594 1593
f 1594 218 1448
f 1593 1448 217
f 1594 1448 1593
f 284 1595 1597
f 1595 218 1594
f 1597 1594 283
f 1595 1594 1597
f 461 2148 2139
f 2148 462 2145
f 2139 2145 405
f 2148 2145 2139
f 461 2140 2143
f 2140 406 2135
f 2143 2135 460
f 2140 2135 2143
f 405 2004 2139
f 2004 406 2140
f 2139 2140 461
f 2004 2140 2139
f 432 2146 2142
f 2146 462 2148
f 2142 2148 461
f 2146 2148 2142
f 460 2136 2143
f 2136 423 2141
f 2143 2141 461
f 2136 2141 2143
f 461 2141 2142
f 2141 423 2053
f 2142 2053 432
f 2141 2053 2142
f 693 2850 2851
f 2850 631 2687
f 2851 2687 632
f 2850 2687 2851
f 166 1327 1334
f 1327 149 1332
f 1334 1332 167
f 1327 1332 1334
f 87 1323 1331
f 1323 166 1334
f 1331 1334 167
f 1323 1334 1331
f 88 1324 1081
f 1324 166 1323
f 1081 1323 87
f 1324 1323 1081
f 146 1263 1262
f 1263 144 1257
f 1262 1257 100
f 1263 1257 1262
f 146 1305 1263
f 1305 162 1303
f 1263 1303 144
f 1305 1303 1263
f 146 1309 1305
f 1309 163 1311
f 1305 1311 162
f 1309 1311 1305
f 150 1271 1270
f 1271 149 1268
f 1270 1268 100
f 1271 1268 1270
f 167 1332 1333
f 1332 149 1271
f 1333 1271 150
f 1332 1271 1333
f 150 1338 1333
f 1338 168 1341
f 1333 1341 167
f 1338 1341 1333
f 80 2700 1075
f 2700 636 2701
f 1075 2701 81
f 2700 2701 1075
f 81 1350 1075
f 1350 170 1349
f 1075 1349 80
f 1350 1349 1075
f 80 1349 1074
f 1349 170 1348
f 1074 1348 79
f 1349 1348 1074
f 79 2704 1074
f 2704 637 2705
f 1074 2705 80
f 2704 2705 1074
f 80 2705 2700
f 2705 637 2706
f 2700 2706 636
f 2705 2706 2700
f 629 2681 2676
f 2681 630 2678
f 2676 2678 84
f 2681 2678 2676
f 84 1336 2676
f 1336 168 2677
f 2676 2677 629
f 1336 2677 2676
f 342 1776 1850
f 1776 344 1851
f 1850 1851 368
f 1776 1851 1850
f 381 1955 1960
f 1955 397 1962
f 1960 1962 398
f 1955 1962 1960
f 753 3053 3042
f 3053 757 3052
f 3042 3052 668
f 3053 3052 3042
f 666 2793 2784
f 2793 669 2792
f 2784 2792 664
f 2793 2792 2784
f 664 2782 2784
f 2782 665 2785
f 2784 2785 666
f 2782 2785 2784
f 669 3037 2792
f 3037 752 3036
f 2792 3036 664
f 3037 3036 2792
f 348 1787 1788
f 1787 349 1789
f 1788 1789 350
f 1787 1789 1788
f 397 1955 1951
f 1955 381 1895
f 1951 1895 350
f 1955 1895 1951
f 350 1792 1796
f 1792 351 1797
f 1796 1797 353
f 1792 1797 1796
f 350 1789 1792
f 1789 349 1791
f 1792 1791 351
f 1789 1791 1792
f 353 1861 1796
f 1861 371 1860
f 1796 1860 350
f 1861 1860 1796
f 371 1952 1860
f 1952 397 1951
f 1860 1951 350
f 1952 1951 1860
f 336 1749 1748
f 1749 325 1720
f 1748 1720 322
f 1749 1720 1748
f 322 1761 1748
f 1761 338 1764
f 1748 1764 336
f 1761 1764 1748
f 338 1763 1764
f 1763 331 1750
f 1764 1750 336
f 1763 1750 1764
f 951 3694 3693
f 3694 944 3668
f 3693 3668 569
f 3694 3668 3693
f 569 2480 3693
f 2480 568 3692
f 3693 3692 951
f 2480 3692 3693
f 960 3728 3732
f 3728 944 3694
f 3732 3694 951
f 3728 3694 3732
f 541 2378 2375
f 2378 542 2377
f 2375 2377 540
f 2378 2377 2375
f 541 2470 2378
f 2470 565 2471
f 2378 2471 542
f 2470 2471 2378
f 541 2375 3658
f 2375 540 3657
f 3658 3657 942
f 2375 3657 3658
f 942 3676 3658
f 3676 946 3675
f 3658 3675 541
f 3676 3675 3658
f 946 3677 3675
f 3677 943 3663
f 3675 3663 541
f 3677 3663 3675
f 943 3665 3663
f 3665 565 2470
f 3663 2470 541
f 3665 2470 3663
f 438 2082 2071
f 2082 441 2081
f 2071 2081 425
f 2082 2081 2071
f 425 2069 2071
f 2069 437 2072
f 2071 2072 438
f 2069 2072 2071
f 442 2086 2085
f 2086 441 2082
f 2085 2082 438
f 2086 2082 2085
f 438 2190 2085
f 2190 475 2191
f 2085 2191 442
f 2190 2191 2085
f 438 2227 2190
f 2227 486 2228
f 2190 2228 475
f 2227 2228 2190
f 438 2223 2227
f 2223 485 2231
f 2227 2231 486
f 2223 2231 2227
f 438 2072 2223
f 2072 437 2222
f 2223 2222 485
f 2072 2222 2223
f 474 2232 2210
f 2232 487 2235
f 2210 2235 482
f 2232 2235 2210
f 482 3521 2210
f 3521 890 3520
f 2210 3520 474
f 3521 3520 2210
f 482 2968 3521
f 2968 734 3522
f 3521 3522 890
f 2968 3522 3521
f 482 2209 2968
f 2209 334 2967
f 2968 2967 734
f 2209 2967 2968
f 332 1737 1736
f 1737 331 1735
f 1736 1735 330
f 1737 1735 1736
f 330 1742 1736
f 1742 334 1743
f 1736 1743 332
f 1742 1743 1736
f 334 2209 1743
f 2209 482 2208
f 1743 2208 332
f 2209 2208 1743
f 537 3679 2366
f 3679 947 3680
f 2366 3680 538
f 3679 3680 2366
f 539 2372 2373
f 2372 537 2366
f 2373 2366 538
f 2372 2366 2373
f 538 2475 2373
f 2475 567 2476
f 2373 2476 539
f 2475 2476 2373
f 209 2405 1427
f 2405 549 2406
f 1427 2406 210
f 2405 2406 1427
f 549 2403 2406
f 2403 192 1425
f 2406 1425 210
f 2403 1425 2406
f 210 1430 1427
f 1430 211 1429
f 1427 1429 209
f 1430 1429 1427
f 207 1428 1426
f 1428 211 1430
f 1426 1430 210
f 1428 1430 1426
f 210 1425 1426
f 1425 192 1422
f 1426 1422 207
f 1425 1422 1426
f 193 1399 2412
f 1399 192 2411
f 2412 2411 551
f 1399 2411 2412
f 551 2416 2503
f 2416 550 2502
f 2503 2502 575
f 2416 2502 2503
f 549 2410 2415
f 2410 550 2416
f 2415 2416 551
f 2410 2416 2415
f 551 2411 2415
f 2411 192 2403
f 2415 2403 549
f 2411 2403 2415
f 193 1402 1406
f 1402 196 1407
f 1406 1407 197
f 1402 1407 1406
f 197 1405 1406
f 1405 192 1399
f 1406 1399 193
f 1405 1399 1406
f 216 1439 1440
f 1439 192 1405
f 1440 1405 197
f 1439 1405 1440
f 553 2491 2425
f 2491 572 2490
f 2425 2490 552
f 2491 2490 2425
f 552 2417 2425
f 2417 197 2423
f 2425 2423 553
f 2417 2423 2425
f 553 2423 2422
f 2423 197 1407
f 2422 1407 196
f 2423 1407 2422
f 575 2505 2504
f 2505 572 2491
f 2504 2491 553
f 2505 2491 2504
f 553 2424 2504
f 2424 551 2503
f 2504 2503 575
f 2424 2503 2504
f 859 3744 3412
f 3744 963 3743
f 3412 3743 858
f 3744 3743 3412
f 964 3747 3748
f 3747 857 3409
f 3748 3409 858
f 3747 3409 3748
f 858 3743 3748
f 3743 963 3749
f 3748 3749 964
f 3743 3749 3748
f 825 3384 3304
f 3384 851 3385
f 3304 3385 827
f 3384 3385 3304
f 825 3304 3303
f 3304 827 3305
f 3303 3305 826
f 3304 3305 3303
f 872 3803 3762
f 3803 976 3807
f 3762 3807 967
f 3803 3807 3762
f 854 3396 3411
f 3396 814 3410
f 3411 3410 859
f 3396 3410 3411
f 847 3365 3397
f 3365 814 3396
f 3397 3396 854
f 3365 3396 3397
f 859 3412 3411
f 3412 858 3407
f 3411 3407 854
f 3412 3407 3411
f 840 3341 3342
f 3341 837 3338
f 3342 3338 839
f 3341 3338 3342
f 839 3337 3336
f 3337 450 2107
f 3336 2107 449
f 3337 2107 3336
f 449 3340 3336
f 3340 840 3342
f 3336 3342 839
f 3340 3342 3336
f 841 3343 3344
f 3343 837 3341
f 3344 3341 840
f 3343 3341 3344
f 847 3371 3366
f 3371 848 3370
f 3366 3370 841
f 3371 3370 3366
f 841 3370 3343
f 3370 848 3369
f 3343 3369 837
f 3370 3369 3343
f 841 3344 3350
f 3344 840 3349
f 3350 3349 842
f 3344 3349 3350
f 842 3353 3350
f 3353 843 3352
f 3350 3352 841
f 3353 3352 3350
f 841 3352 3362
f 3352 843 3363
f 3362 3363 846
f 3352 3363 3362
f 846 3367 3362
f 3367 847 3366
f 3362 3366 841
f 3367 3366 3362
f 815 3387 3284
f 3387 852 3388
f 3284 3388 818
f 3387 3388 3284
f 815 3441 3278
f 3441 866 3442
f 3278 3442 816
f 3441 3442 3278
f 851 3383 3386
f 3383 823 3377
f 3386 3377 850
f 3383 3377 3386
f 829 3308 3379
f 3308 827 3378
f 3379 3378 850
f 3308 3378 3379
f 850 3378 3386
f 3378 827 3385
f 3386 3385 851
f 3378 3385 3386
f 823 3299 3319
f 3299 822 3318
f 3319 3318 833
f 3299 3318 3319
f 834 3322 3323
f 3322 823 3319
f 3323 3319 833
f 3322 3319 3323
f 453 3321 3316
f 3321 834 3323
f 3316 3323 833
f 3321 3323 3316
f 851 3392 3382
f 3392 852 3390
f 3382 3390 821
f 3392 3390 3382
f 821 3292 3297
f 3292 820 3296
f 3297 3296 822
f 3292 3296 3297
f 821 3298 3382
f 3298 823 3383
f 3382 3383 851
f 3298 3383 3382
f 821 3297 3298
f 3297 822 3299
f 3298 3299 823
f 3297 3299 3298
f 880 3739 3488
f 3739 962 3740
f 3488 3740 881
f 3739 3740 3488
f 881 3494 3488
f 3494 883 3493
f 3488 3493 880
f 3494 3493 3488
f 880 3493 3491
f 3493 883 3495
f 3491 3495 882
f 3493 3495 3491
f 718 2947 3851
f 2947 720 3852
f 3851 3852 986
f 2947 3852 3851
f 986 3855 3851
f 3855 962 3738
f 3851 3738 718
f 3855 3738 3851
f 719 2948 2946
f 2948 720 2947
f 2946 2947 718
f 2948 2947 2946
f 962 3739 3738
f 3739 880 3487
f 3738 3487 718
f 3739 3487 3738
f 718 3489 2946
f 3489 882 3490
f 2946 3490 719
f 3489 3490 2946
f 718 3487 3489
f 3487 880 3491
f 3489 3491 882
f 3487 3491 3489
f 724 2954 3000
f 2954 721 2999
f 3000 2999 742
f 2954 2999 3000
f 738 2997 3001
f 2997 741 3003
f 3001 3003 742
f 2997 3003 3001
f 742 3003 3000
f 3003 741 2994
f 3000 2994 724
f 3003 2994 3000
f 739 2986 3002
f 2986 738 3001
f 3002 3001 742
f 2986 3001 3002
f 742 3008 3002
f 3008 743 3007
f 3002 3007 739
f 3008 3007 3002
f 742 2999 3008
f 2999 721 3006
f 3008 3006 743
f 2999 3006 3008
f 928 3629 3630
f 3629 723 2955
f 3630 2955 724
f 3629 2955 3630
f 911 3950 3942
f 3950 1001 3956
f 3942 3956 1000
f 3950 3956 3942
f 306 1687 1684
f 1687 305 1678
f 1684 1678 252
f 1687 1678 1684
f 306 1683 1692
f 1683 249 1689
f 1692 1689 307
f 1683 1689 1692
f 252 1530 1684
f 1530 249 1683
f 1684 1683 306
f 1530 1683 1684
f 306 1692 1686
f 1692 307 1690
f 1686 1690 290
f 1692 1690 1686
f 290 1620 1686
f 1620 287 1685
f 1686 1685 306
f 1620 1685 1686
f 287 1680 1685
f 1680 305 1687
f 1685 1687 306
f 1680 1687 1685
f 257 1539 1541
f 1539 252 1537
f 1541 1537 256
f 1539 1537 1541
f 256 1940 1541
f 1940 395 1941
f 1541 1941 257
f 1940 1941 1541
f 253 1531 1532
f 1531 249 1530
f 1532 1530 252
f 1531 1530 1532
f 253 1535 1531
f 1535 254 1533
f 1531 1533 249
f 1535 1533 1531
f 252 1539 1532
f 1539 257 1540
f 1532 1540 253
f 1539 1540 1532
f 216 1449 1451
f 1449 219 1452
f 1451 1452 220
f 1449 1452 1451
f 220 1465 1451
f 1465 227 1464
f 1451 1464 216
f 1465 1464 1451
f 220 1452 1599
f 1452 219 1598
f 1599 1598 285
f 1452 1598 1599
f 285 1600 1599
f 1600 227 1465
f 1599 1465 220
f 1600 1465 1599
f 300 1654 1653
f 1654 246 1520
f 1653 1520 245
f 1654 1520 1653
f 245 1601 1648
f 1601 285 1651
f 1648 1651 299
f 1601 1651 1648
f 299 1657 1648
f 1657 300 1653
f 1648 1653 245
f 1657 1653 1648
f 245 1520 1516
f 1520 246 1517
f 1516 1517 228
f 1520 1517 1516
f 228 1467 1516
f 1467 227 1515
f 1516 1515 245
f 1467 1515 1516
f 245 1515 1601
f 1515 227 1600
f 1601 1600 285
f 1515 1600 1601
f 490 2247 2248
f 2247 204 1438
f 2248 1438 215
f 2247 1438 2248
f 215 2382 2248
f 2382 544 2385
f 2248 2385 490
f 2382 2385 2248
f 241 2384 1500
f 2384 544 2382
f 1500 2382 215
f 2384 2382 1500
f 215 1498 1500
f 1498 240 1501
f 1500 1501 241
f 1498 1501 1500
f 236 1499 1487
f 1499 240 1498
f 1487 1498 215
f 1499 1498 1487
f 215 1437 1487
f 1437 203 1483
f 1487 1483 236
f 1437 1483 1487
f 215 1438 1437
f 1438 204 1417
f 1437 1417 203
f 1438 1417 1437
f 191 1505 1633
f 1505 243 1634
f 1633 1634 294
f 1505 1634 1633
f 294 2260 1633
f 2260 493 2259
f 1633 2259 191
f 2260 2259 1633
f 491 2253 2252
f 2253 243 1505
f 2252 1505 191
f 2253 1505 2252
f 1009 4012 4010
f 4012 491 2252
f 4010 2252 191
f 4012 2252 4010
f 191 2259 4010
f 2259 493 4014
f 4010 4014 1009
f 2259 4014 4010
f 793 3222 3202
f 3222 798 3220
f 3202 3220 746
f 3222 3220 3202
f 746 3019 3017
f 3019 745 3012
f 3017 3012 10
f 3019 3012 3017
f 10 3201 3017
f 3201 793 3202
f 3017 3202 746
f 3201 3202 3017
f 746 3018 3019
f 3018 744 3016
f 3019 3016 745
f 3018 3016 3019
f 797 3217 3218
f 3217 744 3018
f 3218 3018 746
f 3217 3018 3218
f 801 3238 3236
f 3238 798 3221
f 3236 3221 747
f 3238 3221 3236
f 747 3245 3236
f 3245 805 3246
f 3236 3246 801
f 3245 3246 3236
f 797 3218 3237
f 3218 746 3235
f 3237 3235 801
f 3218 3235 3237
f 801 3235 3238
f 3235 746 3220
f 3238 3220 798
f 3235 3220 3238
f 801 3242 3237
f 3242 802 3241
f 3237 3241 797
f 3242 3241 3237
f 801 3246 3242
f 3246 805 3247
f 3242 3247 802
f 3246 3247 3242
f 392 1930 1928
f 1930 356 1806
f 1928 1806 183
f 1930 1806 1928
f 392 1929 2270
f 1929 184 2268
f 2270 2268 496
f 1929 2268 2270
f 360 1821 1867
f 1821 356 1865
f 1867 1865 373
f 1821 1865 1867
f 17 1803 1819
f 1803 356 1821
f 1819 1821 360
f 1803 1821 1819
f 360 1822 1823
f 1822 358 1818
f 1823 1818 359
f 1822 1818 1823
f 360 1867 1822
f 1867 373 1866
f 1822 1866 358
f 1867 1866 1822
f 67 2736 2733
f 2736 646 2740
f 2733 2740 645
f 2736 2740 2733
f 645 2735 2733
f 2735 177 1390
f 2733 1390 67
f 2735 1390 2733
f 176 2739 1383
f 2739 646 2736
f 1383 2736 67
f 2739 2736 1383
f 67 1390 1383
f 1390 177 1394
f 1383 1394 176
f 1390 1394 1383
f 173 2723 1365
f 2723 642 2722
f 1365 2722 74
f 2723 2722 1365
f 74 2722 2719
f 2722 642 2724
f 2719 2724 641
f 2722 2724 2719
f 74 2715 1365
f 2715 640 2717
f 1365 2717 173
f 2715 2717 1365
f 641 2720 2719
f 2720 640 2715
f 2719 2715 74
f 2720 2715 2719
f 172 2727 1362
f 2727 643 2726
f 1362 2726 73
f 2727 2726 1362
f 643 2728 2726
f 2728 642 2721
f 2726 2721 73
f 2728 2721 2726
f 173 1370 1364
f 1370 172 1362
f 1364 1362 73
f 1370 1362 1364
f 73 2721 1364
f 2721 642 2723
f 1364 2723 173
f 2721 2723 1364
f 72 2725 1361
f 2725 643 2727
f 1361 2727 172
f 2725 2727 1361
f 172 1382 1361
f 1382 175 1378
f 1361 1378 72
f 1382 1378 1361
f 175 1376 1378
f 1376 70 1070
f 1378 1070 72
f 1376 1070 1378
f 159 1381 1289
f 1381 175 1380
f 1289 1380 158
f 1381 1380 1289
f 158 1380 1287
f 1380 175 1379
f 1287 1379 157
f 1380 1379 1287
f 100 1288 1286
f 1288 159 1289
f 1286 1289 158
f 1288 1289 1286
f 158 1287 1286
f 1287 157 1284
f 1286 1284 100
f 1287 1284 1286
f 55 1057 1132
f 1057 56 1133
f 1132 1133 115
f 1057 1133 1132
f 115 1142 1132
f 1142 116 1140
f 1132 1140 55
f 1142 1140 1132
f 55 1140 1056
f 1140 116 1139
f 1056 1139 54
f 1140 1139 1056
f 55 1056 2589
f 1056 54 2588
f 2589 2588 604
f 1056 2588 2589
f 604 2590 2589
f 2590 56 1057
f 2589 1057 55
f 2590 1057 2589
f 971 3775 3776
f 3775 608 2607
f 3776 2607 609
f 3775 2607 3776
f 609 2607 2606
f 2607 608 2601
f 2606 2601 51
f 2607 2601 2606
f 53 2603 2598
f 2603 608 2604
f 2598 2604 607
f 2603 2604 2598
f 53 1138 1156
f 1138 116 1157
f 1156 1157 121
f 1138 1157 1156
f 607 2599 2598
f 2599 54 1055
f 2598 1055 53
f 2599 1055 2598
f 54 1139 1055
f 1139 116 1138
f 1055 1138 53
f 1139 1138 1055
f 51 2601 1053
f 2601 608 2602
f 1053 2602 52
f 2601 2602 1053
f 52 1054 1155
f 1054 53 1156
f 1155 1156 121
f 1054 1156 1155
f 608 2603 2602
f 2603 53 1054
f 2602 1054 52
f 2603 1054 2602
f 142 1250 1248
f 1250 141 1245
f 1248 1245 119
f 1250 1245 1248
f 123 1165 1166
f 1165 47 1143
f 1166 1143 117
f 1165 1143 1166
f 592 2561 2576
f 2561 64 2575
f 2576 2575 600
f 2561 2575 2576
f 600 2575 2574
f 2575 64 1065
f 2574 1065 63
f 2575 1065 2574
f 600 2573 2576
f 2573 62 2560
f 2576 2560 592
f 2573 2560 2576
f 600 2574 2573
f 2574 63 1064
f 2573 1064 62
f 2574 1064 2573
f 418 2022 2438
f 2022 417 2437
f 2438 2437 557
f 2022 2437 2438
f 418 2027 2022
f 2027 419 2026
f 2022 2026 417
f 2027 2026 2022
f 557 2450 2438
f 2450 559 2449
f 2438 2449 418
f 2450 2449 2438
f 418 2449 2021
f 2449 559 2448
f 2021 2448 416
f 2449 2448 2021
f 416 2025 2021
f 2025 419 2027
f 2021 2027 418
f 2025 2027 2021
f 456 2125 2123
f 2125 455 2121
f 2123 2121 443
f 2125 2121 2123
f 443 2090 2123
f 2090 444 2124
f 2123 2124 456
f 2090 2124 2123
f 456 2124 2128
f 2124 444 2126
f 2128 2126 457
f 2124 2126 2128
f 456 3288 3282
f 3288 820 3289
f 3282 3289 817
f 3288 3289 3282
f 817 3281 3282
f 3281 455 2125
f 3282 2125 456
f 3281 2125 3282
f 457 3294 2128
f 3294 822 3293
f 2128 3293 456
f 3294 3293 2128
f 822 3296 3293
f 3296 820 3288
f 3293 3288 456
f 3296 3288 3293
f 662 3050 2781
f 3050 757 3051
f 2781 3051 663
f 3050 3051 2781
f 663 2779 2781
f 2779 659 2777
f 2781 2777 662
f 2779 2777 2781
f 662 2777 2778
f 2777 659 2776
f 2778 2776 661
f 2777 2776 2778
f 661 2789 2778
f 2789 668 2790
f 2778 2790 662
f 2789 2790 2778
f 662 2790 3050
f 2790 668 3052
f 3050 3052 757
f 2790 3052 3050
f 865 3430 3443
f 3430 767 3440
f 3443 3440 866
f 3430 3440 3443
f 866 3441 3443
f 3441 815 3432
f 3443 3432 865
f 3441 3432 3443
f 864 3426 3434
f 3426 769 3431
f 3434 3431 865
f 3426 3431 3434
f 769 3093 3431
f 3093 767 3430
f 3431 3430 865
f 3093 3430 3431
f 865 3433 3434
f 3433 818 3427
f 3434 3427 864
f 3433 3427 3434
f 865 3432 3433
f 3432 815 3284
f 3433 3284 818
f 3432 3284 3433
f 27 1027 1030
f 1027 13 1028
f 1030 1028 28
f 1027 1028 1030
f 13 1014 1028
f 1014 14 1029
f 1028 1029 28
f 1014 1029 1028
f 28 2117 1030
f 2117 454 2116
f 1030 2116 27
f 2117 2116 1030
f 463 2153 2149
f 2153 454 2117
f 2149 2117 28
f 2153 2117 2149
f 28 3436 2149
f 3436 866 3438
f 2149 3438 463
f 3436 3438 2149
f 28 1029 3436
f 1029 14 3435
f 3436 3435 866
f 1029 3435 3436
f 763 3091 3425
f 3091 769 3426
f 3425 3426 864
f 3091 3426 3425
f 763 3071 3072
f 3071 714 3070
f 3072 3070 762
f 3071 3070 3072
f 762 3088 3072
f 3088 768 3089
f 3072 3089 763
f 3088 3089 3072
f 763 3089 3091
f 3089 768 3094
f 3091 3094 769
f 3089 3094 3091
f 714 3071 3418
f 3071 763 3419
f 3418 3419 862
f 3071 3419 3418
f 654 2941 2939
f 2941 714 2942
f 2939 2942 713
f 2941 2942 2939
f 652 2761 2762
f 2761 653 2763
f 2762 2763 654
f 2761 2763 2762
f 654 2939 2762
f 2939 713 2938
f 2762 2938 652
f 2939 2938 2762
f 654 2763 3069
f 2763 653 3068
f 3069 3068 762
f 2763 3068 3069
f 762 3070 3069
f 3070 714 2941
f 3069 2941 654
f 3070 2941 3069
f 131 1260 1207
f 1260 145 1259
f 1207 1259 129
f 1260 1259 1207
f 100 1258 1206
f 1258 145 1260
f 1206 1260 131
f 1258 1260 1206
f 127 1193 1194
f 1193 107 1106
f 1194 1106 108
f 1193 1106 1194
f 108 1106 1105
f 1106 107 1103
f 1105 1103 100
f 1106 1103 1105
f 122 1167 1240
f 1167 123 1241
f 1240 1241 140
f 1167 1241 1240
f 100 1101 1099
f 1101 106 1102
f 1099 1102 105
f 1101 1102 1099
f 105 1100 1099
f 1100 103 1096
f 1099 1096 100
f 1100 1096 1099
f 128 1198 1202
f 1198 108 1201
f 1202 1201 129
f 1198 1201 1202
f 127 1194 1199
f 1194 108 1198
f 1199 1198 128
f 1194 1198 1199
f 129 1297 1213
f 1297 161 1298
f 1213 1298 132
f 1297 1298 1213
f 161 1296 1298
f 1296 97 1212
f 1298 1212 132
f 1296 1212 1298
f 964 3808 3757
f 3808 977 3809
f 3757 3809 966
f 3808 3809 3757
f 966 3809 3806
f 3809 977 3812
f 3806 3812 976
f 3809 3812 3806
f 613 3722 2618
f 3722 959 3717
f 2618 3717 46
f 3722 3717 2618
f 613 3828 3722
f 3828 982 3831
f 3722 3831 959
f 3828 3831 3722
f 46 1047 2618
f 1047 45 2617
f 2618 2617 613
f 1047 2617 2618
f 613 2617 2622
f 2617 45 2621
f 2622 2621 614
f 2617 2621 2622
f 614 3829 2622
f 3829 982 3828
f 2622 3828 613
f 3829 3828 2622
f 624 2866 2658
f 2866 697 2865
f 2658 2865 623
f 2866 2865 2658
f 623 2654 2658
f 2654 97 2657
f 2658 2657 624
f 2654 2657 2658
f 624 2657 2656
f 2657 97 1088
f 2656 1088 96
f 2657 1088 2656
f 696 2867 2861
f 2867 697 2866
f 2861 2866 624
f 2867 2866 2861
f 624 2661 2861
f 2661 625 2862
f 2861 2862 696
f 2661 2862 2861
f 624 2656 2661
f 2656 96 2660
f 2661 2660 625
f 2656 2660 2661
f 698 2869 2870
f 2869 622 2655
f 2870 2655 623
f 2869 2655 2870
f 623 2865 2870
f 2865 697 2871
f 2870 2871 698
f 2865 2871 2870
f 698 2935 2873
f 2935 712 2936
f 2873 2936 699
f 2935 2936 2873
f 698 2871 2935
f 2871 697 2934
f 2935 2934 712
f 2871 2934 2935
f 698 2873 3468
f 2873 699 3469
f 3468 3469 876
f 2873 3469 3468
f 626 2664 2662
f 2664 162 1300
f 2662 1300 94
f 2664 1300 2662
f 162 1311 1300
f 1311 163 1308
f 1300 1308 94
f 1311 1308 1300
f 627 2669 2667
f 2669 626 2662
f 2667 2662 94
f 2669 2662 2667
f 94 1308 2667
f 1308 163 2668
f 2667 2668 627
f 1308 2668 2667
f 82 1077 1343
f 1077 83 1344
f 1343 1344 169
f 1077 1344 1343
f 635 2698 2697
f 2698 83 1077
f 2697 1077 82
f 2698 1077 2697
f 82 1343 1076
f 1343 169 1342
f 1076 1342 81
f 1343 1342 1076
f 81 2696 1076
f 2696 635 2697
f 1076 2697 82
f 2696 2697 1076
f 760 3065 3063
f 3065 759 3057
f 3063 3057 1
f 3065 3057 3063
f 1 3057 1025
f 3057 759 3060
f 1025 3060 25
f 3057 3060 1025
f 760 3104 3064
f 3104 771 3103
f 3064 3103 758
f 3104 3103 3064
f 2 3058 3054
f 3058 759 3062
f 3054 3062 758
f 3058 3062 3054
f 758 3062 3064
f 3062 759 3065
f 3064 3065 760
f 3062 3065 3064
f 758 3103 3100
f 3103 771 3105
f 3100 3105 770
f 3103 3105 3100
f 343 1772 3056
f 1772 24 3055
f 3056 3055 758
f 1772 3055 3056
f 758 3055 3054
f 3055 24 1024
f 3054 1024 2
f 3055 1024 3054
f 758 3100 3056
f 3100 770 3097
f 3056 3097 343
f 3100 3097 3056
f 465 2158 2157
f 2158 283 1592
f 2157 1592 214
f 2158 1592 2157
f 465 2156 2160
f 2156 213 2155
f 2160 2155 464
f 2156 2155 2160
f 465 2157 2156
f 2157 214 1436
f 2156 1436 213
f 2157 1436 2156
f 464 2186 2160
f 2186 473 2187
f 2160 2187 465
f 2186 2187 2160
f 473 2184 2185
f 2184 296 1642
f 2185 1642 297
f 2184 1642 2185
f 296 1646 1642
f 1646 298 1647
f 1642 1647 297
f 1646 1647 1642
f 297 2159 2185
f 2159 465 2187
f 2185 2187 473
f 2159 2187 2185
f 283 2158 1640
f 2158 465 2159
f 1640 2159 297
f 2158 2159 1640
f 298 1645 1647
f 1645 284 1641
f 1647 1641 297
f 1645 1641 1647
f 284 1597 1641
f 1597 283 1640
f 1641 1640 297
f 1597 1640 1641
f 693 2851 2852
f 2851 632 2690
f 2852 2690 633
f 2851 2690 2852
f 633 2840 2852
f 2840 690 2853
f 2852 2853 693
f 2840 2853 2852
f 90 2686 2682
f 2686 632 2687
f 2682 2687 631
f 2686 2687 2682
f 631 2683 2682
f 2683 91 1084
f 2682 1084 90
f 2683 1084 2682
f 91 1320 1084
f 1320 165 1319
f 1084 1319 90
f 1320 1319 1084
f 165 1328 1318
f 1328 166 1325
f 1318 1325 89
f 1328 1325 1318
f 89 1325 1082
f 1325 166 1324
f 1082 1324 88
f 1325 1324 1082
f 89 1083 1318
f 1083 90 1319
f 1318 1319 165
f 1083 1319 1318
f 632 2686 2685
f 2686 90 1083
f 2685 1083 89
f 2686 1083 2685
f 88 2688 1082
f 2688 633 2689
f 1082 2689 89
f 2688 2689 1082
f 89 2689 2685
f 2689 633 2690
f 2685 2690 632
f 2689 2690 2685
f 86 1080 1330
f 1080 87 1331
f 1330 1331 167
f 1080 1331 1330
f 148 1326 1321
f 1326 166 1328
f 1321 1328 165
f 1326 1328 1321
f 149 1327 1269
f 1327 166 1326
f 1269 1326 148
f 1327 1326 1269
f 148 1321 1316
f 1321 165 1322
f 1316 1322 164
f 1321 1322 1316
f 100 1268 1266
f 1268 149 1269
f 1266 1269 148
f 1268 1269 1266
f 100 1274 1272
f 1274 152 1275
f 1272 1275 151
f 1274 1275 1272
f 151 1273 1272
f 1273 150 1270
f 1272 1270 100
f 1273 1270 1272
f 152 1340 1275
f 1340 168 1339
f 1275 1339 151
f 1340 1339 1275
f 168 1338 1339
f 1338 150 1273
f 1339 1273 151
f 1338 1273 1339
f 367 1985 1845
f 1985 402 1984
f 1845 1984 342
f 1985 1984 1845
f 342 1850 1845
f 1850 368 1853
f 1845 1853 367
f 1850 1853 1845
f 271 1569 1571
f 1569 270 1570
f 1571 1570 272
f 1569 1570 1571
f 272 1976 1571
f 1976 401 1975
f 1571 1975 271
f 1976 1975 1571
f 272 1570 1573
f 1570 270 1572
f 1573 1572 273
f 1570 1572 1573
f 272 1573 1574
f 1573 273 1575
f 1574 1575 274
f 1573 1575 1574
f 274 1977 1574
f 1977 401 1976
f 1574 1976 272
f 1977 1976 1574
f 23 1775 3096
f 1775 344 3098
f 3096 3098 770
f 1775 3098 3096
f 23 1849 1775
f 1849 368 1851
f 1775 1851 344
f 1849 1851 1775
f 15 3123 1015
f 3123 775 3122
f 1015 3122 5
f 3123 3122 1015
f 15 1780 1778
f 1780 347 1782
f 1778 1782 346
f 1780 1782 1778
f 346 3125 1778
f 3125 775 3123
f 1778 3123 15
f 3125 3123 1778
f 779 3143 3141
f 3143 757 3053
f 3141 3053 753
f 3143 3053 3141
f 753 3156 3141
f 3156 784 3158
f 3141 3158 779
f 3156 3158 3141
f 399 1963 1964
f 1963 21 1824
f 1964 1824 361
f 1963 1824 1964
f 348 1788 1825
f 1788 350 1826
f 1825 1826 361
f 1788 1826 1825
f 361 1826 1896
f 1826 350 1895
f 1896 1895 381
f 1826 1895 1896
f 399 1964 1968
f 1964 361 1897
f 1968 1897 382
f 1964 1897 1968
f 382 1897 1899
f 1897 361 1896
f 1899 1896 381
f 1897 1896 1899
f 384 1904 1905
f 1904 264 1564
f 1905 1564 269
f 1904 1564 1905
f 269 1568 1905
f 1568 271 1906
f 1905 1906 384
f 1568 1906 1905
f 271 1975 1906
f 1975 401 1978
f 1906 1978 384
f 1975 1978 1906
f 347 1969 1908
f 1969 400 1974
f 1908 1974 385
f 1969 1974 1908
f 385 1909 1908
f 1909 367 1847
f 1908 1847 347
f 1909 1847 1908
f 385 1910 1979
f 1910 384 1978
f 1979 1978 401
f 1910 1978 1979
f 400 1973 1974
f 1973 384 1910
f 1974 1910 385
f 1973 1910 1974
f 366 3168 1840
f 3168 786 3166
f 1840 3166 6
f 3168 3166 1840
f 6 1020 1840
f 1020 20 1841
f 1840 1841 366
f 1020 1841 1840
f 365 1837 3173
f 1837 5 3172
f 3173 3172 787
f 1837 3172 3173
f 15 1015 1838
f 1015 5 1837
f 1838 1837 365
f 1015 1837 1838
f 787 3175 3173
f 3175 786 3167
f 3173 3167 365
f 3175 3167 3173
f 786 3168 3167
f 3168 366 1844
f 3167 1844 365
f 3168 1844 3167
f 667 2787 3041
f 2787 665 3040
f 3041 3040 753
f 2787 3040 3041
f 753 3042 3041
f 3042 668 2791
f 3041 2791 667
f 3042 2791 3041
f 667 2791 2786
f 2791 668 2789
f 2786 2789 661
f 2791 2789 2786
f 661 2783 2786
f 2783 666 2788
f 2786 2788 667
f 2783 2788 2786
f 666 2785 2788
f 2785 665 2787
f 2788 2787 667
f 2785 2787 2788
f 665 2782 3191
f 2782 664 3190
f 3191 3190 791
f 2782 3190 3191
f 791 3192 3196
f 3192 752 3187
f 3196 3187 790
f 3192 3187 3196
f 791 3190 3192
f 3190 664 3036
f 3192 3036 752
f 3190 3036 3192
f 753 3040 3193
f 3040 665 3191
f 3193 3191 791
f 3040 3191 3193
f 791 3195 3193
f 3195 784 3156
f 3193 3156 753
f 3195 3156 3193
f 950 3695 3690
f 3695 951 3692
f 3690 3692 568
f 3695 3692 3690
f 568 2478 3690
f 2478 567 3689
f 3690 3689 950
f 2478 3689 3690
f 960 3732 3731
f 3732 951 3695
f 3731 3695 950
f 3732 3695 3731
f 483 2213 2215
f 2213 476 2198
f 2215 2198 478
f 2213 2198 2215
f 478 2201 2218
f 2201 479 2219
f 2218 2219 484
f 2201 2219 2218
f 484 2220 2218
f 2220 483 2215
f 2218 2215 478
f 2220 2215 2218
f 477 2214 2239
f 2214 483 2240
f 2239 2240 488
f 2214 2240 2239
f 477 2195 2214
f 2195 476 2213
f 2214 2213 483
f 2195 2213 2214
f 477 2239 2459
f 2239 488 2460
f 2459 2460 562
f 2239 2460 2459
f 562 2464 2459
f 2464 563 2463
f 2459 2463 477
f 2464 2463 2459
f 563 2462 2463
f 2462 476 2195
f 2463 2195 477
f 2462 2195 2463
f 481 2234 2230
f 2234 487 2236
f 2230 2236 486
f 2234 2236 2230
f 481 2211 2234
f 2211 482 2235
f 2234 2235 487
f 2211 2235 2234
f 481 2205 2211
f 2205 332 2208
f 2211 2208 482
f 2205 2208 2211
f 335 1745 1744
f 1745 326 1723
f 1744 1723 325
f 1745 1723 1744
f 325 1749 1744
f 1749 336 1752
f 1744 1752 335
f 1749 1752 1744
f 445 2092 2091
f 2092 430 2048
f 2091 2048 428
f 2092 2048 2091
f 428 2113 2091
f 2113 453 2114
f 2091 2114 445
f 2113 2114 2091
f 457 2126 2127
f 2126 444 2094
f 2127 2094 445
f 2126 2094 2127
f 445 2093 2092
f 2093 431 2051
f 2092 2051 430
f 2093 2051 2092
f 445 2094 2093
f 2094 444 2088
f 2093 2088 431
f 2094 2088 2093
f 194 1403 1400
f 1403 196 1402
f 1400 1402 193
f 1403 1402 1400
f 193 2412 1400
f 2412 551 2413
f 1400 2413 194
f 2412 2413 1400
f 198 2418 1409
f 2418 552 2419
f 1409 2419 199
f 2418 2419 1409
f 198 1408 2418
f 1408 197 2417
f 2418 2417 552
f 1408 2417 2418
f 199 1412 1409
f 1412 201 1411
f 1409 1411 198
f 1412 1411 1409
f 198 1411 1434
f 1411 201 1435
f 1434 1435 213
f 1411 1435 1434
f 198 1434 1441
f 1434 213 1443
f 1441 1443 216
f 1434 1443 1441
f 216 1440 1441
f 1440 197 1408
f 1441 1408 198
f 1440 1408 1441
f 965 3758 3805
f 3758 966 3806
f 3805 3806 976
f 3758 3806 3805
f 976 3803 3804
f 3803 872 3462
f 3804 3462 874
f 3803 3462 3804
f 874 3753 3804
f 3753 965 3805
f 3804 3805 976
f 3753 3805 3804
f 855 3401 3408
f 3401 854 3407
f 3408 3407 858
f 3401 3407 3408
f 855 3408 3406
f 3408 858 3409
f 3406 3409 857
f 3408 3409 3406
f 855 3400 3399
f 3400 848 3371
f 3399 3371 847
f 3400 3371 3399
f 847 3397 3399
f 3397 854 3401
f 3399 3401 855
f 3397 3401 3399
f 838 3339 3335
f 3339 839 3338
f 3335 3338 837
f 3339 3338 3335
f 838 3332 3331
f 3332 451 2110
f 3331 2110 450
f 3332 2110 3331
f 450 3337 3331
f 3337 839 3339
f 3331 3339 838
f 3337 3339 3331
f 832 3405 3746
f 3405 857 3747
f 3746 3747 964
f 3405 3747 3746
f 964 3757 3746
f 3757 966 3756
f 3746 3756 832
f 3757 3756 3746
f 836 3328 3327
f 3328 834 3320
f 3327 3320 452
f 3328 3320 3327
f 836 3327 3326
f 3327 452 2112
f 3326 2112 451
f 3327 2112 3326
f 451 3332 3326
f 3332 838 3334
f 3326 3334 836
f 3332 3334 3326
f 453 3316 2130
f 3316 833 3317
f 2130 3317 458
f 3316 3317 2130
f 458 2129 2130
f 2129 445 2114
f 2130 2114 453
f 2129 2114 2130
f 457 2127 2131
f 2127 445 2129
f 2131 2129 458
f 2127 2129 2131
f 458 3295 2131
f 3295 822 3294
f 2131 3294 457
f 3295 3294 2131
f 458 3317 3295
f 3317 833 3318
f 3295 3318 822
f 3317 3318 3295
f 819 3291 3389
f 3291 821 3390
f 3389 3390 852
f 3291 3390 3389
f 852 3387 3389
f 3387 815 3285
f 3389 3285 819
f 3387 3285 3389
f 817 3289 3287
f 3289 820 3290
f 3287 3290 819
f 3289 3290 3287
f 820 3292 3290
f 3292 821 3291
f 3290 3291 819
f 3292 3291 3290
f 816 3283 3286
f 3283 817 3287
f 3286 3287 819
f 3283 3287 3286
f 819 3285 3286
f 3285 815 3278
f 3286 3278 816
f 3285 3278 3286
f 724 3613 3611
f 3613 920 3615
f 3611 3615 918
f 3613 3615 3611
f 918 3632 3611
f 3632 928 3630
f 3611 3630 724
f 3632 3630 3611
f 927 3626 3627
f 3626 723 3610
f 3627 3610 917
f 3626 3610 3627
f 723 3629 3610
f 3629 928 3631
f 3610 3631 917
f 3629 3631 3610
f 917 3932 3627
f 3932 999 3937
f 3627 3937 927
f 3932 3937 3627
f 1000 3948 3943
f 3948 999 3932
f 3943 3932 917
f 3948 3932 3943
f 917 3631 3943
f 3631 928 3946
f 3943 3946 1000
f 3631 3946 3943
f 1000 3945 3941
f 3945 920 3614
f 3941 3614 910
f 3945 3614 3941
f 910 3590 3941
f 3590 911 3942
f 3941 3942 1000
f 3590 3942 3941
f 910 3614 3588
f 3614 920 3613
f 3588 3613 724
f 3614 3613 3588
f 1001 3950 3951
f 3950 911 3591
f 3951 3591 912
f 3950 3591 3951
f 391 1925 1938
f 1925 254 1935
f 1938 1935 394
f 1925 1935 1938
f 254 1535 1935
f 1535 253 1934
f 1935 1934 394
f 1535 1934 1935
f 389 1926 1937
f 1926 391 1938
f 1937 1938 394
f 1926 1938 1937
f 394 1936 1944
f 1936 257 1941
f 1944 1941 395
f 1936 1941 1944
f 394 1934 1936
f 1934 253 1540
f 1936 1540 257
f 1934 1540 1936
f 495 2267 2265
f 2267 392 1928
f 2265 1928 183
f 2267 1928 2265
f 184 1929 2266
f 1929 392 2267
f 2266 2267 495
f 1929 2267 2266
f 495 2265 4041
f 2265 183 4038
f 4041 4038 1013
f 2265 4038 4041
f 1013 4039 4041
f 4039 184 2266
f 4041 2266 495
f 4039 2266 4041
f 356 1930 1945
f 1930 392 1948
f 1945 1948 396
f 1930 1948 1945
f 373 1865 1946
f 1865 356 1945
f 1946 1945 396
f 1865 1945 1946
f 395 1942 1950
f 1942 380 1947
f 1950 1947 396
f 1942 1947 1950
f 396 1947 1946
f 1947 380 1893
f 1946 1893 373
f 1947 1893 1946
f 17 1819 1800
f 1819 360 1820
f 1800 1820 354
f 1819 1820 1800
f 354 3214 1799
f 3214 796 3213
f 1799 3213 12
f 3214 3213 1799
f 12 1017 1799
f 1017 17 1800
f 1799 1800 354
f 1017 1800 1799
f 354 1820 1816
f 1820 360 1823
f 1816 1823 359
f 1820 1823 1816
f 359 3011 1816
f 3011 744 3010
f 1816 3010 354
f 3011 3010 1816
f 744 3215 3010
f 3215 796 3214
f 3010 3214 354
f 3215 3214 3010
f 71 1069 1377
f 1069 70 1376
f 1377 1376 175
f 1069 1376 1377
f 71 1391 2734
f 1391 177 2735
f 2734 2735 645
f 1391 2735 2734
f 71 1377 1391
f 1377 175 1393
f 1391 1393 177
f 1377 1393 1391
f 71 2734 2751
f 2734 645 2756
f 2751 2756 650
f 2734 2756 2751
f 644 2731 2729
f 2731 72 1070
f 2729 1070 70
f 2731 1070 2729
f 644 2730 2755
f 2730 71 2751
f 2755 2751 650
f 2730 2751 2755
f 70 1069 2729
f 1069 71 2730
f 2729 2730 644
f 1069 2730 2729
f 650 2754 2755
f 2754 643 2732
f 2755 2732 644
f 2754 2732 2755
f 643 2725 2732
f 2725 72 2731
f 2732 2731 644
f 2725 2731 2732
f 120 1154 1152
f 1154 119 1150
f 1152 1150 51
f 1154 1150 1152
f 120 1153 1158
f 1153 52 1155
f 1158 1155 121
f 1153 1155 1158
f 51 1053 1152
f 1053 52 1153
f 1152 1153 120
f 1053 1153 1152
f 142 1248 1249
f 1248 119 1154
f 1249 1154 120
f 1248 1154 1249
f 121 1255 1158
f 1255 143 1254
f 1158 1254 120
f 1255 1254 1158
f 120 1254 1249
f 1254 143 1256
f 1249 1256 142
f 1254 1256 1249
f 51 1150 1052
f 1150 119 1149
f 1052 1149 50
f 1150 1149 1052
f 50 2605 1052
f 2605 609 2606
f 1052 2606 51
f 2605 2606 1052
f 48 1144 1049
f 1144 117 1143
f 1049 1143 47
f 1144 1143 1049
f 48 1049 2616
f 1049 47 2615
f 2616 2615 612
f 1049 2615 2616
f 612 3721 2616
f 3721 959 3718
f 2616 3718 48
f 3721 3718 2616
f 48 3718 2611
f 3718 959 3720
f 2611 3720 611
f 3718 3720 2611
f 863 3421 3429
f 3421 763 3425
f 3429 3425 864
f 3421 3425 3429
f 863 3424 3421
f 3424 862 3419
f 3421 3419 763
f 3424 3419 3421
f 130 1208 1205
f 1208 131 1207
f 1205 1207 129
f 1208 1207 1205
f 129 1201 1205
f 1201 108 1204
f 1205 1204 130
f 1201 1204 1205
f 100 1206 1203
f 1206 131 1208
f 1203 1208 130
f 1206 1208 1203
f 130 1204 1203
f 1204 108 1105
f 1203 1105 100
f 1204 1105 1203
f 138 1237 1231
f 1237 139 1235
f 1231 1235 100
f 1237 1235 1231
f 100 1238 1231
f 1238 140 1242
f 1231 1242 138
f 1238 1242 1231
f 123 1166 1234
f 1166 117 1232
f 1234 1232 138
f 1166 1232 1234
f 138 1242 1234
f 1242 140 1241
f 1234 1241 123
f 1242 1241 1234
f 100 1096 1097
f 1096 103 1098
f 1097 1098 104
f 1096 1098 1097
f 104 1239 1097
f 1239 140 1238
f 1097 1238 100
f 1239 1238 1097
f 104 1098 1163
f 1098 103 1162
f 1163 1162 122
f 1098 1162 1163
f 122 1240 1163
f 1240 140 1239
f 1163 1239 104
f 1240 1239 1163
f 125 1178 1195
f 1178 106 1192
f 1195 1192 127
f 1178 1192 1195
f 125 1177 1178
f 1177 105 1102
f 1178 1102 106
f 1177 1102 1178
f 871 3455 3761
f 3455 872 3762
f 3761 3762 967
f 3455 3762 3761
f 830 3314 3755
f 3314 832 3756
f 3755 3756 966
f 3314 3756 3755
f 967 3810 3771
f 3810 977 3811
f 3771 3811 969
f 3810 3811 3771
f 969 3770 3771
f 3770 867 3759
f 3771 3759 967
f 3770 3759 3771
f 969 3811 3814
f 3811 977 3815
f 3814 3815 978
f 3811 3815 3814
f 978 3833 3814
f 3833 982 3832
f 3814 3832 969
f 3833 3832 3814
f 876 3470 3472
f 3470 868 3467
f 3472 3467 875
f 3470 3467 3472
f 875 3466 3472
f 3466 698 3468
f 3472 3468 876
f 3466 3468 3472
f 868 3446 3467
f 3446 621 3465
f 3467 3465 875
f 3446 3465 3467
f 760 3063 3083
f 3063 1 3082
f 3083 3082 766
f 3063 3082 3083
f 772 3106 3108
f 3106 760 3083
f 3108 3083 766
f 3106 3083 3108
f 766 3090 3108
f 3090 768 3109
f 3108 3109 772
f 3090 3109 3108
f 766 3087 3092
f 3087 767 3093
f 3092 3093 769
f 3087 3093 3092
f 769 3094 3092
f 3094 768 3090
f 3092 3090 766
f 3094 3090 3092
f 85 1079 1329
f 1079 86 1330
f 1329 1330 167
f 1079 1330 1329
f 630 2680 2679
f 2680 86 1079
f 2679 1079 85
f 2680 1079 2679
f 85 1078 2679
f 1078 84 2678
f 2679 2678 630
f 1078 2678 2679
f 167 1341 1329
f 1341 168 1337
f 1329 1337 85
f 1341 1337 1329
f 168 1336 1337
f 1336 84 1078
f 1337 1078 85
f 1336 1078 1337
f 87 1080 2692
f 1080 86 2691
f 2692 2691 634
f 1080 2691 2692
f 690 2840 2841
f 2840 633 2695
f 2841 2695 634
f 2840 2695 2841
f 691 2845 2844
f 2845 690 2841
f 2844 2841 634
f 2845 2841 2844
f 88 1081 2693
f 1081 87 2692
f 2693 2692 634
f 1081 2692 2693
f 634 2695 2693
f 2695 633 2688
f 2693 2688 88
f 2695 2688 2693
f 634 2694 2844
f 2694 630 2843
f 2844 2843 691
f 2694 2843 2844
f 634 2691 2694
f 2691 86 2680
f 2694 2680 630
f 2691 2680 2694
f 147 1267 1315
f 1267 148 1316
f 1315 1316 164
f 1267 1316 1315
f 164 1317 1315
f 1317 163 1310
f 1315 1310 147
f 1317 1310 1315
f 163 1309 1310
f 1309 146 1265
f 1310 1265 147
f 1309 1265 1310
f 147 1265 1264
f 1265 146 1262
f 1264 1262 100
f 1265 1262 1264
f 100 1266 1264
f 1266 148 1267
f 1264 1267 147
f 1266 1267 1264
f 770 3105 3099
f 3105 771 3101
f 3099 3101 755
f 3105 3101 3099
f 775 3125 3124
f 3125 346 1779
f 3124 1779 345
f 3125 1779 3124
f 345 1779 1781
f 1779 346 1782
f 1781 1782 347
f 1779 1782 1781
f 347 1847 1781
f 1847 367 1846
f 1781 1846 345
f 1847 1846 1781
f 345 1846 1852
f 1846 367 1853
f 1852 1853 368
f 1846 1853 1852
f 787 3172 3174
f 3172 5 3146
f 3174 3146 780
f 3172 3146 3174
f 780 3169 3174
f 3169 786 3175
f 3174 3175 787
f 3169 3175 3174
f 348 1825 1830
f 1825 361 1831
f 1830 1831 362
f 1825 1831 1830
f 362 1831 1828
f 1831 361 1824
f 1828 1824 21
f 1831 1824 1828
f 21 3178 1828
f 3178 788 3179
f 1828 3179 362
f 3178 3179 1828
f 362 1829 1830
f 1829 22 1783
f 1830 1783 348
f 1829 1783 1830
f 265 1554 1901
f 1554 264 1900
f 1901 1900 383
f 1554 1900 1901
f 398 1956 1961
f 1956 265 1901
f 1961 1901 383
f 1956 1901 1961
f 264 1904 1900
f 1904 384 1907
f 1900 1907 383
f 1904 1907 1900
f 383 1902 1961
f 1902 381 1960
f 1961 1960 398
f 1902 1960 1961
f 383 1903 1902
f 1903 382 1899
f 1902 1899 381
f 1903 1899 1902
f 400 1971 1972
f 1971 382 1903
f 1972 1903 383
f 1971 1903 1972
f 383 1907 1972
f 1907 384 1973
f 1972 1973 400
f 1907 1973 1972
f 789 3183 3182
f 3183 750 3032
f 3182 3032 749
f 3183 3032 3182
f 7 3176 1021
f 3176 788 3178
f 1021 3178 21
f 3176 3178 1021
f 367 1909 1911
f 1909 385 1912
f 1911 1912 386
f 1909 1912 1911
f 386 1912 1980
f 1912 385 1979
f 1980 1979 401
f 1912 1979 1980
f 402 1985 1986
f 1985 367 1911
f 1986 1911 386
f 1985 1911 1986
f 388 1987 1920
f 1987 402 1986
f 1920 1986 386
f 1987 1986 1920
f 364 1843 1966
f 1843 366 1967
f 1966 1967 399
f 1843 1967 1966
f 399 1968 1966
f 1968 382 1898
f 1966 1898 364
f 1968 1898 1966
f 364 1898 1970
f 1898 382 1971
f 1970 1971 400
f 1898 1971 1970
f 364 1839 1843
f 1839 365 1844
f 1843 1844 366
f 1839 1844 1843
f 364 1970 1836
f 1970 400 1969
f 1836 1969 347
f 1970 1969 1836
f 364 1836 1835
f 1836 347 1780
f 1835 1780 15
f 1836 1780 1835
f 15 1838 1835
f 1838 365 1839
f 1835 1839 364
f 1838 1839 1835
f 949 3691 3687
f 3691 950 3689
f 3687 3689 567
f 3691 3689 3687
f 949 3686 3688
f 3686 538 3680
f 3688 3680 947
f 3686 3680 3688
f 567 2475 3687
f 2475 538 3686
f 3687 3686 949
f 2475 3686 3687
f 949 3688 3730
f 3688 947 3729
f 3730 3729 960
f 3688 3729 3730
f 960 3731 3730
f 3731 950 3691
f 3730 3691 949
f 3731 3691 3730
f 328 2197 2194
f 2197 478 2198
f 2194 2198 476
f 2197 2198 2194
f 328 2194 2461
f 2194 476 2462
f 2461 2462 563
f 2194 2462 2461
f 328 2461 2538
f 2461 563 2539
f 2538 2539 583
f 2461 2539 2538
f 583 2537 2538
f 2537 326 1725
f 2538 1725 328
f 2537 1725 2538
f 486 2231 2229
f 2231 485 2225
f 2229 2225 480
f 2231 2225 2229
f 480 2207 2229
f 2207 481 2230
f 2229 2230 486
f 2207 2230 2229
f 485 2224 2225
f 2224 479 2204
f 2225 2204 480
f 2224 2204 2225
f 479 2200 2204
f 2200 335 2203
f 2204 2203 480
f 2200 2203 2204
f 196 1403 1404
f 1403 194 1401
f 1404 1401 195
f 1403 1401 1404
f 195 1401 2414
f 1401 194 2413
f 2414 2413 551
f 1401 2413 2414
f 195 2421 1404
f 2421 553 2422
f 1404 2422 196
f 2421 2422 1404
f 551 2424 2414
f 2424 553 2421
f 2414 2421 195
f 2424 2421 2414
f 966 3758 3754
f 3758 965 3752
f 3754 3752 828
f 3758 3752 3754
f 828 3310 3754
f 3310 830 3755
f 3754 3755 966
f 3310 3755 3754
f 828 3306 3307
f 3306 826 3305
f 3307 3305 827
f 3306 3305 3307
f 828 3752 3306
f 3752 965 3751
f 3306 3751 826
f 3752 3751 3306
f 828 3307 3309
f 3307 827 3308
f 3309 3308 829
f 3307 3308 3309
f 829 3311 3309
f 3311 830 3310
f 3309 3310 828
f 3311 3310 3309
f 856 3460 3420
f 3460 874 3461
f 3420 3461 862
f 3460 3461 3420
f 862 3424 3420
f 3424 863 3423
f 3420 3423 856
f 3424 3423 3420
f 713 2942 3474
f 2942 714 3475
f 3474 3475 877
f 2942 3475 3474
f 714 3418 3475
f 3418 862 3476
f 3475 3476 877
f 3418 3476 3475
f 876 3469 3479
f 3469 699 3473
f 3479 3473 877
f 3469 3473 3479
f 699 2940 3473
f 2940 713 3474
f 3473 3474 877
f 2940 3474 3473
f 829 3379 3372
f 3379 850 3381
f 3372 3381 849
f 3379 3381 3372
f 837 3369 3375
f 3369 848 3376
f 3375 3376 849
f 3369 3376 3375
f 1000 3946 3944
f 3946 928 3633
f 3944 3633 919
f 3946 3633 3944
f 928 3632 3633
f 3632 918 3612
f 3633 3612 919
f 3632 3612 3633
f 919 3616 3944
f 3616 920 3945
f 3944 3945 1000
f 3616 3945 3944
f 919 3612 3616
f 3612 918 3615
f 3616 3615 920
f 3612 3615 3616
f 921 3619 3617
f 3619 910 3588
f 3617 3588 724
f 3619 3588 3617
f 911 3590 3620
f 3590 910 3619
f 3620 3619 921
f 3590 3619 3620
f 724 2956 3617
f 2956 725 3618
f 3617 3618 921
f 2956 3618 3617
f 725 3589 3618
f 3589 911 3620
f 3618 3620 921
f 3589 3620 3618
f 913 3596 3952
f 3596 914 3953
f 3952 3953 1001
f 3596 3953 3952
f 1001 3951 3952
f 3951 912 3594
f 3952 3594 913
f 3951 3594 3952
f 913 3592 3596
f 3592 725 3595
f 3596 3595 914
f 3592 3595 3596
f 913 3593 3592
f 3593 911 3589
f 3592 3589 725
f 3593 3589 3592
f 913 3594 3593
f 3594 912 3591
f 3593 3591 911
f 3594 3591 3593
f 389 1937 1932
f 1937 394 1939
f 1932 1939 393
f 1937 1939 1932
f 393 4033 1932
f 4033 1012 4032
f 1932 4032 389
f 4033 4032 1932
f 393 1949 1933
f 1949 396 1948
f 1933 1948 392
f 1949 1948 1933
f 393 2273 4033
f 2273 497 4034
f 4033 4034 1012
f 2273 4034 4033
f 393 1939 1943
f 1939 394 1944
f 1943 1944 395
f 1939 1944 1943
f 395 1950 1943
f 1950 396 1949
f 1943 1949 393
f 1950 1949 1943
f 393 1931 2273
f 1931 185 2272
f 2273 2272 497
f 1931 2272 2273
f 496 2269 2271
f 2269 185 1931
f 2271 1931 393
f 2269 1931 2271
f 393 1933 2271
f 1933 392 2270
f 2271 2270 496
f 1933 2270 2271
f 49 1051 1148
f 1051 50 1149
f 1148 1149 119
f 1051 1149 1148
f 49 1050 2612
f 1050 48 2611
f 2612 2611 611
f 1050 2611 2612
f 103 1100 1171
f 1100 105 1172
f 1171 1172 124
f 1100 1172 1171
f 122 1162 1173
f 1162 103 1171
f 1173 1171 124
f 1162 1171 1173
f 44 1159 1170
f 1159 122 1173
f 1170 1173 124
f 1159 1173 1170
f 124 1169 1170
f 1169 43 1045
f 1170 1045 44
f 1169 1045 1170
f 618 2636 2635
f 2636 617 2630
f 2635 2630 39
f 2636 2630 2635
f 39 1040 2635
f 1040 38 2634
f 2635 2634 618
f 1040 2634 2635
f 39 1174 1191
f 1174 125 1195
f 1191 1195 127
f 1174 1195 1191
f 127 1190 1191
f 1190 38 1040
f 1191 1040 39
f 1190 1040 1191
f 870 3450 3471
f 3450 868 3470
f 3471 3470 876
f 3450 3470 3471
f 872 3455 3454
f 3455 871 3453
f 3454 3453 870
f 3455 3453 3454
f 876 3479 3471
f 3479 877 3477
f 3471 3477 870
f 3479 3477 3471
f 31 1196 1200
f 1196 128 1202
f 1200 1202 129
f 1196 1202 1200
f 129 1213 1200
f 1213 132 1211
f 1200 1211 31
f 1213 1211 1200
f 132 1210 1211
f 1210 30 1032
f 1211 1032 31
f 1210 1032 1211
f 869 3452 3760
f 3452 871 3761
f 3760 3761 967
f 3452 3761 3760
f 967 3759 3760
f 3759 867 3448
f 3760 3448 869
f 3759 3448 3760
f 869 3451 3452
f 3451 870 3453
f 3452 3453 871
f 3451 3453 3452
f 869 3448 3449
f 3448 867 3447
f 3449 3447 868
f 3448 3447 3449
f 868 3450 3449
f 3450 870 3451
f 3449 3451 869
f 3450 3451 3449
f 618 2634 2633
f 2634 38 1039
f 2633 1039 37
f 2634 1039 2633
f 37 1039 1189
f 1039 38 1190
f 1189 1190 127
f 1039 1190 1189
f 619 2648 3445
f 2648 621 3446
f 3445 3446 868
f 2648 3446 3445
f 868 3447 3445
f 3447 867 3444
f 3445 3444 619
f 3447 3444 3445
f 618 2633 2643
f 2633 37 2642
f 2643 2642 619
f 2633 2642 2643
f 617 3769 2632
f 3769 969 3768
f 2632 3768 616
f 3769 3768 2632
f 968 3772 3763
f 3772 969 3769
f 3763 3769 617
f 3772 3769 3763
f 867 3770 3766
f 3770 969 3772
f 3766 3772 968
f 3770 3772 3766
f 968 3763 3764
f 3763 617 2636
f 3764 2636 618
f 3763 2636 3764
f 618 2643 3764
f 2643 619 3765
f 3764 3765 968
f 2643 3765 3764
f 968 3765 3766
f 3765 619 3444
f 3766 3444 867
f 3765 3444 3766
f 764 3084 3073
f 3084 766 3082
f 3073 3082 1
f 3084 3082 3073
f 3 3078 3074
f 3078 765 3081
f 3074 3081 764
f 3078 3081 3074
f 370 1859 3077
f 1859 26 3076
f 3077 3076 764
f 1859 3076 3077
f 764 3076 3074
f 3076 26 1026
f 3074 1026 3
f 3076 1026 3074
f 764 3075 3077
f 3075 25 1858
f 3077 1858 370
f 3075 1858 3077
f 764 3073 3075
f 3073 1 1025
f 3075 1025 25
f 3073 1025 3075
f 765 3086 3081
f 3086 767 3085
f 3081 3085 764
f 3086 3085 3081
f 767 3087 3085
f 3087 766 3084
f 3085 3084 764
f 3087 3084 3085
f 368 1849 1848
f 1849 23 1023
f 1848 1023 4
f 1849 1023 1848
f 4 3045 1848
f 3045 755 3046
f 1848 3046 368
f 3045 3046 1848
f 4 1023 3095
f 1023 23 3096
f 3095 3096 770
f 1023 3096 3095
f 770 3099 3095
f 3099 755 3045
f 3095 3045 4
f 3099 3045 3095
f 756 3102 3110
f 3102 771 3113
f 3110 3113 773
f 3102 3113 3110
f 756 3049 3102
f 3049 755 3101
f 3102 3101 771
f 3049 3101 3102
f 368 3046 3044
f 3046 755 3047
f 3044 3047 754
f 3046 3047 3044
f 754 3043 3044
f 3043 345 1852
f 3044 1852 368
f 3043 1852 3044
f 775 3124 3126
f 3124 345 3043
f 3126 3043 754
f 3124 3043 3126
f 755 3049 3047
f 3049 756 3048
f 3047 3048 754
f 3049 3048 3047
f 776 3144 3157
f 3144 779 3158
f 3157 3158 784
f 3144 3158 3157
f 784 3159 3157
f 3159 780 3147
f 3157 3147 776
f 3159 3147 3157
f 775 3126 3130
f 3126 754 3128
f 3130 3128 776
f 3126 3128 3130
f 776 3127 3130
f 3127 5 3122
f 3130 3122 775
f 3127 3122 3130
f 776 3147 3127
f 3147 780 3146
f 3127 3146 5
f 3147 3146 3127
f 776 3129 3144
f 3129 756 3142
f 3144 3142 779
f 3129 3142 3144
f 776 3128 3129
f 3128 754 3048
f 3129 3048 756
f 3128 3048 3129
f 788 3185 3177
f 3185 789 3181
f 3177 3181 9
f 3185 3181 3177
f 22 1829 1022
f 1829 362 1827
f 1022 1827 9
f 1829 1827 1022
f 9 1827 3177
f 1827 362 3179
f 3177 3179 788
f 1827 3179 3177
f 9 3181 3027
f 3181 789 3182
f 3027 3182 749
f 3181 3182 3027
f 749 3029 3027
f 3029 349 1784
f 3027 1784 9
f 3029 1784 3027
f 9 1784 1022
f 1784 349 1786
f 1022 1786 22
f 1784 1786 1022
f 363 1834 1965
f 1834 21 1963
f 1965 1963 399
f 1834 1963 1965
f 363 1833 1832
f 1833 20 1020
f 1832 1020 6
f 1833 1020 1832
f 399 1967 1965
f 1967 366 1842
f 1965 1842 363
f 1967 1842 1965
f 363 1842 1833
f 1842 366 1841
f 1833 1841 20
f 1842 1841 1833
f 786 3169 3170
f 3169 780 3151
f 3170 3151 782
f 3169 3151 3170
f 388 1920 1921
f 1920 386 1916
f 1921 1916 387
f 1920 1916 1921
f 387 1914 1921
f 1914 276 1917
f 1921 1917 388
f 1914 1917 1921
f 387 1915 1914
f 1915 277 1581
f 1914 1581 276
f 1915 1581 1914
f 274 1580 1913
f 1580 277 1915
f 1913 1915 387
f 1580 1915 1913
f 387 1981 1913
f 1981 401 1977
f 1913 1977 274
f 1981 1977 1913
f 387 1916 1981
f 1916 386 1980
f 1981 1980 401
f 1916 1980 1981
f 478 2197 2196
f 2197 328 1726
f 2196 1726 327
f 2197 1726 2196
f 479 2201 2199
f 2201 478 2196
f 2199 2196 327
f 2201 2196 2199
f 327 1746 2199
f 1746 335 2200
f 2199 2200 479
f 1746 2200 2199
f 326 1745 1724
f 1745 335 1746
f 1724 1746 327
f 1745 1746 1724
f 327 1726 1724
f 1726 328 1725
f 1724 1725 326
f 1726 1725 1724
f 333 2202 1747
f 2202 480 2203
f 1747 2203 335
f 2202 2203 1747
f 333 1747 1751
f 1747 335 1752
f 1751 1752 336
f 1747 1752 1751
f 332 2205 1739
f 2205 481 2206
f 1739 2206 333
f 2205 2206 1739
f 481 2207 2206
f 2207 480 2202
f 2206 2202 333
f 2207 2202 2206
f 333 1751 1738
f 1751 336 1750
f 1738 1750 331
f 1751 1750 1738
f 331 1737 1738
f 1737 332 1739
f 1738 1739 333
f 1737 1739 1738
f 853 3403 3422
f 3403 856 3423
f 3422 3423 863
f 3403 3423 3422
f 864 3427 3428
f 3427 818 3393
f 3428 3393 853
f 3427 3393 3428
f 853 3422 3428
f 3422 863 3429
f 3428 3429 864
f 3422 3429 3428
f 853 3393 3395
f 3393 818 3300
f 3395 3300 825
f 3393 3300 3395
f 874 3460 3459
f 3460 856 3402
f 3459 3402 824
f 3460 3402 3459
f 826 3751 3302
f 3751 965 3750
f 3302 3750 824
f 3751 3750 3302
f 965 3753 3750
f 3753 874 3459
f 3750 3459 824
f 3753 3459 3750
f 825 3303 3301
f 3303 826 3302
f 3301 3302 824
f 3303 3302 3301
f 824 3394 3301
f 3394 853 3395
f 3301 3395 825
f 3394 3395 3301
f 856 3403 3402
f 3403 853 3394
f 3402 3394 824
f 3403 3394 3402
f 862 3461 3456
f 3461 874 3463
f 3456 3463 873
f 3461 3463 3456
f 873 3478 3456
f 3478 877 3476
f 3456 3476 862
f 3478 3476 3456
f 873 3463 3458
f 3463 874 3462
f 3458 3462 872
f 3463 3462 3458
f 872 3454 3458
f 3454 870 3457
f 3458 3457 873
f 3454 3457 3458
f 873 3457 3478
f 3457 870 3477
f 3478 3477 877
f 3457 3477 3478
f 857 3405 3404
f 3405 832 3315
f 3404 3315 831
f 3405 3315 3404
f 831 3398 3404
f 3398 855 3406
f 3404 3406 857
f 3398 3406 3404
f 829 3372 3312
f 3372 849 3373
f 3312 3373 831
f 3372 3373 3312
f 848 3400 3368
f 3400 855 3398
f 3368 3398 831
f 3400 3398 3368
f 831 3373 3368
f 3373 849 3376
f 3368 3376 848
f 3373 3376 3368
f 831 3313 3312
f 3313 830 3311
f 3312 3311 829
f 3313 3311 3312
f 832 3314 3315
f 3314 830 3313
f 3315 3313 831
f 3314 3313 3315
f 835 3333 3330
f 3333 838 3335
f 3330 3335 837
f 3333 3335 3330
f 837 3375 3330
f 3375 849 3374
f 3330 3374 835
f 3375 3374 3330
f 835 3329 3333
f 3329 836 3334
f 3333 3334 838
f 3329 3334 3333
f 834 3328 3325
f 3328 836 3329
f 3325 3329 835
f 3328 3329 3325
f 835 3324 3325
f 3324 823 3322
f 3325 3322 834
f 3324 3322 3325
f 835 3380 3324
f 3380 850 3377
f 3324 3377 823
f 3380 3377 3324
f 835 3374 3380
f 3374 849 3381
f 3380 3381 850
f 3374 3381 3380
f 611 3720 2613
f 3720 959 3719
f 2613 3719 610
f 3720 3719 2613
f 610 2608 2613
f 2608 49 2612
f 2613 2612 611
f 2608 2612 2613
f 610 3719 3777
f 3719 959 3778
f 3777 3778 971
f 3719 3778 3777
f 50 1051 2609
f 1051 49 2608
f 2609 2608 610
f 1051 2608 2609
f 971 3776 3777
f 3776 609 2610
f 3777 2610 610
f 3776 2610 3777
f 609 2605 2610
f 2605 50 2609
f 2610 2609 610
f 2605 2609 2610
f 117 1144 1147
f 1144 48 1145
f 1147 1145 118
f 1144 1145 1147
f 48 1050 1145
f 1050 49 1146
f 1145 1146 118
f 1050 1146 1145
f 118 1146 1151
f 1146 49 1148
f 1151 1148 119
f 1146 1148 1151
f 118 1244 1236
f 1244 141 1246
f 1236 1246 139
f 1244 1246 1236
f 118 1151 1244
f 1151 119 1245
f 1244 1245 141
f 1151 1245 1244
f 139 1237 1236
f 1237 138 1233
f 1236 1233 118
f 1237 1233 1236
f 118 1233 1147
f 1233 138 1232
f 1147 1232 117
f 1233 1232 1147
f 105 1177 1181
f 1177 125 1183
f 1181 1183 126
f 1177 1183 1181
f 126 1182 1181
f 1182 124 1172
f 1181 1172 105
f 1182 1172 1181
f 622 2651 2650
f 2651 30 1031
f 2650 1031 29
f 2651 1031 2650
f 29 1031 1209
f 1031 30 1210
f 1209 1210 132
f 1031 1210 1209
f 29 1209 1087
f 1209 132 1212
f 1087 1212 97
f 1209 1212 1087
f 623 2655 2653
f 2655 622 2650
f 2653 2650 29
f 2655 2650 2653
f 29 1087 2653
f 1087 97 2654
f 2653 2654 623
f 1087 2654 2653
f 620 3464 2649
f 3464 875 3465
f 2649 3465 621
f 3464 3465 2649
f 621 2646 2649
f 2646 31 2645
f 2649 2645 620
f 2646 2645 2649
f 620 2645 2644
f 2645 31 1032
f 2644 1032 30
f 2645 1032 2644
f 698 3466 2868
f 3466 875 3464
f 2868 3464 620
f 3466 3464 2868
f 622 2869 2652
f 2869 698 2868
f 2652 2868 620
f 2869 2868 2652
f 620 2644 2652
f 2644 30 2651
f 2652 2651 622
f 2644 2651 2652
f 32 1033 2647
f 1033 31 2646
f 2647 2646 621
f 1033 2646 2647
f 621 2648 2647
f 2648 619 2637
f 2647 2637 32
f 2648 2637 2647
f 128 1196 1197
f 1196 31 1033
f 1197 1033 32
f 1196 1033 1197
f 127 1199 1184
f 1199 128 1197
f 1184 1197 32
f 1199 1197 1184
f 40 1041 2631
f 1041 39 2630
f 2631 2630 617
f 1041 2630 2631
f 617 2632 2631
f 2632 616 2627
f 2631 2627 40
f 2632 2627 2631
f 125 1174 1175
f 1174 39 1041
f 1175 1041 40
f 1174 1041 1175
f 777 3131 3134
f 3131 756 3110
f 3134 3110 773
f 3131 3110 3134
f 777 3133 3140
f 3133 761 3139
f 3140 3139 778
f 3133 3139 3140
f 773 3112 3134
f 3112 761 3133
f 3134 3133 777
f 3112 3133 3134
f 779 3142 3145
f 3142 756 3131
f 3145 3131 777
f 3142 3131 3145
f 778 3138 3140
f 3138 757 3132
f 3140 3132 777
f 3138 3132 3140
f 757 3143 3132
f 3143 779 3145
f 3132 3145 777
f 3143 3145 3132
f 6 3166 3161
f 3166 786 3171
f 3161 3171 785
f 3166 3171 3161
f 786 3170 3171
f 3170 782 3165
f 3171 3165 785
f 3170 3165 3171
f 785 3164 3161
f 3164 363 1832
f 3161 1832 6
f 3164 1832 3161
f 785 3165 3162
f 3165 782 3150
f 3162 3150 7
f 3165 3150 3162
f 785 3162 3163
f 3162 7 1021
f 3163 1021 21
f 3162 1021 3163
f 21 1834 3163
f 1834 363 3164
f 3163 3164 785
f 1834 3164 3163
f 788 3176 3180
f 3176 7 3148
f 3180 3148 781
f 3176 3148 3180
f 7 3150 3148
f 3150 782 3152
f 3148 3152 781
f 3150 3152 3148
f 781 3184 3180
f 3184 789 3185
f 3180 3185 788
f 3184 3185 3180
f 790 3186 3188
f 3186 750 3149
f 3188 3149 781
f 3186 3149 3188
f 750 3183 3149
f 3183 789 3184
f 3149 3184 781
f 3183 3184 3149
f 783 3153 3160
f 3153 780 3159
f 3160 3159 784
f 3153 3159 3160
f 783 3155 3153
f 3155 782 3151
f 3153 3151 780
f 3155 3151 3153
f 784 3195 3160
f 3195 791 3194
f 3160 3194 783
f 3195 3194 3160
f 783 3194 3189
f 3194 791 3196
f 3189 3196 790
f 3194 3196 3189
f 790 3188 3189
f 3188 781 3154
f 3189 3154 783
f 3188 3154 3189
f 783 3154 3155
f 3154 781 3152
f 3155 3152 782
f 3154 3152 3155
f 43 1169 1044
f 1169 124 1168
f 1044 1168 42
f 1169 1168 1044
f 124 1182 1168
f 1182 126 1180
f 1168 1180 42
f 1182 1180 1168
f 41 1179 1176
f 1179 126 1183
f 1176 1183 125
f 1179 1183 1176
f 125 1175 1176
f 1175 40 1042
f 1176 1042 41
f 1175 1042 1176
f 41 1042 2628
f 1042 40 2627
f 2628 2627 616
f 1042 2627 2628
f 41 1043 1179
f 1043 42 1180
f 1179 1180 126
f 1043 1180 1179
f 615 2629 3767
f 2629 616 3768
f 3767 3768 969
f 2629 3768 3767
f 615 3767 3830
f 3767 969 3832
f 3830 3832 982
f 3767 3832 3830
f 615 2623 2629
f 2623 41 2628
f 2629 2628 616
f 2623 2628 2629
f 42 1043 2624
f 1043 41 2623
f 2624 2623 615
f 1043 2623 2624
f 43 1044 2625
f 1044 42 2624
f 2625 2624 615
f 1044 2624 2625
f 614 2619 2626
f 2619 43 2625
f 2626 2625 615
f 2619 2625 2626
f 615 3830 2626
f 3830 982 3829
f 2626 3829 614
f 3830 3829 2626
f 36 2641 1038
f 2641 619 2642
f 1038 2642 37
f 2641 2642 1038
f 36 1037 2641
f 1037 35 2640
f 2641 2640 619
f 1037 2640 2641
f 36 1038 1188
f 1038 37 1189
f 1188 1189 127
f 1038 1189 1188
f 127 1187 1188
f 1187 35 1037
f 1188 1037 36
f 1187 1037 1188
f 33 1034 2638
f 1034 32 2637
f 2638 2637 619
f 1034 2637 2638
f 127 1184 1185
f 1184 32 1034
f 1185 1034 33
f 1184 1034 1185
f 619 2640 2639
f 2640 35 1036
f 2639 1036 34
f 2640 1036 2639
f 34 1035 2639
f 1035 33 2638
f 2639 2638 619
f 1035 2638 2639
f 34 1036 1186
f 1036 35 1187
f 1186 1187 127
f 1036 1187 1186
f 127 1185 1186
f 1185 33 1035
f 1186 1035 34
f 1185 1035 1186

