# https://github.com/mikedh/trimesh
v -0.00003706 -0.03944094 0.04342403
v 0.00022698 -0.04678968 0.03223548
v -0.00028871 -0.04648534 0.00767605
v -0.00015529 -0.04632850 0.00326776
v -0.00020564 0.03828132 0.04350502
v -0.00008086 -0.04591534 -0.00349270
v 0.03722855 -0.03170077 -0.11831111
v 0.03858480 0.02874738 -0.12126297
v -0.03567756 -0.02492457 -0.07535005
v -0.03518409 -0.02443752 -0.08282091
v -0.02533379 -0.03375108 -0.08852090
v -0.02440361 -0.03446147 -0.08774564
v -0.02596444 -0.03375278 -0.08385253
v -0.02305268 -0.03467344 -0.09189011
v -0.02605278 -0.03225004 -0.09286748
v -0.02541388 -0.03140900 -0.09701495
v -0.02187171 -0.03448954 -0.09615370
v -0.02436279 -0.03033035 -0.10126288
v -0.02028123 -0.03424664 -0.10032905
v -0.02288304 -0.02897412 -0.10546856
v -0.01828658 -0.03395928 -0.10430823
v -0.02234075 -0.02435264 -0.11002317
v -0.01595465 -0.03370842 -0.10784277
v -0.01971417 -0.02277177 -0.11354677
v -0.01667367 -0.02112053 -0.11673618
v -0.01288581 -0.03342615 -0.11150337
v -0.01431018 -0.03353540 -0.10994525
v 0.00025412 -0.01974634 -0.12551261
v -0.00217379 -0.03248677 -0.11976778
v -0.00381919 -0.02143895 -0.12392734
v -0.00606577 -0.03279650 -0.11741172
v -0.00764880 -0.02318548 -0.12187380
v -0.00955595 -0.03311521 -0.11470714
v -0.01117518 -0.02502659 -0.11932771
v -0.01419345 -0.02744792 -0.11613202
v 0.00882374 -0.03196528 -0.12350595
v 0.00739087 -0.03203576 -0.12319919
v 0.00446399 -0.01823267 -0.12663146
v 0.00594240 -0.03207840 -0.12286396
v 0.00188430 -0.03222059 -0.12161392
v 0.01281704 -0.01564172 -0.12764745
v 0.01571684 -0.02086675 -0.12768996
v 0.01140034 -0.02201447 -0.12753627
v 0.01573569 -0.00060500 -0.12768984
v 0.01028023 -0.00060644 -0.12755018
v 0.00864875 -0.00487969 -0.12742336
v 0.00399780 -0.00064181 -0.12692782
v 0.00056962 -0.00747395 -0.12621547
v -0.00127795 -0.00057910 -0.12597672
v -0.00083187 -0.00160154 -0.12607017
v -0.00645650 -0.00068111 -0.12460978
v -0.00856783 -0.00414219 -0.12382206
v -0.01649695 -0.00687041 -0.12004573
v -0.01599549 -0.00059033 -0.12069550
v -0.01265798 -0.00543848 -0.12210096
v -0.01211345 -0.00055778 -0.12253716
v -0.00944849 -0.00061656 -0.12359706
v -0.01731159 -0.00326325 -0.11990693
v -0.02449844 -0.00569595 -0.11475621
v -0.02073197 -0.00092983 -0.11788136
v -0.02509927 -0.00193756 -0.11457464
v -0.02470292 -0.00064977 -0.11492819
v -0.02554685 -0.00057014 -0.11421622
v -0.03165742 -0.00064513 -0.10788359
v -0.02884952 -0.00062532 -0.11108384
v -0.02842028 -0.00311802 -0.11142554
v -0.03523465 -0.00085117 -0.10281505
v -0.03239152 -0.00072516 -0.10694319
v -0.03156210 -0.00410243 -0.10778409
v -0.04159368 -0.00073272 -0.08830254
v -0.04043453 -0.00062598 -0.09187441
v -0.04023199 -0.00320376 -0.09218369
v -0.03971865 -0.00077318 -0.09378174
v -0.04475798 -0.00472172 -0.06942053
v -0.04495305 -0.00048139 -0.06987377
v -0.04414250 -0.00045312 -0.07652743
v -0.04495521 -0.00850782 -0.04899887
v -0.04568694 -0.00466525 -0.04891536
v -0.04599498 -0.00301443 -0.03634177
v -0.04591223 -0.00072578 -0.05023317
v 0.01063779 -0.01032838 -0.12754649
v 0.00230777 -0.01300842 -0.12638415
v -0.01329261 -0.01942554 -0.11952497
v -0.00964483 -0.01774815 -0.12187466
v -0.00575025 -0.01608811 -0.12380727
v 0.01101823 -0.03193056 -0.12381206
v 0.01550560 -0.03178012 -0.12415679
v -0.04553227 -0.00073607 -0.06190836
v -0.04525344 -0.00478646 -0.06231767
v -0.04434761 -0.00939990 -0.06228081
v -0.03741607 -0.01569612 -0.09197033
v -0.03582221 -0.01957213 -0.09156206
v -0.03738990 -0.02073756 -0.08341103
v -0.03256692 -0.02791599 -0.08219507
v -0.03399724 -0.02320336 -0.09096396
v -0.03679945 -0.00156711 -0.10008967
v -0.03630098 -0.00590949 -0.10033543
v -0.03968896 -0.00729917 -0.09230980
v -0.03872276 -0.01160041 -0.09222522
v -0.04074218 -0.01268513 -0.08420158
v -0.03924016 -0.01682682 -0.08387664
v -0.04018277 -0.01754457 -0.07611441
v -0.03809285 -0.02140708 -0.07570150
v -0.04249413 -0.00397205 -0.08435152
v -0.04185205 -0.00832641 -0.08436758
v -0.04316018 -0.00896973 -0.07670420
v -0.04189262 -0.01338158 -0.07648262
v -0.04249688 -0.01375329 -0.06912879
v -0.04066512 -0.01775677 -0.06892383
v -0.04295249 -0.01350421 -0.06224971
v -0.04391477 -0.00931277 -0.06934560
v -0.04390611 -0.00448389 -0.07675133
v -0.04305499 -0.00062733 -0.08253463
v -0.02364388 -0.00964597 -0.11475152
v -0.02683789 -0.01080249 -0.11157175
v -0.02017949 -0.00814924 -0.11761646
v -0.03081114 -0.00808089 -0.10794580
v -0.02987998 -0.01211895 -0.10777156
v -0.02871690 -0.01572918 -0.10759454
v -0.03303834 -0.01788047 -0.09976152
v -0.03432447 -0.01410440 -0.10020113
v -0.03545268 -0.01006553 -0.10038478
v -0.02602475 -0.02259056 -0.10681688
v -0.02967989 -0.02026821 -0.10344677
v -0.02738658 -0.01926363 -0.10729177
v -0.00715746 -0.01023532 -0.12387085
v -0.01121994 -0.01182672 -0.12203112
v -0.01497630 -0.01337941 -0.11985411
v -0.01852854 -0.01492916 -0.11727021
v -0.02181793 -0.01644361 -0.11429068
v -0.02475232 -0.01790949 -0.11097657
v -0.02807052 -0.02388406 -0.10281302
v -0.02973582 -0.02496831 -0.09864436
v -0.03154432 -0.02156966 -0.09909486
v -0.03102042 -0.02577080 -0.09455823
v -0.03179877 -0.02680798 -0.09007945
v -0.02957234 -0.03101636 -0.08165684
v -0.02454015 -0.02585581 -0.10618695
v -0.02633011 -0.02718090 -0.10211294
v -0.02766450 -0.02834913 -0.09791851
v -0.02858539 -0.02934002 -0.09366751
v -0.02916117 -0.03016933 -0.08925092
v -0.03784448 -0.00080172 -0.09806877
v 0.03050012 -0.03168742 -0.12150377
v 0.03158156 0.02884124 -0.12452217
v 0.02249570 -0.03169349 -0.12363589
v 0.02297906 0.02899285 -0.12678109
v 0.01544011 0.02919076 -0.12737471
v 0.00376918 0.02979266 -0.12578551
v 0.00021667 0.02996840 -0.12467620
v 0.01020131 0.02941591 -0.12704760
v 0.00524110 0.02973942 -0.12615012
v -0.01287958 0.03067408 -0.11742478
v -0.01646051 0.03095693 -0.11424413
v -0.00433915 0.03031155 -0.12273655
v -0.00869573 0.03053368 -0.12033511
v -0.04605304 0.00070972 -0.03632569
v -0.04619509 0.00596389 -0.00440908
v -0.04506337 0.01311051 -0.00446379
v -0.04430517 0.01586214 -0.00447221
v -0.04271697 0.02012482 -0.00453855
v -0.04075602 0.02404294 -0.00452819
v -0.04559281 0.01058210 -0.00442141
v -0.03368969 -0.03411518 -0.00708292
v -0.03717165 -0.03019970 -0.00693529
v -0.03995345 -0.02613736 -0.00672826
v -0.00749704 -0.04531086 -0.00730001
v -0.01593185 -0.04381697 -0.00739798
v -0.02957594 -0.03752827 -0.00716880
v -0.01639313 -0.04406533 -0.00181905
v -0.02139865 -0.04254831 0.00339653
v -0.04603985 -0.00817748 -0.00564093
v -0.04652501 -0.00065654 0.00376615
v -0.04647712 -0.00375615 0.00377064
v -0.04607910 -0.00884572 0.00379341
v -0.04526435 -0.01281421 -0.00590614
v -0.04513459 -0.01406127 0.00381388
v -0.04399204 -0.01741107 -0.00619400
v -0.04364782 -0.01905543 0.00380271
v -0.04221625 -0.02187759 -0.00647691
v -0.04157981 -0.02387597 0.00376236
v -0.03904237 -0.02825805 0.00371176
v -0.03631900 -0.03192421 0.00365483
v -0.03344128 -0.03499075 0.00358225
v -0.02996930 -0.03785715 0.00350824
v -0.01179860 -0.04529277 0.00332776
v -0.00777872 -0.04566712 -0.00179247
v -0.00808393 -0.04585251 0.00337878
v -0.00631387 -0.04603450 0.00334061
v -0.02602539 -0.04035197 0.00345355
v -0.02520961 -0.04021137 -0.00723020
v -0.02437256 -0.04121687 0.00340795
v -0.02077200 -0.04223953 -0.00729903
v -0.00212842 -0.04676574 0.03230994
v -0.00739141 -0.04652294 0.03221089
v -0.00724991 -0.03925211 0.04335354
v -0.01229559 -0.04581946 0.03226861
v -0.01300005 -0.03821943 0.04336966
v -0.01495053 -0.04523536 0.03221640
v -0.01842867 -0.03629953 0.04338319
v -0.02062698 -0.04330117 0.03233624
v -0.01749956 -0.04445820 0.03236839
v -0.03993699 -0.02565347 0.03290358
v -0.03745813 -0.02959991 0.03284345
v -0.03223042 -0.02383436 0.04354468
v -0.03440311 -0.03346105 0.03270477
v -0.02882077 -0.02833070 0.04354862
v -0.03115996 -0.03662774 0.03275029
v -0.02800419 -0.02925773 0.04352827
v -0.02880607 -0.03858748 0.03255569
v -0.02372542 -0.03315791 0.04343393
v -0.02504726 -0.04106064 0.03254180
v -0.02174368 -0.04280968 0.03234731
v -0.04196154 -0.02163108 0.03286014
v -0.03500093 -0.01856890 0.04356633
v -0.04355283 -0.01749485 0.03292966
v -0.03709767 -0.01270790 0.04357718
v -0.04440529 -0.01487452 0.03281681
v -0.03859500 -0.00615598 0.04350825
v -0.04596239 -0.00765131 0.03264934
v -0.04564470 -0.00945475 0.03281293
v -0.04499639 -0.01252341 0.03289663
v -0.04623621 -0.00517360 0.03261459
v -0.03913975 -0.00053988 0.04340251
v -0.04643710 -0.00096508 0.03244528
v -0.01611728 0.04289284 0.03342787
v -0.01910742 0.04176253 0.03333074
v -0.01627951 0.03497029 0.04352270
v -0.04511933 0.01011960 0.03270164
v -0.04579896 0.00694938 0.03255020
v -0.03859915 0.00563977 0.04341954
v -0.04603197 0.00536580 0.03256724
v -0.04643671 0.00011829 0.03248103
v -0.04613648 0.00437291 0.03261961
v -0.04381377 0.01464706 0.03269581
v -0.03710678 0.01169725 0.04342032
v -0.04209793 0.01891204 0.03286073
v -0.03454939 0.01771539 0.04346108
v -0.04109942 0.02105854 0.03280011
v -0.03178743 0.03352106 0.03302703
v -0.03310690 0.03221003 0.03305539
v -0.02669870 0.02803915 0.04353763
v -0.03434058 0.03087691 0.03307991
v -0.03096109 0.02343439 0.04347399
v -0.03731144 0.02724723 0.03291346
v -0.03979561 0.02337593 0.03296741
v -0.02056784 0.04109311 0.03335611
v -0.02187887 0.04042104 0.03341287
v -0.02175811 0.03198911 0.04352151
v -0.02579445 0.03820047 0.03322687
v -0.02948258 0.03548023 0.03322675
v -0.01170175 0.04421816 0.03330515
v -0.01036351 0.03710237 0.04346179
v -0.00733107 0.04502137 0.03337881
v -0.00425499 0.03817017 0.04345128
v -0.00478606 0.04534634 0.03328815
v -0.04644025 0.00343117 0.00380021
v -0.04612239 0.00728849 0.00385817
v -0.04593231 0.00872622 0.00390361
v -0.04496335 0.01360941 0.00403950
v -0.04369927 0.01774049 0.00408313
v -0.04274248 0.02016771 0.00415104
v -0.04153512 0.02274117 0.00412283
v -0.03901531 0.02704922 0.00415079
v -0.03618944 0.03082930 0.00423263
v -0.03350933 0.03316199 0.01663174
v -0.04621127 0.00626026 -0.00028461
v -0.04508611 0.01321075 -0.00014502
v -0.03932640 0.02658769 -0.00022131
v -0.04276454 0.02019948 -0.00026246
v -0.00568883 0.01764194 -0.12393045
v 0.00264065 0.01495286 -0.12646189
v 0.00104464 0.00902379 -0.12630304
v 0.01106238 0.01267496 -0.12757121
v -0.03121189 0.02466701 -0.09960377
v -0.02797932 0.02669464 -0.10332351
v 0.01301779 0.01843567 -0.12765474
v -0.04245360 0.00264908 -0.08475524
v -0.04575155 0.00349395 -0.04903717
v -0.04532705 0.00345958 -0.06263492
v -0.04350123 0.00717889 -0.07710179
v -0.04010962 0.00199339 -0.09260420
v -0.03809265 0.00562841 -0.09680974
v -0.03614620 0.00507730 -0.10076954
v -0.03379946 0.00438573 -0.10467777
v -0.03107987 0.00365272 -0.10838130
v -0.02801890 0.00282673 -0.11181049
v -0.01741989 0.00004105 -0.11991841
v -0.02110908 0.00102799 -0.11760846
v -0.02464744 0.00196814 -0.11491781
v 0.00786563 0.00082367 -0.12737036
v -0.00027236 0.00286418 -0.12616326
v 0.01113730 0.02504533 -0.12751791
v 0.00670129 0.02649555 -0.12689513
v 0.00448535 0.02065438 -0.12665442
v 0.00012268 0.02196295 -0.12553729
v -0.00408510 0.02346244 -0.12397230
v -0.01172903 0.02649942 -0.11954963
v -0.01348897 0.02053160 -0.11978857
v -0.01511620 0.02807901 -0.11666197
v -0.01704444 0.02199921 -0.11710782
v -0.01807252 0.02935254 -0.11355050
v -0.02029689 0.02344496 -0.11404579
v -0.02320570 0.02476539 -0.11067005
v -0.02579822 0.02582742 -0.10704505
v -0.00968517 0.01906912 -0.12206525
v -0.00806330 0.02496841 -0.12196852
v -0.04204277 0.00683633 -0.08481816
v -0.03979495 0.00608393 -0.09254496
v -0.03912340 0.01029724 -0.09259010
v -0.03662880 0.01389905 -0.09666455
v -0.00825985 0.00498714 -0.12389269
v -0.01602738 0.00709247 -0.12032513
v -0.01104966 0.01268075 -0.12221266
v -0.00687279 0.01136078 -0.12400709
v -0.01492552 0.01407542 -0.12008296
v -0.01861584 0.01539787 -0.11756802
v -0.02206596 0.01668826 -0.11467081
v -0.02522488 0.01791953 -0.11141773
v -0.02804888 0.01906852 -0.10785231
v -0.03050418 0.02010696 -0.10404227
v -0.03261529 0.02089229 -0.10008437
v -0.03427468 0.02183868 -0.09595350
v -0.04512602 0.00787064 -0.04906498
v -0.04474061 0.00794727 -0.06249370
v -0.04370397 0.01240753 -0.06235479
v -0.04336477 0.01218960 -0.06949903
v -0.04203128 0.01655630 -0.06918160
v -0.04148559 0.01611914 -0.07666042
v -0.04432454 0.00751304 -0.06974941
v -0.04265567 0.01178125 -0.07695476
v -0.04132395 0.01117406 -0.08471339
v -0.04030155 0.01545109 -0.08447410
v -0.03824283 0.01453560 -0.09231645
v -0.03705815 0.01858720 -0.09212444
v -0.01997476 0.00827066 -0.11782672
v -0.02355135 0.00938369 -0.11503612
v -0.02686747 0.01044952 -0.11187574
v -0.02986977 0.01144696 -0.10838375
v -0.03251710 0.01235874 -0.10461835
v -0.03478568 0.01317331 -0.10065435
v -0.04228346 0.01660401 -0.06221364
v -0.03808555 0.02431230 -0.07575530
v -0.03832562 0.02446867 -0.06858805
v -0.04030062 0.02075276 -0.06885116
v -0.03994799 0.02035199 -0.07625672
v -0.03731411 0.02366446 -0.08363784
v -0.03564167 0.02700331 -0.08279746
v -0.03896491 0.01963755 -0.08412062
v -0.03563022 0.02263743 -0.09162796
v -0.03407458 0.02601813 -0.09132666
v -0.00036091 -0.04645368 0.00675471
v 0.00040773 -0.04419109 0.03842058
v 0.00015005 0.04289595 0.03888903
v -0.00004113 0.04555183 0.03333119
v -0.00019218 -0.04571829 -0.00583042
v -0.00012057 -0.04607029 -0.00125094
v 0.03899918 -0.02253674 -0.12129171
v 0.06030255 0.02963453 -0.06845661
v 0.05945968 -0.03010852 -0.07297111
v 0.06205546 0.02834347 -0.07667800
v 0.05951867 -0.03075814 -0.07691867
v 0.05937877 -0.03112854 -0.08164764
v 0.06189962 0.02824026 -0.08620986
v 0.05889763 -0.03133986 -0.08592780
v 0.05798304 -0.03146889 -0.09049878
v 0.05976288 0.02827611 -0.09562134
v 0.05672867 -0.03155451 -0.09464270
v 0.05497168 -0.03161642 -0.09890623
v 0.05573330 0.02836470 -0.10440319
v 0.05291100 -0.03166559 -0.10275199
v 0.05036774 -0.03170071 -0.10654126
v 0.05000378 0.02848443 -0.11215070
v 0.04755672 -0.03173119 -0.10992466
v 0.04417079 -0.03169331 -0.11330577
v 0.04301541 0.02866971 -0.11839836
v 0.01787497 0.03417882 0.04347010
v 0.02202865 0.03181659 0.04345938
v 0.02306402 0.03110657 0.04345944
v 0.02789907 0.02708777 0.04342725
v 0.01560767 0.03522577 0.04346140
v 0.01222735 0.03649469 0.04344165
v 0.03130214 0.02307841 0.04345193
v 0.03261128 0.02121672 0.04344681
v 0.03460002 0.01781350 0.04343744
v 0.03611869 0.01440743 0.04344546
v 0.00844978 0.03744618 0.04346806
v 0.00618809 0.03784380 0.04347950
v 0.00189100 0.03832008 0.04345395
v 0.03697301 0.01191151 0.04346174
v 0.03810689 0.00743756 0.04345981
v 0.01766829 -0.03665329 0.04331307
v 0.02285609 -0.03391127 0.04330577
v 0.03245664 -0.02386648 0.04340777
v 0.02860096 -0.02898799 0.04334798
v 0.02699408 -0.03059018 0.04334554
v 0.00664158 -0.03923882 0.04335893
v 0.03852623 -0.00584576 0.04348531
v 0.03879624 -0.00200854 0.04348529
v 0.03881855 -0.00044536 0.04348387
v 0.03838404 0.00561760 0.04347812
v 0.03813111 -0.00872516 0.04347379
v 0.03734818 -0.01238640 0.04346093
v 0.00946005 -0.03890841 0.04333900
v 0.01219325 -0.03842901 0.04330399
v 0.01617176 -0.03723501 0.04331576
v 0.03303836 -0.02288054 0.04342418
v 0.03524223 -0.01867735 0.04340619
v 0.03639677 -0.01566813 0.04342744
v 0.00648886 -0.04652138 0.03217998
v 0.00770096 -0.04640925 0.03214709
v 0.03511176 -0.03198333 0.03363808
v 0.04576559 -0.00508933 0.03367284
v 0.04597438 -0.00057098 0.03360863
v 0.04464713 -0.01215204 0.03379245
v 0.04511038 -0.00992882 0.03374435
v 0.04557936 -0.00681171 0.03371606
v 0.03757180 -0.02870907 0.03371350
v 0.03846443 -0.02739071 0.03366775
v 0.03979109 -0.02510750 0.03374235
v 0.04178571 -0.02106071 0.03373097
v 0.04338838 -0.01678010 0.03376830
v 0.04412371 -0.01429764 0.03377618
v 0.02874178 -0.03818585 0.03325267
v 0.03204087 -0.03537847 0.03332018
v 0.02478431 -0.04087061 0.03302982
v 0.02640812 -0.03987925 0.03305320
v 0.01058239 -0.04602353 0.03214660
v 0.01463852 -0.04514893 0.03230977
v 0.01859877 -0.04388435 0.03251117
v 0.02133025 -0.04270969 0.03277365
v 0.00509372 -0.04660907 0.03227211
v 0.00447041 0.04527787 0.03351621
v 0.00562173 0.04513093 0.03359188
v 0.00863568 0.04466368 0.03361574
v 0.00733837 0.04489787 0.03357738
v 0.01988117 0.04102830 0.03383891
v 0.01864888 0.04159991 0.03376567
v 0.01453845 0.04315383 0.03369733
v 0.01030611 0.04431150 0.03365079
v 0.03097121 0.03363117 0.03414890
v 0.02765929 0.03638598 0.03401099
v 0.02389877 0.03888143 0.03396117
v 0.02104532 0.04046114 0.03386567
v 0.03584578 0.02848967 0.03412554
v 0.03318335 0.03154258 0.03406675
v 0.04160258 0.01926108 0.03397244
v 0.04074504 0.02100709 0.03400020
v 0.03867577 0.02459881 0.03403571
v 0.03699807 0.02703433 0.03405706
v 0.04571887 0.00381517 0.03379433
v 0.04539830 0.00666938 0.03374950
v 0.04452996 0.01092116 0.03386611
v 0.04365865 0.01400370 0.03389540
v 0.04315893 0.01547392 0.03391393
v 0.00079950 -0.04645633 0.00677405
v 0.00378453 -0.04617846 0.00231557
v 0.00775401 -0.04577855 0.00230249
v 0.00821186 -0.04590106 0.00673577
v 0.00531250 -0.04623745 0.00675363
v 0.00364511 -0.04591133 -0.00209159
v 0.00918048 0.03595889 -0.12413287
v 0.00247557 0.03615694 -0.12246227
v 0.04369388 0.03522854 -0.11509614
v 0.03748432 0.03532725 -0.11925557
v 0.03083313 0.03539608 -0.12226443
v 0.02384369 0.03550036 -0.12411092
v 0.01656161 0.03568170 -0.12475945
v 0.04887429 0.03522535 -0.11016680
v 0.05335957 0.03497070 -0.10440522
v 0.05679941 0.03489324 -0.09789535
v 0.05911684 0.03483163 -0.09088686
v 0.06022662 0.03481904 -0.08356857
v 0.06010058 0.03485043 -0.07625626
v 0.05896439 0.03485321 -0.06979437
v 0.01302982 0.05541248 -0.09074927
v 0.00972104 0.05535345 -0.09718672
v 0.00292045 0.05541246 -0.05824908
v 0.00006349 0.05538168 -0.05900176
v 0.01659838 0.05541249 -0.08932127
v 0.02200751 0.05535708 -0.05107719
v 0.02193514 0.05541246 -0.05255524
v 0.01924902 0.05541249 -0.08864652
v 0.01093134 0.05538020 -0.05107767
v 0.01542198 0.05538749 -0.05076883
v 0.02016634 0.05538635 -0.05106996
v -0.00911255 0.05533925 -0.06960619
v -0.00744414 0.05534235 -0.06647635
v -0.00273523 0.05535688 -0.09824265
v -0.00525408 0.05535899 -0.06366447
v -0.00271484 0.05537327 -0.06116334
v -0.01142629 0.05533929 -0.08004836
v -0.00953932 0.05533928 -0.09057595
v -0.01126317 0.05533928 -0.08363051
v -0.01063043 0.05533928 -0.08716012
v -0.01111733 0.05533929 -0.07647585
v -0.01034195 0.05533924 -0.07297477
v -0.00800858 0.05533929 -0.09381869
v 0.02177365 0.05535458 -0.08864744
v 0.02340627 0.05535059 -0.08719210
v 0.01062020 0.05534778 -0.09694863
v -0.00420241 0.05533556 -0.09827378
v -0.00521901 0.05533488 -0.09774351
v -0.00605879 0.05533801 -0.09686094
v -0.00318197 0.05534074 -0.09841802
v 0.02551800 0.05535060 -0.08320925
v 0.02380153 0.05541251 -0.07706937
v 0.02585470 0.05535059 -0.08096593
v 0.02562548 0.05535741 -0.07884720
v 0.02468773 0.05535061 -0.08532027
v -0.01266244 0.04622681 -0.10938734
v -0.00983848 0.04858695 -0.10882185
v -0.00872304 0.04910070 -0.10876363
v -0.00661156 0.05008893 -0.10827833
v -0.00789200 0.04947518 -0.10865195
v 0.04727573 0.05057516 -0.08060162
v 0.04489826 0.05057475 -0.09260754
v 0.03865184 0.05053062 -0.10239766
v 0.03716137 0.05123073 -0.10106046
v 0.04077077 0.05057471 -0.09976944
v 0.04103154 0.04878622 -0.10419164
v 0.04306360 0.05057517 -0.09633467
v 0.04616532 0.05059269 -0.08873230
v 0.04700416 0.05057420 -0.08474511
v 0.04704668 0.05055859 -0.07650288
v 0.04647824 0.05046001 -0.07246866
v 0.04562458 0.05024992 -0.06851602
v 0.04597713 0.04942042 -0.09545914
v 0.04606004 0.04846329 -0.09808481
v 0.04351457 0.04935655 -0.09983546
v 0.04347641 0.04848627 -0.10189561
v 0.04811087 0.04846560 -0.09390928
v 0.04795223 0.04935116 -0.09083493
v 0.04936323 0.04940777 -0.08307774
v 0.05042957 0.04846887 -0.08524062
v 0.04881613 0.04927375 -0.08810029
v 0.04954789 0.04846876 -0.08964950
v 0.05075030 0.04845958 -0.08060267
v 0.04936320 0.04940778 -0.07812759
v 0.04793716 0.04937699 -0.07045165
v 0.04954795 0.04846870 -0.07155579
v 0.04881614 0.04927374 -0.07310502
v 0.05042954 0.04846889 -0.07596470
v 0.04753196 0.04902506 -0.06781426
v 0.01164864 0.04987577 -0.11323992
v 0.03492975 0.05056996 -0.10561782
v 0.03624490 0.05123148 -0.10197290
v 0.03757960 0.05053328 -0.10346121
v 0.01124671 0.04848584 -0.11523351
v 0.00794183 0.04857846 -0.11452014
v 0.01591951 0.05020213 -0.11289103
v 0.02004303 0.05031617 -0.11237621
v 0.03158797 0.05053675 -0.10794048
v 0.02795813 0.05047092 -0.10989970
v 0.02408831 0.05039734 -0.11138883
v 0.01279091 0.04914786 -0.11452073
v 0.02221243 0.04940645 -0.11365070
v 0.02034567 0.04846458 -0.11525847
v 0.01753278 0.04936842 -0.11428196
v 0.01577430 0.04846846 -0.11555155
v 0.02483902 0.04846144 -0.11436908
v 0.02676526 0.04940583 -0.11243080
v 0.02917456 0.04846513 -0.11289182
v 0.03113398 0.04936611 -0.11063826
v 0.03327927 0.04846921 -0.11085977
v 0.03525886 0.04927497 -0.10831150
v 0.03704091 0.04848612 -0.10832128
v 0.03936715 0.04879033 -0.10584781
v 0.00573553 0.04812706 -0.11448962
v 0.02322759 0.05533133 -0.05183405
v 0.02557254 0.05484440 -0.05083968
v 0.02606896 0.05511781 -0.08605378
v 0.02278341 0.05511782 -0.08989693
v 0.02458925 0.05511795 -0.08821371
v 0.02702768 0.05511798 -0.08361375
v 0.02741773 0.05511775 -0.08102129
v 0.02725463 0.05511790 -0.07868913
v 0.00999492 0.05496152 -0.09946491
v 0.01091686 0.05504540 -0.09887463
v 0.01177633 0.05511014 -0.09807019
v -0.00283904 0.05478508 -0.10121396
v -0.00707765 0.05289475 -0.10432529
v -0.00804663 0.05280443 -0.10400034
v -0.00624688 0.05452482 -0.10122315
v -0.00993372 0.05255353 -0.10314928
v -0.00812524 0.05437639 -0.10040585
v -0.01207568 0.05209703 -0.10179742
v -0.00931005 0.05427112 -0.09951558
v -0.00448641 0.05456585 -0.10172805
v -0.00552699 0.05301034 -0.10466998
v -0.01341098 0.05429310 -0.09208978
v -0.00889062 0.05508258 -0.06571243
v -0.01103031 0.05498174 -0.06886797
v -0.01321439 0.05473329 -0.07229917
v -0.01511653 0.05434396 -0.07594732
v -0.01558222 0.05429322 -0.07995616
v -0.01535305 0.05431133 -0.08406800
v -0.01461922 0.05431173 -0.08816040
v -0.01162381 0.05429310 -0.09587119
v -0.01818854 0.05275916 -0.07730670
v -0.01923704 0.05208302 -0.07990174
v -0.01857515 0.05256439 -0.08242358
v -0.01903476 0.05208299 -0.08442463
v -0.01717841 0.05254193 -0.09057499
v -0.01820588 0.05208160 -0.08907522
v -0.01802419 0.05245696 -0.08772966
v -0.01858273 0.05234540 -0.08537967
v -0.01682662 0.05207424 -0.09342017
v -0.01522082 0.05257267 -0.09549675
v -0.01480335 0.05207729 -0.09768779
v -0.01268953 0.05246115 -0.10016565
v -0.01455781 0.04617768 -0.10764606
v 0.00270604 0.04486617 -0.11692751
v 0.00323927 0.04546869 -0.11649280
v 0.00329500 0.04575796 -0.11621714
v -0.00057427 0.04204656 -0.11811082
v 0.00078379 0.04260004 -0.11824437
v 0.00184523 0.04363784 -0.11777854
v 0.00255917 0.04461857 -0.11711948
v 0.01173837 0.04280906 -0.12081932
v 0.01094434 0.04282424 -0.12071483
v 0.00999449 0.04307847 -0.12036582
v 0.00909977 0.04509422 -0.11841533
v 0.00942837 0.04454284 -0.11901284
v 0.00948800 0.04430906 -0.11924023
v 0.00969428 0.04371733 -0.11979949
v 0.00902681 0.04535537 -0.11814334
v 0.00901255 0.04597392 -0.11752062
v 0.04047210 0.04497341 -0.11017602
v 0.04038124 0.04554453 -0.10951729
v 0.04018680 0.04581143 -0.10934020
v 0.03994991 0.04603116 -0.10925694
v 0.03956266 0.04276563 -0.11333227
v 0.04055965 0.04297951 -0.11235084
v 0.04072354 0.04385736 -0.11129304
v 0.04054086 0.04476491 -0.11037693
v 0.04846986 0.04279566 -0.10440768
v 0.04815923 0.04278730 -0.10482920
v 0.04730067 0.04312238 -0.10548603
v 0.04519109 0.04509312 -0.10530530
v 0.04587336 0.04454193 -0.10531861
v 0.04610057 0.04430820 -0.10538003
v 0.04668775 0.04371722 -0.10548031
v 0.04491829 0.04535424 -0.10523340
v 0.04437112 0.04597274 -0.10493541
v 0.04378881 0.04662610 -0.10461529
v 0.04336275 0.04691724 -0.10466278
v 0.04267222 0.04735859 -0.10477604
v 0.04243189 0.04750590 -0.10482067
v 0.05468426 0.04282950 -0.09155026
v 0.05334747 0.04284197 -0.09548191
v 0.05223434 0.04286304 -0.09799632
v 0.05196346 0.04282281 -0.09861623
v 0.05058576 0.04285312 -0.10111143
v 0.04897427 0.04286561 -0.10361110
v 0.05514355 0.04287521 -0.08962222
v 0.05571983 0.04283446 -0.08677029
v 0.05599458 0.04286604 -0.08436448
v 0.05605468 0.04288504 -0.08346510
v 0.05619040 0.04283864 -0.08058701
v 0.05606991 0.04286502 -0.07775426
v 0.05598380 0.04288297 -0.07685483
v 0.05571494 0.04283420 -0.07440289
v 0.05516409 0.04285913 -0.07162278
v 0.05450194 0.04318917 -0.06998315
v 0.00899927 0.04662775 -0.11685582
v 0.00874529 0.04691989 -0.11650964
v 0.00830464 0.04736270 -0.11596731
v 0.00814363 0.04751084 -0.11578019
v 0.03993757 0.04735004 -0.10751910
v 0.03987712 0.04716316 -0.10782406
v 0.03981937 0.04665142 -0.10855370
v 0.03980238 0.04639862 -0.10890065
v 0.02317315 0.04288500 -0.12028774
v 0.02055168 0.04283287 -0.12072542
v 0.01754125 0.04285204 -0.12095524
v 0.01483579 0.04283721 -0.12099239
v 0.02923624 0.04288609 -0.11866256
v 0.02879543 0.04287550 -0.11882318
v 0.02623510 0.04283667 -0.11963081
v 0.02364919 0.04287884 -0.12020055
v 0.03682770 0.04284219 -0.11509002
v 0.03444768 0.04284753 -0.11642936
v 0.03170310 0.04283299 -0.11774127
v -0.01716244 0.04609193 -0.10449592
v -0.01769044 0.04616879 -0.10366379
v -0.02414239 0.04714687 -0.08001480
v -0.02419350 0.04690281 -0.08404142
v -0.02404940 0.04679672 -0.08605669
v -0.02360398 0.04668600 -0.08906937
v -0.02311959 0.04657351 -0.09137855
v -0.02193797 0.04644780 -0.09522998
v -0.02087672 0.04638864 -0.09781242
v -0.02063395 0.04633929 -0.09839681
v -0.01925075 0.04624439 -0.10111713
v 0.00467541 0.04720778 -0.11516196
v 0.00440677 0.04705722 -0.11523268
v 0.00378255 0.04657399 -0.11553121
v -0.00298987 0.04128440 -0.11745247
v 0.00004779 -0.04512331 0.03657801
v 0.00002032 -0.04679486 0.01829194
v -0.03541874 -0.02476235 -0.07881537
v -0.02528958 -0.03383152 -0.08817984
v -0.02573944 -0.03375508 -0.08565661
v -0.02484250 -0.03381248 -0.09022487
v -0.02230808 -0.03532048 -0.08942968
v -0.02578523 -0.03255880 -0.09266201
v -0.02572478 -0.03189295 -0.09485081
v -0.02224851 -0.03475047 -0.09378184
v -0.02524518 -0.03236080 -0.09484804
v -0.02512339 -0.03166926 -0.09711475
v -0.02490433 -0.03088115 -0.09914643
v -0.02460666 -0.03116886 -0.09922386
v -0.02093598 -0.03453649 -0.09793148
v -0.02392109 -0.03064804 -0.10157579
v -0.02369540 -0.02958122 -0.10339964
v -0.02322869 -0.02995745 -0.10367924
v -0.01913988 -0.03431953 -0.10195677
v -0.02221798 -0.02945343 -0.10590561
v -0.01707737 -0.03397327 -0.10583026
v -0.02075671 -0.02667857 -0.11016992
v -0.02105750 -0.02352622 -0.11180910
v -0.01820242 -0.02191621 -0.11517773
v -0.01778814 -0.02526043 -0.11404618
v -0.01978526 -0.02617828 -0.11155755
v -0.01508607 -0.03373129 -0.10873832
v -0.01862488 -0.02552643 -0.11310022
v -0.01360913 -0.03355258 -0.11059147
v -0.00380844 -0.02298309 -0.12371050
v -0.00415408 -0.03288612 -0.11829380
v -0.00592544 -0.02408487 -0.12255072
v -0.00789789 -0.02437106 -0.12146917
v -0.01442246 -0.02383683 -0.11742569
v -0.01071370 -0.03400576 -0.11228553
v -0.00774742 -0.03326568 -0.11568935
v -0.01388100 -0.02294258 -0.11811350
v -0.00984343 -0.02555755 -0.12000860
v -0.01160250 -0.02586324 -0.11875137
v -0.01698317 -0.02466349 -0.11503857
v -0.01562170 -0.02397558 -0.11644845
v -0.01484819 -0.02793505 -0.11530801
v -0.01320927 -0.02763616 -0.11681743
v 0.00805330 -0.03205807 -0.12329097
v 0.00639563 -0.02045624 -0.12690891
v 0.00562511 -0.02056281 -0.12677357
v 0.00264981 -0.02151173 -0.12603418
v 0.00670096 -0.03212631 -0.12297448
v 0.00476499 -0.02069267 -0.12659567
v 0.00046986 -0.02174553 -0.12541459
v -0.00022003 -0.03255952 -0.12045424
v -0.00175420 -0.02274030 -0.12454587
v 0.00391904 -0.03229501 -0.12210327
v 0.01404033 -0.01823823 -0.12767446
v 0.01213550 -0.01878524 -0.12759525
v 0.01573395 -0.01073434 -0.12768966
v 0.01159606 -0.00812088 -0.12760152
v 0.00992377 -0.01339759 -0.12747303
v 0.00950186 -0.00272693 -0.12749183
v 0.00615689 -0.01177759 -0.12704966
v 0.00638914 -0.00281355 -0.12718759
v 0.00023193 -0.01359266 -0.12582823
v 0.00468369 -0.01503377 -0.12674773
v 0.00248282 -0.00405417 -0.12661767
v 0.00167925 -0.00107426 -0.12652643
v -0.00012330 -0.00454888 -0.12614466
v -0.00106981 -0.00107967 -0.12602124
v -0.00291686 -0.01040520 -0.12511277
v -0.00312706 -0.00441668 -0.12536375
v -0.00383514 -0.00059281 -0.12530819
v -0.00372885 -0.00137262 -0.12532303
v -0.00376247 -0.01186545 -0.12479684
v -0.00737284 -0.00251588 -0.12426401
v -0.01064869 -0.00477431 -0.12296396
v -0.01453314 -0.00616722 -0.12110996
v -0.01437178 -0.00305767 -0.12138895
v -0.01045761 -0.00252145 -0.12314442
v -0.01409479 -0.00054953 -0.12160355
v -0.01235985 -0.00304472 -0.12233958
v -0.00802672 -0.00061454 -0.12408649
v -0.00910526 -0.00237716 -0.12367975
v -0.01069052 -0.00061753 -0.12310927
v -0.01690459 -0.00503271 -0.11998461
v -0.01651585 -0.00199354 -0.12038291
v -0.01487851 -0.00424592 -0.12108264
v -0.01910518 -0.00219761 -0.11885024
v -0.02244050 -0.00333153 -0.11648081
v -0.02473411 -0.00370110 -0.11473719
v -0.02286508 -0.00152867 -0.11628595
v -0.02283534 -0.00081445 -0.11633144
v -0.02476675 -0.00123561 -0.11486578
v -0.02547488 -0.00119871 -0.11427023
v -0.02513897 -0.00056083 -0.11456781
v -0.02707249 -0.00061966 -0.11278535
v -0.03032782 -0.00066231 -0.10941320
v -0.02658594 -0.00462141 -0.11297231
v -0.02678559 -0.00239987 -0.11300915
v -0.02692488 -0.00161664 -0.11290652
v -0.02865466 -0.00172085 -0.11125250
v -0.03198972 -0.00063453 -0.10746698
v -0.03376529 -0.00084865 -0.10496337
v -0.03148905 -0.00222595 -0.10801203
v -0.03017267 -0.00220100 -0.10952613
v -0.02992490 -0.00353791 -0.10972169
v -0.03353708 -0.00280174 -0.10510922
v -0.03210125 -0.00241726 -0.10721752
v -0.04099663 -0.00060375 -0.09015581
v -0.04098866 -0.00217292 -0.09002294
v -0.04037783 -0.00175053 -0.09195338
v -0.04011568 -0.00066229 -0.09274252
v -0.03992116 -0.00200930 -0.09314678
v -0.04488383 -0.00262521 -0.06963593
v -0.04455706 -0.00044562 -0.07315657
v -0.04525965 -0.00698241 -0.04898324
v -0.04588136 -0.00344358 -0.04256355
v -0.04582858 -0.00263081 -0.04955130
v -0.04594810 -0.00213363 -0.04320834
v 0.01168578 -0.01298631 -0.12759587
v 0.01098824 -0.01611082 -0.12753998
v 0.01047010 -0.00547435 -0.12754914
v 0.00971706 -0.00759388 -0.12749186
v 0.00123093 -0.01635212 -0.12594926
v 0.00545955 -0.01780794 -0.12681425
v 0.00349863 -0.01559989 -0.12653153
v 0.00348315 -0.01814742 -0.12642055
v 0.00148638 -0.01025048 -0.12630980
v -0.01498646 -0.02023997 -0.11816514
v -0.01075446 -0.02242412 -0.12028822
v -0.01042496 -0.02121479 -0.12075605
v -0.01232868 -0.02221259 -0.11937658
v -0.00672770 -0.02107729 -0.12269319
v -0.00669596 -0.01953345 -0.12293882
v -0.00871015 -0.02046800 -0.12184424
v -0.01146001 -0.01855308 -0.12073403
v -0.00481676 -0.01876662 -0.12385512
v -0.00253664 -0.01985171 -0.12457223
v 0.00984792 -0.03200759 -0.12359788
v 0.01113893 -0.02243206 -0.12750886
v 0.00947941 -0.01376930 -0.12742708
v 0.00730352 -0.01171144 -0.12719745
v 0.01387133 -0.01909394 -0.12766953
v 0.01571686 -0.02167573 -0.12768967
v 0.01315427 -0.02242126 -0.12761428
v 0.01312346 -0.03211488 -0.12375539
v -0.04517563 -0.00260845 -0.06567641
v -0.04524965 -0.00072442 -0.06585718
v -0.04572576 -0.00073157 -0.05600051
v -0.04501445 -0.00471689 -0.06585397
v -0.04546612 -0.00479118 -0.05552523
v -0.04561302 -0.00272970 -0.05619185
v -0.04542255 -0.00265648 -0.06213421
v -0.04473999 -0.00860337 -0.05552357
v -0.04504730 -0.00706214 -0.05551998
v -0.04483088 -0.00710867 -0.06227446
v -0.03662016 -0.01765176 -0.09178502
v -0.03630991 -0.02258133 -0.08313339
v -0.03667510 -0.02014417 -0.08738900
v -0.03418509 -0.02638771 -0.07856237
v -0.03391088 -0.02617198 -0.08248729
v -0.03463993 -0.02383568 -0.08682088
v -0.03489629 -0.02141131 -0.09131032
v -0.03569590 -0.02203883 -0.08710670
v -0.03605721 -0.00110125 -0.10140358
v -0.03556522 -0.00348385 -0.10194494
v -0.03390440 -0.00508464 -0.10417268
v -0.03836348 -0.00449172 -0.09616788
v -0.03660178 -0.00365873 -0.10016669
v -0.03998155 -0.00509921 -0.09227561
v -0.03807927 -0.00656672 -0.09624737
v -0.03806953 -0.01367923 -0.09211450
v -0.03921156 -0.00948238 -0.09228376
v -0.03911483 -0.01425996 -0.08797707
v -0.03979388 -0.01213469 -0.08811387
v -0.03839331 -0.01625185 -0.08782436
v -0.03756038 -0.01825750 -0.08761005
v -0.03832435 -0.01879548 -0.08366029
v -0.03999609 -0.01478513 -0.08405538
v -0.03879622 -0.01918442 -0.07965289
v -0.03975381 -0.01717225 -0.07989495
v -0.03683987 -0.02326717 -0.07547450
v -0.03664700 -0.02295904 -0.07911288
v -0.03777747 -0.02108104 -0.07940953
v -0.03914220 -0.01951276 -0.07587942
v -0.04203139 -0.00242041 -0.08642217
v -0.04138046 -0.00380010 -0.08821888
v -0.04115592 -0.00561789 -0.08823623
v -0.04082826 -0.00780594 -0.08824028
v -0.04033377 -0.01003436 -0.08819160
v -0.04130600 -0.01053914 -0.08430127
v -0.04219530 -0.00609491 -0.08438072
v -0.04398500 -0.00687824 -0.07300775
v -0.04197182 -0.01090007 -0.08035862
v -0.04254136 -0.00862886 -0.08045042
v -0.04135682 -0.01301643 -0.08024947
v -0.04057744 -0.01516844 -0.08007569
v -0.04104400 -0.01549955 -0.07631126
v -0.04253744 -0.01121644 -0.07660889
v -0.04341315 -0.01168569 -0.06565393
v -0.04133176 -0.01572068 -0.07252880
v -0.04221632 -0.01355613 -0.07271776
v -0.04040960 -0.01772146 -0.07234027
v -0.03939806 -0.01959163 -0.07216962
v -0.04154353 -0.01589091 -0.06897515
v -0.04357540 -0.01173780 -0.06224945
v -0.04273963 -0.01361370 -0.06555072
v -0.04436416 -0.00701479 -0.06940551
v -0.04460781 -0.00707787 -0.06581652
v -0.04413746 -0.00935595 -0.06576426
v -0.04355818 -0.00911857 -0.07295692
v -0.04290772 -0.01142641 -0.07284191
v -0.04321589 -0.01159145 -0.06924037
v -0.04434559 -0.00459121 -0.07303833
v -0.04446399 -0.00257693 -0.07322521
v -0.04404701 -0.00249469 -0.07664447
v -0.04321986 -0.00428332 -0.08048741
v -0.04291844 -0.00641870 -0.08048081
v -0.04355760 -0.00670449 -0.07675043
v -0.04232249 -0.00070074 -0.08547614
v -0.04359344 -0.00050305 -0.07959061
v -0.04279628 -0.00226556 -0.08342849
v -0.04348707 -0.00258401 -0.07973239
v -0.02411569 -0.00768522 -0.11472714
v -0.02591745 -0.00808113 -0.11300871
v -0.02764301 -0.00691071 -0.11153795
v -0.02523757 -0.01022479 -0.11318642
v -0.01831706 -0.00749980 -0.11886251
v -0.01890198 -0.00552411 -0.11870542
v -0.02220691 -0.00672842 -0.11633327
v -0.02050748 -0.00448221 -0.11774295
v -0.02187194 -0.00896882 -0.11622310
v -0.02936473 -0.00569715 -0.10999304
v -0.03121584 -0.00606204 -0.10784988
v -0.03356673 -0.00702003 -0.10421329
v -0.02868274 -0.00920845 -0.11001133
v -0.02825650 -0.01155010 -0.10979516
v -0.03039195 -0.01015378 -0.10780148
v -0.02757117 -0.01346834 -0.10978850
v -0.02926622 -0.01398379 -0.10770596
v -0.03524356 -0.01688968 -0.09581942
v -0.03448841 -0.01874536 -0.09562893
v -0.03595984 -0.01490542 -0.09599939
v -0.03658652 -0.01293562 -0.09611842
v -0.03210665 -0.01307257 -0.10408974
v -0.03150600 -0.01499707 -0.10395778
v -0.03365296 -0.01605705 -0.10000744
v -0.03587588 -0.00797473 -0.10039482
v -0.03764891 -0.00875723 -0.09625120
v -0.03717750 -0.01084013 -0.09621211
v -0.03315635 -0.00907112 -0.10422379
v -0.03264384 -0.01113869 -0.10417430
v -0.03488034 -0.01212675 -0.10031157
v -0.02418555 -0.02343937 -0.10845142
v -0.02943379 -0.01786097 -0.10532434
v -0.03128748 -0.01891747 -0.10186628
v -0.03178687 -0.01694432 -0.10236705
v -0.02781184 -0.02158841 -0.10508997
v -0.02474430 -0.02165337 -0.10890367
v -0.02805491 -0.01758230 -0.10740209
v -0.02666524 -0.02093802 -0.10710796
v -0.02858043 -0.01971127 -0.10536878
v -0.00335924 -0.01495275 -0.12472970
v -0.00327463 -0.01699338 -0.12458078
v -0.00777464 -0.00723090 -0.12387550
v -0.00993566 -0.00800425 -0.12297334
v -0.00651286 -0.01321122 -0.12381487
v -0.00755421 -0.01672159 -0.12295713
v -0.01379918 -0.00947314 -0.12106311
v -0.01187306 -0.00873503 -0.12208944
v -0.01039953 -0.01480226 -0.12196957
v -0.00846175 -0.01398678 -0.12293403
v -0.00925228 -0.01103975 -0.12294371
v -0.01567100 -0.01021030 -0.11998026
v -0.01408936 -0.01641954 -0.11971848
v -0.01228737 -0.01562416 -0.12087326
v -0.01751583 -0.01094820 -0.11875426
v -0.01308462 -0.01257570 -0.12097188
v -0.01755902 -0.01804287 -0.11703911
v -0.01588338 -0.01725405 -0.11840328
v -0.02102751 -0.01240032 -0.11604290
v -0.01929377 -0.01167764 -0.11746878
v -0.01674282 -0.01412561 -0.11859573
v -0.02073085 -0.01962806 -0.11395986
v -0.01920962 -0.01886471 -0.11552132
v -0.02268184 -0.01310627 -0.11456048
v -0.02427557 -0.01379828 -0.11294420
v -0.02016887 -0.01565817 -0.11581664
v -0.02355316 -0.02113661 -0.11051989
v -0.02221060 -0.02041758 -0.11225612
v -0.02574954 -0.01445615 -0.11131312
v -0.02662435 -0.01671713 -0.10948124
v -0.02602660 -0.01872459 -0.10914081
v -0.02330638 -0.01713962 -0.11265483
v -0.02708217 -0.02323325 -0.10480848
v -0.02883579 -0.02218307 -0.10312480
v -0.02890845 -0.02443007 -0.10075724
v -0.03366347 -0.02062793 -0.09537327
v -0.03283053 -0.02230382 -0.09512152
v -0.03232338 -0.01979506 -0.09932724
v -0.03054722 -0.02100587 -0.10135932
v -0.02974904 -0.02274952 -0.10106330
v -0.03064770 -0.02329916 -0.09884194
v -0.03253408 -0.02432114 -0.09300450
v -0.03044990 -0.02527808 -0.09660854
v -0.03150025 -0.02348500 -0.09667412
v -0.03348938 -0.02563843 -0.08647639
v -0.03222572 -0.02735714 -0.08612542
v -0.03294299 -0.02502053 -0.09042634
v -0.03136271 -0.02636693 -0.09237236
v -0.02790040 -0.03208643 -0.08478933
v -0.02775860 -0.03242610 -0.08268906
v -0.03100819 -0.02957063 -0.08185641
v -0.02371987 -0.02738729 -0.10586518
v -0.02291534 -0.02766859 -0.10667547
v -0.02342587 -0.02519541 -0.10809461
v -0.02180782 -0.02741097 -0.10831919
v -0.02530362 -0.02420878 -0.10650098
v -0.02630939 -0.02488977 -0.10449074
v -0.02534741 -0.02875037 -0.10173174
v -0.02459357 -0.02811380 -0.10378091
v -0.02721328 -0.02550912 -0.10249163
v -0.02800614 -0.02611323 -0.10039859
v -0.02547938 -0.02649421 -0.10415388
v -0.02651215 -0.02992957 -0.09748552
v -0.02598331 -0.02938476 -0.09958939
v -0.02870054 -0.02665230 -0.09833393
v -0.02928783 -0.02717402 -0.09619830
v -0.02703422 -0.02774770 -0.10002138
v -0.02725267 -0.03091344 -0.09320075
v -0.02693082 -0.03046556 -0.09531912
v -0.02978315 -0.02763024 -0.09410586
v -0.03018039 -0.02806843 -0.09196694
v -0.02816072 -0.02883041 -0.09579211
v -0.02764498 -0.03171098 -0.08878004
v -0.02770684 -0.03174014 -0.08827054
v -0.02722657 -0.03167853 -0.09068355
v -0.02749500 -0.03132512 -0.09107776
v -0.03084796 -0.02907541 -0.08571478
v -0.03053549 -0.02846145 -0.08966847
v -0.02933054 -0.03068453 -0.08529294
v -0.02889124 -0.02973564 -0.09154352
v -0.03892961 -0.00247180 -0.09536009
v -0.03882102 -0.00080299 -0.09584616
v -0.03730763 -0.00115460 -0.09911978
v -0.03731633 -0.00355665 -0.09873181
v 0.01381641 -0.04116661 -0.05814242
v 0.03377015 -0.03197656 -0.11971963
v 0.03535694 0.00186713 -0.12307864
v 0.03525705 0.02875991 -0.12286732
v 0.03169307 0.00186712 -0.12474657
v 0.01055442 -0.04116723 -0.05900406
v 0.01914063 -0.02167298 -0.12742670
v 0.01914293 -0.01154177 -0.12742679
v 0.01883833 -0.03195331 -0.12374536
v 0.02644573 -0.03195276 -0.12238414
v 0.01914245 0.01280403 -0.12742683
v 0.02739831 0.00186711 -0.12595218
v 0.02733229 0.02887600 -0.12570512
v 0.02308652 0.00186710 -0.12704564
v 0.01573851 0.01280431 -0.12768928
v 0.01911749 0.02904411 -0.12713808
v 0.00202679 0.02985139 -0.12525974
v 0.00697309 0.01297417 -0.12715999
v 0.01272157 0.02943486 -0.12719955
v 0.00448069 0.02979035 -0.12595868
v 0.00764666 0.02994264 -0.12650969
v -0.01493308 0.03092361 -0.11558094
v -0.00211183 0.03022951 -0.12367626
v -0.01098794 0.03064387 -0.11875344
v -0.00667499 0.03055609 -0.12142435
v -0.04598212 0.00023874 -0.04319098
v -0.04472125 0.01438692 -0.00447592
v -0.04355447 0.01792610 -0.00452984
v -0.04170537 0.02218278 -0.00454660
v -0.04590641 0.00826053 -0.00442358
v -0.04532395 0.01190460 -0.00445026
v -0.03322816 -0.03095938 -0.04440993
v -0.03148536 -0.03270799 -0.04433677
v -0.03642884 -0.02755594 -0.04116197
v -0.03469512 -0.02930817 -0.04434669
v -0.03768774 -0.02577458 -0.04119812
v -0.03552788 -0.03209892 -0.00702387
v -0.03892922 -0.02394262 -0.04110636
v -0.04033773 -0.02190881 -0.03784834
v -0.03861114 -0.02813970 -0.00684193
v -0.00356782 -0.04564106 -0.00538928
v -0.01308960 -0.04069634 -0.05086027
v -0.01206494 -0.04073381 -0.05252957
v -0.01070844 -0.04079012 -0.05407911
v -0.00932801 -0.04082338 -0.05548381
v -0.00767180 -0.04085427 -0.05684122
v -0.00841961 -0.04084129 -0.05626724
v -0.00272728 -0.04088919 -0.05971899
v -0.00446371 -0.04088058 -0.05892179
v -0.00608109 -0.04086822 -0.05799259
v -0.00104240 -0.04089260 -0.06033564
v -0.01829237 -0.03981075 -0.04921149
v -0.01672034 -0.04004599 -0.05093841
v -0.01170535 -0.04459985 -0.00736594
v -0.02680693 -0.03614109 -0.04732721
v -0.02777471 -0.03563438 -0.04555342
v -0.02964658 -0.03425058 -0.04436961
v -0.03161653 -0.03588533 -0.00712980
v -0.01609926 -0.04395768 -0.00462887
v -0.01912304 -0.04325585 0.00085283
v -0.04587264 -0.00635121 -0.02724706
v -0.04604417 -0.00533322 -0.02097759
v -0.04622059 -0.00065675 -0.02313739
v -0.04623188 -0.00346483 -0.01629993
v -0.04619724 -0.00228597 -0.02314837
v -0.04627750 -0.00584074 -0.00091506
v -0.04650675 -0.00205655 0.00376689
v -0.04606379 -0.00847823 -0.00092764
v -0.04511975 -0.01061081 -0.02748815
v -0.04546901 -0.00885686 -0.02742589
v -0.04479250 -0.01118773 -0.03404031
v -0.04567610 -0.01045988 -0.00576525
v -0.04568907 -0.01081515 -0.00101916
v -0.04563481 -0.01141194 0.00381326
v -0.04520844 -0.01340203 -0.00105614
v -0.04413882 -0.01353532 -0.03420484
v -0.04342339 -0.01559676 -0.03427345
v -0.04465381 -0.01509413 -0.00604838
v -0.04457928 -0.01573368 -0.00117247
v -0.04442455 -0.01652479 0.00382159
v -0.04383401 -0.01819697 -0.00122283
v -0.04227597 -0.01803161 -0.03771174
v -0.04140856 -0.01989011 -0.03772409
v -0.04264513 -0.01755992 -0.03439645
v -0.04110810 -0.02400827 -0.00661414
v -0.04312776 -0.01964063 -0.00634076
v -0.04293974 -0.02048365 -0.00134612
v -0.04076358 -0.02503560 -0.00151708
v -0.04264897 -0.02144574 0.00379383
v -0.04191941 -0.02283753 -0.00139943
v -0.03814113 -0.02920047 -0.00165959
v -0.03950693 -0.02718921 -0.00155687
v -0.04032494 -0.02609090 0.00374416
v -0.03512047 -0.03292109 -0.00178500
v -0.03672091 -0.03109570 -0.00169422
v -0.03770235 -0.03009974 0.00369156
v -0.03349430 -0.03462088 -0.00179643
v -0.03155925 -0.03625575 -0.00187754
v -0.03493832 -0.03343296 0.00362761
v -0.02978538 -0.03768295 -0.00187138
v -0.03171919 -0.03644935 0.00353617
v -0.01342653 -0.04464697 -0.00211360
v -0.01378547 -0.04475747 0.00072444
v -0.00377055 -0.04602586 0.00072403
v -0.00765813 -0.04548805 -0.00453741
v -0.01184263 -0.04477608 -0.00460078
v -0.01002335 -0.04545184 0.00075316
v -0.00984582 -0.04559366 0.00337413
v -0.00803148 -0.04575391 0.00090412
v -0.00331470 -0.04618454 0.00329364
v -0.00681587 -0.04587637 0.00083040
v -0.00725759 -0.04594295 0.00338295
v -0.02762169 -0.03907369 -0.00188795
v -0.02784939 -0.03922213 0.00347602
v -0.02452764 -0.03750639 -0.04736116
v -0.02734376 -0.03893639 -0.00719367
v -0.02573989 -0.04021466 -0.00192220
v -0.02298006 -0.04184939 0.00338035
v -0.02512239 -0.04083395 0.00343491
v -0.02458517 -0.04081899 -0.00193598
v -0.02157766 -0.03885526 -0.04741722
v -0.02045646 -0.03911180 -0.04918134
v -0.01847958 -0.04301566 -0.00737156
v -0.01877050 -0.04311195 -0.00453510
v -0.02119774 -0.04235130 -0.00192777
v -0.02295401 -0.04126846 -0.00724792
v -0.02273333 -0.04166848 -0.00195515
v -0.00113611 -0.04504787 0.03672048
v -0.00090440 -0.04678800 0.03224186
v -0.00121490 -0.04678785 0.01826660
v -0.00793872 -0.04631870 0.01611404
v -0.00678518 -0.04643772 0.01612303
v -0.00459534 -0.04665647 0.03227893
v -0.00351829 -0.03912980 0.04353316
v -0.00465154 -0.04488108 0.03677650
v -0.00747949 -0.04481566 0.03660819
v -0.01433557 -0.04512252 0.01358786
v -0.01209233 -0.04570865 0.01609484
v -0.01007942 -0.04601749 0.01610992
v -0.00989506 -0.04619370 0.03216633
v -0.01008545 -0.04439513 0.03673310
v -0.01003131 -0.03844933 0.04355977
v -0.01291995 -0.04387346 0.03678348
v -0.01561613 -0.04482700 0.01361065
v -0.01370029 -0.04552625 0.03220844
v -0.01445909 -0.04360185 0.03663154
v -0.01089771 -0.03058617 0.04557399
v -0.01559885 -0.03695852 0.04359263
v -0.02111414 -0.04306466 0.01619691
v -0.02011544 -0.04160145 0.03677563
v -0.01716675 -0.04438087 0.01362938
v -0.01941758 -0.04370162 0.01615619
v -0.01593116 -0.04305773 0.03685867
v -0.01616314 -0.04488371 0.03224805
v -0.01847893 -0.04212876 0.03693743
v -0.01913168 -0.04385975 0.03235939
v -0.04092842 -0.02495943 0.01667400
v -0.03972389 -0.02704690 0.01666356
v -0.03845143 -0.02904879 0.01665022
v -0.03709774 -0.03088522 0.01663625
v -0.03876266 -0.02761716 0.03276269
v -0.02073013 -0.02467768 0.04557409
v -0.03764110 -0.02559152 0.03736701
v -0.03630037 -0.02774908 0.03732878
v -0.03553412 -0.03282340 0.01661227
v -0.03410005 -0.03436730 0.01658193
v -0.03596525 -0.03151441 0.03279247
v -0.01932353 -0.02653018 0.04557408
v -0.03446738 -0.03014618 0.03736505
v -0.03024292 -0.02596117 0.04373247
v -0.03310707 -0.03200631 0.03716952
v -0.03237470 -0.03604131 0.01653620
v -0.03082214 -0.03733889 0.01648367
v -0.03275195 -0.03512830 0.03265760
v -0.03243471 -0.03281457 0.03707265
v -0.02833029 -0.02869698 0.04361829
v -0.03083445 -0.03424577 0.03724441
v -0.02950681 -0.03837845 0.01644556
v -0.02999176 -0.03761482 0.03266548
v -0.02090820 -0.03436870 0.04367008
v -0.02137041 -0.02534927 0.04557409
v -0.02864318 -0.03612171 0.03729636
v -0.02574178 -0.03082688 0.04371625
v -0.02738916 -0.03735756 0.03695234
v -0.02755685 -0.03967924 0.01638009
v -0.02559816 -0.04089396 0.01632424
v -0.02464724 -0.04140052 0.01629529
v -0.02265935 -0.04020639 0.03704914
v -0.02698117 -0.03983717 0.03245993
v -0.02530152 -0.03867032 0.03706571
v -0.02173763 -0.04279789 0.01621473
v -0.02313908 -0.04216353 0.01625562
v -0.02096609 -0.04124123 0.03675219
v -0.02118854 -0.04306145 0.03233639
v -0.02326169 -0.04203304 0.03238756
v -0.04299915 -0.02050396 0.01667269
v -0.04202881 -0.02276044 0.01667784
v -0.04096115 -0.02364965 0.03288592
v -0.03902404 -0.02289252 0.03746411
v -0.03335135 -0.02102053 0.04375444
v -0.04013901 -0.02083210 0.03731023
v -0.04385731 -0.01827364 0.01666891
v -0.04280350 -0.01948330 0.03288302
v -0.04093359 -0.01858030 0.03745996
v -0.03577912 -0.01553553 0.04375113
v -0.04196680 -0.01574480 0.03744013
v -0.04493531 -0.01473779 0.01662348
v -0.04432860 -0.01678780 0.01663229
v -0.04401655 -0.01611667 0.03283667
v -0.04252058 -0.01430853 0.03726112
v -0.03753683 -0.00941377 0.04373491
v -0.04622409 -0.00827821 0.01652453
v -0.04414651 -0.00713938 0.03704646
v -0.04606558 -0.00933791 0.01653858
v -0.04566574 -0.01156034 0.01656202
v -0.04385707 -0.00825715 0.03726176
v -0.04582795 -0.00849410 0.03268803
v -0.04530241 -0.01332244 0.01660637
v -0.04279900 -0.01291862 0.03740694
v -0.04470103 -0.01375373 0.03282230
v -0.04340987 -0.00981385 0.03749175
v -0.04531622 -0.01097015 0.03289901
v -0.04636521 -0.00641853 0.01178608
v -0.04656128 -0.00443181 0.01646970
v -0.04637487 -0.00690399 0.01648439
v -0.04426661 -0.00577730 0.03709918
v -0.04609686 -0.00650315 0.03262505
v -0.03859279 -0.00338655 0.04363103
v -0.04452974 -0.00302406 0.03695956
v -0.04664211 -0.00224268 0.01646816
v -0.04636634 -0.00287637 0.03245662
v -0.04472879 -0.00093786 0.03672106
v -0.01770565 0.04230771 0.03335698
v -0.01676715 0.04070777 0.03731490
v -0.01840173 0.04017379 0.03713502
v -0.04549526 0.00845193 0.03257972
v -0.03069963 -0.00315195 0.04557414
v -0.03128551 -0.00038671 0.04557413
v -0.03856415 0.00250996 0.04361302
v -0.04365000 0.00837829 0.03698747
v -0.04410244 0.00667294 0.03677688
v -0.04593219 0.00608309 0.03254640
v -0.04422588 0.00567665 0.03682963
v -0.04636234 -0.00026559 -0.01045774
v -0.04643216 0.00030240 -0.00359547
v -0.04666737 -0.00045933 0.01644713
v -0.04664874 -0.00188873 0.01645224
v -0.04469858 -0.00011823 0.03679044
v -0.04644322 -0.00064960 0.03244544
v -0.04445726 0.00216459 0.03699208
v -0.04420742 0.00505016 0.03700901
v -0.04607187 0.00501205 0.03258641
v -0.04629183 0.00232308 0.03254295
v -0.04450868 0.01235592 0.03262382
v -0.03008947 -0.00067978 0.04557413
v -0.02168560 0.01883379 0.04557398
v -0.04292802 0.01135337 0.03696636
v -0.03753156 0.00861449 0.04363157
v -0.04227164 0.01382219 0.03684393
v -0.04292870 0.01686455 0.03279844
v -0.04126530 0.01606709 0.03708741
v -0.03554769 0.01458179 0.04364049
v -0.04007615 0.01895778 0.03707233
v -0.04157439 0.02006905 0.03280149
v -0.03955116 0.02025249 0.03691830
v -0.03246711 0.03286311 0.03301042
v -0.01753264 0.02551852 0.04557391
v -0.03050890 0.03217668 0.03717861
v -0.03131037 0.03131964 0.03726840
v -0.03364415 0.03162503 0.03309228
v -0.03188016 0.03055506 0.03746005
v -0.01920345 0.02365519 0.04557393
v -0.02753179 0.01420336 0.04557405
v -0.03246156 0.02040886 0.04368589
v -0.02854135 0.02551751 0.04373601
v -0.03394293 0.02841810 0.03726241
v -0.03580291 0.02916736 0.03288121
v -0.03568046 0.02641124 0.03706687
v -0.03869244 0.02157575 0.03715757
v -0.04052671 0.02212218 0.03282139
v -0.03692864 0.02429343 0.03727452
v -0.03860352 0.02523747 0.03298144
v -0.01989346 0.04141014 0.03333112
v -0.01932453 0.03971769 0.03720134
v -0.02003485 0.03923285 0.03741483
v -0.02109214 0.04082800 0.03338139
v -0.01886522 0.03317937 0.04373687
v -0.02401138 0.02973271 0.04375449
v -0.02259640 0.03785155 0.03739566
v -0.02369475 0.03941263 0.03331387
v -0.02478398 0.03667604 0.03722374
v -0.03072415 0.03445143 0.03308064
v -0.02916146 0.03320181 0.03740448
v -0.02674612 0.03511182 0.03741649
v -0.02769260 0.03683155 0.03319848
v -0.01394607 0.04358725 0.03328468
v -0.01387110 0.04175860 0.03721775
v -0.01322433 0.03569597 0.04371783
v -0.01145689 0.04257839 0.03699189
v -0.00940723 0.04464564 0.03336194
v -0.00909958 0.04294891 0.03714726
v -0.00210303 0.03814052 0.04353751
v -0.00844275 0.02954034 0.04557380
v -0.00724781 0.03734626 0.04364778
v -0.00616272 0.04348899 0.03707447
v -0.00603440 0.04520923 0.03328667
v -0.00461220 0.04376750 0.03688434
v -0.04624913 0.00201017 -0.01628197
v -0.04633063 0.00454907 -0.00029949
v -0.04661978 0.00188943 0.01648185
v -0.04649523 0.00388757 0.01651453
v -0.04627033 0.00636187 0.01657380
v -0.04631827 0.00596961 0.01655699
v -0.04577668 0.00957221 -0.00021621
v -0.04605068 0.00790675 0.01662831
v -0.04619106 0.00697168 0.01659210
v -0.04604520 0.00789287 0.00385169
v -0.04524955 0.01190636 0.01675752
v -0.04461292 0.01414282 0.01681459
v -0.04402410 0.01674486 -0.00017143
v -0.04394263 0.01629634 0.01687263
v -0.04309978 0.01846377 0.01693416
v -0.04434339 0.01567510 0.00405107
v -0.04263545 0.01961947 0.01694833
v -0.04320339 0.01902044 0.00414456
v -0.04114969 0.02339111 -0.00025775
v -0.04206437 0.02085934 0.01696890
v -0.04155575 0.02191696 0.01699056
v -0.04086825 0.02320108 0.01699932
v -0.04220002 0.02134707 0.00415683
v -0.03833042 0.02732056 0.01705031
v -0.03969728 0.02520804 0.01702745
v -0.04033931 0.02482252 0.00415838
v -0.03541612 0.03107159 0.01707257
v -0.03693626 0.02919488 0.01706374
v -0.03760864 0.02896738 0.00414941
v -0.03348558 0.03286882 0.02319778
v -0.03404675 0.03227334 0.02318437
v -0.03464133 0.03223341 0.01048061
v -0.04619985 0.00614928 -0.00233527
v -0.04591783 0.00837109 -0.00234314
v -0.04638560 0.00521943 0.01448902
v -0.04633507 0.00478262 0.00177880
v -0.04615473 0.00688823 0.00179462
v -0.04607260 0.00752974 0.00175291
v -0.04508056 0.01313786 -0.00233271
v -0.04467932 0.01462876 -0.00224240
v -0.04537538 0.01176530 -0.00225456
v -0.04541174 0.01125809 0.01464946
v -0.04567878 0.00992759 0.01462435
v -0.04555754 0.01078324 0.00191381
v -0.04500294 0.01349712 0.00195685
v -0.04437560 0.01559147 0.00192590
v -0.04009258 0.02524255 -0.00239731
v -0.04048662 0.02459640 0.00189040
v -0.03917359 0.02681690 0.00191037
v -0.04360702 0.01788658 -0.00233968
v -0.04273680 0.02017132 -0.00242254
v -0.04169411 0.02229222 -0.00238167
v -0.04331115 0.01879044 0.00190013
v -0.04276348 0.02016235 0.00199652
v -0.04209523 0.02160655 0.00186675
v -0.00264416 0.02242557 -0.12459106
v 0.00361561 0.00719543 -0.12674977
v 0.00297833 0.02095594 -0.12630521
v 0.00361809 0.02091859 -0.12645911
v 0.00278807 0.00421961 -0.12666964
v -0.00291724 0.00449672 -0.12540641
v 0.00189607 0.01199249 -0.12639356
v 0.01069086 0.00603964 -0.12756193
v -0.02950976 0.02561883 -0.10167788
v 0.01305435 0.00139730 -0.12765575
v 0.01414553 -0.00123127 -0.12767799
v 0.01416072 0.00889869 -0.12767846
v 0.01173450 0.00890488 -0.12760684
v 0.01395856 0.02235386 -0.12767274
v 0.01203199 0.01555573 -0.12761367
v -0.04199530 0.00113359 -0.08666009
v -0.04333409 0.00150694 -0.08043912
v -0.04277986 0.00109077 -0.08356045
v -0.04584777 0.00143903 -0.04961904
v -0.04592291 0.00185807 -0.04262614
v -0.04597585 0.00470940 -0.02668450
v -0.04567330 0.00710954 -0.02672658
v -0.04611800 0.00316297 -0.02258013
v -0.04514048 0.00164902 -0.06631605
v -0.04563514 0.00149660 -0.05632007
v -0.04544364 0.00140390 -0.06227252
v -0.04554286 0.00349904 -0.05573494
v -0.04426179 0.00346321 -0.07338875
v -0.04384706 0.00338802 -0.07680475
v -0.04304780 0.00469806 -0.08077577
v -0.04091298 0.00101125 -0.09026592
v -0.04031122 0.00066563 -0.09214748
v -0.03986212 0.00072491 -0.09334456
v -0.03890896 0.00089589 -0.09552950
v -0.04128639 0.00253720 -0.08869324
v -0.03799270 0.00245714 -0.09744303
v -0.03909494 0.00351476 -0.09481748
v -0.03576453 0.00215337 -0.10171906
v -0.03650233 0.00179047 -0.10043238
v -0.03701193 0.00220485 -0.09944666
v -0.03714364 0.00538528 -0.09875765
v -0.03456635 0.00179853 -0.10370785
v -0.03306815 0.00174782 -0.10588445
v -0.03498258 0.00476368 -0.10272891
v -0.03136866 0.00138973 -0.10815473
v -0.02999083 0.00139844 -0.10973677
v -0.03183783 0.00153429 -0.10755597
v -0.03244672 0.00405004 -0.10654162
v -0.02670983 0.00096402 -0.11310254
v -0.02844392 0.00100939 -0.11145217
v -0.02955114 0.00326392 -0.11011544
v -0.01671793 -0.00024724 -0.12030696
v -0.01746532 -0.00163529 -0.11986489
v -0.01898704 -0.00038868 -0.11896897
v -0.02092635 0.00009786 -0.11774749
v -0.02300996 0.00001107 -0.11620670
v -0.01912155 0.00069407 -0.11885983
v -0.02462519 0.00053263 -0.11497266
v -0.02523444 0.00066030 -0.11445821
v -0.02632984 0.00243175 -0.11338646
v -0.02285386 0.00147186 -0.11629947
v 0.00910620 0.00010276 -0.12746543
v 0.00827119 -0.00205017 -0.12739827
v 0.00601304 0.00011274 -0.12716273
v 0.00891302 0.01361168 -0.12738289
v 0.00949771 0.00676430 -0.12747520
v 0.00200241 0.00109185 -0.12658025
v -0.00079830 0.00116331 -0.12606549
v -0.00010280 0.00065992 -0.12620998
v -0.00349169 0.00137345 -0.12535933
v 0.00036141 0.00594543 -0.12622788
v 0.01300207 0.02576663 -0.12760559
v 0.01081844 0.02577019 -0.12748226
v 0.01107483 0.01882838 -0.12754330
v 0.01211247 0.02172469 -0.12759051
v 0.00940898 0.01292408 -0.12743719
v 0.00545064 0.01277682 -0.12693725
v 0.00816760 0.02679912 -0.12710964
v 0.00603147 0.02692332 -0.12674443
v 0.00508169 0.02038534 -0.12676198
v 0.00469899 0.02372470 -0.12659389
v 0.00364152 0.01780076 -0.12657369
v 0.00557620 0.02336210 -0.12678105
v 0.00191494 0.02446749 -0.12588511
v 0.00011002 0.02468409 -0.12533581
v -0.00276108 0.01979635 -0.12475416
v 0.00129275 0.01843552 -0.12599228
v 0.00040171 0.01546791 -0.12588525
v -0.00211456 0.02553945 -0.12449745
v -0.00426840 0.02577531 -0.12360162
v -0.00492254 0.02055031 -0.12393893
v -0.01241783 0.02831930 -0.11853317
v -0.01044086 0.02785299 -0.12001522
v -0.01103765 0.02464527 -0.12035453
v -0.01258148 0.02346886 -0.11970240
v -0.01412658 0.02917312 -0.11702788
v -0.01591268 0.02970787 -0.11528304
v -0.01343066 0.02722322 -0.11815088
v -0.01438607 0.02426798 -0.11833174
v -0.01526554 0.02123489 -0.11847874
v -0.01605328 0.02498083 -0.11693560
v -0.01717426 0.03017453 -0.11397426
v -0.01663013 0.02881625 -0.11505689
v -0.01769941 0.02578705 -0.11535735
v -0.01867266 0.02268658 -0.11561220
v -0.01918956 0.02648638 -0.11376858
v -0.02059064 0.02717249 -0.11211258
v -0.02175416 0.02410263 -0.11238310
v -0.02696318 0.02631780 -0.10506200
v -0.02451057 0.02535172 -0.10884386
v -0.00696654 0.02349200 -0.12270320
v -0.00767977 0.01833513 -0.12302026
v -0.00684486 0.02123400 -0.12304978
v -0.01158298 0.01977530 -0.12095302
v -0.00644072 0.02666486 -0.12248831
v -0.00852167 0.02699241 -0.12131236
v -0.01075516 0.02275029 -0.12089793
v -0.00888553 0.02199732 -0.12201785
v -0.04225739 0.00468836 -0.08480154
v -0.04279889 0.00701692 -0.08088991
v -0.04113743 0.00431985 -0.08870227
v -0.03999263 0.00395005 -0.09250120
v -0.03894374 0.00584742 -0.09471706
v -0.04093166 0.00644434 -0.08870937
v -0.03851185 0.00813668 -0.09491420
v -0.04061135 0.00860763 -0.08867597
v -0.03947156 0.00819628 -0.09255415
v -0.03734745 0.00971740 -0.09685014
v -0.03786754 0.01187931 -0.09480456
v -0.00710786 0.00225386 -0.12433746
v -0.01044927 0.00246702 -0.12311141
v -0.00890259 0.00221836 -0.12373047
v -0.00349594 0.00702645 -0.12516000
v -0.00353035 0.01335003 -0.12488950
v -0.01581338 0.00332405 -0.12061854
v -0.01382681 0.00341242 -0.12155957
v -0.01683377 0.00359431 -0.12006680
v -0.01862174 0.00407706 -0.11896188
v -0.01218547 0.00601131 -0.12213482
v -0.00835962 0.01524594 -0.12307550
v -0.01032718 0.01592858 -0.12215424
v -0.00990049 0.00875440 -0.12297379
v -0.01336129 0.00986201 -0.12136492
v -0.00632657 0.01455406 -0.12395051
v -0.00322185 0.01662375 -0.12482688
v -0.00748951 0.00820275 -0.12397561
v -0.00904152 0.01201881 -0.12309575
v -0.01416764 0.01732830 -0.11995892
v -0.01228604 0.01663741 -0.12108294
v -0.01550988 0.01069188 -0.12018026
v -0.01297021 0.01339027 -0.12117213
v -0.01602372 0.01803938 -0.11869017
v -0.01779309 0.01872330 -0.11736627
v -0.01675647 0.01471514 -0.11885689
v -0.01951985 0.01942140 -0.11590552
v -0.02115104 0.02008275 -0.11439291
v -0.02033098 0.01602278 -0.11615309
v -0.02272447 0.02075329 -0.11275328
v -0.02419392 0.02137763 -0.11107168
v -0.02364104 0.01728527 -0.11307794
v -0.02559419 0.02200813 -0.10927380
v -0.02688302 0.02258383 -0.10745048
v -0.02663855 0.01847701 -0.10966619
v -0.03071176 0.02259080 -0.10197730
v -0.02917195 0.02367800 -0.10362396
v -0.02809598 0.02316510 -0.10552149
v -0.02928486 0.01957760 -0.10596909
v -0.03181210 0.02289491 -0.09995718
v -0.03464419 0.01750885 -0.09831089
v -0.03157035 0.02053222 -0.10205231
v -0.03271919 0.02353410 -0.09758515
v -0.03544345 0.01785717 -0.09641509
v -0.03352575 0.02123641 -0.09799267
v -0.04507306 0.01060591 -0.02680926
v -0.04536662 0.00918735 -0.02676365
v -0.04544713 0.00573300 -0.04905482
v -0.04526008 0.00573721 -0.05570654
v -0.04505271 0.00568914 -0.06254322
v -0.04492861 0.00795701 -0.05567049
v -0.04441484 0.01265546 -0.03338137
v -0.04398902 0.01419544 -0.03340528
v -0.04443246 0.01013816 -0.05563639
v -0.04423347 0.01020589 -0.06240790
v -0.04405765 0.01010743 -0.06597138
v -0.04354273 0.01229524 -0.06586458
v -0.04286581 0.01452810 -0.06570551
v -0.04271213 0.01437706 -0.06935289
v -0.04243761 0.01418135 -0.07298906
v -0.04178387 0.01631830 -0.07283046
v -0.04465992 0.00355350 -0.06990687
v -0.04484607 0.00534403 -0.06625758
v -0.04393885 0.00727571 -0.07334251
v -0.04452601 0.00782436 -0.06607321
v -0.04384165 0.00997055 -0.06961443
v -0.04307200 0.00958347 -0.07705634
v -0.04303315 0.01196367 -0.07314608
v -0.04208303 0.01394614 -0.07682319
v -0.04349008 0.00979325 -0.07324757
v -0.04242871 0.00930910 -0.08082180
v -0.04168794 0.00901049 -0.08478629
v -0.04025705 0.01072657 -0.08862546
v -0.04202815 0.01145684 -0.08074218
v -0.04093581 0.01576373 -0.08047165
v -0.04150865 0.01364223 -0.08060940
v -0.04082140 0.01330653 -0.08460982
v -0.03871654 0.01241534 -0.09238875
v -0.03742471 0.01427873 -0.09451921
v -0.03979896 0.01286676 -0.08852872
v -0.03929697 0.01495785 -0.08842183
v -0.03672924 0.01643752 -0.09459421
v -0.03566507 0.02000854 -0.09426626
v -0.03870324 0.01705230 -0.08826493
v -0.03765696 0.01655050 -0.09223655
v -0.02051269 0.00460346 -0.11774983
v -0.02232042 0.00509662 -0.11639272
v -0.01806325 0.00768338 -0.11906102
v -0.01739920 0.01130432 -0.11898246
v -0.01924841 0.01192456 -0.11772370
v -0.02579808 0.00608657 -0.11344568
v -0.02410817 0.00561058 -0.11498904
v -0.02103426 0.01252261 -0.11633276
v -0.02276894 0.01312261 -0.11488159
v -0.02174828 0.00881147 -0.11646434
v -0.02899599 0.00702845 -0.11014641
v -0.02745224 0.00657865 -0.11186077
v -0.02442426 0.01369371 -0.11330494
v -0.02601625 0.01426042 -0.11167609
v -0.02520382 0.00990435 -0.11348571
v -0.03186391 0.00790441 -0.10654195
v -0.03048955 0.00748923 -0.10840136
v -0.02751653 0.01479351 -0.10993052
v -0.02894142 0.01531594 -0.10814862
v -0.02837223 0.01093944 -0.11015283
v -0.03436702 0.00869948 -0.10269868
v -0.03317677 0.00832564 -0.10466787
v -0.03026735 0.01580281 -0.10626014
v -0.03150753 0.01627339 -0.10435810
v -0.03120466 0.01189673 -0.10651482
v -0.03649027 0.00940326 -0.09869822
v -0.03548848 0.00907499 -0.10073473
v -0.03574746 0.01352459 -0.09860966
v -0.03264724 0.01670940 -0.10236062
v -0.03369381 0.01712450 -0.10037724
v -0.03366773 0.01276126 -0.10263962
v -0.04327434 0.01630189 -0.03339351
v -0.04255283 0.01824176 -0.03340465
v -0.04296535 0.01463465 -0.06225582
v -0.04213339 0.01666694 -0.06554700
v -0.03950171 0.02432399 -0.03658529
v -0.03814093 0.02454038 -0.07191671
v -0.04146725 0.02053892 -0.03664700
v -0.04049979 0.02247455 -0.03664362
v -0.04117951 0.01866754 -0.06898463
v -0.04133231 0.01861755 -0.06545497
v -0.03916913 0.02261209 -0.07215907
v -0.03922399 0.02280514 -0.06866541
v -0.04100309 0.01846677 -0.07261975
v -0.04073576 0.01822159 -0.07647409
v -0.03901052 0.02237466 -0.07602292
v -0.04014406 0.02055488 -0.07241089
v -0.03769939 0.02405862 -0.07960658
v -0.03864917 0.02203539 -0.07984802
v -0.03680073 0.02572975 -0.07950145
v -0.03637298 0.02564853 -0.08289034
v -0.04025471 0.01789531 -0.08028120
v -0.03964698 0.01752832 -0.08431597
v -0.03805150 0.01909805 -0.08810350
v -0.03950221 0.01997467 -0.08008905
v -0.03815030 0.02164510 -0.08391086
v -0.03488853 0.02237048 -0.09385071
v -0.03639168 0.02059042 -0.09180302
v -0.03650511 0.02312060 -0.08767389
v -0.03731623 0.02113471 -0.08788938
v -0.03397953 0.02428100 -0.09378253
v -0.03566769 0.02493820 -0.08748831
v -0.03477608 0.02448872 -0.09148707
v -0.00033520 -0.04646944 0.00721864
v -0.00035197 -0.04639178 0.00506581
v -0.00333063 -0.04625030 0.00508885
v -0.00153537 -0.04676135 0.01780515
v -0.00375749 -0.04665391 0.01779894
v 0.00033142 -0.04416719 0.03846707
v 0.00028582 -0.04512087 0.03657667
v 0.00004561 0.04285748 0.03895275
v -0.00037828 0.04397445 0.03687916
v -0.00234470 0.04388627 0.03687480
v -0.00246664 0.04545351 0.03332210
v 0.00005918 0.04397897 0.03688147
v -0.00018633 -0.04581180 -0.00471910
v 0.00496801 -0.04107061 -0.06019039
v 0.00438469 -0.04106961 -0.06010297
v 0.00381532 -0.04106802 -0.06000567
v 0.00204985 -0.04106469 -0.05955876
v 0.00588121 -0.04107228 -0.06028891
v 0.00766491 -0.04107379 -0.06035635
v 0.01045103 -0.04107439 -0.06012211
v -0.00349646 -0.04554068 -0.00661858
v -0.00015178 -0.04619801 0.00097771
v -0.00010907 -0.04599287 -0.00237354
v -0.00363981 -0.04571824 -0.00423692
v -0.00374233 -0.04589818 -0.00152353
v 0.03900514 -0.02257150 -0.12128797
v 0.03869667 0.00186717 -0.12146557
v 0.03535698 -0.02252327 -0.12307857
v 0.06096686 0.02958410 -0.07185905
v 0.06191341 0.00187216 -0.07424056
v 0.05966750 -0.03013104 -0.07462043
v 0.06221244 0.00186719 -0.07659432
v 0.06231719 0.00189228 -0.07945045
v 0.05946910 -0.03093514 -0.07920189
v 0.06207315 0.02810543 -0.08138363
v 0.06224730 0.00189229 -0.08356992
v 0.05910234 -0.03130229 -0.08372815
v 0.06204226 0.00186720 -0.08626025
v 0.06156545 0.00189232 -0.08906203
v 0.05837684 -0.03150838 -0.08815492
v 0.06093272 0.02805446 -0.09093007
v 0.06065533 0.00189232 -0.09308033
v 0.05727557 -0.03163669 -0.09251370
v 0.05990188 0.00186720 -0.09568778
v 0.05886995 0.00189234 -0.09831871
v 0.05576694 -0.03171816 -0.09671009
v 0.05784834 0.02813741 -0.10003573
v 0.05715800 0.00189234 -0.10206626
v 0.05385472 -0.03178052 -0.10076052
v 0.05588150 0.00186719 -0.10447959
v 0.05434383 0.00189236 -0.10683165
v 0.05155602 -0.03182639 -0.10456797
v 0.05295336 0.02834874 -0.10830513
v 0.05190227 0.00189235 -0.11015034
v 0.04888049 -0.03186212 -0.10814908
v 0.05015055 0.00186718 -0.11226521
v 0.04066041 -0.03195502 -0.11559909
v 0.04282903 -0.02255086 -0.11859072
v 0.04817712 0.00189235 -0.11424322
v 0.04587202 -0.03188963 -0.11141548
v 0.04080552 0.02876327 -0.11985321
v 0.04122919 0.00184229 -0.11985192
v 0.04648961 0.02841529 -0.11541013
v 0.04483165 0.00186747 -0.11722283
v 0.00902365 0.02827225 0.04557361
v 0.01984565 0.03278082 0.04361659
v 0.00932928 0.02806330 0.04557361
v 0.02246796 0.03140288 0.04351938
v 0.01131531 0.02639235 0.04557361
v 0.02520013 0.02891326 0.04365099
v 0.00640934 0.02967004 0.04557361
v 0.01667544 0.03458143 0.04355369
v 0.01543055 0.02698166 0.04557352
v 0.00500433 0.03018610 0.04557361
v 0.01391076 0.03571429 0.04354133
v 0.01270815 0.02477048 0.04557361
v 0.00602836 0.02343313 0.04557369
v 0.01094284 0.02468780 0.04557363
v 0.02946161 0.02487505 0.04359703
v 0.00650249 0.02275292 0.04557369
v 0.03186806 0.02206896 0.04352596
v 0.03346045 0.01945563 0.04354282
v 0.00793486 0.01997186 0.04557369
v -0.00039351 0.01052005 0.04557381
v 0.02779459 0.01443921 0.04557352
v 0.03520063 0.01598693 0.04356684
v 0.00342211 0.03060352 0.04557361
v 0.01026716 0.03684624 0.04354397
v 0.00256122 0.03077124 0.04557360
v 0.00729069 0.03753252 0.04354777
v 0.00088597 0.03728879 0.04405187
v 0.00101630 0.04283790 0.03895128
v 0.00120096 0.04399948 0.03679148
v 0.00401503 0.03788157 0.04359409
v 0.03640627 0.01311885 0.04354662
v 0.00776045 -0.01174312 0.04557378
v 0.00236893 -0.00697668 0.04557383
v 0.00123108 -0.00484074 0.04557384
v 0.00034728 -0.00239182 0.04557384
v 0.00042277 0.00766994 0.04557381
v 0.03004353 0.00880810 0.04557353
v 0.03732601 0.00960147 0.04360317
v 0.00728558 -0.03083594 0.04557370
v 0.00934775 -0.02974705 0.04557369
v 0.02003752 -0.03504836 0.04352128
v 0.01313358 -0.02582816 0.04557370
v 0.03029778 -0.02617348 0.04359813
v 0.01096985 -0.02846690 0.04557370
v 0.02482309 -0.03194047 0.04353301
v 0.02410150 -0.02230853 0.04557352
v 0.02768605 -0.02967921 0.04345236
v 0.00327214 -0.03853597 0.04387071
v 0.00352080 -0.04397141 0.03855845
v 0.01560834 -0.01851292 0.04557370
v 0.01237902 -0.01838376 0.04557374
v 0.00793809 -0.01724183 0.04557379
v 0.03103718 0.00045917 0.04557353
v 0.03850899 -0.00387831 0.04358257
v 0.03116110 0.00267772 0.04557352
v 0.03133921 -0.00282104 0.04557352
v 0.03870668 -0.00126332 0.04354801
v 0.03814069 0.00652054 0.04353600
v 0.03832337 0.00254040 0.04365642
v 0.03822924 -0.00726551 0.04354412
v 0.01510080 -0.02123956 0.04557370
v 0.03070734 -0.00776621 0.04557352
v 0.03758683 -0.01050623 0.04356891
v 0.00412370 -0.03170999 0.04557370
v 0.00803732 -0.03897243 0.04341667
v 0.00520556 -0.03149626 0.04557370
v 0.01075260 -0.03856140 0.04340159
v 0.00684254 -0.03100960 0.04557370
v 0.01684888 -0.03684203 0.04339661
v 0.01415501 -0.03764085 0.04343761
v 0.03269249 -0.02328682 0.04347693
v 0.01421303 -0.02379093 0.04557370
v 0.02734567 -0.01763322 0.04557352
v 0.02931204 -0.01304418 0.04557352
v 0.03393944 -0.02071176 0.04355004
v 0.03672771 -0.01396535 0.04354441
v 0.03570234 -0.01707029 0.04351215
v 0.00672115 -0.04486626 0.03649141
v 0.00744941 -0.04480535 0.03646901
v 0.00882420 -0.04463712 0.03645514
v 0.00704040 -0.04647220 0.03216241
v 0.04693015 -0.03187788 -0.02042338
v 0.03541187 -0.02906235 0.03699640
v 0.03344287 -0.03178953 0.03675105
v 0.05396041 -0.01430393 -0.02045798
v 0.04419512 -0.00564310 0.03696564
v 0.04436963 -0.00362647 0.03690187
v 0.05408968 -0.01183567 -0.02058451
v 0.05429838 0.01312294 -0.02213827
v 0.04449175 -0.00151914 0.03684248
v 0.04446646 -0.00041023 0.03691366
v 0.04589423 -0.00294766 0.03358030
v 0.05322082 -0.01888887 -0.02019826
v 0.04342521 -0.01090366 0.03692704
v 0.04304562 -0.01269737 0.03690019
v 0.05352373 -0.01743960 -0.02026437
v 0.04369982 -0.00968008 0.03686773
v 0.04486973 -0.01109001 0.03377690
v 0.05381986 -0.01553746 -0.02034981
v 0.04412922 -0.00662585 0.03689945
v 0.04393010 -0.00809869 0.03688095
v 0.04566616 -0.00600424 0.03371010
v 0.04534917 -0.00836026 0.03373411
v 0.04856417 -0.02969635 -0.02026940
v 0.03669730 -0.02752571 0.03679521
v 0.03641813 -0.03022151 0.03375281
v 0.04919787 -0.02871776 -0.02019859
v 0.03730411 -0.02672331 0.03667460
v 0.03761231 -0.02624776 0.03665136
v 0.03808904 -0.02796272 0.03367429
v 0.05007991 -0.02720570 -0.02014036
v 0.03825457 -0.02503770 0.03677848
v 0.03940417 -0.02280483 0.03679930
v 0.03908220 -0.02635958 0.03367395
v 0.05135058 -0.02459935 -0.02009916
v 0.04044203 -0.02074815 0.03673895
v 0.04116765 -0.01897467 0.03671045
v 0.04077518 -0.02314552 0.03373027
v 0.05237010 -0.02191681 -0.02011220
v 0.04240699 -0.01513191 0.03686189
v 0.04190285 -0.01692092 0.03676769
v 0.04263648 -0.01886226 0.03371221
v 0.05287357 -0.02025969 -0.02015207
v 0.04278425 -0.01392127 0.03682004
v 0.04439240 -0.01322679 0.03377288
v 0.04377148 -0.01547645 0.03379674
v 0.04266682 -0.03603188 -0.02099095
v 0.02710748 -0.03758768 0.03665269
v 0.02919278 -0.03593213 0.03667822
v 0.04487688 -0.03410838 -0.02068411
v 0.03197153 -0.03355185 0.03649480
v 0.03090920 -0.03456122 0.03654386
v 0.03363699 -0.03369890 0.03337795
v 0.03039017 -0.03680867 0.03327990
v 0.03987133 -0.03793985 -0.02149584
v 0.02217792 -0.04046958 0.03672688
v 0.02467498 -0.03917996 0.03666400
v 0.04106283 -0.03718887 -0.02124776
v 0.02578333 -0.03861366 0.03647053
v 0.02751590 -0.03910374 0.03310218
v 0.02570903 -0.04031733 0.03303698
v 0.03082359 -0.04124802 -0.02794663
v 0.03014784 -0.04130810 -0.02983519
v 0.01033498 -0.04444387 0.03642965
v 0.01187103 -0.04418561 0.03635831
v 0.00904540 -0.04623570 0.03213700
v 0.03373379 -0.04061463 -0.02404815
v 0.03315738 -0.04078670 -0.02607981
v 0.03256433 -0.04089348 -0.02784589
v 0.01392033 -0.04372091 0.03642284
v 0.01614527 -0.04305493 0.03646086
v 0.01258713 -0.04561421 0.03218065
v 0.03587420 -0.03993393 -0.02378659
v 0.01901226 -0.04213652 0.03636985
v 0.01805914 -0.04248758 0.03639391
v 0.01671772 -0.04448989 0.03245725
v 0.03774607 -0.03905595 -0.02177958
v 0.03739734 -0.03931795 -0.02353792
v 0.02038329 -0.04150602 0.03649016
v 0.02313257 -0.04174468 0.03296512
v 0.02000003 -0.04330360 0.03262326
v 0.00264728 -0.04670451 0.03224496
v 0.00267068 -0.04499045 0.03667176
v 0.00591101 -0.04485403 0.03664515
v 0.00589183 -0.04656499 0.03219977
v 0.00237200 0.04544009 0.03335920
v 0.00554394 0.04353227 0.03705328
v 0.00336165 0.04383200 0.03689742
v 0.00609740 0.04352905 0.03694306
v 0.00515468 0.04517727 0.03361022
v 0.00887419 0.04310519 0.03688437
v 0.00783633 0.04329227 0.03689185
v 0.00711820 0.04342628 0.03686851
v 0.00649381 0.04502007 0.03356658
v 0.00800980 0.04477548 0.03360561
v 0.01968141 0.03955174 0.03690393
v 0.01867896 0.04000075 0.03691638
v 0.01793634 0.04036235 0.03685248
v 0.01938181 0.04125483 0.03383185
v 0.01598451 0.04110411 0.03684505
v 0.01400601 0.04180403 0.03686702
v 0.01672029 0.04234509 0.03372191
v 0.01183678 0.04239824 0.03686691
v 0.00987007 0.04290279 0.03687907
v 0.00937603 0.04451189 0.03362929
v 0.01233918 0.04376417 0.03368021
v 0.02830937 0.03393300 0.03714641
v 0.03072364 0.03196142 0.03704977
v 0.02589303 0.03605360 0.03676060
v 0.02666854 0.03540862 0.03692505
v 0.02936791 0.03496106 0.03412464
v 0.02186781 0.03835506 0.03701338
v 0.02411385 0.03711132 0.03693044
v 0.02577530 0.03769519 0.03389482
v 0.02042763 0.03920827 0.03687710
v 0.02040611 0.04077588 0.03384882
v 0.02239920 0.03972186 0.03390613
v 0.03349863 0.02909085 0.03699780
v 0.03517584 0.02715935 0.03696280
v 0.03213255 0.03072668 0.03687366
v 0.03212214 0.03259453 0.03404173
v 0.03455188 0.02997701 0.03411425
v 0.04002075 0.01939702 0.03690640
v 0.04084406 0.01766128 0.03682603
v 0.03955208 0.02044771 0.03682457
v 0.04117573 0.02013500 0.03399979
v 0.03745020 0.02406846 0.03684962
v 0.03853774 0.02220982 0.03685168
v 0.03973684 0.02277302 0.03402206
v 0.03593110 0.02628188 0.03683997
v 0.03659786 0.02535149 0.03681702
v 0.03647196 0.02771600 0.03407614
v 0.03777751 0.02591778 0.03404608
v 0.05415148 0.01562222 -0.02196145
v 0.04427181 0.00181004 0.03709852
v 0.04404643 0.00489213 0.03709680
v 0.04586536 0.00168794 0.03366663
v 0.05388638 0.01757618 -0.02177302
v 0.04383894 0.00754950 0.03679124
v 0.04397311 0.00643605 0.03688949
v 0.04556510 0.00529183 0.03376143
v 0.05267006 0.02032862 -0.01825583
v 0.05344779 0.01977956 -0.02167288
v 0.04274024 0.01199562 0.03697104
v 0.04337171 0.00961253 0.03690858
v 0.04499654 0.00880605 0.03374153
v 0.05218978 0.02200634 -0.01818329
v 0.04235600 0.01359553 0.03684341
v 0.04406787 0.01258008 0.03388352
v 0.04164813 0.01572008 0.03679199
v 0.04207770 0.01438208 0.03687727
v 0.04240698 0.01738022 0.03388241
v 0.04341133 0.01472121 0.03392682
v 0.00052731 -0.04677841 0.01786138
v 0.00026768 -0.04647467 0.00724408
v 0.00043584 -0.04639419 0.00503489
v 0.00022189 -0.04645870 0.00675333
v 0.00298345 -0.04669263 0.01785187
v 0.00182363 -0.04626238 0.00278162
v 0.00182922 -0.04613116 0.00048930
v 0.02471219 -0.04126286 -0.04797641
v 0.02361804 -0.04127193 -0.04948403
v 0.00222964 -0.04632643 0.00462562
v 0.02816134 -0.04105650 -0.04473583
v 0.02728970 -0.04107850 -0.04646757
v 0.02640671 -0.04108910 -0.04797227
v 0.00594012 -0.04596556 0.00227327
v 0.02896175 -0.04110009 -0.04092991
v 0.02841898 -0.04111263 -0.04253339
v 0.00798773 -0.04629792 0.01779848
v 0.00932152 -0.04612094 0.01778870
v 0.00800033 -0.04583860 0.00452937
v 0.00594926 -0.04652483 0.01782874
v 0.00663989 -0.04645701 0.01780991
v 0.00511910 -0.04658965 0.01783622
v 0.00297816 -0.04635890 0.00681251
v 0.00457470 -0.04620931 0.00458669
v 0.00666499 -0.04599471 0.00448800
v 0.00689374 -0.04605804 0.00672779
v 0.00186448 -0.04591445 -0.00283451
v 0.01800906 -0.04116683 -0.05625237
v 0.01536401 -0.04116973 -0.05747082
v 0.00184765 -0.04599500 -0.00167985
v 0.02352417 -0.04114677 -0.05160283
v 0.02236304 -0.04115244 -0.05292816
v 0.02096284 -0.04116010 -0.05420340
v 0.00368734 -0.04604380 0.00005773
v 0.00986016 0.03397997 -0.12517367
v 0.00711851 0.03414521 -0.12464212
v 0.00337170 0.03426401 -0.12369688
v 0.00137206 0.03422318 -0.12312206
v 0.00418844 0.03439777 -0.12382645
v 0.00571808 0.03616316 -0.12324729
v 0.04663419 0.03249374 -0.11374191
v 0.04322727 0.03272901 -0.11664595
v 0.03790835 0.03298547 -0.12006771
v 0.03453529 0.03308159 -0.12165258
v 0.04016837 0.03307334 -0.11859281
v 0.04053227 0.03535740 -0.11723369
v 0.03108208 0.03322960 -0.12311823
v 0.03417100 0.03536052 -0.12080250
v 0.02753482 0.03321514 -0.12412771
v 0.02338830 0.03347414 -0.12508004
v 0.02730837 0.03537442 -0.12327198
v 0.01964720 0.03361595 -0.12543058
v 0.01597030 0.03373188 -0.12565201
v 0.01321335 0.03399771 -0.12540706
v 0.02012374 0.03562105 -0.12447382
v 0.04940385 0.03256672 -0.11101789
v 0.04622443 0.03534049 -0.11267161
v 0.05439412 0.03235875 -0.10444027
v 0.05178946 0.03226108 -0.10809984
v 0.05121171 0.03496028 -0.10732670
v 0.05817170 0.03216357 -0.09686836
v 0.05632592 0.03214515 -0.10096322
v 0.05509242 0.03504801 -0.10112133
v 0.06045641 0.03202253 -0.08871004
v 0.05944154 0.03208172 -0.09308702
v 0.05791678 0.03508566 -0.09437399
v 0.06116160 0.03194066 -0.08026671
v 0.06101726 0.03207781 -0.08476041
v 0.05964399 0.03499704 -0.08726438
v 0.06100100 0.03213769 -0.07635470
v 0.06019151 0.03487505 -0.07996130
v 0.05977914 0.03188014 -0.06912876
v 0.06043172 0.03194211 -0.07263357
v 0.05039642 0.02736368 -0.01866244
v 0.04989044 0.02840310 -0.01862265
v 0.05170137 0.02407027 -0.01882325
v 0.05134285 0.02507588 -0.01874466
v 0.05951193 0.03479653 -0.07266284
v 0.00797535 0.05541247 -0.07449946
v -0.00262493 0.05057891 -0.01380394
v 0.00178110 0.05541245 -0.05898699
v 0.01481410 0.05541248 -0.09003527
v 0.01118062 0.05066759 -0.00972073
v 0.01347477 0.05052916 -0.00958422
v 0.02165483 0.05541247 -0.05233608
v 0.01792369 0.05541249 -0.08898389
v 0.00296735 0.05059312 -0.00987632
v 0.00526135 0.05069167 -0.00980285
v 0.00711180 0.05541247 -0.05510015
v 0.00545322 0.05538462 -0.05512602
v 0.00770059 0.05069057 -0.00957046
v 0.01329625 0.05539029 -0.05099320
v 0.01022578 0.05068409 -0.00968290
v 0.01148760 0.05541248 -0.05508376
v 0.02085323 0.05538717 -0.05120143
v 0.01567895 0.05541249 -0.05193478
v 0.01779230 0.05538905 -0.05095345
v -0.00792852 0.05036221 -0.01755137
v -0.00165497 0.05541245 -0.06271110
v -0.00823664 0.05534470 -0.06804092
v 0.00345261 0.05535914 -0.09767649
v -0.00657823 0.05041507 -0.01615684
v -0.00554106 0.05053625 -0.01615231
v -0.00624666 0.05535952 -0.06508359
v -0.00417353 0.05055836 -0.01489873
v 0.00047513 0.05541245 -0.06007351
v -0.00125296 0.05538205 -0.06010327
v -0.00410053 0.05541244 -0.06453521
v -0.00388505 0.05537388 -0.06244232
v -0.01129374 0.05534473 -0.08183710
v -0.00902617 0.05541243 -0.08676195
v -0.01003631 0.05534472 -0.08885252
v -0.01089660 0.05534472 -0.08538633
v -0.01122104 0.05534473 -0.07826649
v -0.00302434 0.05541245 -0.06581252
v -0.00967931 0.05534470 -0.07130797
v -0.00760013 0.05541244 -0.07027405
v -0.00948358 0.05541243 -0.07672641
v -0.00940619 0.05541243 -0.07842345
v -0.01067962 0.05534474 -0.07473642
v -0.00872780 0.05534473 -0.09217554
v 0.02010530 0.05541249 -0.08815743
v 0.02083038 0.05541250 -0.08748908
v 0.02252389 0.05535789 -0.08790831
v 0.01150065 0.05541248 -0.09326021
v 0.01005874 0.05537131 -0.09686921
v 0.00644617 0.05541247 -0.07701040
v 0.01328493 0.05541248 -0.09254621
v 0.01461026 0.05541248 -0.09220885
v 0.00088100 0.05541245 -0.09291175
v 0.00006434 0.05541245 -0.08962135
v 0.00050095 0.05541245 -0.08457326
v 0.00160614 0.05541245 -0.09444802
v 0.01615967 0.05536367 -0.09265986
v -0.00455250 0.05536908 -0.09769429
v -0.00699390 0.05534474 -0.09529776
v -0.00548049 0.05536212 -0.09709862
v 0.00319772 0.05541245 -0.09646487
v -0.00292344 0.05535891 -0.09822469
v -0.00492976 0.05541243 -0.09506515
v 0.00343558 0.05541245 -0.09638844
v -0.00360748 0.05537033 -0.09801479
v -0.00372810 0.05541242 -0.09678232
v -0.00400939 0.05541243 -0.09649348
v 0.02332982 0.05541250 -0.08460031
v 0.01841567 0.05541249 -0.08390932
v 0.01336120 0.05541248 -0.06765951
v 0.02019995 0.05541250 -0.08319532
v 0.02192793 0.05541250 -0.06449362
v 0.02347608 0.05541250 -0.08362507
v 0.02561572 0.05535790 -0.08207700
v 0.02049373 0.05541250 -0.08413667
v 0.02287779 0.05541250 -0.06554794
v 0.02317352 0.05541248 -0.06575917
v 0.02181905 0.05541250 -0.08379929
v 0.02222173 0.05541250 -0.06543496
v 0.02340042 0.05541250 -0.08264186
v 0.02409532 0.05541251 -0.07801071
v 0.02569643 0.05535790 -0.07984052
v 0.02398807 0.05535790 -0.08621580
v 0.02503639 0.05535790 -0.08423865
v -0.01323797 0.03745842 -0.11377883
v -0.01542552 0.03719795 -0.11204367
v -0.00800380 0.03852344 -0.11648190
v -0.01044954 0.03805678 -0.11539522
v -0.01651791 0.03645739 -0.11139435
v -0.01908624 0.03425653 -0.10990241
v -0.01031449 0.04827689 -0.10890504
v -0.00906515 0.04891426 -0.10882398
v -0.00823581 0.04929646 -0.10873426
v -0.00693629 0.04997488 -0.10832867
v 0.03736142 0.05117285 -0.10115454
v 0.03927517 0.05079199 -0.10069536
v 0.03788167 0.05134667 -0.09950359
v 0.03992397 0.04971447 -0.10335593
v 0.04108167 0.04969838 -0.10205933
v 0.04253104 0.05115378 -0.09375730
v 0.04068429 0.05112068 -0.09719114
v 0.04412394 0.05112073 -0.09019861
v 0.04555111 0.05114710 -0.08254913
v 0.04527645 0.05107637 -0.08645499
v 0.04554765 0.05114810 -0.07865642
v 0.04553468 0.05099238 -0.07469907
v 0.03284692 0.04584846 -0.01814022
v 0.03209941 0.04619736 -0.01822316
v 0.03538452 0.04448128 -0.01792963
v 0.03366167 0.04543802 -0.01804931
v 0.04482969 0.05087711 -0.07076765
v 0.04520879 0.05017347 -0.09398851
v 0.04434685 0.05017356 -0.09574026
v 0.04506183 0.04931691 -0.09750851
v 0.04661065 0.04847427 -0.09703717
v 0.04203653 0.05011892 -0.09965968
v 0.04312275 0.05011746 -0.09803778
v 0.04525329 0.04848138 -0.09932566
v 0.04257019 0.04931650 -0.10122973
v 0.04224867 0.04866174 -0.10301734
v 0.04398445 0.04848055 -0.10122018
v 0.04704714 0.04931671 -0.09347356
v 0.04761175 0.04847936 -0.09498812
v 0.04628013 0.05011848 -0.09161611
v 0.04690288 0.05011949 -0.08976595
v 0.04860184 0.04848179 -0.09251878
v 0.04810453 0.05016167 -0.08188544
v 0.04797495 0.05016237 -0.08383353
v 0.04929667 0.04931527 -0.08508624
v 0.05053005 0.04848058 -0.08418936
v 0.04742391 0.05004875 -0.08836304
v 0.04781054 0.05004644 -0.08644988
v 0.05012536 0.04848857 -0.08682274
v 0.04844306 0.04931557 -0.08935288
v 0.04933188 0.04847790 -0.09035838
v 0.04968840 0.04847516 -0.08906090
v 0.04959548 0.04931538 -0.08060267
v 0.05069140 0.04847263 -0.08191445
v 0.04810449 0.05016169 -0.07931990
v 0.04797488 0.05016241 -0.07737181
v 0.05069140 0.04847263 -0.07929089
v 0.04053076 0.04095410 -0.01872856
v 0.03860421 0.04254769 -0.01878463
v 0.04690325 0.05011928 -0.07143919
v 0.04628051 0.05011826 -0.06958905
v 0.04844323 0.04931545 -0.07185236
v 0.04933195 0.04847782 -0.07084686
v 0.04781053 0.05004645 -0.07475543
v 0.04742401 0.05004869 -0.07284224
v 0.04968846 0.04847510 -0.07214439
v 0.04929660 0.04931532 -0.07611908
v 0.05053001 0.04848061 -0.07701597
v 0.05012533 0.04848859 -0.07438257
v 0.03765933 0.04297256 -0.01778228
v 0.03591863 0.04413315 -0.01783628
v 0.04712471 0.04931479 -0.06792198
v 0.04795967 0.04900743 -0.06891973
v 0.03672928 0.05122155 -0.10154186
v 0.03466041 0.05134849 -0.10270777
v 0.03846723 0.05030448 -0.10327979
v 0.03721042 0.05101509 -0.10204110
v 0.03584621 0.05079746 -0.10409786
v 0.03633557 0.05117503 -0.10216940
v 0.01136909 0.04931539 -0.11411672
v 0.00984909 0.04952034 -0.11352677
v 0.00964670 0.04866581 -0.11472401
v 0.01785282 0.05086565 -0.11122560
v 0.03244747 0.05105891 -0.10569553
v 0.02906096 0.05105983 -0.10763644
v 0.02173771 0.05096942 -0.11040945
v 0.02548481 0.05102864 -0.10921903
v 0.01227595 0.04989060 -0.11327652
v 0.01195257 0.04847851 -0.11532446
v 0.01426983 0.04993920 -0.11331691
v 0.02107885 0.05016235 -0.11251266
v 0.02297984 0.05016258 -0.11213336
v 0.02019651 0.04931535 -0.11411948
v 0.02140946 0.04847537 -0.11507729
v 0.01672840 0.05012862 -0.11300448
v 0.01866267 0.05012748 -0.11287783
v 0.01894860 0.04848184 -0.11537007
v 0.01577695 0.04931492 -0.11440818
v 0.01421234 0.04848919 -0.11546144
v 0.01668946 0.04847748 -0.11552232
v 0.02453979 0.04931696 -0.11325358
v 0.02363079 0.04847416 -0.11463729
v 0.02717135 0.05016260 -0.11087917
v 0.02533579 0.05016224 -0.11150231
v 0.02602502 0.04847381 -0.11399569
v 0.02873331 0.04931675 -0.11182968
v 0.02816838 0.04847592 -0.11326491
v 0.03118567 0.05012741 -0.10913160
v 0.02944729 0.05012629 -0.10998898
v 0.03044569 0.04848210 -0.11228744
v 0.03270488 0.04931616 -0.10987006
v 0.03247801 0.04847802 -0.11128934
v 0.03497891 0.05004964 -0.10691983
v 0.03336798 0.05004738 -0.10799713
v 0.03459188 0.04849034 -0.10999659
v 0.03637592 0.04931614 -0.10741479
v 0.03648115 0.04847856 -0.10874903
v 0.03956907 0.04933903 -0.10456138
v 0.04058692 0.04835804 -0.10539947
v 0.03721283 0.04970281 -0.10591133
v 0.03853542 0.04971919 -0.10473308
v 0.03819961 0.04863104 -0.10711468
v -0.00043696 0.04933164 -0.11110855
v -0.00101563 0.04874229 -0.11166838
v 0.00664787 0.04813787 -0.11472186
v 0.01415421 0.05047933 -0.00971298
v 0.01460725 0.05042500 -0.00968571
v 0.02240874 0.05535635 -0.05136755
v 0.02195268 0.05541241 -0.05254648
v 0.02440335 0.05535592 -0.06564316
v 0.01491560 0.05037345 -0.00960030
v 0.01671184 0.05007576 -0.00947349
v 0.01584867 0.05023448 -0.00954644
v 0.02287799 0.04820215 -0.00918234
v 0.02053820 0.04907523 -0.00924871
v 0.01787268 0.04982102 -0.00937585
v 0.03503966 0.05315766 -0.06436855
v 0.03536006 0.05295576 -0.06212400
v 0.03567925 0.05257889 -0.05964555
v 0.02415714 0.05518370 -0.05141241
v 0.02507532 0.05517927 -0.08694852
v 0.02625295 0.05517927 -0.08472744
v 0.02576250 0.05518201 -0.08589013
v 0.03444605 0.05322485 -0.08885044
v 0.03250386 0.05322449 -0.09224471
v 0.03355669 0.05322450 -0.09065344
v 0.02257273 0.05518121 -0.08962645
v 0.02340540 0.05517923 -0.08887896
v 0.02813378 0.05322436 -0.09686189
v 0.02935575 0.05322935 -0.09579873
v 0.02432645 0.05518193 -0.08798822
v 0.03072072 0.05322873 -0.09450014
v 0.03183455 0.05322490 -0.09321205
v 0.03018288 0.05323010 -0.09503166
v 0.02534312 0.05511786 -0.08714365
v 0.02363431 0.05511860 -0.08911302
v 0.02669331 0.05518194 -0.08352417
v 0.02691099 0.05517923 -0.08228114
v 0.03488665 0.05322477 -0.08773555
v 0.03551228 0.05322431 -0.08587797
v 0.03589686 0.05322477 -0.08395762
v 0.02656224 0.05511839 -0.08483864
v 0.02707075 0.05518191 -0.08100982
v 0.03620175 0.05322452 -0.08076390
v 0.03607259 0.05322485 -0.08277179
v 0.03608370 0.05322449 -0.07886119
v 0.02723716 0.05511837 -0.08232028
v 0.02700305 0.05517923 -0.07973029
v 0.02692348 0.05517963 -0.07872672
v 0.03600061 0.05322509 -0.07781783
v 0.02569761 0.05517719 -0.06551335
v 0.02605983 0.05510889 -0.06544418
v 0.02733395 0.05511783 -0.07971455
v 0.00990188 0.05518339 -0.09841335
v 0.01495768 0.05287546 -0.10545104
v 0.01690098 0.05294550 -0.10483883
v 0.01031452 0.05520810 -0.09817025
v 0.01094201 0.05519506 -0.09803212
v 0.02088467 0.05315028 -0.10245064
v 0.01915523 0.05307781 -0.10361353
v 0.01729438 0.05300030 -0.10454549
v 0.01048285 0.05500929 -0.09915893
v 0.01702071 0.05519324 -0.09364448
v 0.01148151 0.05517635 -0.09784351
v 0.02262102 0.05321201 -0.10100147
v 0.02115956 0.05318794 -0.10210042
v 0.01725846 0.05511994 -0.09396626
v 0.01157415 0.05507881 -0.09837286
v 0.00356556 0.05518471 -0.09896740
v -0.00266166 0.05518457 -0.09951164
v -0.00298823 0.05515002 -0.09970675
v 0.00652660 0.05257521 -0.10698921
v 0.00855910 0.05279833 -0.10625166
v 0.00366039 0.05495476 -0.10005126
v -0.00831120 0.05095162 -0.10649628
v -0.00768927 0.05104684 -0.10664544
v -0.00936306 0.05074730 -0.10619713
v -0.00872029 0.05090466 -0.10635201
v -0.00757409 0.05286141 -0.10415507
v -0.00488281 0.05516558 -0.09924182
v -0.00553961 0.05516469 -0.09890364
v -0.00670312 0.05357130 -0.10328197
v -0.00751822 0.05350230 -0.10301816
v -0.01138130 0.05023013 -0.10545071
v -0.01020940 0.05061933 -0.10582337
v -0.00869710 0.05277503 -0.10364818
v -0.00812618 0.05350445 -0.10263404
v -0.00614117 0.05514846 -0.09858890
v -0.00662596 0.05516128 -0.09801970
v -0.00706869 0.05448100 -0.10085864
v -0.00931335 0.05330783 -0.10219061
v -0.01122429 0.05222981 -0.10248997
v -0.00821508 0.05512329 -0.09609288
v -0.00716349 0.05512439 -0.09769692
v -0.01049337 0.05298313 -0.10175045
v -0.00873125 0.05432459 -0.09996768
v -0.01114358 0.05295642 -0.10109334
v -0.00425804 0.05516879 -0.09944129
v -0.00354428 0.05517682 -0.09953111
v 0.00375293 0.05202375 -0.10804843
v 0.00587546 0.05234588 -0.10751165
v 0.00456848 0.05227635 -0.10759102
v -0.00335243 0.05472181 -0.10139371
v -0.00596455 0.05358324 -0.10352814
v -0.00534819 0.05450744 -0.10163078
v -0.00630563 0.05118377 -0.10693371
v -0.00675395 0.05108217 -0.10692914
v 0.00332135 0.05163852 -0.10870268
v 0.00147643 0.05115502 -0.10915551
v 0.00005325 0.05059525 -0.10959260
v -0.00627393 0.05292821 -0.10456145
v -0.00510459 0.05357605 -0.10380806
v -0.01083987 0.05512438 -0.09108803
v -0.01010301 0.04995827 -0.01750608
v -0.00829925 0.05029474 -0.01750340
v -0.00870076 0.05512383 -0.06579238
v -0.01147597 0.04983668 -0.01903962
v -0.01039137 0.05512427 -0.06904148
v -0.00953131 0.05512312 -0.06737114
v -0.01104651 0.05512310 -0.07080233
v -0.00972680 0.05507785 -0.06726182
v -0.01495901 0.04900297 -0.02070296
v -0.01683881 0.04828599 -0.02076324
v -0.01268649 0.04967677 -0.02066642
v -0.01168406 0.05512422 -0.07258300
v -0.01171272 0.05496786 -0.07056592
v -0.01755518 0.04814070 -0.02246594
v -0.01831838 0.04779528 -0.02249424
v -0.01930305 0.04731023 -0.02256186
v -0.02147335 0.04606603 -0.02266484
v -0.01267222 0.05512330 -0.07813465
v -0.01249873 0.05512444 -0.07626397
v -0.01210413 0.05512319 -0.07442714
v -0.01366784 0.05471531 -0.07407410
v -0.01282359 0.05512443 -0.08001990
v -0.01274984 0.05512326 -0.08189717
v -0.01458783 0.05460971 -0.07797529
v -0.01265225 0.05512437 -0.08378598
v -0.01463599 0.05462127 -0.08198945
v -0.01142639 0.05512325 -0.08928995
v -0.01232991 0.05512325 -0.08564964
v -0.01198688 0.05512441 -0.08749678
v -0.01326295 0.05460695 -0.08988323
v -0.01438037 0.05455345 -0.08601079
v -0.01004300 0.05512326 -0.09280329
v -0.00923045 0.05512442 -0.09449722
v -0.00995922 0.05455733 -0.09721030
v -0.01175061 0.05462232 -0.09360234
v -0.02578030 0.04283712 -0.02369242
v -0.02229194 0.04558991 -0.02339350
v -0.02441495 0.04402201 -0.02355481
v -0.01703673 0.05343146 -0.07652501
v -0.01724169 0.05341107 -0.07847570
v -0.02612033 0.04258708 -0.02484671
v -0.02674542 0.04197534 -0.02489654
v -0.01804608 0.05296060 -0.07989782
v -0.01894788 0.05224988 -0.07845061
v -0.01727611 0.05342940 -0.08126039
v -0.01718462 0.05343011 -0.08322656
v -0.01922182 0.05208201 -0.08120168
v -0.01785107 0.05296047 -0.08429768
v -0.01909823 0.05209507 -0.08350568
v -0.01552445 0.05340683 -0.09134763
v -0.01611970 0.05340831 -0.08947157
v -0.01704890 0.05296064 -0.08878663
v -0.01798360 0.05209319 -0.08984096
v -0.01657415 0.05357054 -0.08598455
v -0.01664823 0.05332681 -0.08795348
v -0.01832973 0.05208756 -0.08851630
v -0.01736657 0.05322652 -0.08484498
v -0.01897654 0.05208780 -0.08486459
v -0.01832127 0.05239039 -0.08654658
v -0.01570780 0.05296061 -0.09298270
v -0.01729232 0.05208838 -0.09204204
v -0.01447513 0.05343107 -0.09393179
v -0.01363345 0.05343170 -0.09571108
v -0.01628848 0.05208961 -0.09462217
v -0.01375726 0.05296045 -0.09710512
v -0.01530513 0.05208627 -0.09670956
v -0.01265330 0.05209048 -0.10103551
v -0.01131164 0.05333280 -0.09986670
v -0.01238448 0.05332987 -0.09821674
v -0.01390056 0.05210175 -0.09909482
v -0.01944938 0.03433725 -0.10946588
v -0.02070184 0.03475428 -0.10776417
v -0.01413327 0.04618833 -0.10808761
v -0.01206984 0.05008699 -0.10500245
v -0.01287698 0.04988270 -0.10445984
v -0.00280193 0.04680960 -0.11313217
v -0.00249923 0.04711538 -0.11292023
v 0.00536655 0.04634077 -0.11621482
v 0.00443992 0.04639924 -0.11590837
v 0.00296835 0.04519831 -0.11667892
v -0.00239717 0.04724538 -0.11281943
v 0.00440240 0.04654632 -0.11575045
v 0.00322537 0.04566438 -0.11629094
v -0.00020106 0.03676562 -0.12117227
v -0.00243944 0.03676950 -0.12026187
v 0.00074422 0.03856998 -0.12054411
v -0.00552262 0.04430084 -0.11429905
v 0.00156527 0.03882285 -0.12069022
v -0.00458665 0.04526770 -0.11392426
v -0.00410267 0.04575587 -0.11368615
v 0.00005538 0.04225369 -0.11821722
v -0.00358807 0.04615742 -0.11350080
v -0.00329663 0.04639845 -0.11337148
v 0.00145903 0.04337798 -0.11786893
v -0.00291744 0.04668764 -0.11321601
v 0.00263219 0.04479262 -0.11697618
v 0.00223943 0.04439581 -0.11722842
v 0.01132077 0.03656885 -0.12403696
v 0.01066679 0.03839891 -0.12309310
v 0.01371704 0.03831989 -0.12334287
v 0.01221918 0.04607463 -0.11786760
v 0.00974797 0.03856985 -0.12288267
v 0.01140772 0.04608885 -0.11776675
v 0.01190926 0.04609125 -0.11781985
v 0.01133593 0.04290295 -0.12070880
v 0.00887138 0.03871342 -0.12262920
v 0.00606505 0.03887946 -0.12187557
v 0.01106403 0.04613402 -0.11768009
v 0.00520118 0.04198323 -0.11986134
v 0.01043340 0.04304022 -0.12047185
v 0.01034009 0.04648621 -0.11722015
v 0.00574812 0.04479494 -0.11781515
v 0.00568784 0.04464693 -0.11793562
v 0.01056804 0.04628972 -0.11745440
v 0.00550652 0.04396614 -0.11849086
v 0.00581912 0.04430503 -0.11828042
v 0.00930199 0.04488431 -0.11866002
v 0.01066052 0.04625897 -0.11749907
v 0.00549693 0.04371522 -0.11869932
v 0.00949243 0.04449847 -0.11906757
v 0.01086745 0.04617402 -0.11761393
v 0.00517669 0.04248381 -0.11953011
v 0.00551804 0.04304441 -0.11922841
v 0.00983142 0.04366010 -0.11987503
v 0.00965395 0.04421333 -0.11936052
v 0.01026562 0.04656762 -0.11712553
v 0.00799499 0.04629853 -0.11695900
v 0.00572495 0.04497427 -0.11763887
v 0.00598851 0.04527037 -0.11742644
v 0.00908619 0.04526705 -0.11824310
v 0.01015992 0.04683481 -0.11683643
v 0.00909573 0.04571203 -0.11780065
v 0.03881674 0.04641917 -0.10967746
v 0.04141937 0.04634084 -0.10743580
v 0.03882104 0.04665920 -0.10936363
v 0.04069085 0.04639921 -0.10808500
v 0.04038906 0.04529545 -0.10983372
v 0.04053497 0.04654646 -0.10803866
v 0.04021001 0.04572432 -0.10943428
v 0.03877866 0.04683147 -0.10917479
v 0.03981422 0.04590326 -0.10953656
v 0.03999439 0.04594600 -0.10933058
v 0.04172377 0.03845346 -0.11461699
v 0.03903924 0.03831646 -0.11653192
v 0.03753162 0.04607571 -0.11107672
v 0.03808527 0.04608642 -0.11065979
v 0.04265533 0.03867960 -0.11369916
v 0.04486464 0.03886312 -0.11147555
v 0.03836595 0.04611689 -0.11041346
v 0.04007546 0.04299374 -0.11272963
v 0.03862320 0.04621167 -0.11009641
v 0.04055182 0.04372930 -0.11158560
v 0.03877654 0.04638197 -0.10975758
v 0.04045779 0.04492666 -0.11024838
v 0.04044933 0.04458312 -0.11068245
v 0.04932295 0.03827895 -0.10723913
v 0.05099011 0.03832257 -0.10499252
v 0.04622444 0.04608770 -0.10237869
v 0.04883689 0.03853601 -0.10765087
v 0.04613458 0.04609580 -0.10248817
v 0.04577134 0.04609125 -0.10299238
v 0.04833786 0.04282558 -0.10454968
v 0.04796122 0.03892015 -0.10833173
v 0.04551925 0.04613442 -0.10325707
v 0.04449722 0.04197732 -0.10940478
v 0.04762084 0.04308999 -0.10514153
v 0.04475764 0.04648396 -0.10365991
v 0.04299613 0.04479493 -0.10790559
v 0.04307034 0.04464689 -0.10801804
v 0.04507559 0.04628786 -0.10357768
v 0.04346045 0.04396623 -0.10845262
v 0.04343446 0.04430518 -0.10807663
v 0.04550414 0.04488320 -0.10525249
v 0.04516124 0.04625765 -0.10351816
v 0.04363641 0.04371493 -0.10856535
v 0.04595279 0.04449760 -0.10529045
v 0.04536421 0.04617337 -0.10339523
v 0.04419547 0.04248408 -0.10925778
v 0.04410514 0.04304411 -0.10881159
v 0.04682147 0.04366022 -0.10539933
v 0.04628776 0.04421247 -0.10529640
v 0.04337824 0.04629887 -0.10553105
v 0.04463695 0.04656543 -0.10367885
v 0.04283178 0.04497441 -0.10783741
v 0.04277961 0.04527047 -0.10750297
v 0.04503444 0.04526585 -0.10523189
v 0.04433265 0.04683266 -0.10362707
v 0.04465519 0.04571093 -0.10500332
v 0.04397212 0.04714990 -0.10356226
v 0.04411017 0.04632441 -0.10470291
v 0.04371821 0.04734570 -0.10355673
v 0.04380086 0.04638657 -0.10496004
v 0.04359058 0.04677391 -0.10461867
v 0.04331035 0.04764397 -0.10356391
v 0.04344133 0.04653918 -0.10512994
v 0.04303228 0.04712846 -0.10471720
v 0.04224196 0.04759210 -0.10489929
v 0.04310844 0.04781852 -0.10351666
v 0.04359443 0.04627174 -0.10534431
v 0.04332727 0.04654580 -0.10524163
v 0.04257053 0.04741112 -0.10481005
v 0.05622267 0.03835601 -0.09453577
v 0.05715045 0.03840239 -0.09160206
v 0.05166931 0.04605326 -0.09134450
v 0.05190622 0.04608292 -0.09042666
v 0.05545539 0.03845064 -0.09662846
v 0.05048027 0.04608504 -0.09464892
v 0.05104930 0.04605775 -0.09317580
v 0.05404487 0.04282290 -0.09348862
v 0.05474537 0.03844047 -0.09827958
v 0.04950101 0.04608772 -0.09685212
v 0.04993944 0.04607872 -0.09590630
v 0.05271009 0.04290033 -0.09685556
v 0.05323943 0.03831967 -0.10132907
v 0.05456082 0.03832666 -0.09878872
v 0.04931077 0.04608224 -0.09725385
v 0.04882353 0.04607203 -0.09819275
v 0.05210250 0.04285590 -0.09828253
v 0.05238709 0.03844404 -0.10276036
v 0.04810614 0.04608403 -0.09948286
v 0.04729562 0.04608852 -0.10076149
v 0.05131859 0.04283911 -0.09979118
v 0.05136862 0.03844808 -0.10435096
v 0.04655638 0.04608223 -0.10191773
v 0.04868156 0.04285549 -0.10403897
v 0.04970836 0.04291484 -0.10241101
v 0.05746259 0.03846945 -0.09024444
v 0.05227504 0.04608250 -0.08895449
v 0.05210652 0.04607893 -0.08965962
v 0.05490213 0.04289686 -0.09053038
v 0.05784263 0.03835693 -0.08857907
v 0.05830942 0.03833523 -0.08558359
v 0.05282041 0.04609094 -0.08598021
v 0.05253065 0.04609815 -0.08756187
v 0.05540721 0.04288846 -0.08822667
v 0.05841795 0.03844200 -0.08424953
v 0.05307474 0.04608930 -0.08379622
v 0.05299187 0.04607832 -0.08470681
v 0.05586624 0.04285861 -0.08547990
v 0.05845979 0.03847813 -0.08351474
v 0.05312395 0.04608220 -0.08326293
v 0.05601123 0.04289622 -0.08392680
v 0.05857332 0.03837537 -0.08181920
v 0.05855320 0.03833269 -0.07874961
v 0.05317862 0.04607928 -0.08195267
v 0.05321886 0.04608278 -0.08060267
v 0.05317862 0.04607928 -0.07925266
v 0.05609626 0.04290172 -0.08211763
v 0.05844282 0.03843684 -0.07723636
v 0.05312395 0.04608220 -0.07794235
v 0.05612308 0.04286437 -0.07908668
v 0.05836305 0.03847705 -0.07650447
v 0.05307474 0.04608929 -0.07740906
v 0.05299187 0.04607831 -0.07649853
v 0.05601131 0.04289610 -0.07727842
v 0.05822268 0.03838307 -0.07499097
v 0.05771938 0.03831385 -0.07200167
v 0.05253065 0.04609815 -0.07364345
v 0.05282041 0.04609094 -0.07522512
v 0.05584349 0.04289054 -0.07572821
v 0.04859231 0.03129408 -0.01939468
v 0.05739514 0.03840618 -0.07057418
v 0.05210652 0.04607894 -0.07154571
v 0.05227503 0.04608250 -0.07225083
v 0.05544099 0.04284043 -0.07297216
v 0.04249687 0.03909147 -0.01875846
v 0.04527563 0.03609105 -0.01870259
v 0.04358110 0.03802072 -0.01872913
v 0.04829016 0.03155874 -0.01878240
v 0.04719911 0.03342893 -0.01874698
v 0.04609398 0.03503182 -0.01870986
v 0.05167841 0.04606536 -0.06993085
v 0.05190620 0.04608293 -0.07077866
v 0.05474492 0.04311740 -0.07071488
v 0.01003650 0.04715284 -0.11649113
v 0.00908386 0.04632560 -0.11717836
v 0.00991485 0.04735030 -0.11626686
v 0.00870136 0.04638651 -0.11703936
v 0.00889720 0.04677578 -0.11668561
v 0.00970533 0.04764984 -0.11591594
v 0.00837682 0.04654004 -0.11681257
v 0.00853286 0.04713129 -0.11625046
v 0.00964586 0.04782678 -0.11571481
v 0.00798008 0.04759725 -0.11565468
v 0.00826495 0.04627145 -0.11705287
v 0.00822330 0.04654673 -0.11676967
v 0.00822442 0.04741523 -0.11589630
v 0.03868455 0.04767968 -0.10812819
v 0.04005225 0.04750462 -0.10720436
v 0.04036533 0.04643000 -0.10835499
v 0.03871587 0.04749267 -0.10835626
v 0.04022503 0.04640973 -0.10851207
v 0.03990746 0.04723797 -0.10769679
v 0.03872039 0.04718030 -0.10876749
v 0.04012980 0.04619583 -0.10888230
v 0.04003506 0.04629453 -0.10883610
v 0.03983847 0.04690508 -0.10820045
v 0.03873233 0.04702040 -0.10896700
v 0.03986226 0.04621830 -0.10908612
v 0.03978677 0.04652916 -0.10874239
v 0.02348328 0.03847884 -0.12267342
v 0.02271089 0.04608389 -0.11738407
v 0.02177902 0.04607397 -0.11754693
v 0.02193048 0.03837876 -0.12296152
v 0.01888992 0.03832680 -0.12329164
v 0.02043789 0.04608461 -0.11773922
v 0.01899941 0.04608419 -0.11787518
v 0.02197197 0.04289277 -0.12047032
v 0.01721508 0.03844622 -0.12336066
v 0.01756134 0.04607991 -0.11799188
v 0.01660533 0.04607414 -0.11802569
v 0.01903630 0.04284962 -0.12084264
v 0.01539628 0.03841722 -0.12339288
v 0.01373578 0.04608918 -0.11795095
v 0.01533910 0.04609094 -0.11801833
v 0.01324206 0.04281826 -0.12091168
v 0.01620184 0.04289788 -0.12094388
v 0.03021662 0.03848052 -0.12086349
v 0.02819528 0.04608360 -0.11591419
v 0.02907463 0.04607425 -0.11559192
v 0.02976526 0.03845264 -0.12103468
v 0.02680326 0.04607920 -0.11635995
v 0.02786335 0.04608197 -0.11603040
v 0.02902331 0.04289633 -0.11873039
v 0.02836435 0.03834608 -0.12151897
v 0.02542487 0.03835142 -0.12230931
v 0.02423288 0.04607999 -0.11705216
v 0.02547127 0.04608268 -0.11675776
v 0.02760674 0.04287864 -0.11918678
v 0.02396708 0.03845892 -0.12259056
v 0.02306213 0.04608199 -0.11731787
v 0.02340282 0.04289737 -0.12023630
v 0.02483988 0.04288378 -0.11992474
v 0.03758705 0.03842594 -0.11742370
v 0.03489923 0.04609112 -0.11277343
v 0.03625857 0.04609012 -0.11190916
v 0.03815982 0.04282601 -0.11422551
v 0.03598716 0.03843873 -0.11831978
v 0.03295526 0.04607998 -0.11386595
v 0.03379835 0.04607363 -0.11341867
v 0.03561578 0.04289820 -0.11573789
v 0.03450925 0.03832154 -0.11909239
v 0.03171302 0.03838510 -0.12033107
v 0.03032054 0.04608466 -0.11509317
v 0.03163984 0.04608382 -0.11448933
v 0.03035297 0.04289603 -0.11822467
v 0.03308461 0.04284231 -0.11708657
v -0.02200537 0.03489833 -0.10603352
v -0.01440899 0.04972106 -0.10281418
v -0.01480920 0.04974143 -0.10222748
v -0.01600337 0.04607431 -0.10597464
v -0.02331674 0.03529246 -0.10388056
v -0.02234220 0.03496452 -0.10551890
v -0.01507736 0.04973802 -0.10184841
v -0.01745078 0.04615746 -0.10402131
v -0.03279959 0.03513200 -0.04243561
v -0.02822162 0.04049853 -0.02483143
v -0.03154518 0.03716871 -0.03800446
v -0.03002769 0.03915635 -0.03777707
v -0.02834926 0.04068814 -0.03142445
v -0.03199942 0.03651601 -0.04022679
v -0.02167563 0.04973759 -0.07983253
v -0.02169528 0.04969925 -0.08121742
v -0.03278548 0.03506705 -0.04408925
v -0.03151437 0.03509129 -0.07983998
v -0.03163510 0.03516871 -0.07610748
v -0.02161381 0.04971461 -0.08317051
v -0.02149509 0.04974185 -0.08429665
v -0.02418450 0.04701980 -0.08189919
v -0.03150566 0.03488250 -0.08104775
v -0.03108365 0.03468983 -0.08482092
v -0.03037055 0.03607087 -0.08452271
v -0.02141364 0.04973256 -0.08512148
v -0.02111833 0.04973470 -0.08697604
v -0.02133434 0.04973813 -0.08569800
v -0.02411260 0.04687232 -0.08503240
v -0.03086506 0.03455343 -0.08646138
v -0.02071137 0.04972968 -0.08910367
v -0.02086485 0.04973829 -0.08838775
v -0.02381725 0.04677578 -0.08750428
v -0.03065082 0.03439048 -0.08772438
v -0.02915157 0.03545117 -0.09132809
v -0.02022086 0.04972062 -0.09102119
v -0.02047476 0.04973673 -0.09004081
v -0.02336833 0.04665501 -0.09015217
v -0.02848427 0.03353130 -0.09579343
v -0.02850607 0.03524718 -0.09360328
v -0.01965249 0.04971519 -0.09277358
v -0.01911975 0.04973927 -0.09422084
v -0.02253971 0.04654585 -0.09322729
v -0.02668039 0.03464167 -0.09862060
v -0.02800703 0.03348759 -0.09695288
v -0.01855691 0.04973681 -0.09555045
v -0.01808599 0.04974270 -0.09660979
v -0.02137081 0.04642249 -0.09661267
v -0.02648341 0.03457045 -0.09910303
v -0.01791294 0.04973828 -0.09698236
v -0.01748292 0.04972156 -0.09785125
v -0.02075490 0.04638525 -0.09807693
v -0.02571589 0.03442843 -0.10067792
v -0.02413416 0.03539750 -0.10251958
v -0.01673433 0.04974355 -0.09920043
v -0.01582951 0.04975496 -0.10064230
v -0.01843329 0.04622785 -0.10243274
v -0.01999337 0.04632385 -0.09962927
v -0.00158278 0.04807266 -0.11222485
v 0.00499085 0.04735824 -0.11510347
v 0.00404279 0.04643018 -0.11576113
v -0.00179804 0.04789936 -0.11233621
v -0.00170967 0.04795559 -0.11230630
v 0.00383640 0.04641003 -0.11571797
v 0.00451499 0.04712629 -0.11519557
v -0.00209077 0.04763971 -0.11251040
v 0.00348554 0.04619098 -0.11583158
v 0.00406838 0.04681879 -0.11537021
v -0.00369588 0.03680132 -0.11964609
v -0.00705214 0.04315494 -0.11432917
v -0.00212791 0.04132368 -0.11784425
f 146 1053 1049
f 1053 144 1044
f 1049 1044 6
f 1053 1044 1049
f 363 1717 1714
f 1717 364 1716
f 1714 1716 361
f 1717 1716 1714
f 8 1708 1046
f 1708 358 1709
f 1046 1709 144
f 1708 1709 1046
f 373 1737 1740
f 1737 374 1741
f 1740 1741 375
f 1737 1741 1740
f 461 2005 2007
f 2005 6 1044
f 2007 1044 144
f 2005 1044 2007
f 461 2011 2010
f 2011 375 1741
f 2010 1741 374
f 2011 1741 2010
f 507 2127 2136
f 2127 486 2134
f 2136 2134 509
f 2127 2134 2136
f 486 2074 2075
f 2074 484 2070
f 2075 2070 485
f 2074 2070 2075
f 473 2045 2046
f 2045 361 1716
f 2046 1716 364
f 2045 1716 2046
f 126 961 964
f 961 40 835
f 964 835 85
f 961 835 964
f 428 1888 1887
f 1888 366 1721
f 1887 1721 365
f 1888 1721 1887
f 365 1719 1718
f 1719 364 1717
f 1718 1717 363
f 1719 1717 1718
f 365 1721 1719
f 1721 366 1720
f 1719 1720 364
f 1721 1720 1719
f 470 2036 2037
f 2036 370 1734
f 2037 1734 373
f 2036 1734 2037
f 369 1729 1726
f 1729 370 1728
f 1726 1728 367
f 1729 1728 1726
f 364 1720 1722
f 1720 366 1723
f 1722 1723 367
f 1720 1723 1722
f 358 1708 1743
f 1708 8 1742
f 1743 1742 376
f 1708 1742 1743
f 376 1745 1743
f 1745 375 1739
f 1743 1739 358
f 1745 1739 1743
f 373 1740 1744
f 1740 375 1745
f 1744 1745 376
f 1740 1745 1744
f 376 2020 1744
f 2020 464 2019
f 1744 2019 373
f 2020 2019 1744
f 197 1180 1181
f 1180 170 1146
f 1181 1146 186
f 1180 1146 1181
f 193 1167 1168
f 1167 170 1103
f 1168 1103 171
f 1167 1103 1168
f 171 1161 1168
f 1161 192 1170
f 1168 1170 193
f 1161 1170 1168
f 168 1166 1095
f 1166 193 1165
f 1095 1165 14
f 1166 1165 1095
f 168 1102 1166
f 1102 170 1167
f 1166 1167 193
f 1102 1167 1166
f 168 1145 1102
f 1145 186 1146
f 1102 1146 170
f 1145 1146 1102
f 167 1092 1091
f 1092 31 730
f 1091 730 29
f 1092 730 1091
f 29 750 1091
f 750 40 1094
f 1091 1094 167
f 750 1094 1091
f 358 1739 1707
f 1739 375 1738
f 1707 1738 7
f 1739 1738 1707
f 375 2011 1738
f 2011 461 2006
f 1738 2006 7
f 2011 2006 1738
f 144 1709 1045
f 1709 358 1707
f 1045 1707 7
f 1709 1707 1045
f 7 2006 1045
f 2006 461 2007
f 1045 2007 144
f 2006 2007 1045
f 372 2009 1736
f 2009 461 2010
f 1736 2010 374
f 2009 2010 1736
f 372 1736 1735
f 1736 374 1737
f 1735 1737 373
f 1736 1737 1735
f 373 1734 1735
f 1734 370 1732
f 1735 1732 372
f 1734 1732 1735
f 2 1688 700
f 1688 353 1687
f 700 1687 1
f 1688 1687 700
f 6 2005 1704
f 2005 461 2008
f 1704 2008 357
f 2005 2008 1704
f 167 1084 1705
f 1084 6 1704
f 1705 1704 357
f 1084 1704 1705
f 165 1079 1077
f 1079 103 879
f 1077 879 9
f 1079 879 1077
f 233 1291 1296
f 1291 224 1293
f 1296 1293 234
f 1291 1293 1296
f 261 1364 1365
f 1364 235 1303
f 1365 1303 237
f 1364 1303 1365
f 162 1072 1402
f 1072 161 1401
f 1402 1401 270
f 1072 1401 1402
f 391 1970 1783
f 1970 453 1969
f 1783 1969 390
f 1970 1969 1783
f 205 1205 1778
f 1205 200 1777
f 1778 1777 391
f 1205 1777 1778
f 391 1777 1798
f 1777 200 1797
f 1798 1797 398
f 1777 1797 1798
f 361 1834 1711
f 1834 414 1833
f 1711 1833 360
f 1834 1833 1711
f 386 1949 1767
f 1949 447 1948
f 1767 1948 385
f 1949 1948 1767
f 386 1782 1776
f 1782 391 1783
f 1776 1783 390
f 1782 1783 1776
f 390 1976 1776
f 1976 455 1975
f 1776 1975 386
f 1976 1975 1776
f 386 1975 1949
f 1975 455 1977
f 1949 1977 447
f 1975 1977 1949
f 509 2134 2131
f 2134 486 2073
f 2131 2073 481
f 2134 2073 2131
f 449 2642 1958
f 2642 665 2643
f 1958 2643 450
f 2642 2643 1958
f 443 1938 1939
f 1938 378 1934
f 1939 1934 442
f 1938 1934 1939
f 446 1946 1945
f 1946 441 1933
f 1945 1933 380
f 1946 1933 1945
f 665 2638 2640
f 2638 441 1946
f 2640 1946 446
f 2638 1946 2640
f 48 762 825
f 762 36 822
f 825 822 82
f 762 822 825
f 40 961 749
f 961 126 960
f 749 960 28
f 961 960 749
f 82 824 821
f 824 39 746
f 821 746 28
f 824 746 821
f 28 746 749
f 746 39 752
f 749 752 40
f 746 752 749
f 28 761 821
f 761 48 825
f 821 825 82
f 761 825 821
f 465 2023 2021
f 2023 376 1742
f 2021 1742 8
f 2023 1742 2021
f 464 2020 2024
f 2020 376 2023
f 2024 2023 465
f 2020 2023 2024
f 469 2038 2034
f 2038 470 2037
f 2034 2037 373
f 2038 2037 2034
f 637 2529 2528
f 2529 470 2038
f 2528 2038 469
f 2529 2038 2528
f 373 2019 2034
f 2019 464 2035
f 2034 2035 469
f 2019 2035 2034
f 472 2575 2599
f 2575 650 2602
f 2599 2602 656
f 2575 2602 2599
f 472 2047 2042
f 2047 473 2046
f 2042 2046 364
f 2047 2046 2042
f 364 1722 2042
f 1722 367 2043
f 2042 2043 472
f 1722 2043 2042
f 407 1820 1816
f 1820 408 1818
f 1816 1818 394
f 1820 1818 1816
f 394 1818 1787
f 1818 408 1817
f 1787 1817 1
f 1818 1817 1787
f 398 1795 1807
f 1795 1 1806
f 1807 1806 403
f 1795 1806 1807
f 1 1817 1806
f 1817 408 1819
f 1806 1819 403
f 1817 1819 1806
f 196 1177 1796
f 1177 1 1795
f 1796 1795 398
f 1177 1795 1796
f 398 1797 1796
f 1797 200 1190
f 1796 1190 196
f 1797 1190 1796
f 169 1141 1101
f 1141 184 1140
f 1101 1140 164
f 1141 1140 1101
f 19 718 1086
f 718 21 1087
f 1086 1087 167
f 718 1087 1086
f 42 841 753
f 841 87 840
f 753 840 41
f 841 840 753
f 44 1051 755
f 1051 146 1050
f 755 1050 42
f 1051 1050 755
f 146 1052 1050
f 1052 87 841
f 1050 841 42
f 1052 841 1050
f 32 731 732
f 731 29 730
f 732 730 31
f 731 730 732
f 84 830 832
f 830 29 731
f 832 731 32
f 830 731 832
f 30 729 831
f 729 29 830
f 831 830 84
f 729 830 831
f 85 835 834
f 835 40 751
f 834 751 30
f 835 751 834
f 40 750 751
f 750 29 729
f 751 729 30
f 750 729 751
f 40 752 1698
f 752 39 1697
f 1698 1697 356
f 752 1697 1698
f 356 1694 1702
f 1694 6 1084
f 1702 1084 167
f 1694 1084 1702
f 167 1094 1702
f 1094 40 1698
f 1702 1698 356
f 1094 1698 1702
f 39 747 1697
f 747 37 1696
f 1697 1696 356
f 747 1696 1697
f 356 1696 1695
f 1696 37 743
f 1695 743 36
f 1696 743 1695
f 36 836 1695
f 836 86 1699
f 1695 1699 356
f 836 1699 1695
f 356 1699 1700
f 1699 86 843
f 1700 843 87
f 1699 843 1700
f 146 1049 1701
f 1049 6 1694
f 1701 1694 356
f 1049 1694 1701
f 356 1700 1701
f 1700 87 1052
f 1701 1052 146
f 1700 1052 1701
f 459 1993 1996
f 1993 366 1888
f 1996 1888 428
f 1993 1888 1996
f 368 1989 1727
f 1989 458 1990
f 1727 1990 369
f 1989 1990 1727
f 369 1726 1727
f 1726 367 1725
f 1727 1725 368
f 1726 1725 1727
f 368 1725 1724
f 1725 367 1723
f 1724 1723 366
f 1725 1723 1724
f 366 1993 1724
f 1993 459 1994
f 1724 1994 368
f 1993 1994 1724
f 368 1994 1989
f 1994 459 1997
f 1989 1997 458
f 1994 1997 1989
f 461 2009 2012
f 2009 372 1987
f 2012 1987 457
f 2009 1987 2012
f 457 1985 2012
f 1985 357 2008
f 2012 2008 461
f 1985 2008 2012
f 353 1688 1908
f 1688 2 1907
f 1908 1907 432
f 1688 1907 1908
f 78 815 848
f 815 80 849
f 848 849 89
f 815 849 848
f 89 849 850
f 849 80 846
f 850 846 88
f 849 846 850
f 225 1275 1292
f 1275 224 1291
f 1292 1291 233
f 1275 1291 1292
f 225 1274 1275
f 1274 223 1272
f 1275 1272 224
f 1274 1272 1275
f 203 1204 1206
f 1204 204 1207
f 1206 1207 205
f 1204 1207 1206
f 94 1075 1078
f 1075 164 1080
f 1078 1080 165
f 1075 1080 1078
f 165 1077 1078
f 1077 9 857
f 1078 857 94
f 1077 857 1078
f 177 1250 1261
f 1250 218 1263
f 1261 1263 222
f 1250 1263 1261
f 177 1261 1258
f 1261 222 1265
f 1258 1265 221
f 1261 1265 1258
f 180 1125 1126
f 1125 108 902
f 1126 902 109
f 1125 902 1126
f 178 1122 1121
f 1122 177 1118
f 1121 1118 176
f 1122 1118 1121
f 232 1285 1359
f 1285 230 1358
f 1359 1358 259
f 1285 1358 1359
f 259 1358 1394
f 1358 230 1393
f 1394 1393 268
f 1358 1393 1394
f 230 1279 1393
f 1279 229 1392
f 1393 1392 268
f 1279 1392 1393
f 572 2301 2283
f 2301 575 2298
f 2283 2298 517
f 2301 2298 2283
f 574 2290 2294
f 2290 500 2280
f 2294 2280 572
f 2290 2280 2294
f 575 2301 2296
f 2301 572 2281
f 2296 2281 506
f 2301 2281 2296
f 634 2520 2519
f 2520 469 2035
f 2519 2035 464
f 2520 2035 2519
f 634 2537 2520
f 2537 639 2535
f 2520 2535 469
f 2537 2535 2520
f 145 2022 1047
f 2022 465 2021
f 1047 2021 8
f 2022 2021 1047
f 466 2026 2025
f 2026 465 2022
f 2025 2022 145
f 2026 2022 2025
f 145 1047 1048
f 1047 8 1046
f 1048 1046 144
f 1047 1046 1048
f 555 2225 2315
f 2225 552 2314
f 2315 2314 578
f 2225 2314 2315
f 250 1334 1333
f 1334 249 1332
f 1333 1332 248
f 1334 1332 1333
f 248 1332 1328
f 1332 249 1330
f 1328 1330 228
f 1332 1330 1328
f 328 1591 1653
f 1591 326 1652
f 1653 1652 342
f 1591 1652 1653
f 243 1377 1320
f 1377 265 1378
f 1320 1378 245
f 1377 1378 1320
f 162 1402 1369
f 1402 270 1405
f 1369 1405 263
f 1402 1405 1369
f 239 1323 1371
f 1323 246 1372
f 1371 1372 263
f 1323 1372 1371
f 263 1370 1371
f 1370 237 1307
f 1371 1307 239
f 1370 1307 1371
f 251 1337 1338
f 1337 249 1334
f 1338 1334 250
f 1337 1334 1338
f 250 2409 1338
f 2409 600 2410
f 1338 2410 251
f 2409 2410 1338
f 251 2410 1335
f 2410 600 2408
f 1335 2408 240
f 2410 2408 1335
f 242 1336 1311
f 1336 251 1335
f 1311 1335 240
f 1336 1335 1311
f 249 1337 1331
f 1337 251 1336
f 1331 1336 242
f 1337 1336 1331
f 228 1330 1310
f 1330 249 1331
f 1310 1331 242
f 1330 1331 1310
f 269 2733 1397
f 2733 687 2728
f 1397 2728 162
f 2733 2728 1397
f 162 1369 1397
f 1369 263 1398
f 1397 1398 269
f 1369 1398 1397
f 451 1962 1959
f 1962 414 1834
f 1959 1834 361
f 1962 1834 1959
f 400 1800 1801
f 1800 391 1798
f 1801 1798 398
f 1800 1798 1801
f 401 1803 1804
f 1803 391 1800
f 1804 1800 400
f 1803 1800 1804
f 400 1960 1804
f 1960 451 1961
f 1804 1961 401
f 1960 1961 1804
f 414 1962 1836
f 1962 451 1960
f 1836 1960 400
f 1962 1960 1836
f 420 1858 1857
f 1858 408 1820
f 1857 1820 407
f 1858 1820 1857
f 363 1714 1715
f 1714 361 1713
f 1715 1713 362
f 1714 1713 1715
f 361 1711 1713
f 1711 360 1712
f 1713 1712 362
f 1711 1712 1713
f 424 1872 1879
f 1872 360 1875
f 1879 1875 425
f 1872 1875 1879
f 425 1875 1878
f 1875 360 1827
f 1878 1827 412
f 1875 1827 1878
f 527 2278 2163
f 2278 571 2273
f 2163 2273 438
f 2278 2273 2163
f 5 1757 1750
f 1757 383 1760
f 1750 1760 380
f 1757 1760 1750
f 390 1969 1973
f 1969 453 1974
f 1973 1974 454
f 1969 1974 1973
f 454 1978 1973
f 1978 455 1976
f 1973 1976 390
f 1978 1976 1973
f 447 1977 2052
f 1977 455 2055
f 2052 2055 475
f 1977 2055 2052
f 455 1978 2055
f 1978 454 2054
f 2055 2054 475
f 1978 2054 2055
f 236 1765 1299
f 1765 386 1764
f 1299 1764 228
f 1765 1764 1299
f 391 1782 1781
f 1782 386 1765
f 1781 1765 236
f 1782 1765 1781
f 236 1304 1302
f 1304 237 1303
f 1302 1303 235
f 1304 1303 1302
f 235 1297 1302
f 1297 229 1300
f 1302 1300 236
f 1297 1300 1302
f 656 2602 2601
f 2602 650 2577
f 2601 2577 537
f 2602 2577 2601
f 537 2191 2601
f 2191 536 2600
f 2601 2600 656
f 2191 2600 2601
f 526 2277 2166
f 2277 571 2278
f 2166 2278 527
f 2277 2278 2166
f 526 2161 2277
f 2161 525 2276
f 2277 2276 571
f 2161 2276 2277
f 665 2642 2641
f 2642 449 1954
f 2641 1954 448
f 2642 1954 2641
f 447 2052 1951
f 2052 475 2053
f 1951 2053 448
f 2052 2053 1951
f 385 1948 1950
f 1948 447 1951
f 1950 1951 448
f 1948 1951 1950
f 448 1954 1950
f 1954 449 1953
f 1950 1953 385
f 1954 1953 1950
f 385 1953 1763
f 1953 449 1952
f 1763 1952 384
f 1953 1952 1763
f 384 1766 1763
f 1766 386 1767
f 1763 1767 385
f 1766 1767 1763
f 450 1955 1956
f 1955 383 1762
f 1956 1762 384
f 1955 1762 1956
f 384 1952 1956
f 1952 449 1958
f 1956 1958 450
f 1952 1958 1956
f 384 1762 1761
f 1762 383 1758
f 1761 1758 228
f 1762 1758 1761
f 228 1764 1761
f 1764 386 1766
f 1761 1766 384
f 1764 1766 1761
f 544 2211 2210
f 2211 527 2164
f 2210 2164 443
f 2211 2164 2210
f 443 1939 2210
f 1939 442 2209
f 2210 2209 544
f 1939 2209 2210
f 380 1760 1943
f 1760 383 1944
f 1943 1944 445
f 1760 1944 1943
f 445 1947 1943
f 1947 446 1945
f 1943 1945 380
f 1947 1945 1943
f 445 1944 1957
f 1944 383 1955
f 1957 1955 450
f 1944 1955 1957
f 450 2643 1957
f 2643 665 2639
f 1957 2639 445
f 2643 2639 1957
f 665 2640 2639
f 2640 446 1947
f 2639 1947 445
f 2640 1947 2639
f 83 828 827
f 828 32 732
f 827 732 31
f 828 732 827
f 128 973 972
f 973 84 833
f 972 833 83
f 973 833 972
f 84 832 833
f 832 32 828
f 833 828 83
f 832 828 833
f 129 976 985
f 976 25 982
f 985 982 130
f 976 982 985
f 128 972 980
f 972 83 977
f 980 977 129
f 972 977 980
f 129 977 976
f 977 83 826
f 976 826 25
f 977 826 976
f 131 988 991
f 988 115 984
f 991 984 130
f 988 984 991
f 36 762 759
f 762 48 763
f 759 763 47
f 762 763 759
f 47 839 759
f 839 86 836
f 759 836 36
f 839 836 759
f 47 763 764
f 763 48 765
f 764 765 50
f 763 765 764
f 52 771 962
f 771 28 960
f 962 960 126
f 771 960 962
f 684 2714 2715
f 2714 465 2026
f 2715 2026 466
f 2714 2026 2715
f 473 2047 2604
f 2047 472 2603
f 2604 2603 657
f 2047 2603 2604
f 657 2603 2607
f 2603 472 2599
f 2607 2599 656
f 2603 2599 2607
f 656 2600 2607
f 2600 536 2606
f 2607 2606 657
f 2600 2606 2607
f 536 2188 2606
f 2188 535 2605
f 2606 2605 657
f 2188 2605 2606
f 471 2044 2039
f 2044 472 2043
f 2039 2043 367
f 2044 2043 2039
f 650 2575 2574
f 2575 472 2044
f 2574 2044 471
f 2575 2044 2574
f 370 2036 2040
f 2036 470 2041
f 2040 2041 471
f 2036 2041 2040
f 471 2039 2040
f 2039 367 1728
f 2040 1728 370
f 2039 1728 2040
f 431 1903 1902
f 1903 362 1712
f 1902 1712 360
f 1903 1712 1902
f 422 1865 1866
f 1865 403 1821
f 1866 1821 409
f 1865 1821 1866
f 409 1821 1822
f 1821 403 1819
f 1822 1819 408
f 1821 1819 1822
f 200 1193 1198
f 1193 201 1199
f 1198 1199 202
f 1193 1199 1198
f 202 1199 1195
f 1199 201 1192
f 1195 1192 171
f 1199 1192 1195
f 202 1195 1194
f 1195 171 1103
f 1194 1103 170
f 1195 1103 1194
f 210 1232 1227
f 1232 212 1233
f 1227 1233 211
f 1232 1233 1227
f 211 1233 1223
f 1233 212 1231
f 1223 1231 200
f 1233 1231 1223
f 207 1211 1213
f 1211 200 1205
f 1213 1205 205
f 1211 1205 1213
f 205 1207 1213
f 1207 204 1212
f 1213 1212 207
f 1207 1212 1213
f 207 1224 1211
f 1224 211 1223
f 1211 1223 200
f 1224 1223 1211
f 209 1226 1219
f 1226 211 1224
f 1219 1224 207
f 1226 1224 1219
f 206 1214 1210
f 1214 207 1212
f 1210 1212 204
f 1214 1212 1210
f 209 1219 1218
f 1219 207 1214
f 1218 1214 206
f 1219 1214 1218
f 165 1080 1138
f 1080 164 1137
f 1138 1137 183
f 1080 1137 1138
f 164 1140 1137
f 1140 184 1142
f 1137 1142 183
f 1140 1142 1137
f 183 1208 1203
f 1208 206 1210
f 1203 1210 204
f 1208 1210 1203
f 184 1209 1142
f 1209 206 1208
f 1142 1208 183
f 1209 1208 1142
f 167 1097 1085
f 1097 168 1096
f 1085 1096 17
f 1097 1096 1085
f 17 714 1085
f 714 19 1086
f 1085 1086 167
f 714 1086 1085
f 17 1096 709
f 1096 168 1095
f 709 1095 14
f 1096 1095 709
f 21 718 719
f 718 19 717
f 719 717 20
f 718 717 719
f 41 840 754
f 840 87 842
f 754 842 43
f 840 842 754
f 87 843 842
f 843 86 837
f 842 837 43
f 843 837 842
f 38 748 823
f 748 39 824
f 823 824 82
f 748 824 823
f 38 745 748
f 745 37 747
f 748 747 39
f 745 747 748
f 82 822 823
f 822 36 744
f 823 744 38
f 822 744 823
f 36 743 744
f 743 37 745
f 744 745 38
f 743 745 744
f 371 1986 1733
f 1986 457 1987
f 1733 1987 372
f 1986 1987 1733
f 371 1731 1730
f 1731 370 1729
f 1730 1729 369
f 1731 1729 1730
f 371 1733 1731
f 1733 372 1732
f 1731 1732 370
f 1733 1732 1731
f 369 1990 1730
f 1990 458 1991
f 1730 1991 371
f 1990 1991 1730
f 458 1992 1991
f 1992 457 1986
f 1991 1986 371
f 1992 1986 1991
f 458 1997 2003
f 1997 459 2004
f 2003 2004 460
f 1997 2004 2003
f 460 2002 2003
f 2002 457 1992
f 2003 1992 458
f 2002 1992 2003
f 187 1149 1148
f 1149 168 1097
f 1148 1097 167
f 1149 1097 1148
f 186 1145 1150
f 1145 168 1149
f 1150 1149 187
f 1145 1149 1150
f 167 1705 1148
f 1705 357 1706
f 1148 1706 187
f 1705 1706 1148
f 197 1181 1182
f 1181 186 1151
f 1182 1151 188
f 1181 1151 1182
f 186 1150 1151
f 1150 187 1152
f 1151 1152 188
f 1150 1152 1151
f 188 1152 1155
f 1152 187 1154
f 1155 1154 189
f 1152 1154 1155
f 328 1594 1592
f 1594 329 1593
f 1592 1593 327
f 1594 1593 1592
f 327 1590 1592
f 1590 326 1591
f 1592 1591 328
f 1590 1591 1592
f 330 1598 1599
f 1598 325 1589
f 1599 1589 327
f 1598 1589 1599
f 327 1589 1590
f 1589 325 1588
f 1590 1588 326
f 1589 1588 1590
f 328 1653 1658
f 1653 342 1659
f 1658 1659 345
f 1653 1659 1658
f 345 1659 1656
f 1659 342 1651
f 1656 1651 161
f 1659 1651 1656
f 345 1656 1657
f 1656 161 1072
f 1657 1072 162
f 1656 1072 1657
f 162 1654 1657
f 1654 344 1661
f 1657 1661 345
f 1654 1661 1657
f 349 1672 1671
f 1672 335 1617
f 1671 1617 333
f 1672 1617 1671
f 333 1608 1671
f 1608 329 1670
f 1671 1670 349
f 1608 1670 1671
f 107 899 909
f 899 108 910
f 909 910 111
f 899 910 909
f 330 1599 1603
f 1599 327 1601
f 1603 1601 331
f 1599 1601 1603
f 331 1601 1602
f 1601 327 1593
f 1602 1593 329
f 1601 1593 1602
f 331 1602 1609
f 1602 329 1608
f 1609 1608 333
f 1602 1608 1609
f 326 1585 1586
f 1585 159 1070
f 1586 1070 160
f 1585 1070 1586
f 160 1650 1586
f 1650 342 1652
f 1586 1652 326
f 1650 1652 1586
f 161 1651 1071
f 1651 342 1650
f 1071 1650 160
f 1651 1650 1071
f 160 1400 1071
f 1400 270 1401
f 1071 1401 161
f 1400 1401 1071
f 261 1403 1363
f 1403 270 1400
f 1363 1400 160
f 1403 1400 1363
f 160 1390 1363
f 1390 268 1396
f 1363 1396 261
f 1390 1396 1363
f 159 1389 1070
f 1389 268 1390
f 1070 1390 160
f 1389 1390 1070
f 280 1583 1596
f 1583 325 1598
f 1596 1598 330
f 1583 1598 1596
f 279 1582 1432
f 1582 325 1583
f 1432 1583 280
f 1582 1583 1432
f 280 1430 1432
f 1430 80 1424
f 1432 1424 279
f 1430 1424 1432
f 88 846 1431
f 846 80 1430
f 1431 1430 280
f 846 1430 1431
f 324 1579 1587
f 1579 159 1585
f 1587 1585 326
f 1579 1585 1587
f 326 1588 1587
f 1588 325 1584
f 1587 1584 324
f 1588 1584 1587
f 324 1584 1581
f 1584 325 1582
f 1581 1582 279
f 1584 1582 1581
f 257 1352 1428
f 1352 158 1426
f 1428 1426 279
f 1352 1426 1428
f 257 1386 1352
f 1386 267 1383
f 1352 1383 158
f 1386 1383 1352
f 233 1296 1353
f 1296 234 1354
f 1353 1354 257
f 1296 1354 1353
f 234 1385 1354
f 1385 267 1386
f 1354 1386 257
f 1385 1386 1354
f 77 1112 813
f 1112 176 1113
f 813 1113 78
f 1112 1113 813
f 330 1603 1597
f 1603 331 1600
f 1597 1600 281
f 1603 1600 1597
f 278 1435 1524
f 1435 281 1525
f 1524 1525 308
f 1435 1525 1524
f 76 1434 1422
f 1434 281 1435
f 1422 1435 278
f 1434 1435 1422
f 74 847 844
f 847 89 850
f 844 850 88
f 847 850 844
f 111 906 905
f 906 89 847
f 905 847 74
f 906 847 905
f 78 1113 1104
f 1113 176 1115
f 1104 1115 172
f 1113 1115 1104
f 217 1253 1249
f 1253 218 1252
f 1249 1252 216
f 1253 1252 1249
f 222 1263 1262
f 1263 218 1253
f 1262 1253 217
f 1263 1253 1262
f 391 1781 1780
f 1781 236 1298
f 1780 1298 217
f 1781 1298 1780
f 110 904 1127
f 904 108 1125
f 1127 1125 180
f 904 1125 1127
f 180 1129 1127
f 1129 178 1120
f 1127 1120 110
f 1129 1120 1127
f 259 1388 1360
f 1388 267 1387
f 1360 1387 258
f 1388 1387 1360
f 258 1387 1356
f 1387 267 1385
f 1356 1385 234
f 1387 1385 1356
f 258 1355 1360
f 1355 232 1359
f 1360 1359 259
f 1355 1359 1360
f 234 1295 1356
f 1295 232 1355
f 1356 1355 258
f 1295 1355 1356
f 259 1394 1357
f 1394 268 1391
f 1357 1391 163
f 1394 1391 1357
f 163 1391 1074
f 1391 268 1389
f 1074 1389 159
f 1391 1389 1074
f 163 1384 1357
f 1384 267 1388
f 1357 1388 259
f 1384 1388 1357
f 158 1383 1073
f 1383 267 1384
f 1073 1384 163
f 1383 1384 1073
f 159 1579 1074
f 1579 324 1580
f 1074 1580 163
f 1579 1580 1074
f 279 1426 1427
f 1426 158 1073
f 1427 1073 163
f 1426 1073 1427
f 163 1580 1427
f 1580 324 1581
f 1427 1581 279
f 1580 1581 1427
f 260 1361 1362
f 1361 229 1297
f 1362 1297 235
f 1361 1297 1362
f 260 1395 1361
f 1395 268 1392
f 1361 1392 229
f 1395 1392 1361
f 260 1362 1366
f 1362 235 1364
f 1366 1364 261
f 1362 1364 1366
f 261 1396 1366
f 1396 268 1395
f 1366 1395 260
f 1396 1395 1366
f 525 2305 2309
f 2305 576 2312
f 2309 2312 577
f 2305 2312 2309
f 571 2276 2311
f 2276 525 2309
f 2311 2309 577
f 2276 2309 2311
f 509 2269 2308
f 2269 570 2310
f 2308 2310 577
f 2269 2310 2308
f 577 2310 2311
f 2310 570 2279
f 2311 2279 571
f 2310 2279 2311
f 516 2303 2160
f 2303 576 2305
f 2160 2305 525
f 2303 2305 2160
f 508 2128 2137
f 2128 500 2135
f 2137 2135 509
f 2128 2135 2137
f 508 2129 2128
f 2129 506 2123
f 2128 2123 500
f 2129 2123 2128
f 509 2308 2137
f 2308 577 2307
f 2137 2307 508
f 2308 2307 2137
f 508 2307 2302
f 2307 577 2312
f 2302 2312 576
f 2307 2312 2302
f 508 2302 2297
f 2302 576 2306
f 2297 2306 575
f 2302 2306 2297
f 575 2296 2297
f 2296 506 2129
f 2297 2129 508
f 2296 2129 2297
f 510 2282 2138
f 2282 572 2280
f 2138 2280 500
f 2282 2280 2138
f 500 2123 2138
f 2123 506 2139
f 2138 2139 510
f 2123 2139 2138
f 510 2139 2282
f 2139 506 2281
f 2282 2281 572
f 2139 2281 2282
f 637 2528 2534
f 2528 469 2531
f 2534 2531 638
f 2528 2531 2534
f 469 2535 2531
f 2535 639 2538
f 2531 2538 638
f 2535 2538 2531
f 638 2532 2534
f 2532 530 2530
f 2534 2530 637
f 2532 2530 2534
f 574 2294 2292
f 2294 572 2284
f 2292 2284 520
f 2294 2284 2292
f 520 2152 2292
f 2152 519 2291
f 2292 2291 574
f 2152 2291 2292
f 573 2287 2295
f 2287 500 2290
f 2295 2290 574
f 2287 2290 2295
f 682 2707 2708
f 2707 565 2254
f 2708 2254 566
f 2707 2254 2708
f 565 2250 2254
f 2250 553 2253
f 2254 2253 566
f 2250 2253 2254
f 566 2253 2252
f 2253 553 2223
f 2252 2223 546
f 2253 2223 2252
f 552 2225 2230
f 2225 555 2231
f 2230 2231 557
f 2225 2231 2230
f 466 2025 2029
f 2025 145 2027
f 2029 2027 467
f 2025 2027 2029
f 226 1339 2381
f 1339 252 2383
f 2381 2383 594
f 1339 2383 2381
f 228 1277 1278
f 1277 226 1276
f 1278 1276 227
f 1277 1276 1278
f 226 2381 1276
f 2381 594 2382
f 1276 2382 227
f 2381 2382 1276
f 266 2732 1382
f 2732 687 2731
f 1382 2731 265
f 2732 2731 1382
f 265 1377 1382
f 1377 243 1381
f 1382 1381 266
f 1377 1381 1382
f 262 1404 1368
f 1404 270 1403
f 1368 1403 261
f 1404 1403 1368
f 262 1373 1404
f 1373 263 1405
f 1404 1405 270
f 1373 1405 1404
f 261 1365 1368
f 1365 237 1367
f 1368 1367 262
f 1365 1367 1368
f 237 1370 1367
f 1370 263 1373
f 1367 1373 262
f 1370 1373 1367
f 480 2126 2130
f 2126 507 2136
f 2130 2136 509
f 2126 2136 2130
f 244 1319 1321
f 1319 243 1320
f 1321 1320 245
f 1319 1320 1321
f 244 1318 1319
f 1318 242 1314
f 1319 1314 243
f 1318 1314 1319
f 245 1325 1321
f 1325 246 1324
f 1321 1324 244
f 1325 1324 1321
f 228 1310 1315
f 1310 242 1318
f 1315 1318 244
f 1310 1318 1315
f 244 1316 1315
f 1316 236 1299
f 1315 1299 228
f 1316 1299 1315
f 265 2731 1379
f 2731 687 2730
f 1379 2730 264
f 2731 2730 1379
f 687 2733 2730
f 2733 269 1399
f 2730 1399 264
f 2733 1399 2730
f 245 1378 1374
f 1378 265 1379
f 1374 1379 264
f 1378 1379 1374
f 264 1375 1374
f 1375 246 1325
f 1374 1325 245
f 1375 1325 1374
f 264 1376 1375
f 1376 263 1372
f 1375 1372 246
f 1376 1372 1375
f 264 1399 1376
f 1399 269 1398
f 1376 1398 263
f 1399 1398 1376
f 401 1961 1965
f 1961 451 1966
f 1965 1966 452
f 1961 1966 1965
f 453 1970 1971
f 1970 391 1964
f 1971 1964 452
f 1970 1964 1971
f 452 1964 1965
f 1964 391 1803
f 1965 1803 401
f 1964 1803 1965
f 452 1963 1971
f 1963 361 1968
f 1971 1968 453
f 1963 1968 1971
f 452 1966 1963
f 1966 451 1959
f 1963 1959 361
f 1966 1959 1963
f 399 1802 1799
f 1802 400 1801
f 1799 1801 398
f 1802 1801 1799
f 414 1836 1835
f 1836 400 1802
f 1835 1802 399
f 1836 1802 1835
f 408 1858 1861
f 1858 420 1863
f 1861 1863 421
f 1858 1863 1861
f 422 1866 1867
f 1866 409 1862
f 1867 1862 421
f 1866 1862 1867
f 421 1862 1861
f 1862 409 1822
f 1861 1822 408
f 1862 1822 1861
f 421 1860 1867
f 1860 360 1864
f 1867 1864 422
f 1860 1864 1867
f 421 1863 1860
f 1863 420 1856
f 1860 1856 360
f 1863 1856 1860
f 407 1816 1854
f 1816 394 1853
f 1854 1853 419
f 1816 1853 1854
f 419 1859 1854
f 1859 420 1857
f 1854 1857 407
f 1859 1857 1854
f 360 1856 1852
f 1856 420 1859
f 1852 1859 419
f 1856 1859 1852
f 413 1830 1837
f 1830 360 1833
f 1837 1833 414
f 1830 1833 1837
f 413 1832 1831
f 1832 399 1799
f 1831 1799 398
f 1832 1799 1831
f 414 1835 1837
f 1835 399 1832
f 1837 1832 413
f 1835 1832 1837
f 398 1807 1805
f 1807 403 1808
f 1805 1808 402
f 1807 1808 1805
f 423 1869 1871
f 1869 403 1865
f 1871 1865 422
f 1869 1865 1871
f 422 1864 1871
f 1864 360 1868
f 1871 1868 423
f 1864 1868 1871
f 396 1791 1789
f 1791 394 1787
f 1789 1787 1
f 1791 1787 1789
f 424 1879 1874
f 1879 425 1877
f 1874 1877 396
f 1879 1877 1874
f 443 2164 1942
f 2164 527 2165
f 1942 2165 444
f 2164 2165 1942
f 439 1927 2274
f 1927 438 2273
f 2274 2273 571
f 1927 2273 2274
f 355 2069 2066
f 2069 485 2070
f 2066 2070 484
f 2069 2070 2066
f 486 2075 2071
f 2075 485 2069
f 2071 2069 355
f 2075 2069 2071
f 355 2061 2071
f 2061 481 2073
f 2071 2073 486
f 2061 2073 2071
f 379 1748 1751
f 1748 5 1750
f 1751 1750 380
f 1748 1750 1751
f 378 1746 1749
f 1746 5 1748
f 1749 1748 379
f 1746 1748 1749
f 380 1933 1751
f 1933 441 1932
f 1751 1932 379
f 1933 1932 1751
f 441 1936 1932
f 1936 442 1935
f 1932 1935 379
f 1936 1935 1932
f 379 1935 1749
f 1935 442 1934
f 1749 1934 378
f 1935 1934 1749
f 228 1758 1346
f 1758 383 1759
f 1346 1759 255
f 1758 1759 1346
f 383 1757 1759
f 1757 5 1345
f 1759 1345 255
f 1757 1345 1759
f 5 1690 1345
f 1690 355 1691
f 1345 1691 255
f 1690 1691 1345
f 474 2056 2048
f 2056 475 2051
f 2048 2051 361
f 2056 2051 2048
f 361 2045 2048
f 2045 473 2049
f 2048 2049 474
f 2045 2049 2048
f 474 2624 2628
f 2624 662 2632
f 2628 2632 663
f 2624 2632 2628
f 663 2629 2628
f 2629 475 2056
f 2628 2056 474
f 2629 2056 2628
f 474 2621 2624
f 2621 661 2627
f 2624 2627 662
f 2621 2627 2624
f 359 1972 1967
f 1972 454 1974
f 1967 1974 453
f 1972 1974 1967
f 359 2050 1972
f 2050 475 2054
f 1972 2054 454
f 2050 2054 1972
f 453 1968 1967
f 1968 361 1710
f 1967 1710 359
f 1968 1710 1967
f 361 2051 1710
f 2051 475 2050
f 1710 2050 359
f 2051 2050 1710
f 509 2131 2132
f 2131 481 2063
f 2132 2063 482
f 2131 2063 2132
f 482 2268 2132
f 2268 570 2269
f 2132 2269 509
f 2268 2269 2132
f 481 2267 2063
f 2267 570 2268
f 2063 2268 482
f 2267 2268 2063
f 524 2184 2187
f 2184 535 2188
f 2187 2188 536
f 2184 2188 2187
f 575 2306 2300
f 2306 576 2304
f 2300 2304 524
f 2306 2304 2300
f 576 2303 2304
f 2303 516 2158
f 2304 2158 524
f 2303 2158 2304
f 534 2185 2183
f 2185 535 2184
f 2183 2184 524
f 2185 2184 2183
f 524 2158 2183
f 2158 516 2182
f 2183 2182 534
f 2158 2182 2183
f 533 2181 2179
f 2181 532 2177
f 2179 2177 517
f 2181 2177 2179
f 533 2190 2576
f 2190 537 2577
f 2576 2577 650
f 2190 2577 2576
f 525 2161 2203
f 2161 526 2204
f 2203 2204 542
f 2161 2204 2203
f 665 2641 2646
f 2641 448 2633
f 2646 2633 664
f 2641 2633 2646
f 664 2633 2634
f 2633 448 2053
f 2634 2053 475
f 2633 2053 2634
f 664 2634 2637
f 2634 475 2629
f 2637 2629 663
f 2634 2629 2637
f 663 2630 2637
f 2630 542 2636
f 2637 2636 664
f 2630 2636 2637
f 540 2197 2644
f 2197 441 2638
f 2644 2638 665
f 2197 2638 2644
f 540 2198 2197
f 2198 442 1936
f 2197 1936 441
f 2198 1936 2197
f 540 2212 2198
f 2212 544 2209
f 2198 2209 442
f 2212 2209 2198
f 540 2199 2200
f 2199 526 2166
f 2200 2166 527
f 2199 2166 2200
f 527 2211 2200
f 2211 544 2212
f 2200 2212 540
f 2211 2212 2200
f 34 829 737
f 829 83 827
f 737 827 31
f 829 827 737
f 25 826 736
f 826 83 829
f 736 829 34
f 826 829 736
f 130 984 983
f 984 115 924
f 983 924 114
f 984 924 983
f 114 978 983
f 978 129 985
f 983 985 130
f 978 985 983
f 167 1087 1088
f 1087 21 720
f 1088 720 23
f 1087 720 1088
f 130 982 981
f 982 25 723
f 981 723 24
f 982 723 981
f 24 987 981
f 987 131 991
f 981 991 130
f 987 991 981
f 284 1639 1449
f 1639 340 1640
f 1449 1640 285
f 1639 1640 1449
f 127 968 975
f 968 84 973
f 975 973 128
f 968 973 975
f 127 970 969
f 970 126 964
f 969 964 85
f 970 964 969
f 85 834 969
f 834 30 965
f 969 965 127
f 834 965 969
f 127 965 968
f 965 30 831
f 968 831 84
f 965 831 968
f 50 765 770
f 765 48 768
f 770 768 51
f 765 768 770
f 48 761 768
f 761 28 767
f 768 767 51
f 761 767 768
f 28 771 767
f 771 52 772
f 767 772 51
f 771 772 767
f 273 1411 1538
f 1411 51 1535
f 1538 1535 312
f 1411 1535 1538
f 678 2690 2696
f 2690 466 2693
f 2696 2693 679
f 2690 2693 2696
f 678 2718 2690
f 2718 684 2715
f 2690 2715 466
f 2718 2715 2690
f 682 2706 2713
f 2706 465 2710
f 2713 2710 683
f 2706 2710 2713
f 465 2714 2710
f 2714 684 2719
f 2710 2719 683
f 2714 2719 2710
f 683 2712 2713
f 2712 565 2707
f 2713 2707 682
f 2712 2707 2713
f 655 2595 2597
f 2595 470 2529
f 2597 2529 637
f 2595 2529 2597
f 655 2598 2595
f 2598 654 2591
f 2595 2591 470
f 2598 2591 2595
f 637 2530 2597
f 2530 530 2596
f 2597 2596 655
f 2530 2596 2597
f 530 2593 2596
f 2593 654 2598
f 2596 2598 655
f 2593 2598 2596
f 470 2591 2586
f 2591 654 2594
f 2586 2594 653
f 2591 2594 2586
f 653 2587 2586
f 2587 471 2041
f 2586 2041 470
f 2587 2041 2586
f 652 2582 2590
f 2582 471 2587
f 2590 2587 653
f 2582 2587 2590
f 529 2592 2173
f 2592 654 2593
f 2173 2593 530
f 2592 2593 2173
f 529 2589 2592
f 2589 653 2594
f 2592 2594 654
f 2589 2594 2592
f 658 2614 2608
f 2614 659 2612
f 2608 2612 473
f 2614 2612 2608
f 473 2604 2608
f 2604 657 2611
f 2608 2611 658
f 2604 2611 2608
f 658 2611 2610
f 2611 657 2605
f 2610 2605 535
f 2611 2605 2610
f 534 2613 2609
f 2613 659 2614
f 2609 2614 658
f 2613 2614 2609
f 658 2610 2609
f 2610 535 2185
f 2609 2185 534
f 2610 2185 2609
f 650 2574 2581
f 2574 471 2578
f 2581 2578 651
f 2574 2578 2581
f 651 2578 2585
f 2578 471 2582
f 2585 2582 652
f 2578 2582 2585
f 652 2584 2585
f 2584 532 2579
f 2585 2579 651
f 2584 2579 2585
f 651 2580 2581
f 2580 533 2576
f 2581 2576 650
f 2580 2576 2581
f 532 2181 2579
f 2181 533 2580
f 2579 2580 651
f 2181 2580 2579
f 363 1715 1893
f 1715 362 1892
f 1893 1892 429
f 1715 1892 1893
f 429 1894 1893
f 1894 365 1718
f 1893 1718 363
f 1894 1718 1893
f 428 1887 1897
f 1887 365 1894
f 1897 1894 429
f 1887 1894 1897
f 392 1904 1881
f 1904 431 1905
f 1881 1905 426
f 1904 1905 1881
f 426 1905 1880
f 1905 431 1902
f 1880 1902 360
f 1905 1902 1880
f 353 1908 1794
f 1908 432 1909
f 1794 1909 397
f 1908 1909 1794
f 1 1687 1793
f 1687 353 1794
f 1793 1794 397
f 1687 1794 1793
f 397 1810 1793
f 1810 404 1809
f 1793 1809 1
f 1810 1809 1793
f 213 1237 1236
f 1237 201 1193
f 1236 1193 200
f 1237 1193 1236
f 200 1231 1236
f 1231 212 1238
f 1236 1238 213
f 1231 1238 1236
f 213 1238 1235
f 1238 212 1230
f 1235 1230 192
f 1238 1230 1235
f 192 1161 1235
f 1161 171 1234
f 1235 1234 213
f 1161 1234 1235
f 171 1192 1234
f 1192 201 1237
f 1234 1237 213
f 1192 1237 1234
f 198 1185 1191
f 1185 196 1190
f 1191 1190 200
f 1185 1190 1191
f 200 1198 1191
f 1198 202 1196
f 1191 1196 198
f 1198 1196 1191
f 197 1184 1186
f 1184 196 1185
f 1186 1185 198
f 1184 1185 1186
f 209 1218 1220
f 1218 206 1217
f 1220 1217 208
f 1218 1217 1220
f 210 1227 1222
f 1227 211 1225
f 1222 1225 208
f 1227 1225 1222
f 208 1225 1220
f 1225 211 1226
f 1220 1226 209
f 1225 1226 1220
f 208 1217 1215
f 1217 206 1209
f 1215 1209 184
f 1217 1209 1215
f 184 1141 1144
f 1141 169 1143
f 1144 1143 185
f 1141 1143 1144
f 210 1222 1221
f 1222 208 1216
f 1221 1216 185
f 1222 1216 1221
f 185 1216 1144
f 1216 208 1215
f 1144 1215 184
f 1216 1215 1144
f 185 1228 1221
f 1228 212 1232
f 1221 1232 210
f 1228 1232 1221
f 166 1081 1083
f 1081 103 1079
f 1083 1079 165
f 1081 1079 1083
f 166 1082 1081
f 1082 109 901
f 1081 901 103
f 1082 901 1081
f 180 1126 1128
f 1126 109 1082
f 1128 1082 166
f 1126 1082 1128
f 14 1165 706
f 1165 193 1164
f 706 1164 12
f 1165 1164 706
f 169 1099 1098
f 1099 13 704
f 1098 704 12
f 1099 704 1098
f 14 1034 707
f 1034 142 1035
f 707 1035 15
f 1034 1035 707
f 15 710 707
f 710 17 709
f 707 709 14
f 710 709 707
f 81 819 817
f 819 45 756
f 817 756 41
f 819 756 817
f 41 754 817
f 754 43 818
f 817 818 81
f 754 818 817
f 46 757 838
f 757 43 837
f 838 837 86
f 757 837 838
f 46 760 1468
f 760 47 1469
f 1468 1469 291
f 760 1469 1468
f 86 839 838
f 839 47 760
f 838 760 46
f 839 760 838
f 46 820 757
f 820 81 818
f 757 818 43
f 820 818 757
f 291 1467 1468
f 1467 45 758
f 1468 758 46
f 1467 758 1468
f 45 819 758
f 819 81 820
f 758 820 46
f 819 820 758
f 411 1995 1891
f 1995 459 1996
f 1891 1996 428
f 1995 1996 1891
f 411 1999 1995
f 1999 460 2004
f 1995 2004 459
f 1999 2004 1995
f 428 1889 1891
f 1889 404 1825
f 1891 1825 411
f 1889 1825 1891
f 404 1810 1825
f 1810 397 1824
f 1825 1824 411
f 1810 1824 1825
f 4 1683 1153
f 1683 352 1684
f 1153 1684 189
f 1683 1684 1153
f 4 1147 1703
f 1147 187 1706
f 1703 1706 357
f 1147 1706 1703
f 189 1154 1153
f 1154 187 1147
f 1153 1147 4
f 1154 1147 1153
f 357 1985 1703
f 1985 457 1984
f 1703 1984 4
f 1985 1984 1703
f 195 1174 1175
f 1174 188 1155
f 1175 1155 189
f 1174 1155 1175
f 189 1684 1175
f 1684 352 1686
f 1175 1686 195
f 1684 1686 1175
f 197 1182 1183
f 1182 188 1174
f 1183 1174 195
f 1182 1174 1183
f 195 1179 1183
f 1179 196 1184
f 1183 1184 197
f 1179 1184 1183
f 688 2738 2736
f 2738 344 1654
f 2736 1654 162
f 2738 1654 2736
f 162 2728 2736
f 2728 687 2741
f 2736 2741 688
f 2728 2741 2736
f 346 1673 1663
f 1673 349 1670
f 1663 1670 329
f 1673 1670 1663
f 346 1663 1662
f 1663 329 1594
f 1662 1594 328
f 1663 1594 1662
f 328 1658 1662
f 1658 345 1665
f 1662 1665 346
f 1658 1665 1662
f 101 894 876
f 894 107 893
f 876 893 100
f 894 893 876
f 102 900 898
f 900 109 902
f 898 902 108
f 900 902 898
f 108 899 898
f 899 107 895
f 898 895 102
f 899 895 898
f 103 901 882
f 901 109 900
f 882 900 102
f 901 900 882
f 107 894 895
f 894 101 878
f 895 878 102
f 894 878 895
f 141 1027 1039
f 1027 15 1035
f 1039 1035 142
f 1027 1035 1039
f 115 988 936
f 988 131 989
f 936 989 119
f 988 989 936
f 332 1607 1610
f 1607 331 1609
f 1610 1609 333
f 1607 1609 1610
f 332 1606 1605
f 1606 310 1531
f 1605 1531 308
f 1606 1531 1605
f 308 1525 1605
f 1525 281 1604
f 1605 1604 332
f 1525 1604 1605
f 332 1604 1607
f 1604 281 1600
f 1607 1600 331
f 1604 1600 1607
f 333 1617 1614
f 1617 335 1618
f 1614 1618 334
f 1617 1618 1614
f 334 1613 1614
f 1613 332 1610
f 1614 1610 333
f 1613 1610 1614
f 310 1606 1611
f 1606 332 1613
f 1611 1613 334
f 1606 1613 1611
f 308 1531 1529
f 1531 310 1532
f 1529 1532 309
f 1531 1532 1529
f 309 1526 1529
f 1526 278 1524
f 1529 1524 308
f 1526 1524 1529
f 310 1530 1532
f 1530 283 1528
f 1532 1528 309
f 1530 1528 1532
f 88 1431 845
f 1431 280 1429
f 845 1429 75
f 1431 1429 845
f 75 811 845
f 811 74 844
f 845 844 88
f 811 844 845
f 75 1429 1595
f 1429 280 1596
f 1595 1596 330
f 1429 1596 1595
f 76 913 812
f 913 112 912
f 812 912 75
f 913 912 812
f 112 911 912
f 911 74 811
f 912 811 75
f 911 811 912
f 330 1597 1595
f 1597 281 1433
f 1595 1433 75
f 1597 1433 1595
f 75 1433 812
f 1433 281 1434
f 812 1434 76
f 1433 1434 812
f 279 1424 1425
f 1424 80 1069
f 1425 1069 157
f 1424 1069 1425
f 157 1351 1425
f 1351 257 1428
f 1425 1428 279
f 1351 1428 1425
f 157 1069 1288
f 1069 80 1287
f 1288 1287 233
f 1069 1287 1288
f 233 1353 1288
f 1353 257 1351
f 1288 1351 157
f 1353 1351 1288
f 76 1422 918
f 1422 278 1423
f 918 1423 113
f 1422 1423 918
f 113 920 918
f 920 112 913
f 918 913 76
f 920 913 918
f 104 914 919
f 914 112 920
f 919 920 113
f 914 920 919
f 113 1423 917
f 1423 278 1421
f 917 1421 70
f 1423 1421 917
f 70 883 917
f 883 104 919
f 917 919 113
f 883 919 917
f 100 893 891
f 893 107 896
f 891 896 106
f 893 896 891
f 106 896 908
f 896 107 909
f 908 909 111
f 896 909 908
f 111 905 908
f 905 74 890
f 908 890 106
f 905 890 908
f 106 890 916
f 890 74 911
f 916 911 112
f 890 911 916
f 175 1255 1268
f 1255 220 1270
f 1268 1270 223
f 1255 1270 1268
f 223 1266 1268
f 1266 172 1111
f 1268 1111 175
f 1266 1111 1268
f 221 1260 1257
f 1260 220 1255
f 1257 1255 175
f 1260 1255 1257
f 175 1117 1257
f 1117 177 1258
f 1257 1258 221
f 1117 1258 1257
f 176 1118 1116
f 1118 177 1117
f 1116 1117 175
f 1118 1117 1116
f 175 1111 1116
f 1111 172 1115
f 1116 1115 176
f 1111 1115 1116
f 231 1280 1301
f 1280 217 1298
f 1301 1298 236
f 1280 1298 1301
f 230 1285 1284
f 1285 232 1286
f 1284 1286 231
f 1285 1286 1284
f 231 1283 1284
f 1283 229 1279
f 1284 1279 230
f 1283 1279 1284
f 231 1301 1283
f 1301 236 1300
f 1283 1300 229
f 1301 1300 1283
f 231 1294 1282
f 1294 234 1293
f 1282 1293 224
f 1294 1293 1282
f 231 1286 1294
f 1286 232 1295
f 1294 1295 234
f 1286 1295 1294
f 221 1265 1259
f 1265 222 1264
f 1259 1264 219
f 1265 1264 1259
f 222 1262 1264
f 1262 217 1254
f 1264 1254 219
f 1262 1254 1264
f 219 1256 1259
f 1256 220 1260
f 1259 1260 221
f 1256 1260 1259
f 224 1272 1271
f 1272 223 1269
f 1271 1269 219
f 1272 1269 1271
f 223 1270 1269
f 1270 220 1256
f 1269 1256 219
f 1270 1256 1269
f 219 1281 1271
f 1281 231 1282
f 1271 1282 224
f 1281 1282 1271
f 217 1280 1254
f 1280 231 1281
f 1254 1281 219
f 1280 1281 1254
f 205 1778 1243
f 1778 391 1779
f 1243 1779 215
f 1778 1779 1243
f 391 1780 1779
f 1780 217 1248
f 1779 1248 215
f 1780 1248 1779
f 215 1242 1243
f 1242 203 1206
f 1243 1206 205
f 1242 1206 1243
f 215 1244 1242
f 1244 214 1241
f 1242 1241 203
f 1244 1241 1242
f 215 1248 1247
f 1248 217 1249
f 1247 1249 216
f 1248 1249 1247
f 216 1246 1247
f 1246 214 1244
f 1247 1244 215
f 1246 1244 1247
f 203 1241 1200
f 1241 214 1240
f 1200 1240 181
f 1241 1240 1200
f 180 1128 1133
f 1128 166 1131
f 1133 1131 181
f 1128 1131 1133
f 111 910 907
f 910 108 897
f 907 897 90
f 910 897 907
f 108 904 897
f 904 110 903
f 897 903 90
f 904 903 897
f 90 853 907
f 853 89 906
f 907 906 111
f 853 906 907
f 90 903 1119
f 903 110 1120
f 1119 1120 178
f 903 1120 1119
f 78 848 852
f 848 89 853
f 852 853 90
f 848 853 852
f 90 851 852
f 851 77 813
f 852 813 78
f 851 813 852
f 90 1119 1114
f 1119 178 1121
f 1114 1121 176
f 1119 1121 1114
f 176 1112 1114
f 1112 77 851
f 1114 851 90
f 1112 851 1114
f 539 2194 2195
f 2194 516 2160
f 2195 2160 525
f 2194 2160 2195
f 662 2627 2625
f 2627 661 2622
f 2625 2622 539
f 2627 2622 2625
f 473 2612 2615
f 2612 659 2620
f 2615 2620 660
f 2612 2620 2615
f 660 2620 2617
f 2620 659 2613
f 2617 2613 534
f 2620 2613 2617
f 660 2619 2623
f 2619 539 2622
f 2623 2622 661
f 2619 2622 2623
f 660 2616 2615
f 2616 474 2049
f 2615 2049 473
f 2616 2049 2615
f 661 2621 2623
f 2621 474 2616
f 2623 2616 660
f 2621 2616 2623
f 546 2288 2214
f 2288 573 2289
f 2214 2289 547
f 2288 2289 2214
f 574 2291 2293
f 2291 519 2213
f 2293 2213 547
f 2291 2213 2293
f 547 2289 2293
f 2289 573 2295
f 2293 2295 574
f 2289 2295 2293
f 500 2287 2102
f 2287 573 2286
f 2102 2286 499
f 2287 2286 2102
f 682 2708 2709
f 2708 566 2517
f 2709 2517 633
f 2708 2517 2709
f 633 2522 2515
f 2522 634 2519
f 2515 2519 464
f 2522 2519 2515
f 633 2516 2709
f 2516 465 2706
f 2709 2706 682
f 2516 2706 2709
f 464 2024 2515
f 2024 465 2516
f 2515 2516 633
f 2024 2516 2515
f 567 2256 2255
f 2256 566 2252
f 2255 2252 546
f 2256 2252 2255
f 634 2522 2521
f 2522 633 2518
f 2521 2518 567
f 2522 2518 2521
f 567 2518 2256
f 2518 633 2517
f 2256 2517 566
f 2518 2517 2256
f 567 2255 2261
f 2255 546 2259
f 2261 2259 568
f 2255 2259 2261
f 561 2241 2240
f 2241 557 2231
f 2240 2231 555
f 2241 2231 2240
f 578 2314 2333
f 2314 552 2332
f 2333 2332 581
f 2314 2332 2333
f 581 2328 2333
f 2328 477 2313
f 2333 2313 578
f 2328 2313 2333
f 597 2398 2397
f 2398 596 2395
f 2397 2395 494
f 2398 2395 2397
f 147 2028 1056
f 2028 467 2027
f 1056 2027 145
f 2028 2027 1056
f 147 1057 1054
f 1057 146 1051
f 1054 1051 44
f 1057 1051 1054
f 147 1055 1057
f 1055 144 1053
f 1057 1053 146
f 1055 1053 1057
f 147 1056 1055
f 1056 145 1048
f 1055 1048 144
f 1056 1048 1055
f 247 1329 1327
f 1329 248 1328
f 1327 1328 228
f 1329 1328 1327
f 228 1278 1327
f 1278 227 1326
f 1327 1326 247
f 1278 1326 1327
f 241 1380 1313
f 1380 266 1381
f 1313 1381 243
f 1380 1381 1313
f 241 1312 1309
f 1312 242 1311
f 1309 1311 240
f 1312 1311 1309
f 243 1314 1313
f 1314 242 1312
f 1313 1312 241
f 1314 1312 1313
f 687 2732 2729
f 2732 266 1380
f 2729 1380 241
f 2732 1380 2729
f 478 2077 2084
f 2077 488 2086
f 2084 2086 491
f 2077 2086 2084
f 478 2059 2067
f 2059 479 2068
f 2067 2068 484
f 2059 2068 2067
f 491 2085 2084
f 2085 479 2059
f 2084 2059 478
f 2085 2059 2084
f 478 2067 2072
f 2067 484 2074
f 2072 2074 486
f 2067 2074 2072
f 486 2127 2072
f 2127 507 2125
f 2072 2125 478
f 2127 2125 2072
f 497 2095 2093
f 2095 488 2077
f 2093 2077 478
f 2095 2077 2093
f 490 2082 2080
f 2082 488 2076
f 2080 2076 254
f 2082 2076 2080
f 491 2086 2087
f 2086 488 2082
f 2087 2082 490
f 2086 2082 2087
f 487 2078 2094
f 2078 488 2095
f 2094 2095 497
f 2078 2095 2094
f 600 2412 2416
f 2412 596 2415
f 2416 2415 601
f 2412 2415 2416
f 687 2729 2734
f 2729 241 2414
f 2734 2414 601
f 2729 2414 2734
f 240 2408 2413
f 2408 600 2416
f 2413 2416 601
f 2408 2416 2413
f 601 2414 2413
f 2414 241 1309
f 2413 1309 240
f 2414 1309 2413
f 595 2393 2392
f 2393 594 2384
f 2392 2384 497
f 2393 2384 2392
f 595 2396 2411
f 2396 596 2412
f 2411 2412 600
f 2396 2412 2411
f 595 2386 2393
f 2386 227 2382
f 2393 2382 594
f 2386 2382 2393
f 595 2387 2386
f 2387 247 1326
f 2386 1326 227
f 2387 1326 2386
f 248 1329 2388
f 1329 247 2387
f 2388 2387 595
f 1329 2387 2388
f 595 2411 2389
f 2411 600 2409
f 2389 2409 250
f 2411 2409 2389
f 250 1333 2389
f 1333 248 2388
f 2389 2388 595
f 1333 2388 2389
f 507 2126 2124
f 2126 480 2060
f 2124 2060 476
f 2126 2060 2124
f 476 2057 2124
f 2057 478 2125
f 2124 2125 507
f 2057 2125 2124
f 236 1316 1305
f 1316 244 1317
f 1305 1317 238
f 1316 1317 1305
f 239 1307 1308
f 1307 237 1306
f 1308 1306 238
f 1307 1306 1308
f 237 1304 1306
f 1304 236 1305
f 1306 1305 238
f 1304 1305 1306
f 238 1322 1308
f 1322 246 1323
f 1308 1323 239
f 1322 1323 1308
f 238 1317 1322
f 1317 244 1324
f 1322 1324 246
f 1317 1324 1322
f 418 1850 1851
f 1850 394 1828
f 1851 1828 412
f 1850 1828 1851
f 418 1855 1850
f 1855 419 1853
f 1850 1853 394
f 1855 1853 1850
f 412 1827 1851
f 1827 360 1849
f 1851 1849 418
f 1827 1849 1851
f 360 1852 1849
f 1852 419 1855
f 1849 1855 418
f 1852 1855 1849
f 417 1848 1844
f 1848 416 1841
f 1844 1841 360
f 1848 1841 1844
f 360 1830 1844
f 1830 413 1847
f 1844 1847 417
f 1830 1847 1844
f 417 1847 1845
f 1847 413 1831
f 1845 1831 398
f 1847 1831 1845
f 398 1805 1845
f 1805 402 1846
f 1845 1846 417
f 1805 1846 1845
f 417 1846 1848
f 1846 402 1842
f 1848 1842 416
f 1846 1842 1848
f 403 1869 1840
f 1869 423 1870
f 1840 1870 415
f 1869 1870 1840
f 415 1839 1840
f 1839 402 1808
f 1840 1808 403
f 1839 1808 1840
f 416 1842 1843
f 1842 402 1839
f 1843 1839 415
f 1842 1839 1843
f 360 1841 1838
f 1841 416 1843
f 1838 1843 415
f 1841 1843 1838
f 415 1870 1838
f 1870 423 1868
f 1838 1868 360
f 1870 1868 1838
f 1 1784 1785
f 1784 392 1786
f 1785 1786 393
f 1784 1786 1785
f 393 1790 1785
f 1790 396 1789
f 1785 1789 1
f 1790 1789 1785
f 392 1881 1786
f 1881 426 1882
f 1786 1882 393
f 1881 1882 1786
f 424 1874 1873
f 1874 396 1790
f 1873 1790 393
f 1874 1790 1873
f 412 1828 1829
f 1828 394 1788
f 1829 1788 395
f 1828 1788 1829
f 394 1791 1788
f 1791 396 1792
f 1788 1792 395
f 1791 1792 1788
f 395 1876 1829
f 1876 425 1878
f 1829 1878 412
f 1876 1878 1829
f 395 1792 1876
f 1792 396 1877
f 1876 1877 425
f 1792 1877 1876
f 256 1692 2065
f 1692 355 2066
f 2065 2066 484
f 1692 2066 2065
f 484 2068 2065
f 2068 479 2058
f 2065 2058 256
f 2068 2058 2065
f 254 1348 1349
f 1348 255 1350
f 1349 1350 256
f 1348 1350 1349
f 256 1350 1692
f 1350 255 1691
f 1692 1691 355
f 1350 1691 1692
f 256 2058 2083
f 2058 479 2085
f 2083 2085 491
f 2058 2085 2083
f 256 2081 1349
f 2081 490 2080
f 1349 2080 254
f 2081 2080 1349
f 491 2087 2083
f 2087 490 2081
f 2083 2081 256
f 2087 2081 2083
f 354 1689 1773
f 1689 5 1772
f 1773 1772 389
f 1689 1772 1773
f 389 1774 1773
f 1774 355 1693
f 1773 1693 354
f 1774 1693 1773
f 354 1693 1689
f 1693 355 1690
f 1689 1690 5
f 1693 1690 1689
f 228 1346 1341
f 1346 255 1347
f 1341 1347 253
f 1346 1347 1341
f 253 1340 1341
f 1340 226 1277
f 1341 1277 228
f 1340 1277 1341
f 253 1342 1340
f 1342 252 1339
f 1340 1339 226
f 1342 1339 1340
f 254 1343 1344
f 1343 252 1342
f 1344 1342 253
f 1343 1342 1344
f 253 1347 1344
f 1347 255 1348
f 1344 1348 254
f 1347 1348 1344
f 381 1752 1754
f 1752 5 1746
f 1754 1746 378
f 1752 1746 1754
f 381 1756 1752
f 1756 382 1755
f 1752 1755 5
f 1756 1755 1752
f 438 1927 1923
f 1927 439 1925
f 1923 1925 381
f 1927 1925 1923
f 439 1926 1925
f 1926 382 1756
f 1925 1756 381
f 1926 1756 1925
f 389 1772 1775
f 1772 5 1770
f 1775 1770 388
f 1772 1770 1775
f 575 2300 2299
f 2300 524 2159
f 2299 2159 523
f 2300 2159 2299
f 523 2159 2186
f 2159 524 2187
f 2186 2187 536
f 2159 2187 2186
f 536 2191 2186
f 2191 537 2189
f 2186 2189 523
f 2191 2189 2186
f 537 2190 2189
f 2190 533 2180
f 2189 2180 523
f 2190 2180 2189
f 517 2298 2157
f 2298 575 2299
f 2157 2299 523
f 2298 2299 2157
f 523 2180 2157
f 2180 533 2179
f 2157 2179 517
f 2180 2179 2157
f 543 2208 2631
f 2208 542 2630
f 2631 2630 663
f 2208 2630 2631
f 525 2203 2206
f 2203 542 2208
f 2206 2208 543
f 2203 2208 2206
f 663 2632 2631
f 2632 662 2626
f 2631 2626 543
f 2632 2626 2631
f 543 2207 2206
f 2207 539 2195
f 2206 2195 525
f 2207 2195 2206
f 662 2625 2626
f 2625 539 2207
f 2626 2207 543
f 2625 2207 2626
f 541 2202 2645
f 2202 540 2644
f 2645 2644 665
f 2202 2644 2645
f 665 2646 2645
f 2646 664 2635
f 2645 2635 541
f 2646 2635 2645
f 541 2635 2205
f 2635 664 2636
f 2205 2636 542
f 2635 2636 2205
f 541 2205 2201
f 2205 542 2204
f 2201 2204 526
f 2205 2204 2201
f 526 2199 2201
f 2199 540 2202
f 2201 2202 541
f 2199 2202 2201
f 35 739 740
f 739 24 723
f 740 723 25
f 739 723 740
f 26 724 741
f 724 24 739
f 741 739 35
f 724 739 741
f 115 923 922
f 923 66 795
f 922 795 59
f 923 795 922
f 59 921 922
f 921 114 924
f 922 924 115
f 921 924 922
f 27 728 1090
f 728 26 1089
f 1090 1089 167
f 728 1089 1090
f 167 1088 1090
f 1088 23 726
f 1090 726 27
f 1088 726 1090
f 27 727 728
f 727 24 724
f 728 724 26
f 727 724 728
f 21 719 1012
f 719 20 1011
f 1012 1011 138
f 719 1011 1012
f 138 1014 1012
f 1014 23 720
f 1012 720 21
f 1014 720 1012
f 296 1493 1539
f 1493 273 1538
f 1539 1538 312
f 1493 1538 1539
f 51 1411 1475
f 1411 273 1476
f 1475 1476 292
f 1411 1476 1475
f 292 1472 1474
f 1472 47 764
f 1474 764 50
f 1472 764 1474
f 292 1476 1472
f 1476 273 1410
f 1472 1410 47
f 1476 1410 1472
f 291 1469 1470
f 1469 47 1061
f 1470 1061 151
f 1469 1061 1470
f 517 2177 2167
f 2177 532 2178
f 2167 2178 528
f 2177 2178 2167
f 653 2589 2588
f 2589 529 2170
f 2588 2170 528
f 2589 2170 2588
f 528 2178 2583
f 2178 532 2584
f 2583 2584 652
f 2178 2584 2583
f 652 2590 2583
f 2590 653 2588
f 2583 2588 528
f 2590 2588 2583
f 530 2171 2172
f 2171 520 2156
f 2172 2156 522
f 2171 2156 2172
f 522 2169 2172
f 2169 529 2173
f 2172 2173 530
f 2169 2173 2172
f 522 2156 2285
f 2156 520 2284
f 2285 2284 572
f 2156 2284 2285
f 522 2285 2155
f 2285 572 2283
f 2155 2283 517
f 2285 2283 2155
f 517 2167 2155
f 2167 528 2168
f 2155 2168 522
f 2167 2168 2155
f 522 2168 2169
f 2168 528 2170
f 2169 2170 529
f 2168 2170 2169
f 430 1906 1899
f 1906 431 1904
f 1899 1904 392
f 1906 1904 1899
f 362 1903 1898
f 1903 431 1906
f 1898 1906 430
f 1903 1906 1898
f 430 1901 1898
f 1901 429 1892
f 1898 1892 362
f 1901 1892 1898
f 1 1809 1811
f 1809 404 1812
f 1811 1812 405
f 1809 1812 1811
f 405 1812 1890
f 1812 404 1889
f 1890 1889 428
f 1812 1889 1890
f 428 1897 1890
f 1897 429 1895
f 1890 1895 405
f 1897 1895 1890
f 197 1186 1188
f 1186 198 1189
f 1188 1189 199
f 1186 1189 1188
f 199 1189 1197
f 1189 198 1196
f 1197 1196 202
f 1189 1196 1197
f 199 1187 1188
f 1187 170 1180
f 1188 1180 197
f 1187 1180 1188
f 199 1197 1187
f 1197 202 1194
f 1187 1194 170
f 1197 1194 1187
f 11 1032 705
f 1032 142 1034
f 705 1034 14
f 1032 1034 705
f 14 706 705
f 706 12 703
f 705 703 11
f 706 703 705
f 11 703 1032
f 703 12 1033
f 1032 1033 142
f 703 1033 1032
f 137 1008 1009
f 1008 12 704
f 1009 704 13
f 1008 704 1009
f 164 1075 1076
f 1075 94 1010
f 1076 1010 137
f 1075 1010 1076
f 137 1010 1038
f 1010 94 1036
f 1038 1036 142
f 1010 1036 1038
f 142 1033 1038
f 1033 12 1008
f 1038 1008 137
f 1033 1008 1038
f 137 1100 1076
f 1100 169 1101
f 1076 1101 164
f 1100 1101 1076
f 137 1009 1100
f 1009 13 1099
f 1100 1099 169
f 1009 1099 1100
f 193 1170 1169
f 1170 192 1163
f 1169 1163 191
f 1170 1163 1169
f 191 1158 1169
f 1158 12 1164
f 1169 1164 193
f 1158 1164 1169
f 169 1098 1159
f 1098 12 1158
f 1159 1158 191
f 1098 1158 1159
f 432 2000 1910
f 2000 460 1998
f 1910 1998 410
f 2000 1998 1910
f 460 1999 1998
f 1999 411 1826
f 1998 1826 410
f 1999 1826 1998
f 410 1823 1910
f 1823 397 1909
f 1910 1909 432
f 1823 1909 1910
f 410 1826 1823
f 1826 411 1824
f 1823 1824 397
f 1826 1824 1823
f 456 1981 1988
f 1981 4 1984
f 1988 1984 457
f 1981 1984 1988
f 352 1683 1982
f 1683 4 1981
f 1982 1981 456
f 1683 1981 1982
f 457 2002 1988
f 2002 460 2001
f 1988 2001 456
f 2002 2001 1988
f 456 2001 1983
f 2001 460 2000
f 1983 2000 432
f 2001 2000 1983
f 456 1983 1979
f 1983 432 1907
f 1979 1907 2
f 1983 1907 1979
f 194 1176 1685
f 1176 195 1686
f 1685 1686 352
f 1176 1686 1685
f 194 1172 1171
f 1172 2 700
f 1171 700 1
f 1172 700 1171
f 1 1177 1171
f 1177 196 1178
f 1171 1178 194
f 1177 1178 1171
f 196 1179 1178
f 1179 195 1176
f 1178 1176 194
f 1179 1176 1178
f 318 1561 1560
f 1561 303 1510
f 1560 1510 301
f 1561 1510 1560
f 319 1563 1565
f 1563 303 1561
f 1565 1561 318
f 1563 1561 1565
f 319 1565 1632
f 1565 318 1631
f 1632 1631 338
f 1565 1631 1632
f 349 1673 1674
f 1673 346 1667
f 1674 1667 347
f 1673 1667 1674
f 136 1030 1037
f 1030 141 1039
f 1037 1039 142
f 1030 1039 1037
f 142 1036 1037
f 1036 94 1005
f 1037 1005 136
f 1036 1005 1037
f 17 710 711
f 710 15 708
f 711 708 16
f 710 708 711
f 15 1027 708
f 1027 141 1028
f 708 1028 16
f 1027 1028 708
f 140 1022 1031
f 1022 16 1028
f 1031 1028 141
f 1022 1028 1031
f 115 936 934
f 936 119 937
f 934 937 118
f 936 937 934
f 123 955 958
f 955 124 959
f 958 959 125
f 955 959 958
f 125 959 957
f 959 124 952
f 957 952 119
f 959 952 957
f 125 957 990
f 957 119 989
f 990 989 131
f 957 989 990
f 310 1611 1534
f 1611 334 1612
f 1534 1612 311
f 1611 1612 1534
f 311 1533 1534
f 1533 283 1530
f 1534 1530 310
f 1533 1530 1534
f 311 1612 1615
f 1612 334 1618
f 1615 1618 335
f 1612 1618 1615
f 70 1421 1436
f 1421 278 1440
f 1436 1440 282
f 1421 1440 1436
f 278 1526 1440
f 1526 309 1527
f 1440 1527 282
f 1526 1527 1440
f 282 1527 1442
f 1527 309 1528
f 1442 1528 283
f 1527 1528 1442
f 233 1287 1289
f 1287 80 1106
f 1289 1106 173
f 1287 1106 1289
f 174 1109 1267
f 1109 172 1266
f 1267 1266 223
f 1109 1266 1267
f 174 1110 1108
f 1110 173 1106
f 1108 1106 80
f 1110 1106 1108
f 223 1274 1267
f 1274 225 1273
f 1267 1273 174
f 1274 1273 1267
f 174 1273 1290
f 1273 225 1292
f 1290 1292 233
f 1273 1292 1290
f 233 1289 1290
f 1289 173 1110
f 1290 1110 174
f 1289 1110 1290
f 179 1124 1130
f 1124 178 1129
f 1130 1129 180
f 1124 1129 1130
f 180 1133 1130
f 1133 181 1132
f 1130 1132 179
f 1133 1132 1130
f 177 1122 1123
f 1122 178 1124
f 1123 1124 179
f 1122 1124 1123
f 179 1239 1245
f 1239 214 1246
f 1245 1246 216
f 1239 1246 1245
f 179 1132 1239
f 1132 181 1240
f 1239 1240 214
f 1132 1240 1239
f 216 1252 1245
f 1252 218 1251
f 1245 1251 179
f 1252 1251 1245
f 218 1250 1251
f 1250 177 1123
f 1251 1123 179
f 1250 1123 1251
f 182 1136 1135
f 1136 181 1131
f 1135 1131 166
f 1136 1131 1135
f 165 1138 1134
f 1138 183 1139
f 1134 1139 182
f 1138 1139 1134
f 182 1135 1134
f 1135 166 1083
f 1134 1083 165
f 1135 1083 1134
f 182 1139 1202
f 1139 183 1203
f 1202 1203 204
f 1139 1203 1202
f 204 1204 1202
f 1204 203 1201
f 1202 1201 182
f 1204 1201 1202
f 203 1200 1201
f 1200 181 1136
f 1201 1136 182
f 1200 1136 1201
f 516 2194 2192
f 2194 539 2196
f 2192 2196 538
f 2194 2196 2192
f 539 2619 2196
f 2619 660 2618
f 2196 2618 538
f 2619 2618 2196
f 534 2182 2193
f 2182 516 2192
f 2193 2192 538
f 2182 2192 2193
f 538 2618 2193
f 2618 660 2617
f 2193 2617 534
f 2618 2617 2193
f 568 2259 2260
f 2259 546 2217
f 2260 2217 548
f 2259 2217 2260
f 546 2214 2217
f 2214 547 2218
f 2217 2218 548
f 2214 2218 2217
f 548 2218 2216
f 2218 547 2213
f 2216 2213 519
f 2218 2213 2216
f 580 2322 2326
f 2322 499 2286
f 2326 2286 573
f 2322 2286 2326
f 580 2326 2324
f 2326 573 2288
f 2324 2288 546
f 2326 2288 2324
f 546 2223 2324
f 2223 553 2325
f 2324 2325 580
f 2223 2325 2324
f 634 2521 2524
f 2521 567 2523
f 2524 2523 635
f 2521 2523 2524
f 635 2523 2527
f 2523 567 2525
f 2527 2525 636
f 2523 2525 2527
f 568 2258 2508
f 2258 521 2506
f 2508 2506 630
f 2258 2506 2508
f 673 2670 2672
f 2670 567 2666
f 2672 2666 672
f 2670 2666 2672
f 672 2666 2669
f 2666 567 2663
f 2669 2663 671
f 2666 2663 2669
f 670 2660 2661
f 2660 567 2261
f 2661 2261 568
f 2660 2261 2661
f 671 2663 2665
f 2663 567 2660
f 2665 2660 670
f 2663 2660 2665
f 684 2718 2716
f 2718 678 2692
f 2716 2692 563
f 2718 2692 2716
f 552 2230 2232
f 2230 557 2233
f 2232 2233 558
f 2230 2233 2232
f 505 2330 2358
f 2330 581 2362
f 2358 2362 589
f 2330 2362 2358
f 497 2097 2096
f 2097 494 2088
f 2096 2088 492
f 2097 2088 2096
f 492 2088 2394
f 2088 494 2395
f 2394 2395 596
f 2088 2395 2394
f 596 2396 2394
f 2396 595 2390
f 2394 2390 492
f 2396 2390 2394
f 305 2725 2720
f 2725 686 2727
f 2720 2727 685
f 2725 2727 2720
f 685 2721 2723
f 2721 587 2447
f 2723 2447 612
f 2721 2447 2723
f 612 2444 2723
f 2444 305 2720
f 2723 2720 685
f 2444 2720 2723
f 685 2727 2722
f 2727 686 2726
f 2722 2726 611
f 2727 2726 2722
f 611 2439 2722
f 2439 587 2721
f 2722 2721 685
f 2439 2721 2722
f 488 2078 2378
f 2078 487 2377
f 2378 2377 593
f 2078 2377 2378
f 593 2385 2376
f 2385 594 2383
f 2376 2383 252
f 2385 2383 2376
f 497 2384 2379
f 2384 594 2385
f 2379 2385 593
f 2384 2385 2379
f 593 2377 2379
f 2377 487 2094
f 2379 2094 497
f 2377 2094 2379
f 602 2739 2735
f 2739 688 2741
f 2735 2741 687
f 2739 2741 2735
f 687 2734 2735
f 2734 601 2419
f 2735 2419 602
f 2734 2419 2735
f 602 2417 2418
f 2417 596 2398
f 2418 2398 597
f 2417 2398 2418
f 602 2419 2417
f 2419 601 2415
f 2417 2415 596
f 2419 2415 2417
f 424 1873 1885
f 1873 393 1884
f 1885 1884 427
f 1873 1884 1885
f 427 1884 1886
f 1884 393 1882
f 1886 1882 426
f 1884 1882 1886
f 427 1883 1885
f 1883 360 1872
f 1885 1872 424
f 1883 1872 1885
f 427 1886 1883
f 1886 426 1880
f 1883 1880 360
f 1886 1880 1883
f 433 1911 1913
f 1911 355 1774
f 1913 1774 389
f 1911 1774 1913
f 389 1775 1913
f 1775 388 1912
f 1913 1912 433
f 1775 1912 1913
f 481 2061 2062
f 2061 355 1911
f 2062 1911 433
f 2061 1911 2062
f 433 2265 2062
f 2265 570 2267
f 2062 2267 481
f 2265 2267 2062
f 440 1928 1931
f 1928 382 1926
f 1931 1926 439
f 1928 1926 1931
f 440 1931 2275
f 1931 439 2274
f 2275 2274 571
f 1931 2274 2275
f 377 1753 1747
f 1753 381 1754
f 1747 1754 378
f 1753 1754 1747
f 377 1747 1937
f 1747 378 1938
f 1937 1938 443
f 1747 1938 1937
f 443 1942 1937
f 1942 444 1940
f 1937 1940 377
f 1942 1940 1937
f 5 1755 1768
f 1755 382 1769
f 1768 1769 387
f 1755 1769 1768
f 387 1771 1768
f 1771 388 1770
f 1768 1770 5
f 1771 1770 1768
f 382 1928 1769
f 1928 440 1929
f 1769 1929 387
f 1928 1929 1769
f 25 736 733
f 736 34 738
f 733 738 33
f 736 738 733
f 33 742 733
f 742 35 740
f 733 740 25
f 742 740 733
f 33 738 735
f 738 34 737
f 735 737 31
f 738 737 735
f 26 741 734
f 741 35 742
f 734 742 33
f 741 742 734
f 33 735 1093
f 735 31 1092
f 1093 1092 167
f 735 1092 1093
f 167 1089 1093
f 1089 26 734
f 1093 734 33
f 1089 734 1093
f 22 725 721
f 725 27 726
f 721 726 23
f 725 726 721
f 24 727 722
f 727 27 725
f 722 725 22
f 727 725 722
f 22 1013 951
f 1013 138 1015
f 951 1015 123
f 1013 1015 951
f 23 1014 721
f 1014 138 1013
f 721 1013 22
f 1014 1013 721
f 131 987 986
f 987 24 722
f 986 722 22
f 987 722 986
f 123 958 951
f 958 125 956
f 951 956 22
f 958 956 951
f 22 956 986
f 956 125 990
f 986 990 131
f 956 990 986
f 317 1559 1623
f 1559 316 1622
f 1623 1622 336
f 1559 1622 1623
f 317 1562 1558
f 1562 318 1560
f 1558 1560 301
f 1562 1560 1558
f 299 1557 1505
f 1557 317 1558
f 1505 1558 301
f 1557 1558 1505
f 316 1559 1553
f 1559 317 1557
f 1553 1557 299
f 1559 1557 1553
f 336 1622 1621
f 1622 316 1555
f 1621 1555 313
f 1622 1555 1621
f 316 1556 1555
f 1556 314 1548
f 1555 1548 313
f 1556 1548 1555
f 313 1541 1540
f 1541 56 777
f 1540 777 54
f 1541 777 1540
f 313 1548 1544
f 1548 314 1547
f 1544 1547 312
f 1548 1547 1544
f 312 1536 1544
f 1536 56 1541
f 1544 1541 313
f 1536 1541 1544
f 336 1621 1619
f 1621 313 1543
f 1619 1543 289
f 1621 1543 1619
f 114 921 929
f 921 59 927
f 929 927 116
f 921 927 929
f 128 980 974
f 980 129 979
f 974 979 116
f 980 979 974
f 129 978 979
f 978 114 929
f 979 929 116
f 978 929 979
f 50 770 766
f 770 51 769
f 766 769 49
f 770 769 766
f 49 1473 766
f 1473 292 1474
f 766 1474 50
f 1473 1474 766
f 51 1475 769
f 1475 292 1473
f 769 1473 49
f 1475 1473 769
f 148 1059 1058
f 1059 147 1054
f 1058 1054 44
f 1059 1054 1058
f 274 1413 1471
f 1413 45 1467
f 1471 1467 291
f 1413 1467 1471
f 511 2461 2459
f 2461 617 2463
f 2459 2463 616
f 2461 2463 2459
f 616 2790 2459
f 2790 699 2789
f 2459 2789 511
f 2790 2789 2459
f 512 2462 2146
f 2462 617 2461
f 2146 2461 511
f 2462 2461 2146
f 513 2147 2337
f 2147 512 2336
f 2337 2336 583
f 2147 2336 2337
f 406 1814 1813
f 1814 392 1784
f 1813 1784 1
f 1814 1784 1813
f 1 1811 1813
f 1811 405 1815
f 1813 1815 406
f 1811 1815 1813
f 406 1900 1814
f 1900 430 1899
f 1814 1899 392
f 1900 1899 1814
f 429 1901 1896
f 1901 430 1900
f 1896 1900 406
f 1901 1900 1896
f 406 1815 1896
f 1815 405 1895
f 1896 1895 429
f 1815 1895 1896
f 190 1160 1162
f 1160 191 1163
f 1162 1163 192
f 1160 1163 1162
f 192 1230 1162
f 1230 212 1229
f 1162 1229 190
f 1230 1229 1162
f 212 1228 1229
f 1228 185 1157
f 1229 1157 190
f 1228 1157 1229
f 190 1157 1156
f 1157 185 1143
f 1156 1143 169
f 1157 1143 1156
f 169 1159 1156
f 1159 191 1160
f 1156 1160 190
f 1159 1160 1156
f 2 1172 701
f 1172 194 1173
f 701 1173 3
f 1172 1173 701
f 3 1173 1682
f 1173 194 1685
f 1682 1685 352
f 1173 1685 1682
f 3 1980 701
f 1980 456 1979
f 701 1979 2
f 1980 1979 701
f 352 1982 1682
f 1982 456 1980
f 1682 1980 3
f 1982 1980 1682
f 337 1633 1627
f 1633 338 1631
f 1627 1631 318
f 1633 1631 1627
f 337 1626 1628
f 1626 317 1623
f 1628 1623 336
f 1626 1623 1628
f 318 1562 1627
f 1562 317 1626
f 1627 1626 337
f 1562 1626 1627
f 319 1632 1636
f 1632 338 1638
f 1636 1638 339
f 1632 1638 1636
f 339 1634 1643
f 1634 285 1640
f 1643 1640 340
f 1634 1640 1643
f 343 1666 1664
f 1666 347 1667
f 1664 1667 346
f 1666 1667 1664
f 343 1660 1655
f 1660 345 1661
f 1655 1661 344
f 1660 1661 1655
f 343 1664 1660
f 1664 346 1665
f 1660 1665 345
f 1664 1665 1660
f 344 2738 1655
f 2738 688 2737
f 1655 2737 343
f 2738 2737 1655
f 103 882 881
f 882 102 877
f 881 877 93
f 882 877 881
f 93 877 875
f 877 102 878
f 875 878 101
f 877 878 875
f 139 1021 1018
f 1021 138 1011
f 1018 1011 20
f 1021 1011 1018
f 141 1030 1029
f 1030 136 1007
f 1029 1007 135
f 1030 1007 1029
f 135 1025 1029
f 1025 140 1031
f 1029 1031 141
f 1025 1031 1029
f 72 884 807
f 884 104 883
f 807 883 70
f 884 883 807
f 72 867 884
f 867 98 885
f 884 885 104
f 867 885 884
f 104 885 889
f 885 98 886
f 889 886 105
f 885 886 889
f 100 891 888
f 891 106 892
f 888 892 105
f 891 892 888
f 105 915 889
f 915 112 914
f 889 914 104
f 915 914 889
f 105 892 915
f 892 106 916
f 915 916 112
f 892 916 915
f 100 888 872
f 888 105 887
f 872 887 99
f 888 887 872
f 99 887 870
f 887 105 886
f 870 886 98
f 887 886 870
f 99 870 947
f 870 98 946
f 947 946 122
f 870 946 947
f 122 946 945
f 946 98 868
f 945 868 97
f 946 868 945
f 98 867 868
f 867 72 865
f 868 865 97
f 867 865 868
f 79 816 814
f 816 80 815
f 814 815 78
f 816 815 814
f 79 1107 816
f 1107 174 1108
f 816 1108 80
f 1107 1108 816
f 78 1104 814
f 1104 172 1105
f 814 1105 79
f 1104 1105 814
f 172 1109 1105
f 1109 174 1107
f 1105 1107 79
f 1109 1107 1105
f 519 2152 2150
f 2152 520 2151
f 2150 2151 518
f 2152 2151 2150
f 520 2154 2151
f 2154 521 2153
f 2151 2153 518
f 2154 2153 2151
f 518 2215 2150
f 2215 548 2216
f 2150 2216 519
f 2215 2216 2150
f 518 2153 2257
f 2153 521 2258
f 2257 2258 568
f 2153 2258 2257
f 568 2260 2257
f 2260 548 2215
f 2257 2215 518
f 2260 2215 2257
f 531 2175 2174
f 2175 521 2154
f 2174 2154 520
f 2175 2154 2174
f 531 2174 2176
f 2174 520 2171
f 2176 2171 530
f 2174 2171 2176
f 531 2533 2536
f 2533 638 2538
f 2536 2538 639
f 2533 2538 2536
f 530 2532 2176
f 2532 638 2533
f 2176 2533 531
f 2532 2533 2176
f 483 2064 2133
f 2064 480 2130
f 2133 2130 509
f 2064 2130 2133
f 509 2135 2133
f 2135 500 2101
f 2133 2101 483
f 2135 2101 2133
f 500 2102 2101
f 2102 499 2100
f 2101 2100 483
f 2102 2100 2101
f 499 2322 2112
f 2322 580 2323
f 2112 2323 501
f 2322 2323 2112
f 501 2107 2112
f 2107 483 2100
f 2112 2100 499
f 2107 2100 2112
f 477 2116 2104
f 2116 505 2119
f 2104 2119 501
f 2116 2119 2104
f 501 2109 2110
f 2109 494 2097
f 2110 2097 497
f 2109 2097 2110
f 480 2064 2106
f 2064 483 2107
f 2106 2107 501
f 2064 2107 2106
f 501 2103 2106
f 2103 476 2060
f 2106 2060 480
f 2103 2060 2106
f 497 2093 2110
f 2093 478 2105
f 2110 2105 501
f 2093 2105 2110
f 478 2057 2105
f 2057 476 2103
f 2105 2103 501
f 2057 2103 2105
f 632 2512 2671
f 2512 567 2670
f 2671 2670 673
f 2512 2670 2671
f 632 2513 2512
f 2513 630 2507
f 2512 2507 567
f 2513 2507 2512
f 673 2672 2671
f 2672 672 2668
f 2671 2668 632
f 2672 2668 2671
f 636 2525 2526
f 2525 567 2505
f 2526 2505 629
f 2525 2505 2526
f 567 2507 2505
f 2507 630 2509
f 2505 2509 629
f 2507 2509 2505
f 644 2557 2554
f 2557 630 2506
f 2554 2506 521
f 2557 2506 2554
f 644 2556 2557
f 2556 629 2509
f 2557 2509 630
f 2556 2509 2557
f 562 2691 2695
f 2691 678 2696
f 2695 2696 679
f 2691 2696 2695
f 562 2246 2691
f 2246 563 2692
f 2691 2692 678
f 2246 2692 2691
f 679 2694 2695
f 2694 561 2244
f 2695 2244 562
f 2694 2244 2695
f 562 2244 2243
f 2244 561 2240
f 2243 2240 555
f 2244 2240 2243
f 564 2711 2717
f 2711 683 2719
f 2717 2719 684
f 2711 2719 2717
f 684 2716 2717
f 2716 563 2249
f 2717 2249 564
f 2716 2249 2717
f 565 2712 2251
f 2712 683 2711
f 2251 2711 564
f 2712 2711 2251
f 564 2247 2251
f 2247 553 2250
f 2251 2250 565
f 2247 2250 2251
f 553 2247 2224
f 2247 564 2248
f 2224 2248 554
f 2247 2248 2224
f 554 2248 2245
f 2248 564 2249
f 2245 2249 563
f 2248 2249 2245
f 563 2246 2245
f 2246 562 2242
f 2245 2242 554
f 2246 2242 2245
f 554 2242 2226
f 2242 562 2243
f 2226 2243 555
f 2242 2243 2226
f 680 2700 2701
f 2700 561 2694
f 2701 2694 679
f 2700 2694 2701
f 467 2702 2698
f 2702 681 2705
f 2698 2705 680
f 2702 2705 2698
f 557 2241 2699
f 2241 561 2700
f 2699 2700 680
f 2241 2700 2699
f 680 2705 2699
f 2705 681 2703
f 2699 2703 557
f 2705 2703 2699
f 679 2693 2701
f 2693 466 2697
f 2701 2697 680
f 2693 2697 2701
f 466 2029 2697
f 2029 467 2698
f 2697 2698 680
f 2029 2698 2697
f 674 2675 2674
f 2675 558 2233
f 2674 2233 557
f 2675 2233 2674
f 557 2703 2674
f 2703 681 2704
f 2674 2704 674
f 2703 2704 2674
f 675 2678 2680
f 2678 558 2675
f 2680 2675 674
f 2678 2675 2680
f 467 2676 2673
f 2676 675 2680
f 2673 2680 674
f 2676 2680 2673
f 674 2704 2673
f 2704 681 2702
f 2673 2702 467
f 2704 2702 2673
f 477 2328 2079
f 2328 581 2329
f 2079 2329 489
f 2328 2329 2079
f 489 2117 2079
f 2117 505 2116
f 2079 2116 477
f 2117 2116 2079
f 581 2330 2329
f 2330 505 2117
f 2329 2117 489
f 2330 2117 2329
f 498 2111 2118
f 2111 501 2119
f 2118 2119 505
f 2111 2119 2118
f 496 2391 2098
f 2391 595 2392
f 2098 2392 497
f 2391 2392 2098
f 497 2096 2098
f 2096 492 2092
f 2098 2092 496
f 2096 2092 2098
f 496 2092 2391
f 2092 492 2390
f 2391 2390 595
f 2092 2390 2391
f 320 1637 1641
f 1637 339 1643
f 1641 1643 340
f 1637 1643 1641
f 319 1636 1568
f 1636 339 1637
f 1568 1637 320
f 1636 1637 1568
f 592 2380 2373
f 2380 593 2376
f 2373 2376 252
f 2380 2376 2373
f 488 2378 2375
f 2378 593 2380
f 2375 2380 592
f 2378 2380 2375
f 592 2373 2374
f 2373 252 1343
f 2374 1343 254
f 2373 1343 2374
f 254 2076 2374
f 2076 488 2375
f 2374 2375 592
f 2076 2375 2374
f 603 2421 2420
f 2421 602 2418
f 2420 2418 597
f 2421 2418 2420
f 688 2739 2740
f 2739 602 2421
f 2740 2421 603
f 2739 2421 2740
f 434 1914 1919
f 1914 388 1918
f 1919 1918 436
f 1914 1918 1919
f 434 1915 1914
f 1915 433 1912
f 1914 1912 388
f 1915 1912 1914
f 434 1919 2270
f 1919 436 2272
f 2270 2272 571
f 1919 2272 2270
f 571 2279 2270
f 2279 570 2266
f 2270 2266 434
f 2279 2266 2270
f 570 2265 2266
f 2265 433 1915
f 2266 1915 434
f 2265 1915 2266
f 438 1923 1924
f 1923 381 1922
f 1924 1922 437
f 1923 1922 1924
f 381 1753 1922
f 1753 377 1921
f 1922 1921 437
f 1753 1921 1922
f 437 1921 1941
f 1921 377 1940
f 1941 1940 444
f 1921 1940 1941
f 527 2163 2162
f 2163 438 1924
f 2162 1924 437
f 2163 1924 2162
f 437 1941 2162
f 1941 444 2165
f 2162 2165 527
f 1941 2165 2162
f 435 1916 1930
f 1916 387 1929
f 1930 1929 440
f 1916 1929 1930
f 571 2272 2271
f 2272 436 1920
f 2271 1920 435
f 2272 1920 2271
f 435 1930 2271
f 1930 440 2275
f 2271 2275 571
f 1930 2275 2271
f 436 1918 1920
f 1918 388 1917
f 1920 1917 435
f 1918 1917 1920
f 388 1771 1917
f 1771 387 1916
f 1917 1916 435
f 1771 1916 1917
f 156 1067 2143
f 1067 153 2140
f 2143 2140 511
f 1067 2140 2143
f 312 1547 1551
f 1547 314 1552
f 1551 1552 315
f 1547 1552 1551
f 315 1550 1551
f 1550 296 1539
f 1551 1539 312
f 1550 1539 1551
f 312 1535 1537
f 1535 51 779
f 1537 779 57
f 1535 779 1537
f 57 781 1537
f 781 56 1536
f 1537 1536 312
f 781 1536 1537
f 57 779 780
f 779 51 772
f 780 772 52
f 779 772 780
f 52 776 780
f 776 56 781
f 780 781 57
f 776 781 780
f 54 777 775
f 777 56 778
f 775 778 55
f 777 778 775
f 55 778 773
f 778 56 776
f 773 776 52
f 778 776 773
f 55 773 963
f 773 52 962
f 963 962 126
f 773 962 963
f 126 970 963
f 970 127 967
f 963 967 55
f 970 967 963
f 288 1542 1457
f 1542 313 1540
f 1457 1540 54
f 1542 1540 1457
f 288 1462 1542
f 1462 289 1543
f 1542 1543 313
f 1462 1543 1542
f 467 2028 2033
f 2028 147 2030
f 2033 2030 468
f 2028 2030 2033
f 147 1059 2030
f 1059 148 2031
f 2030 2031 468
f 1059 2031 2030
f 468 2677 2033
f 2677 675 2676
f 2033 2676 467
f 2677 2676 2033
f 468 2681 2677
f 2681 676 2684
f 2677 2684 675
f 2681 2684 2677
f 677 2689 2685
f 2689 676 2681
f 2685 2681 468
f 2689 2681 2685
f 468 2031 2032
f 2031 148 1062
f 2032 1062 151
f 2031 1062 2032
f 291 1470 1481
f 1470 151 1478
f 1481 1478 293
f 1470 1478 1481
f 293 1479 1481
f 1479 274 1471
f 1481 1471 291
f 1479 1471 1481
f 151 1062 1478
f 1062 148 1477
f 1478 1477 293
f 1062 1477 1478
f 41 756 1415
f 756 45 1418
f 1415 1418 277
f 756 1418 1415
f 45 1413 1418
f 1413 274 1420
f 1418 1420 277
f 1413 1420 1418
f 277 1419 1417
f 1419 148 1058
f 1417 1058 44
f 1419 1058 1417
f 277 1480 1419
f 1480 293 1477
f 1419 1477 148
f 1480 1477 1419
f 274 1479 1420
f 1479 293 1480
f 1420 1480 277
f 1479 1480 1420
f 44 755 1417
f 755 42 1416
f 1417 1416 277
f 755 1416 1417
f 277 1416 1415
f 1416 42 753
f 1415 753 41
f 1416 753 1415
f 149 1489 1060
f 1489 296 1490
f 1060 1490 150
f 1489 1490 1060
f 294 1484 1483
f 1484 152 1064
f 1483 1064 151
f 1484 1064 1483
f 294 1483 1482
f 1483 151 1061
f 1482 1061 47
f 1483 1061 1482
f 569 2369 2264
f 2369 590 2368
f 2264 2368 550
f 2369 2368 2264
f 511 2140 2141
f 2140 153 1065
f 2141 1065 154
f 2140 1065 2141
f 154 1507 2141
f 1507 302 2144
f 2141 2144 511
f 1507 2144 2141
f 303 1511 1509
f 1511 302 1508
f 1509 1508 300
f 1511 1508 1509
f 301 1510 1506
f 1510 303 1509
f 1506 1509 300
f 1510 1509 1506
f 300 1502 1501
f 1502 154 1065
f 1501 1065 153
f 1502 1065 1501
f 302 1507 1508
f 1507 154 1502
f 1508 1502 300
f 1507 1502 1508
f 304 1512 1513
f 1512 302 1511
f 1513 1511 303
f 1512 1511 1513
f 304 1513 1564
f 1513 303 1563
f 1564 1563 319
f 1513 1563 1564
f 305 2444 1515
f 2444 612 2443
f 1515 2443 304
f 2444 2443 1515
f 319 1568 1564
f 1568 320 1566
f 1564 1566 304
f 1568 1566 1564
f 304 1566 1515
f 1566 320 1567
f 1515 1567 305
f 1566 1567 1515
f 304 2443 2145
f 2443 612 2445
f 2145 2445 511
f 2443 2445 2145
f 511 2144 2145
f 2144 302 1512
f 2145 1512 304
f 2144 1512 2145
f 336 1619 1620
f 1619 289 1466
f 1620 1466 290
f 1619 1466 1620
f 290 1625 1620
f 1625 337 1628
f 1620 1628 336
f 1625 1628 1620
f 286 1635 1629
f 1635 339 1638
f 1629 1638 338
f 1635 1638 1629
f 285 1634 1453
f 1634 339 1635
f 1453 1635 286
f 1634 1635 1453
f 347 1666 1669
f 1666 343 1668
f 1669 1668 348
f 1666 1668 1669
f 10 1004 858
f 1004 136 1005
f 858 1005 94
f 1004 1005 858
f 103 881 880
f 881 93 855
f 880 855 10
f 881 855 880
f 10 702 880
f 702 9 879
f 880 879 103
f 702 879 880
f 10 858 702
f 858 94 857
f 702 857 9
f 858 857 702
f 134 998 999
f 998 124 993
f 999 993 132
f 998 993 999
f 138 1021 1016
f 1021 139 1019
f 1016 1019 132
f 1021 1019 1016
f 132 993 992
f 993 124 955
f 992 955 123
f 993 955 992
f 123 1015 992
f 1015 138 1016
f 992 1016 132
f 1015 1016 992
f 18 716 715
f 716 20 717
f 715 717 19
f 716 717 715
f 18 1017 716
f 1017 139 1018
f 716 1018 20
f 1017 1018 716
f 140 1026 1023
f 1026 139 1017
f 1023 1017 18
f 1026 1017 1023
f 16 1022 712
f 1022 140 1023
f 712 1023 18
f 1022 1023 712
f 19 714 715
f 714 17 713
f 715 713 18
f 714 713 715
f 17 711 713
f 711 16 712
f 713 712 18
f 711 712 713
f 133 1002 1000
f 1002 135 1003
f 1000 1003 134
f 1002 1003 1000
f 140 1025 1024
f 1025 135 1002
f 1024 1002 133
f 1025 1002 1024
f 133 1020 1024
f 1020 139 1026
f 1024 1026 140
f 1020 1026 1024
f 134 999 1000
f 999 132 994
f 1000 994 133
f 999 994 1000
f 133 994 1020
f 994 132 1019
f 1020 1019 139
f 994 1019 1020
f 70 1436 806
f 1436 282 1437
f 806 1437 71
f 1436 1437 806
f 71 808 806
f 808 72 807
f 806 807 70
f 808 807 806
f 134 1003 996
f 1003 135 1001
f 996 1001 95
f 1003 1001 996
f 95 1001 1006
f 1001 135 1007
f 1006 1007 136
f 1001 1007 1006
f 136 1004 1006
f 1004 10 859
f 1006 859 95
f 1004 859 1006
f 95 859 861
f 859 10 855
f 861 855 93
f 859 855 861
f 121 941 950
f 941 99 947
f 950 947 122
f 941 947 950
f 119 952 943
f 952 124 954
f 943 954 121
f 952 954 943
f 121 942 943
f 942 118 937
f 943 937 119
f 942 937 943
f 122 949 950
f 949 118 942
f 950 942 121
f 949 942 950
f 284 1449 1443
f 1449 285 1447
f 1443 1447 67
f 1449 1447 1443
f 67 804 863
f 804 69 864
f 863 864 97
f 804 864 863
f 117 930 933
f 930 66 923
f 933 923 115
f 930 923 933
f 117 931 930
f 931 69 803
f 930 803 66
f 931 803 930
f 115 934 933
f 934 118 935
f 933 935 117
f 934 935 933
f 117 935 948
f 935 118 949
f 948 949 122
f 935 949 948
f 122 945 948
f 945 97 932
f 948 932 117
f 945 932 948
f 97 864 932
f 864 69 931
f 932 931 117
f 864 931 932
f 648 2566 2568
f 2566 531 2563
f 2568 2563 647
f 2566 2563 2568
f 643 2549 2552
f 2549 531 2536
f 2552 2536 639
f 2549 2536 2552
f 642 2546 2553
f 2546 531 2549
f 2553 2549 643
f 2546 2549 2553
f 643 2551 2553
f 2551 635 2547
f 2553 2547 642
f 2551 2547 2553
f 639 2537 2552
f 2537 634 2550
f 2552 2550 643
f 2537 2550 2552
f 634 2524 2550
f 2524 635 2551
f 2550 2551 643
f 2524 2551 2550
f 579 2317 2327
f 2317 501 2323
f 2327 2323 580
f 2317 2323 2327
f 578 2313 2321
f 2313 477 2316
f 2321 2316 579
f 2313 2316 2321
f 477 2104 2316
f 2104 501 2317
f 2316 2317 579
f 2104 2317 2316
f 579 2320 2321
f 2320 555 2315
f 2321 2315 578
f 2320 2315 2321
f 579 2319 2320
f 2319 554 2226
f 2320 2226 555
f 2319 2226 2320
f 579 2327 2318
f 2327 580 2325
f 2318 2325 553
f 2327 2325 2318
f 553 2224 2318
f 2224 554 2319
f 2318 2319 579
f 2224 2319 2318
f 630 2513 2511
f 2513 632 2514
f 2511 2514 631
f 2513 2514 2511
f 671 2665 2664
f 2665 670 2662
f 2664 2662 631
f 2665 2662 2664
f 631 2667 2664
f 2667 672 2669
f 2664 2669 671
f 2667 2669 2664
f 631 2514 2667
f 2514 632 2668
f 2667 2668 672
f 2514 2668 2667
f 568 2508 2510
f 2508 630 2511
f 2510 2511 631
f 2508 2511 2510
f 631 2662 2510
f 2662 670 2661
f 2510 2661 568
f 2662 2661 2510
f 629 2556 2540
f 2556 644 2558
f 2540 2558 640
f 2556 2558 2540
f 636 2526 2541
f 2526 629 2540
f 2541 2540 640
f 2526 2540 2541
f 640 2558 2539
f 2558 644 2555
f 2539 2555 531
f 2558 2555 2539
f 647 2563 2565
f 2563 531 2561
f 2565 2561 646
f 2563 2561 2565
f 560 2683 2687
f 2683 676 2689
f 2687 2689 677
f 2683 2689 2687
f 677 2686 2687
f 2686 556 2238
f 2687 2238 560
f 2686 2238 2687
f 494 2109 2089
f 2109 501 2108
f 2089 2108 493
f 2109 2108 2089
f 501 2111 2108
f 2111 498 2099
f 2108 2099 493
f 2111 2099 2108
f 323 1577 1616
f 1577 311 1615
f 1616 1615 335
f 1577 1615 1616
f 695 2775 2776
f 2775 611 2726
f 2776 2726 686
f 2775 2726 2776
f 695 2774 2775
f 2774 610 2442
f 2775 2442 611
f 2774 2442 2775
f 693 2767 2765
f 2767 692 2761
f 2765 2761 608
f 2767 2761 2765
f 693 2764 2767
f 2764 323 2758
f 2767 2758 692
f 2764 2758 2767
f 611 2442 2441
f 2442 610 2437
f 2441 2437 599
f 2442 2437 2441
f 599 2404 2405
f 2404 493 2099
f 2405 2099 498
f 2404 2099 2405
f 591 2372 2407
f 2372 493 2404
f 2407 2404 599
f 2372 2404 2407
f 299 1499 1522
f 1499 156 1521
f 1522 1521 307
f 1499 1521 1522
f 298 1500 1504
f 1500 299 1505
f 1504 1505 301
f 1500 1505 1504
f 298 1498 1500
f 1498 156 1499
f 1500 1499 299
f 1498 1499 1500
f 301 1506 1504
f 1506 300 1503
f 1504 1503 298
f 1506 1503 1504
f 153 1067 1497
f 1067 156 1498
f 1497 1498 298
f 1067 1498 1497
f 298 1503 1497
f 1503 300 1501
f 1497 1501 153
f 1503 1501 1497
f 128 974 971
f 974 116 925
f 971 925 53
f 974 925 971
f 53 966 971
f 966 127 975
f 971 975 128
f 966 975 971
f 53 774 966
f 774 55 967
f 966 967 127
f 774 967 966
f 289 1462 1460
f 1462 288 1459
f 1460 1459 60
f 1462 1459 1460
f 60 928 786
f 928 116 927
f 786 927 59
f 928 927 786
f 152 1484 1486
f 1484 294 1488
f 1486 1488 295
f 1484 1488 1486
f 47 1410 1407
f 1410 273 1412
f 1407 1412 272
f 1410 1412 1407
f 272 1485 1407
f 1485 294 1482
f 1407 1482 47
f 1485 1482 1407
f 272 1487 1485
f 1487 295 1488
f 1485 1488 294
f 1487 1488 1485
f 273 1493 1412
f 1493 296 1492
f 1412 1492 272
f 1493 1492 1412
f 296 1489 1492
f 1489 149 1408
f 1492 1408 272
f 1489 1408 1492
f 272 1408 1409
f 1408 149 1063
f 1409 1063 152
f 1408 1063 1409
f 152 1486 1409
f 1486 295 1487
f 1409 1487 272
f 1486 1487 1409
f 151 1064 2013
f 1064 152 2014
f 2013 2014 462
f 1064 2014 2013
f 152 1063 2017
f 1063 149 2015
f 2017 2015 463
f 1063 2015 2017
f 463 2018 2017
f 2018 462 2014
f 2017 2014 152
f 2018 2014 2017
f 622 2478 2479
f 2478 462 2018
f 2479 2018 463
f 2478 2018 2479
f 617 2481 2460
f 2481 622 2479
f 2460 2479 463
f 2481 2479 2460
f 463 2015 2016
f 2015 149 1060
f 2016 1060 150
f 2015 1060 2016
f 150 2456 2016
f 2456 616 2458
f 2016 2458 463
f 2456 2458 2016
f 463 2458 2460
f 2458 616 2463
f 2460 2463 617
f 2458 2463 2460
f 504 2114 2122
f 2114 498 2118
f 2122 2118 505
f 2114 2118 2122
f 585 2345 2344
f 2345 583 2336
f 2344 2336 512
f 2345 2336 2344
f 585 2344 2343
f 2344 512 2146
f 2343 2146 511
f 2344 2146 2343
f 585 2346 2345
f 2346 584 2342
f 2345 2342 583
f 2346 2342 2345
f 586 2349 2350
f 2349 584 2346
f 2350 2346 585
f 2349 2346 2350
f 511 2445 2343
f 2445 612 2446
f 2343 2446 585
f 2445 2446 2343
f 585 2446 2351
f 2446 612 2447
f 2351 2447 587
f 2446 2447 2351
f 513 2781 2785
f 2781 697 2787
f 2785 2787 698
f 2781 2787 2785
f 590 2369 2365
f 2369 569 2262
f 2365 2262 514
f 2369 2262 2365
f 338 1633 1630
f 1633 337 1624
f 1630 1624 287
f 1633 1624 1630
f 337 1625 1624
f 1625 290 1465
f 1624 1465 287
f 1625 1465 1624
f 287 1456 1630
f 1456 286 1629
f 1630 1629 338
f 1456 1629 1630
f 143 1043 1040
f 1043 97 865
f 1040 865 72
f 1043 865 1040
f 143 1439 1441
f 1439 282 1442
f 1441 1442 283
f 1439 1442 1441
f 143 1441 1445
f 1441 283 1446
f 1445 1446 284
f 1441 1446 1445
f 120 953 997
f 953 124 998
f 997 998 134
f 953 998 997
f 120 944 953
f 944 121 954
f 953 954 124
f 944 954 953
f 64 801 799
f 801 69 805
f 799 805 68
f 801 805 799
f 69 804 805
f 804 67 800
f 805 800 68
f 804 800 805
f 68 800 1448
f 800 67 1447
f 1448 1447 285
f 800 1447 1448
f 285 1453 1448
f 1453 286 1452
f 1448 1452 68
f 1453 1452 1448
f 68 1452 799
f 1452 286 1450
f 799 1450 64
f 1452 1450 799
f 521 2175 2569
f 2175 531 2570
f 2569 2570 649
f 2175 2570 2569
f 531 2566 2570
f 2566 648 2573
f 2570 2573 649
f 2566 2573 2570
f 649 2571 2569
f 2571 644 2554
f 2569 2554 521
f 2571 2554 2569
f 641 2542 2548
f 2542 531 2546
f 2548 2546 642
f 2542 2546 2548
f 641 2545 2542
f 2545 640 2539
f 2542 2539 531
f 2545 2539 2542
f 636 2541 2544
f 2541 640 2545
f 2544 2545 641
f 2541 2545 2544
f 641 2543 2544
f 2543 635 2527
f 2544 2527 636
f 2543 2527 2544
f 642 2547 2548
f 2547 635 2543
f 2548 2543 641
f 2547 2543 2548
f 550 2368 2220
f 2368 590 2367
f 2220 2367 545
f 2368 2367 2220
f 545 2219 2220
f 2219 549 2221
f 2220 2221 550
f 2219 2221 2220
f 545 2367 2359
f 2367 590 2371
f 2359 2371 589
f 2367 2371 2359
f 589 2361 2359
f 2361 556 2227
f 2359 2227 545
f 2361 2227 2359
f 556 2228 2227
f 2228 549 2219
f 2227 2219 545
f 2228 2219 2227
f 676 2683 2682
f 2683 560 2239
f 2682 2239 559
f 2683 2239 2682
f 675 2684 2679
f 2684 676 2682
f 2679 2682 559
f 2684 2682 2679
f 559 2236 2679
f 2236 558 2678
f 2679 2678 675
f 2236 2678 2679
f 552 2232 2235
f 2232 558 2236
f 2235 2236 559
f 2232 2236 2235
f 551 2237 2229
f 2237 560 2238
f 2229 2238 556
f 2237 2238 2229
f 589 2362 2360
f 2362 581 2331
f 2360 2331 551
f 2362 2331 2360
f 551 2229 2360
f 2229 556 2361
f 2360 2361 589
f 2229 2361 2360
f 551 2234 2237
f 2234 559 2239
f 2237 2239 560
f 2234 2239 2237
f 551 2331 2222
f 2331 581 2332
f 2222 2332 552
f 2331 2332 2222
f 552 2235 2222
f 2235 559 2234
f 2222 2234 551
f 2235 2234 2222
f 341 1649 1645
f 1649 340 1639
f 1645 1639 284
f 1649 1639 1645
f 284 1446 1645
f 1446 283 1644
f 1645 1644 341
f 1446 1644 1645
f 283 1533 1644
f 1533 311 1646
f 1644 1646 341
f 1533 1646 1644
f 686 2725 2724
f 2725 305 1514
f 2724 1514 276
f 2725 1514 2724
f 276 2773 2724
f 2773 695 2776
f 2724 2776 686
f 2773 2776 2724
f 609 2766 2436
f 2766 693 2765
f 2436 2765 608
f 2766 2765 2436
f 608 2432 2436
f 2432 591 2434
f 2436 2434 609
f 2432 2434 2436
f 591 2407 2434
f 2407 599 2435
f 2434 2435 609
f 2407 2435 2434
f 609 2435 2438
f 2435 599 2437
f 2438 2437 610
f 2435 2437 2438
f 610 2774 2770
f 2774 695 2777
f 2770 2777 694
f 2774 2777 2770
f 694 2769 2770
f 2769 609 2438
f 2770 2438 610
f 2769 2438 2770
f 693 2766 2771
f 2766 609 2769
f 2771 2769 694
f 2766 2769 2771
f 690 2750 2757
f 2750 605 2756
f 2757 2756 691
f 2750 2756 2757
f 690 2757 2749
f 2757 691 2753
f 2749 2753 347
f 2757 2753 2749
f 692 2758 2759
f 2758 323 1679
f 2759 1679 351
f 2758 1679 2759
f 351 2754 2759
f 2754 691 2762
f 2759 2762 692
f 2754 2762 2759
f 347 2753 1680
f 2753 691 2754
f 1680 2754 351
f 2753 2754 1680
f 316 1553 1554
f 1553 299 1519
f 1554 1519 306
f 1553 1519 1554
f 299 1522 1519
f 1522 307 1523
f 1519 1523 306
f 1522 1523 1519
f 306 1546 1554
f 1546 314 1556
f 1554 1556 316
f 1546 1556 1554
f 155 1520 1068
f 1520 307 1521
f 1068 1521 156
f 1520 1521 1068
f 150 1494 1066
f 1494 297 1495
f 1066 1495 155
f 1494 1495 1066
f 155 2457 1066
f 2457 616 2456
f 1066 2456 150
f 2457 2456 1066
f 155 1068 2142
f 1068 156 2143
f 2142 2143 511
f 1068 2143 2142
f 155 1516 1520
f 1516 306 1523
f 1520 1523 307
f 1516 1523 1520
f 297 1518 1495
f 1518 306 1516
f 1495 1516 155
f 1518 1516 1495
f 699 2790 2788
f 2790 616 2457
f 2788 2457 155
f 2790 2457 2788
f 511 2789 2142
f 2789 699 2788
f 2142 2788 155
f 2789 2788 2142
f 271 1549 1545
f 1549 315 1552
f 1545 1552 314
f 1549 1552 1545
f 314 1546 1545
f 1546 306 1517
f 1545 1517 271
f 1546 1517 1545
f 271 1517 1496
f 1517 306 1518
f 1496 1518 297
f 1517 1518 1496
f 271 1496 1406
f 1496 297 1494
f 1406 1494 150
f 1496 1494 1406
f 150 1490 1406
f 1490 296 1491
f 1406 1491 271
f 1490 1491 1406
f 296 1550 1491
f 1550 315 1549
f 1491 1549 271
f 1550 1549 1491
f 54 775 783
f 775 55 784
f 783 784 58
f 775 784 783
f 55 774 784
f 774 53 782
f 784 782 58
f 774 782 784
f 58 1458 783
f 1458 288 1457
f 783 1457 54
f 1458 1457 783
f 58 785 1458
f 785 60 1459
f 1458 1459 288
f 785 1459 1458
f 58 782 926
f 782 53 925
f 926 925 116
f 782 925 926
f 116 928 926
f 928 60 785
f 926 785 58
f 928 785 926
f 62 1463 1461
f 1463 290 1466
f 1461 1466 289
f 1463 1466 1461
f 289 1460 1461
f 1460 60 789
f 1461 789 62
f 1460 789 1461
f 617 2462 2466
f 2462 512 2464
f 2466 2464 618
f 2462 2464 2466
f 618 2464 2465
f 2464 512 2147
f 2465 2147 513
f 2464 2147 2465
f 620 2473 2688
f 2473 556 2686
f 2688 2686 677
f 2473 2686 2688
f 151 2013 2470
f 2013 462 2471
f 2470 2471 620
f 2013 2471 2470
f 677 2685 2688
f 2685 468 2472
f 2688 2472 620
f 2685 2472 2688
f 620 2472 2470
f 2472 468 2032
f 2470 2032 151
f 2472 2032 2470
f 583 2342 2338
f 2342 584 2341
f 2338 2341 582
f 2342 2341 2338
f 513 2337 2334
f 2337 583 2338
f 2334 2338 582
f 2337 2338 2334
f 589 2371 2363
f 2371 590 2370
f 2363 2370 582
f 2371 2370 2363
f 582 2341 2363
f 2341 584 2364
f 2363 2364 589
f 2341 2364 2363
f 503 2115 2121
f 2115 504 2122
f 2121 2122 505
f 2115 2122 2121
f 503 2340 2347
f 2340 584 2349
f 2347 2349 586
f 2340 2349 2347
f 586 2348 2347
f 2348 504 2115
f 2347 2115 503
f 2348 2115 2347
f 588 2406 2352
f 2406 599 2405
f 2352 2405 498
f 2406 2405 2352
f 498 2114 2352
f 2114 504 2353
f 2352 2353 588
f 2114 2353 2352
f 611 2441 2440
f 2441 599 2406
f 2440 2406 588
f 2441 2406 2440
f 588 2353 2355
f 2353 504 2348
f 2355 2348 586
f 2353 2348 2355
f 587 2439 2356
f 2439 611 2440
f 2356 2440 588
f 2439 2440 2356
f 588 2354 2356
f 2354 585 2351
f 2356 2351 587
f 2354 2351 2356
f 586 2350 2355
f 2350 585 2354
f 2355 2354 588
f 2350 2354 2355
f 569 2779 2263
f 2779 696 2778
f 2263 2778 515
f 2779 2778 2263
f 515 2149 2263
f 2149 514 2262
f 2263 2262 569
f 2149 2262 2263
f 515 2782 2148
f 2782 697 2781
f 2148 2781 513
f 2782 2781 2148
f 515 2778 2782
f 2778 696 2784
f 2782 2784 697
f 2778 2784 2782
f 513 2334 2148
f 2334 582 2335
f 2148 2335 515
f 2334 2335 2148
f 590 2365 2366
f 2365 514 2149
f 2366 2149 515
f 2365 2149 2366
f 515 2335 2366
f 2335 582 2370
f 2366 2370 590
f 2335 2370 2366
f 614 2452 2449
f 2452 613 2448
f 2449 2448 513
f 2452 2448 2449
f 614 2451 2450
f 2451 569 2264
f 2450 2264 550
f 2451 2264 2450
f 64 1450 794
f 1450 286 1451
f 794 1451 65
f 1450 1451 794
f 286 1456 1451
f 1456 287 1455
f 1451 1455 65
f 1456 1455 1451
f 66 803 798
f 803 69 802
f 798 802 65
f 803 802 798
f 65 802 794
f 802 69 801
f 794 801 64
f 802 801 794
f 72 808 810
f 808 71 809
f 810 809 73
f 808 809 810
f 73 1041 810
f 1041 143 1040
f 810 1040 72
f 1041 1040 810
f 73 809 1438
f 809 71 1437
f 1438 1437 282
f 809 1437 1438
f 282 1439 1438
f 1439 143 1041
f 1438 1041 73
f 1439 1041 1438
f 96 862 866
f 862 67 863
f 866 863 97
f 862 863 866
f 97 1043 866
f 1043 143 1042
f 866 1042 96
f 1043 1042 866
f 284 1443 1444
f 1443 67 862
f 1444 862 96
f 1443 862 1444
f 96 1042 1444
f 1042 143 1445
f 1444 1445 284
f 1042 1445 1444
f 99 941 869
f 941 121 940
f 869 940 91
f 941 940 869
f 121 944 940
f 944 120 938
f 940 938 91
f 944 938 940
f 91 873 871
f 873 101 876
f 871 876 100
f 873 876 871
f 100 872 871
f 872 99 869
f 871 869 91
f 872 869 871
f 644 2571 2560
f 2571 649 2572
f 2560 2572 645
f 2571 2572 2560
f 645 2572 2567
f 2572 649 2573
f 2567 2573 648
f 2572 2573 2567
f 645 2567 2564
f 2567 648 2568
f 2564 2568 647
f 2567 2568 2564
f 647 2565 2564
f 2565 646 2562
f 2564 2562 645
f 2565 2562 2564
f 531 2555 2559
f 2555 644 2560
f 2559 2560 645
f 2555 2560 2559
f 645 2562 2559
f 2562 646 2561
f 2559 2561 531
f 2562 2561 2559
f 668 2654 2653
f 2654 667 2650
f 2653 2650 628
f 2654 2650 2653
f 549 2649 2652
f 2649 667 2654
f 2652 2654 668
f 2649 2654 2652
f 666 2647 2648
f 2647 549 2503
f 2648 2503 628
f 2647 2503 2648
f 628 2650 2648
f 2650 667 2651
f 2648 2651 666
f 2650 2651 2648
f 666 2651 2647
f 2651 667 2649
f 2647 2649 549
f 2651 2649 2647
f 305 1567 1571
f 1567 320 1572
f 1571 1572 321
f 1567 1572 1571
f 321 1570 1571
f 1570 276 1514
f 1571 1514 305
f 1570 1514 1571
f 321 1572 1642
f 1572 320 1641
f 1642 1641 340
f 1572 1641 1642
f 340 1649 1642
f 1649 341 1647
f 1642 1647 321
f 1649 1647 1642
f 695 2773 2772
f 2773 276 1414
f 2772 1414 275
f 2773 1414 2772
f 275 2768 2772
f 2768 694 2777
f 2772 2777 695
f 2768 2777 2772
f 276 1570 1414
f 1570 321 1569
f 1414 1569 275
f 1570 1569 1414
f 323 2764 1576
f 2764 693 2763
f 1576 2763 275
f 2764 2763 1576
f 693 2771 2763
f 2771 694 2768
f 2763 2768 275
f 2771 2768 2763
f 597 2397 2403
f 2397 494 2400
f 2403 2400 598
f 2397 2400 2403
f 598 2399 2402
f 2399 493 2372
f 2402 2372 591
f 2399 2372 2402
f 604 2422 2433
f 2422 591 2432
f 2433 2432 608
f 2422 2432 2433
f 691 2756 2755
f 2756 605 2425
f 2755 2425 604
f 2756 2425 2755
f 604 2423 2422
f 2423 598 2402
f 2422 2402 591
f 2423 2402 2422
f 605 2424 2425
f 2424 598 2423
f 2425 2423 604
f 2424 2423 2425
f 608 2761 2433
f 2761 692 2760
f 2433 2760 604
f 2761 2760 2433
f 692 2762 2760
f 2762 691 2755
f 2760 2755 604
f 2762 2755 2760
f 688 2740 2748
f 2740 603 2745
f 2748 2745 689
f 2740 2745 2748
f 689 2742 2748
f 2742 343 2737
f 2748 2737 688
f 2742 2737 2748
f 689 2744 2742
f 2744 348 1668
f 2742 1668 343
f 2744 1668 2742
f 347 1669 2743
f 1669 348 2744
f 2743 2744 689
f 1669 2744 2743
f 689 2752 2743
f 2752 690 2749
f 2743 2749 347
f 2752 2749 2743
f 605 2750 2428
f 2750 690 2751
f 2428 2751 606
f 2750 2751 2428
f 690 2752 2751
f 2752 689 2746
f 2751 2746 606
f 2752 2746 2751
f 597 2403 2426
f 2403 598 2427
f 2426 2427 606
f 2403 2427 2426
f 606 2427 2428
f 2427 598 2424
f 2428 2424 605
f 2427 2424 2428
f 350 1675 1676
f 1675 323 1616
f 1676 1616 335
f 1675 1616 1676
f 350 1681 1675
f 1681 351 1679
f 1675 1679 323
f 1681 1679 1675
f 347 1680 1677
f 1680 351 1681
f 1677 1681 350
f 1680 1681 1677
f 335 1672 1676
f 1672 349 1678
f 1676 1678 350
f 1672 1678 1676
f 349 1674 1678
f 1674 347 1677
f 1678 1677 350
f 1674 1677 1678
f 61 788 787
f 788 60 786
f 787 786 59
f 788 786 787
f 61 790 788
f 790 62 789
f 788 789 60
f 790 789 788
f 61 787 796
f 787 59 795
f 796 795 66
f 787 795 796
f 63 1454 1464
f 1454 287 1465
f 1464 1465 290
f 1454 1465 1464
f 290 1463 1464
f 1463 62 792
f 1464 792 63
f 1463 792 1464
f 63 793 1454
f 793 65 1455
f 1454 1455 287
f 793 1455 1454
f 62 790 792
f 790 61 791
f 792 791 63
f 790 791 792
f 66 798 797
f 798 65 793
f 797 793 63
f 798 793 797
f 63 791 797
f 791 61 796
f 797 796 66
f 791 796 797
f 619 2469 2467
f 2469 618 2465
f 2467 2465 513
f 2469 2465 2467
f 513 2448 2467
f 2448 613 2468
f 2467 2468 619
f 2448 2468 2467
f 619 2468 2485
f 2468 613 2484
f 2485 2484 623
f 2468 2484 2485
f 621 2474 2482
f 2474 462 2478
f 2482 2478 622
f 2474 2478 2482
f 621 2477 2474
f 2477 620 2471
f 2474 2471 462
f 2477 2471 2474
f 622 2480 2482
f 2480 549 2475
f 2482 2475 621
f 2480 2475 2482
f 621 2475 2476
f 2475 549 2228
f 2476 2228 556
f 2475 2228 2476
f 556 2473 2476
f 2473 620 2477
f 2476 2477 621
f 2473 2477 2476
f 502 2113 2120
f 2113 503 2121
f 2120 2121 505
f 2113 2121 2120
f 584 2340 2339
f 2340 503 2113
f 2339 2113 502
f 2340 2113 2339
f 502 2120 2357
f 2120 505 2358
f 2357 2358 589
f 2120 2358 2357
f 589 2364 2357
f 2364 584 2339
f 2357 2339 502
f 2364 2339 2357
f 615 2780 2454
f 2780 696 2779
f 2454 2779 569
f 2780 2779 2454
f 569 2451 2454
f 2451 614 2455
f 2454 2455 615
f 2451 2455 2454
f 697 2784 2783
f 2784 696 2780
f 2783 2780 615
f 2784 2780 2783
f 615 2786 2783
f 2786 698 2787
f 2783 2787 697
f 2786 2787 2783
f 513 2785 2453
f 2785 698 2786
f 2453 2786 615
f 2785 2786 2453
f 615 2455 2453
f 2455 614 2449
f 2453 2449 513
f 2455 2449 2453
f 623 2484 2502
f 2484 613 2500
f 2502 2500 627
f 2484 2500 2502
f 613 2452 2500
f 2452 614 2501
f 2500 2501 627
f 2452 2501 2500
f 627 2501 2499
f 2501 614 2450
f 2499 2450 550
f 2501 2450 2499
f 628 2503 2504
f 2503 549 2498
f 2504 2498 627
f 2503 2498 2504
f 549 2483 2498
f 2483 623 2502
f 2498 2502 627
f 2483 2502 2498
f 92 939 995
f 939 120 997
f 995 997 134
f 939 997 995
f 92 854 939
f 854 91 938
f 939 938 120
f 854 938 939
f 134 996 995
f 996 95 860
f 995 860 92
f 996 860 995
f 101 873 874
f 873 91 854
f 874 854 92
f 873 854 874
f 92 856 874
f 856 93 875
f 874 875 101
f 856 875 874
f 92 860 856
f 860 95 861
f 856 861 93
f 860 861 856
f 669 2659 2658
f 2659 668 2653
f 2658 2653 628
f 2659 2653 2658
f 669 2657 2656
f 2657 627 2499
f 2656 2499 550
f 2657 2499 2656
f 628 2504 2658
f 2504 627 2657
f 2658 2657 669
f 2504 2657 2658
f 550 2221 2656
f 2221 549 2655
f 2656 2655 669
f 2221 2655 2656
f 549 2652 2655
f 2652 668 2659
f 2655 2659 669
f 2652 2659 2655
f 323 1576 1578
f 1576 275 1573
f 1578 1573 322
f 1576 1573 1578
f 322 1573 1575
f 1573 275 1569
f 1575 1569 321
f 1573 1569 1575
f 322 1575 1648
f 1575 321 1647
f 1648 1647 341
f 1575 1647 1648
f 311 1577 1574
f 1577 323 1578
f 1574 1578 322
f 1577 1578 1574
f 322 1648 1574
f 1648 341 1646
f 1574 1646 311
f 1648 1646 1574
f 494 2089 2091
f 2089 493 2090
f 2091 2090 495
f 2089 2090 2091
f 495 2401 2091
f 2401 598 2400
f 2091 2400 494
f 2401 2400 2091
f 493 2399 2090
f 2399 598 2401
f 2090 2401 495
f 2399 2401 2090
f 607 2430 2429
f 2430 603 2420
f 2429 2420 597
f 2430 2420 2429
f 597 2426 2429
f 2426 606 2431
f 2429 2431 607
f 2426 2431 2429
f 607 2747 2430
f 2747 689 2745
f 2430 2745 603
f 2747 2745 2430
f 607 2431 2747
f 2431 606 2746
f 2747 2746 689
f 2431 2746 2747
f 618 2491 2495
f 2491 625 2497
f 2495 2497 626
f 2491 2497 2495
f 626 2496 2494
f 2496 622 2481
f 2494 2481 617
f 2496 2481 2494
f 617 2466 2494
f 2466 618 2495
f 2494 2495 626
f 2466 2495 2494
f 626 2493 2496
f 2493 549 2480
f 2496 2480 622
f 2493 2480 2496
f 626 2497 2493
f 2497 625 2490
f 2493 2490 549
f 2497 2490 2493
f 624 2489 2486
f 2489 623 2483
f 2486 2483 549
f 2489 2483 2486
f 549 2490 2486
f 2490 625 2492
f 2486 2492 624
f 2490 2492 2486
f 624 2488 2489
f 2488 619 2485
f 2489 2485 623
f 2488 2485 2489
f 624 2492 2487
f 2492 625 2491
f 2487 2491 618
f 2492 2491 2487
f 618 2469 2487
f 2469 619 2488
f 2487 2488 624
f 2469 2488 2487

