# https://github.com/mikedh/trimesh
v 0.04266322 -0.08033162 -0.00822555
v 0.04791787 -0.07687415 -0.01098999
v 0.05274192 -0.07368724 -0.01219457
v 0.05594524 -0.07104361 -0.01284436
v 0.06576456 -0.05869828 -0.01391416
v 0.06260971 -0.06396391 -0.01362180
v 0.05988184 -0.06718728 -0.01340144
v 0.05722332 0.04966821 -0.01870003
v 0.07225933 0.01565516 -0.01563890
v 0.07227518 0.00011567 -0.01602467
v 0.07093183 0.03122638 -0.01537334
v 0.06298682 0.06416281 -0.01332259
v 0.06545940 0.06074080 -0.01334028
v 0.06749451 0.05723560 -0.01326063
v 0.06938500 0.05165800 -0.01344142
v 0.07007997 0.04762877 -0.01372404
v 0.07058091 0.04093161 -0.01441807
v 0.04337881 0.08026942 -0.00821374
v 0.04667114 0.07772120 -0.01048048
v 0.05151566 0.07459725 -0.01190627
v 0.05493810 0.07192324 -0.01265790
v 0.05903270 0.06832942 -0.01317237
v 0.06164712 0.06553384 -0.01338139
v 0.07219801 -0.00760571 -0.01598728
v 0.06884686 -0.04771831 -0.01461491
v 0.07079612 -0.03191921 -0.01539469
v 0.07208466 -0.01622652 -0.01573469
v 0.07713921 0.05499720 -0.00096829
v 0.07474409 0.06197460 -0.00079742
v 0.07213920 0.06685762 -0.00081578
v 0.06900055 0.07122161 -0.00078501
v 0.06501261 0.07523675 -0.00091094
v 0.05942929 0.07934519 -0.00085046
v 0.05291116 0.08242327 -0.00092541
v 0.08072214 0.02623322 -0.00242489
v 0.08183399 -0.00000372 -0.00251202
v 0.07955341 0.03833859 -0.00204347
v 0.07802006 0.05059766 -0.00120810
v 0.07942116 0.03965630 -0.00193756
v 0.08180974 -0.00612822 -0.00240917
v 0.08072796 -0.02632989 -0.00238559
v 0.03691949 -0.08545356 -0.00089957
v 0.04135835 -0.08492235 -0.00111124
v 0.04611902 -0.08429131 -0.00099959
v 0.05271142 -0.08249389 -0.00091792
v 0.05722906 -0.08055719 -0.00086418
v 0.06249939 -0.07729248 -0.00086886
v 0.06593245 -0.07444535 -0.00083349
v 0.06862088 -0.07169221 -0.00073685
v 0.07264797 -0.06597793 -0.00085176
v 0.07472488 -0.06202153 -0.00078405
v 0.07705043 -0.05499777 -0.00118243
v 0.07800484 -0.05070314 -0.00119460
v 0.07912257 -0.04166369 -0.00199018
v 0.07940046 -0.03952657 -0.00203237
v 0.03683365 0.08534604 -0.00121221
v 0.04155511 0.08491967 -0.00108822
v 0.04527627 0.08440295 -0.00108827
v 0.04688129 0.08414925 -0.00095819
v 0.07802908 -0.05748288 0.00525181
v 0.07830056 -0.05587081 0.00434628
v 0.07932927 -0.05209014 0.00491312
v 0.07450827 -0.06523770 0.00346428
v 0.07651898 -0.06192764 0.00545337
v 0.07353879 -0.06780901 0.00524508
v 0.07112073 -0.07138453 0.00522214
v 0.06813636 -0.07484703 0.00515481
v 0.07379886 0.06742589 0.00535253
v 0.07505066 0.06516225 0.00543860
v 0.07451644 0.06509674 0.00320104
v 0.07698339 0.06071078 0.00539117
v 0.07753499 0.05912174 0.00533860
v 0.07837366 0.05567052 0.00443845
v 0.07931221 0.05246565 0.00519428
v 0.07147444 0.07095284 0.00530834
v 0.06749684 0.07437719 0.00220056
v 0.05689357 0.08154975 0.00105070
v 0.08060489 -0.04338070 0.00421179
v 0.08328724 0.00002435 0.00371139
v 0.08289023 -0.01602400 0.00333045
v 0.08180083 -0.03214650 0.00368027
v 0.08014352 0.04695701 0.00440746
v 0.08280586 0.01554794 0.00286017
v 0.08253537 0.02274170 0.00345849
v 0.08127860 0.03761931 0.00397726
v 0.04286469 0.11032549 0.06290125
v 0.04257764 0.10725556 0.05425456
v 0.04674697 0.12069656 0.25808920
v 0.04675578 -0.12082435 0.25751901
v 0.04317960 -0.10950105 0.06061843
v 0.04274246 -0.11301524 0.07443736
v 0.06043456 0.11612973 0.18573056
v 0.06308123 0.10671332 0.10343265
v 0.06365674 0.10534145 0.09448264
v 0.06450638 0.10339755 0.08305638
v 0.06461899 0.10323548 0.08253853
v 0.06350117 0.10409977 0.08136511
v 0.06379113 0.10386583 0.08150565
v 0.06287867 0.10455440 0.08080239
v 0.06165196 0.10542929 0.07988250
v 0.06037471 0.10629585 0.07919743
v 0.05805614 0.10775734 0.07855452
v 0.05647529 0.10868607 0.07860113
v 0.05959792 0.10680370 0.07892789
v 0.05308755 0.11035539 0.07851937
v 0.09037655 0.07723212 0.17385023
v 0.06890390 0.09857226 0.08097985
v 0.07091029 0.09600007 0.08097644
v 0.06827449 0.10199676 0.10343378
v 0.05356351 0.12076587 0.20595170
v 0.05715621 0.12123783 0.23071626
v 0.05561549 0.12176792 0.22930819
v 0.08411820 0.06081714 0.05380871
v 0.08963532 0.00922568 0.05363722
v 0.08366232 0.05270148 0.03565510
v 0.08223718 0.06009939 0.03558739
v 0.08483196 0.04491952 0.03568443
v 0.08124450 0.05306759 0.01722743
v 0.07926879 0.06077869 0.01668919
v 0.08101407 0.06020605 0.02656348
v 0.08655967 0.02982509 0.03567324
v 0.08521536 0.01683864 0.01751142
v 0.08721461 0.00000343 0.02944504
v 0.08560942 -0.00005258 0.01719908
v 0.07995901 0.06365619 0.02605735
v 0.07996170 0.06711862 0.03332302
v 0.08148037 0.06305516 0.03518533
v 0.07608083 0.07417738 0.03015257
v 0.07809186 0.07667007 0.04639794
v 0.08106401 0.07029769 0.04992300
v 0.08336480 0.06381634 0.05326641
v 0.07436407 0.08209272 0.04346596
v 0.07216778 0.07414029 0.01539793
v 0.07592869 0.06850922 0.01595174
v 0.07736071 0.06569051 0.01625822
v 0.07805886 0.06407683 0.01639083
v 0.06268662 0.10431077 0.07719111
v 0.06785699 0.09902279 0.07499636
v 0.06427484 0.10290879 0.07691122
v 0.07177709 0.09356077 0.07229972
v 0.07454217 0.08853337 0.06851862
v 0.07707311 0.08294440 0.06349770
v 0.04591463 0.11136317 0.06958295
v 0.07199315 0.08483228 0.04245818
v 0.07443170 0.08381176 0.04829828
v 0.05448844 0.10886862 0.07265587
v 0.06204932 0.10406280 0.07210100
v 0.05153103 0.10863869 0.06613652
v 0.07851228 0.07666744 0.04922601
v 0.07944988 0.07597040 0.05491302
v 0.07549710 0.08646626 0.06618846
v 0.06833591 0.09803450 0.07201842
v 0.07166445 0.09271183 0.06622292
v 0.05949008 0.10027415 0.05321765
v 0.04602870 0.10663577 0.05491661
v 0.07649736 0.08232389 0.05478874
v 0.06947095 0.08994289 0.04778417
v 0.07212721 0.08900896 0.05399875
v 0.07428298 0.08754732 0.06048578
v 0.06297290 0.09565039 0.04760945
v 0.06629140 0.09522031 0.05332097
v 0.06943205 0.09408224 0.05986429
v 0.05233712 0.10405290 0.05379318
v 0.06299667 0.10002621 0.05934084
v 0.05565894 0.10462423 0.05937952
v 0.06610825 0.09915356 0.06580340
v 0.05912967 0.10462420 0.06565056
v 0.06679534 0.11203935 0.18526962
v 0.07697678 0.10156329 0.18027966
v 0.07855994 0.09953516 0.18011485
v 0.08549035 0.08858253 0.17853223
v 0.08827093 0.08307701 0.17778246
v 0.07807066 0.10061363 0.18440696
v 0.08244301 0.09423747 0.18335834
v 0.08675853 0.08658693 0.18253743
v 0.08878430 0.08244728 0.18188991
v 0.07018616 0.10924490 0.18506604
v 0.07291606 0.10662070 0.18485444
v 0.07614163 0.10302969 0.18443729
v 0.10333857 0.00000244 0.17265389
v 0.09393505 0.06966018 0.18011686
v 0.09719266 0.05881059 0.17905915
v 0.09856228 0.05311955 0.17857916
v 0.09973180 0.04739578 0.17814480
v 0.10083266 0.04090787 0.17772605
v 0.10161815 0.03524619 0.17742205
v 0.10287506 0.02233930 0.17692742
v 0.10362189 0.00000283 0.17708709
v 0.10351476 0.00844373 0.17671792
v 0.08325430 0.09219069 0.19537451
v 0.08867147 0.08249615 0.18550305
v 0.08749066 0.08299113 0.20345697
v 0.07775218 0.09774711 0.23249582
v 0.07400123 0.10411225 0.23210176
v 0.08316361 0.09126730 0.20782684
v 0.05815925 0.12098483 0.24067782
v 0.06767215 0.11255408 0.23963152
v 0.07135277 0.10757604 0.24003347
v 0.06884383 0.10971224 0.24808610
v 0.05839658 0.12020670 0.24862592
v 0.05493269 0.11997886 0.25699020
v 0.08156161 0.04722941 0.01173082
v 0.08247646 0.03999834 0.01145238
v 0.08373158 0.02661811 0.01107927
v 0.08445569 0.01304887 0.01099072
v 0.08457042 -0.00012185 0.01082143
v 0.08290222 0.04060007 0.01502557
v 0.08423668 0.02701089 0.01473921
v 0.08034545 0.05300540 0.01177330
v 0.07522086 0.06698969 0.00990513
v 0.07924599 0.05731622 0.01120719
v 0.09031167 -0.07738462 0.17386104
v 0.07093818 -0.09595143 0.08100250
v 0.04857863 -0.11224623 0.08057054
v 0.05582364 -0.10922864 0.08082549
v 0.05477349 -0.11075731 0.09217199
v 0.06255808 -0.10482280 0.08091875
v 0.06377018 -0.10500353 0.09220453
v 0.06544920 -0.10228739 0.08095469
v 0.06830401 -0.09927531 0.08098617
v 0.05359105 -0.11224207 0.10341129
v 0.06264361 -0.10703959 0.10343142
v 0.04868769 -0.11998672 0.18049677
v 0.04908890 -0.12019437 0.18429083
v 0.04951550 -0.12026515 0.18628575
v 0.05073484 -0.12042408 0.19171736
v 0.05290999 -0.12095161 0.20589986
v 0.05501291 -0.12160222 0.22371888
v 0.05703447 -0.12128169 0.23061649
v 0.08962973 -0.00941941 0.05363760
v 0.08871515 -0.02622325 0.05364404
v 0.08412212 -0.06080141 0.05382693
v 0.08392776 -0.03366695 0.01769140
v 0.08519368 -0.01683602 0.01734971
v 0.08366419 -0.05269065 0.03566430
v 0.08485054 -0.04477797 0.03569325
v 0.08224067 -0.06005343 0.03554626
v 0.08099330 -0.06029175 0.02657584
v 0.07917745 -0.06103982 0.01664042
v 0.07579412 -0.06874451 0.01592466
v 0.07736028 -0.06569331 0.01625888
v 0.07606303 -0.07419752 0.03014002
v 0.07193982 -0.07441744 0.01538679
v 0.07807905 -0.06402190 0.01639766
v 0.07995902 -0.06365004 0.02605732
v 0.07995665 -0.06711875 0.03330637
v 0.08147169 -0.06303399 0.03508750
v 0.08225959 -0.06310842 0.04143188
v 0.07440801 -0.08203569 0.04349572
v 0.07811469 -0.07662179 0.04642177
v 0.08105468 -0.07032693 0.04994687
v 0.08336537 -0.06382719 0.05331487
v 0.07920175 -0.07702263 0.05713549
v 0.07682814 -0.08355496 0.06418938
v 0.06748031 -0.09945960 0.07514088
v 0.06469565 -0.10248237 0.07660352
v 0.06236784 -0.10457538 0.07731271
v 0.05713677 -0.10833185 0.07885619
v 0.05109309 -0.11132362 0.08013900
v 0.07146932 -0.09404635 0.07259482
v 0.07433691 -0.08895929 0.06897493
v 0.04675723 -0.11191109 0.07345511
v 0.07852676 -0.07665917 0.04932416
v 0.06844591 -0.09793751 0.07225028
v 0.06621001 -0.09910270 0.06602997
v 0.06208422 -0.10407419 0.07234842
v 0.04602738 -0.10666976 0.05501223
v 0.05159218 -0.10867523 0.06637680
v 0.05457167 -0.10890085 0.07308111
v 0.07946977 -0.07594287 0.05503717
v 0.06305479 -0.09563842 0.04773733
v 0.06952260 -0.08992466 0.04789101
v 0.06637562 -0.09519353 0.05347781
v 0.07218992 -0.08896851 0.05415728
v 0.06951183 -0.09403714 0.06005997
v 0.07432349 -0.08751285 0.06066271
v 0.07170439 -0.09268641 0.06642077
v 0.07202780 -0.08481234 0.04252638
v 0.07447367 -0.08378314 0.04841429
v 0.07653142 -0.08228976 0.05493090
v 0.07551730 -0.08645413 0.06639544
v 0.05242282 -0.10406405 0.05392524
v 0.05924570 -0.10460865 0.06588536
v 0.06310223 -0.09999965 0.05953304
v 0.05575529 -0.10463171 0.05955958
v 0.05957143 -0.10027286 0.05336002
v 0.07760542 -0.10120316 0.18433618
v 0.07597619 -0.10321688 0.18439598
v 0.05942153 -0.11665036 0.18578342
v 0.07180325 -0.10772653 0.18493218
v 0.06603944 -0.11260072 0.18537894
v 0.08256107 -0.09403512 0.18318817
v 0.08685480 -0.08637675 0.18208849
v 0.08872441 -0.08256223 0.18164036
v 0.10351451 -0.00842720 0.17671873
v 0.10282998 -0.02295515 0.17693980
v 0.10161782 -0.03525286 0.17741687
v 0.10083187 -0.04091407 0.17772715
v 0.09966867 -0.04772334 0.17816824
v 0.09855959 -0.05312394 0.17858059
v 0.09718449 -0.05883597 0.17906523
v 0.09393505 -0.06965300 0.18010318
v 0.08322366 -0.09223761 0.19537162
v 0.08303967 -0.09148976 0.20777499
v 0.07387202 -0.10430802 0.23205137
v 0.07739917 -0.09839819 0.23247155
v 0.05829123 -0.12094891 0.23873824
v 0.06768099 -0.11253615 0.23964708
v 0.07133813 -0.10759038 0.24004465
v 0.06902594 -0.10942649 0.24810115
v 0.05840472 -0.12019271 0.24865195
v 0.05818991 -0.12095454 0.24086939
v 0.05479102 -0.11995421 0.25724580
v 0.08046330 -0.05314513 0.01129664
v 0.08289980 -0.04063765 0.01504994
v 0.08375669 -0.02672186 0.01128238
v 0.08062448 -0.05303918 0.01209390
v 0.08159217 -0.04700647 0.01170433
v 0.08247266 -0.04004951 0.01147162
v 0.07533729 -0.06676955 0.00992243
v 0.07904250 -0.05789986 0.01102120
v 0.07199118 -0.05184719 -0.01071355
v -0.00221810 0.12755624 0.21868856
v -0.00825027 0.12712774 0.21987523
v 0.01625014 0.12712164 0.21970919
v 0.01010926 0.12755663 0.21866148
v 0.00392139 0.12769949 0.21827713
v 0.01015277 -0.12755768 0.21852006
v 0.01626972 -0.12712041 0.21959845
v -0.00823008 -0.12712842 0.21987190
v -0.00219041 -0.12755661 0.21867000
v 0.00398295 -0.12770116 0.21818663
v -0.00775595 0.11682077 0.08054388
v 0.02911053 0.11681380 0.08048700
v 0.03402789 0.11655274 0.08075574
v 0.03748083 0.11595856 0.08011657
v 0.04192348 0.11501866 0.08069955
v 0.04716711 0.11322280 0.08063924
v 0.04895325 0.11253445 0.08116223
v 0.02915135 0.11625952 0.07760835
v -0.00753430 0.11641981 0.07829217
v 0.03402976 0.11601430 0.07778302
v 0.04157949 0.11468758 0.07830116
v -0.05400049 0.07361681 -0.00935728
v -0.05559345 0.07017564 -0.01126394
v -0.05773974 0.06647697 -0.01231140
v -0.05833930 0.06482374 -0.01282034
v -0.05980417 0.06135983 -0.01345023
v -0.06178908 0.05631594 -0.01383108
v -0.06256937 0.05341032 -0.01399353
v -0.06302562 0.05189171 -0.01396575
v -0.06342933 0.05007398 -0.01396730
v -0.06380763 0.04530719 -0.01419286
v -0.06378821 0.02581864 -0.01510661
v -0.06367532 0.00603686 -0.01548216
v -0.06364281 -0.00003731 -0.01551901
v -0.06376644 -0.01970840 -0.01526354
v -0.06386410 -0.03962774 -0.01449945
v -0.06383237 -0.04532882 -0.01417107
v -0.06353803 -0.04943996 -0.01397590
v -0.06304513 -0.05210147 -0.01391204
v -0.06140704 -0.05752146 -0.01374047
v -0.05927165 -0.06263076 -0.01325780
v -0.05754003 -0.06645163 -0.01244723
v -0.05579921 -0.07001872 -0.01124611
v -0.05319987 -0.07478381 -0.00864997
v -0.07246649 0.02145864 -0.00168576
v -0.07288803 0.03669126 -0.00008424
v -0.04746430 0.08301237 -0.00103240
v -0.05202229 0.08103904 -0.00117460
v -0.06917924 0.06324993 -0.00029878
v -0.06672751 0.06772650 -0.00065638
v -0.06263685 0.07305800 -0.00095828
v -0.05980946 0.07563171 -0.00136925
v -0.05471169 0.07944561 -0.00134429
v -0.07163519 0.05619628 0.00017104
v -0.07270779 0.04946687 0.00042477
v -0.07287322 0.04671242 0.00047334
v -0.07290197 0.04631873 0.00053186
v -0.07290887 0.04611188 0.00053817
v -0.07291474 0.04310433 0.00032610
v -0.07154085 0.00077598 -0.00401798
v -0.07191629 -0.00576202 -0.00316409
v -0.07266616 -0.02793825 -0.00101661
v -0.07291594 -0.03750743 0.00007058
v -0.07291365 -0.04602018 0.00054968
v -0.07290445 -0.04628351 0.00053802
v -0.07158753 -0.05634985 0.00013811
v -0.07273935 -0.04899424 0.00043016
v -0.07287596 -0.04665996 0.00047702
v -0.06929507 -0.06294377 -0.00033275
v -0.06705767 -0.06718771 -0.00062226
v -0.06521661 -0.06987309 -0.00086335
v -0.06071720 -0.07488127 -0.00121556
v -0.04797073 -0.08284459 -0.00100911
v -0.05463143 -0.07948808 -0.00135374
v -0.07336973 0.05991048 0.01449728
v -0.07546724 0.05480456 0.02812059
v -0.07565483 0.05590560 0.03094875
v -0.07499922 0.06139914 0.02918961
v -0.07371742 0.04683075 0.00598897
v -0.07443533 0.05001263 0.01447115
v -0.06785157 0.06867239 0.00438683
v -0.05811758 0.07766638 -0.00020665
v -0.07395264 0.06549906 0.02795589
v -0.07297681 0.06807180 0.02708916
v -0.07119387 0.06588834 0.01275480
v -0.07594205 0.05815580 0.03588506
v -0.07615628 0.06076484 0.04081654
v -0.06363183 0.09934150 0.06031959
v -0.05836558 0.10315465 0.05841060
v -0.06672372 0.10036645 0.07794019
v -0.06223062 0.10532132 0.07958696
v -0.06228272 0.10437498 0.07267538
v -0.07081932 0.09362089 0.07497867
v -0.06820022 0.09445150 0.06235303
v -0.07308756 0.08795545 0.07166416
v -0.07318701 0.08584561 0.06566594
v -0.07476785 0.08179625 0.06806028
v -0.07604488 0.07046635 0.05615333
v -0.07324126 0.08090246 0.05552643
v -0.07548249 0.07680674 0.06284573
v -0.05809169 0.10572278 0.06471427
v -0.04753428 0.10961730 0.06085790
v -0.05253736 0.10614258 0.05721570
v -0.05819373 0.10857558 0.08084350
v -0.05373613 0.11124499 0.08189249
v -0.05690388 0.10828335 0.07169091
v -0.04690937 0.11399275 0.08338920
v -0.05157737 0.11085742 0.07053725
v -0.04698761 0.11344783 0.07649926
v -0.04692584 0.11205350 0.06828477
v -0.06656359 0.09999378 0.07385709
v -0.06973658 0.09562653 0.07540964
v -0.07618950 0.06301493 0.04442665
v -0.05820494 -0.07746765 -0.00043115
v -0.06817670 -0.06817976 0.00456637
v -0.07547677 -0.05803903 0.03024480
v -0.07567898 -0.05552765 0.03103059
v -0.07482034 -0.05150931 0.01923027
v -0.07372143 -0.04673365 0.00600797
v -0.07118968 -0.06589638 0.01276462
v -0.07338416 -0.05985417 0.01452443
v -0.07374200 -0.06611048 0.02776273
v -0.07450501 -0.06356921 0.02852988
v -0.07426206 -0.04918767 0.01233026
v -0.07596361 -0.05792757 0.03598017
v -0.07613913 -0.06088032 0.04075818
v -0.07323256 -0.08091502 0.05551659
v -0.06822619 -0.09432895 0.06215955
v -0.05814319 -0.10861235 0.08094728
v -0.06364524 -0.10390703 0.07886918
v -0.05463941 -0.11048560 0.07807994
v -0.07465822 -0.08236373 0.06859983
v -0.07317395 -0.08586308 0.06563753
v -0.07299537 -0.08823495 0.07186156
v -0.07616718 -0.06985060 0.05642760
v -0.07566345 -0.07196209 0.05519005
v -0.07537383 -0.07773140 0.06384153
v -0.07605240 -0.07089229 0.05698613
v -0.05199802 -0.11208541 0.08241186
v -0.04790388 -0.11359292 0.08198469
v -0.05828836 -0.10319543 0.05838900
v -0.05256920 -0.10613588 0.05725366
v -0.05815691 -0.10574065 0.06493967
v -0.04782097 -0.11098472 0.06535004
v -0.04743755 -0.11293169 0.07368055
v -0.04722797 -0.10858708 0.05798622
v -0.06979666 -0.09554876 0.07555779
v -0.06743646 -0.09749406 0.06796846
v -0.06600788 -0.10065375 0.07382514
v -0.05706006 -0.10812794 0.07143855
v -0.06350556 -0.09941330 0.06018445
v -0.07084288 -0.09358747 0.07506741
v -0.06821381 -0.09827032 0.07731455
v -0.07616980 -0.06312235 0.04437089
v -0.07623920 -0.06666275 0.05152888
v -0.07374262 0.04307879 0.00585081
v -0.07613377 -0.02913466 0.03376848
v -0.07600861 -0.05181642 0.03380285
v -0.07814518 -0.02981633 0.06286086
v -0.07579562 -0.05616703 0.03281882
v -0.07614914 -0.05741905 0.03811037
v -0.07660317 -0.05820889 0.04480702
v -0.07801900 -0.05182770 0.06292153
v -0.07775326 -0.05915833 0.06300497
v -0.07600841 0.05182794 0.03380154
v -0.07773707 0.05943929 0.06299497
v -0.07660658 0.05818752 0.04483889
v -0.07815842 0.04070761 0.06287115
v -0.07640029 0.05791941 0.04180163
v -0.07603102 0.05702421 0.03632088
v -0.07613314 0.02913348 0.03376009
v -0.07624778 -0.09353756 0.21199818
v -0.07580648 -0.09466615 0.22445835
v -0.06446201 -0.10988801 0.21175267
v -0.06151217 -0.11256028 0.21155409
v -0.06180869 -0.11270140 0.22402004
v -0.06792227 -0.10622365 0.23778201
v -0.06981315 -0.10379621 0.23804776
v -0.06981775 -0.10422343 0.22431740
v -0.07288784 -0.09925083 0.23813853
v -0.06233934 -0.11215197 0.23715330
v -0.04830496 -0.12175653 0.23100761
v -0.04820386 -0.12183811 0.23619056
v -0.05658309 -0.11688943 0.23676651
v -0.04793019 -0.12111788 0.21089797
v -0.05782866 -0.11543153 0.21139881
v -0.06026692 -0.11358617 0.21152482
v -0.06855179 -0.10547067 0.21189661
v -0.07534883 -0.09531116 0.21206848
v -0.07419427 -0.09738881 0.21208771
v -0.07022922 -0.10335528 0.21191984
v -0.04819472 -0.11917553 0.25791312
v -0.04559634 -0.11916032 0.26100888
v -0.06235322 -0.11145409 0.24403996
v -0.04831814 -0.12170186 0.23991568
v -0.04861250 -0.12078027 0.24886662
v -0.06598326 -0.10588169 0.25169774
v -0.06101431 -0.11119602 0.25143841
v -0.07361616 -0.09439315 0.25181339
v -0.07029581 -0.10007186 0.25178040
v -0.05871496 -0.11065592 0.12161434
v -0.05611166 -0.11221857 0.12157270
v -0.05815783 -0.11331323 0.16671676
v -0.07288393 -0.09790202 0.16711767
v -0.07698506 -0.08942603 0.16704792
v -0.06656764 -0.10628460 0.16704723
v -0.05948548 -0.11335740 0.18939150
v -0.05461197 -0.11300381 0.12154533
v -0.07086357 -0.09822816 0.12168905
v -0.06660047 -0.10386622 0.12166494
v -0.06522167 -0.10667511 0.14432110
v -0.06432653 -0.10621237 0.12162592
v -0.06108668 -0.10897734 0.12163219
v -0.07165378 -0.09864939 0.14436236
v -0.07603906 -0.08985820 0.14427057
v -0.07512368 -0.08972128 0.12160346
v -0.04092064 -0.12216625 0.24897923
v -0.04193492 -0.12267239 0.24413712
v -0.04068033 -0.12047591 0.25806632
v -0.04165705 -0.12113350 0.25478866
v -0.03975840 -0.12005940 0.25980623
v -0.04051057 -0.12128431 0.25423685
v -0.07748055 -0.06199766 0.06149237
v -0.07657328 -0.07369724 0.06883198
v -0.07741814 -0.07257309 0.08083096
v -0.07575072 -0.08128595 0.08091102
v -0.07089085 -0.09427069 0.08104795
v -0.07342496 -0.08872243 0.08097668
v -0.06069931 -0.10671393 0.08086957
v -0.06635209 -0.10111662 0.08124521
v -0.06787045 -0.10078478 0.10158375
v -0.05924519 -0.10909220 0.10156343
v -0.04336860 -0.12162434 0.20094981
v -0.05871102 0.11479001 0.21146212
v -0.06064230 0.11328657 0.21152335
v -0.06171213 0.11279172 0.22398604
v -0.06535111 0.10901266 0.21178204
v -0.06873287 0.10526234 0.21188475
v -0.06984970 0.10418798 0.22430764
v -0.07113085 0.10214226 0.21198101
v -0.07560315 0.09502955 0.22453864
v -0.07473583 0.09642935 0.21210235
v -0.05271990 0.11874917 0.21110239
v -0.04841905 0.12171990 0.23102926
v -0.04747192 0.12128125 0.21087887
v -0.05833157 0.11557148 0.23688539
v -0.04834366 0.12179134 0.23630392
v -0.06464428 0.10989667 0.23739801
v -0.06299506 0.11154386 0.23716593
v -0.06164090 0.11279171 0.23715294
v -0.06936697 0.10441328 0.23784802
v -0.07582364 0.09381365 0.23849746
v -0.07394033 0.09749768 0.23795942
v -0.07226700 0.10029980 0.23768362
v -0.07135370 0.10043844 0.24530158
v -0.06929843 0.10133343 0.25223626
v -0.06250902 0.11127469 0.24425279
v -0.04861561 0.12075411 0.24906430
v -0.06139635 0.11083943 0.25141129
v -0.04845498 0.12115967 0.24652484
v -0.04838670 0.12157350 0.24212773
v -0.04584664 0.11910876 0.26098387
v -0.04822297 0.11924470 0.25761258
v -0.05946193 0.11338150 0.18939775
v -0.05834833 0.11319148 0.16674842
v -0.06654529 0.10631472 0.16704787
v -0.07574598 0.09053265 0.14427796
v -0.07499351 0.09004566 0.12160016
v -0.07164905 0.09866229 0.14435124
v -0.07081472 0.09831237 0.12169388
v -0.06618232 0.10432722 0.12166668
v -0.06521830 0.10668409 0.14431181
v -0.06418462 0.10634990 0.12162453
v -0.05698079 0.11296330 0.14411689
v -0.05621235 0.11216758 0.12156376
v -0.06033111 0.10954632 0.12160405
v -0.04722894 0.12087221 0.20170568
v -0.07277095 0.09809113 0.16707378
v -0.04286902 0.12264577 0.22115375
v -0.04152470 0.12272002 0.24404757
v -0.04088065 0.12216182 0.24906104
v -0.03975086 0.12006705 0.25980041
v -0.04070918 0.12047787 0.25808236
v -0.04049614 0.12128843 0.25424996
v -0.04154343 0.12114501 0.25479631
v -0.07656848 0.07372162 0.06880493
v -0.07402949 0.08708631 0.08094228
v -0.07101380 0.09404096 0.08103302
v -0.07769142 0.07052484 0.08078717
v -0.07718233 0.07414071 0.08084108
v -0.07615287 0.07957186 0.08086527
v -0.07656158 0.06797221 0.05765821
v -0.06451711 0.10320649 0.08116413
v -0.06864604 0.09803042 0.08127518
v -0.06771929 0.10098624 0.10158132
v -0.05851502 0.10958973 0.10157010
v 0.00282167 0.01120110 -0.02884859
v 0.00242853 0.01689599 -0.02878481
v -0.00267021 0.01683778 -0.02877515
v 0.00244758 -0.01690220 -0.02878393
v 0.00282597 -0.01119893 -0.02884900
v -0.00266386 -0.01683742 -0.02877581
v -0.00310225 -0.01120006 -0.02882529
v 0.00361474 -0.07595011 -0.01368253
v -0.04674182 0.10745085 0.05503917
v -0.04735980 0.11038119 0.06294210
v -0.04657777 0.11273483 0.07106530
v -0.04671165 0.11376108 0.07907616
v -0.04577817 -0.07342470 -0.01393024
v -0.04496494 -0.08366517 -0.00101689
v -0.04288414 -0.12270283 0.22264533
v -0.04600788 0.07315559 -0.01402489
v -0.04237742 0.07499845 -0.01358814
v -0.03770077 0.07606534 -0.01340530
v -0.03261751 0.07613786 -0.01353142
v -0.02929650 0.12240517 0.24957572
v -0.02907918 0.12123922 0.25534281
v -0.02939514 0.12270029 0.24764862
v -0.03294720 0.08524566 -0.00103932
v -0.02929980 -0.12241993 0.24952315
v -0.02906745 -0.12124676 0.25533316
v -0.03918055 0.08483634 -0.00094523
v -0.04472217 0.08369934 -0.00102211
v -0.04009932 -0.12079293 0.25667604
v -0.03956446 0.11556023 0.08411637
v -0.03312710 0.11614707 0.08476943
v -0.02890911 0.11585007 0.07892739
v -0.03014513 0.11592853 0.08005682
v -0.03097055 0.11603023 0.08163792
v -0.03063919 0.11597576 0.08079431
v -0.03219366 0.11470638 0.07094829
v -0.04166069 0.10920374 0.05619618
v -0.04127832 0.11200649 0.06344305
v -0.04026425 0.11421414 0.07176320
v 0.00441720 0.10889212 0.05345666
v -0.01919943 0.10991140 0.05536239
v -0.01873328 0.11433029 0.06927634
v -0.01899829 0.11250583 0.06235845
v 0.00499856 0.11230794 0.06297576
v 0.00447472 0.10938379 0.05464564
v -0.03302967 0.10992506 0.05577600
v -0.03276214 0.11263254 0.06288161
v 0.03704867 0.12210134 0.25195847
v 0.03708590 0.12255328 0.24939444
v 0.03679625 0.12122843 0.25603124
v -0.04665401 -0.11390227 0.08062100
v -0.04719468 -0.11263856 0.07148080
v -0.04716110 -0.11062584 0.06345300
v -0.04618342 -0.10802528 0.05590816
v -0.03975520 -0.11555190 0.08414943
v -0.02438603 -0.11626264 0.08474980
v -0.03252448 -0.11618262 0.08452573
v -0.03537335 -0.11602401 0.08442391
v -0.01914443 -0.11006992 0.05570073
v -0.01854968 -0.11470541 0.07097774
v -0.04020355 -0.11434456 0.07235833
v -0.04159070 -0.10940119 0.05658784
v -0.04125446 -0.11219295 0.06397093
v 0.00540864 -0.11461155 0.07249563
v 0.00559187 -0.11571917 0.08104634
v 0.00454668 -0.10941579 0.05470549
v -0.01889604 -0.11268438 0.06287815
v 0.00511429 -0.11270799 0.06433967
v 0.00537109 -0.11400585 0.06947570
v -0.03187530 -0.11488372 0.07174051
v -0.03268294 -0.11281707 0.06339426
v -0.03298399 -0.11009613 0.05612151
v -0.03244046 -0.08523088 -0.00112569
v -0.03905117 -0.08489479 -0.00091780
v -0.03300130 -0.08528350 -0.00099589
v -0.03962463 -0.07572461 -0.01348300
v 0.03696015 -0.07558389 -0.01389123
v -0.03253777 -0.07614716 -0.01354142
v -0.03672890 -0.07609030 -0.01347096
v 0.00198256 0.07590136 -0.01371850
v 0.03693042 0.07563283 -0.01387326
v 0.03886582 0.10870178 0.05602958
v 0.04308042 0.11079430 0.06462514
v 0.04295007 0.10986243 0.06152611
v 0.03341382 0.10959827 0.05663436
v 0.03750433 0.11231967 0.06694378
v 0.04358954 0.11171895 0.06862978
v 0.02031885 0.11048789 0.05784015
v 0.02852196 0.11010969 0.05725858
v 0.04256793 -0.10673511 0.05299667
v 0.03934747 -0.10886903 0.05666758
v 0.04309045 -0.10991314 0.06176218
v 0.04294139 -0.11088272 0.06482314
v 0.02327825 -0.11436013 0.07269491
v 0.02078358 -0.11115220 0.05978364
v 0.04306477 -0.11273264 0.07299536
v 0.03827381 -0.11313305 0.07089317
v 0.03402121 -0.11016256 0.05834255
v 0.02910060 -0.11072898 0.05909839
v 0.03275829 -0.11383307 0.07186361
v 0.02501654 -0.11545125 0.08315704
v 0.03547376 -0.11483168 0.08238847
v 0.04131754 -0.11405633 0.08170174
v 0.04374178 -0.11358957 0.08149412
v 0.04756432 -0.12238307 0.24915496
v 0.03719300 -0.12257432 0.24921981
v 0.04730257 -0.12142130 0.25473640
v 0.03685762 -0.12134271 0.25551469
v 0.03706214 -0.12248245 0.24978209
v 0.04739149 0.12160694 0.25381804
v 0.04683483 0.12090455 0.25721018
v 0.04754958 0.12239679 0.24911450
v 0.08979579 -0.07707305 0.22110514
v 0.08940004 -0.07788734 0.22151758
v 0.08904379 -0.07853723 0.22198089
v 0.08885291 -0.07887138 0.22215342
v 0.09011412 -0.07634319 0.22084432
v 0.09036783 -0.07571479 0.22062428
v 0.09043262 -0.07554005 0.22064082
v 0.09087525 -0.07429393 0.22041867
v 0.09064332 -0.07496718 0.22052216
v 0.09049594 -0.07537072 0.22060903
v 0.09045080 -0.07549126 0.22063575
v 0.09106457 -0.07370799 0.22036427
v 0.09121176 0.07319966 0.22049284
v -0.08788363 0.03834431 0.22578752
v -0.08819225 0.03334706 0.21899955
v -0.08812763 0.03232109 0.22353433
v -0.08796891 0.03991453 0.21969789
v -0.08798562 0.03958079 0.21938539
v -0.08799858 0.03917911 0.21874246
v -0.08803096 0.03831655 0.21864437
v -0.08804726 0.03791272 0.21874341
v -0.08810595 0.03620823 0.21885954
v -0.08793609 0.04044775 0.22044827
v -0.08795174 0.04021810 0.22005016
v -0.08793533 0.04043044 0.22053457
v -0.08793862 0.04035976 0.22050869
v -0.08793888 0.04036472 0.22048338
v -0.08774210 0.04226045 0.22559699
v -0.08765135 0.04694470 0.21862900
v -0.08757140 0.04507144 0.22707308
v -0.08763194 0.04594782 0.22342305
v -0.08764211 0.04712918 0.21864830
v -0.08750871 0.04947345 0.21863629
v -0.08718910 0.05400986 0.21857903
v -0.08716627 0.05138385 0.22884036
v -0.08721542 0.05253413 0.22461741
v -0.08721646 0.05272199 0.22399194
v -0.08796162 0.03838942 0.22293320
v -0.08741195 0.04709889 0.22877552
v -0.08756333 0.04711598 0.22380123
v -0.08737209 0.05044864 0.22382907
v -0.08716870 0.05039237 0.23036168
v -0.08624987 0.06082997 0.23290515
v -0.08627326 0.06123285 0.23133833
v -0.08628533 0.06187320 0.22899766
v -0.08627465 0.06255910 0.22644483
v -0.08624918 0.06304956 0.22477532
v -0.08622961 0.06335123 0.22366423
v -0.08622731 0.06341226 0.22326688
v -0.08622165 0.06349131 0.22293293
v -0.08622214 0.06349254 0.22287319
v -0.08621228 0.06359585 0.22262925
v -0.08620435 0.06366895 0.22254920
v -0.08619565 0.06374814 0.22246535
v -0.08617947 0.06389297 0.22232604
v -0.08615972 0.06406541 0.22219064
v -0.08612685 0.06434415 0.22203976
v -0.08610260 0.06454475 0.22196711
v -0.08609322 0.06462139 0.22194752
v -0.08605643 0.06491698 0.22190781
v -0.08599414 0.06540290 0.22192511
v -0.08555094 0.06860519 0.22184719
v -0.08536119 0.06984679 0.22179049
v -0.08525119 0.07053468 0.22180276
v -0.08531781 0.07012113 0.22177893
v -0.08519062 0.07090210 0.22192561
v -0.08515204 0.07113072 0.22210244
v -0.08512994 0.07125737 0.22234167
v -0.08513018 0.07124557 0.22273791
v -0.08514728 0.07112644 0.22323163
v -0.08537331 0.06860852 0.23154442
v -0.08532052 0.06965796 0.22785530
v -0.08520320 0.07072933 0.22441128
v -0.08516125 0.07103011 0.22352970
v -0.08515087 0.07110199 0.22330421
v -0.08532754 0.06711214 0.23700530
v -0.08535619 0.06758606 0.23528694
v -0.08348291 0.07704948 0.23763905
v -0.08347952 0.07793133 0.23429885
v -0.08345019 0.07840079 0.23255822
v -0.08340314 0.07886572 0.23085436
v -0.08328085 0.07953857 0.22893823
v -0.08308221 0.08055549 0.22534633
v -0.08290639 0.08125917 0.22307500
v -0.08271388 0.08176886 0.22316012
v -0.08287168 0.08136504 0.22296419
v -0.08282497 0.08151355 0.22270474
v -0.08273695 0.08179740 0.22198354
v -0.08265439 0.08202894 0.22162281
v -0.08259887 0.08218081 0.22100235
v -0.08265094 0.08203213 0.22041368
v -0.08287961 0.08140227 0.22018172
v -0.08301599 0.08098510 0.21995202
v -0.08313508 0.08059734 0.21977301
v -0.08325971 0.08015278 0.21947014
v -0.08338916 0.07966288 0.21918876
v -0.08348409 0.07928705 0.21900522
v -0.08351721 0.07915561 0.21896986
v -0.08360954 0.07876798 0.21876130
v -0.08369374 0.07841219 0.21864355
v -0.08381407 0.07789148 0.21851538
v -0.08396000 0.07724748 0.21846568
v -0.08413959 0.07642522 0.21843937
v -0.08423716 0.07596540 0.21844104
v -0.08425788 0.07586663 0.21844321
v -0.08626714 0.06325917 0.21851207
v -0.08597403 0.06560724 0.21850196
v -0.08581347 0.06679794 0.21849951
v -0.08533380 0.07000377 0.21846332
v -0.08507341 0.07157054 0.21846152
v -0.08455455 0.07439860 0.21845642
v -0.08432243 0.07555550 0.21844670
v -0.08649987 0.06122994 0.21853715
v -0.08648797 0.06133707 0.21853385
v -0.08648178 0.06138958 0.21852432
v -0.08652612 0.06098925 0.21853446
v -0.08659917 0.06030959 0.21856106
v -0.08662748 0.06003992 0.21858275
v -0.08667904 0.05954813 0.21869127
v -0.08670423 0.05934126 0.21898360
v -0.08673010 0.05909217 0.21916173
v -0.08677117 0.05867741 0.21944188
v -0.08681093 0.05825747 0.21976580
v -0.08683016 0.05804692 0.21995429
v -0.08684623 0.05786678 0.22012294
v -0.08686813 0.05761365 0.22038801
v -0.08687840 0.05749081 0.22053387
v -0.08689497 0.05728562 0.22080179
v -0.08691324 0.05704189 0.22119307
v -0.08691542 0.05701176 0.22124304
v -0.08692484 0.05687265 0.22151441
v -0.08693792 0.05664341 0.22208685
v -0.08694344 0.05652346 0.22244072
v -0.08694911 0.05636505 0.22295891
v -0.08695078 0.05538828 0.22662834
v -0.08692434 0.05471261 0.22916878
v -0.08690214 0.05437165 0.23045735
v -0.08497856 0.06957311 0.23702859
v -0.08460608 0.07190858 0.23706134
v -0.08635744 0.06225955 0.22345490
v -0.08669117 0.05905789 0.22356950
v -0.08489354 0.07260501 0.22325540
v -0.08423256 0.07604941 0.22318159
v -0.08382617 0.07790154 0.22025459
v -0.08409388 0.07591264 0.23243399
v -0.08420749 0.07597140 0.22772370
v -0.08473763 0.07243922 0.23250436
v -0.08528374 0.06896318 0.23258606
v -0.08485527 0.07252249 0.22784086
v -0.08660089 0.05895988 0.22811863
v -0.08644478 0.05887730 0.23266415
v -0.08593420 -0.06436239 0.23015356
v -0.08624359 -0.06159858 0.23018867
v -0.08330375 -0.07915693 0.22950744
v -0.08440333 -0.07440992 0.23002967
v -0.08478230 -0.07232811 0.23005359
v -0.08526296 -0.06935584 0.23008939
v -0.08550756 -0.06766785 0.23011606
v -0.08368571 -0.07787613 0.22618632
v -0.08354362 -0.07837291 0.22728907
v -0.08650541 -0.06037646 0.22484185
v -0.08652838 -0.06024850 0.22426129
v -0.08655399 -0.06009492 0.22362235
v -0.08658141 -0.05992071 0.22292799
v -0.08660806 -0.05973988 0.22225708
v -0.08648548 -0.06047716 0.22536451
v -0.08648388 -0.06047584 0.22545569
v -0.08643629 -0.06077802 0.22625534
v -0.08645773 -0.06062703 0.22598196
v -0.08647516 -0.06051870 0.22567431
v -0.08648941 -0.06040730 0.22552375
v -0.08642787 -0.06084042 0.22634395
v -0.08640050 -0.06105517 0.22656594
v -0.08637947 -0.06123085 0.22667747
v -0.08634572 -0.06152398 0.22678750
v -0.08632159 -0.06173847 0.22683109
v -0.08627920 -0.06212070 0.22685660
v -0.08619250 -0.06289225 0.22686433
v -0.08615366 -0.06322926 0.22686915
v -0.08611579 -0.06355820 0.22684033
v -0.08572800 -0.06664312 0.22679241
v -0.08547900 -0.06841914 0.22674291
v -0.08527246 -0.06978585 0.22674659
v -0.08513419 -0.07065582 0.22674077
v -0.08476355 -0.07283302 0.22667923
v -0.08464489 -0.07348396 0.22667810
v -0.08402499 -0.07647362 0.22169550
v -0.08492539 -0.07213204 0.22210431
v -0.08524508 -0.07024468 0.22214049
v -0.08571348 -0.06715205 0.22219048
v -0.08592016 -0.06563589 0.22222471
v -0.08634870 -0.06213409 0.22225298
v -0.08425946 -0.07536225 0.21835682
v -0.08224183 -0.08180217 0.23722361
v -0.08337526 -0.07785745 0.23721774
v -0.08394031 -0.07520012 0.23716820
v -0.08435360 -0.07302674 0.23711792
v -0.08484823 -0.07009137 0.23706511
v -0.08512091 -0.06828512 0.23702235
v -0.08552741 -0.06522960 0.23699705
v -0.08678482 -0.05495239 0.23169565
v -0.08721237 -0.05277449 0.22288718
v -0.08720674 -0.05282373 0.22299165
v -0.08710618 -0.05345048 0.22544227
v -0.08703156 -0.05383989 0.22711865
v -0.08722005 -0.05272293 0.22267849
v -0.08724123 -0.05258927 0.22203635
v -0.08724716 -0.05255483 0.22183271
v -0.08725633 -0.05251929 0.22142092
v -0.08726019 -0.05254694 0.22102668
v -0.08726011 -0.05256345 0.22094878
v -0.08725949 -0.05261126 0.22073989
v -0.08725812 -0.05265657 0.22059137
v -0.08725218 -0.05278897 0.22027993
v -0.08724095 -0.05298474 0.21996997
v -0.08722954 -0.05316230 0.21976225
v -0.08722507 -0.05323032 0.21967108
v -0.08720485 -0.05351615 0.21940044
v -0.08718530 -0.05377046 0.21913748
v -0.08714896 -0.05417168 0.21869132
v -0.08710980 -0.05464708 0.21861189
v -0.08710212 -0.05474473 0.21862248
v -0.08708702 -0.05492468 0.21861468
v -0.08703326 -0.05554872 0.21860268
v -0.08698205 -0.05581306 0.21789840
v -0.08701126 -0.05579874 0.21860855
v -0.08699543 -0.05597363 0.21860188
v -0.08700683 -0.05584732 0.21860512
v -0.08638177 -0.06195869 0.21851961
v -0.08670827 -0.05894541 0.21853640
v -0.08676007 -0.05843797 0.21855596
v -0.08694783 -0.05649257 0.21858632
v -0.08597875 -0.06525291 0.21851043
v -0.08579013 -0.06664644 0.21849916
v -0.08486548 -0.07242808 0.21845959
v -0.08535726 -0.06954061 0.21847857
v -0.08288542 -0.08033128 0.23316508
v -0.08481071 -0.07138182 0.23374742
v -0.08587997 -0.06364127 0.23376889
v -0.08610273 -0.06219704 0.23228695
v -0.08611251 -0.06212961 0.23222440
v -0.08609904 -0.06221059 0.23234227
v -0.08606416 -0.06234537 0.23283607
v -0.08608686 -0.06225603 0.23252120
v -0.08604014 -0.06245186 0.23313045
v -0.08604990 -0.06240059 0.23303210
v -0.08590613 -0.06342255 0.23373875
v -0.08593238 -0.06321019 0.23368484
v -0.08596955 -0.06292817 0.23355353
v -0.08599455 -0.06274825 0.23343574
v -0.08602844 -0.06252300 0.23322264
v -0.08575314 -0.06471927 0.23378678
v -0.08585793 -0.06382833 0.23378282
v -0.08526256 -0.06845193 0.23376315
v -0.08564943 -0.06556803 0.23377713
v -0.08568467 -0.06528407 0.23378129
v -0.08385680 -0.07649117 0.23372363
v -0.08437726 -0.07385729 0.23373470
v -0.08540836 -0.06874684 0.22790920
v -0.08485718 -0.07219239 0.22784124
v -0.08611758 -0.06189976 0.23269137
v -0.08642850 -0.05873068 0.23267999
v -0.08587036 -0.06536820 0.22795852
v -0.08419705 -0.07570088 0.22775257
v -0.08625911 -0.06204010 0.22806483
v -0.08659179 -0.05873504 0.22812575
v -0.08668928 -0.05875697 0.22356066
v -0.08715829 -0.05386365 0.22110134
v -0.08815326 0.02886123 0.22529557
v -0.08824449 0.02992195 0.22106263
v -0.08826880 0.03034627 0.21910822
v -0.08832336 0.02781805 0.21921849
v -0.08834138 0.02688199 0.21926472
v -0.08834290 0.02680039 0.21926779
v -0.08834721 0.02656655 0.21927473
v -0.08835567 0.02607594 0.21931488
v -0.08836230 0.02562893 0.21940247
v -0.08836565 0.02535716 0.21948713
v -0.08836705 0.02522444 0.21953945
v -0.08837038 0.02485445 0.21970396
v -0.08837111 0.02472407 0.21978369
v -0.08837240 0.02437626 0.22001649
v -0.08837228 0.02423096 0.22014449
v -0.08837169 0.02406317 0.22030993
v -0.08837059 0.02390627 0.22048540
v -0.08836935 0.02379316 0.22063049
v -0.08836714 0.02365122 0.22083788
v -0.08836209 0.02343764 0.22121324
v -0.08835831 0.02333947 0.22144290
v -0.08834919 0.02316954 0.22192965
v -0.08833484 0.02298508 0.22259720
v -0.08826467 0.02229985 0.22524282
v -0.08834908 0.02535775 0.22036995
v -0.08860053 0.00758764 0.21235817
v -0.08856711 0.00647818 0.21808018
v -0.08850417 0.00573422 0.22133444
v -0.08855857 0.01435385 0.21231977
v -0.08836393 0.01126333 0.22529363
v -0.08856863 0.01396220 0.21417235
v -0.08851752 0.01274163 0.21918103
v -0.08849224 0.01242553 0.22053837
v -0.08855297 0.00847558 0.21849476
v -0.08834197 -0.02640400 0.21863450
v -0.08845355 -0.01926097 0.21887192
v -0.08839195 -0.01752407 0.22279710
v -0.08852153 -0.01146913 0.21922224
v -0.08839461 -0.01254501 0.22408635
v -0.08854837 -0.00498947 0.21932244
v -0.08838339 -0.00638064 0.22529511
v -0.08851746 -0.00527672 0.22078535
v -0.08834574 -0.02112928 0.22297296
v -0.08710811 -0.05111208 0.23029147
v -0.08727076 -0.05032525 0.22711513
v -0.08737671 -0.04851695 0.22713322
v -0.08747207 -0.04673856 0.22713224
v -0.08799699 -0.03581287 0.22440498
v -0.08805768 -0.03538305 0.22258928
v -0.08794558 -0.03616428 0.22573975
v -0.08796338 -0.03603587 0.22530248
v -0.08792473 -0.03632477 0.22622210
v -0.08793994 -0.03620847 0.22587117
v -0.08794392 -0.03617962 0.22577624
v -0.08784138 -0.03789767 0.22716232
v -0.08757186 -0.04470687 0.22712012
v -0.08778481 -0.03953646 0.22714452
v -0.08759554 -0.04671568 0.22254261
v -0.08793622 -0.03900515 0.22258704
v -0.08752817 -0.04796573 0.22252964
v -0.08745623 -0.04921721 0.22250755
v -0.08754854 -0.04847284 0.21860942
v -0.08759983 -0.04758159 0.21863125
v -0.08764390 -0.04676993 0.21863203
v -0.08816725 -0.02922059 0.22440647
v -0.08820930 -0.02891082 0.22316276
v -0.08821390 -0.02887099 0.22302202
v -0.08824380 -0.02866674 0.22200272
v -0.08825591 -0.02864336 0.22150109
v -0.08826496 -0.02871789 0.22101409
v -0.08827086 -0.02888440 0.22055238
v -0.08827284 -0.02915619 0.22014213
v -0.08827095 -0.02950554 0.21981904
v -0.08826604 -0.02991139 0.21956582
v -0.08825889 -0.03036277 0.21932166
v -0.08824353 -0.03087519 0.21866734
v -0.08822472 -0.03163493 0.21864171
v -0.08822393 -0.03167558 0.21865325
v -0.08822151 -0.03177108 0.21865526
v -0.08821175 -0.03215360 0.21866496
v -0.08773909 -0.04492050 0.21865545
v -0.08796726 -0.03971979 0.21865524
v -0.08804493 -0.03760823 0.21864752
v -0.08817035 -0.03365872 0.21865945
v -0.08822473 -0.03029627 0.22124168
v 0.09057969 0.04190435 0.30000000
v 0.09106168 0.04044066 0.30000000
v 0.09661366 -0.00004143 0.30000000
v 0.09658650 0.00213787 0.30000000
v 0.09642766 0.00789496 0.30000000
v 0.09606126 0.01347772 0.30000000
v 0.09582249 0.01614206 0.30000000
v 0.09305377 0.03301016 0.30000000
v 0.09398882 0.02846161 0.30000000
v 0.09474050 0.02426853 0.30000000
v 0.09482962 0.02373419 0.30000000
v 0.09548732 0.01915976 0.30000000
v 0.09114122 0.04017627 0.30000000
v 0.09118333 0.04003555 0.30000000
v 0.08964878 0.04437273 0.30000000
v 0.08899527 0.04595707 0.30000000
v 0.08792867 0.04824545 0.30000000
v 0.08851778 0.04702085 0.30000000
v 0.08715744 -0.04970249 0.30000000
v 0.08772795 -0.04861066 0.30000000
v 0.08889328 -0.04613769 0.30000000
v 0.08899175 -0.04591142 0.30000000
v 0.09116561 -0.04009544 0.30000000
v 0.09114791 -0.04015120 0.30000000
v 0.09022738 -0.04283798 0.30000000
v 0.08979432 -0.04395279 0.30000000
v 0.09213167 -0.03679007 0.30000000
v 0.09117449 -0.04006607 0.30000000
v 0.09328061 -0.03207108 0.30000000
v 0.09528896 -0.02067755 0.30000000
v 0.09470789 -0.02460729 0.30000000
v 0.09429986 -0.02699904 0.30000000
v 0.09332520 -0.03188380 0.30000000
v 0.09611636 -0.01277850 0.30000000
v 0.09580652 -0.01628303 0.30000000
v 0.09576662 -0.01663761 0.30000000
v 0.09656881 -0.00404949 0.30000000
v 0.09651843 -0.00548915 0.30000000
v 0.09640564 -0.00825389 0.30000000
v 0.09626112 -0.01074342 0.30000000
v 0.09160720 0.03803928 0.30000000
v 0.09115352 0.03842289 0.30000000
v 0.09231108 0.03363854 0.30000000
v 0.09316837 0.02911999 0.30000000
v 0.09402077 0.02455211 0.30000000
v 0.09479492 0.01982555 0.30000000
v 0.09302268 -0.03481002 0.30000000
v 0.09163864 -0.03968775 0.30000000
v 0.09178117 -0.03923770 0.30000000
v 0.09181575 -0.03912237 0.30000000
v 0.09184541 -0.03901688 0.30000000
v 0.09128013 -0.04076770 0.30000000
v 0.09024811 -0.04358619 0.30000000
v 0.08915589 -0.04613845 0.30000000
v 0.08861297 -0.04730142 0.30000000
v 0.08796406 -0.04857854 0.30000000
v 0.09345964 -0.03303261 0.30000000
v 0.09420120 -0.02964723 0.30000000
v 0.09447980 -0.02822128 0.30000000
v 0.09513606 -0.02447634 0.30000000
v 0.09583943 -0.01943773 0.30000000
v 0.09609275 -0.01733387 0.30000000
v 0.09699797 -0.00265549 0.30000000
v 0.09700433 -0.00003585 0.30000000
v 0.09680316 -0.00816019 0.30000000
v 0.09640279 -0.01417417 0.30000000
v 0.08792299 0.04869860 0.30000000
v 0.08926845 0.04594638 0.30000000
v 0.08997518 0.04431436 0.30000000
v 0.09064632 0.04258615 0.30000000
v 0.09179626 0.03923567 0.30000000
v 0.09185677 0.03903046 0.30000000
v 0.09342449 0.03323745 0.30000000
v 0.09360880 0.03247147 0.30000000
v 0.09427589 0.02926794 0.30000000
v 0.09465648 0.02730362 0.30000000
v 0.09541071 0.02271115 0.30000000
v 0.09549215 0.02210314 0.30000000
v 0.09607616 0.01747622 0.30000000
v 0.09614960 0.01688070 0.30000000
v 0.09638720 0.01429440 0.30000000
v 0.09659879 0.01157589 0.30000000
v 0.09690065 0.00595738 0.30000000
v 0.08981063 0.04274910 0.30000000
v 0.08838219 0.04598522 0.30000000
v 0.08808161 0.04713369 0.30000000
v 0.08721153 0.04866502 0.30000000
v 0.08541525 0.05220680 0.30000000
v 0.09214687 -0.03474936 0.30000000
v 0.09193838 -0.03544399 0.30000000
v 0.08658918 -0.04981499 0.30000000
v 0.08594488 -0.05136465 0.30000000
v 0.09386551 -0.02832216 0.30000000
v 0.09637746 0.00045868 0.30000000
v 0.09635768 0.00474443 0.30000000
v 0.09620606 -0.00839091 0.30000000
v 0.08813279 -0.04688020 0.30000000
v 0.08940935 -0.04364376 0.30000000
v 0.09010447 -0.04120471 0.30000000
v 0.09110038 -0.03865070 0.30000000
v 0.09307498 -0.03043899 0.30000000
v 0.09440475 -0.02120548 0.30000000
v 0.09443304 -0.02212943 0.30000000
v 0.09431279 -0.02392548 0.30000000
v 0.09313515 -0.02878882 0.30000000
v 0.09516203 -0.01655181 0.30000000
v 0.09522337 -0.01322869 0.30000000
v 0.09536705 -0.01195944 0.30000000
v 0.09573020 -0.00910575 0.30000000
v 0.09574396 -0.00429640 0.30000000
v 0.09606609 -0.00202891 0.30000000
v 0.09599044 0.00526928 0.30000000
v 0.09569135 0.00711743 0.30000000
v 0.09612148 0.00945066 0.30000000
v 0.09530200 0.01420464 0.30000000
v 0.09491325 0.01659253 0.30000000
v 0.08857357 0.02221608 0.30000000
v 0.08823800 0.02027788 0.30000000
v 0.08942978 0.02029837 0.30000000
v 0.08678696 0.03279618 0.30000000
v 0.08675261 0.03132768 0.30000000
v 0.08772929 0.03004959 0.30000000
v 0.08921388 0.03476028 0.30000000
v 0.08663719 0.03995453 0.30000000
v 0.08815957 0.03495393 0.30000000
v 0.08679187 0.03515121 0.30000000
v 0.08548556 0.04003901 0.30000000
v 0.08543674 0.03523161 0.30000000
v 0.08425642 0.04004951 0.30000000
v 0.09248017 0.02941290 0.30000000
v 0.08949154 0.03004814 0.30000000
v 0.09053114 0.02990801 0.30000000
v 0.09021031 0.03450617 0.30000000
v 0.09145245 0.02972712 0.30000000
v 0.09127677 0.03412364 0.30000000
v 0.09194166 0.03382499 0.30000000
v 0.09425501 0.01999709 0.30000000
v 0.09326761 0.02485472 0.30000000
v 0.09366305 0.02004154 0.30000000
v 0.09201876 0.02507358 0.30000000
v 0.08892605 0.02531803 0.30000000
v 0.08751319 0.02538069 0.30000000
v 0.09024596 0.02031122 0.30000000
v 0.09044950 0.02521320 0.30000000
v 0.09064772 0.02028438 0.30000000
v 0.09116957 0.02023683 0.30000000
v 0.09252078 0.02014834 0.30000000
v 0.09060409 0.03875683 0.30000000
v 0.08957682 0.03923250 0.30000000
v 0.08855685 0.03957300 0.30000000
v 0.08769251 0.03977599 0.30000000
v 0.08927943 -0.01600744 0.30000000
v 0.08869077 -0.01726401 0.30000000
v 0.09005910 -0.01711318 0.30000000
v 0.09145886 -0.01700058 0.30000000
v 0.09204720 -0.00945430 0.30000000
v 0.09167821 0.01312104 0.30000000
v 0.09077361 -0.03886252 0.30000000
v 0.09166987 -0.03512936 0.30000000
v 0.09049303 -0.03904549 0.30000000
v 0.08786963 -0.03603469 0.30000000
v 0.08685681 -0.03998515 0.30000000
v 0.08833905 -0.03978223 0.30000000
v 0.08965190 0.01632648 0.30000000
v 0.09026285 0.01315563 0.30000000
v 0.09529119 0.01270207 0.30000000
v 0.09301476 -0.01690655 0.30000000
v 0.09126021 -0.02452878 0.30000000
v 0.09223775 -0.02440215 0.30000000
v 0.08973652 -0.03193297 0.30000000
v 0.09075926 -0.03176849 0.30000000
v 0.08957235 -0.03581038 0.30000000
v 0.09026677 -0.02465805 0.30000000
v 0.08896410 -0.02479910 0.30000000
v 0.08704251 -0.03234359 0.30000000
v 0.08871643 -0.03208378 0.30000000
v 0.08911242 -0.02164158 0.30000000
v 0.08761202 -0.02483293 0.30000000
v 0.08727928 -0.03061081 0.30000000
v 0.08515901 -0.03603329 0.30000000
v 0.08639756 -0.03606867 0.30000000
v 0.08511975 -0.03831494 0.30000000
v 0.08572953 -0.04010956 0.30000000
v 0.08428696 -0.04020424 0.30000000
v 0.09322271 0.01304303 0.30000000
v 0.09364970 0.00557112 0.30000000
v 0.09208736 0.00558264 0.30000000
v 0.09377565 -0.00191059 0.30000000
v 0.09225297 -0.00189117 0.30000000
v 0.09355104 -0.00940641 0.30000000
v 0.08897757 0.01317719 0.30000000
v 0.09015945 0.01005210 0.30000000
v 0.09068586 0.00556117 0.30000000
v 0.09498820 -0.00185828 0.30000000
v 0.09487606 -0.00927010 0.30000000
v 0.09559492 0.00534068 0.30000000
v 0.09571771 -0.00169163 0.30000000
v 0.09446686 0.01290308 0.30000000
v 0.09488812 0.00549336 0.30000000
v 0.08978957 -0.03938604 0.30000000
v 0.09090751 -0.03547304 0.30000000
v 0.09184926 -0.03156413 0.30000000
v 0.09262995 -0.03144315 0.30000000
v 0.09393420 -0.02407342 0.30000000
v 0.09432373 -0.01675518 0.30000000
v 0.09326682 -0.02421559 0.30000000
v 0.08944876 0.00557112 0.30000000
v 0.09021903 -0.00047785 0.30000000
v 0.09050530 -0.00196214 0.30000000
v 0.09050743 -0.00537246 0.30000000
v 0.09067695 -0.00942407 0.30000000
v 0.08938044 -0.00938808 0.30000000
v 0.09006518 -0.01158782 0.30000000
v -0.04419254 -0.04298094 0.30000000
v -0.04072949 -0.04356143 0.30000000
v -0.04161414 -0.03843905 0.30000000
v -0.05160372 -0.03175906 0.30000000
v -0.05461175 -0.03115436 0.30000000
v -0.05367754 -0.03633064 0.30000000
v -0.05676539 -0.01799710 0.30000000
v -0.05697124 -0.02046333 0.30000000
v -0.05554116 -0.02074516 0.30000000
v -0.03677168 0.01088217 0.30000000
v -0.04306879 0.01108162 0.30000000
v -0.04312090 0.00554777 0.30000000
v -0.03796785 0.04420492 0.30000000
v -0.04294512 0.04323820 0.30000000
v -0.03792438 0.04200182 0.30000000
v -0.04159738 0.03849504 0.30000000
v -0.03767392 0.03820501 0.30000000
v -0.04220731 0.03316354 0.30000000
v -0.03748289 0.03439627 0.30000000
v -0.03723295 0.03032535 0.30000000
v -0.04266983 0.02768999 0.30000000
v -0.03726796 0.02847386 0.30000000
v -0.03701171 0.02559151 0.30000000
v -0.04298183 0.02216294 0.30000000
v -0.03707394 0.02294114 0.30000000
v -0.03684208 0.02062725 0.30000000
v -0.04312802 0.01666291 0.30000000
v -0.03680249 0.01596750 0.30000000
v -0.03674285 0.00590785 0.30000000
v -0.04314182 0.00002166 0.30000000
v -0.03658568 0.00109685 0.30000000
v -0.04313645 -0.00549700 0.30000000
v -0.03651365 -0.00406609 0.30000000
v -0.03651894 -0.00895017 0.30000000
v -0.04309411 -0.01102899 0.30000000
v -0.03681572 -0.01141717 0.30000000
v -0.03659967 -0.01399726 0.30000000
v -0.04296556 -0.01657915 0.30000000
v -0.03681104 -0.01884692 0.30000000
v -0.04275495 -0.02214972 0.30000000
v -0.03706510 -0.02317966 0.30000000
v -0.04260607 -0.02766870 0.30000000
v -0.03722345 -0.02766891 0.30000000
v -0.03734031 -0.03185510 0.30000000
v -0.04223587 -0.03309436 0.30000000
v -0.03748341 -0.03407476 0.30000000
v -0.03752458 -0.03618451 0.30000000
v -0.03771615 -0.03890028 0.30000000
v -0.03775736 -0.04048899 0.30000000
v -0.03793620 -0.04407802 0.30000000
v -0.05753726 -0.02990259 0.30000000
v -0.05775908 -0.03343709 0.30000000
v -0.05651089 -0.03572680 0.30000000
v -0.05795154 -0.03528112 0.30000000
v -0.05560648 -0.04051851 0.30000000
v -0.05808004 -0.03710598 0.30000000
v -0.05835648 -0.03978573 0.30000000
v -0.05698483 -0.02239022 0.30000000
v -0.05719077 -0.02655079 0.30000000
v -0.05518854 -0.02595398 0.30000000
v -0.05663993 -0.01361856 0.30000000
v -0.05595114 -0.01554151 0.30000000
v -0.05618147 -0.01038955 0.30000000
v -0.05654672 -0.00897150 0.30000000
v -0.05629584 -0.00527113 0.30000000
v -0.05649621 -0.00433297 0.30000000
v -0.05619371 -0.00004343 0.30000000
v -0.05661375 0.00015211 0.30000000
v -0.05649816 0.00440666 0.30000000
v -0.05629391 0.00530464 0.30000000
v -0.05652940 0.00881032 0.30000000
v -0.05603162 0.01042322 0.30000000
v -0.05672476 0.01036133 0.30000000
v -0.05662025 0.01331425 0.30000000
v -0.05595945 0.01557545 0.30000000
v -0.05674657 0.01770049 0.30000000
v -0.05560515 0.02078108 0.30000000
v -0.05695976 0.02166564 0.30000000
v -0.05518358 0.02601456 0.30000000
v -0.05713692 0.02566403 0.30000000
v -0.05459501 0.03121422 0.30000000
v -0.05748509 0.02918235 0.30000000
v -0.05381899 0.03634684 0.30000000
v -0.05768770 0.03296574 0.30000000
v -0.05752156 0.03066868 0.30000000
v -0.05659162 0.03575594 0.30000000
v -0.05600625 0.04048477 0.30000000
v -0.05800382 0.03670047 0.30000000
v -0.05841844 0.03977778 0.30000000
v -0.05186496 0.04148237 0.30000000
v -0.05147740 -0.04150047 0.30000000
v -0.05222202 -0.02640593 0.30000000
v -0.04703390 -0.04232303 0.30000000
v -0.04773991 -0.03746411 0.30000000
v -0.04832271 -0.03225837 0.30000000
v -0.04890477 -0.02692876 0.30000000
v -0.04671231 0.04236247 0.30000000
v -0.04781390 0.04231903 0.30000000
v -0.04759020 0.03755511 0.30000000
v -0.05081752 0.03697657 0.30000000
v -0.04831520 0.03230305 0.30000000
v -0.05162296 0.03174469 0.30000000
v -0.04887577 0.02694707 0.30000000
v -0.05222284 0.02646337 0.30000000
v -0.04928137 0.02155086 0.30000000
v -0.05265864 0.02115188 0.30000000
v -0.04958970 0.01618693 0.30000000
v -0.05294363 0.01584287 0.30000000
v -0.05265702 -0.02109138 0.30000000
v -0.04947769 -0.02146315 0.30000000
v -0.05294502 -0.01578213 0.30000000
v -0.04975472 -0.01606088 0.30000000
v -0.05311931 -0.01048532 0.30000000
v -0.04992379 -0.01067505 0.30000000
v -0.05321276 -0.00521586 0.30000000
v -0.05000655 -0.00531607 0.30000000
v -0.05324444 0.00002062 0.30000000
v -0.05002829 0.00002005 0.30000000
v -0.05321157 0.00525693 0.30000000
v -0.05000651 0.00535939 0.30000000
v -0.05311494 0.01053626 0.30000000
v -0.04992407 0.01072615 0.30000000
v -0.04620567 -0.02187324 0.30000000
v -0.04646778 -0.01632633 0.30000000
v -0.04662100 -0.01085624 0.30000000
v -0.04669457 -0.00540874 0.30000000
v -0.04671312 0.00001994 0.30000000
v -0.04669442 0.00545188 0.30000000
v -0.04661833 0.01097382 0.30000000
v 0.09512082 0.02869257 0.30000000
v 0.09525535 0.02805128 0.30000000
v 0.09469799 0.03087499 0.30000000
v 0.09040507 0.04425414 0.30000000
v 0.09720462 0.01382017 0.30000000
v 0.09738740 0.01058723 0.30000000
v 0.09743040 0.01201008 0.30000000
v 0.09652733 0.01988745 0.30000000
v 0.09661620 0.01829223 0.30000000
v 0.09688612 0.01808701 0.30000000
v 0.08985109 0.04539735 0.30000000
v 0.09130397 0.04202097 0.30000000
v 0.09350406 0.03530339 0.30000000
v 0.09371367 0.03430767 0.30000000
v 0.09399318 0.03397657 0.30000000
v 0.09768894 0.00058539 0.30000000
v 0.09766623 -0.00013582 0.30000000
v 0.09789977 -0.00003027 0.30000000
v 0.09754189 0.00917409 0.30000000
v 0.09753720 0.00599067 0.30000000
v 0.09778745 0.00587106 0.30000000
v 0.09767455 0.00462867 0.30000000
v 0.09330342 0.03613448 0.30000000
v 0.08907954 0.04696473 0.30000000
v 0.08828805 0.04842687 0.30000000
v 0.09636037 0.02144718 0.30000000
v 0.09600566 0.02442030 0.30000000
v 0.09571139 0.02475594 0.30000000
v 0.09184055 0.04073090 0.30000000
v 0.09260561 0.03836329 0.30000000
v 0.09301714 0.03734771 0.30000000
v 0.08862178 0.04756025 0.30000000
v 0.09272472 0.03679905 0.30000000
v 0.09176979 0.03996358 0.30000000
v 0.09057957 0.04322035 0.30000000
v 0.09758403 -0.00827429 0.30000000
v 0.09650846 -0.02029520 0.30000000
v 0.09661844 -0.01822658 0.30000000
v 0.09720694 -0.01287031 0.30000000
v 0.09725420 -0.01151277 0.30000000
v 0.09741838 -0.01044462 0.30000000
v 0.09400402 -0.03335049 0.30000000
v 0.09445943 -0.03117055 0.30000000
v 0.09487706 -0.02971597 0.30000000
v 0.09539036 -0.02728675 0.30000000
v 0.09571467 -0.02467966 0.30000000
v 0.09632163 -0.02167731 0.30000000
v 0.09267787 -0.03796743 0.30000000
v 0.09280694 -0.03751174 0.30000000
v 0.09364735 -0.03453226 0.30000000
v 0.09215417 -0.03969174 0.30000000
v 0.09057034 -0.04377345 0.30000000
v 0.08991536 -0.04521558 0.30000000
v 0.08859082 -0.04783977 0.30000000
v 0.09478258 -0.03069920 0.30000000
v 0.09305085 -0.03722220 0.30000000
v 0.09396171 -0.03404821 0.30000000
v 0.09172865 -0.04096491 0.30000000
v 0.09745905 -0.01194099 0.30000000
v 0.09773482 -0.00576530 0.30000000
v 0.09688551 -0.01802833 0.30000000
v 0.09600957 -0.02435084 0.30000000
v 0.06229744 0.07067166 0.30000000
v 0.06541922 0.06932604 0.30000000
v 0.06091778 0.07107732 0.30000000
v 0.06400900 0.06940626 0.30000000
v 0.07053174 0.06701057 0.30000000
v 0.07378580 0.06483027 0.30000000
v 0.06651227 0.06775106 0.30000000
v 0.06876455 0.06572333 0.30000000
v 0.06958050 0.06578395 0.30000000
v 0.06793905 0.06770411 0.30000000
v 0.07051824 0.06575566 0.30000000
v 0.06938311 0.06744490 0.30000000
v 0.07179169 0.06558497 0.30000000
v 0.07283108 0.06528337 0.30000000
v 0.07388483 0.06201591 0.30000000
v 0.07247396 0.06205248 0.30000000
v 0.07580845 0.05785950 0.30000000
v 0.07164143 0.06400151 0.30000000
v 0.07369171 0.06381188 0.30000000
v 0.07552973 0.06323957 0.30000000
v 0.07632244 0.05998831 0.30000000
v 0.07699646 0.05784015 0.30000000
v 0.07794132 0.05768789 0.30000000
v 0.08024557 0.05720062 0.30000000
v 0.07897273 0.05941383 0.30000000
v 0.07961179 0.05736240 0.30000000
v 0.07873767 0.05753377 0.30000000
v 0.08077070 0.05702653 0.30000000
v 0.08147271 0.05675056 0.30000000
v 0.08055727 0.05858828 0.30000000
v 0.07546233 0.06190585 0.30000000
v 0.07735303 0.06138193 0.30000000
v 0.07871202 0.06065498 0.30000000
v 0.08363564 0.05504552 0.30000000
v 0.08301069 0.05574653 0.30000000
v 0.08223457 0.05634656 0.30000000
v 0.08752583 0.04761005 0.30000000
v 0.08709013 0.04412990 0.30000000
v 0.08848960 0.04361266 0.30000000
v 0.08933755 0.04311030 0.30000000
v 0.08313924 0.04398850 0.30000000
v 0.08374517 0.04471040 0.30000000
v 0.08208138 0.04778966 0.30000000
v 0.08174296 0.04929313 0.30000000
v 0.08030702 0.05174032 0.30000000
v 0.07967728 0.05371414 0.30000000
v 0.07869747 0.05325342 0.30000000
v 0.07821776 0.05556718 0.30000000
v 0.08111389 0.05352939 0.30000000
v 0.08335040 0.04907593 0.30000000
v 0.08539459 0.04445785 0.30000000
v 0.08556710 0.05172657 0.30000000
v 0.08212190 0.05335031 0.30000000
v 0.08436106 0.04889965 0.30000000
v 0.08467576 0.05241341 0.30000000
v 0.08389714 0.05279228 0.30000000
v 0.08668265 0.04811516 0.30000000
v 0.08544484 0.04861384 0.30000000
v 0.08305388 0.05310399 0.30000000
v 0.08220312 -0.05128700 0.30000000
v 0.08362846 -0.04879924 0.30000000
v 0.08197458 -0.04907218 0.30000000
v 0.07967206 -0.05555849 0.30000000
v 0.08128210 -0.05345168 0.30000000
v 0.07929578 -0.05370519 0.30000000
v 0.08182752 -0.05516492 0.30000000
v 0.08078272 -0.05711236 0.30000000
v 0.08194272 -0.05657369 0.30000000
v 0.08750655 -0.04767614 0.30000000
v 0.08270930 -0.04484843 0.30000000
v 0.08395177 -0.04439380 0.30000000
v 0.08539056 -0.04445105 0.30000000
v 0.08704538 -0.04418166 0.30000000
v 0.08839033 -0.04378750 0.30000000
v 0.08924685 -0.04332975 0.30000000
v 0.08000512 -0.05121327 0.30000000
v 0.07920639 -0.05271651 0.30000000
v 0.07712338 -0.05636170 0.30000000
v 0.07709946 -0.05775996 0.30000000
v 0.07582726 -0.05767485 0.30000000
v 0.08539018 -0.05193774 0.30000000
v 0.08331406 -0.05539276 0.30000000
v 0.08455401 -0.05241118 0.30000000
v 0.08671120 -0.04806201 0.30000000
v 0.08449493 -0.05081072 0.30000000
v 0.08532625 -0.04848617 0.30000000
v 0.07991347 -0.05738964 0.30000000
v 0.08303716 -0.05307874 0.30000000
v 0.08368728 -0.05429151 0.30000000
v 0.08281759 -0.05593489 0.30000000
v 0.07784316 -0.05774314 0.30000000
v 0.07874507 -0.05763410 0.30000000
v 0.08151949 -0.04837339 0.30000000
v 0.07044570 -0.06665409 0.30000000
v 0.06925975 -0.06752597 0.30000000
v 0.06714511 -0.06724044 0.30000000
v 0.06620012 -0.06784571 0.30000000
v 0.06720778 -0.06784167 0.30000000
v 0.07395240 -0.06202003 0.30000000
v 0.07648386 -0.05990469 0.30000000
v 0.08055896 -0.05853244 0.30000000
v 0.07898395 -0.05934982 0.30000000
v 0.07031431 -0.06561443 0.30000000
v 0.06863151 -0.06687078 0.30000000
v 0.06807356 -0.06777818 0.30000000
v 0.07337646 -0.06499908 0.30000000
v 0.07194172 -0.06544234 0.30000000
v 0.07241449 -0.06204247 0.30000000
v 0.07210910 -0.06284384 0.30000000
v 0.07183798 -0.06324180 0.30000000
v 0.06897861 -0.06559938 0.30000000
v 0.07871181 -0.06060388 0.30000000
v 0.07735478 -0.06132924 0.30000000
v 0.07552814 -0.06318603 0.30000000
v 0.07546286 -0.06185390 0.30000000
v 0.07309319 -0.06390171 0.30000000
v 0.07566981 -0.05853605 0.30000000
v 0.07341492 -0.06132359 0.30000000
v 0.06143329 -0.07087299 0.30000000
v 0.06348484 -0.06972249 0.30000000
v 0.06508095 -0.06953570 0.30000000
v 0.06422511 -0.06935039 0.30000000
v -0.03176454 0.04496652 0.30000000
v -0.03305638 0.04475844 0.30000000
v -0.03393835 0.03997434 0.30000000
v 0.04559250 -0.04160548 0.30000000
v 0.04585885 -0.03998120 0.30000000
v 0.04096547 -0.04098747 0.30000000
v 0.04702774 0.03322108 0.30000000
v 0.04674062 0.03500124 0.30000000
v 0.04183254 0.03525398 0.30000000
v -0.00164978 0.04214336 0.30000000
v 0.00377149 0.04223387 0.30000000
v 0.00231278 0.04718490 0.30000000
v 0.00918193 0.04227720 0.30000000
v 0.00765587 0.04723409 0.30000000
v 0.01456626 0.04224330 0.30000000
v 0.01399748 0.04721116 0.30000000
v 0.01991912 0.04214482 0.30000000
v 0.02041887 0.04707787 0.30000000
v 0.02525195 0.04198057 0.30000000
v 0.02701735 0.04683444 0.30000000
v 0.03055079 0.04173319 0.30000000
v 0.03577708 0.04141615 0.30000000
v 0.03329166 0.04647274 0.30000000
v 0.04094259 0.04104498 0.30000000
v 0.03906661 0.04603347 0.30000000
v 0.04530420 0.04310780 0.30000000
v 0.04480711 0.04569225 0.30000000
v 0.04621271 0.03828661 0.30000000
v 0.04582574 0.04024416 0.30000000
v 0.04770671 0.02826270 0.30000000
v 0.04323191 0.02342813 0.30000000
v 0.04830303 0.02284184 0.30000000
v 0.04370775 0.01750828 0.30000000
v 0.04870891 0.01723885 0.30000000
v 0.04404482 0.01162437 0.30000000
v 0.04892100 0.01139887 0.30000000
v 0.04424631 0.00579651 0.30000000
v 0.04900832 0.00535809 0.30000000
v 0.04431331 0.00002199 0.30000000
v 0.04901838 -0.00059748 0.30000000
v 0.04424902 -0.00575211 0.30000000
v 0.04897118 -0.00631902 0.30000000
v 0.04404818 -0.01157163 0.30000000
v 0.04886374 -0.01184699 0.30000000
v 0.04370357 -0.01744990 0.30000000
v 0.04867373 -0.01720523 0.30000000
v 0.04782459 -0.02718860 0.30000000
v 0.04833362 -0.02236969 0.30000000
v 0.04322163 -0.02337097 0.30000000
v 0.04716410 -0.03216762 0.30000000
v 0.04758528 -0.02904597 0.30000000
v 0.04258948 -0.02930376 0.30000000
v 0.04641506 -0.03697769 0.30000000
v 0.04183611 -0.03521161 0.30000000
v 0.04680571 -0.03439518 0.30000000
v 0.04486299 -0.04554509 0.30000000
v 0.03963078 -0.04595493 0.30000000
v 0.03578300 -0.04136429 0.30000000
v 0.03377640 -0.04639256 0.30000000
v 0.03055765 -0.04167945 0.30000000
v 0.02746159 -0.04677264 0.30000000
v -0.02332143 -0.04094216 0.30000000
v -0.01760020 -0.04615482 0.30000000
v -0.01792435 -0.04136064 0.30000000
v -0.01234008 -0.04656427 0.30000000
v -0.01250424 -0.04168052 0.30000000
v -0.00707516 -0.04668887 0.30000000
v -0.00707776 -0.04192327 0.30000000
v -0.00177970 -0.04699989 0.30000000
v -0.00165950 -0.04208387 0.30000000
v 0.00237558 -0.04712120 0.30000000
v 0.00377993 -0.04219158 0.30000000
v 0.00857975 -0.04719037 0.30000000
v 0.00918520 -0.04222555 0.30000000
v 0.01484105 -0.04715256 0.30000000
v 0.01455956 -0.04219445 0.30000000
v 0.02116654 -0.04701844 0.30000000
v 0.01991196 -0.04209578 0.30000000
v 0.02526206 -0.04192087 0.30000000
v -0.02837719 -0.04524852 0.30000000
v -0.02534911 -0.04550065 0.30000000
v -0.02286347 -0.04584063 0.30000000
v -0.02873948 -0.04045455 0.30000000
v -0.03389857 -0.03994908 0.30000000
v -0.03337113 -0.04468965 0.30000000
v -0.03521233 -0.01724355 0.30000000
v -0.03516484 0.01737216 0.30000000
v -0.03490634 0.02313003 0.30000000
v -0.03468238 0.02885826 0.30000000
v -0.02764550 0.04533104 0.30000000
v -0.02873132 0.04050272 0.30000000
v -0.02527690 0.04557151 0.30000000
v -0.02333799 0.04098695 0.30000000
v -0.02187552 0.04595548 0.30000000
v -0.01793648 0.04140580 0.30000000
v -0.01600579 0.04635009 0.30000000
v -0.01251157 0.04172721 0.30000000
v -0.01006875 0.04675243 0.30000000
v -0.00383844 0.04696457 0.30000000
v -0.00708052 0.04197397 0.30000000
v 0.03660534 -0.03557608 0.30000000
v 0.03130352 -0.03587758 0.30000000
v 0.02592705 -0.03611522 0.30000000
v 0.02048823 -0.03629038 0.30000000
v 0.01502209 -0.03640310 0.30000000
v 0.00953626 -0.03645323 0.30000000
v 0.00402511 -0.03644035 0.30000000
v -0.00150550 -0.03636341 0.30000000
v -0.00704370 -0.03622026 0.30000000
v -0.01258337 -0.03600900 0.30000000
v -0.01811986 -0.03572607 0.30000000
v -0.02364467 -0.03536804 0.30000000
v -0.02914227 -0.03493100 0.30000000
v -0.03433867 -0.03446076 0.30000000
v 0.03730562 -0.02964598 0.30000000
v 0.03194264 -0.02992618 0.30000000
v 0.02649807 -0.03014921 0.30000000
v 0.02098550 -0.03031637 0.30000000
v 0.01544144 -0.03042755 0.30000000
v 0.00987387 -0.03048281 0.30000000
v 0.00427741 -0.03048188 0.30000000
v -0.00134156 -0.03042370 0.30000000
v -0.00697073 -0.03030658 0.30000000
v -0.01260298 -0.03012886 0.30000000
v -0.01823470 -0.02988773 0.30000000
v -0.02385247 -0.02958014 0.30000000
v -0.02944175 -0.02920262 0.30000000
v -0.03473487 -0.02878901 0.30000000
v 0.03787701 -0.02367080 0.30000000
v 0.03246970 -0.02391629 0.30000000
v 0.02697464 -0.02411323 0.30000000
v 0.02140695 -0.02426255 0.30000000
v 0.01580363 -0.02436437 0.30000000
v 0.01017348 -0.02441859 0.30000000
v 0.00451120 -0.02442522 0.30000000
v -0.00117640 -0.02438325 0.30000000
v -0.00687657 -0.02429155 0.30000000
v -0.01258137 -0.02414864 0.30000000
v -0.01828720 -0.02395269 0.30000000
v -0.02397922 -0.02370055 0.30000000
v -0.02964011 -0.02338958 0.30000000
v -0.03497501 -0.02305969 0.30000000
v 0.03832197 -0.01769545 0.30000000
v 0.03288433 -0.01789493 0.30000000
v 0.02735404 -0.01805585 0.30000000
v 0.02174706 -0.01817909 0.30000000
v 0.01610123 -0.01826449 0.30000000
v 0.01042551 -0.01831238 0.30000000
v 0.00471487 -0.01832261 0.30000000
v -0.00102346 -0.01829446 0.30000000
v -0.00677618 -0.01822714 0.30000000
v -0.01253516 -0.01811956 0.30000000
v -0.01829596 -0.01797029 0.30000000
v -0.02404442 -0.01777715 0.30000000
v -0.02975878 -0.01753806 0.30000000
v 0.03864335 -0.01174838 0.30000000
v 0.03318688 -0.01189209 0.30000000
v 0.02763401 -0.01200855 0.30000000
v 0.02200156 -0.01209843 0.30000000
v 0.01632756 -0.01216167 0.30000000
v 0.01062138 -0.01219848 0.30000000
v 0.00487811 -0.01220892 0.30000000
v -0.00089471 -0.01219252 0.30000000
v -0.00668341 -0.01214864 0.30000000
v -0.01247968 -0.01207668 0.30000000
v -0.01827839 -0.01197576 0.30000000
v -0.02406577 -0.01184440 0.30000000
v -0.02981368 -0.01168345 0.30000000
v -0.03513943 -0.01152214 0.30000000
v 0.03884155 -0.00584234 0.30000000
v 0.03337564 -0.00591978 0.30000000
v 0.02781090 -0.00598286 0.30000000
v 0.02216474 -0.00603190 0.30000000
v 0.01647516 -0.00606695 0.30000000
v 0.01075186 -0.00608806 0.30000000
v 0.00499014 -0.00609523 0.30000000
v -0.00080246 -0.00608842 0.30000000
v -0.00661207 -0.00606721 0.30000000
v -0.01242986 -0.00603125 0.30000000
v -0.01825067 -0.00598039 0.30000000
v -0.02406073 -0.00591368 0.30000000
v -0.02983173 -0.00582800 0.30000000
v -0.03538177 -0.00577341 0.30000000
v 0.03890983 0.00001943 0.30000000
v 0.03344138 0.00001942 0.30000000
v 0.02787327 0.00001931 0.30000000
v 0.02222305 0.00001925 0.30000000
v 0.01652878 0.00001925 0.30000000
v 0.01080005 0.00001916 0.30000000
v 0.00503244 0.00001913 0.30000000
v -0.00076642 0.00001914 0.30000000
v -0.00658279 0.00001915 0.30000000
v -0.01240756 0.00001919 0.30000000
v -0.01823561 0.00001922 0.30000000
v -0.02405314 0.00001937 0.30000000
v -0.02983460 0.00001975 0.30000000
v -0.03534441 -0.00004852 0.30000000
v 0.03884177 0.00588279 0.30000000
v 0.03337591 0.00596033 0.30000000
v 0.02781122 0.00602347 0.30000000
v 0.02216493 0.00607269 0.30000000
v 0.01647543 0.00610790 0.30000000
v 0.01075217 0.00612912 0.30000000
v 0.00499035 0.00613640 0.30000000
v -0.00080225 0.00612969 0.30000000
v -0.00661191 0.00610870 0.30000000
v -0.01242967 0.00607292 0.30000000
v -0.01825056 0.00602224 0.30000000
v -0.02406072 0.00595574 0.30000000
v -0.02983482 0.00587250 0.30000000
v -0.03524379 0.00577688 0.30000000
v 0.03864338 0.01179486 0.30000000
v 0.03318692 0.01193910 0.30000000
v 0.02763395 0.01205622 0.30000000
v 0.02200138 0.01214663 0.30000000
v 0.01632747 0.01221029 0.30000000
v 0.01062134 0.01224753 0.30000000
v 0.00487802 0.01225838 0.30000000
v -0.00089490 0.01224236 0.30000000
v -0.00668364 0.01219882 0.30000000
v -0.01247984 0.01212715 0.30000000
v -0.01827860 0.01202655 0.30000000
v -0.02406608 0.01189528 0.30000000
v -0.02981780 0.01173225 0.30000000
v -0.03523462 0.01159447 0.30000000
v 0.03832135 0.01775004 0.30000000
v 0.03288358 0.01795062 0.30000000
v 0.02735314 0.01811254 0.30000000
v 0.02174615 0.01823646 0.30000000
v 0.01610024 0.01832265 0.30000000
v 0.01042445 0.01837125 0.30000000
v 0.00471370 0.01838207 0.30000000
v -0.00102468 0.01835436 0.30000000
v -0.00677746 0.01828731 0.30000000
v -0.01253650 0.01817990 0.30000000
v -0.01829723 0.01803073 0.30000000
v -0.02404581 0.01783762 0.30000000
v -0.02976029 0.01759836 0.30000000
v 0.03787595 0.02372792 0.30000000
v 0.03246848 0.02397459 0.30000000
v 0.02697340 0.02417258 0.30000000
v 0.02140552 0.02432285 0.30000000
v 0.01580203 0.02442554 0.30000000
v 0.01017190 0.02448051 0.30000000
v 0.00450960 0.02448759 0.30000000
v -0.00117809 0.02444610 0.30000000
v -0.00687812 0.02435463 0.30000000
v -0.01258298 0.02421177 0.30000000
v -0.01828890 0.02401587 0.30000000
v -0.02398090 0.02376370 0.30000000
v -0.02964171 0.02345230 0.30000000
v 0.04261316 0.02935602 0.30000000
v 0.03730433 0.02969904 0.30000000
v 0.03194113 0.02998001 0.30000000
v 0.02649654 0.03020381 0.30000000
v 0.02098391 0.03037161 0.30000000
v 0.01543974 0.03048329 0.30000000
v 0.00987236 0.03053898 0.30000000
v 0.00427588 0.03053845 0.30000000
v -0.00134308 0.03048063 0.30000000
v -0.00697198 0.03036379 0.30000000
v -0.01260422 0.03018636 0.30000000
v -0.01823591 0.02994533 0.30000000
v -0.02385345 0.02963783 0.30000000
v -0.02944262 0.02926032 0.30000000
v 0.03660340 0.03562609 0.30000000
v 0.03130135 0.03592808 0.30000000
v 0.02592482 0.03616614 0.30000000
v 0.02048593 0.03634178 0.30000000
v 0.01501982 0.03645471 0.30000000
v 0.00953402 0.03650516 0.30000000
v 0.00402274 0.03649276 0.30000000
v -0.00150767 0.03641598 0.30000000
v -0.00704585 0.03627323 0.30000000
v -0.01258538 0.03606232 0.30000000
v -0.01812187 0.03577970 0.30000000
v -0.02364650 0.03542203 0.30000000
v -0.02914385 0.03498537 0.30000000
v -0.03439414 0.03450846 0.30000000
v 0.05963445 -0.04400509 0.30000000
v 0.06244332 -0.04376695 0.30000000
v 0.06577301 -0.03994620 0.30000000
v 0.06746763 -0.04305387 0.30000000
v 0.07015052 -0.04261375 0.30000000
v 0.07105585 -0.03957376 0.30000000
v 0.07976462 0.04086129 0.30000000
v 0.08116377 0.03848427 0.30000000
v 0.08204420 0.04048976 0.30000000
v 0.08225313 0.03312079 0.30000000
v 0.08319228 0.02760736 0.30000000
v 0.08392596 0.02209529 0.30000000
v 0.08457453 0.01656937 0.30000000
v 0.08507470 0.01107310 0.30000000
v 0.08541997 0.00559825 0.30000000
v 0.08556280 0.00012164 0.30000000
v 0.08547826 -0.00542610 0.30000000
v 0.08517806 -0.01101682 0.30000000
v 0.08467395 -0.01658047 0.30000000
v 0.08398637 -0.02211300 0.30000000
v 0.08321258 -0.02762738 0.30000000
v 0.08224660 -0.03313874 0.30000000
v 0.08109878 -0.03848662 0.30000000
v 0.08176951 -0.04051485 0.30000000
v 0.07972958 -0.04083080 0.30000000
v 0.07722039 -0.04135067 0.30000000
v 0.05112183 -0.03447713 0.30000000
v 0.04965446 -0.04021449 0.30000000
v 0.05230319 -0.02862725 0.30000000
v 0.05111995 0.03450509 0.30000000
v 0.05230281 0.02867469 0.30000000
v 0.05323605 0.02290030 0.30000000
v 0.05382719 0.01729172 0.30000000
v 0.05415276 0.01161863 0.30000000
v 0.05429019 0.00585301 0.30000000
v 0.05430357 0.00003583 0.30000000
v 0.05423049 -0.00577569 0.30000000
v 0.05406472 -0.01156989 0.30000000
v 0.05374581 -0.01727238 0.30000000
v 0.05317437 -0.02289390 0.30000000
v 0.04968864 0.04024853 0.30000000
v 0.05075634 0.04511219 0.30000000
v 0.06988091 0.04268469 0.30000000
v 0.06756544 0.04308383 0.30000000
v 0.06580737 0.03996345 0.30000000
v 0.07778104 0.04127564 0.30000000
v 0.07289259 0.04218865 0.30000000
v 0.07109532 0.03958660 0.30000000
v 0.05667381 -0.04442069 0.30000000
v 0.06039730 -0.04013656 0.30000000
v 0.06182237 -0.03448773 0.30000000
v 0.06719070 -0.03434382 0.30000000
v 0.06297669 -0.02871830 0.30000000
v 0.06835451 -0.02860729 0.30000000
v 0.06387462 -0.02310791 0.30000000
v 0.06930386 -0.02298122 0.30000000
v 0.06463794 -0.01752334 0.30000000
v 0.07011714 -0.01735119 0.30000000
v 0.06526964 -0.01177880 0.30000000
v 0.07076508 -0.01160949 0.30000000
v 0.06568012 -0.00588822 0.30000000
v 0.07117388 -0.00578007 0.30000000
v 0.06581391 0.00004797 0.30000000
v 0.07130215 0.00006289 0.30000000
v 0.06566208 0.00596022 0.30000000
v 0.07114410 0.00588170 0.30000000
v 0.06525284 0.01179607 0.30000000
v 0.07072116 0.01165040 0.30000000
v 0.06464360 0.01749037 0.30000000
v 0.07008217 0.01732905 0.30000000
v 0.06390294 0.02306764 0.30000000
v 0.06929264 0.02293379 0.30000000
v 0.06301061 0.02870297 0.30000000
v 0.06836533 0.02857502 0.30000000
v 0.06185855 0.03449527 0.30000000
v 0.06721684 0.03433848 0.30000000
v 0.06042732 0.04020333 0.30000000
v 0.05641335 0.04448991 0.30000000
v 0.05501453 0.04028739 0.30000000
v 0.05648027 0.03454868 0.30000000
v 0.05766489 0.02871669 0.30000000
v 0.05854128 0.02304048 0.30000000
v 0.05918283 0.01749630 0.30000000
v 0.05966046 0.01182533 0.30000000
v 0.05995519 0.00598052 0.30000000
v 0.06004615 0.00003819 0.30000000
v 0.05993087 -0.00591897 0.30000000
v 0.05961683 -0.01181164 0.30000000
v 0.05912354 -0.01751597 0.30000000
v 0.05848074 -0.02305714 0.30000000
v 0.05761842 -0.02870721 0.30000000
v 0.05644312 -0.03452260 0.30000000
v 0.05497713 -0.04025266 0.30000000
v 0.05088895 -0.04505329 0.30000000
v 0.06215318 0.04383238 0.30000000
v 0.07259979 -0.04219219 0.30000000
v 0.07619129 -0.03911281 0.30000000
v 0.07246578 -0.03404509 0.30000000
v 0.07755993 -0.03360589 0.30000000
v 0.07362144 -0.02834837 0.30000000
v 0.07862734 -0.02799593 0.30000000
v 0.07455363 -0.02273649 0.30000000
v 0.07947919 -0.02244501 0.30000000
v 0.07533676 -0.01710762 0.30000000
v 0.08020120 -0.01685360 0.30000000
v 0.07594868 -0.01140136 0.30000000
v 0.08076270 -0.01119987 0.30000000
v 0.07633056 -0.00565198 0.30000000
v 0.08111038 -0.00552981 0.30000000
v 0.07644937 0.00008704 0.30000000
v 0.08121582 0.00011041 0.30000000
v 0.07629895 0.00579521 0.30000000
v 0.08107343 0.00570966 0.30000000
v 0.07589579 0.01146963 0.30000000
v 0.08069900 0.01128281 0.30000000
v 0.07528293 0.01709702 0.30000000
v 0.08013268 0.01684593 0.30000000
v 0.07451984 0.02269015 0.30000000
v 0.07943584 0.02240305 0.30000000
v 0.07361578 0.02831254 0.30000000
v 0.07862071 0.02796131 0.30000000
v 0.07248386 0.03403616 0.30000000
v 0.07757813 0.03359552 0.30000000
v 0.07623684 0.03912245 0.30000000
v -0.07510327 0.04061591 0.30000000
v -0.07652185 0.03743432 0.30000000
v -0.07603713 0.03725317 0.30000000
v -0.07094763 0.03484193 0.30000000
v -0.06853557 0.03963677 0.30000000
v -0.07010993 0.04060890 0.30000000
v -0.06194874 0.03850491 0.30000000
v -0.05910593 0.04058117 0.30000000
v -0.06106808 0.04187660 0.30000000
v -0.05283955 0.04211827 0.30000000
v -0.05456816 0.04456580 0.30000000
v -0.04582318 0.04398488 0.30000000
v -0.01930541 0.04739118 0.30000000
v -0.02080471 0.05078949 0.30000000
v -0.00684598 0.04844513 0.30000000
v -0.00822300 0.05200119 0.30000000
v 0.00209835 0.07123437 0.30000000
v -0.00363688 0.07035959 0.30000000
v 0.00228713 0.07054825 0.30000000
v -0.00267177 0.06869020 0.30000000
v 0.00228229 0.06882428 0.30000000
v -0.00170363 0.06670558 0.30000000
v 0.00222152 0.06669454 0.30000000
v -0.00069743 0.06440146 0.30000000
v 0.00217330 0.06421448 0.30000000
v 0.00037038 0.06177912 0.30000000
v 0.00216163 0.06142940 0.30000000
v 0.00154690 0.05894867 0.30000000
v 0.00220002 0.05822053 0.30000000
v -0.03350093 0.04818736 0.30000000
v -0.06536641 0.03740815 0.30000000
v -0.06687254 0.03842488 0.30000000
v -0.06773536 0.03621278 0.30000000
v -0.06856916 0.03592418 0.30000000
v -0.07321472 0.03531469 0.30000000
v -0.07344760 0.03312965 0.30000000
v -0.07165451 0.03452588 0.30000000
v -0.07473542 0.03233202 0.30000000
v -0.07441253 0.03610330 0.30000000
v -0.07552579 0.03173493 0.30000000
v -0.07534766 0.03675768 0.30000000
v -0.07716662 0.03030564 0.30000000
v -0.07664055 0.03078907 0.30000000
v -0.07782935 0.03384461 0.30000000
v -0.07823376 0.03144377 0.30000000
v -0.07919921 0.02905496 0.30000000
v -0.07849679 0.02853863 0.30000000
v -0.07767351 0.03093532 0.30000000
v -0.07891205 0.02801885 0.30000000
v -0.07952284 0.02686323 0.30000000
v -0.08002099 0.02548324 0.30000000
v -0.06958042 0.04958227 0.30000000
v -0.06747454 0.05211987 0.30000000
v -0.03351227 0.06155756 0.30000000
v -0.03953144 0.05858098 0.30000000
v -0.03217779 0.05937131 0.30000000
v -0.03809824 0.05634780 0.30000000
v -0.03079754 0.05691917 0.30000000
v -0.03661479 0.05385922 0.30000000
v -0.02937524 0.05420707 0.30000000
v -0.03508828 0.05112092 0.30000000
v -0.02791034 0.05124049 0.30000000
v -0.02637900 0.04815664 0.30000000
v -0.02744170 0.06406852 0.30000000
v -0.02620109 0.06195533 0.30000000
v -0.02491858 0.05956495 0.30000000
v -0.02359396 0.05690325 0.30000000
v -0.02222450 0.05397561 0.30000000
v -0.01376002 0.04985512 0.30000000
v -0.01517798 0.05322525 0.30000000
v -0.01651503 0.05636807 0.30000000
v -0.01779909 0.05923865 0.30000000
v -0.01903489 0.06183069 0.30000000
v -0.02022758 0.06413886 0.30000000
v -0.02138162 0.06615842 0.30000000
v -0.00955193 0.05536103 0.30000000
v -0.01081970 0.05844652 0.30000000
v -0.01202931 0.06124619 0.30000000
v -0.01318677 0.06375298 0.30000000
v -0.01429985 0.06596290 0.30000000
v -0.01537688 0.06787400 0.30000000
v -0.00945641 0.06926074 0.30000000
v -0.00844357 0.06746672 0.30000000
v -0.00739708 0.06536688 0.30000000
v -0.00630589 0.06295800 0.30000000
v -0.00515960 0.06024075 0.30000000
v -0.00395313 0.05722053 0.30000000
v -0.00269528 0.05391226 0.30000000
v 0.00216832 0.05495180 0.30000000
v -0.00135549 0.05034564 0.30000000
v 0.00227608 0.05124030 0.30000000
v -0.06282647 0.04346968 0.30000000
v -0.05634753 0.04663077 0.30000000
v -0.07354316 0.04360938 0.30000000
v -0.07130498 0.04163771 0.30000000
v -0.07229595 0.04246210 0.30000000
v -0.07307163 0.04307926 0.30000000
v -0.06339834 0.03817481 0.30000000
v -0.07167806 0.04665832 0.30000000
v -0.07103618 0.04630559 0.30000000
v -0.07020588 0.04566034 0.30000000
v -0.06918078 0.04479230 0.30000000
v -0.06793713 0.04367994 0.30000000
v -0.06452506 0.04487472 0.30000000
v -0.06197814 0.04770301 0.30000000
v -0.06890205 0.04920710 0.30000000
v -0.06656212 0.05196579 0.30000000
v -0.06402706 0.05455597 0.30000000
v -0.06130733 0.05697201 0.30000000
v -0.05860931 0.05907405 0.30000000
v -0.02465228 0.07032145 0.30000000
v -0.03091079 0.06862595 0.30000000
v -0.03715314 0.06646135 0.30000000
v -0.03826741 0.06737274 0.30000000
v -0.04339723 0.06369364 0.30000000
v -0.04453862 0.06479038 0.30000000
v -0.05040772 0.06170384 0.30000000
v -0.05142439 0.06254330 0.30000000
v -0.05361778 0.05963872 0.30000000
v -0.05466954 0.06058246 0.30000000
v -0.06804386 0.04852239 0.30000000
v -0.06699800 0.04761377 0.30000000
v -0.06567781 0.05126950 0.30000000
v -0.06462325 0.05032371 0.30000000
v -0.06312773 0.05387474 0.30000000
v -0.06207528 0.05289926 0.30000000
v -0.06041867 0.05631609 0.30000000
v -0.05937707 0.05532185 0.30000000
v -0.05759609 0.05855548 0.30000000
v -0.05655379 0.05757510 0.30000000
v -0.05517919 0.05645998 0.30000000
v -0.05817223 0.05408736 0.30000000
v -0.06085301 0.05168753 0.30000000
v -0.06339290 0.04914380 0.30000000
v -0.06577533 0.04645529 0.30000000
v -0.05680013 0.05258567 0.30000000
v -0.05947859 0.05022943 0.30000000
v -0.05795033 0.04848010 0.30000000
v -0.05256616 0.05309679 0.30000000
v -0.05383273 0.05501572 0.30000000
v -0.05106970 0.05110343 0.30000000
v -0.04944208 0.04887486 0.30000000
v -0.04773347 0.04646627 0.30000000
v 0.00116227 0.07249004 0.30000000
v -0.00458659 0.07173548 0.30000000
v -0.01044611 0.07075557 0.30000000
v -0.01139443 0.07187163 0.30000000
v -0.01642547 0.06948674 0.30000000
v -0.01746623 0.07076021 0.30000000
v -0.02249994 0.06788546 0.30000000
v -0.02358353 0.06931814 0.30000000
v -0.02863806 0.06589854 0.30000000
v -0.02978541 0.06744039 0.30000000
v -0.03479350 0.06347168 0.30000000
v -0.03601113 0.06510773 0.30000000
v -0.04090269 0.06055299 0.30000000
v -0.04219683 0.06225859 0.30000000
v -0.04825491 0.05884110 0.30000000
v -0.04947161 0.06033288 0.30000000
v -0.04688088 0.05709957 0.30000000
v -0.04541804 0.05510242 0.30000000
v -0.04388495 0.05285387 0.30000000
v -0.04229680 0.05035896 0.30000000
v -0.04063420 0.04768691 0.30000000
v -0.03898304 0.04476252 0.30000000
v 0.00229266 0.07208104 0.30000000
v -0.07676794 -0.00398446 0.30000000
v -0.07523983 -0.00411881 0.30000000
v -0.07527136 0.00002149 0.30000000
v -0.06134478 -0.03862915 0.30000000
v -0.05972177 -0.03474552 0.30000000
v -0.05883634 -0.02022356 0.30000000
v -0.05968206 0.03483370 0.30000000
v -0.06446438 0.03344097 0.30000000
v -0.06036678 0.02992407 0.30000000
v -0.05910157 0.01518012 0.30000000
v -0.05928761 0.01008901 0.30000000
v -0.05937460 0.00001985 0.30000000
v -0.05935792 -0.00499268 0.30000000
v -0.05927467 -0.01004312 0.30000000
v -0.05909791 -0.01512510 0.30000000
v -0.05836069 -0.02531672 0.30000000
v -0.05756548 -0.03068720 0.30000000
v -0.06035430 -0.02987064 0.30000000
v -0.08103877 -0.01962515 0.30000000
v -0.08028016 -0.02059148 0.30000000
v -0.08115753 -0.01879328 0.30000000
v -0.08107377 -0.01362024 0.30000000
v -0.08148425 0.00677969 0.30000000
v -0.08226926 0.00524431 0.30000000
v -0.08234976 -0.00002305 0.30000000
v -0.08107088 0.01368958 0.30000000
v -0.08183542 0.01275648 0.30000000
v -0.08201081 0.01046906 0.30000000
v -0.08028043 0.02065833 0.30000000
v -0.08107275 0.01943897 0.30000000
v -0.08116417 0.01879949 0.30000000
v -0.07968051 0.02427572 0.30000000
v -0.07573267 0.02809219 0.30000000
v -0.07804986 0.02621770 0.30000000
v -0.07268307 0.02994774 0.30000000
v -0.06892915 0.03176963 0.30000000
v -0.06806838 -0.03602993 0.30000000
v -0.06701338 -0.03643659 0.30000000
v -0.06892058 -0.03176136 0.30000000
v -0.06606713 -0.03705999 0.30000000
v -0.06446012 -0.03338222 0.30000000
v -0.06427226 -0.03785419 0.30000000
v -0.06327857 -0.03814538 0.30000000
v -0.07782218 -0.01179734 0.30000000
v -0.07500497 -0.01259026 0.30000000
v -0.07665656 -0.00814177 0.30000000
v -0.07513358 -0.00831736 0.30000000
v -0.07679929 0.00002272 0.30000000
v -0.07818051 -0.00384157 0.30000000
v -0.07807330 -0.00776649 0.30000000
v -0.08010116 -0.00726144 0.30000000
v -0.08022283 0.00004104 0.30000000
v -0.08160507 0.00001455 0.30000000
v -0.08148738 -0.00672678 0.30000000
v -0.08220218 -0.00699017 0.30000000
v -0.08177168 -0.01344002 0.30000000
v -0.07648469 -0.02395835 0.30000000
v -0.07361791 -0.02551180 0.30000000
v -0.07706501 -0.01984621 0.30000000
v -0.07424464 -0.02114808 0.30000000
v -0.07749416 -0.01577734 0.30000000
v -0.07470582 -0.01682110 0.30000000
v -0.07571813 -0.02806480 0.30000000
v -0.07468963 -0.03227365 0.30000000
v -0.07268690 -0.02999105 0.30000000
v -0.07192379 -0.03426616 0.30000000
v -0.07140308 -0.03458573 0.30000000
v -0.07872498 -0.02232962 0.30000000
v -0.07926068 -0.01846763 0.30000000
v -0.07965656 -0.01458491 0.30000000
v -0.07835434 -0.02859519 0.30000000
v -0.07804950 -0.02614910 0.30000000
v -0.07844421 -0.02854291 0.30000000
v -0.07967214 -0.02427822 0.30000000
v -0.07894342 -0.02791925 0.30000000
v -0.08018494 -0.02459893 0.30000000
v -0.07988811 -0.02601414 0.30000000
v -0.07721542 -0.03020791 0.30000000
v -0.07664460 -0.03073239 0.30000000
v -0.07566645 -0.03156130 0.30000000
v -0.07665689 0.00819260 0.30000000
v -0.07500615 0.01264378 0.30000000
v -0.07808657 0.00772414 0.30000000
v -0.07782320 0.01185003 0.30000000
v -0.08009644 0.00729453 0.30000000
v -0.06603141 0.02378274 0.30000000
v -0.06357647 0.02436785 0.30000000
v -0.06287929 0.02938810 0.30000000
v -0.06989663 0.02715205 0.30000000
v -0.07351777 0.02566163 0.30000000
v -0.07424516 0.02120458 0.30000000
v -0.07648523 0.02401541 0.30000000
v -0.07706531 0.01990311 0.30000000
v -0.07872509 0.02238776 0.30000000
v -0.07926065 0.01852516 0.30000000
v -0.07965727 0.01463842 0.30000000
v -0.07749513 0.01583199 0.30000000
v -0.07470706 0.01687651 0.30000000
v -0.07236907 0.02200153 0.30000000
v -0.06287807 -0.02933299 0.30000000
v -0.06357567 -0.02431153 0.30000000
v -0.06097057 -0.02487144 0.30000000
v -0.06406859 -0.01937913 0.30000000
v -0.06145664 -0.01983530 0.30000000
v -0.06440968 -0.01446835 0.30000000
v -0.06179194 -0.01481573 0.30000000
v -0.06462413 -0.00959374 0.30000000
v -0.06200219 -0.00982869 0.30000000
v -0.06473449 -0.00476527 0.30000000
v -0.06210973 -0.00488454 0.30000000
v -0.06476557 0.00002048 0.30000000
v -0.06213973 0.00002028 0.30000000
v -0.06210969 0.00492828 0.30000000
v -0.05935928 0.00503315 0.30000000
v -0.06762928 -0.02793960 0.30000000
v -0.06536345 -0.02857782 0.30000000
v -0.06832658 -0.02311797 0.30000000
v -0.06603056 -0.02372654 0.30000000
v -0.06881939 -0.01841006 0.30000000
v -0.06652572 -0.01890351 0.30000000
v -0.06916168 -0.01373320 0.30000000
v -0.06686899 -0.01410713 0.30000000
v -0.06937822 -0.00909810 0.30000000
v -0.06708556 -0.00934988 0.30000000
v -0.06949062 -0.00451452 0.30000000
v -0.06719754 -0.00464172 0.30000000
v -0.06952268 0.00002093 0.30000000
v -0.06722928 0.00002066 0.30000000
v -0.06719753 0.00468608 0.30000000
v -0.06473444 0.00480933 0.30000000
v -0.06462451 0.00964422 0.30000000
v -0.06200261 0.00987917 0.30000000
v -0.06179337 0.01487196 0.30000000
v -0.05880539 0.02029297 0.30000000
v -0.06536459 0.02863308 0.30000000
v -0.06763044 0.02799503 0.30000000
v -0.06832728 0.02317420 0.30000000
v -0.07045675 0.02256060 0.30000000
v -0.07093676 0.01795818 0.30000000
v -0.07286457 0.01743812 0.30000000
v -0.07319653 0.01301106 0.30000000
v -0.07513390 0.00836814 0.30000000
v -0.06652734 0.01896076 0.30000000
v -0.06882084 0.01846686 0.30000000
v -0.06916297 0.01378819 0.30000000
v -0.07127508 0.01340344 0.30000000
v -0.07148889 0.00889055 0.30000000
v -0.07340691 0.00862805 0.30000000
v -0.07351717 0.00429784 0.30000000
v -0.07523978 0.00416478 0.30000000
v -0.07679925 0.00402740 0.30000000
v -0.07821334 0.00011104 0.30000000
v -0.05837685 0.02538455 0.30000000
v -0.06145816 0.01989351 0.30000000
v -0.06441105 0.01452415 0.30000000
v -0.06708591 0.00940046 0.30000000
v -0.06949066 0.00455923 0.30000000
v -0.07163258 0.00002110 0.30000000
v -0.07160049 -0.00438436 0.30000000
v -0.07148848 -0.00884005 0.30000000
v -0.07127381 -0.01334899 0.30000000
v -0.07093537 -0.01790183 0.30000000
v -0.07044914 -0.02248948 0.30000000
v -0.06979476 -0.02712121 0.30000000
v -0.07171436 -0.02644129 0.30000000
v -0.07238718 -0.02184532 0.30000000
v -0.07286323 -0.01738221 0.30000000
v -0.07319526 -0.01295713 0.30000000
v -0.07340656 -0.00857737 0.30000000
v -0.07351724 -0.00425226 0.30000000
v -0.07354916 0.00002128 0.30000000
v -0.07160040 0.00442956 0.30000000
v -0.06937864 0.00914862 0.30000000
v -0.06687038 0.01416254 0.30000000
v -0.06407021 0.01943682 0.30000000
v -0.06097250 0.02492623 0.30000000
v 0.00212655 -0.05726053 0.30000000
v 0.00156738 -0.05886804 0.30000000
v 0.00213764 -0.05786423 0.30000000
v -0.02638476 -0.04811480 0.30000000
v -0.05906891 -0.04054625 0.30000000
v -0.06751200 -0.05202296 0.30000000
v -0.06958234 -0.04952875 0.30000000
v -0.07603256 -0.03720934 0.30000000
v -0.07728155 -0.03543759 0.30000000
v -0.07648127 -0.03747589 0.30000000
v -0.07826932 -0.03128691 0.30000000
v -0.07881133 -0.03050990 0.30000000
v -0.07766102 -0.03094709 0.30000000
v -0.07324842 -0.03507873 0.30000000
v -0.07441237 -0.03605330 0.30000000
v -0.07010974 -0.04055826 0.30000000
v -0.06855678 -0.03952097 0.30000000
v -0.06690231 -0.03838848 0.30000000
v -0.06106534 -0.04182870 0.30000000
v -0.02791034 -0.05119037 0.30000000
v -0.02080226 -0.05074348 0.30000000
v -0.01934622 -0.04741235 0.30000000
v -0.01377345 -0.04981826 0.30000000
v -0.00822301 -0.05195107 0.30000000
v -0.00683189 -0.04851629 0.30000000
v -0.00135825 -0.05034241 0.30000000
v 0.00228387 -0.05082752 0.30000000
v -0.00268526 -0.05386623 0.30000000
v 0.00218791 -0.05440519 0.30000000
v 0.00215465 -0.06092702 0.30000000
v 0.00038227 -0.06175545 0.30000000
v 0.00216132 -0.06370855 0.30000000
v -0.00074896 -0.06434023 0.30000000
v 0.00217815 -0.06501606 0.30000000
v 0.00218039 -0.06642421 0.30000000
v -0.00171772 -0.06665170 0.30000000
v 0.00229041 -0.06849405 0.30000000
v -0.00268466 -0.06863800 0.30000000
v 0.00229835 -0.07027921 0.30000000
v -0.06282912 -0.04341668 0.30000000
v -0.05634856 -0.04657804 0.30000000
v -0.05457366 -0.04451380 0.30000000
v -0.05281597 -0.04206853 0.30000000
v -0.02620105 -0.06190524 0.30000000
v -0.02022756 -0.06408878 0.30000000
v -0.01903490 -0.06178060 0.30000000
v -0.03348713 -0.04814072 0.30000000
v -0.03508835 -0.05107075 0.30000000
v -0.02937524 -0.05415696 0.30000000
v -0.03661484 -0.05380906 0.30000000
v -0.03079754 -0.05686904 0.30000000
v -0.03809824 -0.05629767 0.30000000
v -0.03217779 -0.05932119 0.30000000
v -0.01429990 -0.06591277 0.30000000
v -0.00844362 -0.06741659 0.30000000
v -0.00739710 -0.06531676 0.30000000
v -0.02222449 -0.05392549 0.30000000
v -0.02359396 -0.05685312 0.30000000
v -0.02491859 -0.05951482 0.30000000
v -0.01779910 -0.05918851 0.30000000
v -0.01651503 -0.05631794 0.30000000
v -0.01517798 -0.05317512 0.30000000
v -0.00955194 -0.05531091 0.30000000
v -0.01081970 -0.05839639 0.30000000
v -0.01202931 -0.06119606 0.30000000
v -0.01318679 -0.06370290 0.30000000
v -0.00395881 -0.05716879 0.30000000
v -0.00516262 -0.06019041 0.30000000
v -0.00630588 -0.06290788 0.30000000
v -0.07534795 -0.03670651 0.30000000
v -0.05142469 -0.06249230 0.30000000
v -0.04453878 -0.06473970 0.30000000
v -0.03826779 -0.06732180 0.30000000
v -0.06656260 -0.05191439 0.30000000
v -0.06402653 -0.05450562 0.30000000
v -0.06312772 -0.05382462 0.30000000
v -0.06041868 -0.05626597 0.30000000
v -0.05937709 -0.05527171 0.30000000
v -0.05655381 -0.05752496 0.30000000
v -0.05517923 -0.05640980 0.30000000
v -0.07130497 -0.04158762 0.30000000
v -0.06793715 -0.04362981 0.30000000
v -0.06452505 -0.04482460 0.30000000
v -0.07510121 -0.04056241 0.30000000
v -0.07307162 -0.04302916 0.30000000
v -0.07229595 -0.04241200 0.30000000
v -0.07020587 -0.04561024 0.30000000
v -0.06918077 -0.04474220 0.30000000
v -0.06699800 -0.04756365 0.30000000
v -0.06577530 -0.04640520 0.30000000
v -0.06339290 -0.04909367 0.30000000
v -0.06197814 -0.04765288 0.30000000
v -0.05947856 -0.05017934 0.30000000
v -0.05795033 -0.04842997 0.30000000
v -0.06130723 -0.05692145 0.30000000
v -0.05861428 -0.05901967 0.30000000
v -0.05759650 -0.05850474 0.30000000
v -0.05466930 -0.06053182 0.30000000
v -0.05361778 -0.05958861 0.30000000
v -0.05040771 -0.06165372 0.30000000
v -0.04947162 -0.06028275 0.30000000
v -0.04339722 -0.06364352 0.30000000
v -0.04219682 -0.06220846 0.30000000
v -0.03715313 -0.06641122 0.30000000
v -0.03601111 -0.06505762 0.30000000
v -0.03091091 -0.06857529 0.30000000
v -0.02978543 -0.06739026 0.30000000
v -0.02465260 -0.07027057 0.30000000
v -0.02358355 -0.06926801 0.30000000
v -0.01746630 -0.07070958 0.30000000
v -0.01139475 -0.07182078 0.30000000
v -0.07353840 -0.04356571 0.30000000
v -0.07103616 -0.04625547 0.30000000
v -0.06804387 -0.04847226 0.30000000
v -0.06462324 -0.05027359 0.30000000
v -0.06085298 -0.05163744 0.30000000
v -0.05680011 -0.05253558 0.30000000
v -0.05256617 -0.05304667 0.30000000
v -0.05106970 -0.05105331 0.30000000
v -0.04541803 -0.05505231 0.30000000
v -0.04944206 -0.04882473 0.30000000
v -0.04388495 -0.05280370 0.30000000
v -0.04773137 -0.04640782 0.30000000
v -0.04229679 -0.05030878 0.30000000
v -0.04590137 -0.04397003 0.30000000
v -0.04063770 -0.04763463 0.30000000
v -0.03884714 -0.04489492 0.30000000
v -0.07167947 -0.04660757 0.30000000
v -0.06890208 -0.04915692 0.30000000
v -0.06567780 -0.05121938 0.30000000
v -0.06207528 -0.05284914 0.30000000
v -0.05817223 -0.05403724 0.30000000
v -0.05383275 -0.05496559 0.30000000
v -0.04825492 -0.05879096 0.30000000
v -0.04688087 -0.05704945 0.30000000
v -0.04090269 -0.06050286 0.30000000
v -0.03953146 -0.05853086 0.30000000
v -0.03479351 -0.06342156 0.30000000
v -0.03351226 -0.06150745 0.30000000
v -0.02863806 -0.06584842 0.30000000
v -0.02744166 -0.06401840 0.30000000
v -0.02249994 -0.06783532 0.30000000
v -0.02138160 -0.06610826 0.30000000
v -0.01642547 -0.06943660 0.30000000
v -0.01537691 -0.06782385 0.30000000
v -0.01044611 -0.07070545 0.30000000
v -0.00945642 -0.06921062 0.30000000
v -0.00458711 -0.07168485 0.30000000
v -0.00364426 -0.07031062 0.30000000
v 0.00116944 -0.07243795 0.30000000
v 0.00210489 -0.07116816 0.30000000
v 0.00228876 -0.07196584 0.30000000
v 0.05295033 0.07238653 0.30000000
v 0.04885197 0.07169932 0.30000000
v 0.06568797 0.06706282 0.30000000
v 0.06793259 0.06124597 0.30000000
v 0.06689756 0.06438911 0.30000000
v 0.07322381 0.05920495 0.30000000
v 0.07397743 0.05541210 0.30000000
v 0.07455823 0.05139269 0.30000000
v 0.07948674 0.04868861 0.30000000
v 0.07974256 0.04452151 0.30000000
v 0.03856109 0.04825893 0.30000000
v 0.01218981 0.05084641 0.30000000
v 0.00693159 0.05083021 0.30000000
v 0.00670002 0.05450819 0.30000000
v 0.00645326 0.05793993 0.30000000
v 0.00622361 0.06108659 0.30000000
v 0.00600634 0.06390618 0.30000000
v 0.02144281 0.06370718 0.30000000
v 0.02108814 0.06620530 0.30000000
v 0.01097480 0.06642811 0.30000000
v 0.01063981 0.06855672 0.30000000
v 0.00580582 0.06641582 0.30000000
v 0.01940616 0.07306467 0.30000000
v 0.02912489 0.07286063 0.30000000
v 0.02973890 0.07154163 0.30000000
v 0.03898895 0.07242286 0.30000000
v 0.03985452 0.07098346 0.30000000
v 0.05786597 0.07182708 0.30000000
v 0.05402111 0.07112913 0.30000000
v 0.04991570 0.07004232 0.30000000
v 0.04067006 0.06916406 0.30000000
v 0.04385863 0.04709900 0.30000000
v 0.04916365 0.04552262 0.30000000
v 0.04377683 0.05090763 0.30000000
v 0.04910908 0.04955185 0.30000000
v 0.04350639 0.05470634 0.30000000
v 0.04885381 0.05345341 0.30000000
v 0.04312489 0.05826327 0.30000000
v 0.04846398 0.05714806 0.30000000
v 0.04264110 0.06151719 0.30000000
v 0.04795752 0.06055452 0.30000000
v 0.04206067 0.06442673 0.30000000
v 0.04733875 0.06362185 0.30000000
v 0.04139048 0.06697343 0.30000000
v 0.04661358 0.06631890 0.30000000
v 0.04574938 0.06868305 0.30000000
v 0.05436402 0.04799289 0.30000000
v 0.05958969 0.04617266 0.30000000
v 0.05417883 0.05194128 0.30000000
v 0.05947212 0.05015408 0.30000000
v 0.05380335 0.05576675 0.30000000
v 0.05913787 0.05408785 0.30000000
v 0.05328267 0.05933918 0.30000000
v 0.05862999 0.05782708 0.30000000
v 0.05263046 0.06259205 0.30000000
v 0.05796689 0.06128485 0.30000000
v 0.05185573 0.06547449 0.30000000
v 0.05716014 0.06438189 0.30000000
v 0.05097286 0.06795429 0.30000000
v 0.05622327 0.06706425 0.30000000
v 0.05517159 0.06931094 0.30000000
v 0.06042631 0.06835332 0.30000000
v 0.05914242 0.07035944 0.30000000
v 0.06155947 0.06589679 0.30000000
v 0.06253427 0.06298659 0.30000000
v 0.06873829 0.05770137 0.30000000
v 0.06334776 0.05966172 0.30000000
v 0.06932434 0.05384946 0.30000000
v 0.06398893 0.05599750 0.30000000
v 0.06970119 0.04982147 0.30000000
v 0.06444800 0.05210309 0.30000000
v 0.06985858 0.04581628 0.30000000
v 0.06471522 0.04808246 0.30000000
v 0.06474118 0.04406941 0.30000000
v 0.07485111 0.04726273 0.30000000
v 0.07487318 0.04322367 0.30000000
v 0.01663958 0.06110168 0.30000000
v 0.02189262 0.06079306 0.30000000
v 0.01695973 0.05785595 0.30000000
v 0.02223050 0.05758064 0.30000000
v 0.01723871 0.05439118 0.30000000
v 0.02252571 0.05408023 0.30000000
v 0.01749076 0.05068912 0.30000000
v 0.02279399 0.05035085 0.30000000
v 0.01194511 0.05452956 0.30000000
v 0.01168130 0.05796971 0.30000000
v 0.01143179 0.06113303 0.30000000
v 0.01124337 0.06396654 0.30000000
v 0.03141118 0.06558519 0.30000000
v 0.02670323 0.06341988 0.30000000
v 0.03200396 0.06289264 0.30000000
v 0.02714612 0.06040756 0.30000000
v 0.03243854 0.05987347 0.30000000
v 0.02750136 0.05713576 0.30000000
v 0.03279977 0.05652326 0.30000000
v 0.02780055 0.05358131 0.30000000
v 0.03308565 0.05289767 0.30000000
v 0.02805275 0.04984714 0.30000000
v 0.03327511 0.04915462 0.30000000
v 0.03841687 0.05201757 0.30000000
v 0.03814503 0.05572249 0.30000000
v 0.03777554 0.05916520 0.30000000
v 0.03731489 0.06228805 0.30000000
v 0.03677326 0.06506395 0.30000000
v 0.00996392 0.07304629 0.30000000
v 0.01014573 0.07185978 0.30000000
v 0.01981611 0.07181889 0.30000000
v 0.02023964 0.07025441 0.30000000
v 0.03027746 0.06988418 0.30000000
v 0.03083806 0.06789085 0.30000000
v 0.03545766 0.06960319 0.30000000
v 0.03616047 0.06748749 0.30000000
v 0.02067273 0.06838786 0.30000000
v 0.01037060 0.07035325 0.30000000
v 0.01663936 -0.06105349 0.30000000
v 0.01143161 -0.06108484 0.30000000
v 0.01124315 -0.06391846 0.30000000
v 0.04915522 -0.04545999 0.30000000
v 0.04910899 -0.04950340 0.30000000
v 0.06564263 -0.06701498 0.30000000
v 0.07975254 -0.04446925 0.30000000
v 0.07953680 -0.04856178 0.30000000
v 0.07399545 -0.05535782 0.30000000
v 0.07318152 -0.05912769 0.30000000
v 0.07455709 -0.05134695 0.30000000
v 0.06688182 -0.06435200 0.30000000
v 0.06792502 -0.06119729 0.30000000
v 0.06042654 -0.06830630 0.30000000
v 0.05912988 -0.07031221 0.30000000
v 0.05788472 -0.07177599 0.30000000
v 0.01014267 -0.07181087 0.30000000
v 0.01036347 -0.07030407 0.30000000
v 0.01063867 -0.06851060 0.30000000
v 0.01097454 -0.06638005 0.30000000
v 0.00646126 -0.05788835 0.30000000
v 0.00621475 -0.06104617 0.30000000
v 0.00602011 -0.06384737 0.30000000
v 0.00583982 -0.06636819 0.30000000
v 0.00668680 -0.05446234 0.30000000
v 0.00691625 -0.05078246 0.30000000
v 0.05958963 -0.04622845 0.30000000
v 0.06985392 -0.04577416 0.30000000
v 0.05185494 -0.06542709 0.30000000
v 0.05796631 -0.06123761 0.30000000
v 0.05262987 -0.06254469 0.30000000
v 0.05862957 -0.05777978 0.30000000
v 0.05328227 -0.05929170 0.30000000
v 0.05913765 -0.05404027 0.30000000
v 0.05380308 -0.05571904 0.30000000
v 0.05947208 -0.05010595 0.30000000
v 0.05417867 -0.05189322 0.30000000
v 0.05436644 -0.04793613 0.30000000
v 0.03985349 -0.07093541 0.30000000
v 0.04574845 -0.06863530 0.30000000
v 0.04066920 -0.06911621 0.30000000
v 0.04661284 -0.06627134 0.30000000
v 0.04138982 -0.06692570 0.30000000
v 0.04733821 -0.06357429 0.30000000
v 0.04206012 -0.06437905 0.30000000
v 0.04795712 -0.06050685 0.30000000
v 0.04264077 -0.06146939 0.30000000
v 0.04846367 -0.05710026 0.30000000
v 0.04312468 -0.05821536 0.30000000
v 0.04885368 -0.05340532 0.30000000
v 0.04350625 -0.05465823 0.30000000
v 0.04377677 -0.05085910 0.30000000
v 0.04387021 -0.04706129 0.30000000
v 0.07485105 -0.04721538 0.30000000
v 0.07485468 -0.04318384 0.30000000
v 0.06155834 -0.06584972 0.30000000
v 0.06253344 -0.06293961 0.30000000
v 0.06873776 -0.05765457 0.30000000
v 0.06334715 -0.05961473 0.30000000
v 0.06932408 -0.05380232 0.30000000
v 0.06398853 -0.05595031 0.30000000
v 0.06970109 -0.04977397 0.30000000
v 0.06444789 -0.05205546 0.30000000
v 0.06471544 -0.04803469 0.30000000
v 0.06474580 -0.04402799 0.30000000
v 0.05295164 -0.07233683 0.30000000
v 0.04885166 -0.07165036 0.30000000
v 0.05401951 -0.07108124 0.30000000
v 0.04991447 -0.06999455 0.30000000
v 0.05517028 -0.06926336 0.30000000
v 0.05097186 -0.06790673 0.30000000
v 0.05622219 -0.06701693 0.30000000
v 0.05715927 -0.06433471 0.30000000
v 0.03898819 -0.07237364 0.30000000
v 0.00996301 -0.07299678 0.30000000
v 0.01168115 -0.05792136 0.30000000
v 0.01695951 -0.05780762 0.30000000
v 0.01194491 -0.05448098 0.30000000
v 0.01723862 -0.05434254 0.30000000
v 0.01219924 -0.05080041 0.30000000
v 0.01750237 -0.05064413 0.30000000
v 0.02803826 -0.04981213 0.30000000
v 0.02279722 -0.05031389 0.30000000
v 0.02780046 -0.05353272 0.30000000
v 0.02252570 -0.05403154 0.30000000
v 0.02750125 -0.05708746 0.30000000
v 0.02223040 -0.05753229 0.30000000
v 0.02714594 -0.06035946 0.30000000
v 0.02189243 -0.06074496 0.30000000
v 0.02673450 -0.06329975 0.30000000
v 0.02141774 -0.06364663 0.30000000
v 0.02624595 -0.06594745 0.30000000
v 0.02100271 -0.06616526 0.30000000
v 0.02065886 -0.06834488 0.30000000
v 0.03854924 -0.04820258 0.30000000
v 0.03326653 -0.04911140 0.30000000
v 0.03841676 -0.05196899 0.30000000
v 0.03308565 -0.05284895 0.30000000
v 0.03814496 -0.05567421 0.30000000
v 0.03279959 -0.05647501 0.30000000
v 0.03777535 -0.05911720 0.30000000
v 0.03243827 -0.05982542 0.30000000
v 0.03731454 -0.06224020 0.30000000
v 0.03200361 -0.06284468 0.30000000
v 0.03677280 -0.06501614 0.30000000
v 0.03150325 -0.06551479 0.30000000
v 0.03615984 -0.06743966 0.30000000
v 0.03086635 -0.06785624 0.30000000
v 0.03545688 -0.06955523 0.30000000
v 0.03027681 -0.06983613 0.30000000
v 0.02973814 -0.07149342 0.30000000
v 0.01940558 -0.07301541 0.30000000
v 0.02912431 -0.07281133 0.30000000
v 0.01981560 -0.07177056 0.30000000
v 0.02023916 -0.07020624 0.30000000
v 0.04495450 -0.07974516 -0.00846631
v 0.05031203 -0.07553672 -0.01143560
v 0.05424312 -0.07247315 -0.01250991
v 0.06373104 -0.06140299 -0.01403801
v 0.05769083 -0.06906094 -0.01327753
v 0.06094156 -0.06547112 -0.01373578
v 0.07207407 0.00784947 -0.01597388
v 0.06047907 0.03952361 -0.01870809
v 0.07121474 0.02351731 -0.01577274
v 0.05685413 0.05569479 -0.01760187
v 0.05844872 0.05433659 -0.01757769
v 0.06406677 0.06244858 -0.01344437
v 0.05991789 0.05282528 -0.01751092
v 0.06638210 0.05896461 -0.01339775
v 0.06105755 0.05016424 -0.01761041
v 0.06837953 0.05439066 -0.01343625
v 0.06129814 0.04807861 -0.01779617
v 0.06970558 0.04954552 -0.01363273
v 0.06120467 0.04454911 -0.01817066
v 0.07095502 0.03619610 -0.01474191
v 0.07045628 0.04431952 -0.01396928
v 0.04473354 0.07992462 -0.00836803
v 0.04901383 0.07661067 -0.01086538
v 0.05311701 0.07339007 -0.01225883
v 0.05464396 0.05694582 -0.01763194
v 0.05677161 0.07005875 -0.01307086
v 0.05593487 0.05605821 -0.01766200
v 0.06225576 0.06481024 -0.01341288
v 0.06030513 0.06669432 -0.01343434
v 0.07216257 -0.00378102 -0.01605942
v 0.06421181 -0.05239666 -0.01612387
v 0.06967413 -0.03967785 -0.01513410
v 0.07205617 -0.01186757 -0.01592506
v 0.07117175 -0.02401447 -0.01576197
v 0.07399833 0.05661949 -0.00575890
v 0.07489477 0.05353271 -0.00590486
v 0.07171910 0.06221412 -0.00569620
v 0.07283824 0.05993178 -0.00563479
v 0.07600247 0.05839214 -0.00093693
v 0.06914332 0.06657734 -0.00562645
v 0.07050425 0.06442395 -0.00567332
v 0.07335609 0.06447164 -0.00104717
v 0.06787267 0.06845857 -0.00546354
v 0.06542282 0.07117590 -0.00550795
v 0.06687181 0.06956736 -0.00558884
v 0.07061377 0.06903225 -0.00082653
v 0.06093472 0.07516816 -0.00531174
v 0.06346304 0.07312204 -0.00545668
v 0.06696432 0.07307687 -0.00128800
v 0.05578259 0.07857689 -0.00498814
v 0.05823498 0.07715083 -0.00516183
v 0.06224555 0.07736989 -0.00084557
v 0.04977506 0.08102500 -0.00484113
v 0.05285998 0.07993814 -0.00492629
v 0.05582529 0.08081427 -0.00148924
v 0.07887561 0.02090769 -0.00684111
v 0.07813029 0.02890031 -0.00696821
v 0.07945096 0.00801702 -0.00687728
v 0.07937447 0.00007983 -0.00742065
v 0.08117875 0.01306991 -0.00277007
v 0.07762316 0.03501114 -0.00660703
v 0.07706305 0.03974146 -0.00649503
v 0.08014726 0.03238392 -0.00219161
v 0.07547675 0.05123228 -0.00583930
v 0.07589002 0.04918884 -0.00585744
v 0.07767718 0.05245563 -0.00107953
v 0.07666195 0.04378465 -0.00606903
v 0.07703311 0.04050594 -0.00635518
v 0.07948448 0.03901188 -0.00199455
v 0.07870328 0.04492040 -0.00171449
v 0.07933022 -0.00305140 -0.00744433
v 0.07931289 -0.00691495 -0.00737913
v 0.07933377 -0.01137122 -0.00699920
v 0.08181746 -0.00310372 -0.00247815
v 0.07810331 -0.02925855 -0.00694476
v 0.07875269 -0.02131135 -0.00701612
v 0.08117531 -0.01624976 -0.00266402
v 0.04180628 -0.08266532 -0.00477680
v 0.03937429 -0.08518991 -0.00097759
v 0.04397072 -0.08229590 -0.00489792
v 0.04707255 -0.08178460 -0.00479630
v 0.04327894 -0.08466012 -0.00111852
v 0.05063153 -0.08078064 -0.00484132
v 0.05336177 -0.07961265 -0.00506352
v 0.04936297 -0.08349383 -0.00088071
v 0.05570826 -0.07858784 -0.00507146
v 0.05781287 -0.07740243 -0.00508818
v 0.05483522 -0.08159091 -0.00096780
v 0.06036853 -0.07565200 -0.00531826
v 0.06263544 -0.07363920 -0.00558950
v 0.05977451 -0.07903698 -0.00087586
v 0.06421021 -0.07234829 -0.00556028
v 0.06427488 -0.07580078 -0.00095523
v 0.06748850 -0.06892216 -0.00545840
v 0.06580844 -0.07076985 -0.00555159
v 0.06718408 -0.07322337 -0.00077016
v 0.07098789 -0.06335782 -0.00584232
v 0.06947027 -0.06606773 -0.00562386
v 0.07066048 -0.06885844 -0.00084506
v 0.07231085 -0.06102942 -0.00568880
v 0.07367760 -0.06404413 -0.00089001
v 0.07352386 -0.05724717 -0.00605930
v 0.07527235 -0.05137075 -0.00608272
v 0.07593485 -0.05846866 -0.00101052
v 0.07580102 -0.04942831 -0.00593060
v 0.07763034 -0.05248993 -0.00118199
v 0.07644346 -0.04466300 -0.00622817
v 0.07859790 -0.04600893 -0.00159153
v 0.07644343 -0.04352171 -0.00652224
v 0.07746585 -0.03593241 -0.00666817
v 0.08004016 -0.03303293 -0.00225486
v 0.07923768 -0.04062682 -0.00206109
v 0.04227316 0.08263331 -0.00475588
v 0.03952281 0.08511734 -0.00113611
v 0.04422440 0.08234586 -0.00479023
v 0.04576361 0.08204876 -0.00484082
v 0.04328196 0.08467967 -0.00109753
v 0.04681202 0.08191797 -0.00470878
v 0.04955369 0.08343168 -0.00092480
v 0.04592473 0.08428701 -0.00108166
v 0.07696009 -0.05944115 0.00354173
v 0.07790675 -0.05656666 0.00346375
v 0.07816951 -0.05550136 0.00324458
v 0.07825311 -0.05641547 0.00484538
v 0.07875581 -0.05321704 0.00338368
v 0.07911611 -0.05130331 0.00327560
v 0.07421584 -0.06543384 0.00274556
v 0.07492257 -0.06403737 0.00276320
v 0.07613046 -0.06194768 0.00382568
v 0.07733753 -0.05956725 0.00535650
v 0.07345186 -0.06717229 0.00357253
v 0.07413948 -0.06637906 0.00443046
v 0.07040999 -0.07157188 0.00349757
v 0.07213413 -0.06903409 0.00329605
v 0.07237626 -0.06955760 0.00521907
v 0.06775370 -0.07463801 0.00357942
v 0.06842680 -0.07391171 0.00355173
v 0.07342183 0.06731353 0.00373385
v 0.07534063 0.06374345 0.00386807
v 0.07447412 0.06622743 0.00538458
v 0.07485960 0.06398897 0.00243032
v 0.07393221 0.06579651 0.00245569
v 0.07422735 0.06618905 0.00434979
v 0.07478760 0.06516415 0.00439880
v 0.07642706 0.06117018 0.00376545
v 0.07764082 0.05741349 0.00345210
v 0.07672722 0.06014294 0.00346014
v 0.07724920 0.05994401 0.00533814
v 0.07820628 0.05539237 0.00327310
v 0.07799055 0.05733793 0.00494597
v 0.07873260 0.05344147 0.00349830
v 0.07908250 0.05141292 0.00321412
v 0.07884733 0.05417541 0.00493172
v 0.07218031 0.06917170 0.00360133
v 0.07077308 0.07115533 0.00358219
v 0.07271254 0.06914219 0.00540317
v 0.06831494 0.07329115 0.00172344
v 0.06693571 0.07472954 0.00169140
v 0.05764868 0.08099660 0.00063512
v 0.05551535 0.08202236 0.00065380
v 0.07971992 -0.04694086 0.00276399
v 0.08024225 -0.04252570 0.00223015
v 0.08043770 -0.04129874 0.00238287
v 0.08298511 -0.00000229 0.00212202
v 0.08297728 -0.00307528 0.00222975
v 0.08268747 -0.01112908 0.00160520
v 0.08215687 -0.02116063 0.00152842
v 0.08164681 -0.02926130 0.00187705
v 0.08097872 -0.03583398 0.00195475
v 0.08123193 -0.03772252 0.00403959
v 0.07946709 0.04868311 0.00273988
v 0.08014032 0.04319899 0.00225485
v 0.07975582 0.04965567 0.00483860
v 0.08200804 0.02065475 0.00083410
v 0.08261423 0.00790041 0.00112087
v 0.08201731 0.02449654 0.00175468
v 0.08271378 0.01918908 0.00335250
v 0.08140482 0.03193965 0.00208000
v 0.08078226 0.03794698 0.00205440
v 0.08071408 0.03873380 0.00217318
v 0.08072550 0.04226609 0.00422587
v 0.08194451 0.03023227 0.00389397
v 0.04470223 0.09602961 0.02734834
v 0.06344308 0.10597241 0.09895491
v 0.06450797 0.10336872 0.08280691
v 0.06360048 0.10470573 0.08794779
v 0.06380797 0.10453744 0.08802005
v 0.06388204 0.10387214 0.08230658
v 0.06398759 0.10374930 0.08201851
v 0.06367439 0.10395929 0.08143539
v 0.06316834 0.10503058 0.08765947
v 0.06316516 0.10434959 0.08109021
v 0.06232059 0.10611207 0.09171242
v 0.06263490 0.10541099 0.08723715
v 0.06236176 0.10492180 0.08037444
v 0.06156565 0.10664271 0.09146733
v 0.06101454 0.10586662 0.07955543
v 0.05969471 0.11171328 0.13237305
v 0.05843545 0.11243821 0.13234597
v 0.05738211 0.10816158 0.07856524
v 0.06004615 0.10651246 0.07907629
v 0.05889311 0.10724446 0.07876201
v 0.05649299 0.11340826 0.13235162
v 0.05462138 0.10962736 0.07870457
v 0.07004797 0.09711756 0.08097237
v 0.06641370 0.10268759 0.09324335
v 0.06653426 0.10253719 0.09297573
v 0.06854679 0.10034906 0.09221616
v 0.05736878 0.11837381 0.19575553
v 0.06051115 0.11774371 0.20802917
v 0.05924008 0.11842786 0.20747708
v 0.05430574 0.12135656 0.21755083
v 0.05564717 0.12178483 0.22976129
v 0.08390946 0.05671023 0.04479235
v 0.08318792 0.06043551 0.04474071
v 0.08295895 0.05637490 0.03561966
v 0.08425912 0.04876426 0.03568315
v 0.08249141 0.05276333 0.02652145
v 0.08180589 0.05632014 0.02648069
v 0.07804611 0.06097714 0.01096070
v 0.07830224 0.06025340 0.01098035
v 0.08033086 0.05672698 0.01698351
v 0.08166846 0.05997481 0.03107496
v 0.08114348 0.05658374 0.02189141
v 0.08020289 0.06030421 0.02163575
v 0.08569015 0.03748438 0.03569026
v 0.08744444 0.01300057 0.03571966
v 0.08591342 0.02319029 0.02670047
v 0.08842509 0.00495033 0.04159015
v 0.08621918 0.00860342 0.02350805
v 0.08641584 0.00000083 0.02333848
v 0.07961807 0.06223096 0.02140859
v 0.08053741 0.06182875 0.02633659
v 0.08003072 0.06519057 0.02967739
v 0.08189022 0.06148270 0.03539803
v 0.08123547 0.06165276 0.03081252
v 0.08079563 0.06313706 0.03062604
v 0.08087378 0.06474881 0.03441345
v 0.07812506 0.07058742 0.03175390
v 0.07907219 0.07184350 0.03988956
v 0.07711602 0.07538188 0.03821683
v 0.08061704 0.06847842 0.04174769
v 0.08131391 0.06659162 0.04259438
v 0.07977689 0.07311474 0.04825575
v 0.08377629 0.06219263 0.05351849
v 0.08283710 0.06183505 0.04443081
v 0.08243996 0.06338791 0.04425539
v 0.08225672 0.06698337 0.05166449
v 0.07515879 0.07826342 0.03680575
v 0.07623171 0.07947326 0.04486213
v 0.07059652 0.07341217 0.00865168
v 0.07317856 0.07057717 0.01047889
v 0.07188229 0.07247002 0.01036878
v 0.07405617 0.07430669 0.02269685
v 0.07307569 0.07835780 0.02933993
v 0.07461724 0.06834459 0.01053603
v 0.07574732 0.06632480 0.01067691
v 0.07604073 0.07129813 0.02309517
v 0.07408693 0.07134940 0.01566050
v 0.07649615 0.06394135 0.00917441
v 0.07622856 0.06532870 0.01071978
v 0.07712241 0.06327542 0.01070313
v 0.07847639 0.06685272 0.02474289
v 0.07706145 0.06943234 0.02354783
v 0.07683225 0.06679061 0.01618797
v 0.07750303 0.06241156 0.01083194
v 0.07860314 0.06261356 0.01647800
v 0.07894746 0.06408123 0.02127017
v 0.07887127 0.06593784 0.02480599
v 0.07770502 0.06490861 0.01632090
v 0.06334577 0.10401530 0.07942127
v 0.06289164 0.10436196 0.07914011
v 0.06210599 0.10492414 0.07856006
v 0.06134685 0.10542887 0.07803431
v 0.06854615 0.09862857 0.07812200
v 0.06800169 0.10059898 0.08934884
v 0.06460245 0.10294441 0.07987477
v 0.06374545 0.10365274 0.07926439
v 0.06388475 0.10353966 0.07934183
v 0.06655088 0.10220748 0.09032599
v 0.06342434 0.10368069 0.07707852
v 0.06600960 0.10104407 0.07591588
v 0.07121014 0.09497569 0.07666919
v 0.07280073 0.08392075 0.04277629
v 0.07188116 0.07973734 0.02890882
v 0.07631222 0.08027815 0.04740117
v 0.07433605 0.08299680 0.04574976
v 0.07276329 0.08483888 0.04506357
v 0.05702319 0.10792550 0.07564720
v 0.05585531 0.10863576 0.07587175
v 0.05359856 0.10975616 0.07587560
v 0.06096698 0.10539469 0.07580147
v 0.05947754 0.10630889 0.07518218
v 0.06042729 0.10574058 0.07556721
v 0.06236818 0.10423146 0.07488851
v 0.06364530 0.10311448 0.07461280
v 0.05831957 0.10656401 0.07240861
v 0.04726232 0.10944091 0.06421034
v 0.04837235 0.11020393 0.06810800
v 0.05285686 0.10886846 0.06945863
v 0.07840585 0.07649544 0.04795197
v 0.07986022 0.07336591 0.04960864
v 0.08492537 0.07657615 0.11439728
v 0.08027176 0.07314806 0.05249999
v 0.07905461 0.07618894 0.05219114
v 0.07500161 0.08753976 0.06736396
v 0.07632750 0.08462767 0.06483180
v 0.06918110 0.09766195 0.07676078
v 0.07002580 0.09656885 0.07674781
v 0.06803106 0.09861263 0.07356679
v 0.06593345 0.10083236 0.07415778
v 0.07031168 0.09554472 0.07230385
v 0.06547447 0.10092551 0.07214289
v 0.07186740 0.09296108 0.06944850
v 0.07342569 0.09019544 0.06762334
v 0.07003769 0.09534416 0.06901267
v 0.05978326 0.09008779 0.02720976
v 0.05770109 0.09124572 0.02723655
v 0.04919138 0.09494179 0.02766964
v 0.04654086 0.09567702 0.02761225
v 0.04407311 0.10698640 0.05450966
v 0.04858224 0.10761907 0.06014344
v 0.07706241 0.07990283 0.05040399
v 0.07691418 0.08246120 0.05946458
v 0.07555227 0.08300417 0.05160299
v 0.07755614 0.07943867 0.05207300
v 0.07814128 0.07891685 0.05512684
v 0.07614395 0.08418578 0.06076958
v 0.06950552 0.08099829 0.02488733
v 0.06830729 0.08238048 0.02506094
v 0.07071369 0.08219072 0.03155470
v 0.07106371 0.08704422 0.04522702
v 0.07186607 0.08703573 0.04783319
v 0.07333108 0.08634953 0.05113727
v 0.07206030 0.09069861 0.06026394
v 0.07448375 0.08555291 0.05448961
v 0.07060227 0.08967433 0.05066157
v 0.07451824 0.08791873 0.06476338
v 0.07514153 0.08663273 0.06360576
v 0.07299755 0.09011214 0.06333963
v 0.07539678 0.08494076 0.05763265
v 0.07335780 0.08815182 0.05738402
v 0.06377577 0.08617402 0.02449823
v 0.06211661 0.08745021 0.02460659
v 0.06189902 0.09755683 0.05052641
v 0.06564724 0.08576579 0.02723212
v 0.06690610 0.08481045 0.02777560
v 0.06282413 0.09783808 0.05307266
v 0.06818459 0.09234646 0.05066819
v 0.06933585 0.09210704 0.05362212
v 0.06388292 0.09592392 0.05010640
v 0.06915307 0.09579352 0.06608394
v 0.07069802 0.09328834 0.06317011
v 0.07080911 0.09152749 0.05692954
v 0.06794172 0.09464137 0.05659774
v 0.05284046 0.09353849 0.02726953
v 0.05503040 0.09272693 0.02768059
v 0.05135636 0.10644401 0.05954331
v 0.04905825 0.10543021 0.05440770
v 0.06114518 0.10022274 0.05616457
v 0.06466836 0.09761293 0.05629797
v 0.05624068 0.09309143 0.03014537
v 0.05353451 0.10661419 0.06254443
v 0.05760489 0.10244190 0.05626699
v 0.05375695 0.10441364 0.05643943
v 0.05928217 0.10243709 0.05927123
v 0.06419555 0.10153812 0.06891326
v 0.06737525 0.09849986 0.06905759
v 0.06631910 0.09710274 0.05955890
v 0.06783980 0.09656452 0.06280411
v 0.06457656 0.09962511 0.06256198
v 0.05689188 0.10673212 0.06910495
v 0.06057647 0.10439592 0.06887480
v 0.05531544 0.10672483 0.06585374
v 0.06108467 0.10231293 0.06241766
v 0.05732423 0.10466505 0.06237667
v 0.06270436 0.10194747 0.06569029
v 0.06373009 0.11406647 0.18545744
v 0.06507440 0.10925912 0.14417851
v 0.06559234 0.10839301 0.13971100
v 0.06333154 0.10935108 0.13222104
v 0.06202723 0.11019853 0.13204419
v 0.06277304 0.10972764 0.13216292
v 0.06380913 0.11557967 0.20796990
v 0.07296632 0.10003304 0.13060057
v 0.07372845 0.09906299 0.13045890
v 0.07468021 0.09783012 0.13045807
v 0.07524574 0.09643968 0.12617709
v 0.07763764 0.10072449 0.18017319
v 0.07988157 0.08876441 0.12335479
v 0.08138584 0.08554516 0.12082784
v 0.08054076 0.08741013 0.12217300
v 0.07874676 0.09046237 0.12249623
v 0.08946476 0.07982437 0.17574359
v 0.08252569 0.08328459 0.12048506
v 0.08385983 0.07951551 0.11623219
v 0.08259104 0.08234271 0.11644372
v 0.08686743 0.08587951 0.17810168
v 0.07735253 0.10128416 0.18189861
v 0.07825963 0.10013309 0.18195224
v 0.07713757 0.09381327 0.12725153
v 0.07743493 0.09289325 0.12444372
v 0.08042913 0.09698595 0.18132351
v 0.08398172 0.09137894 0.18066791
v 0.08024017 0.09748225 0.18406651
v 0.08614922 0.08755186 0.18038460
v 0.08742468 0.08502029 0.17988343
v 0.08471405 0.09024898 0.18317353
v 0.08852952 0.08275440 0.17961586
v 0.08771450 0.08465496 0.18219036
v 0.06676245 0.10741060 0.13951045
v 0.06729356 0.10634596 0.13379227
v 0.06680462 0.10669512 0.13303875
v 0.06591438 0.11388277 0.20807631
v 0.06864625 0.11054366 0.18516291
v 0.06859973 0.10509688 0.13359241
v 0.07055473 0.10431842 0.14378052
v 0.07150311 0.10799538 0.18493049
v 0.07224834 0.10108025 0.13225423
v 0.07215086 0.10254978 0.14347479
v 0.07655574 0.10226861 0.18196651
v 0.07706937 0.10188436 0.18440179
v 0.07456046 0.10480444 0.18461655
v 0.09526577 0.00000231 0.10093791
v 0.09197736 0.07384533 0.17645715
v 0.08751577 0.06986681 0.11453947
v 0.08665150 0.07285306 0.11692526
v 0.09107559 0.07646033 0.17859178
v 0.09131874 0.07620855 0.18108724
v 0.08911451 0.06455725 0.11402551
v 0.09021153 0.06143029 0.11557988
v 0.09561959 0.06409632 0.17959940
v 0.09127931 0.05706439 0.11557808
v 0.09095459 0.05835906 0.11532396
v 0.09790831 0.05586035 0.17881687
v 0.09188831 0.05406869 0.11533907
v 0.09166708 0.05001435 0.10633025
v 0.09914958 0.05026074 0.17836791
v 0.09221284 0.04678241 0.10611998
v 0.09278452 0.04295309 0.10609258
v 0.10028725 0.04413761 0.17793481
v 0.09317331 0.04013764 0.10593814
v 0.09403446 0.03263840 0.10591778
v 0.10122078 0.03813437 0.17757876
v 0.09467157 0.02605486 0.10566855
v 0.09402272 0.01941065 0.09670257
v 0.10224705 0.02884851 0.17718171
v 0.10348366 0.00000281 0.17471888
v 0.09651864 0.00891002 0.11448803
v 0.09432523 0.01277446 0.09658271
v 0.09531311 0.00453982 0.10245359
v 0.10340235 0.00430107 0.17428001
v 0.10320350 0.01527250 0.17679155
v 0.10357903 0.00411906 0.17710757
v 0.08288426 0.09315959 0.18982950
v 0.08511287 0.08919315 0.18931693
v 0.08765861 0.08466203 0.18443139
v 0.08876503 0.08238741 0.18402235
v 0.09131625 0.07609889 0.18331275
v 0.08795740 0.08299784 0.19459078
v 0.07610746 0.10228820 0.20860695
v 0.07799629 0.09952627 0.20815249
v 0.07844660 0.09845460 0.21370831
v 0.07595300 0.10080628 0.23237854
v 0.08515654 0.08854305 0.19559552
v 0.08319829 0.09175337 0.20157231
v 0.08594907 0.08684956 0.19673241
v 0.08552739 0.08674545 0.20565392
v 0.08040154 0.09459947 0.22024217
v 0.07849346 0.09785359 0.22000478
v 0.05735912 0.12126115 0.23514067
v 0.06660255 0.11345287 0.21249694
v 0.06826351 0.11185031 0.21257601
v 0.07297924 0.10646540 0.21216014
v 0.07022483 0.10971851 0.21222633
v 0.07187434 0.10785445 0.21209273
v 0.06561204 0.11487198 0.23982405
v 0.07469178 0.10415837 0.21230766
v 0.07482326 0.10222978 0.23635040
v 0.07282572 0.10563366 0.23590698
v 0.06951391 0.11008892 0.23995088
v 0.06846318 0.11081985 0.24435202
v 0.06986914 0.10892716 0.24437803
v 0.05814998 0.12070253 0.24440619
v 0.06620865 0.11385673 0.24392570
v 0.06700209 0.11216722 0.24809074
v 0.04791984 0.12075154 0.25782305
v 0.05565322 0.12050022 0.25316083
v 0.08039743 0.05000563 0.00837016
v 0.08084537 0.04702835 0.00793724
v 0.08267756 0.04985052 0.02400371
v 0.08326214 0.04598463 0.02404428
v 0.08140058 0.05031100 0.01463390
v 0.08130356 0.04341613 0.00780364
v 0.08186396 0.03881993 0.00762072
v 0.08203527 0.04344246 0.01151461
v 0.08336049 0.02099546 0.00734341
v 0.08312900 0.02470452 0.00722905
v 0.08249616 0.03212915 0.00744705
v 0.08450018 0.02159967 0.01438125
v 0.08310227 0.03333828 0.01125149
v 0.08352545 0.00649061 0.00550418
v 0.08383870 0.00647259 0.00714441
v 0.08368618 0.01430548 0.00714373
v 0.08485945 0.01495649 0.01439734
v 0.08586701 0.00672223 0.02042642
v 0.08505710 0.00656678 0.01423863
v 0.08410574 0.01981771 0.01107186
v 0.08361463 -0.00319247 0.00576708
v 0.08392080 -0.00003272 0.00721765
v 0.08381202 -0.00804814 0.00747945
v 0.08507375 -0.00014882 0.01390172
v 0.08450278 0.00641627 0.01081963
v 0.08387073 0.04276730 0.02538558
v 0.08472396 0.03532143 0.02535924
v 0.08229993 0.04377566 0.01367268
v 0.08272811 0.04026510 0.01345764
v 0.08540528 0.02841303 0.02525263
v 0.08473311 0.02186996 0.01613260
v 0.08338732 0.03354043 0.01329117
v 0.08400942 0.02679174 0.01304609
v 0.08357574 0.03383482 0.01492286
v 0.07985044 0.05282409 0.00870024
v 0.08073813 0.05317108 0.01432125
v 0.08086894 0.05052884 0.01170460
v 0.07459771 0.06707043 0.00764620
v 0.07509807 0.06614611 0.00765823
v 0.07561183 0.06763191 0.01282087
v 0.07838631 0.05829283 0.00831231
v 0.07880049 0.05651102 0.00779433
v 0.07932257 0.05487975 0.00837821
v 0.08026115 0.05516258 0.01420388
v 0.07930548 0.05889884 0.01397048
v 0.07988445 0.05487225 0.01157801
v 0.05526158 -0.11001549 0.08652681
v 0.06339261 -0.10473088 0.08658510
v 0.06413156 -0.10348016 0.08095450
v 0.06450926 -0.10375334 0.08659761
v 0.06691151 -0.10077234 0.08098097
v 0.05399634 -0.11158607 0.09779230
v 0.06241013 -0.10607782 0.09217930
v 0.06336428 -0.10590975 0.09782109
v 0.04884126 -0.12009849 0.18239686
v 0.04917727 -0.12025200 0.18529581
v 0.05005518 -0.11625562 0.13629528
v 0.04973741 -0.12042338 0.18901223
v 0.05139441 -0.11640901 0.14335183
v 0.05428311 -0.11624046 0.15458783
v 0.05130254 -0.12081842 0.19880030
v 0.05353280 -0.12140669 0.21477177
v 0.05519836 -0.12174818 0.22694165
v 0.08842239 -0.00503944 0.04158962
v 0.08632055 -0.03002140 0.03571441
v 0.08409549 -0.01621904 0.01052303
v 0.08621879 -0.00859438 0.02350408
v 0.08538868 -0.00846952 0.01715529
v 0.08485749 -0.00847386 0.01388772
v 0.08744143 -0.01309810 0.03571935
v 0.08697798 -0.02161515 0.03570432
v 0.08390962 -0.05670339 0.04479261
v 0.08679866 -0.03541541 0.04468840
v 0.08441742 -0.03904263 0.02675066
v 0.08425912 -0.04875813 0.03568319
v 0.08324537 -0.06014914 0.04474821
v 0.08296078 -0.05636913 0.03563563
v 0.08164896 -0.06005575 0.03107325
v 0.07852951 -0.05946391 0.01088999
v 0.07788144 -0.06137786 0.01094467
v 0.08012837 -0.06057426 0.02163392
v 0.07449067 -0.06855938 0.01053148
v 0.07626786 -0.06441403 0.00910866
v 0.07682419 -0.06401825 0.01071617
v 0.07676179 -0.06692057 0.01616291
v 0.07593432 -0.07147280 0.02305862
v 0.07704221 -0.06946475 0.02353290
v 0.07024171 -0.07383712 0.00865982
v 0.07291545 -0.07095278 0.01046312
v 0.07152775 -0.07292230 0.01034722
v 0.07386132 -0.07166841 0.01563505
v 0.07389602 -0.07450562 0.02266454
v 0.07733940 -0.06284566 0.01087215
v 0.07859820 -0.06260560 0.01644921
v 0.07774064 -0.06483538 0.01635077
v 0.08053741 -0.06182259 0.02633656
v 0.07961808 -0.06222477 0.02140856
v 0.07894747 -0.06407506 0.02127014
v 0.07849370 -0.06681369 0.02474941
v 0.07812497 -0.07058247 0.03175625
v 0.07888618 -0.06589697 0.02481120
v 0.08003072 -0.06518444 0.02967736
v 0.08188054 -0.06145614 0.03528335
v 0.08123548 -0.06164659 0.03081249
v 0.08079563 -0.06313093 0.03062600
v 0.08087568 -0.06470956 0.03435427
v 0.08327645 -0.06161717 0.04766672
v 0.08233168 -0.06125603 0.03851721
v 0.08118458 -0.06507027 0.03758859
v 0.08182941 -0.06319081 0.03821894
v 0.07516317 -0.07825273 0.03680486
v 0.07299417 -0.07845109 0.02933686
v 0.07713253 -0.07534629 0.03823008
v 0.07907989 -0.07182247 0.03989765
v 0.07627076 -0.07941207 0.04489476
v 0.08058521 -0.06855720 0.04172936
v 0.08162804 -0.06685674 0.04566434
v 0.07978527 -0.07309287 0.04826729
v 0.08377797 -0.06220140 0.05356667
v 0.08281385 -0.06347908 0.04740671
v 0.08225252 -0.06701214 0.05172354
v 0.08469866 -0.07733179 0.11546209
v 0.06658249 -0.10077966 0.07816185
v 0.06799147 -0.09928185 0.07822741
v 0.06386165 -0.10349684 0.07894953
v 0.06507664 -0.10239824 0.07890098
v 0.06604291 -0.10101748 0.07575316
v 0.06251593 -0.10466982 0.07921620
v 0.06368285 -0.10343637 0.07702714
v 0.05605187 -0.10902325 0.07992862
v 0.06010770 -0.10647701 0.08003521
v 0.06020256 -0.10753682 0.09133745
v 0.05997865 -0.10635427 0.07807042
v 0.04976209 -0.11182420 0.08031572
v 0.05364647 -0.11021853 0.08053655
v 0.05314698 -0.11097716 0.08635285
v 0.05254817 -0.11172183 0.09201472
v 0.05278129 -0.11590289 0.14319599
v 0.05381646 -0.11002696 0.07950046
v 0.07108336 -0.09517529 0.07685330
v 0.04475889 -0.11254985 0.07435051
v 0.04760521 -0.11215128 0.07733010
v 0.04908620 -0.11160149 0.07685661
v 0.07841849 -0.07647794 0.04800701
v 0.07987006 -0.07335484 0.04966703
v 0.07005371 -0.09654491 0.07688871
v 0.06881771 -0.09811922 0.07688172
v 0.06783760 -0.09884419 0.07371299
v 0.07018339 -0.09576291 0.07255213
v 0.06660188 -0.09958614 0.07076119
v 0.06560302 -0.10069236 0.07146845
v 0.06753264 -0.09837046 0.06929442
v 0.06388684 -0.10289288 0.07456919
v 0.06215494 -0.10441837 0.07504080
v 0.05948037 -0.10634684 0.07558111
v 0.06424457 -0.10153256 0.06912158
v 0.04633926 -0.09573710 0.02765732
v 0.04918952 -0.09495793 0.02772101
v 0.04470664 -0.10804352 0.05776071
v 0.04893492 -0.11039445 0.06981848
v 0.04869361 -0.10763075 0.06031268
v 0.05603200 -0.10857564 0.07618534
v 0.05244997 -0.11033213 0.07683117
v 0.05035955 -0.11058984 0.07324097
v 0.05844126 -0.10653708 0.07270832
v 0.05303013 -0.10884264 0.06970506
v 0.08486818 -0.07672176 0.11446253
v 0.08028024 -0.07313670 0.05257023
v 0.07922353 -0.07675463 0.05613296
v 0.07907589 -0.07616465 0.05231510
v 0.06310495 -0.08678725 0.02463558
v 0.06800724 -0.08257067 0.02477060
v 0.06927473 -0.08128392 0.02493026
v 0.06867684 -0.08250914 0.02641238
v 0.07065142 -0.08228388 0.03160269
v 0.06454239 -0.08668583 0.02724677
v 0.06638219 -0.08517104 0.02742369
v 0.06641492 -0.09706242 0.05975551
v 0.06395474 -0.09591555 0.05024433
v 0.06823873 -0.09233256 0.05079072
v 0.07067418 -0.08963316 0.05080257
v 0.06941202 -0.09207078 0.05378292
v 0.06923721 -0.09573521 0.06631426
v 0.06793030 -0.09651660 0.06301766
v 0.06802404 -0.09460622 0.05677718
v 0.07088367 -0.09148121 0.05711029
v 0.07585961 -0.08509638 0.06266533
v 0.07443486 -0.08811222 0.06506343
v 0.07341339 -0.08810803 0.05755988
v 0.07168197 -0.09326082 0.06966620
v 0.07331498 -0.09043565 0.06792762
v 0.07006476 -0.09533570 0.06920455
v 0.07212599 -0.09064714 0.06045728
v 0.07077174 -0.09323500 0.06338153
v 0.07303118 -0.09009013 0.06351585
v 0.07182321 -0.07981670 0.02894201
v 0.07284128 -0.08388273 0.04282570
v 0.07111447 -0.08701631 0.04531992
v 0.07191963 -0.08700374 0.04795210
v 0.07437863 -0.08295631 0.04582589
v 0.07635124 -0.08022984 0.04748047
v 0.07337750 -0.08632088 0.05126900
v 0.07280133 -0.08481916 0.04515973
v 0.07708836 -0.07986740 0.05048589
v 0.07815650 -0.07914708 0.05634061
v 0.07679640 -0.08276970 0.05986848
v 0.07757648 -0.07942234 0.05218640
v 0.07816544 -0.07888582 0.05524161
v 0.07453411 -0.08551098 0.05464585
v 0.07543223 -0.08490946 0.05779134
v 0.07559729 -0.08296216 0.05173917
v 0.07619820 -0.08495846 0.06528017
v 0.07493726 -0.08769907 0.06770459
v 0.07517274 -0.08660655 0.06380204
v 0.05273815 -0.09358728 0.02730806
v 0.05499681 -0.09266893 0.02745040
v 0.04913460 -0.10544966 0.05453831
v 0.05143913 -0.10646372 0.05971948
v 0.06281921 -0.10191163 0.06592754
v 0.06069406 -0.10436607 0.06913692
v 0.05543006 -0.10672496 0.06608714
v 0.05700986 -0.10671928 0.06936680
v 0.06468473 -0.09958411 0.06277595
v 0.06476705 -0.09758369 0.05647540
v 0.06119644 -0.10229054 0.06262792
v 0.05635060 -0.09297829 0.02996382
v 0.05363093 -0.10662658 0.06274227
v 0.05384768 -0.10442417 0.05659523
v 0.05743432 -0.10466043 0.06258347
v 0.05938887 -0.10242634 0.05945806
v 0.05846475 -0.09081800 0.02714783
v 0.06137353 -0.08908744 0.02735923
v 0.06199756 -0.09753779 0.05066770
v 0.06291337 -0.09782237 0.05322546
v 0.06124244 -0.10020870 0.05633322
v 0.05769328 -0.10244331 0.05642304
v 0.07424885 -0.09855913 0.13214602
v 0.07290392 -0.10027646 0.13214251
v 0.07455658 -0.09756398 0.12801871
v 0.07319841 -0.09936999 0.12805446
v 0.07201038 -0.10135648 0.13226456
v 0.07672860 -0.10230428 0.18434110
v 0.05799487 -0.11274808 0.13332534
v 0.05687936 -0.11380828 0.13893703
v 0.05590991 -0.11472245 0.14455926
v 0.05673713 -0.11866629 0.19576261
v 0.05833455 -0.11867633 0.20470555
v 0.05969517 -0.11819727 0.20800292
v 0.05877384 -0.11224135 0.13250568
v 0.06747275 -0.10663100 0.13825669
v 0.06866461 -0.10494304 0.13263660
v 0.07011484 -0.10343532 0.13264491
v 0.07405907 -0.10532178 0.18466945
v 0.06533049 -0.10846400 0.13863956
v 0.06441095 -0.10975482 0.14423834
v 0.06332896 -0.11592942 0.20799481
v 0.06143469 -0.11060657 0.13218088
v 0.06266588 -0.11473081 0.18552554
v 0.06899735 -0.11016235 0.18511589
v 0.07690189 -0.09417611 0.12739844
v 0.07852939 -0.09130725 0.12552178
v 0.07742164 -0.09292769 0.12452182
v 0.08001632 -0.09774776 0.18379718
v 0.08184003 -0.08489762 0.12254299
v 0.08048805 -0.08780902 0.12495217
v 0.08107874 -0.08654607 0.12364870
v 0.08481834 -0.09003950 0.18259985
v 0.08955478 -0.07983371 0.17726640
v 0.08394614 -0.07974510 0.11877040
v 0.08262778 -0.08329691 0.12231451
v 0.08276566 -0.08216434 0.11799750
v 0.08776599 -0.08453681 0.18187501
v 0.09531322 -0.00452160 0.10245394
v 0.10340238 -0.00428517 0.17428021
v 0.10357907 -0.00410258 0.17710778
v 0.09651585 -0.00899520 0.11448878
v 0.09432457 -0.01277513 0.09658396
v 0.09571509 -0.02465534 0.11462620
v 0.09399582 -0.01980230 0.09671020
v 0.09379522 -0.03388762 0.10567624
v 0.10318114 -0.01557471 0.17680135
v 0.09318730 -0.04001870 0.10592870
v 0.10222319 -0.02916607 0.17717940
v 0.09221159 -0.04678792 0.10612099
v 0.09278492 -0.04294794 0.10609247
v 0.10122159 -0.03813185 0.17757917
v 0.09185699 -0.05422823 0.11535090
v 0.09163575 -0.05017502 0.10634224
v 0.10025439 -0.04431033 0.17794752
v 0.09127695 -0.05706853 0.11557911
v 0.09095420 -0.05835382 0.11532416
v 0.09911573 -0.05043082 0.17838089
v 0.08911037 -0.06456692 0.11402806
v 0.09020743 -0.06143993 0.11558253
v 0.09790400 -0.05587024 0.17882004
v 0.09196893 -0.07386954 0.17650135
v 0.08751502 -0.06986297 0.11453953
v 0.08665784 -0.07284489 0.11698649
v 0.09131129 -0.07621510 0.18097111
v 0.09561512 -0.06410717 0.17960264
v 0.08294010 -0.09306419 0.18981306
v 0.08517898 -0.08905539 0.18930218
v 0.08516111 -0.08852843 0.19554963
v 0.08317282 -0.09179268 0.20157182
v 0.07582235 -0.10266748 0.20863745
v 0.07798447 -0.09953299 0.20811398
v 0.07838306 -0.09854813 0.21370248
v 0.07840892 -0.09798644 0.21997195
v 0.08019194 -0.09498453 0.22020163
v 0.07569610 -0.10126175 0.23230852
v 0.05721983 -0.12132300 0.23443230
v 0.06984832 -0.11009943 0.21184315
v 0.06749130 -0.11261521 0.21189422
v 0.06471853 -0.11502420 0.21195152
v 0.07272869 -0.10678377 0.21219709
v 0.07172513 -0.10802617 0.21205500
v 0.06552717 -0.11496996 0.23872329
v 0.07446982 -0.10444147 0.21235096
v 0.07273783 -0.10576706 0.23585530
v 0.07462690 -0.10258769 0.23631926
v 0.06951280 -0.11008194 0.23997536
v 0.06857007 -0.11064701 0.24439524
v 0.06993502 -0.10881079 0.24441387
v 0.06622979 -0.11382258 0.24394415
v 0.06713153 -0.11196980 0.24809950
v 0.05833777 -0.12091481 0.23954458
v 0.06562010 -0.11485515 0.23987753
v 0.05815167 -0.12069535 0.24441606
v 0.04785212 -0.12079232 0.25763262
v 0.05550218 -0.12051206 0.25330286
v 0.07924059 -0.05404164 0.00652217
v 0.07919172 -0.05561166 0.00832275
v 0.07926853 -0.05487547 0.00770504
v 0.07991630 -0.05234089 0.00791168
v 0.07975177 -0.05745062 0.01404185
v 0.08342812 -0.03703909 0.01638059
v 0.08388213 -0.04268970 0.02540659
v 0.08262830 -0.02643330 0.00558414
v 0.08334074 -0.02130301 0.00732775
v 0.08276639 -0.02943390 0.00736638
v 0.08629069 -0.02649018 0.03286579
v 0.08387980 -0.03031339 0.01481613
v 0.08450332 -0.02172620 0.01446617
v 0.08336413 -0.03370386 0.01339287
v 0.08223407 -0.05256959 0.02407642
v 0.08151463 -0.05629198 0.02401662
v 0.08078233 -0.05683317 0.01940855
v 0.07986768 -0.05725858 0.01439075
v 0.08053940 -0.05314530 0.01172225
v 0.08018358 -0.04878122 0.00633617
v 0.08041464 -0.04940481 0.00791004
v 0.08105882 -0.04523447 0.00774886
v 0.08268981 -0.04978453 0.02402264
v 0.08325944 -0.04599919 0.02404607
v 0.08107255 -0.04966830 0.01127307
v 0.08229253 -0.04382998 0.01367598
v 0.08121951 -0.04968010 0.01216122
v 0.08152729 -0.04166344 0.00770836
v 0.08213411 -0.03610674 0.00752858
v 0.08272341 -0.04030721 0.01346735
v 0.08312367 -0.03345041 0.01144743
v 0.08203386 -0.04349570 0.01155162
v 0.07546953 -0.06461311 0.00615605
v 0.07494263 -0.06597815 0.00671981
v 0.07452353 -0.06719115 0.00764008
v 0.07567799 -0.06751222 0.01284293
v 0.07636274 -0.06615033 0.01293767
v 0.07859454 -0.05760883 0.00829627
v 0.07912456 -0.05935925 0.01372553
v 0.07960433 -0.05610573 0.01116916
v 0.07071367 -0.05516700 -0.01088647
v 0.07216471 -0.05035579 -0.01100686
v 0.07470218 -0.05335112 -0.00620431
v -0.00536344 0.12733893 0.21925978
v 0.03444888 0.12489638 0.22466693
v 0.03457126 0.12483878 0.22381613
v 0.03391314 0.12502099 0.23023709
v 0.03308478 0.12475071 0.23464844
v 0.03008094 0.12490450 0.23449608
v 0.01327608 0.12733998 0.21913999
v 0.00083853 0.12762744 0.21857678
v 0.00704447 0.12762790 0.21856262
v 0.03008875 -0.12489991 0.23449562
v 0.03276846 -0.12350763 0.19921629
v 0.03292596 -0.12361925 0.20112091
v 0.03301676 -0.12367691 0.20212965
v 0.03325635 -0.12383435 0.20487886
v 0.03384216 -0.12423162 0.21202236
v 0.03444515 -0.12469874 0.22098651
v 0.03449071 -0.12488444 0.22457612
v 0.03426939 -0.12500307 0.22900913
v 0.03309587 -0.12474611 0.23464358
v 0.03370238 -0.12502111 0.23061636
v 0.01332940 -0.12733782 0.21900748
v -0.00533848 -0.12733927 0.21925921
v 0.00707728 -0.12763078 0.21842527
v 0.00085938 -0.12762743 0.21854936
v -0.00514847 0.12221855 0.14902371
v -0.00207023 0.12229080 0.14876726
v 0.01980162 0.12222188 0.14911788
v 0.01653755 0.12229664 0.14879686
v 0.01052892 0.11681275 0.08044284
v 0.04335060 0.11962838 0.15567689
v 0.02556802 0.12183024 0.15001213
v 0.02211786 0.12209494 0.14921366
v 0.03138669 0.11671738 0.08068858
v 0.04477897 0.11867402 0.14396188
v 0.04476691 0.11941208 0.15563106
v 0.03581207 0.11631406 0.08080739
v 0.04748164 0.11802462 0.14384844
v 0.03957893 0.11558474 0.08073489
v 0.05029423 0.11168979 0.07926277
v 0.05104663 0.11680138 0.14374443
v 0.04669553 0.11220506 0.07473459
v 0.05022178 0.11127476 0.07635968
v 0.04877474 0.11116914 0.07328823
v 0.04478762 0.11405692 0.08065863
v 0.05416416 0.11461599 0.13362651
v 0.05097492 0.11146301 0.07981098
v 0.05214230 0.11633976 0.14371827
v 0.04840208 0.11276590 0.08108243
v 0.02906166 0.11654030 0.07890349
v -0.00757682 0.11655027 0.07895061
v 0.01052947 0.11654925 0.07892605
v 0.01053379 0.11640965 0.07823136
v 0.03797673 0.11316016 0.06992885
v 0.03133362 0.11646575 0.07911208
v 0.03396423 0.11632525 0.07927379
v 0.03607190 0.11585861 0.07842721
v 0.03130845 0.11614074 0.07758408
v 0.04393790 0.11296266 0.07389890
v 0.03929478 0.11525786 0.07851987
v 0.04188676 0.11479412 0.07927341
v 0.04474142 0.11380463 0.07909577
v -0.05496605 0.07259968 -0.00962849
v -0.05673740 0.06857211 -0.01160977
v -0.05809623 0.06583788 -0.01243844
v -0.05893673 0.06345847 -0.01307994
v -0.06050175 0.05890753 -0.01383220
v -0.06202827 0.05473883 -0.01405414
v -0.06268955 0.05264162 -0.01406133
v -0.06313345 0.05111786 -0.01401705
v -0.06347802 0.04767843 -0.01419389
v -0.06376140 0.03543519 -0.01468807
v -0.06376080 0.01584980 -0.01527452
v -0.06367740 0.00299053 -0.01548674
v -0.06373628 -0.00981619 -0.01536817
v -0.06378599 -0.02964006 -0.01490683
v -0.06387213 -0.04241978 -0.01432212
v -0.06356064 -0.04731220 -0.01418017
v -0.06323892 -0.05073823 -0.01399590
v -0.06184295 -0.05476641 -0.01412423
v -0.06005553 -0.06030171 -0.01363364
v -0.05832963 -0.06488765 -0.01276102
v -0.05681349 -0.06855904 -0.01158260
v -0.05469826 -0.07344578 -0.00889933
v -0.07064404 0.02349022 -0.00584337
v -0.07056312 0.01369589 -0.00606304
v -0.07069575 0.04069809 -0.00518763
v -0.07066485 0.03118798 -0.00561689
v -0.07255025 0.02906674 -0.00130772
v -0.05004884 0.08195430 -0.00109390
v -0.06617043 0.06315732 -0.00559176
v -0.06757352 0.06025256 -0.00537379
v -0.06359489 0.06740060 -0.00568656
v -0.06494730 0.06535292 -0.00565392
v -0.06796480 0.06553692 -0.00054483
v -0.05932310 0.07224919 -0.00591751
v -0.06114624 0.07045983 -0.00577668
v -0.06212662 0.06955611 -0.00546653
v -0.06464984 0.07054498 -0.00080212
v -0.05640472 0.07492325 -0.00574362
v -0.05802163 0.07351566 -0.00587553
v -0.06107424 0.07448531 -0.00126926
v -0.05439087 0.07647362 -0.00561738
v -0.05317388 0.08037992 -0.00125921
v -0.05654974 0.07712707 -0.00284344
v -0.06877094 0.05710457 -0.00519788
v -0.06933875 0.05507255 -0.00517515
v -0.06978648 0.05372171 -0.00486460
v -0.07003650 0.05273453 -0.00469410
v -0.07042614 0.05987246 -0.00009472
v -0.07036662 0.04992024 -0.00489209
v -0.07056537 0.04721534 -0.00496324
v -0.07229597 0.05251760 0.00040323
v -0.07069660 0.04598530 -0.00485478
v -0.07282592 0.04777974 0.00048821
v -0.07074441 0.04568775 -0.00478349
v -0.07289629 0.04643726 0.00052365
v -0.07075937 0.04554236 -0.00476388
v -0.07290678 0.04620816 0.00053919
v -0.07076105 0.04397573 -0.00487573
v -0.07290656 0.03990586 0.00013953
v -0.07291472 0.04463169 0.00044417
v -0.07052177 0.00335450 -0.00617240
v -0.07160038 0.01110372 -0.00387016
v -0.07051709 0.00008503 -0.00618652
v -0.07050022 -0.00288305 -0.00622007
v -0.07057944 -0.01259918 -0.00604046
v -0.07204649 0.00783341 -0.00283285
v -0.07154744 -0.00248245 -0.00400828
v -0.07062800 -0.02374272 -0.00586077
v -0.07067876 -0.03356462 -0.00551598
v -0.07283039 -0.00321295 -0.00046268
v -0.07328769 0.00433998 0.00163675
v -0.07202212 -0.01682620 -0.00285449
v -0.07076288 -0.03844572 -0.00518020
v -0.07348017 -0.00039787 0.00296527
v -0.07272394 -0.03271236 -0.00071029
v -0.07078247 -0.04273144 -0.00488353
v -0.07076919 -0.04546026 -0.00474731
v -0.07291882 -0.04177531 0.00032480
v -0.07074427 -0.04566658 -0.00478386
v -0.07290948 -0.04615455 0.00054528
v -0.06955260 -0.05429606 -0.00508205
v -0.06852009 -0.05767238 -0.00530226
v -0.07060663 -0.04691144 -0.00492227
v -0.07045051 -0.04933500 -0.00484932
v -0.07028452 -0.05087856 -0.00473980
v -0.07230420 -0.05234418 0.00043173
v -0.07070059 -0.04594470 -0.00484896
v -0.07289570 -0.04641757 0.00052004
v -0.07283989 -0.04750936 0.00048529
v -0.06726573 -0.06096658 -0.00545124
v -0.06580660 -0.06370748 -0.00566387
v -0.07045911 -0.05980313 -0.00011967
v -0.06473878 -0.06573098 -0.00562490
v -0.06803942 -0.06532469 -0.00059186
v -0.06365441 -0.06718729 -0.00581353
v -0.06230663 -0.06906552 -0.00576221
v -0.06620496 -0.06844599 -0.00078794
v -0.06040713 -0.07131949 -0.00568889
v -0.05834010 -0.07321012 -0.00589105
v -0.05592726 -0.07515246 -0.00581317
v -0.06314663 -0.07232447 -0.00096400
v -0.05407953 -0.07661893 -0.00568345
v -0.05678398 -0.07667073 -0.00319765
v -0.05127053 -0.08135680 -0.00105472
v -0.07172786 0.06177396 0.00843397
v -0.07286131 0.05805807 0.00877358
v -0.07351386 0.05406547 0.00927335
v -0.07556204 0.05538374 0.02956236
v -0.07424987 0.05496227 0.01649629
v -0.07427033 0.06027743 0.02191136
v -0.07529739 0.05769477 0.02866735
v -0.07539896 0.05819321 0.03012436
v -0.07358200 0.04777780 0.00495463
v -0.07361638 0.04667934 0.00491520
v -0.07362688 0.04636590 0.00496166
v -0.07362987 0.04623368 0.00497623
v -0.07391891 0.04964474 0.00914036
v -0.07494690 0.05248312 0.02128596
v -0.07476853 0.05542210 0.02178786
v -0.07408363 0.04823646 0.01024114
v -0.06904905 0.06600436 0.00363228
v -0.06772120 0.06835580 0.00324999
v -0.05872876 0.07700237 -0.00054001
v -0.05670158 0.07849440 -0.00057632
v -0.07354258 0.06314324 0.02112815
v -0.07448128 0.06361764 0.02861013
v -0.07336111 0.06709634 0.02740948
v -0.07067431 0.06450719 0.00772093
v -0.07228646 0.06310174 0.01353417
v -0.06957064 0.06734954 0.00864196
v -0.07268824 0.06549889 0.02040267
v -0.07226132 0.06661875 0.02011704
v -0.07579650 0.05703814 0.03339553
v -0.07554291 0.05932631 0.03262829
v -0.07561258 0.06093861 0.03508969
v -0.07606661 0.05926823 0.03835405
v -0.06361447 0.08626972 0.03069355
v -0.06188199 0.08788457 0.03031402
v -0.05990809 0.08936724 0.02970478
v -0.05645874 0.09178618 0.02929635
v -0.05867385 0.09036665 0.02966413
v -0.06099955 0.10129421 0.05920354
v -0.06345298 0.10141100 0.06647082
v -0.06221659 0.10495384 0.07652105
v -0.06710907 0.08212923 0.03154389
v -0.06567186 0.08411839 0.03155660
v -0.06811079 0.08131943 0.03309978
v -0.06994691 0.07983240 0.03744188
v -0.06578504 0.09720432 0.06132534
v -0.06976782 0.09372481 0.06877708
v -0.07187896 0.09098277 0.07325360
v -0.07084426 0.09111319 0.06710668
v -0.07371692 0.07530517 0.04679096
v -0.07191794 0.07637024 0.03885618
v -0.07095008 0.08989142 0.06403532
v -0.07307289 0.08709153 0.06872377
v -0.07413144 0.08445817 0.07021918
v -0.07416500 0.08340571 0.06697210
v -0.07545189 0.06636245 0.04270463
v -0.07351081 0.07350407 0.04171511
v -0.07310851 0.07450041 0.04133222
v -0.07221798 0.07345519 0.03423430
v -0.07329750 0.08307847 0.06042035
v -0.07518149 0.06946549 0.04600458
v -0.07470402 0.07122323 0.04537978
v -0.07448317 0.08095779 0.06407650
v -0.07511217 0.07932853 0.06535744
v -0.07584896 0.07328742 0.05959373
v -0.06146626 0.10219417 0.06272248
v -0.05825803 0.10433467 0.06129898
v -0.06083754 0.10459016 0.06864705
v -0.05246336 0.10810308 0.06290169
v -0.05010100 0.09479207 0.02848543
v -0.05245807 0.09380724 0.02861133
v -0.05408869 0.09300444 0.02879388
v -0.05543111 0.10471662 0.05773251
v -0.05465546 0.10636030 0.06086933
v -0.05028426 0.10784957 0.05912913
v -0.06024629 0.10698342 0.08026720
v -0.05993541 0.10681980 0.07695624
v -0.05601564 0.10993296 0.08132257
v -0.05964793 0.10641936 0.07232998
v -0.05739885 0.10707378 0.06809282
v -0.05760372 0.10846213 0.07659722
v -0.05510229 0.10996367 0.07700282
v -0.05037115 0.11268460 0.08276711
v -0.05402030 0.10863610 0.06690959
v -0.05068998 0.10969771 0.06527061
v -0.05274765 0.11110918 0.07665807
v -0.05410763 0.10970527 0.07115272
v -0.05084159 0.11222438 0.07913609
v -0.04972538 0.11211242 0.07396556
v -0.04933567 0.11141306 0.06915438
v -0.06518650 0.09967506 0.06711156
v -0.06662550 0.10026796 0.07626291
v -0.06453797 0.10213949 0.07319895
v -0.06724831 0.09743807 0.06801291
v -0.06847568 0.09773929 0.07689094
v -0.07020571 0.09475889 0.07509712
v -0.06906967 0.09495309 0.06894203
v -0.06844856 0.09743682 0.07460888
v -0.07554594 0.06256501 0.03682957
v -0.07618083 0.06187550 0.04266868
v -0.07607525 0.06699221 0.05020650
v -0.05894474 -0.07666702 -0.00078682
v -0.05684314 -0.07824953 -0.00083215
v -0.06913819 -0.06579356 0.00362344
v -0.06809379 -0.06778117 0.00342502
v -0.06723264 -0.06915836 0.00327283
v -0.07441942 -0.05357876 0.01687855
v -0.07561612 -0.05638254 0.03073101
v -0.07409401 -0.05047305 0.01144402
v -0.07515867 -0.05466390 0.02470200
v -0.07525818 -0.05344004 0.02519056
v -0.07363214 -0.04190911 0.00479573
v -0.07363262 -0.04614000 0.00499723
v -0.07362788 -0.04632830 0.00496597
v -0.07359241 -0.04751205 0.00494409
v -0.07361771 -0.04663329 0.00491735
v -0.07073646 -0.06435265 0.00772554
v -0.06958473 -0.06731077 0.00863534
v -0.07285573 -0.05809532 0.00879752
v -0.07353180 -0.05378245 0.00926944
v -0.07178699 -0.06163662 0.00846423
v -0.07456476 -0.05835154 0.02250856
v -0.07228668 -0.06310555 0.01355490
v -0.07258984 -0.06577377 0.02038056
v -0.07341558 -0.06352221 0.02100727
v -0.07504574 -0.06066040 0.02942592
v -0.07398406 -0.06155742 0.02157798
v -0.07410755 -0.06500653 0.02813508
v -0.07391286 -0.04294352 0.00802464
v -0.07384834 -0.04893441 0.00807089
v -0.07454411 -0.05030693 0.01579328
v -0.07399744 -0.04780637 0.00918544
v -0.07575333 -0.05770795 0.03323658
v -0.07579039 -0.05962568 0.03548916
v -0.07536513 -0.06216832 0.03472463
v -0.07608690 -0.05906087 0.03843599
v -0.07228346 -0.07330154 0.03428559
v -0.07339943 -0.07375862 0.04158490
v -0.06683061 -0.08262184 0.03162924
v -0.06841469 -0.08087678 0.03328670
v -0.06993208 -0.07984729 0.03743353
v -0.05680109 -0.10935152 0.07968633
v -0.07191310 -0.07637424 0.03885140
v -0.07369506 -0.07535473 0.04676440
v -0.07328909 -0.08309133 0.06041105
v -0.07092948 -0.08991220 0.06400488
v -0.07410053 -0.08371881 0.06726002
v -0.07080029 -0.09121678 0.06715114
v -0.07401037 -0.08493751 0.07055610
v -0.07299496 -0.08729337 0.06878434
v -0.07509464 -0.06779798 0.04200628
v -0.07452949 -0.07204194 0.04571663
v -0.07483961 -0.07104399 0.04607817
v -0.07503055 -0.07999756 0.06619756
v -0.07443652 -0.08140015 0.06461929
v -0.07557585 -0.07459400 0.05951499
v -0.07528931 -0.06724578 0.04284021
v -0.07615368 -0.07014426 0.05679599
v -0.07582197 -0.07158810 0.05600568
v -0.07578215 -0.07405233 0.06047655
v -0.05299829 -0.11146511 0.08038581
v -0.04947559 -0.11303930 0.08227504
v -0.06007538 -0.08920706 0.02971114
v -0.05655296 -0.09172136 0.02929256
v -0.05880439 -0.09027338 0.02970164
v -0.05053597 -0.09462405 0.02853081
v -0.05360805 -0.09320315 0.02866436
v -0.05534234 -0.10475462 0.05771278
v -0.05818048 -0.10437584 0.06127777
v -0.05457490 -0.10639092 0.06084755
v -0.05097476 -0.10830308 0.06138715
v -0.05252988 -0.10867656 0.06475093
v -0.05109467 -0.11174862 0.07574356
v -0.04992303 -0.11247213 0.07807087
v -0.04791094 -0.09579482 0.02884467
v -0.04990977 -0.10738951 0.05757477
v -0.06809383 -0.09557029 0.06513376
v -0.07067991 -0.09228867 0.06971558
v -0.06305092 -0.10180938 0.06667191
v -0.06899969 -0.09604755 0.07198062
v -0.06461080 -0.10254077 0.07637325
v -0.06254709 -0.10306288 0.06957757
v -0.06841459 -0.09749359 0.07467012
v -0.06652581 -0.09934403 0.07088557
v -0.05818124 -0.10805895 0.07656354
v -0.06102320 -0.10562467 0.07521053
v -0.05552173 -0.10956364 0.07497540
v -0.05769454 -0.10689667 0.06819283
v -0.05205124 -0.10984170 0.06812461
v -0.05192432 -0.11085422 0.07248692
v -0.06200049 -0.10424120 0.07257801
v -0.06493574 -0.08466220 0.03079224
v -0.06259163 -0.08726184 0.03049409
v -0.06574419 -0.09711119 0.06097272
v -0.06093225 -0.10133649 0.05918046
v -0.06149843 -0.10218557 0.06281073
v -0.06502964 -0.09907998 0.06413492
v -0.07179897 -0.09117716 0.07331317
v -0.07026678 -0.09468597 0.07530515
v -0.06972315 -0.09469428 0.07150965
v -0.06907479 -0.09681961 0.07642146
v -0.06752956 -0.09900286 0.07580883
v -0.07535617 -0.06336134 0.03652294
v -0.07614959 -0.06207118 0.04257827
v -0.07605233 -0.06731654 0.05054646
v -0.07619301 -0.06831967 0.05396274
v -0.07614959 -0.06875824 0.05423301
v -0.07620498 -0.06492543 0.04801112
v -0.07363811 0.03977463 0.00464763
v -0.07363545 0.04451036 0.00485543
v -0.07363927 0.04299769 0.00475214
v -0.07364428 0.00283610 0.00475268
v -0.07373349 0.04486998 0.00593716
v -0.07410710 0.04619166 0.01026396
v -0.07483002 -0.03321091 0.01859457
v -0.07549190 -0.03997672 0.02656615
v -0.07520675 -0.03884566 0.02307471
v -0.07493501 0.00694555 0.01976537
v -0.07584257 -0.05371977 0.03240545
v -0.07542786 -0.05139824 0.02657617
v -0.07607432 -0.04038633 0.03380981
v -0.07714497 -0.02949516 0.04839061
v -0.07708258 -0.04070593 0.04839169
v -0.07567588 -0.05672421 0.03165620
v -0.07573882 -0.05585214 0.03194534
v -0.07588428 -0.05697380 0.03440734
v -0.07590303 -0.05405551 0.03333202
v -0.07606040 -0.05762892 0.03706205
v -0.07618676 -0.05874806 0.03953313
v -0.07608140 -0.05465021 0.03598553
v -0.07597640 -0.05670410 0.03547183
v -0.07641013 -0.05923170 0.04290554
v -0.07631289 -0.05492966 0.03933978
v -0.07637652 -0.05775674 0.04142870
v -0.07701772 -0.05173554 0.04839247
v -0.07808237 -0.04067208 0.06286287
v -0.07731448 -0.05496458 0.05386741
v -0.07717836 -0.05867543 0.05390003
v -0.07788819 -0.05551727 0.06297874
v -0.07575158 0.05312659 0.03101704
v -0.07584498 0.05376172 0.03245029
v -0.07523616 0.05056969 0.02418824
v -0.07696569 0.06001276 0.05202385
v -0.07699491 0.06110928 0.05384217
v -0.07640846 0.05929115 0.04292753
v -0.07631704 0.05486992 0.03937490
v -0.07717843 0.05868023 0.05390009
v -0.07708803 0.04623951 0.04839255
v -0.07739081 0.04930421 0.05388524
v -0.07618385 0.05793144 0.03891061
v -0.07631062 0.05903105 0.04137704
v -0.07620899 0.05487280 0.03784579
v -0.07650211 0.05802217 0.04328159
v -0.07585699 0.05628662 0.03370321
v -0.07600169 0.05741837 0.03616030
v -0.07602006 0.05450124 0.03508256
v -0.07621714 0.05743603 0.03906182
v -0.07529883 0.03920904 0.02417441
v -0.07493632 0.03606442 0.01978100
v -0.07613278 0.00000307 0.03375504
v -0.07607208 0.04039245 0.03378028
v -0.07714946 0.03485809 0.04835724
v -0.07617193 -0.09383482 0.21819190
v -0.06281328 -0.11139758 0.21160598
v -0.06344049 -0.11101498 0.21787806
v -0.06156731 -0.11270938 0.21766009
v -0.06891637 -0.10495903 0.23801968
v -0.07317577 -0.09897803 0.22443941
v -0.06678907 -0.10751011 0.21805031
v -0.06578318 -0.10862801 0.22421592
v -0.06851938 -0.10568020 0.23064639
v -0.06999573 -0.10380775 0.23080362
v -0.07439856 -0.09692728 0.23083836
v -0.07127274 -0.10167263 0.23807651
v -0.07170381 -0.10131002 0.23071420
v -0.06226528 -0.11226373 0.23036136
v -0.06526942 -0.10910844 0.23721790
v -0.06588881 -0.10850345 0.23040821
v -0.02648751 -0.12495273 0.22494504
v -0.02627651 -0.12499267 0.22786501
v -0.04827421 -0.12179177 0.23353792
v -0.05885001 -0.11509664 0.23006728
v -0.05931491 -0.11467393 0.23707683
v -0.05416893 -0.11850703 0.23346808
v -0.05409766 -0.11858949 0.23614888
v -0.02651334 -0.12456280 0.21458525
v -0.05041129 -0.11643212 0.14666907
v -0.04784228 -0.11737581 0.14632387
v -0.04820737 -0.12140223 0.22084491
v -0.05947895 -0.11436915 0.21769976
v -0.05481947 -0.11774068 0.22114174
v -0.05707707 -0.11626125 0.22370656
v -0.05444641 -0.11758117 0.21117303
v -0.06085467 -0.11310651 0.21152738
v -0.06064351 -0.11347213 0.21766293
v -0.05928525 -0.11434270 0.21150398
v -0.06658196 -0.10762430 0.21187751
v -0.06885780 -0.10524864 0.21799770
v -0.07581338 -0.09440017 0.21204916
v -0.07567909 -0.09480179 0.21821695
v -0.07498227 -0.09606690 0.21834513
v -0.07236873 -0.10031762 0.21822779
v -0.07490326 -0.09613013 0.21208558
v -0.07018835 -0.10356797 0.21799249
v -0.06936841 -0.10446539 0.21187521
v -0.07222354 -0.10038822 0.21199663
v -0.04571211 -0.11946199 0.25978538
v -0.06546350 -0.10850074 0.24113526
v -0.06223097 -0.11193305 0.24056176
v -0.05909499 -0.11453016 0.24061539
v -0.02591610 -0.12497380 0.22997807
v -0.04817982 -0.12181183 0.23783246
v -0.05440025 -0.11833705 0.23834728
v -0.05505238 -0.11750030 0.24268383
v -0.04899030 -0.11976674 0.25334076
v -0.05756190 -0.11511524 0.24625178
v -0.04881712 -0.12115736 0.24404399
v -0.06714675 -0.10580549 0.24503012
v -0.06806073 -0.10462356 0.24514931
v -0.06446952 -0.10837288 0.24795551
v -0.05715754 -0.11379986 0.25446148
v -0.06162021 -0.11136065 0.24792816
v -0.05713946 -0.11475316 0.25009757
v -0.06349104 -0.10855330 0.25173789
v -0.07339364 -0.09647695 0.24549978
v -0.06992305 -0.10206485 0.24533722
v -0.07161453 -0.09956139 0.24538349
v -0.06821897 -0.10293667 0.25169250
v -0.07219150 -0.09687766 0.25175845
v -0.05828420 -0.10974088 0.10143642
v -0.05687186 -0.11060006 0.10142538
v -0.05554620 -0.11130170 0.10029527
v -0.05440006 -0.11200967 0.10209958
v -0.05330895 -0.11610170 0.16621774
v -0.05735989 -0.11148267 0.12159303
v -0.05437376 -0.11665651 0.18882501
v -0.05756802 -0.11465594 0.18903789
v -0.05831365 -0.11206612 0.14417338
v -0.05676779 -0.11300451 0.14413633
v -0.07498939 -0.09494040 0.18954419
v -0.07439870 -0.09610612 0.18957871
v -0.07352680 -0.09766679 0.18960995
v -0.07123368 -0.10113411 0.18953602
v -0.07659707 -0.09153157 0.18951754
v -0.07532504 -0.09296369 0.16709650
v -0.06521450 -0.10839558 0.18939426
v -0.06346188 -0.10999729 0.18927249
v -0.06783382 -0.10557145 0.18949215
v -0.06880748 -0.10436518 0.18947185
v -0.06981537 -0.10215342 0.16712110
v -0.06078976 -0.11273393 0.20046768
v -0.05855229 -0.11447290 0.20037099
v -0.06009029 -0.11330627 0.20045934
v -0.05895183 -0.11325213 0.17807438
v -0.05379469 -0.11232232 0.10210590
v -0.05239121 -0.11657718 0.16616513
v -0.05518086 -0.11271069 0.12155125
v -0.06951602 -0.09830935 0.09963263
v -0.06518590 -0.10387961 0.10060659
v -0.06855729 -0.10138104 0.12169971
v -0.06287424 -0.11007295 0.17796490
v -0.06138220 -0.11035242 0.15554783
v -0.06600474 -0.10637345 0.15569836
v -0.06196673 -0.11039958 0.16688587
v -0.06633031 -0.10483439 0.13301441
v -0.06406473 -0.10502100 0.10060159
v -0.06538475 -0.10515817 0.12162855
v -0.06458452 -0.10662425 0.13294246
v -0.05968261 -0.10877223 0.10143816
v -0.05982924 -0.10988893 0.12163586
v -0.05979353 -0.11103860 0.14424411
v -0.06261558 -0.10832677 0.13298642
v -0.06273350 -0.10759971 0.12162544
v -0.07230186 -0.09822583 0.15576247
v -0.06914314 -0.10256802 0.15574927
v -0.07128533 -0.09839518 0.13300544
v -0.06886810 -0.10169425 0.13305522
v -0.06860195 -0.10266875 0.14437138
v -0.07470079 -0.09351911 0.15571530
v -0.07642907 -0.08984064 0.15572241
v -0.07413467 -0.09384035 0.14433436
v -0.07313024 -0.09388444 0.12166736
v -0.07358298 -0.09398872 0.13299362
v -0.07552833 -0.08992387 0.13296919
v -0.02425338 -0.12462843 0.23512525
v -0.02144332 -0.12479499 0.23471235
v -0.04172951 -0.12213433 0.24892614
v -0.02470757 -0.12489326 0.23260978
v -0.04295476 -0.12272753 0.24206336
v -0.04262691 -0.12239714 0.24619106
v -0.04108529 -0.12245970 0.24649115
v -0.04105238 -0.12047145 0.25806254
v -0.04209220 -0.12084344 0.25611665
v -0.04250056 -0.12155900 0.25204046
v -0.04121699 -0.12165114 0.25193155
v -0.04061321 -0.12022964 0.25907022
v -0.04050401 -0.11992748 0.26029301
v -0.04020616 -0.12024422 0.25903458
v -0.04076108 -0.12171307 0.25169440
v -0.04080854 -0.12122245 0.25451295
v -0.07685182 -0.06108118 0.05125285
v -0.07685422 -0.06242079 0.05303839
v -0.07685580 -0.06445139 0.05656120
v -0.07705300 -0.05999801 0.05314513
v -0.07763337 -0.06040019 0.06226656
v -0.07640234 -0.07152243 0.06254362
v -0.07601236 -0.07567741 0.06650917
v -0.07632360 -0.07219442 0.06281742
v -0.07646439 -0.06977062 0.06016133
v -0.07706571 -0.06765566 0.06519086
v -0.07747541 -0.06715358 0.07120896
v -0.07702169 -0.07300372 0.07491756
v -0.07522839 -0.08178058 0.07487676
v -0.07455536 -0.08444131 0.07674043
v -0.07570329 -0.07901313 0.07263616
v -0.07556713 -0.08524475 0.10129558
v -0.07619549 -0.07741991 0.07487851
v -0.07028757 -0.09506273 0.07857658
v -0.07104209 -0.09364108 0.07835890
v -0.06956231 -0.09633942 0.07936185
v -0.07105625 -0.09595707 0.10135709
v -0.07294128 -0.09221142 0.10135355
v -0.07336089 -0.08815994 0.07671401
v -0.07215666 -0.09122552 0.07827622
v -0.07432388 -0.08909759 0.10130588
v -0.07464739 -0.08493904 0.08097457
v -0.07217993 -0.09154136 0.08101788
v -0.05945147 -0.10765771 0.08080188
v -0.06197096 -0.10551514 0.07985384
v -0.05950858 -0.10705720 0.07643937
v -0.06260597 -0.10641401 0.10144325
v -0.06091815 -0.10784316 0.10144496
v -0.06529149 -0.10225725 0.08026267
v -0.06634353 -0.10076644 0.07795182
v -0.06723094 -0.09979291 0.07933609
v -0.06635186 -0.10264248 0.10145437
v -0.06809855 -0.09947800 0.08964047
v -0.06901547 -0.10003224 0.11160456
v -0.06740568 -0.10212853 0.11161199
v -0.06722032 -0.10081870 0.09146077
v -0.05889797 -0.10872613 0.09144940
v -0.05924134 -0.10969641 0.11155851
v -0.05983075 -0.10928144 0.11155769
v -0.02618971 -0.12432768 0.20957407
v -0.04365778 -0.12185564 0.20580023
v -0.05975168 0.11399612 0.21151151
v -0.05981064 0.11412769 0.21771186
v -0.06103003 0.11316219 0.21763345
v -0.06384036 0.11062591 0.21789232
v -0.06713086 0.10706684 0.21187853
v -0.06726043 0.10704059 0.21807461
v -0.06903899 0.10503997 0.21798090
v -0.06987198 0.10380962 0.21187268
v -0.07074824 0.10281271 0.21807669
v -0.07317605 0.09898387 0.22440808
v -0.07272642 0.09970810 0.21828062
v -0.07305059 0.09912885 0.21209866
v -0.07514866 0.09576691 0.21833125
v -0.05570629 0.11679437 0.21129553
v -0.02649920 0.12495483 0.22493517
v -0.05542517 0.11731968 0.22123775
v -0.05221603 0.11942296 0.22096594
v -0.02652618 0.12456636 0.21461854
v -0.05152765 0.11942851 0.21099497
v -0.04765071 0.12160610 0.22084046
v -0.05817279 0.11544479 0.22379255
v -0.05965671 0.11449132 0.23009298
v -0.05516848 0.11777555 0.23353399
v -0.02623327 0.12499995 0.22797457
v -0.04844957 0.12173190 0.23353541
v -0.05514726 0.11782489 0.23627354
v -0.06356253 0.11101584 0.23029818
v -0.06510813 0.10936003 0.22422718
v -0.06685678 0.10754195 0.23049822
v -0.06269096 0.11187053 0.23035731
v -0.06361909 0.11093548 0.23718747
v -0.06175359 0.11273460 0.23035377
v -0.06014305 0.11406029 0.23711669
v -0.06239491 0.11210275 0.23714648
v -0.06960216 0.10433616 0.23079288
v -0.06694095 0.10725677 0.23767609
v -0.07475018 0.09633832 0.23083318
v -0.07494977 0.09552982 0.23831052
v -0.07146395 0.10169624 0.23071394
v -0.07398274 0.09762131 0.23067482
v -0.07096639 0.10218821 0.23769392
v -0.07311976 0.09890439 0.23768836
v -0.07006325 0.10283246 0.24179598
v -0.07407862 0.09626717 0.24212402
v -0.07303904 0.09832701 0.24175917
v -0.07187548 0.10030526 0.24146488
v -0.06988212 0.10144328 0.24901069
v -0.05999440 0.11383930 0.24073117
v -0.06381616 0.11035482 0.24088231
v -0.06263040 0.11156355 0.24058638
v -0.06168944 0.11242603 0.24059389
v -0.06624476 0.10749947 0.24149303
v -0.06690553 0.10597852 0.24512668
v -0.06632341 0.10581584 0.24856043
v -0.05761863 0.11504520 0.24644262
v -0.06574434 0.10568001 0.25183924
v -0.06202654 0.11096073 0.24798218
v -0.05714398 0.11475866 0.25008192
v -0.02509147 0.12473124 0.23403234
v -0.05597907 0.11691789 0.24188968
v -0.05748380 0.11534942 0.24503871
v -0.04850363 0.12099186 0.24766169
v -0.02578023 0.12492460 0.23125515
v -0.05544536 0.11751826 0.23948127
v -0.04831380 0.12171441 0.23905247
v -0.04845394 0.12137112 0.24420112
v -0.04891871 0.11983836 0.25319405
v -0.05716814 0.11383391 0.25432607
v -0.04603407 0.11942408 0.25962574
v -0.05893581 0.11419565 0.20040348
v -0.06031859 0.11312817 0.20046014
v -0.05588156 0.11623249 0.20023989
v -0.05527527 0.11614275 0.18889518
v -0.05889214 0.11330122 0.17807425
v -0.06308216 0.11031895 0.18926213
v -0.06365687 0.11002713 0.19537398
v -0.06573431 0.10788627 0.18941839
v -0.06801480 0.10536311 0.18948522
v -0.06922138 0.10382186 0.18947849
v -0.07523490 0.09060163 0.13298754
v -0.06914298 0.10257436 0.15574927
v -0.07413418 0.09384667 0.14432411
v -0.07358291 0.09399499 0.13299362
v -0.07313024 0.09389058 0.12166737
v -0.07123487 0.09848166 0.13300609
v -0.06866569 0.10192699 0.13304112
v -0.06829806 0.10168952 0.12171016
v -0.06256107 0.11033623 0.17795870
v -0.06200076 0.11037815 0.16689173
v -0.06137491 0.11036411 0.15554546
v -0.06598193 0.10640340 0.15569886
v -0.06860143 0.10267472 0.14435627
v -0.06611875 0.10506877 0.13299806
v -0.06323574 0.10583466 0.10087045
v -0.06509810 0.10546173 0.12162596
v -0.06444229 0.10676202 0.13294097
v -0.05450405 0.11605943 0.17755510
v -0.05348551 0.11662757 0.17747105
v -0.05769479 0.11306853 0.15544030
v -0.05711208 0.11046266 0.10143917
v -0.05527696 0.11156696 0.10191547
v -0.05643460 0.11266045 0.13281895
v -0.06139617 0.10739320 0.10086568
v -0.05948683 0.10892214 0.10143751
v -0.05961035 0.11117969 0.14424085
v -0.06239248 0.10850293 0.13298364
v -0.06244876 0.10783113 0.12162492
v -0.05864370 0.11128724 0.13289229
v -0.05810755 0.11100067 0.12157757
v -0.02647958 0.12432375 0.20993697
v -0.05122690 0.11581318 0.14197006
v -0.04687819 0.11749043 0.14253400
v -0.04724724 0.12110750 0.20623436
v -0.05319008 0.11654345 0.17292295
v -0.05287612 0.11609345 0.16166321
v -0.07170783 0.10049337 0.18955050
v -0.07387249 0.09706457 0.18961923
v -0.06981522 0.10215979 0.16712173
v -0.07227113 0.09828206 0.15576469
v -0.02603427 0.12483492 0.21985668
v -0.04344764 0.12274156 0.22591006
v -0.04339926 0.12237861 0.21607072
v -0.02474730 0.12489832 0.23256661
v -0.04218352 0.12257328 0.24512647
v -0.04228060 0.12273238 0.24323614
v -0.02145265 0.12479856 0.23471462
v -0.02419811 0.12462443 0.23520598
v -0.04172865 0.12212074 0.24905976
v -0.04166608 0.12230008 0.24774626
v -0.04050653 0.11993444 0.26028953
v -0.04101737 0.12011835 0.25951729
v -0.04112153 0.12050610 0.25793108
v -0.04020455 0.12025056 0.25903385
v -0.04075094 0.12171966 0.25169403
v -0.04240920 0.12157525 0.25202377
v -0.04193072 0.12088823 0.25599046
v -0.04121693 0.12165728 0.25193150
v -0.04079221 0.12122582 0.25453037
v -0.07570992 0.07775138 0.06861069
v -0.07631585 0.07201681 0.06240630
v -0.07606587 0.07519828 0.06597740
v -0.07249086 0.09038913 0.07834756
v -0.07369048 0.08725040 0.07660552
v -0.07455649 0.08402803 0.07472067
v -0.07451203 0.08858906 0.10129009
v -0.07113172 0.09346739 0.07836857
v -0.07032172 0.09500931 0.07857302
v -0.07302319 0.09204204 0.10133582
v -0.07110236 0.09588026 0.10136201
v -0.07255345 0.09060825 0.08100424
v -0.07770896 0.06513265 0.07191326
v -0.07717677 0.07184509 0.07486318
v -0.07688298 0.07392123 0.07491792
v -0.07744354 0.07232654 0.08082832
v -0.07549669 0.08061550 0.07465449
v -0.07636101 0.07669641 0.07481849
v -0.07519172 0.08309251 0.08091126
v -0.07672143 0.07663673 0.08086056
v -0.07629263 0.06932138 0.05688795
v -0.07638375 0.06545142 0.05107686
v -0.07716087 0.06377210 0.06043999
v -0.07659343 0.07065359 0.06319963
v -0.07717028 0.06892444 0.06930930
v -0.06540225 0.10205607 0.07952333
v -0.06364026 0.10403165 0.08037970
v -0.06385147 0.10341818 0.07720716
v -0.06494811 0.10231432 0.07762536
v -0.06526117 0.10386928 0.10144851
v -0.06434887 0.10480570 0.10144246
v -0.06791616 0.09891634 0.07968930
v -0.06923051 0.09681444 0.07858965
v -0.06964604 0.09830095 0.10145569
v -0.06974693 0.09623746 0.08117224
v -0.06723302 0.10068699 0.09000967
v -0.06892620 0.10015924 0.11161925
v -0.06708295 0.10251006 0.11161288
v -0.06618621 0.10205177 0.09145750
v -0.06815942 0.09956785 0.09146451
v -0.05816648 0.10922459 0.09145644
v -0.05769048 0.11068616 0.11156691
v -0.05893162 0.10990351 0.11156478
v 0.03412080 0.00560273 -0.02403529
v 0.02976423 0.03324036 -0.02379625
v 0.03401059 0.01546071 -0.02395150
v 0.03415109 0.00762759 -0.02403005
v 0.03349251 0.02317051 -0.02372461
v 0.00282134 0.01310114 -0.02884854
v -0.02876064 0.03578019 -0.02298105
v -0.02912597 0.03462914 -0.02306131
v -0.02932842 0.03398396 -0.02309827
v -0.02955852 0.03315612 -0.02314144
v -0.02992264 0.03080585 -0.02326580
v -0.03010018 0.02082731 -0.02372397
v -0.03006556 0.01067163 -0.02392148
v -0.03002447 0.00753156 -0.02393938
v -0.00000294 0.01310058 -0.02890815
v -0.00000369 0.01727728 -0.02877805
v 0.03074185 -0.03668694 -0.02294489
v 0.02940917 -0.03891671 -0.02275450
v 0.02845528 -0.04011275 -0.02263825
v 0.03413788 -0.00755664 -0.02403317
v 0.03412934 -0.01133654 -0.02401164
v 0.03227729 -0.03173794 -0.02329732
v 0.03340229 -0.02369631 -0.02371154
v 0.03400274 -0.01575447 -0.02394546
v 0.03412293 -0.00559731 -0.02403550
v 0.00282383 0.00000108 -0.02884879
v 0.00282633 -0.01309894 -0.02884904
v -0.03004413 -0.00760752 -0.02393520
v -0.03010068 -0.01768163 -0.02381150
v -0.03004512 -0.02789644 -0.02342338
v -0.02985567 -0.03091577 -0.02326948
v -0.02960258 -0.03285571 -0.02316089
v -0.02926220 -0.03407460 -0.02309857
v -0.02861440 -0.03625929 -0.02293985
v 0.00000289 -0.01727619 -0.02877871
v 0.00000209 -0.01309948 -0.02890864
v -0.03001317 -0.00559894 -0.02394128
v -0.00000044 0.00000055 -0.02890840
v -0.00310478 0.00189996 -0.02882504
v 0.00000173 -0.01119947 -0.02890861
v -0.00310189 -0.01310007 -0.02882533
v 0.01980067 -0.08301546 -0.00506956
v 0.00244888 -0.04413684 -0.02267530
v -0.04709724 0.09550720 0.02757993
v -0.04688817 0.10844961 0.05751914
v -0.04931095 0.10688385 0.05589436
v -0.04755953 0.11000066 0.06200709
v -0.05011246 0.11023594 0.06613671
v -0.04721176 0.11119154 0.06555476
v -0.04893763 0.11195365 0.07108211
v -0.04674654 0.11308823 0.07361307
v -0.04660258 0.11248460 0.06985142
v -0.05044396 0.11250855 0.08056411
v -0.04688117 0.11386613 0.08135510
v -0.04673684 0.11365343 0.07794183
v -0.04885140 -0.06069928 -0.01718115
v -0.04934784 -0.06361406 -0.01656882
v -0.05028232 -0.06671351 -0.01544506
v -0.05169567 -0.07126673 -0.01265251
v -0.05151910 -0.07541153 -0.00923324
v -0.04735635 -0.08056495 -0.00510986
v -0.05134213 -0.07835981 -0.00567162
v -0.02273957 -0.04223328 -0.02293280
v -0.04561312 -0.08349233 -0.00105732
v -0.02599529 -0.12486918 0.22060270
v -0.04349376 -0.12276205 0.22666773
v -0.04344890 -0.12239779 0.21680686
v -0.05171894 0.07458551 -0.00997473
v -0.05127135 0.07077401 -0.01317469
v -0.05053049 0.06684577 -0.01531489
v -0.04960286 0.06492562 -0.01618926
v -0.04907905 0.06270499 -0.01681090
v -0.04882461 0.06003002 -0.01727477
v -0.04753876 0.08046845 -0.00514980
v -0.04990951 0.07930757 -0.00539083
v -0.05160346 0.07805496 -0.00588287
v -0.02280719 0.04218056 -0.02293403
v -0.04528934 0.08133010 -0.00494177
v -0.02100463 0.04331998 -0.02279892
v -0.04367412 0.07419846 -0.01389186
v -0.01906526 0.04386581 -0.02272138
v -0.04003303 0.07534851 -0.01364748
v 0.00171045 0.08303997 -0.00508165
v -0.01686952 0.04410035 -0.02268067
v -0.03482058 0.07594800 -0.01360599
v -0.01554578 0.12490528 0.23512041
v -0.01264428 0.12493769 0.23510871
v -0.03509330 0.12229794 0.24924795
v -0.03487622 0.12183143 0.25200258
v -0.03531698 0.12093731 0.25633465
v -0.03438715 0.12060850 0.25776385
v -0.03488896 0.12084625 0.25676821
v -0.03472101 0.12126752 0.25480481
v -0.03497851 0.12120151 0.25510314
v -0.02913694 0.12181665 0.25251512
v -0.01567067 0.12503297 0.23425749
v -0.03504171 0.12244133 0.24830924
v -0.02943700 0.12258970 0.24837718
v 0.00169047 0.08531775 -0.00112098
v -0.03531063 0.08301268 -0.00474866
v -0.03276220 0.08306606 -0.00485196
v -0.01558883 -0.12491767 0.23504693
v -0.01262275 -0.12494118 0.23509698
v -0.03510522 -0.12230723 0.24918536
v -0.03488780 -0.12183157 0.25199834
v -0.03489681 -0.12084446 0.25677335
v -0.03439531 -0.12060711 0.25776699
v -0.03473214 -0.12127176 0.25478136
v -0.02912360 -0.12182433 0.25250479
v -0.04159828 0.08227680 -0.00466966
v -0.03878807 0.08278625 -0.00467604
v -0.03576292 0.08509544 -0.00097663
v -0.04519768 0.08359147 -0.00103694
v -0.04387249 0.08179773 -0.00469803
v -0.04251562 0.08418162 -0.00096501
v -0.04080908 -0.12066529 0.25720713
v -0.04036955 -0.12064739 0.25731920
v -0.04048311 -0.12096025 0.25583547
v -0.04015923 -0.12101936 0.25557626
v -0.03463671 -0.12103799 0.25591939
v -0.02083639 0.12157826 0.15046989
v -0.02392789 0.12134609 0.15125888
v -0.04303664 0.11488390 0.08387829
v -0.04244781 0.11472325 0.08028836
v -0.04228389 0.11851773 0.14304349
v -0.04273486 0.11479000 0.08159024
v -0.01791803 0.12182544 0.15071998
v -0.03585610 0.11590584 0.08439575
v -0.01853908 0.11634843 0.07988133
v -0.01906279 0.11641349 0.08064486
v -0.02944279 0.11588463 0.07941329
v -0.01653074 0.12178348 0.14914395
v -0.01940644 0.11649103 0.08170240
v -0.03486032 0.11582468 0.08262940
v -0.03206181 0.11608716 0.08319105
v -0.01924855 0.11646022 0.08123359
v -0.03474391 0.11579085 0.08218252
v -0.03038869 0.11595080 0.08040537
v -0.03080519 0.11600720 0.08126185
v -0.01985528 0.11578640 0.07580054
v -0.00136711 0.11543930 0.07398787
v -0.01949140 0.11553068 0.07441062
v -0.03051292 0.11538267 0.07558986
v -0.03134444 0.11541078 0.07614528
v -0.03178505 0.11541855 0.07647482
v -0.04438977 0.09638634 0.02797266
v -0.04420228 0.10947743 0.05827725
v -0.04442487 0.10827662 0.05552986
v -0.04043277 0.09718125 0.02795237
v -0.04357521 0.09654700 0.02793521
v -0.04390737 0.11081982 0.06162676
v -0.04397623 0.11219266 0.06615439
v -0.04416571 0.11128581 0.06314204
v -0.04126202 0.11052217 0.05945529
v -0.04328175 0.11401770 0.07448089
v -0.04338125 0.11318067 0.06971714
v -0.04362754 0.11346353 0.07133417
v -0.03967861 0.11499943 0.07846150
v -0.03503370 0.11522514 0.07680977
v -0.03593101 0.11451501 0.07140380
v -0.04065467 0.11313586 0.06745782
v 0.02023272 0.09743550 0.02676794
v 0.00837736 0.09784692 0.02748479
v -0.02589032 0.09772005 0.02742709
v -0.00731042 0.10935165 0.05428837
v 0.00494132 0.11529337 0.07341701
v -0.02501907 0.11441297 0.06958540
v 0.00493930 0.11440945 0.07002570
v -0.01907539 0.11113802 0.05862548
v -0.01886363 0.11354349 0.06624284
v 0.01692738 0.11416142 0.06982976
v -0.00687824 0.11245324 0.06282126
v 0.00445049 0.10913291 0.05403851
v -0.00726956 0.10963677 0.05497827
v -0.03290971 0.09774848 0.02768636
v -0.03594365 0.09755559 0.02771091
v -0.03711573 0.10962389 0.05599506
v -0.03698268 0.11087924 0.05921110
v -0.02578815 0.10990765 0.05551159
v -0.03235635 0.11370522 0.06689250
v -0.03683281 0.11234798 0.06310588
v -0.03635294 0.11346181 0.06714993
v -0.02564089 0.11117902 0.05880040
v -0.02530151 0.11362189 0.06652022
v -0.02548471 0.11258907 0.06264867
v -0.03291950 0.11116267 0.05897508
v 0.04308743 0.12148712 0.25462828
v 0.00393285 0.12224117 0.25084206
v 0.00395568 0.12167107 0.25365831
v 0.02339425 0.12496688 0.23509715
v 0.02049576 0.12499896 0.23508899
v 0.00390671 0.12247055 0.24954736
v 0.03705154 0.12234255 0.25060266
v 0.04176700 0.12093745 0.25716685
v 0.00387179 0.12121865 0.25575489
v 0.03690304 0.12165456 0.25405790
v -0.04962240 -0.11293101 0.08144953
v -0.04787268 -0.11357860 0.08155925
v -0.04693896 -0.11347605 0.07730391
v -0.04641952 -0.11779139 0.14587970
v -0.04741998 -0.11186008 0.06843856
v -0.04742700 -0.11276630 0.07263405
v -0.05175212 -0.11071741 0.07133744
v -0.05039706 -0.10831219 0.06064331
v -0.04754027 -0.11076820 0.06430570
v -0.04710361 -0.10959759 0.06059781
v -0.04657329 -0.09584925 0.02798039
v -0.04636725 -0.10830293 0.05668409
v -0.02402573 -0.12134424 0.15127953
v -0.04250136 -0.11872530 0.14755174
v -0.04148366 -0.11861068 0.14272334
v -0.04282858 -0.11485304 0.08247830
v -0.01021437 -0.12195674 0.15032780
v -0.01749584 -0.12185189 0.15059747
v -0.01434165 -0.12192102 0.15025373
v -0.02827613 -0.11622673 0.08463233
v -0.02215096 -0.12154431 0.15142148
v -0.01906891 -0.12176851 0.15063480
v -0.03730350 -0.11582701 0.08427365
v -0.03390886 -0.11610818 0.08444810
v 0.00848585 -0.09794414 0.02773770
v -0.04356097 -0.11383571 0.07345239
v -0.04317300 -0.11429972 0.07702492
v -0.04346484 -0.11358094 0.07172291
v -0.03988803 -0.11503901 0.07878522
v -0.03730547 -0.11530968 0.07886013
v -0.04453406 -0.09642675 0.02813445
v -0.04431796 -0.10906839 0.05728642
v -0.04377803 -0.09659350 0.02810671
v -0.04406788 -0.11011740 0.05991830
v -0.04424714 -0.10860693 0.05613260
v -0.04416558 -0.11188538 0.06510328
v -0.04387996 -0.11264815 0.06800584
v -0.04402312 -0.11145962 0.06353514
v -0.04070832 -0.11329519 0.06807906
v -0.04137823 -0.11069344 0.05991888
v -0.00651285 -0.11468752 0.07190635
v 0.00493255 -0.12169355 0.14857011
v -0.00942464 -0.11599939 0.08297328
v -0.00650846 -0.11528843 0.07647254
v 0.00547769 -0.11519179 0.07690420
v 0.02041121 -0.09768560 0.02740514
v -0.00721823 -0.10973444 0.05518301
v -0.01901129 -0.11131172 0.05905873
v -0.01869756 -0.11369886 0.06680157
v -0.00681326 -0.11279711 0.06396126
v -0.00653757 -0.11427568 0.06983782
v 0.00538950 -0.11429664 0.07087670
v -0.00669889 -0.11343110 0.06645508
v 0.00526287 -0.11333051 0.06679159
v -0.02780887 -0.11566949 0.07888554
v -0.03211426 -0.11562545 0.07875878
v -0.03372068 -0.11553059 0.07858163
v -0.02487549 -0.11479505 0.07132771
v -0.03580198 -0.11465435 0.07201329
v -0.01282918 -0.11539430 0.07699959
v -0.02557531 -0.11135880 0.05923895
v -0.02522474 -0.11378497 0.06709352
v -0.03624140 -0.11363379 0.06773849
v -0.03674699 -0.11253824 0.06362414
v -0.02541315 -0.11276458 0.06314705
v -0.03226085 -0.11387195 0.06747830
v -0.02573730 -0.11007269 0.05585412
v -0.03707549 -0.10979613 0.05634122
v -0.03691789 -0.11107082 0.05965728
v -0.03285390 -0.11135120 0.05942151
v 0.00181880 -0.08535616 -0.00101045
v -0.02582058 -0.09779683 0.02756620
v -0.04248283 -0.08423540 -0.00090778
v -0.04037741 -0.09727595 0.02809999
v -0.03584444 -0.09765192 0.02785467
v -0.02591904 -0.09780345 0.02758337
v -0.03284275 -0.09783251 0.02782938
v -0.03258474 -0.08524976 -0.00108475
v -0.03564108 -0.08513221 -0.00097020
v -0.04393653 -0.08166247 -0.00492202
v -0.01981530 -0.04367338 -0.02275519
v -0.04200453 -0.07469312 -0.01382496
v -0.04301641 -0.08203298 -0.00465980
v -0.03994466 -0.08267195 -0.00462370
v 0.04026595 -0.08020039 -0.00886098
v 0.04265419 -0.07583113 -0.01283009
v 0.04414564 -0.07037352 -0.01558770
v 0.04478067 -0.06754878 -0.01640889
v 0.04582044 -0.06516513 -0.01683334
v 0.03668536 -0.08297686 -0.00508985
v 0.03927894 -0.08265049 -0.00525877
v 0.01937756 -0.04357115 -0.02277964
v 0.01971741 -0.07593151 -0.01369074
v 0.00181491 -0.08311408 -0.00491157
v -0.01551818 -0.04414044 -0.02267502
v -0.01684293 -0.04411440 -0.02268104
v -0.01435234 -0.07595379 -0.01368218
v -0.03250888 -0.08308805 -0.00485472
v -0.03283757 -0.08308467 -0.00484854
v -0.01871891 -0.04395321 -0.02270931
v -0.03787997 -0.08290241 -0.00468921
v -0.03492834 -0.08306944 -0.00473933
v -0.03801148 -0.07575721 -0.01361368
v -0.03445018 -0.07600241 -0.01360205
v 0.01890198 0.08291720 -0.00529710
v 0.00035048 0.04414087 -0.02267301
v -0.01518449 0.07589265 -0.01371883
v 0.04635327 0.05931906 -0.01792855
v 0.04059568 0.08018508 -0.00885420
v 0.04213083 0.07659024 -0.01233883
v 0.04382635 0.07160921 -0.01512318
v 0.04452426 0.06831114 -0.01623073
v 0.04563538 0.06588077 -0.01670784
v 0.03672950 0.08289212 -0.00530271
v 0.03948700 0.08262406 -0.00529084
v 0.01927723 0.04364386 -0.02276862
v 0.01725078 0.04414406 -0.02267327
v 0.01888527 0.07589363 -0.01372661
v 0.04000554 0.09705779 0.02789135
v 0.04217904 0.09677775 0.02796148
v 0.04295276 0.09666922 0.02804971
v 0.03979325 0.10981146 0.05980318
v 0.04103240 0.10789082 0.05504921
v 0.04299962 0.11056882 0.06380869
v 0.04467688 0.11103877 0.06706604
v 0.04719952 0.10977883 0.06526158
v 0.04001684 0.11325470 0.07148551
v 0.03848923 0.11335424 0.07084825
v 0.04188009 0.11282306 0.07130807
v 0.04287890 0.11010718 0.06223179
v 0.04285455 0.10848407 0.05772614
v 0.04738939 0.10912168 0.06335555
v 0.04492362 0.10812413 0.05817025
v 0.04056896 0.10939435 0.05888157
v 0.03523769 0.09764905 0.02803638
v 0.03764844 0.09742870 0.02811357
v 0.03765896 0.11019350 0.06013430
v 0.03359182 0.11281450 0.06708954
v 0.03614834 0.10917157 0.05636163
v 0.03937168 0.11147061 0.06494269
v 0.03590374 0.11400161 0.07181475
v 0.03572905 0.11107686 0.06222124
v 0.04427420 0.11162959 0.06893586
v 0.04232535 0.11318595 0.07311434
v 0.04351028 0.11129320 0.06691073
v 0.02818594 0.09805455 0.02849700
v 0.02466307 0.11340436 0.06772793
v 0.01234811 0.10950868 0.05517918
v 0.00058582 0.11016442 0.05649741
v 0.00070778 0.11150501 0.06011303
v 0.01265764 0.11156216 0.06090679
v 0.01234644 0.10978527 0.05584750
v 0.03241460 0.09788232 0.02825193
v 0.02894068 0.11319740 0.06739736
v 0.03104177 0.11308464 0.06740488
v 0.03086368 0.10986354 0.05693915
v 0.02428365 0.11029099 0.05751573
v 0.04459648 -0.09581632 0.02678851
v 0.04391641 -0.10675529 0.05386791
v 0.04006622 -0.09717278 0.02823879
v 0.04256640 -0.09685434 0.02833098
v 0.04127952 -0.10920933 0.05867989
v 0.04277910 -0.10772505 0.05568848
v 0.04140353 -0.10767680 0.05472963
v 0.04322359 -0.10964250 0.06105846
v 0.04558525 -0.10803529 0.05847973
v 0.04745061 -0.10917703 0.06359864
v 0.04050217 -0.10963246 0.05950046
v 0.04513154 -0.11130824 0.06890385
v 0.04727288 -0.10983270 0.06554352
v 0.04297747 -0.11037419 0.06317054
v 0.01420619 -0.11450636 0.07269629
v 0.01438516 -0.11511595 0.07735729
v 0.01423685 -0.11409074 0.07061586
v 0.00082120 -0.11055170 0.05754958
v 0.01261723 -0.11010963 0.05675254
v 0.00093922 -0.11188906 0.06123539
v 0.01294974 -0.11208520 0.06258125
v 0.01314040 -0.11271460 0.06506280
v 0.02203482 -0.11279164 0.06617267
v 0.04287654 -0.11290857 0.07385743
v 0.04479059 -0.11233924 0.07304955
v 0.04316720 -0.11179549 0.06891862
v 0.04016211 -0.11322897 0.07323066
v 0.04027091 -0.11202404 0.06756973
v 0.04075729 -0.11294135 0.07198629
v 0.03558798 -0.09791440 0.02886177
v 0.03781310 -0.09766895 0.02881658
v 0.03668937 -0.10949587 0.05740811
v 0.03818800 -0.11025219 0.06039719
v 0.03798627 -0.11073581 0.06190679
v 0.03596926 -0.11170494 0.06457685
v 0.03278885 -0.09815739 0.02909406
v 0.01664955 -0.10980257 0.05616948
v 0.02609876 -0.11259935 0.06588042
v 0.02479095 -0.11095180 0.05945932
v 0.03150448 -0.11045242 0.05871277
v 0.02783729 -0.11410879 0.07228474
v 0.03546915 -0.11349625 0.07137899
v 0.03338471 -0.11203286 0.06501131
v 0.03091487 -0.11232026 0.06542303
v 0.01763002 -0.12147830 0.14978851
v 0.01465589 -0.12155040 0.14952654
v 0.01525857 -0.11559712 0.08219385
v 0.02416583 -0.11499205 0.07851186
v 0.02880150 -0.11474467 0.07814952
v 0.02296335 -0.12117254 0.14948515
v 0.02629562 -0.12092313 0.15028163
v 0.03697104 -0.11407554 0.07721316
v 0.03409985 -0.11441942 0.07765188
v 0.02998703 -0.11516275 0.08277038
v 0.04172884 -0.11358258 0.07800804
v 0.04509919 -0.11702283 0.13129900
v 0.04571849 -0.11705138 0.13316796
v 0.02905018 -0.12055945 0.14999298
v 0.03949237 -0.11373773 0.07687265
v 0.03842019 -0.11444936 0.08203518
v 0.04338601 -0.11327718 0.07795265
v 0.04610324 -0.11295380 0.08108140
v 0.04638115 -0.11691844 0.13304942
v 0.04679413 -0.11690961 0.13403534
v 0.04763380 -0.11692602 0.13672969
v 0.04508997 -0.11286961 0.07789711
v 0.04249464 -0.11384212 0.08161602
v 0.04880121 -0.12234862 0.24912649
v 0.02868699 -0.12489968 0.23482923
v 0.02341593 -0.12496383 0.23508580
v 0.02062117 -0.12501454 0.23496143
v 0.04233938 -0.12248218 0.24917243
v 0.04884279 -0.12185074 0.25200506
v 0.04837523 -0.12116533 0.25588793
v 0.04744080 -0.12190708 0.25193621
v 0.04182499 -0.12104223 0.25669518
v 0.04296608 -0.12107600 0.25652581
v 0.00388883 -0.12187768 0.25256987
v 0.00391028 -0.12128753 0.25545734
v 0.04198738 -0.12138584 0.25512626
v 0.02050097 -0.12498224 0.23516537
v 0.00393116 -0.12242277 0.24981885
v 0.04234529 -0.12243597 0.24945929
v 0.03717346 -0.12255258 0.24935803
v 0.04214154 -0.12195330 0.25226004
v 0.03691703 -0.12192281 0.25261988
v 0.04890611 0.12194560 0.25154032
v 0.04846462 0.12128941 0.25529426
v 0.04216893 0.12185126 0.25291317
v 0.04222780 0.12209673 0.25152187
v 0.04677872 0.12078521 0.25771755
v 0.04794313 0.12089227 0.25722729
v 0.04196808 0.12148786 0.25466637
v 0.04184564 0.12107230 0.25659491
v 0.04880072 0.12236241 0.24907884
v 0.02867041 0.12490449 0.23483389
v 0.04231816 0.12247477 0.24926279
v 0.04744761 0.12200963 0.25144109
v 0.08922894 -0.07989195 0.20186160
v 0.08816750 -0.08206075 0.20233408
v 0.08899287 -0.08038159 0.20204984
v 0.08625265 -0.08465464 0.21458617
v 0.08962183 -0.07743858 0.22128958
v 0.08609254 -0.08491773 0.21495161
v 0.08916122 -0.07833778 0.22175149
v 0.08599870 -0.08506595 0.21514183
v 0.08322230 -0.08845780 0.22735363
v 0.08886404 -0.07885643 0.22211393
v 0.08951898 -0.07923531 0.20168566
v 0.09189827 -0.07335080 0.20090309
v 0.08998180 -0.07664988 0.22097762
v 0.09202723 -0.07302696 0.20084121
v 0.09027543 -0.07594365 0.22072965
v 0.09209407 -0.07284840 0.20087122
v 0.09042419 -0.07556262 0.22064252
v 0.09246329 -0.07179357 0.20088415
v 0.09228354 -0.07232424 0.20088183
v 0.09076579 -0.07461267 0.22048011
v 0.09215629 -0.07267949 0.20088053
v 0.09055964 -0.07519713 0.22057387
v 0.09211157 -0.07280111 0.20087540
v 0.09044481 -0.07550708 0.22063976
v 0.09046454 -0.07545493 0.22062544
v 0.09259449 -0.07138261 0.20089027
v 0.09099257 -0.07393087 0.22039532
v 0.09271427 0.07106169 0.20078948
v 0.08985474 0.07806741 0.20295720
v 0.08906906 0.07873450 0.21201004
v 0.08707217 0.08254470 0.21431232
v -0.08800548 0.03532136 0.22468332
v -0.08815852 0.03284474 0.22147497
v -0.08797704 0.03974245 0.21959645
v -0.08798644 0.03946348 0.21967654
v -0.08799412 0.03937942 0.21932221
v -0.08287980 0.04868034 0.14044769
v -0.08801434 0.03876278 0.21870049
v -0.08804072 0.03809458 0.21873832
v -0.08814995 0.03476531 0.21898798
v -0.08807710 0.03705996 0.21883106
v -0.08796033 0.04005977 0.21989545
v -0.08797832 0.03961232 0.21982528
v -0.08794376 0.04033489 0.22025507
v -0.08793486 0.04046713 0.22047291
v -0.08797123 0.03971004 0.22001890
v -0.08798682 0.03929218 0.21999007
v -0.08793794 0.04038873 0.22048314
v -0.08794652 0.04024266 0.22031014
v -0.08793825 0.04036606 0.22051559
v -0.08793889 0.04036523 0.22048132
v -0.08794600 0.04026191 0.22029775
v -0.08793884 0.04036496 0.22048508
v -0.08781240 0.04030305 0.22571255
v -0.08783911 0.04135232 0.22304656
v -0.08268908 0.05303310 0.14045546
v -0.08781279 0.04342966 0.21939824
v -0.08782128 0.04325821 0.21913232
v -0.08781856 0.04305271 0.21843054
v -0.08780971 0.04263498 0.21786422
v -0.08779520 0.04369772 0.21988597
v -0.08780352 0.04358634 0.21963704
v -0.08779419 0.04370544 0.21992847
v -0.08765654 0.04366305 0.22634989
v -0.08778437 0.04318633 0.22195536
v -0.08768762 0.04409987 0.22450242
v -0.08764255 0.04646332 0.22136681
v -0.08760138 0.04550794 0.22526977
v -0.08268127 0.05319547 0.14046572
v -0.08764595 0.04705662 0.21864675
v -0.08260994 0.05445917 0.14047580
v -0.08757800 0.04826100 0.21864775
v -0.08243716 0.05692513 0.14048877
v -0.08735110 0.05172149 0.21860986
v -0.08719054 0.05196813 0.22672693
v -0.08736303 0.05112041 0.22163437
v -0.08720824 0.05332437 0.22162984
v -0.08721580 0.05262972 0.22431198
v -0.08792266 0.03836066 0.22437046
v -0.08807629 0.03582881 0.22120635
v -0.08804538 0.03534409 0.22322477
v -0.08799843 0.03833469 0.22114978
v -0.08800516 0.03814307 0.22115093
v -0.08803402 0.03726572 0.22117785
v -0.08794853 0.03941446 0.22173177
v -0.08795130 0.03936370 0.22168799
v -0.08785168 0.04034402 0.22425029
v -0.08749127 0.04609211 0.22792858
v -0.08729162 0.04920941 0.22879501
v -0.08760814 0.04705442 0.22154887
v -0.08756647 0.04610015 0.22546504
v -0.08759783 0.04653035 0.22361144
v -0.08760411 0.04712992 0.22154879
v -0.08753968 0.04826607 0.22154941
v -0.08736647 0.04921341 0.22634900
v -0.08748587 0.04712830 0.22631664
v -0.08744205 0.04996401 0.22155791
v -0.08727104 0.05087726 0.22636314
v -0.08729370 0.05148736 0.22424276
v -0.08729563 0.05158278 0.22386805
v -0.08746853 0.04876494 0.22382860
v -0.08716938 0.05084187 0.22962744
v -0.08728896 0.04876011 0.22958589
v -0.08626174 0.06102519 0.23213584
v -0.08627788 0.06156325 0.23018232
v -0.08628130 0.06220837 0.22771200
v -0.08625954 0.06282808 0.22559350
v -0.08623703 0.06322253 0.22420198
v -0.08622973 0.06337282 0.22345225
v -0.08622482 0.06344924 0.22309789
v -0.08622184 0.06349225 0.22290542
v -0.08621783 0.06353909 0.22274946
v -0.08620189 0.06366991 0.22276124
v -0.08620838 0.06363208 0.22258610
v -0.08619707 0.06371002 0.22274926
v -0.08619711 0.06371209 0.22272515
v -0.08619981 0.06371014 0.22250680
v -0.08619248 0.06373705 0.22284336
v -0.08618915 0.06378026 0.22268476
v -0.08618721 0.06382346 0.22239649
v -0.08618330 0.06381701 0.22278001
v -0.08616894 0.06398437 0.22226151
v -0.08616744 0.06395089 0.22271097
v -0.08614309 0.06420619 0.22211779
v -0.08615541 0.06404961 0.22268122
v -0.08611419 0.06444857 0.22200637
v -0.08615363 0.06404440 0.22285531
v -0.08615110 0.06408434 0.22267658
v -0.08609823 0.06458033 0.22195965
v -0.08613521 0.06419133 0.22284257
v -0.08607542 0.06476457 0.22192625
v -0.08610982 0.06431323 0.22342397
v -0.08610742 0.06440625 0.22286668
v -0.08603064 0.06511937 0.22191063
v -0.08577431 0.06699292 0.22191144
v -0.08544859 0.06927748 0.22179809
v -0.08533683 0.07000113 0.22178315
v -0.08528497 0.07032506 0.22179333
v -0.08522125 0.07071641 0.22186590
v -0.08517300 0.07100652 0.22201557
v -0.08514160 0.07119046 0.22222152
v -0.08516867 0.07102351 0.22235158
v -0.08515193 0.07112284 0.22243530
v -0.08513108 0.07124535 0.22254533
v -0.08520559 0.07079175 0.22252814
v -0.08517756 0.07096184 0.22259035
v -0.08513881 0.07118550 0.22298625
v -0.08582907 0.06487928 0.23149351
v -0.08583605 0.06519138 0.23031138
v -0.08582659 0.06558245 0.22896457
v -0.08580407 0.06607666 0.22716150
v -0.08579425 0.06629477 0.22633144
v -0.08567136 0.06743385 0.22489705
v -0.08544596 0.06906704 0.22482572
v -0.08534539 0.06914850 0.22969282
v -0.08538386 0.06962491 0.22314827
v -0.08528858 0.07024885 0.22309266
v -0.08526480 0.07040001 0.22307696
v -0.08525870 0.07022299 0.22608486
v -0.08521480 0.07072988 0.22267052
v -0.08524796 0.07052372 0.22266232
v -0.08517556 0.07092237 0.22394430
v -0.08520881 0.07077071 0.22256459
v -0.08514900 0.07111461 0.22326885
v -0.08515464 0.07107505 0.22340738
v -0.08579369 0.06393487 0.23496910
v -0.08580959 0.06415923 0.23411551
v -0.08581870 0.06439967 0.23328606
v -0.08539018 0.06791110 0.23340448
v -0.08534359 0.06731940 0.23618929
v -0.07928047 0.08632321 0.23859326
v -0.07928891 0.08676051 0.23682980
v -0.08348055 0.07749682 0.23595755
v -0.07927105 0.08701362 0.23589336
v -0.08338802 0.07839203 0.23347610
v -0.07923623 0.08728734 0.23493783
v -0.08343374 0.07861139 0.23170811
v -0.07917478 0.08761371 0.23389095
v -0.08332477 0.07925249 0.22991543
v -0.07904099 0.08819508 0.23200236
v -0.08318394 0.08004234 0.22713368
v -0.07893720 0.08856993 0.23081617
v -0.08297593 0.08096309 0.22417635
v -0.07892670 0.08859503 0.23078747
v -0.08271737 0.08175870 0.22317197
v -0.07890996 0.08863614 0.23073129
v -0.08342695 0.07960070 0.22252227
v -0.08271243 0.08177523 0.22313250
v -0.07885207 0.08877684 0.23052791
v -0.08286437 0.08139388 0.22285460
v -0.07876474 0.08899465 0.23008693
v -0.07798241 0.09050955 0.22994809
v -0.08280079 0.08160133 0.22236575
v -0.07866823 0.08954585 0.22328517
v -0.07786904 0.09074721 0.22960943
v -0.08272764 0.08182878 0.22184254
v -0.07863268 0.08962316 0.22285652
v -0.07823690 0.09025669 0.21645413
v -0.08265088 0.08204326 0.22137262
v -0.07828285 0.09016163 0.21612663
v -0.07883395 0.08710267 0.18216142
v -0.07731970 0.09020648 0.18220695
v -0.07760805 0.09044063 0.19362862
v -0.08265001 0.08204129 0.22062446
v -0.07902961 0.08667292 0.18206062
v -0.07867158 0.08639003 0.17074814
v -0.08344658 0.07951198 0.22073495
v -0.08287585 0.08141616 0.22023578
v -0.07884318 0.08596131 0.17061363
v -0.08301114 0.08100716 0.22005627
v -0.07908287 0.08531634 0.17047727
v -0.08346565 0.07943391 0.22076648
v -0.08345905 0.07945812 0.22057644
v -0.08346060 0.07944804 0.22035014
v -0.08312604 0.08063361 0.21986186
v -0.07920973 0.08493201 0.17030997
v -0.07862716 0.08368454 0.15005425
v -0.08348992 0.07933292 0.22073272
v -0.08348189 0.07936472 0.22063458
v -0.08323911 0.08023761 0.21962910
v -0.07878833 0.08314330 0.14989314
v -0.08353696 0.07913905 0.22091225
v -0.08351596 0.07922257 0.22060358
v -0.08336044 0.07978285 0.21934656
v -0.07888767 0.08278327 0.14978274
v -0.08356223 0.07903164 0.22082147
v -0.08345848 0.07939535 0.21911176
v -0.07891722 0.08267474 0.14976236
v -0.07969057 0.07989897 0.14973546
v -0.08357949 0.07895978 0.22091097
v -0.08357059 0.07899620 0.22080999
v -0.08350734 0.07919718 0.21900062
v -0.07977346 0.07957212 0.14963409
v -0.08356945 0.07894044 0.21888575
v -0.07985389 0.07924850 0.14957512
v -0.08365817 0.07856653 0.21872285
v -0.07995075 0.07884049 0.14950810
v -0.08375595 0.07814637 0.21859861
v -0.08005641 0.07837696 0.14946364
v -0.08388752 0.07756988 0.21850178
v -0.08017212 0.07784732 0.14943817
v -0.08405209 0.07682882 0.21846996
v -0.08023384 0.07755573 0.14943345
v -0.08419310 0.07617383 0.21844375
v -0.08024888 0.07748349 0.14943205
v -0.08424851 0.07591141 0.21844278
v -0.08196673 0.06689760 0.14935434
v -0.08624835 0.06338406 0.22081474
v -0.08624237 0.06343823 0.22076943
v -0.08623184 0.06353206 0.22069452
v -0.08621902 0.06364354 0.22062113
v -0.08619987 0.06380605 0.22053565
v -0.08618556 0.06392465 0.22049026
v -0.08617914 0.06397734 0.22047177
v -0.08616054 0.06412730 0.22044231
v -0.08180940 0.06816311 0.14936198
v -0.08602410 0.06522028 0.22044443
v -0.08598808 0.06550240 0.22045001
v -0.08611986 0.06443887 0.21849568
v -0.08172246 0.06881246 0.14936750
v -0.08150961 0.07032317 0.14938542
v -0.08590771 0.06609888 0.22047283
v -0.08568437 0.06771071 0.22041646
v -0.08589643 0.06618643 0.21850822
v -0.08125887 0.07200192 0.14939096
v -0.08544766 0.06929729 0.22036059
v -0.08535330 0.06991185 0.22037813
v -0.08528737 0.07032386 0.22039323
v -0.08532585 0.07008525 0.22038040
v -0.08525362 0.07052863 0.22044977
v -0.08557403 0.06839843 0.21845771
v -0.08110162 0.07295153 0.14939970
v -0.08514429 0.07118606 0.22044679
v -0.08511960 0.07133203 0.22054238
v -0.08510136 0.07143700 0.22066305
v -0.08520421 0.07078810 0.21846552
v -0.08083716 0.07439795 0.14940017
v -0.08041996 0.07663354 0.14942350
v -0.08481400 0.07298736 0.21845150
v -0.08028855 0.07729115 0.14942968
v -0.08428509 0.07573557 0.21844369
v -0.08442784 0.07503200 0.21845069
v -0.08209417 0.06577778 0.14934378
v -0.08208540 0.06585890 0.14934721
v -0.08636263 0.06237527 0.22099198
v -0.08635582 0.06244320 0.22086862
v -0.08635176 0.06248155 0.22082020
v -0.08649553 0.06126951 0.21853772
v -0.08208036 0.06590507 0.14935042
v -0.08635128 0.06248583 0.22081868
v -0.08637966 0.06228090 0.21852273
v -0.08648227 0.06138554 0.21852533
v -0.08211037 0.06562756 0.14934129
v -0.08651179 0.06112158 0.21853966
v -0.08215290 0.06522634 0.14934873
v -0.08656212 0.06065675 0.21855718
v -0.08215272 0.05999560 0.14051438
v -0.08217098 0.06504781 0.14935321
v -0.08687683 0.05708680 0.21791875
v -0.08661303 0.06018100 0.21858474
v -0.08691326 0.05685543 0.21820294
v -0.08665439 0.05978442 0.21864357
v -0.08693624 0.05675008 0.21856582
v -0.08669371 0.05944445 0.21895501
v -0.08695338 0.05662425 0.21880222
v -0.08671739 0.05921862 0.21911765
v -0.08697635 0.05641434 0.21906838
v -0.08675067 0.05888633 0.21934580
v -0.08699728 0.05620079 0.21930895
v -0.08679117 0.05846613 0.21963654
v -0.08700734 0.05609233 0.21944430
v -0.08682069 0.05815014 0.21987599
v -0.08701568 0.05599898 0.21955892
v -0.08683813 0.05795721 0.22004515
v -0.08702694 0.05586830 0.21971694
v -0.08685718 0.05773980 0.22026193
v -0.08703239 0.05580233 0.21981006
v -0.08687326 0.05755193 0.22046525
v -0.08704113 0.05569306 0.21996610
v -0.08688647 0.05739043 0.22066899
v -0.08705087 0.05556251 0.22018043
v -0.08690413 0.05716304 0.22100195
v -0.08705245 0.05554074 0.22021612
v -0.08691438 0.05702593 0.22122101
v -0.08705781 0.05546177 0.22036555
v -0.08691968 0.05694767 0.22137507
v -0.08706565 0.05532916 0.22066939
v -0.08693105 0.05676186 0.22180015
v -0.08707000 0.05524756 0.22086080
v -0.08694040 0.05658674 0.22226329
v -0.08707535 0.05513698 0.22112043
v -0.08708379 0.05453734 0.22346780
v -0.08694550 0.05645816 0.22267546
v -0.08708514 0.05393477 0.22563115
v -0.08708289 0.05407234 0.22529638
v -0.08694872 0.05589854 0.22477750
v -0.08704732 0.05303476 0.22898615
v -0.08707391 0.05357279 0.22689007
v -0.08693847 0.05503635 0.22791029
v -0.08703506 0.05286013 0.22966917
v -0.08691286 0.05454113 0.22982719
v -0.08514682 0.06837721 0.23706673
v -0.08515695 0.06865232 0.23617928
v -0.08434403 0.07336344 0.23709263
v -0.08480097 0.07069908 0.23702248
v -0.08632953 0.06229092 0.22493812
v -0.08631172 0.06258314 0.22411443
v -0.08629653 0.06278490 0.22353887
v -0.08629357 0.06283133 0.22332732
v -0.08629067 0.06287200 0.22314680
v -0.08629151 0.06286808 0.22310159
v -0.08643059 0.06175478 0.22127628
v -0.08642339 0.06182047 0.22126805
v -0.08644402 0.06163184 0.22128344
v -0.08648033 0.06129403 0.22130928
v -0.08649343 0.06116929 0.22133188
v -0.08651890 0.06092336 0.22138314
v -0.08649204 0.06072972 0.22500284
v -0.08667606 0.05942183 0.22140114
v -0.08668696 0.05931516 0.22142672
v -0.08670073 0.05917876 0.22146575
v -0.08672294 0.05895358 0.22155621
v -0.08674468 0.05872557 0.22168315
v -0.08675564 0.05860745 0.22176189
v -0.08676478 0.05850660 0.22183944
v -0.08677680 0.05836948 0.22196678
v -0.08678283 0.05829897 0.22203740
v -0.08679205 0.05818671 0.22217136
v -0.08680200 0.05805623 0.22236769
v -0.08680350 0.05803669 0.22239422
v -0.08680855 0.05796322 0.22253346
v -0.08681539 0.05784469 0.22282682
v -0.08681817 0.05778320 0.22301399
v -0.08682044 0.05770555 0.22330121
v -0.08652272 0.06067942 0.22349609
v -0.08502106 0.07188056 0.22276049
v -0.08502346 0.07186101 0.22298991
v -0.08503148 0.07180397 0.22325865
v -0.08504632 0.07168375 0.22386887
v -0.08503533 0.07177345 0.22342958
v -0.08503253 0.07179574 0.22330572
v -0.08498472 0.07210257 0.22107009
v -0.08472498 0.07351802 0.22107554
v -0.08396246 0.07727323 0.22396924
v -0.08408859 0.07670574 0.22103659
v -0.08417459 0.07631016 0.22101320
v -0.08422995 0.07604892 0.22101022
v -0.08424410 0.07598134 0.22101217
v -0.08440758 0.07517363 0.22106029
v -0.08428402 0.07578865 0.22102046
v -0.08457193 0.07428831 0.22322901
v -0.08377226 0.07813645 0.22247861
v -0.08367911 0.07854203 0.22135885
v -0.08366417 0.07860512 0.22129840
v -0.08370576 0.07841065 0.21984725
v -0.08374281 0.07825166 0.21973810
v -0.08377871 0.07809635 0.21966838
v -0.08383723 0.07784030 0.21960631
v -0.08391269 0.07750419 0.21960397
v -0.08401588 0.07704234 0.22169422
v -0.08407755 0.07586699 0.23307052
v -0.08406851 0.07607769 0.23221185
v -0.08417119 0.07586930 0.22990329
v -0.08411724 0.07626736 0.22905252
v -0.08404192 0.07673531 0.22802042
v -0.08395163 0.07723258 0.22620471
v -0.08455518 0.07427051 0.22547001
v -0.08421933 0.07601699 0.22542973
v -0.08505179 0.07057805 0.23196125
v -0.08502874 0.07106568 0.23016931
v -0.08440998 0.07363233 0.23481580
v -0.08440650 0.07409199 0.23315070
v -0.08487013 0.07093498 0.23478784
v -0.08467714 0.07213984 0.23481067
v -0.08441531 0.07420113 0.23239516
v -0.08532417 0.06881545 0.23207637
v -0.08531766 0.06829358 0.23394336
v -0.08511854 0.06935421 0.23480970
v -0.08501528 0.07067706 0.23256627
v -0.08508664 0.07110699 0.22786940
v -0.08503275 0.07161356 0.22608154
v -0.08445456 0.07436409 0.22992014
v -0.08486996 0.07259429 0.22550967
v -0.08447542 0.07422477 0.23012156
v -0.08453175 0.07425141 0.22779685
v -0.08479645 0.07248883 0.23015238
v -0.08644565 0.06001096 0.22974221
v -0.08644932 0.06037405 0.22852062
v -0.08644664 0.06070070 0.22721915
v -0.08677456 0.05767754 0.22551689
v -0.08677643 0.05717103 0.22737493
v -0.08676156 0.05683440 0.22870149
v -0.08664643 0.05901298 0.22582860
v -0.08635269 0.05980809 0.23277718
v -0.08636880 0.05997551 0.23196648
v -0.08668305 0.05681772 0.23091759
v -0.08667317 0.05662673 0.23157484
v -0.08652536 0.05888398 0.23041887
v -0.08609017 -0.06297684 0.23016530
v -0.07976048 -0.08527014 0.19800503
v -0.08412788 -0.07576337 0.23003730
v -0.08459480 -0.07336402 0.23003813
v -0.08502709 -0.07082152 0.23006221
v -0.08572074 -0.06601702 0.23015381
v -0.08538691 -0.06850387 0.23010619
v -0.07964877 -0.08450142 0.18504051
v -0.08000488 -0.08462264 0.19690314
v -0.07950487 -0.08490232 0.18557852
v -0.08346047 -0.07865113 0.22835449
v -0.08361751 -0.07811676 0.22673060
v -0.08651644 -0.06031781 0.22454525
v -0.08654119 -0.06017243 0.22393692
v -0.08656763 -0.06000879 0.22327328
v -0.08659362 -0.05983963 0.22260819
v -0.08649540 -0.06042697 0.22510489
v -0.08648460 -0.06047722 0.22541033
v -0.08644637 -0.06070855 0.22611991
v -0.08647345 -0.06055849 0.22554944
v -0.08646608 -0.06057630 0.22582866
v -0.08649017 -0.06040427 0.22550162
v -0.08648555 -0.06042910 0.22560602
v -0.08643179 -0.06081231 0.22629850
v -0.08641116 -0.06099862 0.22634061
v -0.08642060 -0.06093423 0.22620869
v -0.08641419 -0.06094846 0.22645191
v -0.08641076 -0.06101557 0.22626354
v -0.08641839 -0.06097077 0.22611380
v -0.08638967 -0.06114598 0.22662204
v -0.08640730 -0.06107967 0.22607091
v -0.08640273 -0.06110424 0.22617550
v -0.08636141 -0.06139085 0.22672167
v -0.08639580 -0.06118148 0.22609251
v -0.08633349 -0.06163346 0.22680598
v -0.08638594 -0.06131639 0.22579376
v -0.08637699 -0.06135732 0.22606236
v -0.08637618 -0.06135745 0.22610841
v -0.08630131 -0.06192115 0.22684537
v -0.08623680 -0.06249982 0.22685120
v -0.08604927 -0.06375318 0.22851408
v -0.08617290 -0.06306236 0.22686734
v -0.08603084 -0.06391360 0.22850298
v -0.08613789 -0.06336501 0.22686732
v -0.08561602 -0.06717285 0.22844977
v -0.08592675 -0.06507508 0.22674889
v -0.08560195 -0.06754376 0.22677484
v -0.08525847 -0.06963295 0.22842100
v -0.08537539 -0.06910947 0.22671160
v -0.08497610 -0.07138262 0.22843331
v -0.08519355 -0.07003961 0.22843280
v -0.08520567 -0.07020531 0.22676153
v -0.08495007 -0.07174437 0.22665321
v -0.08453338 -0.07390249 0.22834190
v -0.08438201 -0.07482586 0.22659758
v -0.08470783 -0.07313942 0.22669059
v -0.07992955 -0.08354175 0.18277389
v -0.08387374 -0.07711358 0.22393732
v -0.08452351 -0.07419881 0.22435496
v -0.08503406 -0.07137450 0.22441045
v -0.08485023 -0.07245118 0.22439115
v -0.08477910 -0.07284469 0.22435428
v -0.08466087 -0.07353969 0.22208662
v -0.08526880 -0.06995467 0.22442362
v -0.08518460 -0.07048405 0.22441929
v -0.08508673 -0.07118393 0.22211857
v -0.08572217 -0.06689097 0.22448735
v -0.08559332 -0.06780744 0.22445854
v -0.08548907 -0.06850126 0.22442538
v -0.08548248 -0.06868199 0.22216923
v -0.08602019 -0.06458435 0.22452187
v -0.08582616 -0.06612550 0.22450866
v -0.08581753 -0.06639223 0.22221009
v -0.08642407 -0.06128179 0.22358012
v -0.08643845 -0.06119166 0.22328673
v -0.08645367 -0.06109391 0.22295786
v -0.08646846 -0.06099836 0.22259890
v -0.08648100 -0.06091826 0.22223410
v -0.08631677 -0.06210373 0.22456605
v -0.08627344 -0.06249032 0.22456278
v -0.08625153 -0.06268225 0.22455337
v -0.08622888 -0.06287871 0.22453097
v -0.08613509 -0.06388366 0.22223752
v -0.08010447 -0.08287446 0.18120406
v -0.07974352 -0.08248931 0.16986322
v -0.08052446 -0.07409558 0.14350073
v -0.08004922 -0.07812733 0.14948747
v -0.08414890 -0.07590618 0.22011660
v -0.08473391 -0.07316022 0.22052250
v -0.07888613 -0.08852484 0.22393927
v -0.07873198 -0.08896772 0.23032291
v -0.07731627 -0.09115225 0.23779797
v -0.07748182 -0.08896803 0.24509062
v -0.08322000 -0.07852582 0.23723078
v -0.08365958 -0.07652232 0.23720476
v -0.08415234 -0.07409192 0.23714019
v -0.08460598 -0.07153111 0.23710205
v -0.08498755 -0.06917552 0.23703704
v -0.08532930 -0.06672317 0.23700922
v -0.08721106 -0.05278354 0.22292119
v -0.08715753 -0.05312643 0.22420588
v -0.08690820 -0.05438931 0.22942668
v -0.08706894 -0.05364841 0.22627262
v -0.08721609 -0.05275001 0.22278451
v -0.08723072 -0.05265561 0.22235538
v -0.08724415 -0.05257308 0.22193276
v -0.08725141 -0.05254115 0.22162944
v -0.08725820 -0.05253463 0.22122078
v -0.08725994 -0.05255835 0.22098671
v -0.08725964 -0.05258951 0.22084491
v -0.08725859 -0.05263645 0.22066802
v -0.08725489 -0.05272514 0.22044335
v -0.08724623 -0.05289052 0.22013303
v -0.08723496 -0.05307678 0.21987261
v -0.08722714 -0.05319749 0.21973110
v -0.08721486 -0.05337352 0.21956978
v -0.08719523 -0.05364422 0.21933566
v -0.08232232 -0.05786181 0.13980954
v -0.08716974 -0.05396801 0.21907177
v -0.08229993 -0.05814343 0.13977788
v -0.08712967 -0.05440755 0.21865726
v -0.08229255 -0.05823966 0.13977886
v -0.08710541 -0.05470528 0.21862566
v -0.08228193 -0.05837018 0.13977621
v -0.08709532 -0.05482687 0.21862239
v -0.08225057 -0.05873717 0.13976801
v -0.08706037 -0.05523592 0.21861525
v -0.08223531 -0.05891159 0.13977018
v -0.08223662 -0.05889655 0.13976968
v -0.08702154 -0.05568351 0.21861162
v -0.08698241 -0.05580910 0.21789840
v -0.08222761 -0.05899773 0.13977055
v -0.08223395 -0.05892667 0.13977017
v -0.08698073 -0.05582784 0.21789837
v -0.08701100 -0.05583146 0.21931255
v -0.08700160 -0.05590553 0.21860454
v -0.08191166 -0.06210438 0.13977340
v -0.08192555 -0.06697092 0.14935766
v -0.08649985 -0.06083638 0.22066924
v -0.08636823 -0.06204855 0.22065794
v -0.08207131 -0.06062647 0.13977557
v -0.08665878 -0.05936509 0.22069203
v -0.08654833 -0.06042289 0.21852226
v -0.08210279 -0.06031386 0.13977285
v -0.08669013 -0.05905271 0.22073105
v -0.08673459 -0.05868791 0.21854396
v -0.08220087 -0.05929246 0.13977244
v -0.08678341 -0.05808223 0.22075404
v -0.08697291 -0.05621975 0.21859562
v -0.08685305 -0.05747407 0.21856584
v -0.08170963 -0.06874401 0.14937172
v -0.08595300 -0.06544260 0.22062640
v -0.08616625 -0.06370318 0.22064669
v -0.08617914 -0.06361916 0.21851748
v -0.08159847 -0.06957151 0.14938437
v -0.08575468 -0.06690303 0.22059379
v -0.08585838 -0.06614555 0.22061267
v -0.08588467 -0.06595116 0.21850442
v -0.08066716 -0.07333861 0.14350237
v -0.08108857 -0.07277228 0.14939741
v -0.08489717 -0.07229065 0.22050898
v -0.08470327 -0.07329331 0.21846587
v -0.08135700 -0.07119001 0.14939350
v -0.08514177 -0.07085959 0.22050458
v -0.08530350 -0.06990012 0.22055374
v -0.08554226 -0.06832823 0.22058389
v -0.08557789 -0.06807029 0.21848858
v -0.08510897 -0.07100207 0.21845439
v -0.07915643 -0.08793335 0.22226809
v -0.07946326 -0.08601272 0.19976243
v -0.08309792 -0.07973931 0.23126818
v -0.08265637 -0.08087487 0.23480708
v -0.08343281 -0.07802667 0.23542715
v -0.08479846 -0.07185085 0.23188369
v -0.08504178 -0.07034706 0.23189848
v -0.08458498 -0.07219107 0.23544233
v -0.08483186 -0.07071624 0.23543390
v -0.08598826 -0.06297112 0.23296052
v -0.08602322 -0.06324368 0.23121526
v -0.08617774 -0.06186080 0.23122657
v -0.08598915 -0.06296942 0.23294249
v -0.08610380 -0.06219308 0.23227084
v -0.08598674 -0.06297448 0.23299003
v -0.08610089 -0.06220385 0.23231436
v -0.08609283 -0.06223422 0.23243243
v -0.08607514 -0.06230474 0.23267702
v -0.08604584 -0.06247282 0.23293786
v -0.08605706 -0.06237392 0.23293114
v -0.08604503 -0.06242812 0.23307630
v -0.08589317 -0.06353168 0.23375178
v -0.08599911 -0.06287016 0.23297879
v -0.08599367 -0.06288750 0.23306727
v -0.08600589 -0.06278789 0.23304489
v -0.08591928 -0.06331721 0.23370911
v -0.08601228 -0.06270099 0.23313257
v -0.08602357 -0.06265301 0.23298521
v -0.08595087 -0.06307157 0.23361556
v -0.08602358 -0.06262057 0.23307725
v -0.08601084 -0.06268744 0.23320731
v -0.08598165 -0.06284308 0.23349163
v -0.08603416 -0.06248940 0.23317455
v -0.08601096 -0.06264144 0.23332703
v -0.08584598 -0.06452709 0.23196218
v -0.08564310 -0.06493091 0.23544729
v -0.08590155 -0.06405369 0.23196323
v -0.08587052 -0.06372275 0.23377186
v -0.08598008 -0.06304818 0.23294316
v -0.08580661 -0.06426474 0.23378538
v -0.08526047 -0.06892448 0.23192354
v -0.08538937 -0.06803520 0.23192991
v -0.08505454 -0.06928374 0.23541250
v -0.08519311 -0.06834739 0.23543090
v -0.08503837 -0.06991441 0.23374872
v -0.08578912 -0.06500190 0.23192724
v -0.08558384 -0.06658681 0.23193035
v -0.08538889 -0.06688723 0.23544367
v -0.08558423 -0.06540711 0.23545331
v -0.08546240 -0.06696458 0.23377705
v -0.08580817 -0.06484174 0.23195055
v -0.08560817 -0.06521866 0.23544531
v -0.08571796 -0.06500929 0.23378513
v -0.08567188 -0.06538822 0.23377894
v -0.08385838 -0.07679123 0.23183471
v -0.08413123 -0.07545473 0.23185325
v -0.08362117 -0.07716314 0.23545026
v -0.08390093 -0.07584219 0.23543430
v -0.08366900 -0.07735273 0.23372127
v -0.08438977 -0.07414169 0.23187252
v -0.08458357 -0.07307903 0.23188406
v -0.08416290 -0.07452187 0.23542363
v -0.08436873 -0.07342695 0.23543073
v -0.08459690 -0.07260873 0.23374280
v -0.08411821 -0.07517573 0.23372250
v -0.08533628 -0.06905501 0.22896206
v -0.08546111 -0.06819637 0.22896836
v -0.08557053 -0.06767518 0.22739640
v -0.08544648 -0.06856272 0.22734224
v -0.08533393 -0.06930642 0.22735813
v -0.08463183 -0.07330453 0.22888703
v -0.08482095 -0.07225853 0.22891665
v -0.08500072 -0.07139423 0.22730338
v -0.08480691 -0.07253370 0.22725741
v -0.08474303 -0.07287868 0.22733286
v -0.08618951 -0.06165873 0.23145005
v -0.08611143 -0.06204051 0.23248317
v -0.08612035 -0.06196929 0.23244540
v -0.08610870 -0.06205476 0.23251315
v -0.08608893 -0.06213660 0.23277808
v -0.08610112 -0.06208913 0.23260875
v -0.08607883 -0.06215090 0.23297186
v -0.08608190 -0.06215492 0.23289500
v -0.08633826 -0.06014682 0.23143620
v -0.08660805 -0.05683343 0.23218158
v -0.08626952 -0.06034935 0.23269699
v -0.08590098 -0.06487821 0.22905553
v -0.08569050 -0.06650894 0.22904086
v -0.08599535 -0.06444809 0.22738688
v -0.08580057 -0.06599717 0.22737220
v -0.08403206 -0.07637157 0.22889799
v -0.08429574 -0.07508268 0.22886938
v -0.08415944 -0.07592420 0.22715697
v -0.08410115 -0.07616065 0.22776799
v -0.08442171 -0.07459212 0.22719960
v -0.08609923 -0.06318914 0.22908317
v -0.08625131 -0.06182743 0.22910428
v -0.08633875 -0.06145127 0.22735994
v -0.08632586 -0.06156820 0.22739436
v -0.08630593 -0.06174857 0.22743225
v -0.08629159 -0.06187884 0.22744772
v -0.08626749 -0.06209575 0.22746571
v -0.08622030 -0.06251172 0.22748826
v -0.08619835 -0.06269681 0.22751515
v -0.08641648 -0.06017862 0.22917322
v -0.08651203 -0.05978617 0.22717368
v -0.08652515 -0.05969020 0.22702031
v -0.08653668 -0.05961037 0.22685171
v -0.08650595 -0.05983251 0.22723240
v -0.08649061 -0.05995145 0.22736253
v -0.08668940 -0.05682894 0.22993476
v -0.08684812 -0.05613013 0.22671798
v -0.08681270 -0.05628531 0.22761265
v -0.08651165 -0.05871176 0.23042412
v -0.08642368 -0.06041355 0.22809117
v -0.08659785 -0.05955933 0.22423261
v -0.08660740 -0.05951917 0.22391986
v -0.08661904 -0.05945688 0.22358211
v -0.08663297 -0.05936950 0.22322108
v -0.08664936 -0.05924931 0.22287531
v -0.08658918 -0.05959214 0.22451112
v -0.08658926 -0.05957947 0.22456640
v -0.08658566 -0.05959119 0.22468173
v -0.08658930 -0.05957217 0.22459738
v -0.08689603 -0.05613156 0.22451062
v -0.08686585 -0.05712109 0.22142327
v -0.08685531 -0.05724134 0.22141325
v -0.08684666 -0.05734004 0.22139751
v -0.08685294 -0.05726883 0.22140664
v -0.08682025 -0.05763433 0.22136054
v -0.08664421 -0.05871605 0.22581875
v -0.08718379 -0.05334152 0.22199800
v -0.08717843 -0.05339643 0.22205360
v -0.08712400 -0.05376058 0.22327380
v -0.08718843 -0.05330610 0.22189133
v -0.08719987 -0.05322898 0.22156795
v -0.08720323 -0.05320710 0.22146476
v -0.08720783 -0.05318922 0.22126024
v -0.08720991 -0.05320086 0.22106395
v -0.08721005 -0.05320657 0.22102585
v -0.08720978 -0.05322982 0.22092144
v -0.08720905 -0.05325288 0.22084855
v -0.08720577 -0.05332253 0.22069719
v -0.08719957 -0.05342725 0.22054953
v -0.08719320 -0.05352388 0.22045301
v -0.08719020 -0.05356675 0.22042135
v -0.08717898 -0.05372242 0.22032108
v -0.08716796 -0.05386697 0.22026161
v -0.08715059 -0.05408539 0.22020651
v -0.08713080 -0.05432422 0.22017937
v -0.08712729 -0.05436475 0.22018435
v -0.08711939 -0.05445572 0.22019136
v -0.08709229 -0.05476525 0.22019838
v -0.08692511 -0.05629404 0.22235418
v -0.08814049 0.03057127 0.22443276
v -0.08821667 0.03164332 0.22025307
v -0.08818667 0.03111168 0.22228657
v -0.08819919 0.02936750 0.22319060
v -0.08823124 0.03182361 0.21909955
v -0.08825549 0.03013931 0.22022448
v -0.08828307 0.02885396 0.22024472
v -0.08829644 0.02906500 0.21918856
v -0.08833239 0.02733969 0.21926439
v -0.08834221 0.02683676 0.21926767
v -0.08834507 0.02668166 0.21927347
v -0.08835142 0.02631819 0.21930266
v -0.08835894 0.02584672 0.21937193
v -0.08836391 0.02548897 0.21945533
v -0.08836629 0.02529001 0.21951921
v -0.08836864 0.02503866 0.21962788
v -0.08837068 0.02478947 0.21974834
v -0.08837170 0.02454997 0.21990360
v -0.08837228 0.02430342 0.22008423
v -0.08837193 0.02414782 0.22022988
v -0.08837107 0.02398533 0.22040090
v -0.08836995 0.02385025 0.22055882
v -0.08836827 0.02372265 0.22073277
v -0.08836459 0.02354491 0.22102680
v -0.08836023 0.02338843 0.22132687
v -0.08825106 0.02604670 0.22360279
v -0.08835385 0.02325425 0.22168255
v -0.08824374 0.02594130 0.22395009
v -0.08834222 0.02308530 0.22225177
v -0.08829941 0.02262434 0.22394043
v -0.08825120 0.02710433 0.22284013
v -0.08829662 0.02762093 0.22074113
v -0.08833436 0.02659122 0.21992765
v -0.08834363 0.02612976 0.21991800
v -0.08834475 0.02608637 0.21990391
v -0.08834712 0.02596801 0.21989683
v -0.08835158 0.02572304 0.21990116
v -0.08835510 0.02550220 0.21992621
v -0.08835693 0.02536787 0.21995591
v -0.08835773 0.02530137 0.21997515
v -0.08835947 0.02511646 0.22005109
v -0.08835988 0.02505083 0.22008812
v -0.08836050 0.02487702 0.22020408
v -0.08836040 0.02480448 0.22026875
v -0.08836004 0.02472079 0.22035315
v -0.08835941 0.02464340 0.22044291
v -0.08835868 0.02458874 0.22051806
v -0.08835737 0.02452189 0.22062692
v -0.08835457 0.02442127 0.22082067
v -0.08835236 0.02438002 0.22094202
v -0.08834739 0.02430676 0.22119216
v -0.08235359 -0.01076397 0.12276139
v -0.08335424 -0.01113912 0.13724035
v -0.08329392 -0.02212945 0.13729755
v -0.08336045 0.02412799 0.13723164
v -0.08235319 0.01836716 0.12275524
v -0.08858897 0.00707652 0.21557987
v -0.08853580 0.00610208 0.21971504
v -0.08314491 0.03673385 0.13736282
v -0.08257396 0.03612271 0.12828035
v -0.08334238 0.02752217 0.13726876
v -0.08837332 0.02394844 0.21555546
v -0.08826545 0.02652481 0.21489612
v -0.08828215 0.02630954 0.21506675
v -0.08832122 0.02542585 0.21528932
v -0.08841661 0.02241088 0.21578652
v -0.08844583 0.02112568 0.21592964
v -0.08845555 0.02064257 0.21598886
v -0.08845646 0.02059681 0.21601035
v -0.08845883 0.02046977 0.21604003
v -0.08846339 0.02020606 0.21610261
v -0.08846691 0.01996642 0.21618226
v -0.08858081 0.01094327 0.21234496
v -0.08831438 0.01678059 0.22526767
v -0.08843311 0.00850553 0.22335016
v -0.08846575 0.01982813 0.21671520
v -0.08846745 0.01969080 0.21676480
v -0.08846813 0.01961540 0.21681362
v -0.08846974 0.01942140 0.21691672
v -0.08847005 0.01934755 0.21697477
v -0.08847065 0.01916661 0.21710349
v -0.08858965 0.01080745 0.21363815
v -0.08856843 0.01020465 0.21610392
v -0.08857008 0.01410453 0.21360002
v -0.08844589 0.01856376 0.21953784
v -0.08844573 0.01849158 0.21961064
v -0.08844524 0.01840605 0.21970902
v -0.08844453 0.01832563 0.21980993
v -0.08844375 0.01826685 0.21989390
v -0.08844245 0.01819233 0.22001219
v -0.08843969 0.01808034 0.22021587
v -0.08843778 0.01802679 0.22033529
v -0.08854323 0.01335104 0.21667904
v -0.08842638 0.01787709 0.22094952
v -0.08842156 0.01778607 0.22120873
v -0.08841345 0.01768842 0.22158226
v -0.08837747 0.01735646 0.22293179
v -0.08849815 0.00908001 0.22094137
v -0.08842704 0.01184576 0.22295537
v -0.08850503 0.01258208 0.21986044
v -0.08855996 0.00749155 0.21829129
v -0.08852858 0.00711082 0.21992429
v -0.08856143 0.01118972 0.21631262
v -0.08853548 0.01059317 0.21883174
v -0.08852272 0.01042440 0.21952810
v -0.08316434 -0.03912616 0.14037837
v -0.08845004 -0.00954162 0.21497284
v -0.08852482 -0.00592119 0.21548314
v -0.08839955 -0.02281413 0.21884315
v -0.08842168 -0.01836808 0.22111020
v -0.08856584 -0.00197750 0.21592702
v -0.08848827 -0.01533447 0.21915856
v -0.08845493 -0.01448670 0.22115081
v -0.08839312 -0.01502895 0.22345048
v -0.08845578 -0.01199657 0.22181570
v -0.08857995 0.00129614 0.21613436
v -0.08855753 0.00075079 0.21872230
v -0.08852587 0.00038521 0.22037341
v -0.08853481 -0.00821565 0.21930296
v -0.08838875 -0.00944931 0.22470243
v -0.08851056 0.00022957 0.22107201
v -0.08851755 -0.00837347 0.22014831
v -0.08845563 -0.00891720 0.22245236
v -0.08853226 -0.00512460 0.22010947
v -0.08844935 -0.00583291 0.22307963
v -0.08834453 -0.02375331 0.22119209
v -0.08839854 -0.02018864 0.22119095
v -0.08836880 -0.01931825 0.22289235
v -0.08694808 -0.05301071 0.23100222
v -0.08707080 -0.05245037 0.22874200
v -0.08719306 -0.05183417 0.22626434
v -0.08715333 -0.05204771 0.22713869
v -0.08718900 -0.05070996 0.22873476
v -0.08724321 -0.04977445 0.22876409
v -0.08732459 -0.04940564 0.22712945
v -0.08742473 -0.04762154 0.22713441
v -0.08802736 -0.03559074 0.22350689
v -0.08797988 -0.03592605 0.22486270
v -0.08795382 -0.03611232 0.22552989
v -0.08793218 -0.03626974 0.22604822
v -0.08794456 -0.03617559 0.22576030
v -0.08794177 -0.03619691 0.22582576
v -0.08789294 -0.03705960 0.22643775
v -0.08788304 -0.03710828 0.22669600
v -0.08789050 -0.03706033 0.22651404
v -0.08789233 -0.03705648 0.22646063
v -0.08752147 -0.04573289 0.22712907
v -0.08786595 -0.03784144 0.22643107
v -0.08787434 -0.03779964 0.22620486
v -0.08781413 -0.03868448 0.22715862
v -0.08767881 -0.04210828 0.22713902
v -0.08748584 -0.04762948 0.22483437
v -0.08753348 -0.04673708 0.22483865
v -0.08758532 -0.04568803 0.22482042
v -0.08796626 -0.03740915 0.22351778
v -0.08799802 -0.03717938 0.22257177
v -0.08794842 -0.03753695 0.22398310
v -0.08775389 -0.04187099 0.22484417
v -0.08785992 -0.03926998 0.22489323
v -0.08776630 -0.04285918 0.22256339
v -0.08745301 -0.04823799 0.22482646
v -0.08756071 -0.04736453 0.22253398
v -0.08733531 -0.05098007 0.22271361
v -0.08733364 -0.05098312 0.22278321
v -0.08728502 -0.05127057 0.22401693
v -0.08733916 -0.05095763 0.22259775
v -0.08734976 -0.05089489 0.22226101
v -0.08735301 -0.05087740 0.22214299
v -0.08735815 -0.05085583 0.22191730
v -0.08736406 -0.04976894 0.22480528
v -0.08741769 -0.04885188 0.22482243
v -0.08749342 -0.04856957 0.22252531
v -0.08263402 -0.05389094 0.14047425
v -0.08251773 -0.05506626 0.13975505
v -0.08740563 -0.05047453 0.22037385
v -0.08740724 -0.05049408 0.22017215
v -0.08740701 -0.05050824 0.22011910
v -0.08740648 -0.05053790 0.22000141
v -0.08740555 -0.05056716 0.21990927
v -0.08740231 -0.05064101 0.21972493
v -0.08739657 -0.05074430 0.21952917
v -0.08739084 -0.05083516 0.21938410
v -0.08738840 -0.05087147 0.21929641
v -0.08737762 -0.05101653 0.21908504
v -0.08736523 -0.05114492 0.21880201
v -0.08733577 -0.05134156 0.21827113
v -0.08754263 -0.04818325 0.22090713
v -0.08750503 -0.04883721 0.22088834
v -0.08266009 -0.05342581 0.14046838
v -0.08756597 -0.04777120 0.22090955
v -0.08757692 -0.04798539 0.21862993
v -0.08268333 -0.05299300 0.14046467
v -0.08762021 -0.04676996 0.22091512
v -0.08758790 -0.04736666 0.22091364
v -0.08762167 -0.04717989 0.21863233
v -0.08825597 -0.02514970 0.22372883
v -0.08808230 -0.03251338 0.22440865
v -0.08806501 -0.03261825 0.22487954
v -0.08827708 -0.02500299 0.22309863
v -0.08810367 -0.03236497 0.22376953
v -0.08813285 -0.03215284 0.22290350
v -0.08818848 -0.02906273 0.22377993
v -0.08827984 -0.02499013 0.22300708
v -0.08821178 -0.02888927 0.22308713
v -0.08829327 -0.02748471 0.22074549
v -0.08829526 -0.02489284 0.22247554
v -0.08822888 -0.02876777 0.22251257
v -0.08829908 -0.02749342 0.22048969
v -0.08825005 -0.02865418 0.22174482
v -0.08830365 -0.02755011 0.22022750
v -0.08826042 -0.02868626 0.22125334
v -0.08830673 -0.02764461 0.21997962
v -0.08826787 -0.02880408 0.22078251
v -0.08830794 -0.02778672 0.21975538
v -0.08827177 -0.02902246 0.22034938
v -0.08830733 -0.02796494 0.21956831
v -0.08827173 -0.02933243 0.21998816
v -0.08830539 -0.02817061 0.21939662
v -0.08826815 -0.02970920 0.21971332
v -0.08830237 -0.02839917 0.21916615
v -0.08826179 -0.03013669 0.21950405
v -0.08311605 -0.04134924 0.14041513
v -0.08828605 -0.02865969 0.21841418
v -0.08825330 -0.03061437 0.21929149
v -0.08310649 -0.04174786 0.14040829
v -0.08823429 -0.03124923 0.21865568
v -0.08310572 -0.04178769 0.14041204
v -0.08822423 -0.03166291 0.21865216
v -0.08310448 -0.04183699 0.14041248
v -0.08822274 -0.03172187 0.21865330
v -0.08309943 -0.04203603 0.14041449
v -0.08813568 -0.03374790 0.22102194
v -0.08821671 -0.03195599 0.21865608
v -0.08273247 -0.05202244 0.14045650
v -0.08766898 -0.04580408 0.22095651
v -0.08783737 -0.04198925 0.22099534
v -0.08768988 -0.04587403 0.21863226
v -0.08297664 -0.04588690 0.14043236
v -0.08284906 -0.04934574 0.14044454
v -0.08795227 -0.03937963 0.22097618
v -0.08785329 -0.04232350 0.21866310
v -0.08301484 -0.04484021 0.14042849
v -0.08805223 -0.03650808 0.22098056
v -0.08799281 -0.03828294 0.22097628
v -0.08800637 -0.03865468 0.21864349
v -0.08307826 -0.04282172 0.14042064
v -0.08811493 -0.03452291 0.22099437
v -0.08819145 -0.03289507 0.21866585
v -0.08810746 -0.03563476 0.21864406
v -0.08814133 -0.03282235 0.22193282
v -0.08821556 -0.02964794 0.22222079
v -0.08821841 -0.02960962 0.22214708
v -0.08823392 -0.02949353 0.22162825
v -0.08824044 -0.02947166 0.22136690
v -0.08824528 -0.02950023 0.22111721
v -0.08824836 -0.02958247 0.22088108
v -0.08824930 -0.02972166 0.22067527
v -0.08824814 -0.02990073 0.22052051
v -0.08824526 -0.03010755 0.22041522
v -0.08824090 -0.03033653 0.22035493
v -0.08823504 -0.03059609 0.22032881
v -0.08822552 -0.03097771 0.22032415
v -0.08822499 -0.03099486 0.22032867
v -0.08822363 -0.03104485 0.22033230
v -0.08821822 -0.03124122 0.22034638
v 0.09351777 0.03073284 0.30000000
v 0.09439000 0.02626197 0.30000000
v 0.09479343 0.02396787 0.30000000
v 0.09111321 0.04026927 0.30000000
v 0.09114553 0.04015920 0.30000000
v 0.07955565 -0.07815010 0.30000000
v 0.08893974 -0.04603259 0.30000000
v 0.09115785 -0.04011985 0.30000000
v 0.09002680 -0.04336359 0.30000000
v 0.09116832 -0.04008678 0.30000000
v 0.09450281 -0.02579317 0.30000000
v 0.09330291 -0.03196968 0.30000000
v 0.09578326 -0.01649074 0.30000000
v 0.09655118 -0.00474021 0.30000000
v 0.09645982 -0.00689865 0.30000000
v 0.09217632 0.03559761 0.30000000
v 0.09115939 0.03941247 0.30000000
v 0.09144218 0.03822360 0.30000000
v 0.09271474 0.03329569 0.30000000
v 0.09317326 0.03102464 0.30000000
v 0.09176202 0.03591267 0.30000000
v 0.09361825 0.02879867 0.30000000
v 0.09278727 0.03129592 0.30000000
v 0.09406607 0.02647047 0.30000000
v 0.09445227 0.02439801 0.30000000
v 0.09451448 0.02399972 0.30000000
v 0.09357463 0.02688606 0.30000000
v 0.09485086 0.02188932 0.30000000
v 0.09524764 0.01932926 0.30000000
v 0.09441105 0.02224100 0.30000000
v 0.09258834 -0.03574735 0.30000000
v 0.09141605 -0.03984400 0.30000000
v 0.09140347 -0.03988340 0.30000000
v 0.09141932 -0.03983374 0.30000000
v 0.09147357 -0.03966203 0.30000000
v 0.09172234 -0.03942608 0.30000000
v 0.09180245 -0.03916560 0.30000000
v 0.09181940 -0.03910964 0.30000000
v 0.09147213 -0.04018677 0.30000000
v 0.09026806 -0.04314503 0.30000000
v 0.09002003 -0.04377187 0.30000000
v 0.08904815 -0.04608704 0.30000000
v 0.08814608 -0.04800636 0.30000000
v 0.08889666 -0.04668980 0.30000000
v 0.08753683 -0.04918360 0.30000000
v 0.08785304 -0.04858212 0.30000000
v 0.08827506 -0.04797361 0.30000000
v 0.09337449 -0.03254408 0.30000000
v 0.09434572 -0.02891123 0.30000000
v 0.09493201 -0.02450038 0.30000000
v 0.09555896 -0.02010364 0.30000000
v 0.09596209 -0.01675056 0.30000000
v 0.09593154 -0.01696255 0.30000000
v 0.09595254 -0.01843386 0.30000000
v 0.09677990 -0.00339627 0.30000000
v 0.09680951 -0.00004058 0.30000000
v 0.09666038 -0.00685501 0.30000000
v 0.09660465 -0.00820397 0.30000000
v 0.09610247 -0.01525629 0.30000000
v 0.09626207 -0.01572397 0.30000000
v 0.07993458 0.07766186 0.30000000
v 0.08789010 0.04853926 0.30000000
v 0.08913503 0.04594737 0.30000000
v 0.08886292 0.04654824 0.30000000
v 0.08981349 0.04434128 0.30000000
v 0.08947181 0.04516895 0.30000000
v 0.09061972 0.04223555 0.30000000
v 0.09014180 0.04348713 0.30000000
v 0.09147370 0.03971742 0.30000000
v 0.09149066 0.03965706 0.30000000
v 0.09153015 0.03951267 0.30000000
v 0.09172374 0.03856730 0.30000000
v 0.09154104 0.03880128 0.30000000
v 0.09181405 0.03917499 0.30000000
v 0.09321502 0.03326677 0.30000000
v 0.09336559 0.03265479 0.30000000
v 0.09352694 0.03284911 0.30000000
v 0.09369940 0.03101872 0.30000000
v 0.09413285 0.02895011 0.30000000
v 0.09436907 0.02775392 0.30000000
v 0.09469801 0.02580348 0.30000000
v 0.09513656 0.02320116 0.30000000
v 0.09517321 0.02286570 0.30000000
v 0.09520893 0.02103035 0.30000000
v 0.09544925 0.02241014 0.30000000
v 0.09577882 0.01831759 0.30000000
v 0.09553952 0.01847429 0.30000000
v 0.09598673 0.01650779 0.30000000
v 0.09610966 0.01719615 0.30000000
v 0.09610890 0.01518438 0.30000000
v 0.09633000 0.01251954 0.30000000
v 0.09026079 0.04227720 0.30000000
v 0.09054737 0.04137978 0.30000000
v 0.09059482 0.04118249 0.30000000
v 0.09060357 0.04113068 0.30000000
v 0.08972805 0.04367834 0.30000000
v 0.09048094 0.04061039 0.30000000
v 0.09023230 0.04278007 0.30000000
v 0.08924260 0.04494599 0.30000000
v 0.08885164 0.04590386 0.30000000
v 0.08934827 0.04506119 0.30000000
v 0.08920086 0.04436819 0.30000000
v 0.08861382 0.04645564 0.30000000
v 0.08871468 0.04653111 0.30000000
v 0.08833851 0.04653874 0.30000000
v 0.08775839 0.04828777 0.30000000
v 0.08816455 0.04745432 0.30000000
v 0.08852390 0.04694950 0.30000000
v 0.08785615 0.04763332 0.30000000
v 0.07858374 0.07961299 0.30000000
v 0.08698363 0.05001784 0.30000000
v 0.09277239 -0.03330979 0.30000000
v 0.09285656 -0.03385655 0.30000000
v 0.09210761 -0.03604754 0.30000000
v 0.09256351 -0.03505605 0.30000000
v 0.09207409 -0.03505975 0.30000000
v 0.08705461 -0.04965041 0.30000000
v 0.08737910 -0.04903095 0.30000000
v 0.08816753 -0.04763718 0.30000000
v 0.08790483 -0.04819986 0.30000000
v 0.08745015 -0.04910167 0.30000000
v 0.07878477 -0.07925908 0.30000000
v 0.08670154 -0.05031912 0.30000000
v 0.08644040 -0.05044441 0.30000000
v 0.09407292 -0.02773509 0.30000000
v 0.09651993 0.00013610 0.30000000
v 0.09649103 0.00131749 0.30000000
v 0.09671864 0.00020403 0.30000000
v 0.09647268 0.00345009 0.30000000
v 0.09663306 0.00537365 0.30000000
v 0.09635391 -0.00694235 0.30000000
v 0.09630961 -0.00831582 0.30000000
v 0.08856252 -0.04652416 0.30000000
v 0.08864575 -0.04633267 0.30000000
v 0.08907493 -0.04525920 0.30000000
v 0.08926802 -0.04517379 0.30000000
v 0.08864632 -0.04662540 0.30000000
v 0.08757886 -0.04821299 0.30000000
v 0.08996120 -0.04305930 0.30000000
v 0.08967638 -0.04376936 0.30000000
v 0.09052924 -0.04190687 0.30000000
v 0.08875407 -0.04526166 0.30000000
v 0.09084857 -0.04047408 0.30000000
v 0.09083637 -0.04051311 0.30000000
v 0.09085733 -0.04044523 0.30000000
v 0.09105919 -0.04034892 0.30000000
v 0.09116744 -0.04000353 0.30000000
v 0.09118655 -0.03994052 0.30000000
v 0.09121415 -0.03984332 0.30000000
v 0.09087231 -0.04090617 0.30000000
v 0.09005490 -0.04210829 0.30000000
v 0.09169610 -0.03759562 0.30000000
v 0.09150424 -0.03889596 0.30000000
v 0.09155924 -0.03693632 0.30000000
v 0.09074415 -0.03983200 0.30000000
v 0.09324867 -0.03124392 0.30000000
v 0.09372473 -0.02998081 0.30000000
v 0.09505616 -0.02085287 0.30000000
v 0.09533228 -0.02018598 0.30000000
v 0.09447992 -0.02172773 0.30000000
v 0.09454345 -0.02429969 0.30000000
v 0.09431762 -0.02553107 0.30000000
v 0.09478229 -0.02413076 0.30000000
v 0.09446432 -0.02294069 0.30000000
v 0.09394646 -0.02773350 0.30000000
v 0.09388090 -0.02920312 0.30000000
v 0.09401928 -0.02849828 0.30000000
v 0.09373106 -0.02844799 0.30000000
v 0.09322138 -0.02964010 0.30000000
v 0.09389240 -0.02629313 0.30000000
v 0.09558840 -0.01631192 0.30000000
v 0.09556133 -0.01656030 0.30000000
v 0.09557582 -0.01806224 0.30000000
v 0.09570198 -0.01703622 0.30000000
v 0.09588435 -0.01521953 0.30000000
v 0.09488768 -0.01889184 0.30000000
v 0.09589410 -0.01289009 0.30000000
v 0.09602211 -0.01367632 0.30000000
v 0.09531969 -0.01483232 0.30000000
v 0.09593318 -0.01235473 0.30000000
v 0.09601071 -0.01123524 0.30000000
v 0.09531009 -0.01257664 0.30000000
v 0.09608753 -0.00999643 0.30000000
v 0.09606588 -0.00867011 0.30000000
v 0.09564568 -0.01053605 0.30000000
v 0.09634929 -0.00407766 0.30000000
v 0.09631179 -0.00491128 0.30000000
v 0.09655752 -0.00335295 0.30000000
v 0.09614524 -0.00636788 0.30000000
v 0.09582246 -0.00666457 0.30000000
v 0.09639095 -0.00100617 0.30000000
v 0.09657856 -0.00234057 0.30000000
v 0.09658947 -0.00103208 0.30000000
v 0.09624272 -0.00067629 0.30000000
v 0.09604026 -0.00311551 0.30000000
v 0.09631685 0.00362001 0.30000000
v 0.09649836 0.00568689 0.30000000
v 0.09618118 0.00277783 0.30000000
v 0.09622360 0.00500024 0.30000000
v 0.09622799 0.00742893 0.30000000
v 0.09647126 0.00642386 0.30000000
v 0.09596975 0.00616384 0.30000000
v 0.09628983 0.00863448 0.30000000
v 0.09636805 0.01055199 0.30000000
v 0.09604062 0.00829114 0.30000000
v 0.09582266 0.01370690 0.30000000
v 0.09569464 0.01514180 0.30000000
v 0.09597668 0.01423820 0.30000000
v 0.09558821 0.01627145 0.30000000
v 0.09499680 0.01811435 0.30000000
v 0.09569928 0.01705712 0.30000000
v 0.09573798 0.01673839 0.30000000
v 0.09517619 0.01535632 0.30000000
v 0.08811465 0.02124718 0.30000000
v 0.08917607 0.02135567 0.30000000
v 0.08881052 0.02026737 0.30000000
v 0.08666995 0.03206965 0.30000000
v 0.08802934 0.03161829 0.30000000
v 0.08705092 0.03073014 0.30000000
v 0.08786218 0.03360904 0.30000000
v 0.08832138 0.03251116 0.30000000
v 0.08873670 0.03485056 0.30000000
v 0.08737470 0.03738146 0.30000000
v 0.08698204 0.03380898 0.30000000
v 0.08683391 0.03743795 0.30000000
v 0.08754763 0.03503425 0.30000000
v 0.08610517 0.04000054 0.30000000
v 0.08608285 0.03750412 0.30000000
v 0.08574454 0.03394061 0.30000000
v 0.08595552 0.03523474 0.30000000
v 0.08538030 0.03753481 0.30000000
v 0.08477836 0.04003406 0.30000000
v 0.08489706 0.03753808 0.30000000
v 0.09292399 0.02922852 0.30000000
v 0.08888041 0.03010230 0.30000000
v 0.08941345 0.03237901 0.30000000
v 0.08881569 0.03246646 0.30000000
v 0.08987934 0.03229840 0.30000000
v 0.09007621 0.02997267 0.30000000
v 0.08967196 0.03465268 0.30000000
v 0.09033092 0.03219798 0.30000000
v 0.09195823 0.02958505 0.30000000
v 0.09097172 0.02983092 0.30000000
v 0.09085775 0.03207602 0.30000000
v 0.09186787 0.03171523 0.30000000
v 0.09077129 0.03431476 0.30000000
v 0.09137782 0.03189689 0.30000000
v 0.09218040 0.03370189 0.30000000
v 0.09259244 0.03138566 0.30000000
v 0.09229959 0.03153074 0.30000000
v 0.09166901 0.03395864 0.30000000
v 0.09415948 0.02235241 0.30000000
v 0.09455361 0.01995778 0.30000000
v 0.09452131 0.01814993 0.30000000
v 0.09333292 0.02699480 0.30000000
v 0.09374739 0.02470447 0.30000000
v 0.09288602 0.02716449 0.30000000
v 0.09232044 0.02731148 0.30000000
v 0.09383789 0.02246547 0.30000000
v 0.09415982 0.01807689 0.30000000
v 0.09398645 0.02001128 0.30000000
v 0.09338314 0.02255921 0.30000000
v 0.09115170 0.02748809 0.30000000
v 0.09182247 0.02740550 0.30000000
v 0.09268997 0.02497645 0.30000000
v 0.09294808 0.02262344 0.30000000
v 0.08897679 0.02361178 0.30000000
v 0.08849718 0.02770292 0.30000000
v 0.08777787 0.02370161 0.30000000
v 0.08722494 0.02775685 0.30000000
v 0.08811169 0.02537011 0.30000000
v 0.08979244 0.02149852 0.30000000
v 0.08992430 0.02031810 0.30000000
v 0.08988135 0.02281817 0.30000000
v 0.08927445 0.02767141 0.30000000
v 0.08991446 0.02762861 0.30000000
v 0.09063528 0.02753901 0.30000000
v 0.09125369 0.02514201 0.30000000
v 0.08966630 0.02525404 0.30000000
v 0.09010686 0.02280984 0.30000000
v 0.09051252 0.02030145 0.30000000
v 0.09028846 0.02280009 0.30000000
v 0.09080893 0.02277003 0.30000000
v 0.09074329 0.02027024 0.30000000
v 0.09322492 0.02007360 0.30000000
v 0.09226612 0.02269475 0.30000000
v 0.09147480 0.02275243 0.30000000
v 0.09171003 0.02019450 0.30000000
v 0.09099451 0.03853088 0.30000000
v 0.09161912 0.03600673 0.30000000
v 0.09093576 0.03636382 0.30000000
v 0.09137513 0.03614181 0.30000000
v 0.08990136 0.03676638 0.30000000
v 0.09049060 0.03654847 0.30000000
v 0.09010431 0.03901045 0.30000000
v 0.08891308 0.03707238 0.30000000
v 0.08934771 0.03695983 0.30000000
v 0.08899575 0.03944150 0.30000000
v 0.08846024 0.03718087 0.30000000
v 0.08718764 0.03986795 0.30000000
v 0.08799052 0.03727826 0.30000000
v 0.08812882 0.03967602 0.30000000
v 0.08875952 -0.01668804 0.30000000
v 0.08983457 -0.01642701 0.30000000
v 0.08926184 -0.01725371 0.30000000
v 0.09068400 -0.01702003 0.30000000
v 0.09194603 -0.01322280 0.30000000
v 0.09161517 0.01669053 0.30000000
v 0.09135455 -0.03705431 0.30000000
v 0.09043071 -0.04008403 0.30000000
v 0.09094140 -0.03874294 0.30000000
v 0.09199836 -0.03483034 0.30000000
v 0.09180795 -0.03538142 0.30000000
v 0.09123065 -0.03700785 0.30000000
v 0.09012902 -0.04032983 0.30000000
v 0.09064494 -0.03894613 0.30000000
v 0.09103302 -0.03710511 0.30000000
v 0.08741630 -0.03792960 0.30000000
v 0.08810689 -0.03783701 0.30000000
v 0.08747280 -0.03991490 0.30000000
v 0.08848581 0.01831533 0.30000000
v 0.08954147 0.01825958 0.30000000
v 0.09034543 0.01814938 0.30000000
v 0.09073509 0.01807105 0.30000000
v 0.09093424 0.01801891 0.30000000
v 0.09100064 0.01494204 0.30000000
v 0.09088979 0.01314397 0.30000000
v 0.09001022 0.01478454 0.30000000
v 0.09584842 0.01299020 0.30000000
v 0.09611118 0.01207629 0.30000000
v 0.09547344 0.00983701 0.30000000
v 0.09585038 0.01099685 0.30000000
v 0.09530854 0.01353183 0.30000000
v 0.09481324 0.01486706 0.30000000
v 0.09221525 -0.01696294 0.30000000
v 0.09148924 -0.02072684 0.30000000
v 0.09200884 -0.02068515 0.30000000
v 0.09271943 -0.02061972 0.30000000
v 0.09170151 -0.02447764 0.30000000
v 0.08892659 -0.03407019 0.30000000
v 0.09049767 -0.02829555 0.30000000
v 0.09094353 -0.02823565 0.30000000
v 0.09150249 -0.02815019 0.30000000
v 0.09019388 -0.03186322 0.30000000
v 0.08869397 -0.03594993 0.30000000
v 0.08898553 -0.03771497 0.30000000
v 0.08947166 -0.03399067 0.30000000
v 0.09024719 -0.03383746 0.30000000
v 0.09109195 -0.02077017 0.30000000
v 0.09079711 -0.02457256 0.30000000
v 0.09002470 -0.02834552 0.30000000
v 0.08965509 -0.02475117 0.30000000
v 0.08758062 -0.03415554 0.30000000
v 0.08822808 -0.03411202 0.30000000
v 0.08925964 -0.03198951 0.30000000
v 0.08958214 -0.02838713 0.30000000
v 0.08808536 -0.03220305 0.30000000
v 0.08843031 -0.01941470 0.30000000
v 0.08963866 -0.01945856 0.30000000
v 0.09065034 -0.01955102 0.30000000
v 0.09021299 -0.02284132 0.30000000
v 0.08909690 -0.02309989 0.30000000
v 0.08817336 -0.02484035 0.30000000
v 0.08786241 -0.02320956 0.30000000
v 0.08914370 -0.02782993 0.30000000
v 0.08832142 -0.02780185 0.30000000
v 0.08705416 -0.03150947 0.30000000
v 0.08845722 -0.03103600 0.30000000
v 0.08713584 -0.02777226 0.30000000
v 0.08574477 -0.03416189 0.30000000
v 0.08707374 -0.03608373 0.30000000
v 0.08681504 -0.03418943 0.30000000
v 0.08565029 -0.03602979 0.30000000
v 0.08486247 -0.03723384 0.30000000
v 0.08588781 -0.03732019 0.30000000
v 0.08674376 -0.03797292 0.30000000
v 0.08631027 -0.04003113 0.30000000
v 0.08645173 -0.03798656 0.30000000
v 0.08566080 -0.03901815 0.30000000
v 0.08456280 -0.03917329 0.30000000
v 0.08495866 -0.04020148 0.30000000
v 0.09358821 0.01653236 0.30000000
v 0.09206247 0.01666753 0.30000000
v 0.09287464 0.01661150 0.30000000
v 0.09240695 0.01308950 0.30000000
v 0.09344479 0.00930037 0.30000000
v 0.09217790 0.00934885 0.30000000
v 0.09262759 0.00933127 0.30000000
v 0.09283611 0.00559290 0.30000000
v 0.09287435 -0.00566673 0.30000000
v 0.09372453 0.00182978 0.30000000
v 0.09246941 -0.00567155 0.30000000
v 0.09291221 0.00183802 0.30000000
v 0.09222883 0.00184823 0.30000000
v 0.09297678 -0.00191531 0.30000000
v 0.09249248 -0.01320015 0.30000000
v 0.09275947 -0.00944041 0.30000000
v 0.09329067 -0.01314872 0.30000000
v 0.09367558 -0.00564623 0.30000000
v 0.08884228 0.01471282 0.30000000
v 0.08953619 0.01316254 0.30000000
v 0.09128055 0.01135795 0.30000000
v 0.09025893 0.01156084 0.30000000
v 0.09147179 0.00804473 0.30000000
v 0.08910959 0.01164722 0.30000000
v 0.09132424 0.00556386 0.30000000
v 0.09048200 0.00793438 0.30000000
v 0.09527831 -0.00333340 0.30000000
v 0.09447796 -0.00190411 0.30000000
v 0.09436853 -0.00562461 0.30000000
v 0.09471388 -0.01156319 0.30000000
v 0.09510131 -0.01079436 0.30000000
v 0.09543888 -0.00914298 0.30000000
v 0.09530133 -0.00663384 0.30000000
v 0.09398641 -0.01308944 0.30000000
v 0.09424823 -0.00936240 0.30000000
v 0.09474493 -0.00560554 0.30000000
v 0.09586290 0.00523429 0.30000000
v 0.09560210 0.00635808 0.30000000
v 0.09536283 0.00179793 0.30000000
v 0.09615265 -0.00041536 0.30000000
v 0.09568237 -0.00313238 0.30000000
v 0.09597076 -0.00181790 0.30000000
v 0.09594472 0.00177467 0.30000000
v 0.09540620 -0.00179754 0.30000000
v 0.09565717 0.00179205 0.30000000
v 0.09505004 0.00982636 0.30000000
v 0.09456049 0.01498940 0.30000000
v 0.09393130 0.01649076 0.30000000
v 0.09489886 0.01281177 0.30000000
v 0.09394158 0.01298307 0.30000000
v 0.09415836 0.00925498 0.30000000
v 0.09523274 0.00661309 0.30000000
v 0.09436392 0.00554384 0.30000000
v 0.09442625 0.00181573 0.30000000
v 0.09495716 0.00180833 0.30000000
v 0.09531260 0.00542423 0.30000000
v 0.09463120 0.00922293 0.30000000
v 0.08981445 -0.04056436 0.30000000
v 0.09030415 -0.03914982 0.30000000
v 0.08914566 -0.03959688 0.30000000
v 0.08977298 -0.03754467 0.30000000
v 0.09135509 -0.03530852 0.30000000
v 0.09084526 -0.03718598 0.30000000
v 0.09082770 -0.03369960 0.30000000
v 0.09033736 -0.03563203 0.30000000
v 0.09039666 -0.03735541 0.30000000
v 0.09240647 -0.03002244 0.30000000
v 0.09181924 -0.03339536 0.30000000
v 0.09205828 -0.02803171 0.30000000
v 0.09133616 -0.03164152 0.30000000
v 0.09139272 -0.03354334 0.30000000
v 0.09309596 -0.03174216 0.30000000
v 0.09311600 -0.03167263 0.30000000
v 0.09249721 -0.03304790 0.30000000
v 0.09292153 -0.03089845 0.30000000
v 0.09277565 -0.03007562 0.30000000
v 0.09213526 -0.03326394 0.30000000
v 0.09227348 -0.03149531 0.30000000
v 0.09399746 -0.02257066 0.30000000
v 0.09416293 -0.02296342 0.30000000
v 0.09418104 -0.02401240 0.30000000
v 0.09356804 -0.02647682 0.30000000
v 0.09431047 -0.01917178 0.30000000
v 0.09487168 -0.01665537 0.30000000
v 0.09473983 -0.01481745 0.30000000
v 0.09371381 -0.01683124 0.30000000
v 0.09325931 -0.02054265 0.30000000
v 0.09428644 -0.01305583 0.30000000
v 0.09376719 -0.02251162 0.30000000
v 0.09303473 -0.02676506 0.30000000
v 0.09278670 -0.02430147 0.30000000
v 0.09236204 -0.02795821 0.30000000
v 0.09368036 -0.02412671 0.30000000
v 0.09356862 -0.02048755 0.30000000
v 0.08933495 0.00788439 0.30000000
v 0.08997659 0.00555546 0.30000000
v 0.09141164 0.00238063 0.30000000
v 0.09148830 -0.00083858 0.30000000
v 0.09063708 0.00243913 0.30000000
v 0.08953013 0.00247950 0.30000000
v 0.09149023 -0.00186972 0.30000000
v 0.09033245 -0.00123746 0.30000000
v 0.09166669 -0.00720200 0.30000000
v 0.09175782 -0.00386904 0.30000000
v 0.08910678 -0.00301603 0.30000000
v 0.09029437 -0.00365093 0.30000000
v 0.09128184 -0.00944635 0.30000000
v 0.09064852 -0.00735707 0.30000000
v 0.08947610 -0.00742160 0.30000000
v 0.08996159 -0.00938863 0.30000000
v 0.08952370 -0.01382474 0.30000000
v 0.09063548 -0.01412695 0.30000000
v 0.09109542 -0.01406460 0.30000000
v 0.09135410 -0.01078057 0.30000000
v 0.09049091 -0.01055005 0.30000000
v 0.08932949 -0.01042648 0.30000000
v -0.04242075 -0.04332248 0.30000000
v -0.04301753 -0.04066038 0.30000000
v -0.04110346 -0.04109873 0.30000000
v -0.05313903 -0.03140905 0.30000000
v -0.05251783 -0.03415616 0.30000000
v -0.05423633 -0.03368503 0.30000000
v -0.05693881 -0.01925258 0.30000000
v -0.05604822 -0.01925291 0.30000000
v -0.05633517 -0.02057633 0.30000000
v -0.03985705 0.01099050 0.30000000
v -0.03989715 0.00826573 0.30000000
v -0.04309672 0.00830636 0.30000000
v -0.03797853 0.04311439 0.30000000
v -0.04054359 0.04246396 0.30000000
v -0.04232839 0.04088001 0.30000000
v -0.03974983 0.04041226 0.30000000
v -0.03777975 0.04016872 0.30000000
v -0.03956358 0.03829720 0.30000000
v -0.04192678 0.03584755 0.30000000
v -0.03989690 0.03577802 0.30000000
v -0.03758849 0.03631224 0.30000000
v -0.03971754 0.03382089 0.30000000
v -0.03969181 0.03155577 0.30000000
v -0.03741136 0.03224491 0.30000000
v -0.04246341 0.03042483 0.30000000
v -0.03988768 0.02915909 0.30000000
v -0.03729819 0.02934272 0.30000000
v -0.03980189 0.02806694 0.30000000
v -0.03982839 0.02645077 0.30000000
v -0.03720959 0.02705558 0.30000000
v -0.04284578 0.02492348 0.30000000
v -0.03995295 0.02403249 0.30000000
v -0.03712306 0.02422412 0.30000000
v -0.03984401 0.02259417 0.30000000
v -0.03988232 0.02124468 0.30000000
v -0.03704668 0.02182565 0.30000000
v -0.04303902 0.01384867 0.30000000
v -0.04309607 0.01938206 0.30000000
v -0.03993261 0.01873510 0.30000000
v -0.03696064 0.01349268 0.30000000
v -0.03991860 0.01358720 0.30000000
v -0.03710499 0.01837927 0.30000000
v -0.03985693 0.01629532 0.30000000
v -0.03675080 0.00840933 0.30000000
v -0.03985091 0.00573598 0.30000000
v -0.04314855 0.00277676 0.30000000
v -0.03986361 0.00323158 0.30000000
v -0.03677180 0.00342604 0.30000000
v -0.03984843 0.00053190 0.30000000
v -0.04315854 -0.00273563 0.30000000
v -0.03986366 -0.00208743 0.30000000
v -0.03694135 -0.00157839 0.30000000
v -0.03985227 -0.00479221 0.30000000
v -0.03988289 -0.00730822 0.30000000
v -0.03701328 -0.00658861 0.30000000
v -0.04313273 -0.00825770 0.30000000
v -0.03989580 -0.00985331 0.30000000
v -0.03680172 -0.01022676 0.30000000
v -0.03985873 -0.01123361 0.30000000
v -0.03993113 -0.01262151 0.30000000
v -0.03684047 -0.01264073 0.30000000
v -0.04304811 -0.01379238 0.30000000
v -0.03984424 -0.01518285 0.30000000
v -0.03710019 -0.01629475 0.30000000
v -0.03989012 -0.01771665 0.30000000
v -0.04288077 -0.01934463 0.30000000
v -0.03983483 -0.02036327 0.30000000
v -0.03705267 -0.02093057 0.30000000
v -0.03984956 -0.02269118 0.30000000
v -0.04261764 -0.02489175 0.30000000
v -0.03996576 -0.02496685 0.30000000
v -0.03713184 -0.02542870 0.30000000
v -0.03979813 -0.02761576 0.30000000
v -0.03991821 -0.02988097 0.30000000
v -0.03737667 -0.02984924 0.30000000
v -0.04196668 -0.03578663 0.30000000
v -0.04246621 -0.03036764 0.30000000
v -0.03976549 -0.03230081 0.30000000
v -0.03743833 -0.03302628 0.30000000
v -0.03970999 -0.03362243 0.30000000
v -0.03962548 -0.03708440 0.30000000
v -0.03985066 -0.03480882 0.30000000
v -0.03753876 -0.03507933 0.30000000
v -0.03957072 -0.03860871 0.30000000
v -0.03761997 -0.03757052 0.30000000
v -0.03935744 -0.04184009 0.30000000
v -0.03964388 -0.03963644 0.30000000
v -0.03774558 -0.03965117 0.30000000
v -0.03938272 -0.04354297 0.30000000
v -0.03787994 -0.04220773 0.30000000
v -0.05608923 -0.03044965 0.30000000
v -0.05605321 -0.03258522 0.30000000
v -0.05573421 -0.03457600 0.30000000
v -0.05526613 -0.03595554 0.30000000
v -0.05704298 -0.03449672 0.30000000
v -0.05792387 -0.03438307 0.30000000
v -0.05731637 -0.03548415 0.30000000
v -0.05465058 -0.03848181 0.30000000
v -0.05598428 -0.03811947 0.30000000
v -0.05713631 -0.03661551 0.30000000
v -0.05798482 -0.03614522 0.30000000
v -0.05677178 -0.03870855 0.30000000
v -0.05696769 -0.04030119 0.30000000
v -0.05835703 -0.03828992 0.30000000
v -0.05699325 -0.02136999 0.30000000
v -0.05616578 -0.02172574 0.30000000
v -0.05591010 -0.02872761 0.30000000
v -0.05738397 -0.02826571 0.30000000
v -0.05705550 -0.02435428 0.30000000
v -0.05487539 -0.02852559 0.30000000
v -0.05525990 -0.02333170 0.30000000
v -0.05607948 -0.02403463 0.30000000
v -0.05623257 -0.02625280 0.30000000
v -0.05632611 -0.01681633 0.30000000
v -0.05628483 -0.01455573 0.30000000
v -0.05639755 -0.01200630 0.30000000
v -0.05636143 -0.00968206 0.30000000
v -0.05642053 -0.00711600 0.30000000
v -0.05639786 -0.00481008 0.30000000
v -0.05630495 -0.00225937 0.30000000
v -0.05674295 -0.00221144 0.30000000
v -0.05640660 0.00005822 0.30000000
v -0.05611773 0.00232921 0.30000000
v -0.05656538 0.00233437 0.30000000
v -0.05639793 0.00486850 0.30000000
v -0.05641922 0.00706389 0.30000000
v -0.05618039 0.00959235 0.30000000
v -0.05672184 0.00960760 0.30000000
v -0.05640542 0.01040204 0.30000000
v -0.05620869 0.01191896 0.30000000
v -0.05675576 0.01179344 0.30000000
v -0.05628139 0.01441472 0.30000000
v -0.05632158 0.01666286 0.30000000
v -0.05613104 0.01915085 0.30000000
v -0.05698160 0.01957155 0.30000000
v -0.05630783 0.02124088 0.30000000
v -0.05530457 0.02338393 0.30000000
v -0.05604886 0.02372706 0.30000000
v -0.05708182 0.02359926 0.30000000
v -0.05623753 0.02583811 0.30000000
v -0.05488003 0.02858102 0.30000000
v -0.05621434 0.02782406 0.30000000
v -0.05720264 0.02755065 0.30000000
v -0.05601255 0.03007012 0.30000000
v -0.05422354 0.03374332 0.30000000
v -0.05601429 0.03235722 0.30000000
v -0.05568788 0.03441339 0.30000000
v -0.05606935 0.03104473 0.30000000
v -0.05751804 0.02994750 0.30000000
v -0.05758159 0.03179123 0.30000000
v -0.05526070 0.03604995 0.30000000
v -0.05711947 0.03428698 0.30000000
v -0.05484880 0.03850807 0.30000000
v -0.05614750 0.03816086 0.30000000
v -0.05727550 0.03625360 0.30000000
v -0.05695257 0.03850386 0.30000000
v -0.05718761 0.04028089 0.30000000
v -0.05834502 0.03810406 0.30000000
v -0.05296180 0.03892946 0.30000000
v -0.05412448 0.04043702 0.30000000
v -0.05258317 -0.03890642 0.30000000
v -0.05193035 -0.02903080 0.30000000
v -0.05344658 -0.02875746 0.30000000
v -0.05375397 -0.02616393 0.30000000
v -0.04560081 -0.04243378 0.30000000
v -0.04919878 -0.04199011 0.30000000
v -0.04580415 -0.04020228 0.30000000
v -0.04458681 -0.03792229 0.30000000
v -0.04986256 -0.03467282 0.30000000
v -0.05078239 -0.03691148 0.30000000
v -0.04491495 -0.03531478 0.30000000
v -0.04977297 -0.03942709 0.30000000
v -0.04735248 -0.04002296 0.30000000
v -0.05005861 -0.03199536 0.30000000
v -0.04553156 -0.02993785 0.30000000
v -0.04527688 -0.03268084 0.30000000
v -0.04800180 -0.03486077 0.30000000
v -0.05035591 -0.02926507 0.30000000
v -0.04578977 -0.02739138 0.30000000
v -0.05064863 -0.02663298 0.30000000
v -0.04859892 -0.02955273 0.30000000
v -0.04492703 0.04253166 0.30000000
v -0.04974740 0.04198824 0.30000000
v -0.04721602 0.04232999 0.30000000
v -0.04519456 0.04037343 0.30000000
v -0.04458507 0.03800339 0.30000000
v -0.04491688 0.03536898 0.30000000
v -0.04701477 0.04014685 0.30000000
v -0.04780326 0.03996907 0.30000000
v -0.05232817 0.03663272 0.30000000
v -0.05129612 0.03931183 0.30000000
v -0.04926802 0.03975263 0.30000000
v -0.04928845 0.03726463 0.30000000
v -0.04527805 0.03273597 0.30000000
v -0.04553247 0.02999454 0.30000000
v -0.04794559 0.03492583 0.30000000
v -0.04967780 0.03460410 0.30000000
v -0.05314008 0.03146451 0.30000000
v -0.05273369 0.03402734 0.30000000
v -0.05123418 0.03433540 0.30000000
v -0.05006567 0.03200866 0.30000000
v -0.04580401 0.02731910 0.30000000
v -0.04598617 0.02455133 0.30000000
v -0.04859976 0.02960940 0.30000000
v -0.05035684 0.02932158 0.30000000
v -0.05375485 0.02622127 0.30000000
v -0.05344757 0.02881372 0.30000000
v -0.05193132 0.02908715 0.30000000
v -0.05064948 0.02669048 0.30000000
v -0.04618252 0.02185520 0.30000000
v -0.04630357 0.01907575 0.30000000
v -0.04908385 0.02423160 0.30000000
v -0.05086013 0.02398493 0.30000000
v -0.05420207 0.02095253 0.30000000
v -0.05397816 0.02355682 0.30000000
v -0.05244854 0.02378986 0.30000000
v -0.05107253 0.02133811 0.30000000
v -0.04642724 0.01652741 0.30000000
v -0.04942406 0.01882737 0.30000000
v -0.05121503 0.01862650 0.30000000
v -0.05471991 0.01433144 0.30000000
v -0.05450490 0.01571963 0.30000000
v -0.05473913 0.01708344 0.30000000
v -0.05433973 0.01829907 0.30000000
v -0.05281396 0.01847424 0.30000000
v -0.05135937 0.01597647 0.30000000
v -0.05420043 -0.02089227 0.30000000
v -0.05397694 -0.02349711 0.30000000
v -0.05244732 -0.02373014 0.30000000
v -0.05085893 -0.02392498 0.30000000
v -0.04928053 -0.02414276 0.30000000
v -0.05107091 -0.02127746 0.30000000
v -0.05474835 -0.01719750 0.30000000
v -0.05434022 -0.01823822 0.30000000
v -0.05473260 -0.01442918 0.30000000
v -0.05450323 -0.01566310 0.30000000
v -0.05281245 -0.01841516 0.30000000
v -0.05121354 -0.01856728 0.30000000
v -0.04962278 -0.01874393 0.30000000
v -0.05135806 -0.01591802 0.30000000
v -0.05480126 -0.01226018 0.30000000
v -0.05469151 -0.01045479 0.30000000
v -0.05479032 -0.00949837 0.30000000
v -0.05303408 -0.01311328 0.30000000
v -0.05144525 -0.01321876 0.30000000
v -0.04984525 -0.01335162 0.30000000
v -0.05153425 -0.01057724 0.30000000
v -0.05482486 -0.00726172 0.30000000
v -0.05478716 -0.00527714 0.30000000
v -0.05482664 -0.00455625 0.30000000
v -0.05316210 -0.00783892 0.30000000
v -0.05157719 -0.00789787 0.30000000
v -0.04997092 -0.00798483 0.30000000
v -0.05162150 -0.00526555 0.30000000
v -0.05483519 -0.00230217 0.30000000
v -0.05481539 0.00002182 0.30000000
v -0.05483654 0.00235784 0.30000000
v -0.05322848 -0.00259170 0.30000000
v -0.05163332 -0.00260328 0.30000000
v -0.05002332 -0.00264202 0.30000000
v -0.05164521 0.00002017 0.30000000
v -0.05482798 0.00460859 0.30000000
v -0.05478736 0.00530760 0.30000000
v -0.05481728 0.00722037 0.30000000
v -0.05322974 0.00263353 0.30000000
v -0.05163340 0.00264493 0.30000000
v -0.05002341 0.00268341 0.30000000
v -0.05162164 0.00530890 0.30000000
v -0.05478251 0.00947503 0.30000000
v -0.05469244 0.01049142 0.30000000
v -0.05478929 0.01213344 0.30000000
v -0.05302776 0.01316886 0.30000000
v -0.05315636 0.00788633 0.30000000
v -0.05157742 0.00794492 0.30000000
v -0.04984602 0.01340670 0.30000000
v -0.05144602 0.01327364 0.30000000
v -0.04997100 0.00803194 0.30000000
v -0.05153456 0.01062837 0.30000000
v -0.04466596 -0.01918052 0.30000000
v -0.04454528 -0.02199018 0.30000000
v -0.04456496 -0.02483803 0.30000000
v -0.04743645 -0.02450340 0.30000000
v -0.04784654 -0.02163688 0.30000000
v -0.04485940 -0.01366747 0.30000000
v -0.04478858 -0.01644966 0.30000000
v -0.04797821 -0.01888561 0.30000000
v -0.04811257 -0.01619393 0.30000000
v -0.04634655 -0.01904985 0.30000000
v -0.04496652 -0.00817486 0.30000000
v -0.04493306 -0.01094026 0.30000000
v -0.04819212 -0.01345157 0.30000000
v -0.04827402 -0.01076547 0.30000000
v -0.04654981 -0.01357526 0.30000000
v -0.04501043 -0.00269909 0.30000000
v -0.04500197 -0.00545136 0.30000000
v -0.04831249 -0.00804141 0.30000000
v -0.04835263 -0.00536182 0.30000000
v -0.04666311 -0.00812253 0.30000000
v -0.04501921 0.00001990 0.30000000
v -0.04836274 -0.00265298 0.30000000
v -0.04837303 0.00001997 0.30000000
v -0.04836268 0.00269430 0.30000000
v -0.04670950 -0.00268902 0.30000000
v -0.04500186 0.00549439 0.30000000
v -0.04501038 0.00274020 0.30000000
v -0.04835248 0.00540509 0.30000000
v -0.04831257 0.00808843 0.30000000
v -0.04670944 0.00273022 0.30000000
v -0.04493300 0.01100152 0.30000000
v -0.04496661 0.00822173 0.30000000
v -0.04506811 0.01389306 0.30000000
v -0.04798238 0.01368944 0.30000000
v -0.04827432 0.01081653 0.30000000
v -0.04666322 0.00816947 0.30000000
v 0.09698228 0.04053191 0.30000000
v 0.09397201 0.03091982 0.30000000
v 0.09420969 0.03073926 0.30000000
v 0.09454653 0.02914387 0.30000000
v 0.09702659 0.04030938 0.30000000
v 0.09756699 0.03766469 0.30000000
v 0.09450327 0.02837342 0.30000000
v 0.09462622 0.02874978 0.30000000
v 0.09482418 0.02776727 0.30000000
v 0.09518961 0.02838222 0.30000000
v 0.09606041 0.04458121 0.30000000
v 0.09673364 0.04176643 0.30000000
v 0.09392109 0.03225307 0.30000000
v 0.09400005 0.03185831 0.30000000
v 0.09492500 0.02972156 0.30000000
v 0.09064187 0.05914848 0.30000000
v 0.09010512 0.04441181 0.30000000
v 0.09650922 0.01362304 0.30000000
v 0.09638046 0.01507561 0.30000000
v 0.09654824 0.01546332 0.30000000
v 0.09665918 0.01414354 0.30000000
v 0.09678493 0.01263780 0.30000000
v 0.09625725 0.01399963 0.30000000
v 0.09689096 0.01116737 0.30000000
v 0.09666952 0.01006046 0.30000000
v 0.09712276 0.01221663 0.30000000
v 0.10020060 0.01715855 0.30000000
v 0.09732495 0.01294699 0.30000000
v 0.09739468 0.01127854 0.30000000
v 0.09589559 0.01954057 0.30000000
v 0.09563610 0.01984265 0.30000000
v 0.09598072 0.01882044 0.30000000
v 0.09628733 0.01790046 0.30000000
v 0.09634173 0.01752921 0.30000000
v 0.09684342 0.01607369 0.30000000
v 0.09651339 0.01913835 0.30000000
v 0.09929041 0.02662137 0.30000000
v 0.09991942 0.02022199 0.30000000
v 0.09708572 0.01585929 0.30000000
v 0.09723373 0.01498194 0.30000000
v 0.09671573 0.01909918 0.30000000
v 0.09673393 0.01819468 0.30000000
v 0.08664861 0.06808671 0.30000000
v 0.09029073 0.05988373 0.30000000
v 0.08944487 0.04558137 0.30000000
v 0.08882774 0.04691773 0.30000000
v 0.08911882 0.04629832 0.30000000
v 0.08953280 0.04567804 0.30000000
v 0.08991314 0.04481489 0.30000000
v 0.08870646 0.04686029 0.30000000
v 0.09013883 0.04479947 0.30000000
v 0.09123351 0.05774415 0.30000000
v 0.09092567 0.04189056 0.30000000
v 0.09092231 0.04231781 0.30000000
v 0.09080948 0.04326408 0.30000000
v 0.09246734 0.03670747 0.30000000
v 0.09232817 0.03678155 0.30000000
v 0.09325437 0.03397504 0.30000000
v 0.09246189 0.03624024 0.30000000
v 0.09352158 0.03376673 0.30000000
v 0.09412738 0.03270430 0.30000000
v 0.09355998 0.03489234 0.30000000
v 0.09407947 0.05152812 0.30000000
v 0.09561782 0.04636901 0.30000000
v 0.09436726 0.03243851 0.30000000
v 0.09374414 0.03474175 0.30000000
v 0.09385762 0.03414153 0.30000000
v 0.09707029 0.00134719 0.30000000
v 0.09726575 0.00022526 0.30000000
v 0.09697983 0.00044273 0.30000000
v 0.09727744 -0.00143994 0.30000000
v 0.09726593 -0.00003582 0.30000000
v 0.09685223 -0.00105768 0.30000000
v 0.09766346 0.00022447 0.30000000
v 0.10078293 0.00001404 0.30000000
v 0.10073910 0.00419978 0.30000000
v 0.10073914 -0.00416073 0.30000000
v 0.09780870 0.00037540 0.30000000
v 0.09778500 -0.00014730 0.30000000
v 0.10029035 0.01553202 0.30000000
v 0.09685564 0.00854135 0.30000000
v 0.09671547 0.00934074 0.30000000
v 0.09743413 0.00991492 0.30000000
v 0.09757927 0.01040452 0.30000000
v 0.09692884 0.00696049 0.30000000
v 0.09716133 0.00596402 0.30000000
v 0.09673125 0.00647727 0.30000000
v 0.09746879 0.00758715 0.30000000
v 0.10037357 0.01398165 0.30000000
v 0.10068595 0.00708642 0.30000000
v 0.09788039 0.00293038 0.30000000
v 0.09769266 0.00759122 0.30000000
v 0.09764692 0.00596449 0.30000000
v 0.09703866 0.00340180 0.30000000
v 0.09718071 0.00536448 0.30000000
v 0.09691295 0.00476412 0.30000000
v 0.09766773 0.00260184 0.30000000
v 0.09783167 0.00243845 0.30000000
v 0.09755674 0.00535512 0.30000000
v 0.09775181 0.00516412 0.30000000
v 0.09387156 0.05224386 0.30000000
v 0.09243782 0.03777105 0.30000000
v 0.09339862 0.03570524 0.30000000
v 0.09370460 0.03506584 0.30000000
v 0.08339638 0.07239213 0.30000000
v 0.08625088 0.06887361 0.30000000
v 0.08045167 0.07690503 0.30000000
v 0.08853897 0.04751382 0.30000000
v 0.08841058 0.04799175 0.30000000
v 0.08943841 0.04624300 0.30000000
v 0.08016502 0.07743807 0.30000000
v 0.08809356 0.04859115 0.30000000
v 0.08856877 0.04790262 0.30000000
v 0.09870162 0.03091181 0.30000000
v 0.09905737 0.02835700 0.30000000
v 0.09551897 0.02069209 0.30000000
v 0.09573298 0.02225427 0.30000000
v 0.09578291 0.02186450 0.30000000
v 0.09643408 0.02063291 0.30000000
v 0.09669806 0.01980496 0.30000000
v 0.09790600 0.03586631 0.30000000
v 0.09847882 0.03249176 0.30000000
v 0.09564932 0.02631092 0.30000000
v 0.09623437 0.02280347 0.30000000
v 0.09517884 0.02452070 0.30000000
v 0.09524169 0.02418816 0.30000000
v 0.09511209 0.02613262 0.30000000
v 0.09552345 0.02365782 0.30000000
v 0.09540606 0.02650557 0.30000000
v 0.09596102 0.02312453 0.30000000
v 0.09583803 0.02464261 0.30000000
v 0.09163863 0.05674278 0.30000000
v 0.09157521 0.04136074 0.30000000
v 0.09211787 0.05534635 0.30000000
v 0.09174964 0.03946838 0.30000000
v 0.09177656 0.03938396 0.30000000
v 0.09210509 0.03888448 0.30000000
v 0.09216606 0.03868144 0.30000000
v 0.09283495 0.03733797 0.30000000
v 0.09223833 0.03954896 0.30000000
v 0.09370241 0.05284934 0.30000000
v 0.09234521 0.05469769 0.30000000
v 0.09320750 0.03665218 0.30000000
v 0.09281423 0.03789012 0.30000000
v 0.08826084 0.04793427 0.30000000
v 0.08827909 0.04811627 0.30000000
v 0.08879590 0.04734462 0.30000000
v 0.09216477 0.03742460 0.30000000
v 0.09228541 0.03793721 0.30000000
v 0.09302339 0.03609871 0.30000000
v 0.09287741 0.03662966 0.30000000
v 0.09115855 0.04097389 0.30000000
v 0.09143098 0.04014725 0.30000000
v 0.09088032 0.04120948 0.30000000
v 0.09150779 0.04096007 0.30000000
v 0.09169669 0.04051441 0.30000000
v 0.09208999 0.03930555 0.30000000
v 0.09012806 0.04375257 0.30000000
v 0.09027611 0.04377850 0.30000000
v 0.09060977 0.04289602 0.30000000
v 0.09040561 0.04388219 0.30000000
v 0.09081883 0.04283334 0.30000000
v 0.10028933 -0.01540660 0.30000000
v 0.09692843 -0.00683311 0.30000000
v 0.09685926 -0.00833364 0.30000000
v 0.09706261 -0.00819370 0.30000000
v 0.09676126 -0.00844701 0.30000000
v 0.09662067 -0.00879267 0.30000000
v 0.09911947 -0.02786697 0.30000000
v 0.09576044 -0.02053294 0.30000000
v 0.09604026 -0.01991140 0.30000000
v 0.09551482 -0.02080686 0.30000000
v 0.09615826 -0.01893458 0.30000000
v 0.09630339 -0.01776023 0.30000000
v 0.09647985 -0.01613125 0.30000000
v 0.09648200 -0.01934604 0.30000000
v 0.09657551 -0.01273774 0.30000000
v 0.09671549 -0.01357317 0.30000000
v 0.09634707 -0.01292656 0.30000000
v 0.09639591 -0.01228103 0.30000000
v 0.09688926 -0.01549799 0.30000000
v 0.09669056 -0.01116379 0.30000000
v 0.09643954 -0.01169861 0.30000000
v 0.09718771 -0.01210953 0.30000000
v 0.09672415 -0.01066688 0.30000000
v 0.09655973 -0.00985016 0.30000000
v 0.09748242 -0.00940270 0.30000000
v 0.09728911 -0.01104721 0.30000000
v 0.09339082 -0.03423994 0.30000000
v 0.09363334 -0.03326893 0.30000000
v 0.09300518 -0.03419086 0.30000000
v 0.09294751 -0.03442278 0.30000000
v 0.09380866 -0.03166865 0.30000000
v 0.09384286 -0.03151536 0.30000000
v 0.09388769 -0.03219039 0.30000000
v 0.09419407 -0.03231399 0.30000000
v 0.09395743 -0.03098369 0.30000000
v 0.09441263 -0.02978160 0.30000000
v 0.09390009 -0.03026979 0.30000000
v 0.09459578 -0.03053591 0.30000000
v 0.09760395 -0.03744473 0.30000000
v 0.09708861 -0.03995448 0.30000000
v 0.09471579 -0.02720377 0.30000000
v 0.09464003 -0.02865105 0.30000000
v 0.09477484 -0.02794191 0.30000000
v 0.09448538 -0.02789395 0.30000000
v 0.09433610 -0.02810164 0.30000000
v 0.09511689 -0.02856234 0.30000000
v 0.09514145 -0.02471474 0.30000000
v 0.09493926 -0.02592765 0.30000000
v 0.09537237 -0.02455099 0.30000000
v 0.09503162 -0.02414137 0.30000000
v 0.09547959 -0.02603714 0.30000000
v 0.09904011 -0.02845855 0.30000000
v 0.09868458 -0.03101023 0.30000000
v 0.09542166 -0.02149423 0.30000000
v 0.09535331 -0.02197708 0.30000000
v 0.09522503 -0.02286167 0.30000000
v 0.09642493 -0.02095132 0.30000000
v 0.09593736 -0.02322431 0.30000000
v 0.09208630 -0.03891253 0.30000000
v 0.09215267 -0.03869178 0.30000000
v 0.09217586 -0.03861157 0.30000000
v 0.09219526 -0.03854066 0.30000000
v 0.09241419 -0.03719760 0.30000000
v 0.09223498 -0.03839835 0.30000000
v 0.09193458 -0.03815471 0.30000000
v 0.09272626 -0.03778014 0.30000000
v 0.09281385 -0.03576120 0.30000000
v 0.09328268 -0.03465942 0.30000000
v 0.09379075 -0.03396516 0.30000000
v 0.09322789 -0.03603480 0.30000000
v 0.09150817 -0.05712887 0.30000000
v 0.09143072 -0.05733899 0.30000000
v 0.09139522 -0.05743420 0.30000000
v 0.09104877 -0.04150095 0.30000000
v 0.09181783 -0.03973216 0.30000000
v 0.09159406 -0.04039780 0.30000000
v 0.09080379 -0.04166179 0.30000000
v 0.09241815 -0.03878878 0.30000000
v 0.09030820 -0.06018001 0.30000000
v 0.09008778 -0.06065108 0.30000000
v 0.08958195 -0.04521699 0.30000000
v 0.08963939 -0.04508221 0.30000000
v 0.09035831 -0.04372126 0.30000000
v 0.08936124 -0.04533979 0.30000000
v 0.08974023 -0.06140240 0.30000000
v 0.08946861 -0.06191862 0.30000000
v 0.08939614 -0.04563589 0.30000000
v 0.08948350 -0.04573473 0.30000000
v 0.08917007 -0.04642302 0.30000000
v 0.09021613 -0.04455523 0.30000000
v 0.08302218 -0.07306480 0.30000000
v 0.08021477 -0.07731591 0.30000000
v 0.08883140 -0.06317026 0.30000000
v 0.08879483 -0.06323212 0.30000000
v 0.08776060 -0.04897024 0.30000000
v 0.08859421 -0.04758628 0.30000000
v 0.08822729 -0.04828981 0.30000000
v 0.08919726 -0.04664993 0.30000000
v 0.09673893 -0.04171338 0.30000000
v 0.09605643 -0.04456801 0.30000000
v 0.09438894 -0.03212667 0.30000000
v 0.09459325 -0.03103558 0.30000000
v 0.09488357 -0.03008598 0.30000000
v 0.09522793 -0.02869093 0.30000000
v 0.09368416 -0.05288034 0.30000000
v 0.09196939 -0.05577987 0.30000000
v 0.09182536 -0.05619656 0.30000000
v 0.09209616 -0.05539150 0.30000000
v 0.09284307 -0.03771349 0.30000000
v 0.09295120 -0.03732669 0.30000000
v 0.09263245 -0.03847864 0.30000000
v 0.09561357 -0.04635671 0.30000000
v 0.09407861 -0.05150245 0.30000000
v 0.09403875 -0.03357563 0.30000000
v 0.09336420 -0.03587038 0.30000000
v 0.09378439 -0.03437852 0.30000000
v 0.09442274 -0.03228937 0.30000000
v 0.09349278 -0.03568210 0.30000000
v 0.09083454 -0.05889619 0.30000000
v 0.09101613 -0.05846566 0.30000000
v 0.09119422 -0.05801792 0.30000000
v 0.09124117 -0.05789315 0.30000000
v 0.09125180 -0.05786483 0.30000000
v 0.09085942 -0.04206853 0.30000000
v 0.09088988 -0.04241032 0.30000000
v 0.09193957 -0.04034331 0.30000000
v 0.09113759 -0.04240470 0.30000000
v 0.10017959 -0.01742200 0.30000000
v 0.09760976 -0.00991915 0.30000000
v 0.09733498 -0.01247223 0.30000000
v 0.09734320 -0.01172172 0.30000000
v 0.09747618 -0.01108086 0.30000000
v 0.10068565 -0.00705791 0.30000000
v 0.10035157 -0.01426248 0.30000000
v 0.09702358 -0.00490045 0.30000000
v 0.09699903 -0.00562490 0.30000000
v 0.09724927 -0.00417995 0.30000000
v 0.09764673 -0.00292889 0.30000000
v 0.09784831 -0.00288452 0.30000000
v 0.09765794 -0.00708419 0.30000000
v 0.09989682 -0.02050264 0.30000000
v 0.09928905 -0.02661024 0.30000000
v 0.09671525 -0.01927792 0.30000000
v 0.09673581 -0.01812594 0.30000000
v 0.09706632 -0.01537086 0.30000000
v 0.09720715 -0.01498024 0.30000000
v 0.09847708 -0.03247771 0.30000000
v 0.09787740 -0.03598857 0.30000000
v 0.09572480 -0.02586334 0.30000000
v 0.09584223 -0.02456488 0.30000000
v 0.09621510 -0.02289118 0.30000000
v 0.05831076 0.09541020 0.30000000
v 0.06059773 0.09452781 0.30000000
v 0.06363360 0.07013612 0.30000000
v 0.05700436 0.09573985 0.30000000
v 0.06154026 0.07087345 0.30000000
v 0.06290645 0.07015327 0.30000000
v 0.06454955 0.06942287 0.30000000
v 0.06447320 0.09274721 0.30000000
v 0.06687025 0.09122907 0.30000000
v 0.06582164 0.06859371 0.30000000
v 0.06521496 0.06858524 0.30000000
v 0.06771555 0.06674136 0.30000000
v 0.06813311 0.06676087 0.30000000
v 0.06916229 0.06577046 0.30000000
v 0.06666983 0.06856750 0.30000000
v 0.06712297 0.06773132 0.30000000
v 0.06858564 0.06676148 0.30000000
v 0.06997578 0.06578305 0.30000000
v 0.06933463 0.06671883 0.30000000
v 0.06343606 0.09322555 0.30000000
v 0.06749373 0.06847913 0.30000000
v 0.07045102 0.06703372 0.30000000
v 0.06872941 0.06761689 0.30000000
v 0.06995942 0.06664760 0.30000000
v 0.07113142 0.06569130 0.30000000
v 0.07057741 0.06655411 0.30000000
v 0.06593244 0.09176573 0.30000000
v 0.07131261 0.06638947 0.30000000
v 0.07360183 0.06491133 0.30000000
v 0.07118890 0.06642166 0.30000000
v 0.07237312 0.06545205 0.30000000
v 0.07315938 0.06201564 0.30000000
v 0.06986614 0.06482073 0.30000000
v 0.07059266 0.06488311 0.30000000
v 0.07139747 0.06486492 0.30000000
v 0.07298373 0.06304936 0.30000000
v 0.07165272 0.06310700 0.30000000
v 0.07198020 0.06481730 0.30000000
v 0.07273672 0.06469836 0.30000000
v 0.07349967 0.06449905 0.30000000
v 0.07281572 0.06394499 0.30000000
v 0.06874054 0.09057001 0.30000000
v 0.06780320 0.09046785 0.30000000
v 0.07445079 0.06422801 0.30000000
v 0.07404205 0.06435175 0.30000000
v 0.07462702 0.06357807 0.30000000
v 0.07483620 0.06096645 0.30000000
v 0.07387993 0.06083705 0.30000000
v 0.07530244 0.05913088 0.30000000
v 0.07636143 0.05790495 0.30000000
v 0.07621491 0.05901839 0.30000000
v 0.07710110 0.05888988 0.30000000
v 0.07757758 0.05775280 0.30000000
v 0.07799962 0.05970024 0.30000000
v 0.07936193 0.05846001 0.30000000
v 0.07849161 0.05869316 0.30000000
v 0.07999478 0.05727449 0.30000000
v 0.07897877 0.05859021 0.30000000
v 0.07782305 0.05878582 0.30000000
v 0.07828034 0.05762083 0.30000000
v 0.07918543 0.05743719 0.30000000
v 0.08048441 0.05712223 0.30000000
v 0.07986648 0.05828211 0.30000000
v 0.08038016 0.05809831 0.30000000
v 0.08108993 0.05690466 0.30000000
v 0.07231723 0.08727271 0.30000000
v 0.07986076 0.05902727 0.30000000
v 0.08081304 0.05789808 0.30000000
v 0.07460232 0.06202008 0.30000000
v 0.07370873 0.06299428 0.30000000
v 0.07457448 0.06287371 0.30000000
v 0.07630408 0.06088888 0.30000000
v 0.07719373 0.06069637 0.30000000
v 0.06998783 0.08945834 0.30000000
v 0.07547949 0.06266619 0.30000000
v 0.07640525 0.06237394 0.30000000
v 0.07817524 0.06039842 0.30000000
v 0.07907576 0.05999784 0.30000000
v 0.07635971 0.06170325 0.30000000
v 0.07074827 0.08886850 0.30000000
v 0.07946635 0.05979209 0.30000000
v 0.07833449 0.06089739 0.30000000
v 0.07733359 0.08149678 0.30000000
v 0.08440675 0.05383213 0.30000000
v 0.07722667 0.08163194 0.30000000
v 0.07612054 0.08252779 0.30000000
v 0.07384261 0.08550598 0.30000000
v 0.08415029 0.05405031 0.30000000
v 0.08183467 0.05723515 0.30000000
v 0.08358438 0.05510140 0.30000000
v 0.08182562 0.05657995 0.30000000
v 0.08136365 0.05756501 0.30000000
v 0.08265031 0.05606307 0.30000000
v 0.08794803 0.04674906 0.30000000
v 0.08790185 0.04730007 0.30000000
v 0.08729480 0.04824511 0.30000000
v 0.08844126 0.04165420 0.30000000
v 0.08791135 0.04179370 0.30000000
v 0.08724245 0.04195832 0.30000000
v 0.08826276 0.04514565 0.30000000
v 0.08957906 0.04116664 0.30000000
v 0.08904267 0.04142124 0.30000000
v 0.08787691 0.04388614 0.30000000
v 0.09032871 0.04072904 0.30000000
v 0.08966157 0.04285763 0.30000000
v 0.08874260 0.04477522 0.30000000
v 0.09001683 0.04093995 0.30000000
v 0.08898166 0.04335430 0.30000000
v 0.08446729 0.04207900 0.30000000
v 0.08365401 0.04205702 0.30000000
v 0.08502812 0.04223495 0.30000000
v 0.08336599 0.04431411 0.30000000
v 0.08180528 0.04606708 0.30000000
v 0.08290290 0.04632307 0.30000000
v 0.08189349 0.04852085 0.30000000
v 0.08094808 0.05054574 0.30000000
v 0.08041200 0.05258276 0.30000000
v 0.07914248 0.05256729 0.30000000
v 0.07911555 0.05348182 0.30000000
v 0.07659017 0.05666039 0.30000000
v 0.07772552 0.05660788 0.30000000
v 0.07862616 0.05644295 0.30000000
v 0.07922284 0.05627377 0.30000000
v 0.07891814 0.05465301 0.30000000
v 0.07778485 0.05439075 0.30000000
v 0.08013087 0.05557313 0.30000000
v 0.08136096 0.05230364 0.30000000
v 0.08046556 0.05359420 0.30000000
v 0.07999637 0.05482758 0.30000000
v 0.08324805 0.04802887 0.30000000
v 0.08272465 0.04915389 0.30000000
v 0.08220572 0.05068899 0.30000000
v 0.08247953 0.05125972 0.30000000
v 0.08599813 0.04214784 0.30000000
v 0.08540572 0.04220659 0.30000000
v 0.08669566 0.04206835 0.30000000
v 0.08620522 0.04431943 0.30000000
v 0.08462482 0.04451522 0.30000000
v 0.08395452 0.04639810 0.30000000
v 0.08437689 0.04672421 0.30000000
v 0.08702334 0.04968826 0.30000000
v 0.08708245 0.04979994 0.30000000
v 0.08649021 0.05004318 0.30000000
v 0.08548855 0.05202467 0.30000000
v 0.08392238 0.05413377 0.30000000
v 0.08380732 0.05421651 0.30000000
v 0.08127075 0.05533223 0.30000000
v 0.08080947 0.05544616 0.30000000
v 0.08038083 0.05552823 0.30000000
v 0.08162214 0.05344627 0.30000000
v 0.08278066 0.05120791 0.30000000
v 0.08560261 0.04648106 0.30000000
v 0.08386859 0.04899019 0.30000000
v 0.08504893 0.04660644 0.30000000
v 0.08327847 0.05111341 0.30000000
v 0.08595372 0.05035709 0.30000000
v 0.08344080 0.05445235 0.30000000
v 0.08503713 0.05219887 0.30000000
v 0.08226011 0.05501682 0.30000000
v 0.08266009 0.05485412 0.30000000
v 0.08302879 0.05467525 0.30000000
v 0.08428996 0.05260964 0.30000000
v 0.08760510 0.04676856 0.30000000
v 0.08671643 0.04883486 0.30000000
v 0.08720256 0.04783630 0.30000000
v 0.08701383 0.04609414 0.30000000
v 0.08754975 0.04586828 0.30000000
v 0.08571162 0.05025530 0.30000000
v 0.08525976 0.05045779 0.30000000
v 0.08634878 0.04632408 0.30000000
v 0.08483447 0.04878648 0.30000000
v 0.08479514 0.05065794 0.30000000
v 0.08608532 0.04837641 0.30000000
v 0.08154598 0.05525500 0.30000000
v 0.08194319 0.05513367 0.30000000
v 0.08260747 0.05322937 0.30000000
v 0.08375372 0.05100122 0.30000000
v 0.08348020 0.05295898 0.30000000
v 0.08419916 0.05087607 0.30000000
v 0.08300699 -0.05012300 0.30000000
v 0.08192092 -0.05026219 0.30000000
v 0.08284244 -0.04887050 0.30000000
v 0.08186716 -0.05235278 0.30000000
v 0.08066803 -0.05451352 0.30000000
v 0.08087611 -0.05241220 0.30000000
v 0.07927500 -0.05471670 0.30000000
v 0.08047404 -0.05353490 0.30000000
v 0.08089939 -0.05539696 0.30000000
v 0.08146300 -0.05608632 0.30000000
v 0.08198935 -0.05585974 0.30000000
v 0.08129437 -0.05689302 0.30000000
v 0.08702896 -0.04882259 0.30000000
v 0.08789993 -0.04719515 0.30000000
v 0.08840732 -0.04557949 0.30000000
v 0.08331441 -0.04230909 0.30000000
v 0.08488991 -0.04219053 0.30000000
v 0.08395627 -0.04221389 0.30000000
v 0.08372195 -0.04675336 0.30000000
v 0.08346886 -0.04677075 0.30000000
v 0.08326226 -0.04461102 0.30000000
v 0.08618311 -0.04211295 0.30000000
v 0.08685789 -0.04204221 0.30000000
v 0.08553089 -0.04217365 0.30000000
v 0.08450610 -0.04668660 0.30000000
v 0.08462796 -0.04451081 0.30000000
v 0.08774369 -0.04188229 0.30000000
v 0.08853047 -0.04167802 0.30000000
v 0.08618027 -0.04434723 0.30000000
v 0.08928132 -0.04222421 0.30000000
v 0.08905238 -0.04152044 0.30000000
v 0.08781681 -0.04396377 0.30000000
v 0.08935188 -0.04351318 0.30000000
v 0.08972485 -0.04216065 0.30000000
v 0.08823326 -0.04559529 0.30000000
v 0.08886249 -0.04360355 0.30000000
v 0.08102534 -0.05127774 0.30000000
v 0.08092618 -0.05019986 0.30000000
v 0.08067979 -0.05206650 0.30000000
v 0.07919126 -0.05317710 0.30000000
v 0.07958538 -0.05198096 0.30000000
v 0.07824784 -0.05598404 0.30000000
v 0.07784692 -0.05497618 0.30000000
v 0.07825861 -0.05666757 0.30000000
v 0.07740442 -0.05701125 0.30000000
v 0.07623062 -0.05709581 0.30000000
v 0.07647889 -0.05769691 0.30000000
v 0.07839116 -0.07982168 0.30000000
v 0.08598494 -0.05082015 0.30000000
v 0.08571939 -0.05165431 0.30000000
v 0.07720364 -0.08163305 0.30000000
v 0.07620862 -0.08236423 0.30000000
v 0.07419279 -0.08505594 0.30000000
v 0.08556919 -0.05098073 0.30000000
v 0.08326761 -0.05381823 0.30000000
v 0.08506858 -0.05208953 0.30000000
v 0.08636104 -0.04938771 0.30000000
v 0.08717165 -0.04784396 0.30000000
v 0.08755055 -0.04594773 0.30000000
v 0.08803228 -0.04571177 0.30000000
v 0.08571033 -0.05032094 0.30000000
v 0.08327722 -0.05111617 0.30000000
v 0.08382496 -0.04998699 0.30000000
v 0.08487426 -0.05137078 0.30000000
v 0.08577921 -0.04956253 0.30000000
v 0.08444431 -0.04867062 0.30000000
v 0.08529752 -0.04657040 0.30000000
v 0.08616870 -0.04640072 0.30000000
v 0.08694839 -0.04617552 0.30000000
v 0.08612140 -0.04823541 0.30000000
v 0.08472930 -0.04978370 0.30000000
v 0.08014502 -0.05643807 0.30000000
v 0.08070599 -0.05630871 0.30000000
v 0.08034306 -0.05726692 0.30000000
v 0.08270540 -0.05220693 0.30000000
v 0.08150881 -0.05436133 0.30000000
v 0.08212012 -0.05330310 0.30000000
v 0.08243237 -0.05412828 0.30000000
v 0.08386654 -0.05277548 0.30000000
v 0.08362079 -0.05198940 0.30000000
v 0.07777529 -0.08076270 0.30000000
v 0.08266476 -0.05484786 0.30000000
v 0.08264331 -0.05554695 0.30000000
v 0.08474210 -0.05301653 0.30000000
v 0.08376849 -0.05467064 0.30000000
v 0.08391186 -0.05351377 0.30000000
v 0.07374781 -0.08558597 0.30000000
v 0.08250439 -0.05621159 0.30000000
v 0.08320150 -0.05551799 0.30000000
v 0.08341908 -0.05500521 0.30000000
v 0.07860114 -0.05667044 0.30000000
v 0.07753070 -0.05776504 0.30000000
v 0.07943463 -0.05659220 0.30000000
v 0.07937576 -0.05751178 0.30000000
v 0.07817828 -0.05771068 0.30000000
v 0.08174622 -0.04871450 0.30000000
v 0.08212087 -0.04667396 0.30000000
v 0.08309442 -0.04661874 0.30000000
v 0.08018405 -0.04993632 0.30000000
v 0.06463684 -0.09251314 0.30000000
v 0.06325339 -0.09326166 0.30000000
v 0.06978043 -0.06715012 0.30000000
v 0.06670943 -0.06750234 0.30000000
v 0.06738748 -0.06748116 0.30000000
v 0.06673185 -0.06785378 0.30000000
v 0.07667288 -0.05889792 0.30000000
v 0.07868272 -0.05858751 0.30000000
v 0.07709689 -0.05883950 0.30000000
v 0.07796450 -0.05871177 0.30000000
v 0.07523878 -0.06094183 0.30000000
v 0.07231592 -0.08724506 0.30000000
v 0.08125529 -0.05758189 0.30000000
v 0.08182548 -0.05719051 0.30000000
v 0.08001342 -0.05817311 0.30000000
v 0.08058297 -0.05793764 0.30000000
v 0.07924750 -0.05844695 0.30000000
v 0.07800751 -0.05963897 0.30000000
v 0.07987303 -0.05896074 0.30000000
v 0.06959107 -0.06682844 0.30000000
v 0.06764977 -0.06705406 0.30000000
v 0.06802125 -0.06733270 0.30000000
v 0.06950364 -0.06631558 0.30000000
v 0.06235513 -0.09359758 0.30000000
v 0.06916410 -0.06725523 0.30000000
v 0.06877295 -0.06766136 0.30000000
v 0.06756917 -0.06782316 0.30000000
v 0.06860486 -0.06729945 0.30000000
v 0.06644642 -0.09142659 0.30000000
v 0.06563636 -0.09184450 0.30000000
v 0.07115794 -0.06610734 0.30000000
v 0.07105541 -0.06557957 0.30000000
v 0.07027858 -0.06624704 0.30000000
v 0.07288261 -0.06519747 0.30000000
v 0.07308602 -0.06206052 0.30000000
v 0.07309488 -0.06254437 0.30000000
v 0.07206814 -0.06242010 0.30000000
v 0.07343931 -0.06273133 0.30000000
v 0.07200545 -0.06299192 0.30000000
v 0.06769980 -0.06648167 0.30000000
v 0.06960097 -0.06559999 0.30000000
v 0.06836969 -0.06635805 0.30000000
v 0.07023331 -0.06442028 0.30000000
v 0.07074811 -0.08883960 0.30000000
v 0.07946511 -0.05974205 0.30000000
v 0.06999147 -0.08942638 0.30000000
v 0.07907550 -0.05994723 0.30000000
v 0.07817508 -0.06034775 0.30000000
v 0.07833529 -0.06084556 0.30000000
v 0.06866841 -0.09059087 0.30000000
v 0.06771671 -0.09046104 0.30000000
v 0.07424063 -0.06424625 0.30000000
v 0.07372221 -0.06440232 0.30000000
v 0.07641626 -0.06231222 0.30000000
v 0.07460264 -0.06196903 0.30000000
v 0.07630395 -0.06083806 0.30000000
v 0.07719352 -0.06064565 0.30000000
v 0.07636161 -0.06165034 0.30000000
v 0.07357065 -0.06295991 0.30000000
v 0.07134694 -0.06474782 0.30000000
v 0.07280253 -0.06462599 0.30000000
v 0.07221947 -0.06362153 0.30000000
v 0.07059651 -0.06468589 0.30000000
v 0.07548971 -0.06260467 0.30000000
v 0.07461912 -0.06353445 0.30000000
v 0.07456828 -0.06281517 0.30000000
v 0.07652200 -0.05824429 0.30000000
v 0.07561846 -0.05803709 0.30000000
v 0.07567055 -0.05928636 0.30000000
v 0.07390613 -0.06160011 0.30000000
v 0.07463144 -0.06061560 0.30000000
v 0.07267046 -0.06175509 0.30000000
v 0.07424867 -0.05993277 0.30000000
v 0.05745483 -0.09556572 0.30000000
v 0.06253025 -0.07029790 0.30000000
v 0.06021413 -0.09463670 0.30000000
v 0.06625270 -0.06868455 0.30000000
v 0.06671570 -0.06864772 0.30000000
v 0.06315093 -0.07030167 0.30000000
v 0.06407017 -0.06974501 0.30000000
v 0.06504932 -0.06861964 0.30000000
v 0.06589394 -0.06864530 0.30000000
v 0.06368981 -0.06956971 0.30000000
v 0.06481829 -0.06942665 0.30000000
v -0.03546988 0.04459203 0.30000000
v -0.03534940 0.04335088 0.30000000
v -0.03242428 0.04483235 0.30000000
v -0.03588527 0.04115882 0.30000000
v -0.03581933 0.03905660 0.30000000
v -0.03277116 0.04246363 0.30000000
v -0.03350494 0.04243564 0.30000000
v 0.04575125 -0.04075633 0.30000000
v 0.04326661 -0.04142109 0.30000000
v 0.04345068 -0.04025838 0.30000000
v 0.04683101 0.03415858 0.30000000
v 0.04438819 0.03406046 0.30000000
v 0.04433403 0.03508883 0.30000000
v 0.00106752 0.04217378 0.30000000
v 0.00031242 0.04475496 0.30000000
v 0.00304284 0.04477970 0.30000000
v 0.00647922 0.04224442 0.30000000
v 0.00571674 0.04481544 0.30000000
v 0.00498793 0.04721338 0.30000000
v 0.00843049 0.04484061 0.30000000
v 0.01186939 0.04225707 0.30000000
v 0.01155356 0.04485575 0.30000000
v 0.01081085 0.04721722 0.30000000
v 0.01430709 0.04480567 0.30000000
v 0.01724259 0.04221475 0.30000000
v 0.01745245 0.04478734 0.30000000
v 0.01720601 0.04711193 0.30000000
v 0.02016927 0.04468995 0.30000000
v 0.02260350 0.04207961 0.30000000
v 0.02287893 0.04463672 0.30000000
v 0.02373561 0.04692986 0.30000000
v 0.02610939 0.04450506 0.30000000
v 0.02792439 0.04184569 0.30000000
v 0.02882141 0.04438050 0.30000000
v 0.03316467 0.04156297 0.30000000
v 0.03017404 0.04665653 0.30000000
v 0.03189551 0.04422127 0.30000000
v 0.03454635 0.04405214 0.30000000
v 0.04137261 0.03814945 0.30000000
v 0.03837364 0.04121569 0.30000000
v 0.03737794 0.04385842 0.30000000
v 0.03616756 0.04622284 0.30000000
v 0.04001861 0.04365743 0.30000000
v 0.04304266 0.04227496 0.30000000
v 0.04211556 0.04450624 0.30000000
v 0.04194818 0.04567182 0.30000000
v 0.04495099 0.04443221 0.30000000
v 0.04654987 0.03662465 0.30000000
v 0.04392912 0.03698656 0.30000000
v 0.04350052 0.03945419 0.30000000
v 0.04344523 0.04052335 0.30000000
v 0.04562680 0.04163330 0.30000000
v 0.04595134 0.03929447 0.30000000
v 0.04741596 0.03086278 0.30000000
v 0.04543983 0.02587878 0.30000000
v 0.04802315 0.02555690 0.30000000
v 0.04575282 0.02311897 0.30000000
v 0.04347138 0.02045042 0.30000000
v 0.04597914 0.02018959 0.30000000
v 0.04855037 0.02001977 0.30000000
v 0.04622076 0.01734961 0.30000000
v 0.04388235 0.01454957 0.30000000
v 0.04639392 0.01441182 0.30000000
v 0.04882744 0.01427338 0.30000000
v 0.04656138 0.01149165 0.30000000
v 0.04415094 0.00869489 0.30000000
v 0.04668005 0.00856336 0.30000000
v 0.04896009 0.00833193 0.30000000
v 0.04677136 0.00556623 0.30000000
v 0.04427719 0.00289643 0.30000000
v 0.04681566 0.00266983 0.30000000
v 0.04900537 0.00235903 0.30000000
v 0.04683550 -0.00029114 0.30000000
v 0.04428128 -0.00285761 0.30000000
v 0.04680099 -0.00314749 0.30000000
v 0.04900128 -0.00342893 0.30000000
v 0.04675489 -0.00603762 0.30000000
v 0.04416464 -0.00865088 0.30000000
v 0.04664534 -0.00889694 0.30000000
v 0.04891185 -0.00904123 0.30000000
v 0.04655011 -0.01168251 0.30000000
v 0.04388356 -0.01449940 0.30000000
v 0.04636752 -0.01439926 0.30000000
v 0.04876808 -0.01448860 0.30000000
v 0.04622143 -0.01728306 0.30000000
v 0.04597494 -0.01995101 0.30000000
v 0.04854139 -0.01976834 0.30000000
v 0.04813114 -0.02487592 0.30000000
v 0.04345699 -0.02039717 0.30000000
v 0.04546995 -0.02543750 0.30000000
v 0.04577033 -0.02282466 0.30000000
v 0.04766023 -0.02816395 0.30000000
v 0.04744299 -0.03058369 0.30000000
v 0.04515152 -0.02807453 0.30000000
v 0.04289704 -0.02632186 0.30000000
v 0.04478718 -0.03094218 0.30000000
v 0.04511632 -0.02912759 0.30000000
v 0.04604893 -0.03852027 0.30000000
v 0.04370082 -0.03784575 0.30000000
v 0.04141018 -0.03809979 0.30000000
v 0.04442568 -0.03347445 0.30000000
v 0.04221073 -0.03224098 0.30000000
v 0.04405979 -0.03628043 0.30000000
v 0.04691929 -0.03331453 0.30000000
v 0.04666381 -0.03563957 0.30000000
v 0.04437250 -0.03465256 0.30000000
v 0.04518143 -0.04354902 0.30000000
v 0.04281349 -0.04343776 0.30000000
v 0.04029437 -0.04358554 0.30000000
v 0.04223313 -0.04558024 0.30000000
v 0.03837593 -0.04116743 0.30000000
v 0.03765402 -0.04379462 0.30000000
v 0.03668893 -0.04610482 0.30000000
v 0.03478987 -0.04398716 0.30000000
v 0.03316761 -0.04150957 0.30000000
v 0.03213154 -0.04416097 0.30000000
v 0.03063275 -0.04656598 0.30000000
v 0.02904536 -0.04431777 0.30000000
v -0.02061983 -0.04116668 0.30000000
v -0.01778610 -0.04386568 0.30000000
v -0.01500592 -0.04632396 0.30000000
v -0.01511476 -0.04403955 0.30000000
v -0.01520217 -0.04152982 0.30000000
v -0.01243443 -0.04419867 0.30000000
v -0.00970494 -0.04657905 0.30000000
v -0.00975423 -0.04433321 0.30000000
v -0.00977977 -0.04180988 0.30000000
v -0.00706974 -0.04445437 0.30000000
v -0.00439619 -0.04678014 0.30000000
v -0.00438891 -0.04455044 0.30000000
v -0.00435293 -0.04201507 0.30000000
v -0.00175007 -0.04463266 0.30000000
v 0.00029269 -0.04706444 0.30000000
v 0.00040052 -0.04465362 0.30000000
v 0.00107053 -0.04212365 0.30000000
v 0.00307390 -0.04473979 0.30000000
v 0.00545271 -0.04715243 0.30000000
v 0.00615352 -0.04479401 0.30000000
v 0.00648241 -0.04220486 0.30000000
v 0.00890348 -0.04478276 0.30000000
v 0.01170751 -0.04714509 0.30000000
v 0.01198201 -0.04479971 0.30000000
v 0.01187189 -0.04222518 0.30000000
v 0.01470871 -0.04474478 0.30000000
v 0.02433343 -0.04689855 0.30000000
v 0.01800841 -0.04705381 0.30000000
v 0.01740548 -0.04472268 0.30000000
v 0.01724517 -0.04216784 0.30000000
v 0.02051799 -0.04463761 0.30000000
v 0.02792807 -0.04178674 0.30000000
v 0.02634453 -0.04444238 0.30000000
v 0.02325038 -0.04456116 0.30000000
v 0.02260826 -0.04200511 0.30000000
v -0.02448461 -0.04326223 0.30000000
v -0.02679119 -0.04530634 0.30000000
v -0.02299891 -0.04346253 0.30000000
v -0.02032870 -0.04564033 0.30000000
v -0.02043654 -0.04365112 0.30000000
v -0.02414583 -0.04567053 0.30000000
v -0.02602367 -0.04067486 0.30000000
v -0.02855388 -0.04293314 0.30000000
v -0.02690511 -0.04304518 0.30000000
v -0.03562407 -0.03790358 0.30000000
v -0.03586844 -0.03935027 0.30000000
v -0.03580023 -0.04041897 0.30000000
v -0.03137904 -0.04019065 0.30000000
v -0.03557379 -0.04249892 0.30000000
v -0.03574812 -0.04440455 0.30000000
v -0.03081179 -0.04500243 0.30000000
v -0.03107517 -0.04263719 0.30000000
v -0.03363035 -0.04235887 0.30000000
v -0.03582901 -0.01553323 0.30000000
v -0.03597396 -0.01809005 0.30000000
v -0.03592931 0.01912408 0.30000000
v -0.03594091 0.01664279 0.30000000
v -0.03578612 0.02457664 0.30000000
v -0.03602069 0.02305921 0.30000000
v -0.03570400 0.02174417 0.30000000
v -0.03479634 0.02022458 0.30000000
v -0.03583903 0.02980759 0.30000000
v -0.03602144 0.02863151 0.30000000
v -0.03570711 0.02706466 0.30000000
v -0.03464324 0.02597934 0.30000000
v -0.02971637 0.04517991 0.30000000
v -0.03037595 0.04275290 0.30000000
v -0.03138686 0.04020322 0.30000000
v -0.02812468 0.04304048 0.30000000
v -0.02644229 0.04538115 0.30000000
v -0.02687394 0.04308912 0.30000000
v -0.02602653 0.04073167 0.30000000
v -0.02443443 0.04334637 0.30000000
v -0.02360761 0.04579929 0.30000000
v -0.02251402 0.04354683 0.30000000
v -0.02062531 0.04118884 0.30000000
v -0.01987936 0.04377276 0.30000000
v -0.01898237 0.04575908 0.30000000
v -0.01699273 0.04398576 0.30000000
v -0.01520766 0.04154206 0.30000000
v -0.01424340 0.04415807 0.30000000
v -0.01302985 0.04652821 0.30000000
v -0.01128332 0.04432884 0.30000000
v -0.00273960 0.04466663 0.30000000
v -0.00077852 0.04705231 0.30000000
v -0.00695505 0.04657090 0.30000000
v -0.00435692 0.04203392 0.30000000
v -0.00978428 0.04182319 0.30000000
v -0.00852663 0.04445713 0.30000000
v -0.00549440 0.04458866 0.30000000
v 0.03880001 -0.03828577 0.30000000
v 0.03923806 -0.03539596 0.30000000
v 0.03619336 -0.03847403 0.30000000
v 0.03355096 -0.03862684 0.30000000
v 0.03093130 -0.03878009 0.30000000
v 0.03395164 -0.03573042 0.30000000
v 0.02826798 -0.03890059 0.30000000
v 0.02559873 -0.03902013 0.30000000
v 0.02862848 -0.03600016 0.30000000
v 0.02020645 -0.03919541 0.30000000
v 0.02290244 -0.03910925 0.30000000
v 0.02321862 -0.03620711 0.30000000
v 0.01478903 -0.03930554 0.30000000
v 0.01749132 -0.03925289 0.30000000
v 0.01775993 -0.03635149 0.30000000
v 0.00935413 -0.03935031 0.30000000
v 0.01206556 -0.03933128 0.30000000
v 0.01228455 -0.03643339 0.30000000
v 0.00389538 -0.03932996 0.30000000
v 0.00662249 -0.03934460 0.30000000
v 0.00679045 -0.03645234 0.30000000
v -0.00158111 -0.03924290 0.30000000
v 0.00115631 -0.03929205 0.30000000
v 0.00127115 -0.03640811 0.30000000
v -0.00706393 -0.03908682 0.30000000
v -0.00432275 -0.03917167 0.30000000
v -0.00426288 -0.03629870 0.30000000
v -0.01254748 -0.03885972 0.30000000
v -0.00980627 -0.03898126 0.30000000
v -0.00980233 -0.03612208 0.30000000
v -0.02072984 -0.03836187 0.30000000
v -0.01802302 -0.03855908 0.30000000
v -0.01528602 -0.03871859 0.30000000
v -0.01533874 -0.03587618 0.30000000
v -0.02348978 -0.03818016 0.30000000
v -0.02618638 -0.03794024 0.30000000
v -0.02087073 -0.03555365 0.30000000
v -0.02893217 -0.03771769 0.30000000
v -0.03160244 -0.03743285 0.30000000
v -0.02638352 -0.03515634 0.30000000
v -0.03575876 -0.03301593 0.30000000
v -0.03597077 -0.03428523 0.30000000
v -0.03582545 -0.03556676 0.30000000
v -0.03405726 -0.03720045 0.30000000
v -0.03185393 -0.03467718 0.30000000
v 0.03996662 -0.02947822 0.30000000
v 0.03960024 -0.03241480 0.30000000
v 0.03695882 -0.03259482 0.30000000
v 0.03428293 -0.03273924 0.30000000
v 0.03162572 -0.03288688 0.30000000
v 0.03462164 -0.02978822 0.30000000
v 0.02892593 -0.03300219 0.30000000
v 0.02621462 -0.03311882 0.30000000
v 0.02923437 -0.03003990 0.30000000
v 0.02347924 -0.03320556 0.30000000
v 0.02073818 -0.03329116 0.30000000
v 0.02375340 -0.03023575 0.30000000
v 0.01798138 -0.03334922 0.30000000
v 0.01523233 -0.03340383 0.30000000
v 0.01821846 -0.03037548 0.30000000
v 0.01246506 -0.03343352 0.30000000
v 0.00970461 -0.03345739 0.30000000
v 0.01266345 -0.03045891 0.30000000
v 0.00692788 -0.03345834 0.30000000
v 0.00415020 -0.03345082 0.30000000
v 0.00708535 -0.03048679 0.30000000
v 0.00136437 -0.03342284 0.30000000
v -0.00142561 -0.03338363 0.30000000
v 0.00147953 -0.03045775 0.30000000
v -0.00421552 -0.03332557 0.30000000
v -0.00701021 -0.03325347 0.30000000
v -0.00414458 -0.03037078 0.30000000
v -0.00980171 -0.03316454 0.30000000
v -0.01259724 -0.03305879 0.30000000
v -0.00977589 -0.03022387 0.30000000
v -0.01538562 -0.03293789 0.30000000
v -0.01818151 -0.03279705 0.30000000
v -0.02093981 -0.03262261 0.30000000
v -0.01540567 -0.03001547 0.30000000
v -0.02375016 -0.03246494 0.30000000
v -0.02649998 -0.03225140 0.30000000
v -0.02103139 -0.02974028 0.30000000
v -0.02929519 -0.03205724 0.30000000
v -0.03201643 -0.03180320 0.30000000
v -0.02663740 -0.02939699 0.30000000
v -0.03597575 -0.02819481 0.30000000
v -0.03596432 -0.03050688 0.30000000
v -0.03443652 -0.03161108 0.30000000
v -0.03219787 -0.02898262 0.30000000
v 0.04055773 -0.02352322 0.30000000
v 0.04026177 -0.02647626 0.30000000
v 0.03759551 -0.02663958 0.30000000
v 0.03489475 -0.02676877 0.30000000
v 0.03220942 -0.02690364 0.30000000
v 0.03517131 -0.02379401 0.30000000
v 0.02948216 -0.02700739 0.30000000
v 0.02673931 -0.02711451 0.30000000
v 0.02973632 -0.02401571 0.30000000
v 0.02397387 -0.02719383 0.30000000
v 0.02119839 -0.02727369 0.30000000
v 0.02420285 -0.02418942 0.30000000
v 0.01840938 -0.02732840 0.30000000
v 0.01562367 -0.02738097 0.30000000
v 0.01861066 -0.02431549 0.30000000
v 0.01282260 -0.02741084 0.30000000
v 0.01002419 -0.02743587 0.30000000
v 0.01299408 -0.02439406 0.30000000
v 0.00721163 -0.02744143 0.30000000
v 0.00439386 -0.02743915 0.30000000
v 0.00735220 -0.02442495 0.30000000
v 0.00157125 -0.02741969 0.30000000
v -0.00126037 -0.02738928 0.30000000
v 0.00167900 -0.02440784 0.30000000
v -0.00408862 -0.02734409 0.30000000
v -0.00692610 -0.02728484 0.30000000
v -0.00401506 -0.02434165 0.30000000
v -0.00975670 -0.02721313 0.30000000
v -0.01259570 -0.02712425 0.30000000
v -0.00971837 -0.02422485 0.30000000
v -0.01542384 -0.02702526 0.30000000
v -0.01826593 -0.02690553 0.30000000
v -0.01542130 -0.02405612 0.30000000
v -0.02108704 -0.02677775 0.30000000
v -0.02391819 -0.02662619 0.30000000
v -0.02671019 -0.02644373 0.30000000
v -0.02112068 -0.02383295 0.30000000
v -0.02954448 -0.02628224 0.30000000
v -0.03230696 -0.02606449 0.30000000
v -0.02679962 -0.02354957 0.30000000
v -0.03572479 -0.02084912 0.30000000
v -0.03601072 -0.02316346 0.30000000
v -0.03594250 -0.02550668 0.30000000
v -0.03480870 -0.02016313 0.30000000
v -0.03480364 -0.02590221 0.30000000
v -0.03243118 -0.02320786 0.30000000
v 0.04101592 -0.01757430 0.30000000
v 0.04078744 -0.02052588 0.30000000
v 0.03810395 -0.02066549 0.30000000
v 0.03538575 -0.02077309 0.30000000
v 0.03268096 -0.02088851 0.30000000
v 0.03560097 -0.01779441 0.30000000
v 0.02993342 -0.02097587 0.30000000
v 0.02716769 -0.02106838 0.30000000
v 0.03013357 -0.01797481 0.30000000
v 0.02438045 -0.02113582 0.30000000
v 0.02157965 -0.02120534 0.30000000
v 0.02456282 -0.01811765 0.30000000
v 0.01876695 -0.02125275 0.30000000
v 0.01595427 -0.02129930 0.30000000
v 0.01892949 -0.01822250 0.30000000
v 0.01312753 -0.02132692 0.30000000
v 0.01030047 -0.02135069 0.30000000
v 0.01326883 -0.01828959 0.30000000
v 0.00746139 -0.02135857 0.30000000
v 0.00461312 -0.02135935 0.30000000
v 0.00758003 -0.01831917 0.30000000
v 0.00176253 -0.02134696 0.30000000
v -0.00110068 -0.02132414 0.30000000
v 0.00185696 -0.01831084 0.30000000
v -0.00395793 -0.02129122 0.30000000
v -0.00682824 -0.02124452 0.30000000
v -0.00388857 -0.01826359 0.30000000
v -0.00968872 -0.02119028 0.30000000
v -0.01256118 -0.02111894 0.30000000
v -0.00964549 -0.01817669 0.30000000
v -0.01541963 -0.02104285 0.30000000
v -0.01829573 -0.02094592 0.30000000
v -0.01540304 -0.01804876 0.30000000
v -0.02114731 -0.02084673 0.30000000
v -0.02401537 -0.02072320 0.30000000
v -0.02683900 -0.02057476 0.30000000
v -0.02115779 -0.01787849 0.30000000
v -0.03257603 -0.01739785 0.30000000
v -0.02970316 -0.02044849 0.30000000
v -0.03249772 -0.02027102 0.30000000
v -0.02689122 -0.01766115 0.30000000
v 0.04134489 -0.01165944 0.30000000
v 0.04118164 -0.01459645 0.30000000
v 0.03848787 -0.01470591 0.30000000
v 0.03575767 -0.01478753 0.30000000
v 0.03303989 -0.01487863 0.30000000
v 0.03591331 -0.01181763 0.30000000
v 0.03027884 -0.01494502 0.30000000
v 0.02749798 -0.01501796 0.30000000
v 0.03042468 -0.01194836 0.30000000
v 0.02469564 -0.01506994 0.30000000
v 0.02187744 -0.01512523 0.30000000
v 0.02483026 -0.01205212 0.30000000
v 0.01904821 -0.01516249 0.30000000
v 0.01621672 -0.01519993 0.30000000
v 0.01916983 -0.01212929 0.30000000
v 0.01337225 -0.01522272 0.30000000
v 0.01052493 -0.01524251 0.30000000
v 0.01347977 -0.01217977 0.30000000
v 0.00766701 -0.01525087 0.30000000
v 0.00479716 -0.01525284 0.30000000
v 0.00775930 -0.01220399 0.30000000
v 0.00192661 -0.01524661 0.30000000
v -0.00095938 -0.01523053 0.30000000
v 0.00200270 -0.01220153 0.30000000
v -0.00383709 -0.01520930 0.30000000
v -0.00673110 -0.01517474 0.30000000
v -0.00377812 -0.01217191 0.30000000
v -0.00961290 -0.01513809 0.30000000
v -0.01250990 -0.01508463 0.30000000
v -0.00957176 -0.01211440 0.30000000
v -0.01539003 -0.01503195 0.30000000
v -0.01829064 -0.01495868 0.30000000
v -0.01536739 -0.01202866 0.30000000
v -0.02116411 -0.01488964 0.30000000
v -0.02405918 -0.01479627 0.30000000
v -0.02690664 -0.01468401 0.30000000
v -0.02115979 -0.01191311 0.30000000
v -0.03301190 -0.01001509 0.30000000
v -0.03303152 -0.01318757 0.30000000
v -0.03260475 -0.01446697 0.30000000
v -0.02979205 -0.01459503 0.30000000
v -0.02693132 -0.01176526 0.30000000
v -0.03560288 -0.01012828 0.30000000
v -0.03598511 -0.01147014 0.30000000
v -0.03562936 -0.01290678 0.30000000
v -0.03265242 -0.01159865 0.30000000
v 0.04154743 -0.00579051 0.30000000
v 0.04144760 -0.00871135 0.30000000
v 0.03874848 -0.00878538 0.30000000
v 0.03601129 -0.00883624 0.30000000
v 0.03328661 -0.00889765 0.30000000
v 0.03610722 -0.00587625 0.30000000
v 0.03051682 -0.00893962 0.30000000
v 0.02772715 -0.00898899 0.30000000
v 0.03060783 -0.00594715 0.30000000
v 0.02491565 -0.00902230 0.30000000
v 0.02208702 -0.00905973 0.30000000
v 0.02500064 -0.00600392 0.30000000
v 0.01924743 -0.00908429 0.30000000
v 0.01640432 -0.00910976 0.30000000
v 0.01932534 -0.00604665 0.30000000
v 0.01354869 -0.00912566 0.30000000
v 0.01068879 -0.00913921 0.30000000
v 0.01361867 -0.00607539 0.30000000
v 0.00781895 -0.00914673 0.30000000
v 0.00493533 -0.00914844 0.30000000
v 0.00788045 -0.00608999 0.30000000
v 0.00205233 -0.00914733 0.30000000
v -0.00084838 -0.00913690 0.30000000
v 0.00210455 -0.00609080 0.30000000
v -0.00373911 -0.00912692 0.30000000
v -0.00664861 -0.00910410 0.30000000
v -0.00369679 -0.00607738 0.30000000
v -0.00954391 -0.00908495 0.30000000
v -0.01245666 -0.00904945 0.30000000
v -0.00951200 -0.00604929 0.30000000
v -0.01535076 -0.00902123 0.30000000
v -0.01826766 -0.00897288 0.30000000
v -0.01532930 -0.00600642 0.30000000
v -0.02115472 -0.00893494 0.30000000
v -0.02406766 -0.00887307 0.30000000
v -0.02693174 -0.00879887 0.30000000
v -0.02114410 -0.00594814 0.30000000
v -0.03300764 -0.00452540 0.30000000
v -0.03301149 -0.00771725 0.30000000
v -0.02982285 -0.00874933 0.30000000
v -0.02693802 -0.00587359 0.30000000
v -0.03587993 -0.00489979 0.30000000
v -0.03590042 -0.00743198 0.30000000
v -0.03268138 -0.00576350 0.30000000
v 0.04158349 0.00291314 0.30000000
v 0.04161707 0.00001944 0.30000000
v 0.04158338 -0.00287436 0.30000000
v 0.03888349 -0.00290556 0.30000000
v 0.03614209 -0.00292013 0.30000000
v 0.03341543 -0.00294595 0.30000000
v 0.03617478 0.00001942 0.30000000
v 0.03064108 -0.00295843 0.30000000
v 0.02784817 -0.00297892 0.30000000
v 0.03067228 0.00001941 0.30000000
v 0.02503188 -0.00298936 0.30000000
v 0.02219908 -0.00300456 0.30000000
v 0.02506126 0.00001927 0.30000000
v 0.01935423 -0.00301302 0.30000000
v 0.01650617 -0.00302299 0.30000000
v 0.01938150 0.00001924 0.30000000
v 0.01364488 -0.00302956 0.30000000
v 0.01077903 -0.00303434 0.30000000
v 0.01366978 0.00001925 0.30000000
v 0.00790343 -0.00303882 0.30000000
v 0.00501341 -0.00303811 0.30000000
v 0.00792545 0.00001913 0.30000000
v 0.00212433 -0.00304077 0.30000000
v -0.00078347 -0.00303479 0.30000000
v 0.00214354 0.00001914 0.30000000
v -0.00368050 -0.00303552 0.30000000
v -0.00659770 -0.00302411 0.30000000
v -0.00366437 0.00001915 0.30000000
v -0.00949952 -0.00302274 0.30000000
v -0.01242016 -0.00300571 0.30000000
v -0.00948672 0.00001916 0.30000000
v -0.01532057 -0.00300241 0.30000000
v -0.01824596 -0.00297981 0.30000000
v -0.01531101 0.00001922 0.30000000
v -0.02113948 -0.00297414 0.30000000
v -0.02406107 -0.00294546 0.30000000
v -0.02113353 0.00001925 0.30000000
v -0.03300444 -0.00225996 0.30000000
v -0.02693734 -0.00293746 0.30000000
v -0.02983956 -0.00290273 0.30000000
v -0.02693484 0.00001944 0.30000000
v -0.03591631 0.00054839 0.30000000
v -0.03582870 -0.00211000 0.30000000
v -0.03268477 0.00002113 0.30000000
v 0.04144780 0.00875523 0.30000000
v 0.04154765 0.00583098 0.30000000
v 0.03888360 0.00294440 0.30000000
v 0.03614218 0.00295895 0.30000000
v 0.03341551 0.00298485 0.30000000
v 0.03064130 0.00299718 0.30000000
v 0.03610740 0.00591676 0.30000000
v 0.02784839 0.00301761 0.30000000
v 0.02503200 0.00302802 0.30000000
v 0.03060828 0.00598769 0.30000000
v 0.02219919 0.00304327 0.30000000
v 0.01935431 0.00305174 0.30000000
v 0.02500088 0.00604460 0.30000000
v 0.01650624 0.00306181 0.30000000
v 0.01364510 0.00306824 0.30000000
v 0.01932550 0.00608755 0.30000000
v 0.01077924 0.00307298 0.30000000
v 0.00790352 0.00307746 0.30000000
v 0.01361911 0.00611633 0.30000000
v 0.00501349 0.00307684 0.30000000
v 0.00212441 0.00307951 0.30000000
v 0.00788064 0.00613114 0.30000000
v -0.00078339 0.00307364 0.30000000
v -0.00368041 0.00307437 0.30000000
v 0.00210473 0.00613204 0.30000000
v -0.00659762 0.00306305 0.30000000
v -0.00949947 0.00306172 0.30000000
v -0.00369658 0.00611871 0.30000000
v -0.01242011 0.00304483 0.30000000
v -0.01532049 0.00304156 0.30000000
v -0.00951186 0.00609090 0.30000000
v -0.01824589 0.00301907 0.30000000
v -0.02113954 0.00301358 0.30000000
v -0.01532912 0.00604816 0.30000000
v -0.02406114 0.00298518 0.30000000
v -0.02693740 0.00297736 0.30000000
v -0.02114418 0.00599018 0.30000000
v -0.02984020 0.00294292 0.30000000
v -0.02693810 0.00591581 0.30000000
v -0.03582134 0.00842442 0.30000000
v -0.03596055 0.00585775 0.30000000
v -0.03571647 0.00333686 0.30000000
v -0.03268203 0.00290296 0.30000000
v -0.03499769 0.00290076 0.30000000
v -0.03268101 0.00582300 0.30000000
v 0.04118145 0.01464705 0.30000000
v 0.04134512 0.01170553 0.30000000
v 0.03874865 0.00882942 0.30000000
v 0.03601132 0.00888038 0.30000000
v 0.03328674 0.00894207 0.30000000
v 0.03051710 0.00898413 0.30000000
v 0.03591323 0.01186444 0.30000000
v 0.02772730 0.00903377 0.30000000
v 0.02491566 0.00906721 0.30000000
v 0.03042482 0.01199563 0.30000000
v 0.02208699 0.00910492 0.30000000
v 0.01924741 0.00912957 0.30000000
v 0.02483009 0.01210012 0.30000000
v 0.01640441 0.00915526 0.30000000
v 0.01354889 0.00917130 0.30000000
v 0.01916964 0.01217771 0.30000000
v 0.01068885 0.00918510 0.30000000
v 0.00781903 0.00919262 0.30000000
v 0.01347976 0.01222863 0.30000000
v 0.00493539 0.00919444 0.30000000
v 0.00205238 0.00919333 0.30000000
v 0.00775928 0.01225317 0.30000000
v -0.00084832 0.00918301 0.30000000
v -0.00373918 0.00917318 0.30000000
v 0.00200265 0.01225115 0.30000000
v -0.00664872 0.00915060 0.30000000
v -0.00954390 0.00913147 0.30000000
v -0.00377846 0.01222198 0.30000000
v -0.01245664 0.00909604 0.30000000
v -0.01535073 0.00906786 0.30000000
v -0.00957188 0.01216467 0.30000000
v -0.01826777 0.00901960 0.30000000
v -0.02115485 0.00898157 0.30000000
v -0.01536752 0.01207926 0.30000000
v -0.02406779 0.00891965 0.30000000
v -0.02115996 0.01196392 0.30000000
v -0.03261089 0.01451704 0.30000000
v -0.02693202 0.00884554 0.30000000
v -0.02983055 0.00879577 0.30000000
v -0.02693176 0.01181630 0.30000000
v -0.03596733 0.01122475 0.30000000
v -0.03591527 0.01386030 0.30000000
v -0.03497136 0.01444215 0.30000000
v -0.03266429 0.00870723 0.30000000
v -0.03512124 0.00866440 0.30000000
v -0.03265298 0.01163633 0.30000000
v 0.04078675 0.02058004 0.30000000
v 0.04101534 0.01762829 0.30000000
v 0.03848747 0.01475714 0.30000000
v 0.03575734 0.01483896 0.30000000
v 0.03303963 0.01493041 0.30000000
v 0.03027844 0.01499725 0.30000000
v 0.03560043 0.01784941 0.30000000
v 0.02749739 0.01507075 0.30000000
v 0.02469513 0.01512292 0.30000000
v 0.03013266 0.01803108 0.30000000
v 0.02187689 0.01517848 0.30000000
v 0.01904764 0.01521594 0.30000000
v 0.02456199 0.01817465 0.30000000
v 0.01621621 0.01525365 0.30000000
v 0.01337181 0.01527663 0.30000000
v 0.01892854 0.01828014 0.30000000
v 0.01052445 0.01529667 0.30000000
v 0.00766639 0.01530536 0.30000000
v 0.01326795 0.01834806 0.30000000
v 0.00479650 0.01530767 0.30000000
v 0.00192604 0.01530166 0.30000000
v 0.00757880 0.01837838 0.30000000
v -0.00096011 0.01528577 0.30000000
v -0.00383786 0.01526466 0.30000000
v 0.00185585 0.01837050 0.30000000
v -0.00673177 0.01523015 0.30000000
v -0.00961362 0.01519375 0.30000000
v -0.00388980 0.01832361 0.30000000
v -0.01251063 0.01514044 0.30000000
v -0.01539079 0.01508804 0.30000000
v -0.00964683 0.01823701 0.30000000
v -0.01829142 0.01501492 0.30000000
v -0.02116467 0.01494590 0.30000000
v -0.01540448 0.01810921 0.30000000
v -0.02406002 0.01485236 0.30000000
v -0.02115881 0.01793885 0.30000000
v -0.03257746 0.01745797 0.30000000
v -0.03249925 0.02033147 0.30000000
v -0.02690765 0.01474008 0.30000000
v -0.02979295 0.01465124 0.30000000
v -0.02689285 0.01772148 0.30000000
v 0.04055678 0.02357964 0.30000000
v 0.03810324 0.02072021 0.30000000
v 0.03538496 0.02082850 0.30000000
v 0.03267995 0.02094453 0.30000000
v 0.02993244 0.02103233 0.30000000
v 0.03517015 0.02385173 0.30000000
v 0.02716673 0.02112520 0.30000000
v 0.02437955 0.02119302 0.30000000
v 0.02973516 0.02407441 0.30000000
v 0.02157866 0.02126284 0.30000000
v 0.01876565 0.02131084 0.30000000
v 0.02420175 0.02424917 0.30000000
v 0.01595297 0.02135790 0.30000000
v 0.01312640 0.02138592 0.30000000
v 0.01860890 0.02437629 0.30000000
v 0.01029914 0.02141003 0.30000000
v 0.00746002 0.02141815 0.30000000
v 0.01299262 0.02445557 0.30000000
v 0.00461178 0.02141911 0.30000000
v 0.00176114 0.02140703 0.30000000
v 0.00735063 0.02448711 0.30000000
v -0.00110215 0.02138447 0.30000000
v -0.00395933 0.02135169 0.30000000
v 0.00167730 0.02447043 0.30000000
v -0.00682971 0.02130509 0.30000000
v -0.00969012 0.02125084 0.30000000
v -0.00401664 0.02440465 0.30000000
v -0.01256264 0.02117943 0.30000000
v -0.01542124 0.02110337 0.30000000
v -0.00971981 0.02428791 0.30000000
v -0.01829714 0.02100644 0.30000000
v -0.02114878 0.02090752 0.30000000
v -0.01542302 0.02411928 0.30000000
v -0.02401703 0.02078422 0.30000000
v -0.02112253 0.02389629 0.30000000
v -0.03243272 0.02327034 0.30000000
v -0.03230812 0.02612588 0.30000000
v -0.02684067 0.02063558 0.30000000
v -0.02970479 0.02050913 0.30000000
v -0.02680127 0.02361248 0.30000000
v 0.04477982 0.03145448 0.30000000
v 0.04221285 0.03229248 0.30000000
v 0.04515654 0.02877782 0.30000000
v 0.04291476 0.02637623 0.30000000
v 0.04026071 0.02653171 0.30000000
v 0.03959869 0.03246677 0.30000000
v 0.03759432 0.02669543 0.30000000
v 0.03489350 0.02682524 0.30000000
v 0.03996542 0.02953091 0.30000000
v 0.03220814 0.02696047 0.30000000
v 0.02948071 0.02706496 0.30000000
v 0.03462029 0.02984166 0.30000000
v 0.02673786 0.02717260 0.30000000
v 0.02397261 0.02725246 0.30000000
v 0.02923265 0.03009422 0.30000000
v 0.02119680 0.02733270 0.30000000
v 0.01840761 0.02738776 0.30000000
v 0.02375203 0.03029070 0.30000000
v 0.01562206 0.02744057 0.30000000
v 0.01282099 0.02747091 0.30000000
v 0.01821673 0.03043098 0.30000000
v 0.01002252 0.02749631 0.30000000
v 0.00721019 0.02750205 0.30000000
v 0.01266172 0.03051498 0.30000000
v 0.00439236 0.02749988 0.30000000
v 0.00156950 0.02748072 0.30000000
v 0.00708407 0.03054307 0.30000000
v -0.00126205 0.02745060 0.30000000
v -0.00409005 0.02740552 0.30000000
v 0.00147776 0.03051459 0.30000000
v -0.00692746 0.02734641 0.30000000
v -0.00975804 0.02727481 0.30000000
v -0.00414586 0.03042783 0.30000000
v -0.01259715 0.02718611 0.30000000
v -0.01542528 0.02708705 0.30000000
v -0.00977712 0.03028123 0.30000000
v -0.01826743 0.02696736 0.30000000
v -0.02108852 0.02683941 0.30000000
v -0.01540686 0.03007303 0.30000000
v -0.02391938 0.02668784 0.30000000
v -0.02103255 0.02979789 0.30000000
v -0.03219870 0.02904035 0.30000000
v -0.02671143 0.02650533 0.30000000
v -0.02954571 0.02634362 0.30000000
v -0.02663829 0.02945475 0.30000000
v 0.03923624 0.03544571 0.30000000
v 0.03619109 0.03852344 0.30000000
v 0.03879793 0.03833489 0.30000000
v 0.03695713 0.03264713 0.30000000
v 0.03428119 0.03279192 0.30000000
v 0.03092884 0.03882987 0.30000000
v 0.03354869 0.03867642 0.30000000
v 0.03162375 0.03293988 0.30000000
v 0.02892389 0.03305546 0.30000000
v 0.03394959 0.03578074 0.30000000
v 0.02559615 0.03907027 0.30000000
v 0.02826541 0.03895055 0.30000000
v 0.02621270 0.03317232 0.30000000
v 0.02347744 0.03325939 0.30000000
v 0.02862618 0.03605089 0.30000000
v 0.02020374 0.03924597 0.30000000
v 0.02289988 0.03915961 0.30000000
v 0.02073615 0.03334528 0.30000000
v 0.01797931 0.03340354 0.30000000
v 0.02321642 0.03625831 0.30000000
v 0.01478651 0.03935610 0.30000000
v 0.01748878 0.03930346 0.30000000
v 0.01523022 0.03345833 0.30000000
v 0.01246309 0.03348812 0.30000000
v 0.01775756 0.03640308 0.30000000
v 0.00935132 0.03940136 0.30000000
v 0.01206284 0.03938210 0.30000000
v 0.00970282 0.03351207 0.30000000
v 0.00692610 0.03351331 0.30000000
v 0.01228235 0.03648506 0.30000000
v 0.00389244 0.03938150 0.30000000
v 0.00661964 0.03939592 0.30000000
v 0.00414814 0.03350605 0.30000000
v 0.00136232 0.03347814 0.30000000
v 0.00678819 0.03650454 0.30000000
v -0.00158369 0.03929443 0.30000000
v 0.00115366 0.03934362 0.30000000
v -0.00142745 0.03343900 0.30000000
v -0.00421719 0.03338109 0.30000000
v 0.00126881 0.03646065 0.30000000
v -0.00432557 0.03922353 0.30000000
v -0.00706680 0.03913894 0.30000000
v -0.00701188 0.03330913 0.30000000
v -0.00980337 0.03322036 0.30000000
v -0.00426495 0.03635139 0.30000000
v -0.01255005 0.03891209 0.30000000
v -0.00980894 0.03903355 0.30000000
v -0.01259890 0.03311476 0.30000000
v -0.01538711 0.03299391 0.30000000
v -0.00980443 0.03617527 0.30000000
v -0.02073245 0.03841478 0.30000000
v -0.01802579 0.03861193 0.30000000
v -0.01528861 0.03877125 0.30000000
v -0.01818308 0.03285309 0.30000000
v -0.01534058 0.03592958 0.30000000
v -0.02618876 0.03799352 0.30000000
v -0.02349240 0.03823318 0.30000000
v -0.02094138 0.03267879 0.30000000
v -0.02375147 0.03252124 0.30000000
v -0.02087274 0.03560746 0.30000000
v -0.03160469 0.03748661 0.30000000
v -0.02893444 0.03777130 0.30000000
v -0.02650117 0.03230773 0.30000000
v -0.02929638 0.03211355 0.30000000
v -0.02638504 0.03521065 0.30000000
v -0.03591595 0.03654235 0.30000000
v -0.03597034 0.03448935 0.30000000
v -0.03574124 0.03225414 0.30000000
v -0.03411534 0.03724759 0.30000000
v -0.03444417 0.03166678 0.30000000
v -0.03201758 0.03185955 0.30000000
v -0.03185543 0.03473176 0.30000000
v 0.06102953 -0.04387255 0.30000000
v 0.06399819 -0.04187072 0.30000000
v 0.06669406 -0.04150772 0.30000000
v 0.06883837 -0.04274120 0.30000000
v 0.06843677 -0.03973723 0.30000000
v 0.06915275 -0.04126750 0.30000000
v 0.07049268 -0.04118775 0.30000000
v 0.08322086 0.03681649 0.30000000
v 0.08271510 0.03904803 0.30000000
v 0.08041264 0.03965110 0.30000000
v 0.08296975 0.04029349 0.30000000
v 0.08230517 0.04223576 0.30000000
v 0.08093720 0.04075361 0.30000000
v 0.08167416 0.03948155 0.30000000
v 0.08404597 0.03294242 0.30000000
v 0.08418800 0.03199747 0.30000000
v 0.08367993 0.03426323 0.30000000
v 0.08169328 0.03585815 0.30000000
v 0.08460211 0.02951175 0.30000000
v 0.08493519 0.02880726 0.30000000
v 0.08521357 0.02645686 0.30000000
v 0.08272752 0.03032805 0.30000000
v 0.08583991 0.02214452 0.30000000
v 0.08594673 0.02105487 0.30000000
v 0.08552913 0.02380520 0.30000000
v 0.08353895 0.02486159 0.30000000
v 0.08624803 0.01853219 0.30000000
v 0.08653384 0.01641164 0.30000000
v 0.08664014 0.01474447 0.30000000
v 0.08424694 0.01932285 0.30000000
v 0.08688037 0.01221739 0.30000000
v 0.08702372 0.01050797 0.30000000
v 0.08482695 0.01379818 0.30000000
v 0.08716940 0.00791421 0.30000000
v 0.08731319 0.00558209 0.30000000
v 0.08524767 0.00833748 0.30000000
v 0.08741690 0.00284623 0.30000000
v 0.08745875 -0.00024962 0.30000000
v 0.08549681 0.00287137 0.30000000
v 0.08741014 -0.00300225 0.30000000
v 0.08740420 -0.00537318 0.30000000
v 0.08728081 -0.00752419 0.30000000
v 0.08551235 -0.00264008 0.30000000
v 0.08687032 -0.01368787 0.30000000
v 0.08715093 -0.01007297 0.30000000
v 0.08709619 -0.01133989 0.30000000
v 0.08532527 -0.00820510 0.30000000
v 0.08664479 -0.01621669 0.30000000
v 0.08655347 -0.01701422 0.30000000
v 0.08624059 -0.01922100 0.30000000
v 0.08494221 -0.01379912 0.30000000
v 0.08592634 -0.02182509 0.30000000
v 0.08561889 -0.02351163 0.30000000
v 0.08433626 -0.01936748 0.30000000
v 0.08528883 -0.02619696 0.30000000
v 0.08472298 -0.02919898 0.30000000
v 0.08357669 -0.02487450 0.30000000
v 0.08421315 -0.03279609 0.30000000
v 0.08422684 -0.03188488 0.30000000
v 0.08359582 -0.03466576 0.30000000
v 0.08271675 -0.03035281 0.30000000
v 0.08303843 -0.03718192 0.30000000
v 0.08279651 -0.03839980 0.30000000
v 0.08165619 -0.03586626 0.30000000
v 0.08306453 -0.03926606 0.30000000
v 0.08281533 -0.04034181 0.30000000
v 0.08212049 -0.04247382 0.30000000
v 0.08150370 -0.03948253 0.30000000
v 0.08038015 -0.03961643 0.30000000
v 0.08078475 -0.04072033 0.30000000
v 0.07849240 -0.04105810 0.30000000
v 0.04926919 -0.03309367 0.30000000
v 0.04882039 -0.03591289 0.30000000
v 0.04892902 -0.03450126 0.30000000
v 0.04763327 -0.04110240 0.30000000
v 0.04775628 -0.04008573 0.30000000
v 0.04820055 -0.03838874 0.30000000
v 0.05042516 -0.03736649 0.30000000
v 0.05016082 -0.02772975 0.30000000
v 0.04981827 -0.03058027 0.30000000
v 0.04993918 -0.02899616 0.30000000
v 0.05173504 -0.03152719 0.30000000
v 0.04914756 0.03366899 0.30000000
v 0.04888583 0.03493483 0.30000000
v 0.04872666 0.03660933 0.30000000
v 0.04968505 0.03108391 0.30000000
v 0.05001424 0.02849240 0.30000000
v 0.05039034 0.02570196 0.30000000
v 0.05170032 0.03155890 0.30000000
v 0.05084544 0.02284431 0.30000000
v 0.05104376 0.02006535 0.30000000
v 0.05281619 0.02571126 0.30000000
v 0.05133271 0.01727316 0.30000000
v 0.05355648 0.02006394 0.30000000
v 0.05147479 0.01437841 0.30000000
v 0.05152169 0.01150923 0.30000000
v 0.05400711 0.01446711 0.30000000
v 0.05155412 0.00860107 0.30000000
v 0.05154019 0.00559273 0.30000000
v 0.05423376 0.00875745 0.30000000
v 0.05152715 0.00270813 0.30000000
v 0.05150291 -0.00030539 0.30000000
v 0.05430266 0.00296344 0.30000000
v 0.05148240 -0.00314767 0.30000000
v 0.05147753 -0.00603724 0.30000000
v 0.05149360 -0.00882687 0.30000000
v 0.05426209 -0.00287330 0.30000000
v 0.05142854 -0.01168194 0.30000000
v 0.05141443 -0.01438714 0.30000000
v 0.05414282 -0.00870150 0.30000000
v 0.05126324 -0.01723706 0.30000000
v 0.05114568 -0.01978568 0.30000000
v 0.05392054 -0.01445607 0.30000000
v 0.05059308 -0.02511231 0.30000000
v 0.05082698 -0.02263044 0.30000000
v 0.05276732 -0.02567862 0.30000000
v 0.05349221 -0.02005911 0.30000000
v 0.04754859 0.04185742 0.30000000
v 0.04809160 0.03905918 0.30000000
v 0.04771149 0.04035079 0.30000000
v 0.05042150 0.03740462 0.30000000
v 0.05018679 0.04270906 0.30000000
v 0.06874708 0.04279194 0.30000000
v 0.06676493 0.04153312 0.30000000
v 0.07880198 0.04099647 0.30000000
v 0.07136318 0.04253104 0.30000000
v 0.07037927 0.04122942 0.30000000
v 0.06921303 0.04127365 0.30000000
v 0.06847509 0.03974477 0.30000000
v 0.07209042 0.04086148 0.30000000
v 0.05821332 -0.04412324 0.30000000
v 0.05991271 -0.04222404 0.30000000
v 0.06150283 -0.04195029 0.30000000
v 0.06310629 -0.04001275 0.30000000
v 0.05844724 -0.04229559 0.30000000
v 0.06379613 -0.03729093 0.30000000
v 0.06111789 -0.03735760 0.30000000
v 0.06647882 -0.03721117 0.30000000
v 0.06913277 -0.03706224 0.30000000
v 0.06449699 -0.03441490 0.30000000
v 0.06242793 -0.03153853 0.30000000
v 0.06508827 -0.03148356 0.30000000
v 0.06778951 -0.03142102 0.30000000
v 0.06564296 -0.02866898 0.30000000
v 0.06343039 -0.02585780 0.30000000
v 0.06611833 -0.02580531 0.30000000
v 0.06883767 -0.02574739 0.30000000
v 0.06657094 -0.02305885 0.30000000
v 0.06424128 -0.02033214 0.30000000
v 0.06697911 -0.02025268 0.30000000
v 0.06971331 -0.02016667 0.30000000
v 0.06738341 -0.01744279 0.30000000
v 0.06494821 -0.01469082 0.30000000
v 0.06771586 -0.01459589 0.30000000
v 0.07044891 -0.01449496 0.30000000
v 0.06804679 -0.01168672 0.30000000
v 0.06548116 -0.00885694 0.30000000
v 0.06826053 -0.00878225 0.30000000
v 0.07098202 -0.00870436 0.30000000
v 0.06846880 -0.00581975 0.30000000
v 0.06576088 -0.00292292 0.30000000
v 0.06853981 -0.00289072 0.30000000
v 0.07125146 -0.00285797 0.30000000
v 0.06860222 0.00005609 0.30000000
v 0.06574877 0.00302477 0.30000000
v 0.06852493 0.00300511 0.30000000
v 0.07123577 0.00298706 0.30000000
v 0.06844172 0.00590934 0.30000000
v 0.06546026 0.00891167 0.30000000
v 0.06822704 0.00884697 0.30000000
v 0.07094291 0.00878461 0.30000000
v 0.06801093 0.01171874 0.30000000
v 0.06494159 0.01467759 0.30000000
v 0.06768734 0.01458900 0.30000000
v 0.07040712 0.01450118 0.30000000
v 0.06736425 0.01741591 0.30000000
v 0.06426330 0.02027801 0.30000000
v 0.06697458 0.02019877 0.30000000
v 0.06969020 0.02011726 0.30000000
v 0.06657904 0.02301180 0.30000000
v 0.06346666 0.02582099 0.30000000
v 0.06613543 0.02576199 0.30000000
v 0.06884000 0.02569736 0.30000000
v 0.06566655 0.02864195 0.30000000
v 0.06382952 0.03730325 0.30000000
v 0.06246273 0.03153424 0.30000000
v 0.06651214 0.03721726 0.30000000
v 0.06916122 0.03706824 0.30000000
v 0.06511585 0.03147164 0.30000000
v 0.06781066 0.03139955 0.30000000
v 0.06452686 0.03441545 0.30000000
v 0.06314077 0.04003857 0.30000000
v 0.06115622 0.03737491 0.30000000
v 0.05354058 0.04475170 0.30000000
v 0.05840543 0.04243574 0.30000000
v 0.05305483 0.03741674 0.30000000
v 0.05230943 0.04027575 0.30000000
v 0.05281603 0.04276048 0.30000000
v 0.05772924 0.04020547 0.30000000
v 0.05567244 0.04247712 0.30000000
v 0.05378195 0.03453083 0.30000000
v 0.05440223 0.03157736 0.30000000
v 0.05914092 0.03452020 0.30000000
v 0.05843718 0.03740334 0.30000000
v 0.05577092 0.03742227 0.30000000
v 0.05499312 0.02867679 0.30000000
v 0.05545522 0.02575753 0.30000000
v 0.06031773 0.02869411 0.30000000
v 0.05974600 0.03156341 0.30000000
v 0.05709546 0.03158549 0.30000000
v 0.05589026 0.02295699 0.30000000
v 0.06118120 0.02305881 0.30000000
v 0.06076076 0.02581076 0.30000000
v 0.05813463 0.02579389 0.30000000
v 0.05619660 0.02015177 0.30000000
v 0.05647500 0.01741918 0.30000000
v 0.06186762 0.01751047 0.30000000
v 0.06152494 0.02027240 0.30000000
v 0.05886369 0.02025719 0.30000000
v 0.05666714 0.01457914 0.30000000
v 0.05683281 0.01173879 0.30000000
v 0.06244029 0.01182433 0.30000000
v 0.06215174 0.01470318 0.30000000
v 0.05942540 0.01471747 0.30000000
v 0.05693727 0.00884213 0.30000000
v 0.05701639 0.00592093 0.30000000
v 0.06282450 0.00597513 0.30000000
v 0.06263302 0.00894059 0.30000000
v 0.05981509 0.00895817 0.30000000
v 0.05704677 0.00298724 0.30000000
v 0.05705640 0.00002957 0.30000000
v 0.05702054 -0.00289715 0.30000000
v 0.06290223 -0.00294197 0.30000000
v 0.06296299 0.00004995 0.30000000
v 0.06289767 0.00303909 0.30000000
v 0.06001111 0.00304197 0.30000000
v 0.05696931 -0.00584734 0.30000000
v 0.05687039 -0.00879593 0.30000000
v 0.06263461 -0.00889219 0.30000000
v 0.06283006 -0.00590462 0.30000000
v 0.05998774 -0.00294833 0.30000000
v 0.05675098 -0.01170697 0.30000000
v 0.05657696 -0.01458787 0.30000000
v 0.06213051 -0.01472021 0.30000000
v 0.06243321 -0.01180934 0.30000000
v 0.05977445 -0.00891347 0.30000000
v 0.05638205 -0.01741737 0.30000000
v 0.05611087 -0.02017058 0.30000000
v 0.06147868 -0.02031624 0.30000000
v 0.06183031 -0.01754404 0.30000000
v 0.05936779 -0.01473664 0.30000000
v 0.05581264 -0.02297131 0.30000000
v 0.06071183 -0.02582872 0.30000000
v 0.06112905 -0.02309142 0.30000000
v 0.05880572 -0.02029375 0.30000000
v 0.05494828 -0.02865380 0.30000000
v 0.05539345 -0.02574141 0.30000000
v 0.05970251 -0.03155904 0.30000000
v 0.06027567 -0.02869648 0.30000000
v 0.05807804 -0.02579692 0.30000000
v 0.05375405 -0.03449537 0.30000000
v 0.05436371 -0.03155419 0.30000000
v 0.05839415 -0.03737755 0.30000000
v 0.05909855 -0.03450403 0.30000000
v 0.05705240 -0.03157211 0.30000000
v 0.05302354 -0.03738138 0.30000000
v 0.05227703 -0.04022899 0.30000000
v 0.05580574 -0.04241955 0.30000000
v 0.05768827 -0.04016467 0.30000000
v 0.05573610 -0.03738794 0.30000000
v 0.05023884 -0.04264857 0.30000000
v 0.05377122 -0.04468034 0.30000000
v 0.05287617 -0.04271025 0.30000000
v 0.06389636 0.04191809 0.30000000
v 0.06125905 0.04210785 0.30000000
v 0.05931565 0.04398010 0.30000000
v 0.07134877 -0.04248527 0.30000000
v 0.07193614 -0.04084170 0.30000000
v 0.07365159 -0.03929867 0.30000000
v 0.07873859 -0.03865653 0.30000000
v 0.07815344 -0.03970460 0.30000000
v 0.07670315 -0.04026324 0.30000000
v 0.07433218 -0.04065829 0.30000000
v 0.07175491 -0.03689582 0.30000000
v 0.06984037 -0.03419503 0.30000000
v 0.07044017 -0.03129067 0.30000000
v 0.07434107 -0.03666647 0.30000000
v 0.08001574 -0.03333029 0.30000000
v 0.07936289 -0.03614585 0.30000000
v 0.07689141 -0.03641645 0.30000000
v 0.07504049 -0.03381424 0.30000000
v 0.07099959 -0.02847774 0.30000000
v 0.07148266 -0.02562954 0.30000000
v 0.07306490 -0.03114862 0.30000000
v 0.07562489 -0.03095427 0.30000000
v 0.08100757 -0.02779767 0.30000000
v 0.08052853 -0.03054885 0.30000000
v 0.07812991 -0.03074773 0.30000000
v 0.07616651 -0.02815520 0.30000000
v 0.07194153 -0.02285924 0.30000000
v 0.07234948 -0.02004101 0.30000000
v 0.07410439 -0.02550636 0.30000000
v 0.07662395 -0.02535300 0.30000000
v 0.08180511 -0.02228540 0.30000000
v 0.08142201 -0.02503292 0.30000000
v 0.07907147 -0.02519680 0.30000000
v 0.07705610 -0.02258110 0.30000000
v 0.07275022 -0.01722326 0.30000000
v 0.07307323 -0.01437145 0.30000000
v 0.07495736 -0.01991531 0.30000000
v 0.07743500 -0.01977954 0.30000000
v 0.08248424 -0.01671775 0.30000000
v 0.08215804 -0.01950387 0.30000000
v 0.07984964 -0.01964990 0.30000000
v 0.07780268 -0.01697320 0.30000000
v 0.07339299 -0.01149230 0.30000000
v 0.07359679 -0.00861058 0.30000000
v 0.07565502 -0.01425187 0.30000000
v 0.07810014 -0.01412887 0.30000000
v 0.08300625 -0.01109958 0.30000000
v 0.08275607 -0.01389973 0.30000000
v 0.08049323 -0.01401866 0.30000000
v 0.07839041 -0.01128971 0.30000000
v 0.07379630 -0.00570065 0.30000000
v 0.07386202 -0.00281305 0.30000000
v 0.07615198 -0.00852421 0.30000000
v 0.07857761 -0.00843082 0.30000000
v 0.08332945 -0.00547063 0.30000000
v 0.08317564 -0.00826752 0.30000000
v 0.08094637 -0.00835418 0.30000000
v 0.07875898 -0.00557944 0.30000000
v 0.07392152 0.00007489 0.30000000
v 0.07640000 -0.00277818 0.30000000
v 0.07881943 -0.00272925 0.30000000
v 0.08336283 0.00288070 0.30000000
v 0.08342720 0.00011246 0.30000000
v 0.08338212 -0.00265572 0.30000000
v 0.08117090 -0.00269969 0.30000000
v 0.07887434 0.00010004 0.30000000
v 0.07384463 0.00296281 0.30000000
v 0.07376411 0.00582380 0.30000000
v 0.07638486 0.00295122 0.30000000
v 0.08312317 0.00840373 0.30000000
v 0.08329257 0.00564980 0.30000000
v 0.07880293 0.00292453 0.30000000
v 0.08115121 0.00291947 0.30000000
v 0.07872886 0.00573994 0.30000000
v 0.07355404 0.00870516 0.30000000
v 0.07334326 0.01154834 0.30000000
v 0.07610842 0.00863982 0.30000000
v 0.08268442 0.01391100 0.30000000
v 0.08293931 0.01117353 0.30000000
v 0.07853496 0.00855713 0.30000000
v 0.08089451 0.00849695 0.30000000
v 0.07833820 0.01136514 0.30000000
v 0.07302475 0.01438308 0.30000000
v 0.07270439 0.01720813 0.30000000
v 0.07559897 0.01427740 0.30000000
v 0.08209370 0.01945494 0.30000000
v 0.08240449 0.01671093 0.30000000
v 0.07804481 0.01415158 0.30000000
v 0.08042406 0.01404611 0.30000000
v 0.07774389 0.01696542 0.30000000
v 0.07231489 0.01999024 0.30000000
v 0.07191552 0.02281261 0.30000000
v 0.07491278 0.01986978 0.30000000
v 0.08139246 0.02500260 0.30000000
v 0.08175210 0.02225490 0.30000000
v 0.07738635 0.01972906 0.30000000
v 0.07979406 0.01960137 0.30000000
v 0.07701364 0.02253819 0.30000000
v 0.07147016 0.02557738 0.30000000
v 0.07099779 0.02844295 0.30000000
v 0.07408658 0.02545427 0.30000000
v 0.08053800 0.03052557 0.30000000
v 0.08100496 0.02776171 0.30000000
v 0.07659848 0.02530290 0.30000000
v 0.07905013 0.02515156 0.30000000
v 0.07615625 0.02811933 0.30000000
v 0.07178318 0.03690027 0.30000000
v 0.07044963 0.03126853 0.30000000
v 0.06986027 0.03418648 0.30000000
v 0.07307226 0.03112513 0.30000000
v 0.07939409 0.03614300 0.30000000
v 0.08003760 0.03331545 0.30000000
v 0.07562796 0.03093204 0.30000000
v 0.07813593 0.03072619 0.30000000
v 0.07505692 0.03380397 0.30000000
v 0.07821205 0.03966729 0.30000000
v 0.07877860 0.03865955 0.30000000
v 0.07704752 0.04019885 0.30000000
v 0.07451282 0.04065763 0.30000000
v 0.07369335 0.03928997 0.30000000
v 0.07436782 0.03667060 0.30000000
v 0.07691906 0.03641934 0.30000000
v -0.07544729 0.06720102 0.30000000
v -0.07895391 0.05972736 0.30000000
v -0.07979525 0.05779586 0.30000000
v -0.07583280 0.03903400 0.30000000
v -0.07547894 0.03918221 0.30000000
v -0.07637629 0.03720264 0.30000000
v -0.06991603 0.03716313 0.30000000
v -0.07058642 0.03773660 0.30000000
v -0.06939851 0.04000651 0.30000000
v -0.06031320 0.03873872 0.30000000
v -0.05875047 0.04015028 0.30000000
v -0.06057918 0.03941570 0.30000000
v -0.06157537 0.04014747 0.30000000
v -0.05994572 0.04133598 0.30000000
v -0.05446838 0.04112446 0.30000000
v -0.05239368 0.04176695 0.30000000
v -0.05546705 0.04243813 0.30000000
v -0.05660909 0.04220402 0.30000000
v -0.05696586 0.04259122 0.30000000
v -0.05352144 0.04345181 0.30000000
v -0.04434843 0.04372287 0.30000000
v -0.04630808 0.04311973 0.30000000
v -0.04691002 0.04332074 0.30000000
v -0.02062135 0.04668894 0.30000000
v -0.01768555 0.04685051 0.30000000
v -0.02154913 0.04840935 0.30000000
v -0.02006867 0.04907954 0.30000000
v -0.00845473 0.04764139 0.30000000
v -0.00535792 0.04770804 0.30000000
v -0.00753338 0.05020422 0.30000000
v -0.00078776 0.07085483 0.30000000
v 0.00221894 0.07091637 0.30000000
v -0.00067481 0.07043202 0.30000000
v -0.00312993 0.06954245 0.30000000
v -0.00019578 0.06967223 0.30000000
v 0.00226928 0.06973198 0.30000000
v -0.00020170 0.06877270 0.30000000
v -0.00217952 0.06771019 0.30000000
v 0.00029405 0.06778771 0.30000000
v 0.00229936 0.06777084 0.30000000
v 0.00027510 0.06670591 0.30000000
v -0.00121074 0.06556057 0.30000000
v 0.00079347 0.06555550 0.30000000
v 0.00218796 0.06545990 0.30000000
v 0.00077100 0.06431630 0.30000000
v -0.00020759 0.06308537 0.30000000
v 0.00132780 0.06300824 0.30000000
v 0.00128981 0.06159249 0.30000000
v 0.00081552 0.06027462 0.30000000
v 0.00181907 0.06015242 0.30000000
v 0.00191267 0.05861148 0.30000000
v -0.03579342 0.04615780 0.30000000
v -0.03240236 0.04674439 0.30000000
v -0.03334491 0.04644525 0.30000000
v -0.06760153 0.03914628 0.30000000
v -0.06602841 0.03806279 0.30000000
v -0.06666410 0.03652779 0.30000000
v -0.06737814 0.03720569 0.30000000
v -0.06975223 0.03533459 0.30000000
v -0.06862596 0.03767984 0.30000000
v -0.06781286 0.03723083 0.30000000
v -0.06811720 0.03610897 0.30000000
v -0.07171604 0.03789162 0.30000000
v -0.07332987 0.03420666 0.30000000
v -0.07130744 0.03473237 0.30000000
v -0.07090850 0.03755517 0.30000000
v -0.07227565 0.03521050 0.30000000
v -0.07254603 0.03382330 0.30000000
v -0.07409065 0.03372758 0.30000000
v -0.07415728 0.03256825 0.30000000
v -0.07376970 0.03577727 0.30000000
v -0.07459259 0.03417772 0.30000000
v -0.07510846 0.03209663 0.30000000
v -0.07506139 0.03377550 0.30000000
v -0.07569839 0.03702905 0.30000000
v -0.07488681 0.03641860 0.30000000
v -0.07633541 0.03340279 0.30000000
v -0.07565640 0.03336148 0.30000000
v -0.07608875 0.03124020 0.30000000
v -0.07606556 0.03367081 0.30000000
v -0.07689798 0.03059978 0.30000000
v -0.08061718 0.05554563 0.30000000
v -0.07724208 0.03546475 0.30000000
v -0.08098628 0.05389989 0.30000000
v -0.07736847 0.03452009 0.30000000
v -0.07721504 0.03420515 0.30000000
v -0.07797491 0.03287294 0.30000000
v -0.08148309 0.05255949 0.30000000
v -0.07883510 0.02993821 0.30000000
v -0.07789774 0.02913068 0.30000000
v -0.07835326 0.03007828 0.30000000
v -0.07693845 0.03394483 0.30000000
v -0.07661282 0.03367561 0.30000000
v -0.07741592 0.03060149 0.30000000
v -0.07792157 0.03133149 0.30000000
v -0.07812740 0.02962853 0.30000000
v -0.07861337 0.02962590 0.30000000
v -0.07870709 0.02830816 0.30000000
v -0.08168617 0.05137732 0.30000000
v -0.07891646 0.02913419 0.30000000
v -0.07928875 0.02829892 0.30000000
v -0.07919907 0.02753744 0.30000000
v -0.08202681 0.05025803 0.30000000
v -0.08232347 0.04865097 0.30000000
v -0.07982009 0.02598167 0.30000000
v -0.07041844 0.07503769 0.30000000
v -0.06943391 0.07546596 0.30000000
v -0.06829389 0.07682577 0.30000000
v -0.06488412 0.08097488 0.30000000
v -0.06841158 0.05100679 0.30000000
v -0.03647654 0.06011011 0.30000000
v -0.03285062 0.06046804 0.30000000
v -0.03580056 0.05901770 0.30000000
v -0.03882134 0.05746381 0.30000000
v -0.03509758 0.05789676 0.30000000
v -0.03149397 0.05814856 0.30000000
v -0.03439940 0.05667310 0.30000000
v -0.03736336 0.05510232 0.30000000
v -0.03367041 0.05542235 0.30000000
v -0.03009365 0.05556687 0.30000000
v -0.03295268 0.05407136 0.30000000
v -0.03431282 0.04962933 0.30000000
v -0.03585905 0.05248909 0.30000000
v -0.03220046 0.05269279 0.30000000
v -0.02433085 0.05104733 0.30000000
v -0.03068825 0.04971362 0.30000000
v -0.02865109 0.05272836 0.30000000
v -0.03146331 0.05121792 0.30000000
v -0.02925872 0.04673208 0.30000000
v -0.02713903 0.04677349 0.30000000
v -0.02568635 0.04694237 0.30000000
v -0.02390879 0.04731278 0.30000000
v -0.02357960 0.04942790 0.30000000
v -0.02992917 0.04811851 0.30000000
v -0.02716355 0.04963798 0.30000000
v -0.03043102 0.06284725 0.30000000
v -0.02980618 0.06179008 0.30000000
v -0.02914818 0.06069475 0.30000000
v -0.02682584 0.06301917 0.30000000
v -0.02850310 0.05950141 0.30000000
v -0.02782133 0.05827046 0.30000000
v -0.02556554 0.06076728 0.30000000
v -0.02715673 0.05694451 0.30000000
v -0.02645231 0.05558022 0.30000000
v -0.02426318 0.05824193 0.30000000
v -0.02152372 0.05239102 0.30000000
v -0.02576708 0.05412478 0.30000000
v -0.02503939 0.05262953 0.30000000
v -0.02291715 0.05544823 0.30000000
v -0.01486697 0.04812714 0.30000000
v -0.01186426 0.04836403 0.30000000
v -0.01660532 0.04874369 0.30000000
v -0.01727499 0.05033223 0.30000000
v -0.01026107 0.04921042 0.30000000
v -0.01098352 0.05092224 0.30000000
v -0.01796750 0.05202233 0.30000000
v -0.01168382 0.05263986 0.30000000
v -0.01867766 0.05363073 0.30000000
v -0.01448894 0.05153366 0.30000000
v -0.02002624 0.05666549 0.30000000
v -0.01934209 0.05519015 0.30000000
v -0.01585457 0.05480918 0.30000000
v -0.02132522 0.05943049 0.30000000
v -0.02066529 0.05809161 0.30000000
v -0.01716475 0.05781535 0.30000000
v -0.02257882 0.06192043 0.30000000
v -0.02194157 0.06072098 0.30000000
v -0.01842356 0.06054590 0.30000000
v -0.02379042 0.06413017 0.30000000
v -0.02317494 0.06307270 0.30000000
v -0.01963626 0.06299532 0.30000000
v -0.02436791 0.06514121 0.30000000
v -0.02080784 0.06515903 0.30000000
v -0.00889466 0.05369475 0.30000000
v -0.01234144 0.05430643 0.30000000
v -0.01301391 0.05589224 0.30000000
v -0.01364137 0.05742190 0.30000000
v -0.01428631 0.05886926 0.30000000
v -0.01019375 0.05691843 0.30000000
v -0.01488537 0.06025892 0.30000000
v -0.01550476 0.06156314 0.30000000
v -0.01143194 0.05986108 0.30000000
v -0.01607874 0.06281033 0.30000000
v -0.01667521 0.06396847 0.30000000
v -0.01261416 0.06251370 0.30000000
v -0.01722788 0.06507137 0.30000000
v -0.01780426 0.06608135 0.30000000
v -0.01374750 0.06487142 0.30000000
v -0.01833941 0.06703835 0.30000000
v -0.01484033 0.06693148 0.30000000
v -0.00651474 0.06982490 0.30000000
v -0.00604218 0.06898629 0.30000000
v -0.01238157 0.06858499 0.30000000
v -0.00552878 0.06808971 0.30000000
v -0.00504016 0.06710024 0.30000000
v -0.01134037 0.06673128 0.30000000
v -0.01188218 0.06768667 0.30000000
v -0.00895051 0.06837878 0.30000000
v -0.00450987 0.06604720 0.30000000
v -0.00399891 0.06490302 0.30000000
v -0.01026388 0.06457473 0.30000000
v -0.01082422 0.06568351 0.30000000
v -0.00792326 0.06643275 0.30000000
v -0.00344621 0.06369087 0.30000000
v -0.00290704 0.06238996 0.30000000
v -0.00914205 0.06211504 0.30000000
v -0.00972546 0.06337684 0.30000000
v -0.00685669 0.06417911 0.30000000
v -0.00232668 0.06101822 0.30000000
v -0.00175401 0.05956118 0.30000000
v -0.00796571 0.05935498 0.30000000
v -0.00857619 0.06076750 0.30000000
v -0.00573982 0.06161635 0.30000000
v -0.00120606 0.05817006 0.30000000
v -0.00084659 0.05761952 0.30000000
v -0.00672825 0.05630088 0.30000000
v -0.00736847 0.05785965 0.30000000
v -0.00456270 0.05874754 0.30000000
v -0.00542595 0.05296496 0.30000000
v -0.00609721 0.05466221 0.30000000
v -0.00332331 0.05557985 0.30000000
v 0.00210381 0.05665790 0.30000000
v -0.00086038 0.05613876 0.30000000
v -0.00024185 0.05445295 0.30000000
v 0.00047349 0.04878374 0.30000000
v -0.00253458 0.04868653 0.30000000
v -0.00412057 0.04951113 0.30000000
v -0.00476065 0.05119074 0.30000000
v -0.00205443 0.05211893 0.30000000
v 0.00234201 0.04925425 0.30000000
v -0.00018595 0.05261327 0.30000000
v 0.00221051 0.05309067 0.30000000
v 0.00046778 0.05079975 0.30000000
v -0.06188973 0.04269228 0.30000000
v -0.06417858 0.04043914 0.30000000
v -0.06502333 0.04083674 0.30000000
v -0.05781464 0.04351681 0.30000000
v -0.05881166 0.04419003 0.30000000
v -0.05544832 0.04556359 0.30000000
v -0.07477253 0.06849755 0.30000000
v -0.07287350 0.07134468 0.30000000
v -0.07434603 0.04208237 0.30000000
v -0.07072050 0.04110782 0.30000000
v -0.07230942 0.03839595 0.30000000
v -0.07286283 0.03888538 0.30000000
v -0.07336591 0.03929724 0.30000000
v -0.07381248 0.03967722 0.30000000
v -0.07181292 0.04204542 0.30000000
v -0.07420193 0.04166511 0.30000000
v -0.07454427 0.04023518 0.30000000
v -0.07421218 0.03998036 0.30000000
v -0.07333205 0.04336903 0.30000000
v -0.07270215 0.04276160 0.30000000
v -0.06268815 0.03831384 0.30000000
v -0.06243674 0.04000384 0.30000000
v -0.06430684 0.03792329 0.30000000
v -0.06327470 0.04071543 0.30000000
v -0.07164554 0.07332097 0.30000000
v -0.07063827 0.04813212 0.30000000
v -0.07262010 0.04515201 0.30000000
v -0.07233881 0.04501613 0.30000000
v -0.07033897 0.04798286 0.30000000
v -0.07162037 0.04450084 0.30000000
v -0.07200706 0.04480153 0.30000000
v -0.07135909 0.04654180 0.30000000
v -0.07070735 0.04376576 0.30000000
v -0.07119509 0.04417736 0.30000000
v -0.07062391 0.04600047 0.30000000
v -0.06959733 0.04280461 0.30000000
v -0.07018435 0.04333083 0.30000000
v -0.06969708 0.04524101 0.30000000
v -0.06808245 0.04180080 0.30000000
v -0.06897927 0.04225598 0.30000000
v -0.06857656 0.04425540 0.30000000
v -0.06647951 0.04226733 0.30000000
v -0.06576137 0.04155700 0.30000000
v -0.06378957 0.04405606 0.30000000
v -0.06632115 0.04408008 0.30000000
v -0.06218841 0.04575210 0.30000000
v -0.06319516 0.04641025 0.30000000
v -0.06924023 0.04946373 0.30000000
v -0.06810475 0.05084999 0.30000000
v -0.06998701 0.04774949 0.30000000
v -0.06958214 0.04742815 0.30000000
v -0.06425423 0.08114903 0.30000000
v -0.06713735 0.05198167 0.30000000
v -0.06774117 0.05059774 0.30000000
v -0.06266174 0.08272617 0.30000000
v -0.06528165 0.05329675 0.30000000
v -0.06118854 0.08402430 0.30000000
v -0.05745786 0.08655902 0.30000000
v -0.06263057 0.05581323 0.30000000
v -0.05575816 0.08783732 0.30000000
v -0.05982117 0.05813863 0.30000000
v -0.03461925 0.09483813 0.30000000
v -0.03830980 0.09390027 0.30000000
v -0.02764141 0.06954060 0.30000000
v -0.03395357 0.06761652 0.30000000
v -0.04265149 0.09304353 0.30000000
v -0.03454680 0.06808355 0.30000000
v -0.03768295 0.06700740 0.30000000
v -0.04021221 0.06512809 0.30000000
v -0.04654486 0.09153162 0.30000000
v -0.04074925 0.06571066 0.30000000
v -0.04123422 0.06618819 0.30000000
v -0.04394926 0.06428260 0.30000000
v -0.04695579 0.06268874 0.30000000
v -0.04750798 0.06326715 0.30000000
v -0.05042962 0.09018016 0.30000000
v -0.05129035 0.09013365 0.30000000
v -0.04800645 0.06374364 0.30000000
v -0.05090441 0.06219713 0.30000000
v -0.05211276 0.06063113 0.30000000
v -0.05318745 0.08902801 0.30000000
v -0.05261227 0.06113871 0.30000000
v -0.05307906 0.06155878 0.30000000
v -0.05414613 0.06015945 0.30000000
v -0.06914019 0.04708637 0.30000000
v -0.06863827 0.04665361 0.30000000
v -0.06847415 0.04888258 0.30000000
v -0.06732482 0.05025562 0.30000000
v -0.06810254 0.04619925 0.30000000
v -0.06750547 0.04565049 0.30000000
v -0.06752296 0.04808350 0.30000000
v -0.06611383 0.05164762 0.30000000
v -0.06486576 0.05295165 0.30000000
v -0.06687335 0.04989587 0.30000000
v -0.06636317 0.04944220 0.30000000
v -0.06582108 0.04896920 0.30000000
v -0.06515109 0.05081217 0.30000000
v -0.06356411 0.05426616 0.30000000
v -0.06222898 0.05548929 0.30000000
v -0.06441154 0.05257667 0.30000000
v -0.06389879 0.05210466 0.30000000
v -0.06335636 0.05161584 0.30000000
v -0.06260092 0.05340233 0.30000000
v -0.06085260 0.05671365 0.30000000
v -0.06177726 0.05510427 0.30000000
v -0.06126689 0.05461851 0.30000000
v -0.06072923 0.05411839 0.30000000
v -0.05989674 0.05583367 0.30000000
v -0.05484255 0.08794191 0.30000000
v -0.05942677 0.05785964 0.30000000
v -0.05818757 0.05883420 0.30000000
v -0.05559112 0.05914786 0.30000000
v -0.05609219 0.05961778 0.30000000
v -0.05899709 0.05745967 0.30000000
v -0.05508041 0.05862873 0.30000000
v -0.05847953 0.05697507 0.30000000
v -0.05796336 0.05646172 0.30000000
v -0.05708391 0.05807696 0.30000000
v -0.05424134 0.05813404 0.30000000
v -0.05736605 0.05585349 0.30000000
v -0.05595473 0.05697241 0.30000000
v -0.05877479 0.05471604 0.30000000
v -0.05676842 0.05522242 0.30000000
v -0.06144677 0.04970971 0.30000000
v -0.06146362 0.05230665 0.30000000
v -0.06013328 0.05351418 0.30000000
v -0.05951416 0.05289474 0.30000000
v -0.06390407 0.04711885 0.30000000
v -0.06269755 0.04844506 0.30000000
v -0.06400863 0.04974700 0.30000000
v -0.06275527 0.05102643 0.30000000
v -0.06212865 0.05041958 0.30000000
v -0.06686895 0.04506311 0.30000000
v -0.06512066 0.04573284 0.30000000
v -0.06638573 0.04705619 0.30000000
v -0.06521939 0.04839879 0.30000000
v -0.06459001 0.04780888 0.30000000
v -0.05749898 0.05335408 0.30000000
v -0.06074066 0.04897703 0.30000000
v -0.05884043 0.05216919 0.30000000
v -0.06016404 0.05097197 0.30000000
v -0.05814812 0.05142831 0.30000000
v -0.05960549 0.04509019 0.30000000
v -0.06036892 0.04594900 0.30000000
v -0.05717022 0.04756248 0.30000000
v -0.06014289 0.04784483 0.30000000
v -0.05714855 0.05070506 0.30000000
v -0.05873683 0.04937896 0.30000000
v -0.05487233 0.05260623 0.30000000
v -0.05524081 0.05077319 0.30000000
v -0.05449949 0.05576312 0.30000000
v -0.05609916 0.05448816 0.30000000
v -0.05542848 0.05373714 0.30000000
v -0.05311887 0.05414148 0.30000000
v -0.05370564 0.04889085 0.30000000
v -0.05449675 0.04987353 0.30000000
v -0.05185196 0.05208751 0.30000000
v -0.05203939 0.04668499 0.30000000
v -0.05287366 0.04778599 0.30000000
v -0.05026267 0.04997916 0.30000000
v -0.04986421 0.04399558 0.30000000
v -0.04792792 0.04431915 0.30000000
v -0.05039611 0.04438604 0.30000000
v -0.05117717 0.04546167 0.30000000
v -0.04666836 0.04522724 0.30000000
v -0.04860457 0.04762993 0.30000000
v -0.02031562 0.09614989 0.30000000
v -0.02344669 0.09579069 0.30000000
v -0.00125217 0.07146444 0.30000000
v -0.00410261 0.07106627 0.30000000
v -0.00169207 0.07214717 0.30000000
v -0.00701653 0.07056966 0.30000000
v -0.00994948 0.07002224 0.30000000
v -0.00747900 0.07126284 0.30000000
v -0.02713421 0.09576951 0.30000000
v -0.00798148 0.07185600 0.30000000
v -0.01093014 0.07137150 0.30000000
v -0.01590087 0.06869314 0.30000000
v -0.01290920 0.06938831 0.30000000
v -0.01339707 0.07013921 0.30000000
v -0.03058422 0.09518441 0.30000000
v -0.02105747 0.07059726 0.30000000
v -0.01391418 0.07079348 0.30000000
v -0.01435055 0.07135349 0.30000000
v -0.01693603 0.07015833 0.30000000
v -0.02194212 0.06703271 0.30000000
v -0.01889813 0.06789904 0.30000000
v -0.01941897 0.06870925 0.30000000
v -0.02410504 0.06990050 0.30000000
v -0.02717755 0.06903040 0.30000000
v -0.01996160 0.06942085 0.30000000
v -0.02047035 0.07008467 0.30000000
v -0.02304119 0.06861334 0.30000000
v -0.02804303 0.06499160 0.30000000
v -0.02496150 0.06605438 0.30000000
v -0.02552088 0.06692139 0.30000000
v -0.03033170 0.06807717 0.30000000
v -0.03340781 0.06698706 0.30000000
v -0.02609141 0.06768857 0.30000000
v -0.02663209 0.06840962 0.30000000
v -0.02921355 0.06667896 0.30000000
v -0.03415784 0.06251929 0.30000000
v -0.03106249 0.06380440 0.30000000
v -0.03166486 0.06472177 0.30000000
v -0.03658576 0.06579327 0.30000000
v -0.03963677 0.06444997 0.30000000
v -0.03226584 0.06553836 0.30000000
v -0.03284216 0.06631270 0.30000000
v -0.03540667 0.06429619 0.30000000
v -0.03714845 0.06109917 0.30000000
v -0.04022358 0.05956760 0.30000000
v -0.03779750 0.06205661 0.30000000
v -0.04280388 0.06298111 0.30000000
v -0.03843177 0.06291170 0.30000000
v -0.03904757 0.06373066 0.30000000
v -0.04155645 0.06140839 0.30000000
v -0.05177104 0.05765000 0.30000000
v -0.05112509 0.05689122 0.30000000
v -0.04451663 0.05975477 0.30000000
v -0.04517514 0.06060485 0.30000000
v -0.04640143 0.06206867 0.30000000
v -0.04984791 0.06109766 0.30000000
v -0.05174733 0.05980913 0.30000000
v -0.05238659 0.05832759 0.30000000
v -0.04579175 0.06135415 0.30000000
v -0.04889696 0.05958305 0.30000000
v -0.04314848 0.05789328 0.30000000
v -0.04971724 0.05514639 0.30000000
v -0.05042298 0.05602783 0.30000000
v -0.04384672 0.05887675 0.30000000
v -0.04757627 0.05796842 0.30000000
v -0.04243464 0.05688775 0.30000000
v -0.04170519 0.05577392 0.30000000
v -0.04896983 0.05415402 0.30000000
v -0.04821490 0.05315012 0.30000000
v -0.04615695 0.05609718 0.30000000
v -0.04095607 0.05464213 0.30000000
v -0.04020208 0.05340179 0.30000000
v -0.04743205 0.05203163 0.30000000
v -0.04663785 0.05090623 0.30000000
v -0.04465852 0.05397281 0.30000000
v -0.03942443 0.05214547 0.30000000
v -0.03865033 0.05078234 0.30000000
v -0.04582799 0.04966507 0.30000000
v -0.04500282 0.04841917 0.30000000
v -0.04309785 0.05160039 0.30000000
v -0.04188318 0.04551901 0.30000000
v -0.04340239 0.04583843 0.30000000
v -0.03705561 0.04792169 0.30000000
v -0.03784862 0.04940299 0.30000000
v -0.04417157 0.04706018 0.30000000
v -0.04148774 0.04898481 0.30000000
v -0.03846964 0.04444498 0.30000000
v -0.04092910 0.04398215 0.30000000
v -0.03891108 0.04307342 0.30000000
v -0.03630880 0.04656728 0.30000000
v -0.03967582 0.04624174 0.30000000
v 0.00216356 0.07165831 0.30000000
v 0.00173069 0.07229682 0.30000000
v -0.00113856 0.07188092 0.30000000
v -0.07601493 -0.00404829 0.30000000
v -0.07603069 -0.00198210 0.30000000
v -0.07525904 -0.00203770 0.30000000
v -0.05984943 -0.03768104 0.30000000
v -0.05994731 -0.03886451 0.30000000
v -0.05881618 -0.03391231 0.30000000
v -0.05869165 -0.03503869 0.30000000
v -0.05893637 -0.03603885 0.30000000
v -0.06058857 -0.03664970 0.30000000
v -0.05790439 -0.01895145 0.30000000
v -0.05782268 -0.02031791 0.30000000
v -0.05796787 -0.02140836 0.30000000
v -0.05869285 0.03380425 0.30000000
v -0.05811262 0.03512796 0.30000000
v -0.05880477 0.03584243 0.30000000
v -0.05926818 0.03728104 0.30000000
v -0.06085843 0.03665842 0.30000000
v -0.06301934 0.03599554 0.30000000
v -0.06513686 0.03520568 0.30000000
v -0.06387091 0.03582314 0.30000000
v -0.06196276 0.03420954 0.30000000
v -0.05900669 0.02931529 0.30000000
v -0.05908491 0.03154070 0.30000000
v -0.05892565 0.03026681 0.30000000
v -0.06007291 0.03238619 0.30000000
v -0.05789828 0.01417167 0.30000000
v -0.05754591 0.01535063 0.30000000
v -0.05796126 0.01649137 0.30000000
v -0.05795722 0.00932492 0.30000000
v -0.05790178 0.01026979 0.30000000
v -0.05801019 0.01180487 0.30000000
v -0.05923551 0.01262605 0.30000000
v -0.05794750 -0.00226087 0.30000000
v -0.05791655 0.00005092 0.30000000
v -0.05795161 0.00232191 0.30000000
v -0.05797635 -0.00708002 0.30000000
v -0.05783859 -0.00527986 0.30000000
v -0.05793191 -0.00461175 0.30000000
v -0.05938137 -0.00248057 0.30000000
v -0.05798946 -0.01191332 0.30000000
v -0.05773595 -0.01032135 0.30000000
v -0.05792967 -0.00945193 0.30000000
v -0.05934281 -0.00750954 0.30000000
v -0.05797155 -0.01663632 0.30000000
v -0.05789577 -0.01432071 0.30000000
v -0.05753954 -0.01537285 0.30000000
v -0.05902135 -0.01766693 0.30000000
v -0.05922878 -0.01257301 0.30000000
v -0.05817758 -0.02770119 0.30000000
v -0.05769305 -0.02375642 0.30000000
v -0.05776661 -0.02594590 0.30000000
v -0.05868752 -0.02277702 0.30000000
v -0.05607023 -0.03112089 0.30000000
v -0.05755720 -0.03030864 0.30000000
v -0.05761853 -0.03206876 0.30000000
v -0.05899927 -0.02962581 0.30000000
v -0.05911302 -0.03177715 0.30000000
v -0.06007597 -0.03233047 0.30000000
v -0.05930003 -0.02762244 0.30000000
v -0.05893710 -0.03027845 0.30000000
v -0.08269573 -0.04637783 0.30000000
v -0.08294600 -0.04489636 0.30000000
v -0.08309766 -0.04391055 0.30000000
v -0.08068564 -0.02017522 0.30000000
v -0.08314487 -0.04359305 0.30000000
v -0.08335783 -0.04200309 0.30000000
v -0.08347847 -0.04166861 0.30000000
v -0.08353356 -0.04120508 0.30000000
v -0.08109619 -0.01923227 0.30000000
v -0.08076587 -0.01953584 0.30000000
v -0.08068519 -0.01712274 0.30000000
v -0.08112911 -0.01636337 0.30000000
v -0.08509180 0.02181480 0.30000000
v -0.08521550 0.01873289 0.30000000
v -0.08501750 0.02383471 0.30000000
v -0.08493033 0.02529011 0.30000000
v -0.08485073 0.02630999 0.30000000
v -0.08523070 0.01694746 0.30000000
v -0.08532159 0.01399293 0.30000000
v -0.08190263 0.00596919 0.30000000
v -0.08535714 0.01166282 0.30000000
v -0.08532347 0.01128017 0.30000000
v -0.08544290 0.00289981 0.30000000
v -0.08537365 0.00571142 0.30000000
v -0.08538640 -0.00884841 0.30000000
v -0.08538865 -0.00631956 0.30000000
v -0.08538367 -0.00320590 0.30000000
v -0.08544965 -0.00262376 0.30000000
v -0.08536268 -0.01069005 0.30000000
v -0.08527382 -0.01475431 0.30000000
v -0.08231227 0.00263318 0.30000000
v -0.08128306 0.01018862 0.30000000
v -0.08404706 0.03688086 0.30000000
v -0.08439195 0.03347432 0.30000000
v -0.08415820 0.03577349 0.30000000
v -0.08148226 0.01324381 0.30000000
v -0.08460223 0.03094518 0.30000000
v -0.08473356 0.02868404 0.30000000
v -0.08460884 0.03039252 0.30000000
v -0.08446804 0.03248183 0.30000000
v -0.08176823 0.00871680 0.30000000
v -0.08214179 0.00791439 0.30000000
v -0.08157320 0.01192421 0.30000000
v -0.08192580 0.01159879 0.30000000
v -0.08068514 0.01717827 0.30000000
v -0.08321361 0.04327131 0.30000000
v -0.08304428 0.04444486 0.30000000
v -0.08283052 0.04576300 0.30000000
v -0.08054064 0.02251477 0.30000000
v -0.08070418 0.02010791 0.30000000
v -0.08372627 0.03977104 0.30000000
v -0.08325709 0.04297527 0.30000000
v -0.08113705 0.01637571 0.30000000
v -0.08149823 0.01583522 0.30000000
v -0.08076705 0.01957828 0.30000000
v -0.08111702 0.01913531 0.30000000
v -0.07905701 0.02635234 0.30000000
v -0.07928220 0.02619698 0.30000000
v -0.07966467 0.02541717 0.30000000
v -0.07994948 0.02459593 0.30000000
v -0.07997804 0.02254770 0.30000000
v -0.08042344 0.02187153 0.30000000
v -0.07453403 0.03055234 0.30000000
v -0.07516478 0.03027506 0.30000000
v -0.07571040 0.02982342 0.30000000
v -0.07635839 0.02909629 0.30000000
v -0.07763733 0.02821630 0.30000000
v -0.07730008 0.02837062 0.30000000
v -0.07833864 0.02728552 0.30000000
v -0.07890129 0.02518768 0.30000000
v -0.07693885 0.02709688 0.30000000
v -0.07169452 0.03234229 0.30000000
v -0.07321217 0.03141430 0.30000000
v -0.07219135 0.03218522 0.30000000
v -0.07426000 0.02896950 0.30000000
v -0.07012869 0.03304719 0.30000000
v -0.06705223 0.03446022 0.30000000
v -0.06815772 0.03414218 0.30000000
v -0.06883034 0.03381847 0.30000000
v -0.06670930 0.03263767 0.30000000
v -0.07084599 0.03080961 0.30000000
v -0.06744652 -0.03625325 0.30000000
v -0.06852156 -0.03395096 0.30000000
v -0.06778012 -0.03417330 0.30000000
v -0.06664454 -0.03657410 0.30000000
v -0.06735374 -0.03423408 0.30000000
v -0.06272342 -0.03601328 0.30000000
v -0.06196182 -0.03414783 0.30000000
v -0.06671290 -0.03255424 0.30000000
v -0.06556539 -0.03491153 0.30000000
v -0.06515915 -0.03753349 0.30000000
v -0.06446707 -0.03551272 0.30000000
v -0.06235231 -0.03832005 0.30000000
v -0.06373742 -0.03580688 0.30000000
v -0.06373825 -0.03805413 0.30000000
v -0.07638629 -0.01232225 0.30000000
v -0.07671842 -0.00599824 0.30000000
v -0.07596179 -0.00607623 0.30000000
v -0.07714482 -0.01011880 0.30000000
v -0.07589836 -0.01046206 0.30000000
v -0.07518960 -0.00619946 0.30000000
v -0.07504497 -0.01041693 0.30000000
v -0.07590687 -0.00819582 0.30000000
v -0.07678633 -0.00197046 0.30000000
v -0.07604617 0.00002162 0.30000000
v -0.07744529 -0.00391370 0.30000000
v -0.07746076 -0.00191386 0.30000000
v -0.07739363 -0.00587355 0.30000000
v -0.07798752 -0.00973005 0.30000000
v -0.07734076 -0.00790247 0.30000000
v -0.07812657 -0.00578715 0.30000000
v -0.08061229 -0.01042062 0.30000000
v -0.07900094 -0.00959070 0.30000000
v -0.07914745 -0.00542290 0.30000000
v -0.07907541 -0.00753221 0.30000000
v -0.08088239 0.00339079 0.30000000
v -0.07920832 -0.00200009 0.30000000
v -0.08017622 -0.00358062 0.30000000
v -0.08154743 0.00337095 0.30000000
v -0.08195885 0.00266712 0.30000000
v -0.08199967 -0.00001197 0.30000000
v -0.08094043 0.00002199 0.30000000
v -0.08128929 -0.01013415 0.30000000
v -0.08194602 -0.00333104 0.30000000
v -0.08081883 -0.00697319 0.30000000
v -0.08088234 -0.00334253 0.30000000
v -0.08155152 -0.00332202 0.30000000
v -0.08466110 -0.02922560 0.30000000
v -0.08479682 -0.02788568 0.30000000
v -0.08484736 -0.02695384 0.30000000
v -0.08509593 -0.02143151 0.30000000
v -0.08510566 -0.02133360 0.30000000
v -0.08508389 -0.02156418 0.30000000
v -0.08509201 -0.02149003 0.30000000
v -0.08509456 -0.02145779 0.30000000
v -0.08504162 -0.02236151 0.30000000
v -0.08490085 -0.02587478 0.30000000
v -0.08501135 -0.02321803 0.30000000
v -0.08520748 -0.01793178 0.30000000
v -0.08166931 -0.01025961 0.30000000
v -0.08228214 -0.00347699 0.30000000
v -0.08186838 -0.00686312 0.30000000
v -0.08430443 -0.03406419 0.30000000
v -0.08381208 -0.03877830 0.30000000
v -0.08390963 -0.03804023 0.30000000
v -0.08382769 -0.03864993 0.30000000
v -0.08384380 -0.03852066 0.30000000
v -0.08386557 -0.03835378 0.30000000
v -0.08388126 -0.03823728 0.30000000
v -0.08390141 -0.03809712 0.30000000
v -0.08380091 -0.03887191 0.30000000
v -0.08394716 -0.03777611 0.30000000
v -0.08411234 -0.03610194 0.30000000
v -0.08447001 -0.03210473 0.30000000
v -0.08145232 -0.01625451 0.30000000
v -0.08145124 -0.01352900 0.30000000
v -0.08199131 -0.01023397 0.30000000
v -0.07503706 -0.02472514 0.30000000
v -0.07678551 -0.02188067 0.30000000
v -0.07534474 -0.02256398 0.30000000
v -0.07394599 -0.02331094 0.30000000
v -0.07564018 -0.02048739 0.30000000
v -0.07765192 -0.01374771 0.30000000
v -0.07624313 -0.01416518 0.30000000
v -0.07728810 -0.01779277 0.30000000
v -0.07487637 -0.01466180 0.30000000
v -0.07586649 -0.01834378 0.30000000
v -0.07448690 -0.01896737 0.30000000
v -0.07608501 -0.01628988 0.30000000
v -0.07611734 -0.02601109 0.30000000
v -0.07464943 -0.02682370 0.30000000
v -0.07512432 -0.03023705 0.30000000
v -0.07081232 -0.03092276 0.30000000
v -0.07322338 -0.02768846 0.30000000
v -0.07424395 -0.02899812 0.30000000
v -0.07376255 -0.03107613 0.30000000
v -0.07338690 -0.03284995 0.30000000
v -0.07242107 -0.03199386 0.30000000
v -0.06975498 -0.03524640 0.30000000
v -0.07029359 -0.03303967 0.30000000
v -0.07192428 -0.03223742 0.30000000
v -0.07165991 -0.03450337 0.30000000
v -0.07952652 -0.02147156 0.30000000
v -0.07764490 -0.02310349 0.30000000
v -0.07792793 -0.02107463 0.30000000
v -0.07981546 -0.01941566 0.30000000
v -0.08020244 -0.01614423 0.30000000
v -0.07819499 -0.01913135 0.30000000
v -0.07840441 -0.01712204 0.30000000
v -0.07899520 -0.02038773 0.30000000
v -0.08038977 -0.01407202 0.30000000
v -0.07878213 -0.01306212 0.30000000
v -0.07988955 -0.01092931 0.30000000
v -0.07860297 -0.01520484 0.30000000
v -0.07946193 -0.01656716 0.30000000
v -0.07729610 -0.02507417 0.30000000
v -0.07693797 -0.02704030 0.30000000
v -0.07839403 -0.02425234 0.30000000
v -0.07828059 -0.02728728 0.30000000
v -0.07841193 -0.02851685 0.30000000
v -0.07840668 -0.02693202 0.30000000
v -0.07997441 -0.02249091 0.30000000
v -0.07921979 -0.02330874 0.30000000
v -0.07890160 -0.02512691 0.30000000
v -0.07901118 -0.02634774 0.30000000
v -0.07865250 -0.02832671 0.30000000
v -0.07931329 -0.02612667 0.30000000
v -0.08205259 -0.04996187 0.30000000
v -0.08228788 -0.04874437 0.30000000
v -0.08061633 -0.02211295 0.30000000
v -0.08027250 -0.02263625 0.30000000
v -0.07997278 -0.02440643 0.30000000
v -0.08144835 -0.05269633 0.30000000
v -0.08163074 -0.05193114 0.30000000
v -0.08192293 -0.05057465 0.30000000
v -0.07980629 -0.02520516 0.30000000
v -0.07945552 -0.02692619 0.30000000
v -0.08002811 -0.02534923 0.30000000
v -0.07784068 -0.02920685 0.30000000
v -0.07765883 -0.02812963 0.30000000
v -0.07637036 -0.02900387 0.30000000
v -0.07730089 -0.02832062 0.30000000
v -0.07692706 -0.03052292 0.30000000
v -0.07579033 -0.02968397 0.30000000
v -0.07518743 -0.03197606 0.30000000
v -0.07616253 -0.03112155 0.30000000
v -0.07589913 0.01051376 0.30000000
v -0.07734104 0.00795346 0.30000000
v -0.07714549 0.01017011 0.30000000
v -0.07638736 0.01237537 0.30000000
v -0.07798811 0.00978136 0.30000000
v -0.08081894 0.00702633 0.30000000
v -0.08061254 0.01047327 0.30000000
v -0.08016158 0.00362986 0.30000000
v -0.07907918 0.00745715 0.30000000
v -0.07900163 0.00964282 0.30000000
v -0.06481345 0.02407184 0.30000000
v -0.06133191 0.03221303 0.30000000
v -0.06349819 0.03157317 0.30000000
v -0.06160357 0.02968871 0.30000000
v -0.06325015 0.02681452 0.30000000
v -0.07126579 0.02857813 0.30000000
v -0.06950676 0.02939696 0.30000000
v -0.07465051 0.02687955 0.30000000
v -0.07310670 0.02779160 0.30000000
v -0.07166455 0.02649299 0.30000000
v -0.07394675 0.02336665 0.30000000
v -0.07611825 0.02606743 0.30000000
v -0.07729672 0.02513080 0.30000000
v -0.07503773 0.02478189 0.30000000
v -0.07534538 0.02261999 0.30000000
v -0.07564062 0.02054408 0.30000000
v -0.07678604 0.02193683 0.30000000
v -0.07952633 0.02153045 0.30000000
v -0.07921980 0.02336645 0.30000000
v -0.07839440 0.02430963 0.30000000
v -0.07764521 0.02316115 0.30000000
v -0.07792823 0.02113125 0.30000000
v -0.08020255 0.01619952 0.30000000
v -0.07981527 0.01947342 0.30000000
v -0.07819512 0.01918863 0.30000000
v -0.07899534 0.02044466 0.30000000
v -0.08039028 0.01412500 0.30000000
v -0.07878303 0.01311548 0.30000000
v -0.07989011 0.01098218 0.30000000
v -0.07946224 0.01662328 0.30000000
v -0.07624416 0.01421974 0.30000000
v -0.07765287 0.01380194 0.30000000
v -0.07728871 0.01784895 0.30000000
v -0.07840484 0.01717860 0.30000000
v -0.07860379 0.01525903 0.30000000
v -0.07487756 0.01471666 0.30000000
v -0.07448780 0.01902370 0.30000000
v -0.07586722 0.01840038 0.30000000
v -0.07608612 0.01634478 0.30000000
v -0.07121984 0.02463812 0.30000000
v -0.07281356 0.02398157 0.30000000
v -0.07327565 0.02156532 0.30000000
v -0.06133011 -0.03215839 0.30000000
v -0.06160245 -0.02963380 0.30000000
v -0.06349651 -0.03151820 0.30000000
v -0.06324915 -0.02675910 0.30000000
v -0.05984732 -0.02256175 0.30000000
v -0.05960599 -0.02513643 0.30000000
v -0.06064790 -0.02736755 0.30000000
v -0.06194993 -0.02704954 0.30000000
v -0.06228269 -0.02458874 0.30000000
v -0.06383129 -0.02182498 0.30000000
v -0.06008673 -0.02005094 0.30000000
v -0.06025240 -0.01748354 0.30000000
v -0.06252899 -0.02206409 0.30000000
v -0.06122273 -0.02233324 0.30000000
v -0.06277236 -0.01960444 0.30000000
v -0.06424699 -0.01690451 0.30000000
v -0.06052092 -0.01242909 0.30000000
v -0.06041747 -0.01497986 0.30000000
v -0.06294220 -0.01708963 0.30000000
v -0.06163206 -0.01730647 0.30000000
v -0.06311077 -0.01463930 0.30000000
v -0.06452373 -0.01201370 0.30000000
v -0.06067738 -0.00741265 0.30000000
v -0.06062457 -0.00993944 0.30000000
v -0.06321710 -0.01214297 0.30000000
v -0.06190395 -0.01230491 0.30000000
v -0.06332319 -0.00970871 0.30000000
v -0.06468538 -0.00716519 0.30000000
v -0.06074546 -0.00243679 0.30000000
v -0.06073061 -0.00494004 0.30000000
v -0.06337764 -0.00723749 0.30000000
v -0.06206230 -0.00734277 0.30000000
v -0.06343228 -0.00482290 0.30000000
v -0.06475588 -0.00236300 0.30000000
v -0.06076015 0.00002019 0.30000000
v -0.06344778 -0.00237678 0.30000000
v -0.06213079 -0.00242334 0.30000000
v -0.06346311 0.00002041 0.30000000
v -0.06074542 0.00247876 0.30000000
v -0.06213083 0.00246543 0.30000000
v -0.05793078 0.00467323 0.30000000
v -0.05783878 0.00531893 0.30000000
v -0.05798035 0.00703723 0.30000000
v -0.05934855 0.00755559 0.30000000
v -0.05938017 0.00252238 0.30000000
v -0.06073053 0.00498367 0.30000000
v -0.06811536 -0.03000141 0.30000000
v -0.06621003 -0.03070482 0.30000000
v -0.06498639 -0.03093246 0.30000000
v -0.06413676 -0.02890168 0.30000000
v -0.06447788 -0.02642633 0.30000000
v -0.06650302 -0.02826842 0.30000000
v -0.06800109 -0.02545977 0.30000000
v -0.06481254 -0.02401560 0.30000000
v -0.06506154 -0.02154393 0.30000000
v -0.06685505 -0.02577569 0.30000000
v -0.06570323 -0.02612255 0.30000000
v -0.06718848 -0.02341800 0.30000000
v -0.06858207 -0.02074333 0.30000000
v -0.06530672 -0.01913793 0.30000000
v -0.06547882 -0.01667857 0.30000000
v -0.06743788 -0.02100211 0.30000000
v -0.06628728 -0.02129453 0.30000000
v -0.06768261 -0.01865256 0.30000000
v -0.06899805 -0.01605261 0.30000000
v -0.06564902 -0.01428450 0.30000000
v -0.06575709 -0.01184528 0.30000000
v -0.06785517 -0.01625162 0.30000000
v -0.06670518 -0.01648602 0.30000000
v -0.06802526 -0.01391647 0.30000000
v -0.06927639 -0.01139843 0.30000000
v -0.06586452 -0.00946907 0.30000000
v -0.06592031 -0.00705563 0.30000000
v -0.06813407 -0.01153667 0.30000000
v -0.06698388 -0.01171128 0.30000000
v -0.06824188 -0.00922070 0.30000000
v -0.06943996 -0.00679111 0.30000000
v -0.06597607 -0.00470116 0.30000000
v -0.06599197 -0.00231457 0.30000000
v -0.06829809 -0.00686767 0.30000000
v -0.06714752 -0.00698082 0.30000000
v -0.06835409 -0.00457565 0.30000000
v -0.06951176 -0.00223646 0.30000000
v -0.06600769 0.00002053 0.30000000
v -0.06837020 -0.00225043 0.30000000
v -0.06721890 -0.00230062 0.30000000
v -0.06838615 0.00002085 0.30000000
v -0.06599191 0.00235735 0.30000000
v -0.06721899 0.00234352 0.30000000
v -0.06475583 0.00240559 0.30000000
v -0.06344781 0.00241915 0.30000000
v -0.06343235 0.00486675 0.30000000
v -0.06597596 0.00474544 0.30000000
v -0.06337786 0.00728435 0.30000000
v -0.06468561 0.00721209 0.30000000
v -0.06062517 0.00998983 0.30000000
v -0.06206245 0.00738965 0.30000000
v -0.06067763 0.00745930 0.30000000
v -0.06332356 0.00975921 0.30000000
v -0.06041905 0.01503626 0.30000000
v -0.06052197 0.01248259 0.30000000
v -0.06190483 0.01235840 0.30000000
v -0.05782982 0.01889773 0.30000000
v -0.05785959 0.02099758 0.30000000
v -0.05901788 0.01772535 0.30000000
v -0.06498790 0.03098751 0.30000000
v -0.06570433 0.02617782 0.30000000
v -0.06447898 0.02648169 0.30000000
v -0.06413790 0.02895699 0.30000000
v -0.06621165 0.03075993 0.30000000
v -0.06811687 0.03005670 0.30000000
v -0.06685607 0.02583101 0.30000000
v -0.06873403 0.02752359 0.30000000
v -0.06650414 0.02832368 0.30000000
v -0.06718925 0.02347419 0.30000000
v -0.06907214 0.02515509 0.30000000
v -0.06800213 0.02551506 0.30000000
v -0.07017452 0.02481544 0.30000000
v -0.07142496 0.02227818 0.30000000
v -0.06940135 0.02285402 0.30000000
v -0.07167588 0.01992141 0.30000000
v -0.07070202 0.02023183 0.30000000
v -0.07351390 0.01933310 0.30000000
v -0.07374547 0.01716650 0.30000000
v -0.07263438 0.01965013 0.30000000
v -0.07191364 0.01769183 0.30000000
v -0.07407289 0.01280603 0.30000000
v -0.07391115 0.01495335 0.30000000
v -0.07303722 0.01520649 0.30000000
v -0.07590720 0.00824659 0.30000000
v -0.07504567 0.01046874 0.30000000
v -0.06628854 0.02135170 0.30000000
v -0.06743899 0.02105935 0.30000000
v -0.06858311 0.02080032 0.30000000
v -0.06964915 0.02049773 0.30000000
v -0.06989154 0.01820698 0.30000000
v -0.06768410 0.01870958 0.30000000
v -0.07006307 0.01586621 0.30000000
v -0.06899944 0.01610866 0.30000000
v -0.07111307 0.01566228 0.30000000
v -0.07208283 0.01541394 0.30000000
v -0.07224856 0.01320183 0.30000000
v -0.07023163 0.01359105 0.30000000
v -0.07235535 0.01094545 0.30000000
v -0.07138798 0.01112982 0.30000000
v -0.07417782 0.01061499 0.30000000
v -0.07330719 0.01080276 0.30000000
v -0.07428073 0.00849050 0.30000000
v -0.07246045 0.00875502 0.30000000
v -0.07433573 0.00632552 0.30000000
v -0.07346669 0.00644681 0.30000000
v -0.07525902 0.00208255 0.30000000
v -0.07596193 0.00612418 0.30000000
v -0.07518976 0.00624735 0.30000000
v -0.07438992 0.00422808 0.30000000
v -0.07603066 0.00202723 0.30000000
v -0.07678790 0.00201575 0.30000000
v -0.07671855 0.00604633 0.30000000
v -0.07744998 0.00578212 0.30000000
v -0.07601489 0.00409446 0.30000000
v -0.07747588 0.00002559 0.30000000
v -0.07819329 -0.00190008 0.30000000
v -0.07920535 0.00013311 0.30000000
v -0.07819042 0.00388476 0.30000000
v -0.07914295 0.00366243 0.30000000
v -0.07751320 0.00213595 0.30000000
v -0.05774554 0.02339272 0.30000000
v -0.05771857 0.02551509 0.30000000
v -0.05803815 0.02737662 0.30000000
v -0.05863828 0.02284473 0.30000000
v -0.06025395 0.01754086 0.30000000
v -0.06253007 0.02212198 0.30000000
v -0.06163363 0.01736346 0.30000000
v -0.06008822 0.02010944 0.30000000
v -0.06452462 0.01206677 0.30000000
v -0.06321786 0.01219615 0.30000000
v -0.06311199 0.01469535 0.30000000
v -0.06548042 0.01673515 0.30000000
v -0.06714765 0.00702798 0.30000000
v -0.06592044 0.00710264 0.30000000
v -0.06586490 0.00951959 0.30000000
v -0.06813490 0.01158934 0.30000000
v -0.06951174 0.00228005 0.30000000
v -0.06837029 0.00229371 0.30000000
v -0.06835427 0.00462005 0.30000000
v -0.07050245 0.00672154 0.30000000
v -0.07059033 0.00002103 0.30000000
v -0.07258757 0.00216200 0.30000000
v -0.07055819 -0.00444651 0.30000000
v -0.07057435 -0.00218465 0.30000000
v -0.07162110 -0.00217102 0.30000000
v -0.07044583 -0.00896523 0.30000000
v -0.07050222 -0.00667436 0.30000000
v -0.07154963 -0.00659664 0.30000000
v -0.07023044 -0.01353625 0.30000000
v -0.07033882 -0.01121849 0.30000000
v -0.07138708 -0.01107771 0.30000000
v -0.06989011 -0.01815050 0.30000000
v -0.07006179 -0.01581029 0.30000000
v -0.07111180 -0.01560652 0.30000000
v -0.06940074 -0.02279768 0.30000000
v -0.06964814 -0.02044074 0.30000000
v -0.07070093 -0.02017517 0.30000000
v -0.06942226 -0.02937132 0.30000000
v -0.06873291 -0.02746806 0.30000000
v -0.06907121 -0.02509964 0.30000000
v -0.07012843 -0.02477398 0.30000000
v -0.07045777 -0.02912622 0.30000000
v -0.07263703 -0.02594124 0.30000000
v -0.07206727 -0.02836884 0.30000000
v -0.07110862 -0.02440374 0.30000000
v -0.07076455 -0.02679100 0.30000000
v -0.07296135 -0.02369143 0.30000000
v -0.07327513 -0.02150882 0.30000000
v -0.07167486 -0.01986462 0.30000000
v -0.07143132 -0.02216042 0.30000000
v -0.07207340 -0.02407045 0.30000000
v -0.07351300 -0.01927648 0.30000000
v -0.07374415 -0.01711093 0.30000000
v -0.07208154 -0.01535843 0.30000000
v -0.07191228 -0.01763568 0.30000000
v -0.07263346 -0.01959352 0.30000000
v -0.07407166 -0.01275234 0.30000000
v -0.07390990 -0.01489827 0.30000000
v -0.07235454 -0.01089354 0.30000000
v -0.07224727 -0.01314771 0.30000000
v -0.07303592 -0.01515122 0.30000000
v -0.07417703 -0.01056325 0.30000000
v -0.07428037 -0.00843973 0.30000000
v -0.07251609 -0.00647734 0.30000000
v -0.07246011 -0.00870439 0.30000000
v -0.07330638 -0.01075079 0.30000000
v -0.07438996 -0.00418231 0.30000000
v -0.07433556 -0.00627778 0.30000000
v -0.07258761 -0.00211778 0.30000000
v -0.07257146 -0.00431520 0.30000000
v -0.07346654 -0.00639915 0.30000000
v -0.07440594 -0.00205018 0.30000000
v -0.07442168 0.00002139 0.30000000
v -0.07353720 0.00214899 0.30000000
v -0.07440591 0.00209483 0.30000000
v -0.07260357 0.00002119 0.30000000
v -0.07353722 -0.00210460 0.30000000
v -0.07057432 0.00222848 0.30000000
v -0.07154979 0.00664406 0.30000000
v -0.07251622 0.00652485 0.30000000
v -0.07257138 0.00436061 0.30000000
v -0.07055813 0.00449153 0.30000000
v -0.07162106 0.00221502 0.30000000
v -0.06829836 0.00691471 0.30000000
v -0.06927716 0.01145114 0.30000000
v -0.07033966 0.01127076 0.30000000
v -0.07044635 0.00901562 0.30000000
v -0.06824222 0.00927136 0.30000000
v -0.06944031 0.00683811 0.30000000
v -0.06575796 0.01189814 0.30000000
v -0.06670664 0.01654253 0.30000000
v -0.06785658 0.01630790 0.30000000
v -0.06802662 0.01397162 0.30000000
v -0.06565043 0.01434010 0.30000000
v -0.06698475 0.01176416 0.30000000
v -0.06506287 0.02160142 0.30000000
v -0.06383248 0.02188257 0.30000000
v -0.06294357 0.01714650 0.30000000
v -0.06530852 0.01919526 0.30000000
v -0.06277386 0.01966234 0.30000000
v -0.06424852 0.01696120 0.30000000
v -0.05928407 0.02721090 0.30000000
v -0.06065274 0.02742209 0.30000000
v -0.06228341 0.02464513 0.30000000
v -0.06195089 0.02710501 0.30000000
v -0.05984852 0.02261978 0.30000000
v -0.05960755 0.02518753 0.30000000
v -0.06122382 0.02239113 0.30000000
v 0.00210033 -0.05763195 0.30000000
v 0.00187081 -0.05829346 0.30000000
v -0.02750520 -0.04675779 0.30000000
v -0.02576983 -0.04686666 0.30000000
v -0.02440047 -0.04722345 0.30000000
v -0.05869660 -0.04015316 0.30000000
v -0.06023285 -0.03954088 0.30000000
v -0.06679837 -0.07884622 0.30000000
v -0.06789939 -0.07754062 0.30000000
v -0.06982612 -0.07494283 0.30000000
v -0.06841107 -0.05095471 0.30000000
v -0.07990171 -0.05816170 0.30000000
v -0.07682612 -0.03597897 0.30000000
v -0.07934848 -0.05957718 0.30000000
v -0.07634370 -0.03723561 0.30000000
v -0.07692705 -0.03634136 0.30000000
v -0.08054785 -0.05569761 0.30000000
v -0.07831059 -0.03007454 0.30000000
v -0.07866034 -0.02947460 0.30000000
v -0.07918253 -0.02838219 0.30000000
v -0.07721321 -0.03414665 0.30000000
v -0.07769386 -0.03365148 0.30000000
v -0.08090285 -0.05494389 0.30000000
v -0.07933038 -0.02835472 0.30000000
v -0.07866074 -0.03055896 0.30000000
v -0.07804201 -0.02966863 0.30000000
v -0.07810160 -0.02979640 0.30000000
v -0.07741227 -0.03062003 0.30000000
v -0.07693845 -0.03389472 0.30000000
v -0.07792827 -0.03126084 0.30000000
v -0.07404329 -0.03349104 0.30000000
v -0.07256799 -0.03461465 0.30000000
v -0.07460931 -0.03409972 0.30000000
v -0.07566000 -0.03332016 0.30000000
v -0.07513602 -0.03367055 0.30000000
v -0.07377181 -0.03572267 0.30000000
v -0.07102039 -0.03744062 0.30000000
v -0.07083613 -0.03755093 0.30000000
v -0.07171702 -0.03784311 0.30000000
v -0.06850181 -0.03752894 0.30000000
v -0.07013974 -0.03691987 0.30000000
v -0.06940309 -0.03994870 0.30000000
v -0.06757668 -0.03716235 0.30000000
v -0.06696988 -0.03737867 0.30000000
v -0.06626253 -0.03803415 0.30000000
v -0.06765225 -0.03901839 0.30000000
v -0.06124855 -0.04020120 0.30000000
v -0.06285472 -0.03992995 0.30000000
v -0.06237899 -0.03992145 0.30000000
v -0.05990633 -0.04131482 0.30000000
v -0.02716356 -0.04958785 0.30000000
v -0.02197812 -0.04834198 0.30000000
v -0.02358460 -0.04938816 0.30000000
v -0.02433084 -0.05099722 0.30000000
v -0.01846637 -0.04682259 0.30000000
v -0.02115693 -0.04668219 0.30000000
v -0.02005587 -0.04903505 0.30000000
v -0.01569571 -0.04804020 0.30000000
v -0.01300998 -0.04824758 0.30000000
v -0.01727498 -0.05028209 0.30000000
v -0.01660205 -0.04868644 0.30000000
v -0.01098353 -0.05087211 0.30000000
v -0.00964888 -0.04773608 0.30000000
v -0.00695354 -0.04764490 0.30000000
v -0.00423799 -0.04786806 0.30000000
v -0.01027325 -0.04913021 0.30000000
v -0.00753337 -0.05015407 0.30000000
v -0.00153571 -0.04871447 0.30000000
v 0.00052316 -0.04877924 0.30000000
v -0.00476064 -0.05114059 0.30000000
v -0.00410665 -0.04942858 0.30000000
v 0.00233731 -0.04901474 0.30000000
v 0.00046776 -0.05059768 0.30000000
v -0.00031709 -0.05573090 0.30000000
v -0.00542595 -0.05291483 0.30000000
v -0.00201990 -0.05207885 0.30000000
v -0.00018138 -0.05237285 0.30000000
v 0.00215684 -0.05594899 0.30000000
v 0.00222258 -0.05261034 0.30000000
v -0.00023612 -0.05416118 0.30000000
v 0.00182244 -0.05987246 0.30000000
v 0.00129550 -0.06133275 0.30000000
v 0.00132099 -0.06277208 0.30000000
v -0.00025872 -0.06302443 0.30000000
v 0.00068779 -0.06396936 0.30000000
v 0.00220657 -0.06439393 0.30000000
v 0.00072656 -0.06476297 0.30000000
v 0.00210704 -0.06567980 0.30000000
v -0.00124499 -0.06550387 0.30000000
v 0.00014467 -0.06576142 0.30000000
v 0.00027202 -0.06652429 0.30000000
v 0.00226931 -0.06744694 0.30000000
v 0.00028793 -0.06758973 0.30000000
v -0.00221020 -0.06765474 0.30000000
v -0.00020338 -0.06857604 0.30000000
v 0.00231226 -0.06942225 0.30000000
v -0.00019011 -0.06950019 0.30000000
v -0.06457150 -0.04023407 0.30000000
v -0.06369327 -0.04054427 0.30000000
v -0.06501019 -0.04076677 0.30000000
v -0.06188382 -0.04264943 0.30000000
v -0.05782223 -0.04343272 0.30000000
v -0.05880863 -0.04413519 0.30000000
v -0.05526424 -0.04242764 0.30000000
v -0.05659469 -0.04214124 0.30000000
v -0.05698308 -0.04251679 0.30000000
v -0.05545353 -0.04550831 0.30000000
v -0.05346848 -0.03908597 0.30000000
v -0.05424431 -0.04113949 0.30000000
v -0.05220720 -0.04177935 0.30000000
v -0.05349700 -0.04342480 0.30000000
v -0.02317486 -0.06302266 0.30000000
v -0.02257879 -0.06187037 0.30000000
v -0.01963625 -0.06294530 0.30000000
v -0.03582040 -0.04614489 0.30000000
v -0.03075754 -0.04685984 0.30000000
v -0.03341335 -0.04644151 0.30000000
v -0.02993571 -0.04804885 0.30000000
v -0.03068827 -0.04966347 0.30000000
v -0.03146333 -0.05116778 0.30000000
v -0.03431290 -0.04957915 0.30000000
v -0.02865108 -0.05267824 0.30000000
v -0.03220047 -0.05264267 0.30000000
v -0.03585912 -0.05243893 0.30000000
v -0.03295269 -0.05402123 0.30000000
v -0.03009365 -0.05551676 0.30000000
v -0.03367043 -0.05537222 0.30000000
v -0.03736336 -0.05505221 0.30000000
v -0.03439942 -0.05662297 0.30000000
v -0.02914816 -0.06064463 0.30000000
v -0.03149398 -0.05809843 0.30000000
v -0.03509759 -0.05784662 0.30000000
v -0.01722790 -0.06502126 0.30000000
v -0.00504016 -0.06705012 0.30000000
v -0.00552879 -0.06803958 0.30000000
v -0.01134046 -0.06668111 0.30000000
v -0.00399890 -0.06485288 0.30000000
v -0.00450986 -0.06599707 0.30000000
v -0.01082430 -0.06563341 0.30000000
v -0.00792331 -0.06638262 0.30000000
v -0.02503938 -0.05257942 0.30000000
v -0.02152371 -0.05234091 0.30000000
v -0.02576706 -0.05407467 0.30000000
v -0.02645229 -0.05553010 0.30000000
v -0.02715671 -0.05689439 0.30000000
v -0.02291714 -0.05539811 0.30000000
v -0.02556554 -0.06071716 0.30000000
v -0.02194159 -0.06067085 0.30000000
v -0.02782132 -0.05822033 0.30000000
v -0.02850309 -0.05945128 0.30000000
v -0.02426318 -0.05819179 0.30000000
v -0.01842358 -0.06049576 0.30000000
v -0.02066530 -0.05804147 0.30000000
v -0.02132523 -0.05938036 0.30000000
v -0.01934210 -0.05514002 0.30000000
v -0.02002625 -0.05661536 0.30000000
v -0.01716476 -0.05776522 0.30000000
v -0.01796750 -0.05197221 0.30000000
v -0.01448894 -0.05148354 0.30000000
v -0.01168383 -0.05258975 0.30000000
v -0.01867766 -0.05358061 0.30000000
v -0.01585457 -0.05475905 0.30000000
v -0.00889467 -0.05364465 0.30000000
v -0.00609723 -0.05461210 0.30000000
v -0.01301391 -0.05584211 0.30000000
v -0.01234144 -0.05425631 0.30000000
v -0.01428631 -0.05881912 0.30000000
v -0.01364137 -0.05737177 0.30000000
v -0.01019375 -0.05686829 0.30000000
v -0.01550477 -0.06151301 0.30000000
v -0.01488539 -0.06020878 0.30000000
v -0.01143195 -0.05981095 0.30000000
v -0.01667526 -0.06391842 0.30000000
v -0.01607877 -0.06276025 0.30000000
v -0.01374755 -0.06482137 0.30000000
v -0.01026391 -0.06452464 0.30000000
v -0.01261416 -0.06246359 0.30000000
v -0.00089195 -0.05713981 0.30000000
v -0.00120865 -0.05812538 0.30000000
v -0.00089726 -0.05754816 0.30000000
v -0.00330635 -0.05553446 0.30000000
v -0.00672826 -0.05625075 0.30000000
v -0.00736848 -0.05780951 0.30000000
v -0.00176725 -0.05948669 0.30000000
v -0.00148349 -0.06042867 0.30000000
v -0.00234587 -0.06100621 0.30000000
v -0.00796572 -0.05930483 0.30000000
v -0.00857619 -0.06071737 0.30000000
v -0.00456270 -0.05869739 0.30000000
v -0.00290702 -0.06233984 0.30000000
v -0.00344620 -0.06364073 0.30000000
v -0.00685668 -0.06412898 0.30000000
v -0.00914203 -0.06206493 0.30000000
v -0.00972546 -0.06332671 0.30000000
v -0.00573980 -0.06156624 0.30000000
v -0.07636367 -0.03332089 0.30000000
v -0.07606927 -0.03361277 0.30000000
v -0.07569839 -0.03697895 0.30000000
v -0.07661248 -0.03362466 0.30000000
v -0.07488763 -0.03636667 0.30000000
v -0.05105735 -0.09019539 0.30000000
v -0.05020028 -0.09025875 0.30000000
v -0.04654541 -0.09150214 0.30000000
v -0.04800732 -0.06369255 0.30000000
v -0.04265200 -0.09301408 0.30000000
v -0.04123386 -0.06613761 0.30000000
v -0.06598084 -0.07923387 0.30000000
v -0.06717723 -0.05188363 0.30000000
v -0.06482122 -0.08041157 0.30000000
v -0.06261723 -0.08273749 0.30000000
v -0.06528139 -0.05324597 0.30000000
v -0.06356410 -0.05421604 0.30000000
v -0.06177728 -0.05505414 0.30000000
v -0.05989676 -0.05578353 0.30000000
v -0.05847956 -0.05692493 0.30000000
v -0.05796343 -0.05641153 0.30000000
v -0.05736613 -0.05580330 0.30000000
v -0.05595476 -0.05692226 0.30000000
v -0.07230942 -0.03834580 0.30000000
v -0.07286285 -0.03883524 0.30000000
v -0.07072048 -0.04105772 0.30000000
v -0.06897932 -0.04220581 0.30000000
v -0.06808248 -0.04175063 0.30000000
v -0.06647952 -0.04221719 0.30000000
v -0.06576136 -0.04150686 0.30000000
v -0.06378955 -0.04400593 0.30000000
v -0.06632115 -0.04402997 0.30000000
v -0.07844582 -0.06161897 0.30000000
v -0.07547894 -0.03913209 0.30000000
v -0.07583192 -0.03897737 0.30000000
v -0.07454427 -0.04018506 0.30000000
v -0.07421219 -0.03993023 0.30000000
v -0.07420193 -0.04161500 0.30000000
v -0.07336593 -0.03924711 0.30000000
v -0.07381250 -0.03962709 0.30000000
v -0.07181293 -0.04199532 0.30000000
v -0.07270214 -0.04271151 0.30000000
v -0.07070732 -0.04371570 0.30000000
v -0.07119508 -0.04412728 0.30000000
v -0.06959732 -0.04275450 0.30000000
v -0.07018430 -0.04328078 0.30000000
v -0.06857660 -0.04420525 0.30000000
v -0.06969705 -0.04519093 0.30000000
v -0.06750547 -0.04560039 0.30000000
v -0.06810256 -0.04614912 0.30000000
v -0.06686892 -0.04501304 0.30000000
v -0.06512065 -0.04568276 0.30000000
v -0.06638570 -0.04700610 0.30000000
v -0.06390406 -0.04706875 0.30000000
v -0.06459000 -0.04775878 0.30000000
v -0.06218840 -0.04570195 0.30000000
v -0.06319515 -0.04636012 0.30000000
v -0.06269756 -0.04839494 0.30000000
v -0.06074066 -0.04892690 0.30000000
v -0.05960551 -0.04504009 0.30000000
v -0.06036894 -0.04589886 0.30000000
v -0.05717022 -0.04751237 0.30000000
v -0.06014289 -0.04779468 0.30000000
v -0.05873679 -0.04932885 0.30000000
v -0.05745184 -0.08650231 0.30000000
v -0.06118999 -0.08399408 0.30000000
v -0.06263043 -0.05576274 0.30000000
v -0.06222899 -0.05543915 0.30000000
v -0.06085260 -0.05666352 0.30000000
v -0.05575611 -0.08777789 0.30000000
v -0.05982093 -0.05808813 0.30000000
v -0.05484063 -0.08788260 0.30000000
v -0.05899708 -0.05740956 0.30000000
v -0.05708391 -0.05802687 0.30000000
v -0.05942674 -0.05780953 0.30000000
v -0.05819314 -0.05877966 0.30000000
v -0.05317952 -0.08897248 0.30000000
v -0.05307872 -0.06150819 0.30000000
v -0.05609197 -0.05956716 0.30000000
v -0.05508039 -0.05857863 0.30000000
v -0.05424133 -0.05808393 0.30000000
v -0.05559114 -0.05909774 0.30000000
v -0.05414615 -0.06010932 0.30000000
v -0.05090439 -0.06214704 0.30000000
v -0.04750798 -0.06321703 0.30000000
v -0.05261224 -0.06108862 0.30000000
v -0.05211275 -0.06058101 0.30000000
v -0.05238659 -0.05827747 0.30000000
v -0.05174732 -0.05975900 0.30000000
v -0.04984791 -0.06104753 0.30000000
v -0.04394925 -0.06423248 0.30000000
v -0.04695580 -0.06263862 0.30000000
v -0.04640144 -0.06201854 0.30000000
v -0.04579176 -0.06130401 0.30000000
v -0.04280386 -0.06293100 0.30000000
v -0.04074923 -0.06566054 0.30000000
v -0.03768295 -0.06695728 0.30000000
v -0.04021219 -0.06507796 0.30000000
v -0.03963673 -0.06439985 0.30000000
v -0.03904753 -0.06368057 0.30000000
v -0.03658575 -0.06574313 0.30000000
v -0.03831026 -0.09387088 0.30000000
v -0.03454768 -0.06803259 0.30000000
v -0.03395358 -0.06756639 0.30000000
v -0.03340780 -0.06693691 0.30000000
v -0.03284216 -0.06626258 0.30000000
v -0.03033171 -0.06802702 0.30000000
v -0.03461967 -0.09480876 0.30000000
v -0.02764098 -0.06948999 0.30000000
v -0.02717756 -0.06898026 0.30000000
v -0.02663213 -0.06835947 0.30000000
v -0.02410504 -0.06985037 0.30000000
v -0.03058460 -0.09515509 0.30000000
v -0.02105833 -0.07054640 0.30000000
v -0.02047037 -0.07003454 0.30000000
v -0.02713459 -0.09574022 0.30000000
v -0.01435007 -0.07130286 0.30000000
v -0.07350096 -0.06913245 0.30000000
v -0.07752845 -0.06340489 0.30000000
v -0.07434519 -0.04202758 0.30000000
v -0.07333207 -0.04331888 0.30000000
v -0.07033898 -0.04793271 0.30000000
v -0.07200702 -0.04475147 0.30000000
v -0.07162034 -0.04445078 0.30000000
v -0.07062392 -0.04595036 0.30000000
v -0.06732486 -0.05020546 0.30000000
v -0.06914019 -0.04703626 0.30000000
v -0.06863827 -0.04660348 0.30000000
v -0.06752298 -0.04803337 0.30000000
v -0.06389878 -0.05205455 0.30000000
v -0.06582106 -0.04891910 0.30000000
v -0.06521938 -0.04834868 0.30000000
v -0.06400863 -0.04969687 0.30000000
v -0.06013322 -0.05346412 0.30000000
v -0.06212868 -0.05036944 0.30000000
v -0.06144678 -0.04965958 0.30000000
v -0.06016401 -0.05092188 0.30000000
v -0.05814806 -0.05137825 0.30000000
v -0.05714853 -0.05065496 0.30000000
v -0.05524083 -0.05072306 0.30000000
v -0.05487235 -0.05255612 0.30000000
v -0.05370564 -0.04884073 0.30000000
v -0.05449675 -0.04982340 0.30000000
v -0.05185196 -0.05203738 0.30000000
v -0.04170519 -0.05572381 0.30000000
v -0.04896981 -0.05410390 0.30000000
v -0.04821489 -0.05310002 0.30000000
v -0.05287366 -0.04773587 0.30000000
v -0.05203939 -0.04663487 0.30000000
v -0.05026268 -0.04992903 0.30000000
v -0.04020210 -0.05335158 0.30000000
v -0.04095605 -0.05459203 0.30000000
v -0.04743206 -0.05198152 0.30000000
v -0.04465851 -0.05392273 0.30000000
v -0.04663785 -0.05085603 0.30000000
v -0.04968394 -0.04398632 0.30000000
v -0.04764695 -0.04424707 0.30000000
v -0.05117720 -0.04541145 0.30000000
v -0.05041062 -0.04435931 0.30000000
v -0.04860451 -0.04757986 0.30000000
v -0.03865046 -0.05073213 0.30000000
v -0.03942453 -0.05209520 0.30000000
v -0.04582791 -0.04961493 0.30000000
v -0.04309785 -0.05155010 0.30000000
v -0.04500270 -0.04836915 0.30000000
v -0.04494418 -0.04364928 0.30000000
v -0.04652232 -0.04319066 0.30000000
v -0.04674002 -0.04511988 0.30000000
v -0.04252993 -0.04537957 0.30000000
v -0.04080504 -0.04558155 0.30000000
v -0.03705571 -0.04787159 0.30000000
v -0.03784876 -0.04935277 0.30000000
v -0.04417144 -0.04701014 0.30000000
v -0.04148774 -0.04893468 0.30000000
v -0.04340659 -0.04579599 0.30000000
v -0.03980086 -0.04429014 0.30000000
v -0.03836122 -0.04455830 0.30000000
v -0.03631435 -0.04652755 0.30000000
v -0.03961014 -0.04623614 0.30000000
v -0.07274168 -0.07037764 0.30000000
v -0.07111801 -0.07314423 0.30000000
v -0.07063835 -0.04808234 0.30000000
v -0.07233881 -0.04496600 0.30000000
v -0.07262048 -0.04510365 0.30000000
v -0.07135906 -0.04649170 0.30000000
v -0.06810478 -0.05079982 0.30000000
v -0.06924026 -0.04941356 0.30000000
v -0.06774123 -0.05054756 0.30000000
v -0.06958216 -0.04737801 0.30000000
v -0.06998704 -0.04769932 0.30000000
v -0.06847417 -0.04883242 0.30000000
v -0.06611383 -0.05159749 0.30000000
v -0.06486574 -0.05290154 0.30000000
v -0.06441151 -0.05252657 0.30000000
v -0.06636316 -0.04939208 0.30000000
v -0.06687337 -0.04984573 0.30000000
v -0.06515106 -0.05076207 0.30000000
v -0.06260094 -0.05335220 0.30000000
v -0.06126688 -0.05456840 0.30000000
v -0.06072919 -0.05406830 0.30000000
v -0.06275529 -0.05097628 0.30000000
v -0.06335638 -0.05156570 0.30000000
v -0.06146361 -0.05225654 0.30000000
v -0.05877479 -0.05466591 0.30000000
v -0.05676850 -0.05517221 0.30000000
v -0.05884037 -0.05211913 0.30000000
v -0.05951409 -0.05284469 0.30000000
v -0.05749896 -0.05330400 0.30000000
v -0.05449954 -0.05571293 0.30000000
v -0.05542849 -0.05368704 0.30000000
v -0.05311888 -0.05409139 0.30000000
v -0.05609920 -0.05443799 0.30000000
v -0.05177104 -0.05759985 0.30000000
v -0.04889696 -0.05953292 0.30000000
v -0.04517514 -0.06055470 0.30000000
v -0.05112511 -0.05684107 0.30000000
v -0.04971723 -0.05509628 0.30000000
v -0.04615695 -0.05604705 0.30000000
v -0.05042300 -0.05597771 0.30000000
v -0.04757626 -0.05791829 0.30000000
v -0.04155647 -0.06135822 0.30000000
v -0.04451661 -0.05970463 0.30000000
v -0.04384669 -0.05882665 0.30000000
v -0.03882136 -0.05741367 0.30000000
v -0.03580057 -0.05896757 0.30000000
v -0.04243465 -0.05683761 0.30000000
v -0.04314848 -0.05784318 0.30000000
v -0.04022358 -0.05951752 0.30000000
v -0.03843177 -0.06286157 0.30000000
v -0.03540667 -0.06424610 0.30000000
v -0.03779754 -0.06200644 0.30000000
v -0.02980615 -0.06173998 0.30000000
v -0.03285061 -0.06041792 0.30000000
v -0.03714848 -0.06104905 0.30000000
v -0.03647656 -0.06006001 0.30000000
v -0.03415784 -0.06246916 0.30000000
v -0.03226586 -0.06548826 0.30000000
v -0.02921357 -0.06662886 0.30000000
v -0.03166487 -0.06467164 0.30000000
v -0.02682578 -0.06296910 0.30000000
v -0.02379036 -0.06408007 0.30000000
v -0.03106247 -0.06375426 0.30000000
v -0.03043098 -0.06279715 0.30000000
v -0.02804300 -0.06494145 0.30000000
v -0.02609144 -0.06763845 0.30000000
v -0.02304122 -0.06856321 0.30000000
v -0.02552087 -0.06687126 0.30000000
v -0.02080782 -0.06510888 0.30000000
v -0.01780426 -0.06603119 0.30000000
v -0.02496147 -0.06600422 0.30000000
v -0.02436788 -0.06509106 0.30000000
v -0.02194211 -0.06698255 0.30000000
v -0.01996161 -0.06937072 0.30000000
v -0.01693603 -0.07010820 0.30000000
v -0.01941897 -0.06865911 0.30000000
v -0.01484037 -0.06688130 0.30000000
v -0.01188224 -0.06763652 0.30000000
v -0.01889812 -0.06784889 0.30000000
v -0.01833941 -0.06698819 0.30000000
v -0.01590088 -0.06864299 0.30000000
v -0.01391417 -0.07074336 0.30000000
v -0.01093014 -0.07132137 0.30000000
v -0.01339705 -0.07008909 0.30000000
v -0.00604219 -0.06893617 0.30000000
v -0.00895053 -0.06832865 0.30000000
v -0.01290921 -0.06933818 0.30000000
v -0.01238161 -0.06853485 0.30000000
v -0.00994948 -0.06997214 0.30000000
v -0.02344705 -0.09576144 0.30000000
v -0.00798235 -0.07180520 0.30000000
v -0.00747902 -0.07121272 0.30000000
v -0.00315323 -0.06948868 0.30000000
v -0.00068850 -0.07027949 0.30000000
v -0.00701654 -0.07051955 0.30000000
v -0.00651474 -0.06977479 0.30000000
v -0.00410262 -0.07101614 0.30000000
v -0.02031484 -0.09612077 0.30000000
v -0.00169093 -0.07209588 0.30000000
v 0.00223022 -0.07075253 0.30000000
v -0.00125744 -0.07140981 0.30000000
v -0.00077825 -0.07079300 0.30000000
v -0.00114317 -0.07179873 0.30000000
v 0.00173492 -0.07221242 0.30000000
v 0.00216088 -0.07157207 0.30000000
v 0.05233510 0.09647163 0.30000000
v 0.04996439 0.09624930 0.30000000
v 0.05090982 0.07211488 0.30000000
v 0.06596064 0.06740840 0.30000000
v 0.06714926 0.06639324 0.30000000
v 0.07002874 0.06171155 0.30000000
v 0.06764589 0.06513872 0.30000000
v 0.06954868 0.06315134 0.30000000
v 0.06890162 0.06409303 0.30000000
v 0.06613264 0.06583240 0.30000000
v 0.06742317 0.06285757 0.30000000
v 0.07280517 0.06061758 0.30000000
v 0.07444573 0.05852123 0.30000000
v 0.07404366 0.05972612 0.30000000
v 0.07062330 0.06016611 0.30000000
v 0.07461777 0.05675278 0.30000000
v 0.07622971 0.05412786 0.30000000
v 0.07557398 0.05543677 0.30000000
v 0.07345858 0.05738020 0.30000000
v 0.07690467 0.05154385 0.30000000
v 0.07634910 0.05249500 0.30000000
v 0.07428100 0.05341668 0.30000000
v 0.08035174 0.04820989 0.30000000
v 0.08011639 0.04918817 0.30000000
v 0.07925481 0.05031071 0.30000000
v 0.07712147 0.04994908 0.30000000
v 0.08123538 0.04427077 0.30000000
v 0.08041616 0.04623610 0.30000000
v 0.07986809 0.04257758 0.30000000
v 0.08103431 0.04236324 0.30000000
v 0.07866064 0.04296430 0.30000000
v 0.07956492 0.04662768 0.30000000
v 0.03592382 0.04737891 0.30000000
v 0.03879881 0.04717659 0.30000000
v 0.00996332 0.04903676 0.30000000
v 0.01305282 0.04905147 0.30000000
v 0.00461761 0.04905598 0.30000000
v 0.00727180 0.04906469 0.30000000
v 0.00458766 0.05101721 0.30000000
v 0.00956094 0.05086665 0.30000000
v 0.00443648 0.05472474 0.30000000
v 0.00446926 0.05287615 0.30000000
v 0.00683592 0.05267543 0.30000000
v 0.00414389 0.05870138 0.30000000
v 0.00427937 0.05813683 0.30000000
v 0.00431685 0.05645290 0.30000000
v 0.00659370 0.05624168 0.30000000
v 0.00413976 0.06129573 0.30000000
v 0.00395060 0.05991970 0.30000000
v 0.00635666 0.05952657 0.30000000
v 0.00403600 0.06406693 0.30000000
v 0.00320443 0.06286265 0.30000000
v 0.00404944 0.06267777 0.30000000
v 0.00612899 0.06252212 0.30000000
v 0.02125329 0.06496464 0.30000000
v 0.00843660 0.06519787 0.30000000
v 0.01598265 0.06632533 0.30000000
v 0.00641065 0.06868678 0.30000000
v 0.01082675 0.06751759 0.30000000
v 0.00414873 0.06768079 0.30000000
v 0.00400197 0.06658120 0.30000000
v 0.00396229 0.06531344 0.30000000
v 0.00593489 0.06517317 0.30000000
v 0.00832930 0.06640759 0.30000000
v 0.00810617 0.06754215 0.30000000
v 0.03297389 0.09692419 0.30000000
v 0.03440457 0.09696381 0.30000000
v 0.02794117 0.09716413 0.30000000
v 0.03950041 0.09685064 0.30000000
v 0.02426325 0.07297646 0.30000000
v 0.02942351 0.07223616 0.30000000
v 0.04477834 0.09661208 0.30000000
v 0.04392297 0.07209352 0.30000000
v 0.03404935 0.07266139 0.30000000
v 0.03437910 0.07200337 0.30000000
v 0.04439014 0.07134059 0.30000000
v 0.03477067 0.07128764 0.30000000
v 0.03938420 0.07173637 0.30000000
v 0.05504021 0.09616991 0.30000000
v 0.05922456 0.07148712 0.30000000
v 0.05536632 0.07212750 0.30000000
v 0.05338223 0.07186255 0.30000000
v 0.05144241 0.07142652 0.30000000
v 0.05592650 0.07154444 0.30000000
v 0.04934153 0.07089393 0.30000000
v 0.04487078 0.07052665 0.30000000
v 0.05199529 0.07058958 0.30000000
v 0.04032943 0.07007966 0.30000000
v 0.04149323 0.04654757 0.30000000
v 0.04437404 0.04635305 0.30000000
v 0.04125860 0.04771793 0.30000000
v 0.04743890 0.04412003 0.30000000
v 0.04700047 0.04572267 0.30000000
v 0.04934341 0.04290837 0.30000000
v 0.04993214 0.04533399 0.30000000
v 0.04660169 0.04655783 0.30000000
v 0.04119094 0.04950701 0.30000000
v 0.04385662 0.04891614 0.30000000
v 0.05001800 0.04737761 0.30000000
v 0.04653738 0.04823652 0.30000000
v 0.04915958 0.04752360 0.30000000
v 0.04644857 0.05023279 0.30000000
v 0.04363986 0.05281374 0.30000000
v 0.04632804 0.05217724 0.30000000
v 0.04898758 0.05149635 0.30000000
v 0.04617346 0.05409315 0.30000000
v 0.04331383 0.05650104 0.30000000
v 0.04599442 0.05593218 0.30000000
v 0.04865835 0.05531404 0.30000000
v 0.04578432 0.05772040 0.30000000
v 0.04287856 0.05991238 0.30000000
v 0.04555118 0.05941759 0.30000000
v 0.04820531 0.05887321 0.30000000
v 0.04528972 0.06105038 0.30000000
v 0.04234161 0.06299639 0.30000000
v 0.04500188 0.06257716 0.30000000
v 0.04763843 0.06211175 0.30000000
v 0.04468922 0.06403908 0.30000000
v 0.04100333 0.06808644 0.30000000
v 0.04171359 0.06572414 0.30000000
v 0.04434905 0.06538000 0.30000000
v 0.04696299 0.06499495 0.30000000
v 0.04399053 0.06665966 0.30000000
v 0.04287809 0.06988950 0.30000000
v 0.04775491 0.06940620 0.30000000
v 0.04318965 0.06896209 0.30000000
v 0.04360347 0.06781025 0.30000000
v 0.04618931 0.06749943 0.30000000
v 0.05248056 0.04660591 0.30000000
v 0.05537702 0.04624440 0.30000000
v 0.05174606 0.04875816 0.30000000
v 0.05801851 0.04531965 0.30000000
v 0.06090405 0.04499980 0.30000000
v 0.05700172 0.04713866 0.30000000
v 0.05164408 0.05074080 0.30000000
v 0.05150682 0.05270677 0.30000000
v 0.05429432 0.04993367 0.30000000
v 0.05692439 0.04905150 0.30000000
v 0.05955779 0.04811405 0.30000000
v 0.05681641 0.05105221 0.30000000
v 0.05133036 0.05461601 0.30000000
v 0.05112069 0.05647169 0.30000000
v 0.05399510 0.05386247 0.30000000
v 0.05665374 0.05302177 0.30000000
v 0.05931376 0.05212031 0.30000000
v 0.05645571 0.05493972 0.30000000
v 0.05087617 0.05825116 0.30000000
v 0.05060179 0.05996424 0.30000000
v 0.05354054 0.05757015 0.30000000
v 0.05620895 0.05680110 0.30000000
v 0.05888691 0.05596332 0.30000000
v 0.05593013 0.05860336 0.30000000
v 0.05029393 0.06157795 0.30000000
v 0.04995881 0.06312644 0.30000000
v 0.05294965 0.06098448 0.30000000
v 0.05561087 0.06031302 0.30000000
v 0.05829617 0.05956783 0.30000000
v 0.05526210 0.06196212 0.30000000
v 0.04959275 0.06455365 0.30000000
v 0.04920336 0.06591548 0.30000000
v 0.05223159 0.06405653 0.30000000
v 0.05487663 0.06349140 0.30000000
v 0.05755610 0.06285424 0.30000000
v 0.05446429 0.06495203 0.30000000
v 0.05046747 0.06901523 0.30000000
v 0.04878557 0.06714417 0.30000000
v 0.04835059 0.06830901 0.30000000
v 0.05139923 0.06674015 0.30000000
v 0.05401943 0.06627786 0.30000000
v 0.05667903 0.06575030 0.30000000
v 0.05355184 0.06753069 0.30000000
v 0.05457557 0.07024885 0.30000000
v 0.05253996 0.06968509 0.30000000
v 0.05305414 0.06864414 0.30000000
v 0.05568002 0.06821745 0.30000000
v 0.06205257 0.06890767 0.30000000
v 0.06321745 0.06812279 0.30000000
v 0.06309531 0.06767895 0.30000000
v 0.05831301 0.06772431 0.30000000
v 0.05775993 0.06885525 0.30000000
v 0.06056543 0.07051369 0.30000000
v 0.05985250 0.07078472 0.30000000
v 0.06144496 0.06986738 0.30000000
v 0.05833196 0.07119555 0.30000000
v 0.05656541 0.07076226 0.30000000
v 0.05717011 0.06985062 0.30000000
v 0.05975497 0.06939749 0.30000000
v 0.06365843 0.06651273 0.30000000
v 0.06422031 0.06517332 0.30000000
v 0.05933687 0.06515026 0.30000000
v 0.05884476 0.06650588 0.30000000
v 0.06098419 0.06715975 0.30000000
v 0.06520504 0.06214420 0.30000000
v 0.06472754 0.06370529 0.30000000
v 0.06022536 0.06214082 0.30000000
v 0.05980250 0.06371123 0.30000000
v 0.06203848 0.06447022 0.30000000
v 0.06834504 0.05949100 0.30000000
v 0.07102223 0.05843498 0.30000000
v 0.07138871 0.05657311 0.30000000
v 0.06562492 0.06046191 0.30000000
v 0.06096516 0.05874287 0.30000000
v 0.06061821 0.06049931 0.30000000
v 0.06293892 0.06134259 0.30000000
v 0.06601110 0.05870663 0.30000000
v 0.07168243 0.05462520 0.30000000
v 0.07193554 0.05263907 0.30000000
v 0.06903993 0.05577309 0.30000000
v 0.06154530 0.05504069 0.30000000
v 0.06127982 0.05693380 0.30000000
v 0.06633870 0.05684722 0.30000000
v 0.06367160 0.05783387 0.30000000
v 0.06663032 0.05494360 0.30000000
v 0.07211880 0.05059677 0.30000000
v 0.06952475 0.05181358 0.30000000
v 0.06194896 0.05113272 0.30000000
v 0.06177611 0.05310672 0.30000000
v 0.06686244 0.05296767 0.30000000
v 0.06422675 0.05404138 0.30000000
v 0.06705759 0.05097314 0.30000000
v 0.06995206 0.04416460 0.30000000
v 0.06855159 0.04456193 0.30000000
v 0.07146831 0.04401046 0.30000000
v 0.06980141 0.04774816 0.30000000
v 0.06333808 0.04604185 0.30000000
v 0.06215388 0.04710337 0.30000000
v 0.06208467 0.04912009 0.30000000
v 0.06719116 0.04894856 0.30000000
v 0.06459299 0.05007946 0.30000000
v 0.06728697 0.04690628 0.30000000
v 0.06617822 0.04360831 0.30000000
v 0.06519818 0.04206037 0.30000000
v 0.06344288 0.04397757 0.30000000
v 0.06716913 0.04512275 0.30000000
v 0.06477279 0.04601582 0.30000000
v 0.07472748 0.04930228 0.30000000
v 0.07725368 0.04795177 0.30000000
v 0.07734142 0.04586282 0.30000000
v 0.07226305 0.04855222 0.30000000
v 0.07234531 0.04648285 0.30000000
v 0.07637350 0.04224845 0.30000000
v 0.07384243 0.04270376 0.30000000
v 0.07551970 0.04117231 0.30000000
v 0.07727410 0.04393500 0.30000000
v 0.07240481 0.04456223 0.30000000
v 0.07489725 0.04514701 0.30000000
v 0.01896363 0.06247988 0.30000000
v 0.02169580 0.06226041 0.30000000
v 0.01928312 0.06091891 0.30000000
v 0.01680098 0.05946293 0.30000000
v 0.01944767 0.05934076 0.30000000
v 0.02205520 0.05920666 0.30000000
v 0.01960409 0.05772567 0.30000000
v 0.01473154 0.05261661 0.30000000
v 0.01709312 0.05613372 0.30000000
v 0.01975421 0.05599335 0.30000000
v 0.02237221 0.05584143 0.30000000
v 0.01988937 0.05424307 0.30000000
v 0.01578434 0.04895899 0.30000000
v 0.01890254 0.04890214 0.30000000
v 0.01485049 0.05081356 0.30000000
v 0.01736218 0.05253878 0.30000000
v 0.02002552 0.05238178 0.30000000
v 0.02163922 0.04873400 0.30000000
v 0.02484966 0.04858777 0.30000000
v 0.02264781 0.05221364 0.30000000
v 0.02013942 0.05057183 0.30000000
v 0.01206905 0.05268765 0.30000000
v 0.00943787 0.05268190 0.30000000
v 0.00930171 0.05452747 0.30000000
v 0.01446557 0.05619995 0.30000000
v 0.01459447 0.05446833 0.30000000
v 0.00917490 0.05625042 0.30000000
v 0.00904062 0.05796360 0.30000000
v 0.01419034 0.05951505 0.30000000
v 0.01432586 0.05792153 0.30000000
v 0.01180720 0.05625918 0.30000000
v 0.00891887 0.05954328 0.30000000
v 0.00879524 0.06111222 0.30000000
v 0.01404944 0.06112216 0.30000000
v 0.01154385 0.05956026 0.30000000
v 0.00867415 0.06254498 0.30000000
v 0.00856031 0.06393775 0.30000000
v 0.01633613 0.06388425 0.30000000
v 0.01615384 0.06510580 0.30000000
v 0.01111692 0.06522473 0.30000000
v 0.01402830 0.06262548 0.30000000
v 0.01132216 0.06256860 0.30000000
v 0.02627975 0.06592929 0.30000000
v 0.02411147 0.06358132 0.30000000
v 0.02402093 0.06489769 0.30000000
v 0.02432016 0.06209162 0.30000000
v 0.02898205 0.06457259 0.30000000
v 0.03174641 0.06425256 0.30000000
v 0.02936052 0.06312839 0.30000000
v 0.02451644 0.06060803 0.30000000
v 0.02469970 0.05900749 0.30000000
v 0.02693555 0.06190368 0.30000000
v 0.02957704 0.06167022 0.30000000
v 0.03221460 0.06141080 0.30000000
v 0.02977996 0.06014985 0.30000000
v 0.02486849 0.05736598 0.30000000
v 0.02503028 0.05561238 0.30000000
v 0.02732001 0.05878950 0.30000000
v 0.02996807 0.05851717 0.30000000
v 0.03261527 0.05821819 0.30000000
v 0.03013548 0.05683999 0.30000000
v 0.02517159 0.05383695 0.30000000
v 0.02530876 0.05196066 0.30000000
v 0.02764783 0.05536554 0.30000000
v 0.03029698 0.05505291 0.30000000
v 0.03294305 0.05471322 0.30000000
v 0.03043257 0.05324705 0.30000000
v 0.02754024 0.04837548 0.30000000
v 0.02542004 0.05011023 0.30000000
v 0.02791894 0.05169178 0.30000000
v 0.03056286 0.05134634 0.30000000
v 0.03017377 0.04798892 0.30000000
v 0.03325410 0.04784601 0.30000000
v 0.03592602 0.04870288 0.30000000
v 0.03319262 0.05097552 0.30000000
v 0.03066373 0.04946441 0.30000000
v 0.03850794 0.05006116 0.30000000
v 0.04109256 0.05147171 0.30000000
v 0.04097463 0.05336333 0.30000000
v 0.03573236 0.05246774 0.30000000
v 0.03584499 0.05053566 0.30000000
v 0.04082545 0.05522314 0.30000000
v 0.04065002 0.05700296 0.30000000
v 0.03545953 0.05613244 0.30000000
v 0.03561049 0.05431155 0.30000000
v 0.03828055 0.05387553 0.30000000
v 0.04044644 0.05872576 0.30000000
v 0.04022060 0.06035359 0.30000000
v 0.03509742 0.05952980 0.30000000
v 0.03529103 0.05785828 0.30000000
v 0.03795695 0.05746424 0.30000000
v 0.03996898 0.06191646 0.30000000
v 0.03969827 0.06336795 0.30000000
v 0.03464905 0.06260164 0.30000000
v 0.03488332 0.06109885 0.30000000
v 0.03753869 0.06075286 0.30000000
v 0.03940693 0.06475830 0.30000000
v 0.03909223 0.06602832 0.30000000
v 0.03412733 0.06532384 0.30000000
v 0.03439469 0.06399270 0.30000000
v 0.03703557 0.06370051 0.30000000
v -0.01578058 0.09645008 0.30000000
v -0.01486608 0.09659275 0.30000000
v -0.00944559 0.09713510 0.30000000
v 0.02346605 0.09714514 0.30000000
v 0.00554986 0.07279800 0.30000000
v 0.00610880 0.07257961 0.30000000
v 0.01464017 0.07307193 0.30000000
v 0.00611955 0.07151985 0.30000000
v 0.00624808 0.07119427 0.30000000
v 0.00618336 0.07200392 0.30000000
v 0.01474795 0.07248928 0.30000000
v 0.01004911 0.07249091 0.30000000
v 0.01960674 0.07247484 0.30000000
v 0.02447524 0.07236677 0.30000000
v 0.02476574 0.07168986 0.30000000
v 0.01493514 0.07184599 0.30000000
v 0.01542112 0.06941865 0.30000000
v 0.02499836 0.07090473 0.30000000
v 0.02001958 0.07105397 0.30000000
v 0.03001073 0.07072548 0.30000000
v 0.02528207 0.07007725 0.30000000
v 0.02603166 0.06705576 0.30000000
v 0.03109013 0.06675276 0.30000000
v 0.03052985 0.06890415 0.30000000
v 0.03268695 0.07062507 0.30000000
v 0.03754887 0.07033589 0.30000000
v 0.03805854 0.06936712 0.30000000
v 0.03290507 0.06976291 0.30000000
v 0.03322457 0.06873510 0.30000000
v 0.03841208 0.06833020 0.30000000
v 0.03876644 0.06724154 0.30000000
v 0.03383721 0.06653708 0.30000000
v 0.03645705 0.06629841 0.30000000
v 0.03354437 0.06769634 0.30000000
v 0.03581436 0.06854547 0.30000000
v 0.02087897 0.06731850 0.30000000
v 0.01578710 0.06742877 0.30000000
v 0.01561957 0.06848053 0.30000000
v 0.02044756 0.06934205 0.30000000
v 0.02552151 0.06914058 0.30000000
v 0.02579214 0.06815282 0.30000000
v 0.00628911 0.07047718 0.30000000
v 0.00630598 0.06960818 0.30000000
v 0.01050020 0.06947488 0.30000000
v 0.01025877 0.07112461 0.30000000
v 0.01507055 0.07109781 0.30000000
v 0.01526593 0.07031295 0.30000000
v 0.01404915 -0.06107396 0.30000000
v 0.01402802 -0.06257738 0.30000000
v 0.01132194 -0.06252050 0.30000000
v 0.04752618 -0.04335958 0.30000000
v 0.04702277 -0.04555474 0.30000000
v 0.04931641 -0.04285898 0.30000000
v 0.05000076 -0.04527842 0.30000000
v 0.05007662 -0.04732702 0.30000000
v 0.04916045 -0.04747456 0.30000000
v 0.06631789 -0.06709838 0.30000000
v 0.06564395 -0.06750137 0.30000000
v 0.06711650 -0.06629961 0.30000000
v 0.08111255 -0.04453824 0.30000000
v 0.08092522 -0.04235496 0.30000000
v 0.07982262 -0.04255136 0.30000000
v 0.07838791 -0.04296472 0.30000000
v 0.08097352 -0.04660505 0.30000000
v 0.07934503 -0.05002001 0.30000000
v 0.08024896 -0.04849875 0.30000000
v 0.07963525 -0.04654775 0.30000000
v 0.07628703 -0.05440210 0.30000000
v 0.07635682 -0.05386514 0.30000000
v 0.07528210 -0.05586043 0.30000000
v 0.07450137 -0.05679308 0.30000000
v 0.07435771 -0.05814785 0.30000000
v 0.07422349 -0.05880856 0.30000000
v 0.07299916 -0.06030703 0.30000000
v 0.07345884 -0.05733331 0.30000000
v 0.07705287 -0.05119564 0.30000000
v 0.07651226 -0.05217803 0.30000000
v 0.07712027 -0.04987685 0.30000000
v 0.07429169 -0.05336556 0.30000000
v 0.06926385 -0.06328650 0.30000000
v 0.06908799 -0.06369032 0.30000000
v 0.06770092 -0.06505860 0.30000000
v 0.06613361 -0.06578498 0.30000000
v 0.06997303 -0.06172120 0.30000000
v 0.06951006 -0.06219174 0.30000000
v 0.07038097 -0.06125168 0.30000000
v 0.07062586 -0.06008825 0.30000000
v 0.06739669 -0.06281761 0.30000000
v 0.06318535 -0.06810100 0.30000000
v 0.06196397 -0.06891838 0.30000000
v 0.06309399 -0.06763128 0.30000000
v 0.05999491 -0.07066501 0.30000000
v 0.06124472 -0.06994846 0.30000000
v 0.06141020 -0.06973732 0.30000000
v 0.05975451 -0.06934982 0.30000000
v 0.05505198 -0.09611347 0.30000000
v 0.05935257 -0.07138655 0.30000000
v 0.05834231 -0.07114627 0.30000000
v 0.00612761 -0.07145499 0.30000000
v 0.00618383 -0.07192298 0.30000000
v 0.00630633 -0.06941736 0.30000000
v 0.00629233 -0.07030520 0.30000000
v 0.00624843 -0.07079206 0.30000000
v 0.01025170 -0.07107615 0.30000000
v 0.00641673 -0.06852108 0.30000000
v 0.01048643 -0.06942633 0.30000000
v 0.01111669 -0.06517664 0.30000000
v 0.01082647 -0.06746953 0.30000000
v 0.00432853 -0.05745224 0.30000000
v 0.00410431 -0.05855500 0.30000000
v 0.00428513 -0.05796179 0.30000000
v 0.00891884 -0.05949501 0.30000000
v 0.00399319 -0.05982905 0.30000000
v 0.00413476 -0.06102554 0.30000000
v 0.00340040 -0.06167678 0.30000000
v 0.00879512 -0.06106408 0.30000000
v 0.00867401 -0.06249687 0.30000000
v 0.00635645 -0.05947836 0.30000000
v 0.00330645 -0.06270608 0.30000000
v 0.00403158 -0.06374141 0.30000000
v 0.00413780 -0.06453250 0.30000000
v 0.00856016 -0.06388966 0.30000000
v 0.00843644 -0.06514979 0.30000000
v 0.00608806 -0.06247231 0.30000000
v 0.00405448 -0.06559585 0.30000000
v 0.00399203 -0.06643513 0.30000000
v 0.00411368 -0.06747611 0.30000000
v 0.00812574 -0.06748385 0.30000000
v 0.00832913 -0.06635953 0.30000000
v 0.00598243 -0.06512694 0.30000000
v 0.00444276 -0.05600288 0.30000000
v 0.00448535 -0.05262732 0.30000000
v 0.00444229 -0.05444165 0.30000000
v 0.00656072 -0.05619175 0.30000000
v 0.00467687 -0.04895128 0.30000000
v 0.00770579 -0.04901874 0.30000000
v 0.00459146 -0.05080623 0.30000000
v 0.00680978 -0.05262569 0.30000000
v 0.05964120 -0.04508025 0.30000000
v 0.06111698 -0.04507835 0.30000000
v 0.05802601 -0.04546771 0.30000000
v 0.06851368 -0.04450789 0.30000000
v 0.07008080 -0.04410427 0.30000000
v 0.07133087 -0.04399610 0.30000000
v 0.05223091 -0.06400916 0.30000000
v 0.05526144 -0.06191486 0.30000000
v 0.05829576 -0.05952045 0.30000000
v 0.05561039 -0.06026565 0.30000000
v 0.05294909 -0.06093710 0.30000000
v 0.05592983 -0.05855588 0.30000000
v 0.05888649 -0.05591604 0.30000000
v 0.05620866 -0.05675365 0.30000000
v 0.05354024 -0.05752256 0.30000000
v 0.05645542 -0.05489213 0.30000000
v 0.05955786 -0.04806556 0.30000000
v 0.05931364 -0.05207247 0.30000000
v 0.05164400 -0.05069256 0.30000000
v 0.05665351 -0.05297392 0.30000000
v 0.05399486 -0.05381456 0.30000000
v 0.05681623 -0.05100417 0.30000000
v 0.05553294 -0.04617198 0.30000000
v 0.05255872 -0.04653989 0.30000000
v 0.05174611 -0.04870984 0.30000000
v 0.05700178 -0.04708976 0.30000000
v 0.05692434 -0.04900312 0.30000000
v 0.05429425 -0.04988536 0.30000000
v 0.04287709 -0.06984159 0.30000000
v 0.04032847 -0.07003172 0.30000000
v 0.04318878 -0.06891427 0.30000000
v 0.04920263 -0.06586799 0.30000000
v 0.04618846 -0.06745178 0.30000000
v 0.04360268 -0.06776253 0.30000000
v 0.04100258 -0.06803864 0.30000000
v 0.04398983 -0.06661200 0.30000000
v 0.04959214 -0.06450621 0.30000000
v 0.04995836 -0.06307892 0.30000000
v 0.04696229 -0.06494747 0.30000000
v 0.04434837 -0.06533240 0.30000000
v 0.04171300 -0.06567643 0.30000000
v 0.04468856 -0.06399152 0.30000000
v 0.05029348 -0.06153041 0.30000000
v 0.05060132 -0.05991673 0.30000000
v 0.04763804 -0.06206405 0.30000000
v 0.04500138 -0.06252947 0.30000000
v 0.04234112 -0.06294868 0.30000000
v 0.04528939 -0.06100258 0.30000000
v 0.05087578 -0.05820353 0.30000000
v 0.05112038 -0.05642392 0.30000000
v 0.04820489 -0.05882553 0.30000000
v 0.04555083 -0.05936979 0.30000000
v 0.04287836 -0.05986444 0.30000000
v 0.04578396 -0.05767263 0.30000000
v 0.04898748 -0.05144816 0.30000000
v 0.05133011 -0.05456807 0.30000000
v 0.05150662 -0.05265874 0.30000000
v 0.04865816 -0.05526603 0.30000000
v 0.04599421 -0.05588423 0.30000000
v 0.04331360 -0.05645313 0.30000000
v 0.04617340 -0.05404501 0.30000000
v 0.04644857 -0.05018425 0.30000000
v 0.04632802 -0.05212900 0.30000000
v 0.04363973 -0.05276548 0.30000000
v 0.04439442 -0.04631280 0.30000000
v 0.04175076 -0.04653814 0.30000000
v 0.04660169 -0.04650747 0.30000000
v 0.04653740 -0.04818765 0.30000000
v 0.04385665 -0.04886724 0.30000000
v 0.07734140 -0.04581549 0.30000000
v 0.07725356 -0.04790461 0.30000000
v 0.07472733 -0.04925509 0.30000000
v 0.07234529 -0.04643528 0.30000000
v 0.07608158 -0.04223636 0.30000000
v 0.07368504 -0.04267781 0.30000000
v 0.07542974 -0.04114338 0.30000000
v 0.07726994 -0.04389554 0.30000000
v 0.07240544 -0.04452105 0.30000000
v 0.07489724 -0.04509951 0.30000000
v 0.06365711 -0.06646570 0.30000000
v 0.06421919 -0.06512636 0.30000000
v 0.06098287 -0.06711260 0.30000000
v 0.06472656 -0.06365841 0.30000000
v 0.06520419 -0.06209736 0.30000000
v 0.06022467 -0.06209373 0.30000000
v 0.06203752 -0.06442319 0.30000000
v 0.07138826 -0.05652636 0.30000000
v 0.07102162 -0.05838832 0.30000000
v 0.06834434 -0.05944427 0.30000000
v 0.06562418 -0.06041506 0.30000000
v 0.06061766 -0.06045215 0.30000000
v 0.06096461 -0.05869570 0.30000000
v 0.06293822 -0.06129560 0.30000000
v 0.06601047 -0.05865978 0.30000000
v 0.07168213 -0.05457829 0.30000000
v 0.07193538 -0.05259194 0.30000000
v 0.06903954 -0.05572616 0.30000000
v 0.06127928 -0.05688670 0.30000000
v 0.06154499 -0.05499331 0.30000000
v 0.06633822 -0.05680026 0.30000000
v 0.06367102 -0.05778688 0.30000000
v 0.06662999 -0.05489641 0.30000000
v 0.07211870 -0.05054947 0.30000000
v 0.06980134 -0.04770051 0.30000000
v 0.07226299 -0.04850479 0.30000000
v 0.06952460 -0.05176619 0.30000000
v 0.06177604 -0.05305904 0.30000000
v 0.06194897 -0.05108489 0.30000000
v 0.06686220 -0.05292025 0.30000000
v 0.06422656 -0.05399388 0.30000000
v 0.06705744 -0.05092558 0.30000000
v 0.06344538 -0.04598757 0.30000000
v 0.06215221 -0.04705765 0.30000000
v 0.06728688 -0.04685829 0.30000000
v 0.06208474 -0.04907195 0.30000000
v 0.06719105 -0.04890086 0.30000000
v 0.06459295 -0.05003167 0.30000000
v 0.06356483 -0.04392392 0.30000000
v 0.06519075 -0.04202786 0.30000000
v 0.06612238 -0.04357252 0.30000000
v 0.06716576 -0.04507993 0.30000000
v 0.06477746 -0.04596579 0.30000000
v 0.05232602 -0.09641846 0.30000000
v 0.05536502 -0.07207840 0.30000000
v 0.04995549 -0.09619629 0.30000000
v 0.04438890 -0.07129254 0.30000000
v 0.05091190 -0.07206536 0.30000000
v 0.05656378 -0.07071447 0.30000000
v 0.05592469 -0.07149647 0.30000000
v 0.05338047 -0.07181449 0.30000000
v 0.05144085 -0.07137855 0.30000000
v 0.04486965 -0.07047873 0.30000000
v 0.04775383 -0.06935843 0.30000000
v 0.04934018 -0.07084601 0.30000000
v 0.05199387 -0.07054175 0.30000000
v 0.05775859 -0.06880778 0.30000000
v 0.05716862 -0.06980299 0.30000000
v 0.05457412 -0.07020111 0.30000000
v 0.05253867 -0.06963741 0.30000000
v 0.05139836 -0.06669263 0.30000000
v 0.04834960 -0.06826137 0.30000000
v 0.04878471 -0.06709658 0.30000000
v 0.05046634 -0.06896758 0.30000000
v 0.05305299 -0.06859659 0.30000000
v 0.05831177 -0.06767700 0.30000000
v 0.05401847 -0.06623049 0.30000000
v 0.05884362 -0.06645870 0.30000000
v 0.05567884 -0.06817000 0.30000000
v 0.05355082 -0.06748323 0.30000000
v 0.05446339 -0.06490476 0.30000000
v 0.05755536 -0.06280706 0.30000000
v 0.05487584 -0.06344414 0.30000000
v 0.05933590 -0.06510313 0.30000000
v 0.05980168 -0.06366414 0.30000000
v 0.05667801 -0.06570307 0.30000000
v 0.04476625 -0.09655940 0.30000000
v 0.03938309 -0.07168820 0.30000000
v 0.04392216 -0.07204435 0.30000000
v -0.01577909 -0.09642163 0.30000000
v -0.01487339 -0.09656366 0.30000000
v -0.00944324 -0.09711300 0.30000000
v 0.02349480 -0.09715986 0.30000000
v 0.00555362 -0.07274173 0.30000000
v 0.00611029 -0.07249660 0.30000000
v 0.01004687 -0.07244235 0.30000000
v 0.01419006 -0.05946673 0.30000000
v 0.01154374 -0.05951193 0.30000000
v 0.00904070 -0.05791512 0.30000000
v 0.00917481 -0.05620193 0.30000000
v 0.01680077 -0.05941463 0.30000000
v 0.01432559 -0.05787323 0.30000000
v 0.00930143 -0.05447890 0.30000000
v 0.00943761 -0.05263306 0.30000000
v 0.01180692 -0.05621086 0.30000000
v 0.01446539 -0.05615156 0.30000000
v 0.01709295 -0.05608527 0.30000000
v 0.01459440 -0.05441969 0.30000000
v 0.01043117 -0.04901193 0.30000000
v 0.01347748 -0.04900494 0.30000000
v 0.00955969 -0.05083959 0.30000000
v 0.01206889 -0.05263880 0.30000000
v 0.01473149 -0.05256777 0.30000000
v 0.01620193 -0.04892483 0.30000000
v 0.01928422 -0.04884841 0.30000000
v 0.01736214 -0.05248995 0.30000000
v 0.01485019 -0.05077067 0.30000000
v 0.02773045 -0.04833529 0.30000000
v 0.02507939 -0.04854371 0.30000000
v 0.02200429 -0.04869789 0.30000000
v 0.02013974 -0.05051408 0.30000000
v 0.02542037 -0.05004654 0.30000000
v 0.02791889 -0.05164300 0.30000000
v 0.02530872 -0.05191185 0.30000000
v 0.01988933 -0.05419437 0.30000000
v 0.02002550 -0.05233295 0.30000000
v 0.02264779 -0.05216481 0.30000000
v 0.02517154 -0.05378835 0.30000000
v 0.02764766 -0.05531715 0.30000000
v 0.02503029 -0.05556387 0.30000000
v 0.01960382 -0.05767739 0.30000000
v 0.01975405 -0.05594482 0.30000000
v 0.02237223 -0.05579282 0.30000000
v 0.02486856 -0.05731757 0.30000000
v 0.02731994 -0.05874126 0.30000000
v 0.02469965 -0.05895930 0.30000000
v 0.01928297 -0.06087075 0.30000000
v 0.01944746 -0.05929254 0.30000000
v 0.02205498 -0.05915853 0.30000000
v 0.02451627 -0.06055996 0.30000000
v 0.02693526 -0.06185566 0.30000000
v 0.02431994 -0.06204358 0.30000000
v 0.01896341 -0.06243180 0.30000000
v 0.01633586 -0.06383619 0.30000000
v 0.02169560 -0.06221235 0.30000000
v 0.02411619 -0.06346984 0.30000000
v 0.02649828 -0.06461990 0.30000000
v 0.02389675 -0.06477726 0.30000000
v 0.01615354 -0.06505775 0.30000000
v 0.01598232 -0.06627728 0.30000000
v 0.02116650 -0.06491770 0.30000000
v 0.02367271 -0.06607959 0.30000000
v 0.01561917 -0.06843246 0.30000000
v 0.01578673 -0.06738071 0.30000000
v 0.02356337 -0.06721751 0.30000000
v 0.02083486 -0.06727079 0.30000000
v 0.03907910 -0.04710895 0.30000000
v 0.03617057 -0.04730225 0.30000000
v 0.04119087 -0.04945823 0.30000000
v 0.04125921 -0.04770579 0.30000000
v 0.03349110 -0.04778517 0.30000000
v 0.03039822 -0.04793217 0.30000000
v 0.03066365 -0.04944035 0.30000000
v 0.03592584 -0.04867798 0.30000000
v 0.04097449 -0.05331496 0.30000000
v 0.04109236 -0.05142326 0.30000000
v 0.03850773 -0.05001248 0.30000000
v 0.03584489 -0.05048683 0.30000000
v 0.03056294 -0.05129745 0.30000000
v 0.03043251 -0.05319842 0.30000000
v 0.03319272 -0.05092652 0.30000000
v 0.03573235 -0.05241900 0.30000000
v 0.04064995 -0.05695492 0.30000000
v 0.04082536 -0.05517495 0.30000000
v 0.03828050 -0.05382703 0.30000000
v 0.03561044 -0.05426305 0.30000000
v 0.03029681 -0.05500447 0.30000000
v 0.03013520 -0.05679179 0.30000000
v 0.03294297 -0.05466470 0.30000000
v 0.03545942 -0.05608413 0.30000000
v 0.04022041 -0.06030567 0.30000000
v 0.04044638 -0.05867773 0.30000000
v 0.03795687 -0.05741611 0.30000000
v 0.03529080 -0.05781020 0.30000000
v 0.02996783 -0.05846904 0.30000000
v 0.02977976 -0.06010172 0.30000000
v 0.03261497 -0.05817015 0.30000000
v 0.03509708 -0.05948184 0.30000000
v 0.03969786 -0.06332018 0.30000000
v 0.03996864 -0.06186866 0.30000000
v 0.03753836 -0.06070497 0.30000000
v 0.03488300 -0.06105087 0.30000000
v 0.02957673 -0.06162219 0.30000000
v 0.02936011 -0.06308045 0.30000000
v 0.03221435 -0.06136273 0.30000000
v 0.03464873 -0.06255371 0.30000000
v 0.03909167 -0.06598054 0.30000000
v 0.03940645 -0.06471055 0.30000000
v 0.03703517 -0.06365269 0.30000000
v 0.03439430 -0.06394483 0.30000000
v 0.02912323 -0.06442476 0.30000000
v 0.02888087 -0.06571039 0.30000000
v 0.03174598 -0.06420466 0.30000000
v 0.03412688 -0.06527599 0.30000000
v 0.03841133 -0.06828236 0.30000000
v 0.03876582 -0.06719374 0.30000000
v 0.03645652 -0.06625058 0.30000000
v 0.03383666 -0.06648922 0.30000000
v 0.02848737 -0.06695764 0.30000000
v 0.02578839 -0.06812966 0.30000000
v 0.03121820 -0.06669898 0.30000000
v 0.03354374 -0.06764848 0.30000000
v 0.03754798 -0.07028787 0.30000000
v 0.03805769 -0.06931924 0.30000000
v 0.03581362 -0.06849761 0.30000000
v 0.03322390 -0.06868717 0.30000000
v 0.02552096 -0.06909253 0.30000000
v 0.03052926 -0.06885615 0.30000000
v 0.03290437 -0.06971489 0.30000000
v 0.03476977 -0.07123951 0.30000000
v 0.03437813 -0.07195512 0.30000000
v 0.03268617 -0.07057697 0.30000000
v 0.03001001 -0.07067736 0.30000000
v 0.03294507 -0.09696040 0.30000000
v 0.03433792 -0.09691414 0.30000000
v 0.02797005 -0.09717887 0.30000000
v 0.01474755 -0.07244081 0.30000000
v 0.01463985 -0.07302268 0.30000000
v 0.03948826 -0.09679796 0.30000000
v 0.03404872 -0.07261211 0.30000000
v 0.02942271 -0.07218782 0.30000000
v 0.02426276 -0.07292712 0.30000000
v 0.01493472 -0.07179764 0.30000000
v 0.01507014 -0.07104953 0.30000000
v 0.02476512 -0.07164158 0.30000000
v 0.01960620 -0.07242642 0.30000000
v 0.02447456 -0.07231838 0.30000000
v 0.01526557 -0.07026471 0.30000000
v 0.01542073 -0.06937049 0.30000000
v 0.02044708 -0.06929395 0.30000000
v 0.02528148 -0.07002915 0.30000000
v 0.02499774 -0.07085654 0.30000000
v 0.02001911 -0.07100571 0.30000000
f 682 4785 4623
f 4785 718 4784
f 4623 4784 332
f 4785 4784 4623
f 235 3510 3294
f 3510 299 3509
f 3294 3509 232
f 3510 3509 3294
f 490 4021 5651
f 4021 493 5652
f 5651 5652 1023
f 4021 5652 5651
f 545 5770 4164
f 5770 1059 5769
f 4164 5769 486
f 5770 5769 4164
f 480 3982 3980
f 3982 481 3981
f 3980 3981 479
f 3982 3981 3980
f 1023 5652 5648
f 5652 493 4019
f 5648 4019 479
f 5652 4019 5648
f 479 3981 5648
f 3981 481 5649
f 5648 5649 1023
f 3981 5649 5648
f 647 4507 4506
f 4507 324 3596
f 4506 3596 323
f 4507 3596 4506
f 2466 9971 10039
f 9971 2360 10036
f 10039 10036 2482
f 9971 10036 10039
f 2482 10036 10035
f 10036 2360 9665
f 10035 9665 2359
f 10036 9665 10035
f 673 4624 4598
f 4624 682 4623
f 4598 4623 332
f 4624 4623 4598
f 687 4641 4636
f 4641 682 4624
f 4636 4624 673
f 4641 4624 4636
f 677 4625 4639
f 4625 682 4641
f 4639 4641 687
f 4625 4641 4639
f 718 4785 4786
f 4785 682 4754
f 4786 4754 711
f 4785 4754 4786
f 212 3518 3490
f 3518 302 3521
f 3490 3521 294
f 3518 3521 3490
f 302 3518 3520
f 3518 212 3389
f 3520 3389 270
f 3518 3389 3520
f 251 3390 3367
f 3390 270 3392
f 3367 3392 263
f 3390 3392 3367
f 302 3520 3519
f 3520 270 3390
f 3519 3390 251
f 3520 3390 3519
f 251 3515 3519
f 3515 301 3522
f 3519 3522 302
f 3515 3522 3519
f 1026 5657 5669
f 5657 490 5651
f 5669 5651 1023
f 5657 5651 5669
f 416 3801 3803
f 3801 372 3778
f 3803 3778 403
f 3801 3778 3803
f 403 3786 3803
f 3786 407 3804
f 3803 3804 416
f 3786 3804 3803
f 371 3777 3689
f 3777 403 3778
f 3689 3778 372
f 3777 3778 3689
f 407 3786 3784
f 3786 403 3777
f 3784 3777 371
f 3786 3777 3784
f 545 4164 4163
f 4164 486 3997
f 4163 3997 484
f 4164 3997 4163
f 2364 9674 9679
f 9674 2254 9678
f 9679 9678 2365
f 9674 9678 9679
f 2361 9669 9883
f 9669 2363 9884
f 9883 9884 2437
f 9669 9884 9883
f 2362 9667 9676
f 9667 2361 9675
f 9676 9675 2364
f 9667 9675 9676
f 2363 9669 9670
f 9669 2361 9667
f 9670 9667 2362
f 9669 9667 9670
f 923 9968 9882
f 9968 2465 9969
f 9882 9969 2437
f 9968 9969 9882
f 2437 9884 9882
f 9884 2363 9668
f 9882 9668 923
f 9884 9668 9882
f 2363 9670 9668
f 9670 2362 9666
f 9668 9666 923
f 9670 9666 9668
f 923 9666 9671
f 9666 2362 9676
f 9671 9676 2364
f 9666 9676 9671
f 2364 9679 9671
f 9679 2365 9677
f 9671 9677 923
f 9679 9677 9671
f 923 9677 9315
f 9677 2365 9678
f 9315 9678 2254
f 9677 9678 9315
f 327 3621 3603
f 3621 333 3620
f 3603 3620 323
f 3621 3620 3603
f 653 4552 4565
f 4552 659 4569
f 4565 4569 664
f 4552 4569 4565
f 56 4484 4548
f 4484 641 4549
f 4548 4549 658
f 4484 4549 4548
f 56 4695 4686
f 4695 698 4699
f 4686 4699 697
f 4695 4699 4686
f 326 3604 4575
f 3604 327 4576
f 4575 4576 666
f 3604 4576 4575
f 196 3599 3218
f 3599 325 3600
f 3218 3600 200
f 3599 3600 3218
f 200 3600 3601
f 3600 325 3602
f 3601 3602 326
f 3600 3602 3601
f 294 3521 4847
f 3521 302 4848
f 4847 4848 734
f 3521 4848 4847
f 725 4824 4818
f 4824 726 4823
f 4818 4823 724
f 4824 4823 4818
f 501 4037 4030
f 4037 503 4036
f 4030 4036 499
f 4037 4036 4030
f 505 4044 4040
f 4044 506 4043
f 4040 4043 504
f 4044 4043 4040
f 332 4819 4488
f 4819 726 4820
f 4488 4820 642
f 4819 4820 4488
f 642 4816 4494
f 4816 725 4817
f 4494 4817 643
f 4816 4817 4494
f 726 4824 4820
f 4824 725 4816
f 4820 4816 642
f 4824 4816 4820
f 505 4040 4039
f 4040 504 4038
f 4039 4038 330
f 4040 4038 4039
f 514 9914 4080
f 9914 2448 9915
f 4080 9915 520
f 9914 9915 4080
f 2449 9920 9919
f 9920 2448 9914
f 9919 9914 514
f 9920 9914 9919
f 1054 5747 9240
f 5747 1053 9239
f 9240 9239 2232
f 5747 9239 9240
f 724 4823 4813
f 4823 726 4821
f 4813 4821 722
f 4823 4821 4813
f 690 4653 4659
f 4653 676 4657
f 4659 4657 692
f 4653 4657 4659
f 692 4680 4659
f 4680 695 4679
f 4659 4679 690
f 4680 4679 4659
f 676 4653 4606
f 4653 690 4652
f 4606 4652 42
f 4653 4652 4606
f 695 4678 4675
f 4678 626 4427
f 4675 4427 42
f 4678 4427 4675
f 42 4652 4675
f 4652 690 4679
f 4675 4679 695
f 4652 4679 4675
f 362 3674 4419
f 3674 361 4418
f 4419 4418 624
f 3674 4418 4419
f 285 3449 3450
f 3449 268 3440
f 3450 3440 282
f 3449 3440 3450
f 682 4625 4626
f 4625 677 4622
f 4626 4622 681
f 4625 4622 4626
f 681 4753 4626
f 4753 711 4754
f 4626 4754 682
f 4753 4754 4626
f 712 4761 4760
f 4761 711 4755
f 4760 4755 686
f 4761 4755 4760
f 686 4633 4632
f 4633 681 4622
f 4632 4622 677
f 4633 4622 4632
f 711 4753 4755
f 4753 681 4633
f 4755 4633 686
f 4753 4633 4755
f 717 4791 4787
f 4791 719 4792
f 4787 4792 718
f 4791 4792 4787
f 718 4786 4787
f 4786 711 4779
f 4787 4779 717
f 4786 4779 4787
f 253 3344 3491
f 3344 212 3490
f 3491 3490 294
f 3344 3490 3491
f 253 3391 3344
f 3391 270 3389
f 3344 3389 212
f 3391 3389 3344
f 301 3515 3516
f 3515 251 3343
f 3516 3343 252
f 3515 3343 3516
f 237 3299 3298
f 3299 235 3294
f 3298 3294 232
f 3299 3294 3298
f 51 2838 2855
f 2838 52 2856
f 2855 2856 60
f 2838 2856 2855
f 245 3324 3320
f 3324 246 3323
f 3320 3323 244
f 3324 3323 3320
f 478 4018 3973
f 4018 493 4017
f 3973 4017 402
f 4018 4017 3973
f 478 3977 4018
f 3977 479 4019
f 4018 4019 493
f 3977 4019 4018
f 385 3974 3971
f 3974 479 3977
f 3971 3977 478
f 3974 3977 3971
f 402 3775 3773
f 3775 400 3765
f 3773 3765 377
f 3775 3765 3773
f 485 3996 3998
f 3996 484 3997
f 3998 3997 486
f 3996 3997 3998
f 485 5702 5650
f 5702 1032 5703
f 5650 5703 1023
f 5702 5703 5650
f 480 3992 3994
f 3992 484 3996
f 3994 3996 485
f 3992 3996 3994
f 1023 5649 5650
f 5649 481 3995
f 5650 3995 485
f 5649 3995 5650
f 485 3995 3994
f 3995 481 3982
f 3994 3982 480
f 3995 3982 3994
f 949 5782 5392
f 5782 1059 5770
f 5392 5770 545
f 5782 5770 5392
f 545 5394 5392
f 5394 950 5395
f 5392 5395 949
f 5394 5395 5392
f 545 5411 5415
f 5411 958 5417
f 5415 5417 959
f 5411 5417 5415
f 357 4414 3670
f 4414 624 4415
f 3670 4415 358
f 4414 4415 3670
f 692 4657 4658
f 4657 676 4648
f 4658 4648 689
f 4657 4648 4658
f 689 4650 4649
f 4650 680 4621
f 4649 4621 679
f 4650 4621 4649
f 696 4685 4683
f 4685 695 4680
f 4683 4680 692
f 4685 4680 4683
f 696 4681 4685
f 4681 624 4677
f 4685 4677 695
f 4681 4677 4685
f 693 4662 4684
f 4662 624 4681
f 4684 4681 696
f 4662 4681 4684
f 679 4621 4615
f 4621 680 4619
f 4615 4619 670
f 4621 4619 4615
f 670 4619 4590
f 4619 680 4617
f 4590 4617 466
f 4619 4617 4590
f 670 4590 4589
f 4590 466 3930
f 4589 3930 464
f 4590 3930 4589
f 446 3976 3888
f 3976 479 3974
f 3888 3974 385
f 3976 3974 3888
f 358 4415 3671
f 4415 624 4416
f 3671 4416 359
f 4415 4416 3671
f 388 3737 3738
f 3737 361 3674
f 3738 3674 362
f 3737 3674 3738
f 388 3742 3737
f 3742 389 3741
f 3737 3741 361
f 3742 3741 3737
f 917 5363 5337
f 5363 922 5362
f 5337 5362 916
f 5363 5362 5337
f 2465 9968 9967
f 9968 923 5367
f 9967 5367 521
f 9968 5367 9967
f 521 5367 4084
f 5367 923 5366
f 4084 5366 502
f 5367 5366 4084
f 502 4086 4084
f 4086 522 4088
f 4084 4088 521
f 4086 4088 4084
f 674 4601 4600
f 4601 673 4598
f 4600 4598 332
f 4601 4598 4600
f 687 4636 4637
f 4636 673 4601
f 4637 4601 674
f 4636 4601 4637
f 333 3621 3624
f 3621 327 3623
f 3624 3623 334
f 3621 3623 3624
f 334 3623 3622
f 3623 327 3604
f 3622 3604 326
f 3623 3604 3622
f 583 4268 4270
f 4268 568 4264
f 4270 4264 582
f 4268 4264 4270
f 324 4222 4324
f 4222 567 4326
f 4324 4326 601
f 4222 4326 4324
f 601 4325 4324
f 4325 566 4219
f 4324 4219 324
f 4325 4219 4324
f 567 4224 4326
f 4224 566 4325
f 4326 4325 601
f 4224 4325 4326
f 647 4522 4543
f 4522 652 4544
f 4543 4544 656
f 4522 4544 4543
f 656 4544 4545
f 4544 652 4530
f 4545 4530 653
f 4544 4530 4545
f 656 4545 4567
f 4545 653 4565
f 4567 4565 664
f 4545 4565 4567
f 56 4548 4547
f 4548 658 4550
f 4547 4550 657
f 4548 4550 4547
f 660 4554 4570
f 4554 658 4568
f 4570 4568 664
f 4554 4568 4570
f 664 4569 4570
f 4569 659 4555
f 4570 4555 660
f 4569 4555 4570
f 664 4568 4571
f 4568 658 4564
f 4571 4564 663
f 4568 4564 4571
f 663 4564 4560
f 4564 658 4549
f 4560 4549 641
f 4564 4549 4560
f 663 4560 4561
f 4560 641 4497
f 4561 4497 644
f 4560 4497 4561
f 644 4534 4561
f 4534 654 4562
f 4561 4562 663
f 4534 4562 4561
f 56 4734 4716
f 4734 706 4737
f 4716 4737 702
f 4734 4737 4716
f 702 4737 4719
f 4737 706 4736
f 4719 4736 342
f 4737 4736 4719
f 375 3699 3780
f 3699 374 3779
f 3780 3779 404
f 3699 3779 3780
f 727 4828 4827
f 4828 666 4578
f 4827 4578 665
f 4828 4578 4827
f 727 4827 4826
f 4827 665 4572
f 4826 4572 201
f 4827 4572 4826
f 201 3222 4826
f 3222 200 4825
f 4826 4825 727
f 3222 4825 4826
f 326 4575 4834
f 4575 666 4835
f 4834 4835 729
f 4575 4835 4834
f 729 4833 4834
f 4833 200 3601
f 4834 3601 326
f 4833 3601 4834
f 666 4828 4835
f 4828 727 4836
f 4835 4836 729
f 4828 4836 4835
f 729 4836 4833
f 4836 727 4825
f 4833 4825 200
f 4836 4825 4833
f 2685 10742 10748
f 10742 2635 10747
f 10748 10747 2687
f 10742 10747 10748
f 2687 10747 10746
f 10747 2635 10578
f 10746 10578 2634
f 10747 10578 10746
f 1575 7245 7248
f 7245 309 7212
f 7248 7212 1567
f 7245 7212 7248
f 1567 7220 7248
f 7220 1569 7250
f 7248 7250 1575
f 7220 7250 7248
f 724 4813 4811
f 4813 722 4806
f 4811 4806 311
f 4813 4806 4811
f 2668 10671 10670
f 10671 2666 10666
f 10670 10666 2665
f 10671 10666 10670
f 2686 10749 10752
f 10749 2687 10753
f 10752 10753 2688
f 10749 10753 10752
f 2686 10745 10749
f 10745 2685 10748
f 10749 10748 2687
f 10745 10748 10749
f 500 4085 4033
f 4085 522 4086
f 4033 4086 502
f 4085 4086 4033
f 500 4033 4031
f 4033 502 4034
f 4031 4034 501
f 4033 4034 4031
f 501 4030 4031
f 4030 499 4026
f 4031 4026 500
f 4030 4026 4031
f 522 4085 4087
f 4085 500 4078
f 4087 4078 519
f 4085 4078 4087
f 519 4078 4077
f 4078 500 4026
f 4077 4026 499
f 4078 4026 4077
f 2359 9665 9662
f 9665 2360 9663
f 9662 9663 519
f 9665 9663 9662
f 2360 9664 9663
f 9664 522 4087
f 9663 4087 519
f 9664 4087 9663
f 643 4817 10779
f 4817 725 10780
f 10779 10780 2694
f 4817 10780 10779
f 2694 10782 10781
f 10782 2505 10132
f 10781 10132 2503
f 10782 10132 10781
f 2400 9775 9773
f 9775 2401 9774
f 9773 9774 2373
f 9775 9774 9773
f 2498 10116 10106
f 10116 2500 10114
f 10106 10114 2408
f 10116 10114 10106
f 540 4147 4150
f 4147 330 4144
f 4150 4144 539
f 4147 4144 4150
f 331 4487 4145
f 4487 642 4489
f 4145 4489 539
f 4487 4489 4145
f 539 4144 4145
f 4144 330 3617
f 4145 3617 331
f 4144 3617 4145
f 332 4488 3619
f 4488 642 4487
f 3619 4487 331
f 4488 4487 3619
f 331 4599 3619
f 4599 674 4600
f 3619 4600 332
f 4599 4600 3619
f 633 4450 4451
f 4450 330 4038
f 4451 4038 504
f 4450 4038 4451
f 504 4048 4451
f 4048 507 4452
f 4451 4452 633
f 4048 4452 4451
f 633 4452 4450
f 4452 507 4045
f 4450 4045 330
f 4452 4045 4450
f 518 4074 4082
f 4074 514 4080
f 4082 4080 520
f 4074 4080 4082
f 518 4149 4146
f 4149 540 4150
f 4146 4150 539
f 4149 4150 4146
f 2462 9959 9961
f 9959 2459 9958
f 9961 9958 2461
f 9959 9958 9961
f 2461 9963 9961
f 9963 2463 9964
f 9961 9964 2462
f 9963 9964 9961
f 539 4489 4158
f 4489 642 4490
f 4158 4490 544
f 4489 4490 4158
f 544 4490 4493
f 4490 642 4494
f 4493 4494 643
f 4490 4494 4493
f 2503 10132 10127
f 10132 2505 10131
f 10127 10131 2501
f 10132 10131 10127
f 1038 5721 5716
f 5721 1039 5719
f 5716 5719 1036
f 5721 5719 5716
f 925 9317 9310
f 9317 2254 9320
f 9310 9320 2253
f 9317 9320 9310
f 719 4789 4788
f 4789 329 3616
f 4788 3616 328
f 4789 3616 4788
f 329 3614 3616
f 3614 311 3605
f 3616 3605 328
f 3614 3605 3616
f 328 3605 4807
f 3605 311 4806
f 4807 4806 722
f 3605 4806 4807
f 332 4784 3618
f 4784 718 4783
f 3618 4783 328
f 4784 4783 3618
f 718 4792 4783
f 4792 719 4788
f 4783 4788 328
f 4792 4788 4783
f 694 4671 4674
f 4671 42 4427
f 4674 4427 626
f 4671 4427 4674
f 694 4668 4667
f 4668 3 2736
f 4667 2736 2
f 4668 2736 4667
f 716 4776 4777
f 4776 711 4761
f 4777 4761 712
f 4776 4761 4777
f 716 4782 4776
f 4782 717 4779
f 4776 4779 711
f 4782 4779 4776
f 712 4756 4757
f 4756 676 4628
f 4757 4628 683
f 4756 4628 4757
f 676 4606 4628
f 4606 42 4627
f 4628 4627 683
f 4606 4627 4628
f 683 4775 4757
f 4775 716 4777
f 4757 4777 712
f 4775 4777 4757
f 42 4774 4627
f 4774 716 4775
f 4627 4775 683
f 4774 4775 4627
f 622 4428 4676
f 4428 626 4678
f 4676 4678 695
f 4428 4678 4676
f 695 4677 4676
f 4677 624 4420
f 4676 4420 622
f 4677 4420 4676
f 622 4673 4428
f 4673 694 4674
f 4428 4674 626
f 4673 4674 4428
f 7 2740 2829
f 2740 6 2828
f 2829 2828 49
f 2740 2828 2829
f 49 2830 2829
f 2830 48 2826
f 2829 2826 7
f 2830 2826 2829
f 7 4404 2740
f 4404 622 4403
f 2740 4403 6
f 4404 4403 2740
f 694 4673 4670
f 4673 622 4404
f 4670 4404 7
f 4673 4404 4670
f 47 2824 2827
f 2824 7 2826
f 2827 2826 48
f 2824 2826 2827
f 308 3537 3543
f 3537 287 3540
f 3543 3540 309
f 3537 3540 3543
f 67 2870 2871
f 2870 48 2830
f 2871 2830 49
f 2870 2830 2871
f 49 3395 2871
f 3395 272 3396
f 2871 3396 67
f 3395 3396 2871
f 67 3396 2870
f 3396 272 3394
f 2870 3394 48
f 3396 3394 2870
f 307 3536 3535
f 3536 291 3481
f 3535 3481 290
f 3536 3481 3535
f 267 3439 3383
f 3439 282 3440
f 3383 3440 268
f 3439 3440 3383
f 712 4760 4759
f 4760 686 4635
f 4759 4635 685
f 4760 4635 4759
f 720 4796 4798
f 4796 329 4789
f 4798 4789 719
f 4796 4789 4798
f 710 4751 4750
f 4751 268 3382
f 4750 3382 262
f 4751 3382 4750
f 262 4763 4750
f 4763 713 4764
f 4750 4764 710
f 4763 4764 4750
f 721 4805 4799
f 4805 720 4793
f 4799 4793 91
f 4805 4793 4799
f 262 4804 3363
f 4804 721 4799
f 3363 4799 91
f 4804 4799 3363
f 91 4762 3363
f 4762 713 4763
f 3363 4763 262
f 4762 4763 3363
f 300 6933 3517
f 6933 1479 6934
f 3517 6934 301
f 6933 6934 3517
f 232 3509 3512
f 3509 299 3514
f 3512 3514 300
f 3509 3514 3512
f 300 3513 3512
f 3513 252 3341
f 3512 3341 232
f 3513 3341 3512
f 301 3516 3517
f 3516 252 3513
f 3517 3513 300
f 3516 3513 3517
f 302 3522 6947
f 3522 301 6946
f 6947 6946 1481
f 3522 6946 6947
f 301 6934 6946
f 6934 1479 6951
f 6946 6951 1481
f 6934 6951 6946
f 263 3392 3429
f 3392 270 3430
f 3429 3430 280
f 3392 3430 3429
f 270 3391 3430
f 3391 253 3427
f 3430 3427 280
f 3391 3427 3430
f 280 3427 3493
f 3427 253 3491
f 3493 3491 294
f 3427 3491 3493
f 236 3297 3576
f 3297 235 3575
f 3576 3575 318
f 3297 3575 3576
f 296 3505 3502
f 3505 297 3504
f 3502 3504 236
f 3505 3504 3502
f 188 3497 3182
f 3497 295 3496
f 3182 3496 180
f 3497 3496 3182
f 117 3226 2951
f 3226 202 3225
f 2951 3225 115
f 3226 3225 2951
f 117 3176 2960
f 3176 186 3177
f 2960 3177 121
f 3176 3177 2960
f 245 3318 3327
f 3318 238 3326
f 3327 3326 247
f 3318 3326 3327
f 247 3328 3327
f 3328 246 3324
f 3327 3324 245
f 3328 3324 3327
f 238 3300 3326
f 3300 237 3325
f 3326 3325 247
f 3300 3325 3326
f 317 3568 3569
f 3568 237 3300
f 3569 3300 238
f 3568 3300 3569
f 235 3299 3567
f 3299 237 3568
f 3567 3568 317
f 3299 3568 3567
f 318 3575 3579
f 3575 235 3567
f 3579 3567 317
f 3575 3567 3579
f 317 3571 3579
f 3571 314 3577
f 3579 3577 318
f 3571 3577 3579
f 25 4407 2766
f 4407 622 4408
f 2766 4408 26
f 4407 4408 2766
f 55 2843 2844
f 2843 25 2766
f 2844 2766 26
f 2843 2766 2844
f 61 3555 2858
f 3555 314 3554
f 2858 3554 60
f 3555 3554 2858
f 60 2856 2858
f 2856 52 2857
f 2858 2857 61
f 2856 2857 2858
f 61 2857 3555
f 2857 52 3553
f 3555 3553 314
f 2857 3553 3555
f 314 3553 3556
f 3553 52 2859
f 3556 2859 62
f 3553 2859 3556
f 318 3577 3573
f 3577 314 3556
f 3573 3556 62
f 3577 3556 3573
f 49 2828 2833
f 2828 6 2832
f 2833 2832 50
f 2828 2832 2833
f 50 2835 2861
f 2835 51 2862
f 2861 2862 63
f 2835 2862 2861
f 63 2866 2861
f 2866 65 2865
f 2861 2865 50
f 2866 2865 2861
f 245 3320 3319
f 3320 244 3316
f 3319 3316 239
f 3320 3316 3319
f 314 3571 3557
f 3571 317 3570
f 3557 3570 239
f 3571 3570 3557
f 239 3303 3319
f 3303 238 3318
f 3319 3318 245
f 3303 3318 3319
f 239 3570 3303
f 3570 317 3569
f 3303 3569 238
f 3570 3569 3303
f 241 3317 3321
f 3317 244 3323
f 3321 3323 246
f 3317 3323 3321
f 64 2863 2864
f 2863 51 2855
f 2864 2855 60
f 2863 2855 2864
f 60 3301 2864
f 3301 239 3302
f 2864 3302 64
f 3301 3302 2864
f 64 3302 3315
f 3302 239 3316
f 3315 3316 244
f 3302 3316 3315
f 64 3306 2863
f 3306 241 3305
f 2863 3305 51
f 3306 3305 2863
f 244 3317 3315
f 3317 241 3306
f 3315 3306 64
f 3317 3306 3315
f 320 3587 3586
f 3587 65 2866
f 3586 2866 63
f 3587 2866 3586
f 240 3304 3588
f 3304 65 3587
f 3588 3587 320
f 3304 3587 3588
f 63 2862 3586
f 2862 51 3585
f 3586 3585 320
f 2862 3585 3586
f 320 3589 3588
f 3589 241 3307
f 3588 3307 240
f 3589 3307 3588
f 51 3305 3585
f 3305 241 3589
f 3585 3589 320
f 3305 3589 3585
f 590 4352 4349
f 4352 610 4354
f 4349 4354 609
f 4352 4354 4349
f 417 3813 4347
f 3813 419 4348
f 4347 4348 609
f 3813 4348 4347
f 416 3808 3806
f 3808 417 3807
f 3806 3807 415
f 3808 3807 3806
f 417 4347 3807
f 4347 609 4346
f 3807 4346 415
f 4347 4346 3807
f 415 4346 4350
f 4346 609 4354
f 4350 4354 610
f 4346 4354 4350
f 579 4258 4261
f 4258 578 4260
f 4261 4260 581
f 4258 4260 4261
f 582 4264 4265
f 4264 568 4252
f 4265 4252 579
f 4264 4252 4265
f 568 4237 4252
f 4237 572 4255
f 4252 4255 579
f 4237 4255 4252
f 398 3767 3774
f 3767 400 3775
f 3774 3775 402
f 3767 3775 3774
f 401 3972 3776
f 3972 478 3973
f 3776 3973 402
f 3972 3973 3776
f 402 3773 3776
f 3773 377 3769
f 3776 3769 401
f 3773 3769 3776
f 355 3680 3667
f 3680 367 3679
f 3667 3679 354
f 3680 3679 3667
f 397 3763 3766
f 3763 377 3765
f 3766 3765 400
f 3763 3765 3766
f 407 3784 3785
f 3784 371 3761
f 3785 3761 397
f 3784 3761 3785
f 57 4696 2848
f 4696 698 4695
f 2848 4695 56
f 4696 4695 2848
f 56 4716 2848
f 4716 702 4717
f 2848 4717 57
f 4716 4717 2848
f 77 3052 2893
f 3052 154 3051
f 2893 3051 33
f 3052 3051 2893
f 344 3694 3697
f 3694 374 3699
f 3697 3699 375
f 3694 3699 3697
f 375 4461 3697
f 4461 634 4453
f 3697 4453 344
f 4461 4453 3697
f 644 4497 4496
f 4497 641 4485
f 4496 4485 636
f 4497 4485 4496
f 1056 5754 5755
f 5754 1053 5747
f 5755 5747 1054
f 5754 5747 5755
f 1061 5833 5788
f 5833 1078 5830
f 5788 5830 486
f 5833 5830 5788
f 486 5830 5835
f 5830 1078 5837
f 5835 5837 1079
f 5830 5837 5835
f 1079 5834 5835
f 5834 485 3998
f 5835 3998 486
f 5834 3998 5835
f 1080 5838 5841
f 5838 485 5834
f 5841 5834 1079
f 5838 5834 5841
f 1079 5836 5841
f 5836 1056 5840
f 5841 5840 1080
f 5836 5840 5841
f 1078 5832 5837
f 5832 1056 5836
f 5837 5836 1079
f 5832 5836 5837
f 513 4064 4063
f 4064 510 4057
f 4063 4057 501
f 4064 4057 4063
f 545 5421 5406
f 5421 961 5423
f 5406 5423 956
f 5421 5423 5406
f 545 5400 5398
f 5400 953 5401
f 5398 5401 952
f 5400 5401 5398
f 960 5424 5418
f 5424 961 5421
f 5418 5421 545
f 5424 5421 5418
f 545 5415 5418
f 5415 959 5420
f 5418 5420 960
f 5415 5420 5418
f 925 9310 5370
f 9310 2253 9311
f 5370 9311 926
f 9310 9311 5370
f 384 3725 3731
f 3725 358 3729
f 3731 3729 385
f 3725 3729 3731
f 384 3724 3725
f 3724 357 3670
f 3725 3670 358
f 3724 3670 3725
f 383 3728 3722
f 3728 384 3726
f 3722 3726 367
f 3728 3726 3722
f 357 3724 3721
f 3724 384 3728
f 3721 3728 383
f 3724 3728 3721
f 672 4595 4597
f 4595 507 4585
f 4597 4585 668
f 4595 4585 4597
f 678 4610 4608
f 4610 672 4597
f 4608 4597 668
f 4610 4597 4608
f 688 4651 4642
f 4651 689 4648
f 4642 4648 676
f 4651 4648 4642
f 688 4643 4647
f 4643 677 4639
f 4647 4639 687
f 4643 4639 4647
f 680 4650 4645
f 4650 689 4651
f 4645 4651 688
f 4650 4651 4645
f 687 4640 4647
f 4640 678 4644
f 4647 4644 688
f 4640 4644 4647
f 688 4644 4645
f 4644 678 4620
f 4645 4620 680
f 4644 4620 4645
f 691 4654 4665
f 4654 632 4664
f 4665 4664 693
f 4654 4664 4665
f 691 4682 4660
f 4682 696 4683
f 4660 4683 692
f 4682 4683 4660
f 693 4684 4665
f 4684 696 4682
f 4665 4682 691
f 4684 4682 4665
f 679 4614 4655
f 4614 632 4654
f 4655 4654 691
f 4614 4654 4655
f 692 4658 4660
f 4658 689 4656
f 4660 4656 691
f 4658 4656 4660
f 691 4656 4655
f 4656 689 4649
f 4655 4649 679
f 4656 4649 4655
f 693 4664 4661
f 4664 632 4449
f 4661 4449 395
f 4664 4449 4661
f 464 3926 3925
f 3926 396 3760
f 3925 3760 395
f 3926 3760 3925
f 679 4616 4612
f 4616 671 4592
f 4612 4592 395
f 4616 4592 4612
f 395 4449 4612
f 4449 632 4614
f 4612 4614 679
f 4449 4614 4612
f 631 4446 4447
f 4446 395 3760
f 4447 3760 396
f 4446 3760 4447
f 693 4661 4663
f 4661 395 4446
f 4663 4446 631
f 4661 4446 4663
f 362 4419 4441
f 4419 624 4448
f 4441 4448 631
f 4419 4448 4441
f 631 4448 4663
f 4448 624 4662
f 4663 4662 693
f 4448 4662 4663
f 362 4441 3675
f 4441 631 4442
f 3675 4442 363
f 4441 4442 3675
f 385 3729 3734
f 3729 358 3732
f 3734 3732 386
f 3729 3732 3734
f 358 3671 3732
f 3671 359 3733
f 3732 3733 386
f 3671 3733 3732
f 480 3980 3979
f 3980 479 3975
f 3979 3975 440
f 3980 3975 3979
f 479 3976 3975
f 3976 446 3890
f 3975 3890 440
f 3976 3890 3975
f 440 3890 3868
f 3890 446 3889
f 3868 3889 389
f 3890 3889 3868
f 361 3741 3673
f 3741 389 3740
f 3673 3740 360
f 3741 3740 3673
f 389 3739 3740
f 3739 359 3672
f 3740 3672 360
f 3739 3672 3740
f 360 4417 3673
f 4417 624 4418
f 3673 4418 361
f 4417 4418 3673
f 360 3672 4417
f 3672 359 4416
f 4417 4416 624
f 3672 4416 4417
f 389 3742 3879
f 3742 388 3878
f 3879 3878 443
f 3742 3878 3879
f 443 3884 3886
f 3884 444 3887
f 3886 3887 445
f 3884 3887 3886
f 392 3749 3753
f 3749 363 3751
f 3753 3751 393
f 3749 3751 3753
f 964 5436 5435
f 5436 922 5363
f 5435 5363 917
f 5436 5363 5435
f 917 5438 5435
f 5438 965 5442
f 5435 5442 964
f 5438 5442 5435
f 964 5433 5436
f 5433 546 5360
f 5436 5360 922
f 5433 5360 5436
f 537 5282 5331
f 5282 888 5332
f 5331 5332 916
f 5282 5332 5331
f 537 5331 5358
f 5331 916 5362
f 5358 5362 922
f 5331 5362 5358
f 966 5501 5445
f 5501 986 5497
f 5445 5497 883
f 5501 5497 5445
f 925 5500 5369
f 5500 986 5499
f 5369 5499 924
f 5500 5499 5369
f 924 9316 5369
f 9316 2254 9317
f 5369 9317 925
f 9316 9317 5369
f 924 5368 9316
f 5368 923 9315
f 9316 9315 2254
f 5368 9315 9316
f 924 5447 5368
f 5447 966 5446
f 5368 5446 923
f 5447 5446 5368
f 986 5501 5499
f 5501 966 5447
f 5499 5447 924
f 5501 5447 5499
f 2465 9967 10033
f 9967 521 10029
f 10033 10029 2481
f 9967 10029 10033
f 2481 10029 10030
f 10029 521 4088
f 10030 4088 522
f 10029 4088 10030
f 2481 10030 10031
f 10030 522 9664
f 10031 9664 2360
f 10030 9664 10031
f 2481 10031 10034
f 10031 2360 9971
f 10034 9971 2466
f 10031 9971 10034
f 672 4594 4596
f 4594 330 4203
f 4596 4203 555
f 4594 4203 4596
f 555 4204 4596
f 4204 507 4595
f 4596 4595 672
f 4204 4595 4596
f 330 4045 4203
f 4045 507 4204
f 4203 4204 555
f 4045 4204 4203
f 341 4527 3645
f 4527 653 4525
f 3645 4525 333
f 4527 4525 3645
f 333 3624 3645
f 3624 334 3646
f 3645 3646 341
f 3624 3646 3645
f 429 3842 4316
f 3842 427 4315
f 4316 4315 599
f 3842 4315 4316
f 647 4508 4510
f 4508 429 4316
f 4510 4316 599
f 4508 4316 4510
f 599 4314 4510
f 4314 324 4507
f 4510 4507 647
f 4314 4507 4510
f 599 4317 4314
f 4317 567 4222
f 4314 4222 324
f 4317 4222 4314
f 647 4543 4509
f 4543 656 4540
f 4509 4540 431
f 4543 4540 4509
f 426 3837 3840
f 3837 427 3841
f 3840 3841 428
f 3837 3841 3840
f 565 4221 4223
f 4221 566 4224
f 4223 4224 567
f 4221 4224 4223
f 582 4263 4328
f 4263 324 4327
f 4328 4327 602
f 4263 4327 4328
f 602 4329 4328
f 4329 583 4270
f 4328 4270 582
f 4329 4270 4328
f 324 4267 4327
f 4267 583 4329
f 4327 4329 602
f 4267 4329 4327
f 569 4229 4230
f 4229 566 4227
f 4230 4227 568
f 4229 4227 4230
f 568 4268 4230
f 4268 583 4269
f 4230 4269 569
f 4268 4269 4230
f 324 4219 4228
f 4219 566 4229
f 4228 4229 569
f 4219 4229 4228
f 569 4269 4228
f 4269 583 4267
f 4228 4267 324
f 4269 4267 4228
f 333 4525 4514
f 4525 653 4528
f 4514 4528 649
f 4525 4528 4514
f 647 4506 4513
f 4506 323 4512
f 4513 4512 648
f 4506 4512 4513
f 323 3620 4517
f 3620 333 4518
f 4517 4518 651
f 3620 4518 4517
f 333 4521 4518
f 4521 652 4524
f 4518 4524 651
f 4521 4524 4518
f 651 4520 4517
f 4520 648 4512
f 4517 4512 323
f 4520 4512 4517
f 651 4524 4519
f 4524 652 4522
f 4519 4522 647
f 4524 4522 4519
f 647 4513 4519
f 4513 648 4520
f 4519 4520 651
f 4513 4520 4519
f 655 4546 4566
f 4546 656 4567
f 4566 4567 664
f 4546 4567 4566
f 664 4571 4566
f 4571 663 4563
f 4566 4563 655
f 4571 4563 4566
f 655 4563 4539
f 4563 663 4562
f 4539 4562 654
f 4563 4562 4539
f 432 4541 4537
f 4541 656 4546
f 4537 4546 655
f 4541 4546 4537
f 662 4558 4559
f 4558 657 4550
f 4559 4550 658
f 4558 4550 4559
f 658 4554 4730
f 4554 660 4731
f 4730 4731 705
f 4554 4731 4730
f 705 4733 4730
f 4733 662 4559
f 4730 4559 658
f 4733 4559 4730
f 705 4731 4732
f 4731 660 4557
f 4732 4557 661
f 4731 4557 4732
f 657 4558 4729
f 4558 662 4733
f 4729 4733 705
f 4558 4733 4729
f 705 4738 4727
f 4738 706 4734
f 4727 4734 56
f 4738 4734 4727
f 56 4547 4727
f 4547 657 4729
f 4727 4729 705
f 4547 4729 4727
f 645 4535 4500
f 4535 654 4534
f 4500 4534 644
f 4535 4534 4500
f 645 4498 4535
f 4498 369 4531
f 4535 4531 654
f 4498 4531 4535
f 370 4460 3698
f 4460 634 4461
f 3698 4461 375
f 4460 4461 3698
f 370 3684 4460
f 3684 369 4459
f 4460 4459 634
f 3684 4459 4460
f 375 3831 3698
f 3831 425 3830
f 3698 3830 370
f 3831 3830 3698
f 370 3830 3684
f 3830 425 3829
f 3684 3829 369
f 3830 3829 3684
f 411 3832 3796
f 3832 425 3831
f 3796 3831 375
f 3832 3831 3796
f 423 3833 3826
f 3833 425 3832
f 3826 3832 411
f 3833 3832 3826
f 375 3780 3796
f 3780 404 3797
f 3796 3797 411
f 3780 3797 3796
f 411 3798 3826
f 3798 410 3825
f 3826 3825 423
f 3798 3825 3826
f 374 3794 3795
f 3794 410 3798
f 3795 3798 411
f 3794 3798 3795
f 411 3797 3795
f 3797 404 3779
f 3795 3779 374
f 3797 3779 3795
f 1648 8258 8256
f 8258 1924 8261
f 8256 8261 1923
f 8258 8261 8256
f 1923 8261 8385
f 8261 1924 8386
f 8385 8386 1973
f 8261 8386 8385
f 2628 10549 10559
f 10549 1563 10557
f 10559 10557 2630
f 10549 10557 10559
f 2667 10672 10669
f 10672 2668 10670
f 10669 10670 2665
f 10672 10670 10669
f 2649 10627 10628
f 10627 2651 10630
f 10628 10630 2652
f 10627 10630 10628
f 2652 10629 10628
f 10629 2650 10626
f 10628 10626 2649
f 10629 10626 10628
f 2665 10661 10662
f 10661 2650 10629
f 10662 10629 2652
f 10661 10629 10662
f 2652 10667 10662
f 10667 2667 10669
f 10662 10669 2665
f 10667 10669 10662
f 1978 8414 8411
f 8414 1977 8406
f 8411 8406 1927
f 8414 8406 8411
f 2718 10862 10863
f 10862 2716 10859
f 10863 10859 2717
f 10862 10859 10863
f 2506 10214 10134
f 10214 2533 10212
f 10134 10212 201
f 10214 10212 10134
f 1794 7834 7830
f 7834 1795 7832
f 7830 7832 1780
f 7834 7832 7830
f 1779 7786 7782
f 7786 1780 7784
f 7782 7784 1765
f 7786 7784 7782
f 1779 7827 7829
f 7827 1793 7831
f 7829 7831 1794
f 7827 7831 7829
f 1794 7830 7829
f 7830 1780 7786
f 7829 7786 1779
f 7830 7786 7829
f 200 7059 7065
f 7059 1518 7067
f 7065 7067 1519
f 7059 7067 7065
f 1506 7061 7027
f 7061 1518 7059
f 7027 7059 200
f 7061 7059 7027
f 1506 7027 7028
f 7027 200 3222
f 7028 3222 201
f 7027 3222 7028
f 201 10212 6989
f 10212 2533 10213
f 6989 10213 1489
f 10212 10213 6989
f 1935 8342 8534
f 8342 1963 8536
f 8534 8536 2009
f 8342 8536 8534
f 2009 8537 8542
f 8537 2007 8540
f 8542 8540 2010
f 8537 8540 8542
f 2508 10311 10321
f 10311 2567 10325
f 10321 10325 2569
f 10311 10325 10321
f 2569 10322 10321
f 10322 2510 10143
f 10321 10143 2508
f 10322 10143 10321
f 2578 10363 10361
f 10363 2577 10357
f 10361 10357 2575
f 10363 10357 10361
f 2575 10357 10372
f 10357 2577 10373
f 10372 10373 2580
f 10357 10373 10372
f 1504 10142 7022
f 10142 2510 10141
f 7022 10141 1502
f 10142 10141 7022
f 296 3503 6968
f 3503 295 6967
f 6968 6967 1484
f 3503 6967 6968
f 1119 6969 5916
f 6969 1484 6971
f 5916 6971 1145
f 6969 6971 5916
f 1145 6971 6743
f 6971 1484 6972
f 6743 6972 1441
f 6971 6972 6743
f 2003 8517 8523
f 8517 2004 8524
f 8523 8524 2006
f 8517 8524 8523
f 2003 8512 8517
f 8512 2001 8515
f 8517 8515 2004
f 8512 8515 8517
f 1605 10572 10577
f 10572 2634 10578
f 10577 10578 2635
f 10572 10578 10577
f 2688 10753 10757
f 10753 2687 10756
f 10757 10756 2689
f 10753 10756 10757
f 2687 10746 10756
f 10746 2634 10755
f 10756 10755 2689
f 10746 10755 10756
f 294 4847 4837
f 4847 734 4849
f 4837 4849 730
f 4847 4849 4837
f 730 4841 4837
f 4841 731 4839
f 4837 4839 294
f 4841 4839 4837
f 1551 7204 10548
f 7204 1563 10549
f 10548 10549 2628
f 7204 10549 10548
f 2628 10550 10548
f 10550 1564 7207
f 10548 7207 1551
f 10550 7207 10548
f 309 7245 7215
f 7245 1575 7249
f 7215 7249 1568
f 7245 7249 7215
f 1568 7249 7253
f 7249 1575 7254
f 7253 7254 1576
f 7249 7254 7253
f 1576 7251 7253
f 7251 311 7217
f 7253 7217 1568
f 7251 7217 7253
f 313 3552 7314
f 3552 311 7313
f 7314 7313 1600
f 3552 7313 7314
f 724 4811 4812
f 4811 311 3552
f 4812 3552 313
f 4811 3552 4812
f 313 7337 10576
f 7337 1605 10577
f 10576 10577 2635
f 7337 10577 10576
f 313 4815 4812
f 4815 725 4818
f 4812 4818 724
f 4815 4818 4812
f 313 3551 4815
f 3551 89 4814
f 4815 4814 725
f 3551 4814 4815
f 2635 10742 10576
f 10742 2685 10741
f 10576 10741 313
f 10742 10741 10576
f 2685 10745 10741
f 10745 2686 10743
f 10741 10743 313
f 10745 10743 10741
f 313 10743 10774
f 10743 2686 10776
f 10774 10776 2693
f 10743 10776 10774
f 313 10774 10916
f 10774 2693 10917
f 10916 10917 2732
f 10774 10917 10916
f 2718 10860 10861
f 10860 2668 10678
f 10861 10678 2670
f 10860 10678 10861
f 2669 10681 10679
f 10681 2671 10682
f 10679 10682 2670
f 10681 10682 10679
f 2670 10677 10679
f 10677 2667 10676
f 10679 10676 2669
f 10677 10676 10679
f 2668 10672 10678
f 10672 2667 10677
f 10678 10677 2670
f 10672 10677 10678
f 2670 10852 10861
f 10852 2716 10862
f 10861 10862 2718
f 10852 10862 10861
f 2670 10682 10852
f 10682 2671 10853
f 10852 10853 2716
f 10682 10853 10852
f 2665 10666 10663
f 10666 2666 10664
f 10663 10664 2663
f 10666 10664 10663
f 2663 10656 10663
f 10656 2650 10661
f 10663 10661 2665
f 10656 10661 10663
f 2663 10664 10660
f 10664 2666 10665
f 10660 10665 2664
f 10664 10665 10660
f 2664 10658 10660
f 10658 2661 10657
f 10660 10657 2663
f 10658 10657 10660
f 2730 10922 10918
f 10922 2733 10924
f 10918 10924 2732
f 10922 10924 10918
f 2732 10917 10918
f 10917 2693 10908
f 10918 10908 2730
f 10917 10908 10918
f 2662 10654 10659
f 10654 2661 10658
f 10659 10658 2664
f 10654 10658 10659
f 2664 10885 10659
f 10885 2724 10884
f 10659 10884 2662
f 10885 10884 10659
f 2658 10744 10750
f 10744 2686 10752
f 10750 10752 2688
f 10744 10752 10750
f 2693 10776 10775
f 10776 2686 10744
f 10775 10744 2658
f 10776 10744 10775
f 2658 10907 10775
f 10907 2730 10908
f 10775 10908 2693
f 10907 10908 10775
f 520 4083 4081
f 4083 519 4079
f 4081 4079 516
f 4083 4079 4081
f 516 4079 4067
f 4079 519 4077
f 4067 4077 499
f 4079 4077 4067
f 516 4067 4068
f 4067 499 4036
f 4068 4036 503
f 4067 4036 4068
f 516 4075 4081
f 4075 518 4082
f 4081 4082 520
f 4075 4082 4081
f 503 4042 4068
f 4042 506 4069
f 4068 4069 516
f 4042 4069 4068
f 506 4073 4069
f 4073 518 4075
f 4069 4075 516
f 4073 4075 4069
f 498 4041 4035
f 4041 506 4042
f 4035 4042 503
f 4041 4042 4035
f 498 4035 4029
f 4035 503 4037
f 4029 4037 501
f 4035 4037 4029
f 2734 10928 10927
f 10928 2729 10904
f 10927 10904 2713
f 10928 10904 10927
f 2733 10922 10930
f 10922 2730 10929
f 10930 10929 2734
f 10922 10929 10930
f 2734 10929 10928
f 10929 2730 10910
f 10928 10910 2729
f 10929 10910 10928
f 725 4814 10913
f 4814 89 10911
f 10913 10911 2731
f 4814 10911 10913
f 2731 10915 10913
f 10915 2694 10780
f 10913 10780 725
f 10915 10780 10913
f 89 3551 10911
f 3551 313 10912
f 10911 10912 2731
f 3551 10912 10911
f 2732 10924 10919
f 10924 2733 10923
f 10919 10923 2731
f 10924 10923 10919
f 2731 10912 10919
f 10912 313 10916
f 10919 10916 2732
f 10912 10916 10919
f 643 10779 4492
f 10779 2694 10778
f 4492 10778 543
f 10779 10778 4492
f 2425 9934 9858
f 9934 2453 9933
f 9858 9933 2424
f 9934 9933 9858
f 2500 10116 10115
f 10116 2498 10109
f 10115 10109 2497
f 10116 10109 10115
f 2462 9964 10102
f 9964 2463 10103
f 10102 10103 2497
f 9964 10103 10102
f 2496 10108 10098
f 10108 2498 10105
f 10098 10105 2407
f 10108 10105 10098
f 2407 10105 9790
f 10105 2498 10106
f 9790 10106 2408
f 10105 10106 9790
f 515 9957 9951
f 9957 2461 9958
f 9951 9958 2459
f 9957 9958 9951
f 2463 9963 9962
f 9963 2461 9957
f 9962 9957 515
f 9963 9957 9962
f 2425 9858 9857
f 9858 2424 9856
f 9857 9856 515
f 9858 9856 9857
f 515 9856 4066
f 9856 2424 9855
f 4066 9855 514
f 9856 9855 4066
f 2503 10127 10126
f 10127 2501 10118
f 10126 10118 515
f 10127 10118 10126
f 515 10777 10126
f 10777 2694 10781
f 10126 10781 2503
f 10777 10781 10126
f 514 4155 4066
f 4155 543 4156
f 4066 4156 515
f 4155 4156 4066
f 515 4156 10777
f 4156 543 10778
f 10777 10778 2694
f 4156 10778 10777
f 2406 9785 9786
f 9785 2404 9783
f 9786 9783 2405
f 9785 9783 9786
f 2471 9995 9993
f 9995 2473 9996
f 9993 9996 2472
f 9995 9996 9993
f 2492 10081 10082
f 10081 2397 9784
f 10082 9784 2406
f 10081 9784 10082
f 2496 10099 10101
f 10099 2493 10096
f 10101 10096 2495
f 10099 10096 10101
f 2462 10102 10095
f 10102 2497 10104
f 10095 10104 2495
f 10102 10104 10095
f 2495 10107 10101
f 10107 2498 10108
f 10101 10108 2496
f 10107 10108 10101
f 2495 10104 10107
f 10104 2497 10109
f 10107 10109 2498
f 10104 10109 10107
f 2494 10093 10100
f 10093 2493 10099
f 10100 10099 2496
f 10093 10099 10100
f 2397 10081 10089
f 10081 2492 10092
f 10089 10092 2494
f 10081 10092 10089
f 2491 10088 10091
f 10088 2493 10093
f 10091 10093 2494
f 10088 10093 10091
f 2494 10092 10091
f 10092 2492 10085
f 10091 10085 2491
f 10092 10085 10091
f 2458 10086 10079
f 10086 2493 10088
f 10079 10088 2491
f 10086 10088 10079
f 2491 10078 10079
f 10078 2456 9949
f 10079 9949 2458
f 10078 9949 10079
f 674 4599 4605
f 4599 331 4603
f 4605 4603 675
f 4599 4603 4605
f 675 4604 4611
f 4604 672 4610
f 4611 4610 678
f 4604 4610 4611
f 675 4602 4604
f 4602 330 4594
f 4604 4594 672
f 4602 4594 4604
f 675 4603 4602
f 4603 331 3617
f 4602 3617 330
f 4603 3617 4602
f 675 4611 4638
f 4611 678 4640
f 4638 4640 687
f 4611 4640 4638
f 687 4637 4638
f 4637 674 4605
f 4638 4605 675
f 4637 4605 4638
f 520 9915 9864
f 9915 2448 9916
f 9864 9916 2428
f 9915 9916 9864
f 2428 9863 9864
f 9863 519 4083
f 9864 4083 520
f 9863 4083 9864
f 517 4072 4071
f 4072 506 4044
f 4071 4044 505
f 4072 4044 4071
f 517 4076 4072
f 4076 518 4073
f 4072 4073 506
f 4076 4073 4072
f 540 4149 4148
f 4149 518 4076
f 4148 4076 517
f 4149 4076 4148
f 505 4039 4071
f 4039 330 4070
f 4071 4070 517
f 4039 4070 4071
f 330 4147 4070
f 4147 540 4148
f 4070 4148 517
f 4147 4148 4070
f 542 4153 4154
f 4153 518 4146
f 4154 4146 539
f 4153 4146 4154
f 539 4158 4154
f 4158 544 4159
f 4154 4159 542
f 4158 4159 4154
f 514 4074 4152
f 4074 518 4153
f 4152 4153 542
f 4074 4153 4152
f 1035 5718 5715
f 5718 1039 5720
f 5715 5720 1037
f 5718 5720 5715
f 1035 5711 5718
f 5711 1036 5719
f 5718 5719 1039
f 5711 5719 5718
f 1034 5710 5709
f 5710 1036 5711
f 5709 5711 1035
f 5710 5711 5709
f 1035 5715 5707
f 5715 1037 5712
f 5707 5712 1023
f 5715 5712 5707
f 2144 8906 8923
f 8906 2116 8921
f 8923 8921 2148
f 8906 8921 8923
f 2148 8921 8930
f 8921 2116 8928
f 8930 8928 2149
f 8921 8928 8930
f 2148 8930 8924
f 8930 2149 8929
f 8924 8929 2147
f 8930 8929 8924
f 2147 8929 8931
f 8929 2149 8932
f 8931 8932 2150
f 8929 8932 8931
f 1783 7839 7841
f 7839 1797 7843
f 7841 7843 1798
f 7839 7843 7841
f 1769 7749 7794
f 7749 1768 7793
f 7794 7793 1783
f 7749 7793 7794
f 2196 9106 9111
f 9106 2197 9112
f 9111 9112 2198
f 9106 9112 9111
f 2196 9312 9106
f 9312 2253 9313
f 9106 9313 2197
f 9312 9313 9106
f 2196 9103 9312
f 9103 926 9311
f 9312 9311 2253
f 9103 9311 9312
f 2199 9225 9242
f 9225 2231 9244
f 9242 9244 2232
f 9225 9244 9242
f 2198 9112 9114
f 9112 2197 9113
f 9114 9113 2199
f 9112 9113 9114
f 2252 9319 9673
f 9319 2254 9674
f 9673 9674 2364
f 9319 9674 9673
f 2364 9672 9673
f 9672 2250 9308
f 9673 9308 2252
f 9672 9308 9673
f 2251 9307 9306
f 9307 2250 9303
f 9306 9303 2249
f 9307 9303 9306
f 2251 9309 9307
f 9309 2252 9308
f 9307 9308 2250
f 9309 9308 9307
f 2197 9313 9304
f 9313 2253 9314
f 9304 9314 2251
f 9313 9314 9304
f 2251 9314 9318
f 9314 2253 9320
f 9318 9320 2254
f 9314 9320 9318
f 2254 9319 9318
f 9319 2252 9309
f 9318 9309 2251
f 9319 9309 9318
f 2256 9323 9324
f 9323 2240 9299
f 9324 9299 2249
f 9323 9299 9324
f 2438 10032 9972
f 10032 2481 10034
f 9972 10034 2466
f 10032 10034 9972
f 2465 10033 9970
f 10033 2481 10032
f 9970 10032 2438
f 10033 10032 9970
f 2437 9969 9887
f 9969 2465 9970
f 9887 9970 2438
f 9969 9970 9887
f 2438 9885 9887
f 9885 2361 9883
f 9887 9883 2437
f 9885 9883 9887
f 2244 9692 9695
f 9692 2369 9696
f 9695 9696 2370
f 9692 9696 9695
f 2273 9365 9367
f 9365 2203 9335
f 9367 9335 2262
f 9365 9335 9367
f 723 4810 4822
f 4810 722 4821
f 4822 4821 726
f 4810 4821 4822
f 723 4808 4810
f 4808 328 4807
f 4810 4807 722
f 4808 4807 4810
f 723 4822 4809
f 4822 726 4819
f 4809 4819 332
f 4822 4819 4809
f 332 3618 4809
f 3618 328 4808
f 4809 4808 723
f 3618 4808 4809
f 224 4801 3278
f 4801 721 4802
f 3278 4802 225
f 4801 4802 3278
f 224 4795 4801
f 4795 720 4805
f 4801 4805 721
f 4795 4805 4801
f 224 3278 3607
f 3278 225 3608
f 3607 3608 329
f 3278 3608 3607
f 45 2819 2817
f 2819 44 2815
f 2817 2815 2
f 2819 2815 2817
f 2 2736 2817
f 2736 3 2818
f 2817 2818 45
f 2736 2818 2817
f 282 3439 3437
f 3439 267 3380
f 3437 3380 45
f 3439 3380 3437
f 45 3380 2819
f 3380 267 3379
f 2819 3379 44
f 3380 3379 2819
f 42 4671 2813
f 4671 694 4672
f 2813 4672 43
f 4671 4672 2813
f 43 2816 4741
f 2816 44 4742
f 4741 4742 708
f 2816 4742 4741
f 623 4412 4421
f 4412 622 4420
f 4421 4420 624
f 4412 4420 4421
f 624 4426 4421
f 4426 625 4425
f 4421 4425 623
f 4426 4425 4421
f 623 4425 4411
f 4425 625 4423
f 4411 4423 619
f 4425 4423 4411
f 3 4668 2737
f 4668 694 4669
f 2737 4669 4
f 4668 4669 2737
f 694 4670 4669
f 4670 7 2739
f 4669 2739 4
f 4670 2739 4669
f 7 2824 2739
f 2824 47 2823
f 2739 2823 4
f 2824 2823 2739
f 294 4839 3494
f 4839 731 4838
f 3494 4838 293
f 4839 4838 3494
f 303 3523 3524
f 3523 292 3489
f 3524 3489 293
f 3523 3489 3524
f 307 3539 3548
f 3539 308 3549
f 3548 3549 312
f 3539 3549 3548
f 312 3549 3550
f 3549 308 3546
f 3550 3546 311
f 3549 3546 3550
f 312 3615 3548
f 3615 329 3613
f 3548 3613 307
f 3615 3613 3548
f 312 3550 3615
f 3550 311 3614
f 3615 3614 329
f 3550 3614 3615
f 240 3307 3308
f 3307 241 3309
f 3308 3309 242
f 3307 3309 3308
f 242 3309 3322
f 3309 241 3321
f 3322 3321 246
f 3309 3321 3322
f 229 3478 3533
f 3478 291 3536
f 3533 3536 307
f 3478 3536 3533
f 229 3470 3478
f 3470 289 3480
f 3478 3480 291
f 3470 3480 3478
f 307 3613 3533
f 3613 329 3612
f 3533 3612 229
f 3613 3612 3533
f 288 3538 3534
f 3538 308 3539
f 3534 3539 307
f 3538 3539 3534
f 307 3535 3534
f 3535 290 3475
f 3534 3475 288
f 3535 3475 3534
f 287 3537 3464
f 3537 308 3538
f 3464 3538 288
f 3537 3538 3464
f 22 2759 4694
f 2759 8 4689
f 4694 4689 698
f 2759 4689 4694
f 19 2757 4691
f 2757 20 4692
f 4691 4692 698
f 2757 4692 4691
f 285 3452 3451
f 3452 284 3447
f 3451 3447 283
f 3452 3447 3451
f 283 3443 3451
f 3443 268 3449
f 3451 3449 285
f 3443 3449 3451
f 284 3445 3447
f 3445 265 3441
f 3447 3441 283
f 3445 3441 3447
f 283 3441 3442
f 3441 265 3378
f 3442 3378 266
f 3441 3378 3442
f 708 4742 4745
f 4742 44 4739
f 4745 4739 707
f 4742 4739 4745
f 707 4740 4745
f 4740 267 4744
f 4745 4744 708
f 4740 4744 4745
f 44 3379 4739
f 3379 267 4740
f 4739 4740 707
f 3379 4740 4739
f 714 4766 4767
f 4766 710 4764
f 4767 4764 713
f 4766 4764 4767
f 713 4762 4767
f 4762 91 4765
f 4767 4765 714
f 4762 4765 4767
f 719 4791 4790
f 4791 717 4780
f 4790 4780 714
f 4791 4780 4790
f 714 4797 4790
f 4797 720 4798
f 4790 4798 719
f 4797 4798 4790
f 714 4765 4797
f 4765 91 4793
f 4797 4793 720
f 4765 4793 4797
f 708 4744 4743
f 4744 267 3381
f 4743 3381 90
f 4744 3381 4743
f 302 6947 6939
f 6947 1481 6952
f 6939 6952 1480
f 6947 6952 6939
f 264 3374 3405
f 3374 265 3406
f 3405 3406 275
f 3374 3406 3405
f 274 3431 3411
f 3431 280 3432
f 3411 3432 276
f 3431 3432 3411
f 272 3420 3403
f 3420 278 3421
f 3403 3421 274
f 3420 3421 3403
f 1485 6975 6980
f 6975 296 6962
f 6980 6962 1483
f 6975 6962 6980
f 1485 6976 6975
f 6976 297 3505
f 6975 3505 296
f 6976 3505 6975
f 1469 6874 6873
f 6874 300 3514
f 6873 3514 299
f 6874 3514 6873
f 1479 6933 6938
f 6933 300 6874
f 6938 6874 1469
f 6933 6874 6938
f 297 6886 3508
f 6886 1471 6887
f 3508 6887 298
f 6886 6887 3508
f 299 3510 3511
f 3510 235 3506
f 3511 3506 298
f 3510 3506 3511
f 235 3297 3506
f 3297 236 3507
f 3506 3507 298
f 3297 3507 3506
f 298 3507 3508
f 3507 236 3504
f 3508 3504 297
f 3507 3504 3508
f 234 3499 3501
f 3499 295 3503
f 3501 3503 296
f 3499 3503 3501
f 1119 5916 6047
f 5916 1145 6049
f 6047 6049 1192
f 5916 6049 6047
f 122 3253 2962
f 3253 208 3252
f 2962 3252 121
f 3253 3252 2962
f 205 3242 3239
f 3242 204 3234
f 3239 3234 122
f 3242 3234 3239
f 122 3234 3253
f 3234 204 3255
f 3253 3255 208
f 3234 3255 3253
f 121 3252 3249
f 3252 208 3256
f 3249 3256 207
f 3252 3256 3249
f 207 3248 3249
f 3248 117 2960
f 3249 2960 121
f 3248 2960 3249
f 202 3226 3250
f 3226 117 3248
f 3250 3248 207
f 3226 3248 3250
f 115 3225 2952
f 3225 202 3227
f 2952 3227 118
f 3225 3227 2952
f 115 2952 2950
f 2952 118 2953
f 2950 2953 116
f 2952 2953 2950
f 116 2953 2957
f 2953 118 2958
f 2957 2958 120
f 2953 2958 2957
f 126 2997 2973
f 2997 135 2998
f 2973 2998 128
f 2997 2998 2973
f 83 3231 3238
f 3231 204 3242
f 3238 3242 205
f 3231 3242 3238
f 248 3332 3330
f 3332 247 3325
f 3330 3325 237
f 3332 3325 3330
f 232 3341 3329
f 3341 252 3342
f 3329 3342 248
f 3341 3342 3329
f 248 3330 3329
f 3330 237 3298
f 3329 3298 232
f 3330 3298 3329
f 248 3342 3339
f 3342 252 3343
f 3339 3343 251
f 3342 3343 3339
f 251 3338 3339
f 3338 246 3331
f 3339 3331 248
f 3338 3331 3339
f 246 3328 3331
f 3328 247 3332
f 3331 3332 248
f 3328 3332 3331
f 6 4403 2738
f 4403 622 4402
f 2738 4402 5
f 4403 4402 2738
f 622 4407 4402
f 4407 25 2765
f 4402 2765 5
f 4407 2765 4402
f 5 2831 2738
f 2831 50 2832
f 2738 2832 6
f 2831 2832 2738
f 51 2835 2834
f 2835 50 2831
f 2834 2831 5
f 2835 2831 2834
f 52 2838 2836
f 2838 51 2834
f 2836 2834 5
f 2838 2834 2836
f 53 2860 2840
f 2860 62 2859
f 2840 2859 52
f 2860 2859 2840
f 52 2837 2840
f 2837 25 2839
f 2840 2839 53
f 2837 2839 2840
f 53 2895 3572
f 2895 78 3574
f 3572 3574 318
f 2895 3574 3572
f 318 3573 3572
f 3573 62 2860
f 3572 2860 53
f 3573 2860 3572
f 26 4408 2768
f 4408 622 4409
f 2768 4409 27
f 4408 4409 2768
f 622 4406 4409
f 4406 24 2767
f 4409 2767 27
f 4406 2767 4409
f 60 3554 3590
f 3554 314 3592
f 3590 3592 321
f 3554 3592 3590
f 321 3591 3590
f 3591 239 3301
f 3590 3301 60
f 3591 3301 3590
f 314 3557 3592
f 3557 239 3591
f 3592 3591 321
f 3557 3591 3592
f 608 4356 4357
f 4356 611 4358
f 4357 4358 612
f 4356 4358 4357
f 608 4343 4345
f 4343 419 3823
f 4345 3823 422
f 4343 3823 4345
f 613 4361 4359
f 4361 609 4348
f 4359 4348 419
f 4361 4348 4359
f 613 4359 4360
f 4359 419 4343
f 4360 4343 608
f 4359 4343 4360
f 608 4357 4360
f 4357 612 4362
f 4360 4362 613
f 4357 4362 4360
f 847 5134 5133
f 5134 611 4355
f 5133 4355 488
f 5134 4355 5133
f 2057 8638 8637
f 8638 2056 8633
f 8637 8633 807
f 8638 8633 8637
f 578 4258 4251
f 4258 579 4257
f 4251 4257 577
f 4258 4257 4251
f 577 4257 4247
f 4257 579 4256
f 4247 4256 573
f 4257 4256 4247
f 573 4245 4247
f 4245 576 4250
f 4247 4250 577
f 4245 4250 4247
f 577 4250 4249
f 4250 576 4246
f 4249 4246 575
f 4250 4246 4249
f 577 8655 4251
f 8655 2063 8656
f 4251 8656 578
f 8655 8656 4251
f 577 8807 8655
f 8807 2110 8808
f 8655 8808 2063
f 8807 8808 8655
f 2105 8809 8790
f 8809 2110 8807
f 8790 8807 577
f 8809 8807 8790
f 573 4256 4240
f 4256 579 4253
f 4240 4253 570
f 4256 4253 4240
f 564 4216 4321
f 4216 562 4320
f 4321 4320 600
f 4216 4320 4321
f 591 5038 4323
f 5038 820 5039
f 4323 5039 600
f 5038 5039 4323
f 600 5039 4321
f 5039 820 5036
f 4321 5036 564
f 5039 5036 4321
f 581 4260 8658
f 4260 578 8657
f 8658 8657 2064
f 4260 8657 8658
f 578 8656 8657
f 8656 2063 8659
f 8657 8659 2064
f 8656 8659 8657
f 581 8837 8839
f 8837 2119 8841
f 8839 8841 2120
f 8837 8841 8839
f 2120 8841 8881
f 8841 2119 8880
f 8881 8880 2136
f 8841 8880 8881
f 2063 8808 8811
f 8808 2110 8814
f 8811 8814 2111
f 8808 8814 8811
f 402 4017 4001
f 4017 493 4020
f 4001 4020 487
f 4017 4020 4001
f 487 3999 4001
f 3999 398 3774
f 4001 3774 402
f 3999 3774 4001
f 493 4021 4020
f 4021 490 4007
f 4020 4007 487
f 4021 4007 4020
f 379 3771 3711
f 3771 401 3770
f 3711 3770 378
f 3771 3770 3711
f 378 3770 3709
f 3770 401 3769
f 3709 3769 377
f 3770 3769 3709
f 368 3682 3683
f 3682 354 3679
f 3683 3679 367
f 3682 3679 3683
f 385 3971 3730
f 3971 478 3968
f 3730 3968 368
f 3971 3968 3730
f 368 3727 3730
f 3727 384 3731
f 3730 3731 385
f 3727 3731 3730
f 367 3726 3683
f 3726 384 3727
f 3683 3727 368
f 3726 3727 3683
f 405 3781 3782
f 3781 397 3766
f 3782 3766 400
f 3781 3766 3782
f 400 3820 3782
f 3820 422 3821
f 3782 3821 405
f 3820 3821 3782
f 407 3785 3787
f 3785 397 3781
f 3787 3781 405
f 3785 3781 3787
f 376 3762 3704
f 3762 397 3761
f 3704 3761 371
f 3762 3761 3704
f 377 3763 3707
f 3763 397 3762
f 3707 3762 376
f 3763 3762 3707
f 30 2774 2780
f 2774 12 2777
f 2780 2777 31
f 2774 2777 2780
f 699 4700 4720
f 4700 57 4717
f 4720 4717 702
f 4700 4717 4720
f 34 2787 2853
f 2787 19 2852
f 2853 2852 59
f 2787 2852 2853
f 20 2757 2788
f 2757 19 2787
f 2788 2787 34
f 2757 2787 2788
f 33 2784 2789
f 2784 20 2788
f 2789 2788 34
f 2784 2788 2789
f 34 2894 2789
f 2894 77 2893
f 2789 2893 33
f 2894 2893 2789
f 634 4459 4465
f 4459 369 4463
f 4465 4463 635
f 4459 4463 4465
f 369 4498 4463
f 4498 645 4499
f 4463 4499 635
f 4498 4499 4463
f 644 4496 4495
f 4496 636 4467
f 4495 4467 635
f 4496 4467 4495
f 635 4499 4495
f 4499 645 4500
f 4495 4500 644
f 4499 4500 4495
f 637 4470 4486
f 4470 636 4485
f 4486 4485 641
f 4470 4485 4486
f 637 4486 4468
f 4486 641 4484
f 4468 4484 56
f 4486 4484 4468
f 56 4686 4468
f 4686 697 4688
f 4468 4688 637
f 4686 4688 4468
f 349 3700 3686
f 3700 376 3704
f 3686 3704 371
f 3700 3704 3686
f 1037 5720 5714
f 5720 1039 5717
f 5714 5717 1025
f 5720 5717 5714
f 1080 5840 5839
f 5840 1056 5752
f 5839 5752 1046
f 5840 5752 5839
f 1046 5752 5733
f 5752 1056 5751
f 5733 5751 1045
f 5752 5751 5733
f 1053 5754 5750
f 5754 1056 5756
f 5750 5756 1055
f 5754 5756 5750
f 1055 5756 5831
f 5756 1056 5832
f 5831 5832 1078
f 5756 5832 5831
f 1078 5833 5831
f 5833 1061 5789
f 5831 5789 1055
f 5833 5789 5831
f 1054 9240 5746
f 9240 2232 9238
f 5746 9238 1052
f 9240 9238 5746
f 2232 9235 9238
f 9235 1049 5740
f 9238 5740 1052
f 9235 5740 9238
f 2232 9241 9234
f 9241 1062 5794
f 9234 5794 1048
f 9241 5794 9234
f 1048 5794 5734
f 5794 1062 5793
f 5734 5793 1045
f 5794 5793 5734
f 1048 5753 5745
f 5753 1056 5755
f 5745 5755 1054
f 5753 5755 5745
f 1045 5751 5734
f 5751 1056 5753
f 5734 5753 1048
f 5751 5753 5734
f 1060 5785 5787
f 5785 486 5769
f 5787 5769 1059
f 5785 5769 5787
f 1060 5791 5785
f 5791 1061 5788
f 5785 5788 486
f 5791 5788 5785
f 2198 9114 9257
f 9114 2199 9258
f 9257 9258 2233
f 9114 9258 9257
f 2233 9258 9259
f 9258 2199 9242
f 9259 9242 2232
f 9258 9242 9259
f 2232 9230 9259
f 9230 1041 9256
f 9259 9256 2233
f 9230 9256 9259
f 955 5404 5403
f 5404 953 5400
f 5403 5400 545
f 5404 5400 5403
f 951 5397 5396
f 5397 950 5394
f 5396 5394 545
f 5397 5394 5396
f 545 5398 5396
f 5398 952 5399
f 5396 5399 951
f 5398 5399 5396
f 987 5507 5504
f 5507 986 5500
f 5504 5500 925
f 5507 5500 5504
f 925 5370 5504
f 5370 926 5505
f 5504 5505 987
f 5370 5505 5504
f 894 5416 5413
f 5416 959 5417
f 5413 5417 958
f 5416 5417 5413
f 894 5419 5416
f 5419 960 5420
f 5416 5420 959
f 5419 5420 5416
f 961 5424 5422
f 5424 960 5419
f 5422 5419 894
f 5424 5419 5422
f 885 5514 5278
f 5514 989 5513
f 5278 5513 884
f 5514 5513 5278
f 884 5502 5278
f 5502 987 5503
f 5278 5503 885
f 5502 5503 5278
f 884 5534 5277
f 5534 993 5533
f 5277 5533 883
f 5534 5533 5277
f 883 5497 5277
f 5497 986 5498
f 5277 5498 884
f 5497 5498 5277
f 986 5507 5498
f 5507 987 5502
f 5498 5502 884
f 5507 5502 5498
f 382 3718 3717
f 3718 367 3680
f 3717 3680 355
f 3718 3680 3717
f 355 3719 3717
f 3719 383 3723
f 3717 3723 382
f 3719 3723 3717
f 382 3723 3718
f 3723 383 3722
f 3718 3722 367
f 3723 3722 3718
f 356 3720 3668
f 3720 383 3719
f 3668 3719 355
f 3720 3719 3668
f 357 3721 3669
f 3721 383 3720
f 3669 3720 356
f 3721 3720 3669
f 624 4414 4413
f 4414 357 3669
f 4413 3669 356
f 4414 3669 4413
f 356 4422 4413
f 4422 625 4426
f 4413 4426 624
f 4422 4426 4413
f 462 4047 3921
f 4047 507 4046
f 3921 4046 461
f 4047 4046 3921
f 461 4582 3921
f 4582 668 4583
f 3921 4583 462
f 4582 4583 3921
f 462 4583 4047
f 4583 668 4585
f 4047 4585 507
f 4583 4585 4047
f 678 4608 4607
f 4608 668 4584
f 4607 4584 467
f 4608 4584 4607
f 467 4584 3933
f 4584 668 4582
f 3933 4582 461
f 4584 4582 3933
f 463 3923 3927
f 3923 396 3926
f 3927 3926 464
f 3923 3926 3927
f 684 4629 4758
f 4629 676 4756
f 4758 4756 712
f 4629 4756 4758
f 684 4646 4629
f 4646 688 4642
f 4629 4642 676
f 4646 4642 4629
f 712 4759 4758
f 4759 685 4631
f 4758 4631 684
f 4759 4631 4758
f 677 4643 4630
f 4643 688 4646
f 4630 4646 684
f 4643 4646 4630
f 684 4634 4630
f 4634 686 4632
f 4630 4632 677
f 4634 4632 4630
f 684 4631 4634
f 4631 685 4635
f 4634 4635 686
f 4631 4635 4634
f 464 3925 3935
f 3925 395 3934
f 3935 3934 468
f 3925 3934 3935
f 468 3934 4593
f 3934 395 4592
f 4593 4592 671
f 3934 4592 4593
f 468 4591 3935
f 4591 670 4589
f 3935 4589 464
f 4591 4589 3935
f 468 4593 4613
f 4593 671 4616
f 4613 4616 679
f 4593 4616 4613
f 679 4615 4613
f 4615 670 4591
f 4613 4591 468
f 4615 4591 4613
f 366 4445 3758
f 4445 631 4447
f 3758 4447 396
f 4445 4447 3758
f 365 4444 3678
f 4444 631 4445
f 3678 4445 366
f 4444 4445 3678
f 396 3759 3758
f 3759 394 3756
f 3758 3756 366
f 3759 3756 3758
f 366 3756 3678
f 3756 394 3755
f 3678 3755 365
f 3756 3755 3678
f 393 3751 3752
f 3751 363 3676
f 3752 3676 364
f 3751 3676 3752
f 364 3754 3752
f 3754 394 3757
f 3752 3757 393
f 3754 3757 3752
f 365 3755 3677
f 3755 394 3754
f 3677 3754 364
f 3755 3754 3677
f 364 4443 3677
f 4443 631 4444
f 3677 4444 365
f 4443 4444 3677
f 364 3676 4443
f 3676 363 4442
f 4443 4442 631
f 3676 4442 4443
f 922 5360 5361
f 5360 546 4176
f 5361 4176 548
f 5360 4176 5361
f 389 3889 3874
f 3889 446 3891
f 3874 3891 441
f 3889 3891 3874
f 441 3891 3871
f 3891 446 3888
f 3871 3888 385
f 3891 3888 3871
f 385 3734 3871
f 3734 386 3872
f 3871 3872 441
f 3734 3872 3871
f 438 3869 3866
f 3869 440 3868
f 3866 3868 389
f 3869 3868 3866
f 389 3879 3866
f 3879 443 3881
f 3866 3881 438
f 3879 3881 3866
f 438 3881 3885
f 3881 443 3886
f 3885 3886 445
f 3881 3886 3885
f 444 3884 3883
f 3884 443 3882
f 3883 3882 442
f 3884 3882 3883
f 449 3897 3896
f 3897 444 3883
f 3896 3883 442
f 3897 3883 3896
f 547 5434 5437
f 5434 964 5442
f 5437 5442 965
f 5434 5442 5437
f 546 5433 4171
f 5433 964 5434
f 4171 5434 547
f 5433 5434 4171
f 547 5437 5429
f 5437 965 5441
f 5429 5441 963
f 5437 5441 5429
f 963 5432 5429
f 5432 962 5425
f 5429 5425 547
f 5432 5425 5429
f 547 5425 5412
f 5425 962 5428
f 5412 5428 958
f 5425 5428 5412
f 547 5412 4170
f 5412 958 5411
f 4170 5411 545
f 5412 5411 4170
f 545 4169 4170
f 4169 546 4171
f 4170 4171 547
f 4169 4171 4170
f 883 5533 5285
f 5533 993 5536
f 5285 5536 889
f 5533 5536 5285
f 993 5535 5536
f 5535 888 5286
f 5536 5286 889
f 5535 5286 5536
f 888 5282 5286
f 5282 537 5284
f 5286 5284 889
f 5282 5284 5286
f 538 4143 5359
f 4143 537 5358
f 5359 5358 922
f 4143 5358 5359
f 922 5361 5359
f 5361 548 4175
f 5359 4175 538
f 5361 4175 5359
f 538 4175 4184
f 4175 548 4185
f 4184 4185 550
f 4175 4185 4184
f 923 5446 5364
f 5446 966 5443
f 5364 5443 494
f 5446 5443 5364
f 653 4527 4526
f 4527 341 3647
f 4526 3647 340
f 4527 3647 4526
f 340 3647 3644
f 3647 341 3646
f 3644 3646 334
f 3647 3646 3644
f 659 4552 4551
f 4552 653 4526
f 4551 4526 340
f 4552 4526 4551
f 340 4553 4551
f 4553 660 4555
f 4551 4555 659
f 4553 4555 4551
f 661 4557 4556
f 4557 660 4553
f 4556 4553 340
f 4557 4553 4556
f 340 4728 4556
f 4728 705 4732
f 4556 4732 661
f 4728 4732 4556
f 706 4738 4735
f 4738 705 4728
f 4735 4728 340
f 4738 4728 4735
f 342 4736 3652
f 4736 706 4735
f 3652 4735 340
f 4736 4735 3652
f 340 3644 3652
f 3644 334 3649
f 3652 3649 342
f 3644 3649 3652
f 567 4317 4302
f 4317 599 4318
f 4302 4318 596
f 4317 4318 4302
f 596 4301 4302
f 4301 565 4223
f 4302 4223 567
f 4301 4223 4302
f 587 4277 4303
f 4277 565 4301
f 4303 4301 596
f 4277 4301 4303
f 630 4438 4439
f 4438 427 3842
f 4439 3842 429
f 4438 3842 4439
f 630 4440 4438
f 4440 431 3847
f 4438 3847 427
f 4440 3847 4438
f 630 4439 4511
f 4439 429 4508
f 4511 4508 647
f 4439 4508 4511
f 647 4509 4511
f 4509 431 4440
f 4511 4440 630
f 4509 4440 4511
f 629 4542 4437
f 4542 656 4541
f 4437 4541 432
f 4542 4541 4437
f 629 4436 4542
f 4436 431 4540
f 4542 4540 656
f 4436 4540 4542
f 427 3847 3845
f 3847 431 3848
f 3845 3848 430
f 3847 3848 3845
f 430 3846 3845
f 3846 428 3841
f 3845 3841 427
f 3846 3841 3845
f 431 4436 3848
f 4436 629 4435
f 3848 4435 430
f 4436 4435 3848
f 430 4435 3849
f 4435 629 4437
f 3849 4437 432
f 4435 4437 3849
f 423 3839 3843
f 3839 428 3846
f 3843 3846 430
f 3839 3846 3843
f 587 4294 4278
f 4294 594 4293
f 4278 4293 586
f 4294 4293 4278
f 586 4276 4278
f 4276 565 4277
f 4278 4277 587
f 4276 4277 4278
f 653 4530 4529
f 4530 652 4523
f 4529 4523 650
f 4530 4523 4529
f 650 4516 4529
f 4516 649 4528
f 4529 4528 653
f 4516 4528 4529
f 650 4523 4515
f 4523 652 4521
f 4515 4521 333
f 4523 4521 4515
f 333 4514 4515
f 4514 649 4516
f 4515 4516 650
f 4514 4516 4515
f 424 4536 4532
f 4536 655 4539
f 4532 4539 654
f 4536 4539 4532
f 424 3834 3828
f 3834 425 3833
f 3828 3833 423
f 3834 3833 3828
f 423 3843 3828
f 3843 430 3844
f 3828 3844 424
f 3843 3844 3828
f 703 4723 4722
f 4723 702 4719
f 4722 4719 342
f 4723 4719 4722
f 1910 8218 8443
f 8218 1909 8442
f 8443 8442 1986
f 8218 8442 8443
f 1986 8445 8444
f 8445 1985 8441
f 8444 8441 1984
f 8445 8441 8444
f 1984 8434 8444
f 8434 1910 8443
f 8444 8443 1986
f 8434 8443 8444
f 1983 8437 8432
f 8437 1984 8433
f 8432 8433 1893
f 8437 8433 8432
f 1893 8433 8438
f 8433 1984 8441
f 8438 8441 1985
f 8433 8441 8438
f 1890 8157 8159
f 8157 1891 8160
f 8159 8160 1893
f 8157 8160 8159
f 1893 8438 8293
f 8438 1985 8439
f 8293 8439 1939
f 8438 8439 8293
f 1939 8292 8293
f 8292 1890 8159
f 8293 8159 1893
f 8292 8159 8293
f 1651 7430 7428
f 7430 1654 7431
f 7428 7431 1652
f 7430 7431 7428
f 1646 7419 8255
f 7419 1648 8256
f 8255 8256 1923
f 7419 8256 8255
f 1908 8459 8450
f 8459 1990 8460
f 8450 8460 1988
f 8459 8460 8450
f 1988 8451 8450
f 8451 1909 8215
f 8450 8215 1908
f 8451 8215 8450
f 1986 8442 8452
f 8442 1909 8451
f 8452 8451 1988
f 8442 8451 8452
f 1991 8465 8469
f 8465 1990 8468
f 8469 8468 1992
f 8465 8468 8469
f 1951 8479 8486
f 8479 1995 8487
f 8486 8487 1997
f 8479 8487 8486
f 1953 8320 8321
f 8320 1950 8318
f 8321 8318 1951
f 8320 8318 8321
f 2628 10559 10713
f 10559 2630 10714
f 10713 10714 2679
f 10559 10714 10713
f 2679 10714 10724
f 10714 2630 10721
f 10724 10721 2681
f 10714 10721 10724
f 2627 10558 10545
f 10558 2630 10556
f 10545 10556 1562
f 10558 10556 10545
f 1562 10556 7205
f 10556 2630 10557
f 7205 10557 1563
f 10556 10557 7205
f 2669 10676 10674
f 10676 2667 10668
f 10674 10668 2654
f 10676 10668 10674
f 2651 10631 10632
f 10631 2653 10634
f 10632 10634 2654
f 10631 10634 10632
f 2654 10633 10632
f 10633 2652 10630
f 10632 10630 2651
f 10633 10630 10632
f 2667 10667 10668
f 10667 2652 10633
f 10668 10633 2654
f 10667 10633 10668
f 1938 8412 8418
f 8412 1978 8419
f 8418 8419 1979
f 8412 8419 8418
f 1938 8290 8294
f 8290 1890 8292
f 8294 8292 1939
f 8290 8292 8294
f 665 4578 4573
f 4578 666 4577
f 4573 4577 638
f 4578 4577 4573
f 638 4577 4472
f 4577 666 4576
f 4472 4576 327
f 4577 4576 4472
f 638 4472 4471
f 4472 327 3603
f 4471 3603 323
f 4472 3603 4471
f 1979 8419 8416
f 8419 1978 8410
f 8416 8410 1916
f 8419 8410 8416
f 1916 8410 8270
f 8410 1978 8411
f 8270 8411 1927
f 8410 8411 8270
f 1653 7691 7436
f 7691 1751 7692
f 7436 7692 1657
f 7691 7692 7436
f 1653 7432 7429
f 7432 1654 7430
f 7429 7430 1651
f 7432 7430 7429
f 1739 7651 7653
f 7651 1724 7649
f 7653 7649 1738
f 7651 7649 7653
f 1738 7697 7653
f 7697 1753 7698
f 7653 7698 1739
f 7697 7698 7653
f 1713 7573 7568
f 7573 1714 7572
f 7568 7572 1684
f 7573 7572 7568
f 1726 7610 7612
f 7610 1711 7608
f 7612 7608 1725
f 7610 7608 7612
f 1725 7609 7652
f 7609 1724 7651
f 7652 7651 1739
f 7609 7651 7652
f 1709 7604 7561
f 7604 1724 7605
f 7561 7605 1710
f 7604 7605 7561
f 1724 7609 7605
f 7609 1725 7607
f 7605 7607 1710
f 7609 7607 7605
f 1710 7607 7564
f 7607 1725 7608
f 7564 7608 1711
f 7607 7608 7564
f 1685 7492 7499
f 7492 1669 7498
f 7499 7498 1687
f 7492 7498 7499
f 1767 7741 7743
f 7741 1753 7739
f 7743 7739 1766
f 7741 7739 7743
f 1765 7784 7740
f 7784 1780 7785
f 7740 7785 1766
f 7784 7785 7740
f 1782 7791 7790
f 7791 1768 7746
f 7790 7746 1767
f 7791 7746 7790
f 1782 7795 7791
f 7795 1783 7793
f 7791 7793 1768
f 7795 7793 7791
f 1796 7840 7836
f 7840 1797 7838
f 7836 7838 1782
f 7840 7838 7836
f 1797 7839 7838
f 7839 1783 7795
f 7838 7795 1782
f 7839 7795 7838
f 1764 7781 7737
f 7781 1779 7782
f 7737 7782 1765
f 7781 7782 7737
f 1765 7735 7737
f 7735 1751 7734
f 7737 7734 1764
f 7735 7734 7737
f 1764 7733 7732
f 7733 1653 7429
f 7732 7429 1651
f 7733 7429 7732
f 1751 7691 7734
f 7691 1653 7733
f 7734 7733 1764
f 7691 7733 7734
f 1834 7957 7999
f 7957 1639 7998
f 7999 7998 1847
f 7957 7998 7999
f 1638 7402 7403
f 7402 1639 7404
f 7403 7404 1640
f 7402 7404 7403
f 1834 7959 7958
f 7959 1820 7911
f 7958 7911 1641
f 7959 7911 7958
f 1640 7404 7406
f 7404 1639 7405
f 7406 7405 1641
f 7404 7405 7406
f 1641 7405 7958
f 7405 1639 7957
f 7958 7957 1834
f 7405 7957 7958
f 1861 8043 8086
f 8043 1617 8083
f 8086 8083 1874
f 8043 8083 8086
f 1636 8239 8273
f 8239 1917 8275
f 8273 8275 1928
f 8239 8275 8273
f 1518 7061 7060
f 7061 1506 7031
f 7060 7031 1505
f 7061 7031 7060
f 1487 6988 6986
f 6988 1488 6987
f 6986 6987 201
f 6988 6987 6986
f 201 6989 6986
f 6989 1489 6990
f 6986 6990 1487
f 6989 6990 6986
f 1961 8344 8338
f 8344 1963 8343
f 8338 8343 1960
f 8344 8343 8338
f 1961 8535 8344
f 8535 2009 8536
f 8344 8536 1963
f 8535 8536 8344
f 2007 8537 8527
f 8537 2009 8535
f 8527 8535 1961
f 8537 8535 8527
f 1928 8275 8351
f 8275 1917 8350
f 8351 8350 1966
f 8275 8350 8351
f 1964 8349 8353
f 8349 1965 8354
f 8353 8354 1966
f 8349 8354 8353
f 1960 8343 8340
f 8343 1963 8345
f 8340 8345 1962
f 8343 8345 8340
f 1962 8363 8340
f 8363 1968 8362
f 8340 8362 1960
f 8363 8362 8340
f 1970 8371 8372
f 8371 1956 8331
f 8372 8331 1958
f 8371 8331 8372
f 1958 8336 8335
f 8336 1961 8338
f 8335 8338 1960
f 8336 8338 8335
f 1970 8372 8373
f 8372 1958 8366
f 8373 8366 1969
f 8372 8366 8373
f 1960 8362 8367
f 8362 1968 8368
f 8367 8368 1969
f 8362 8368 8367
f 1969 8366 8367
f 8366 1958 8335
f 8367 8335 1960
f 8366 8335 8367
f 2539 10236 10457
f 10236 2541 10458
f 10457 10458 2605
f 10236 10458 10457
f 2605 10456 10457
f 10456 2516 10230
f 10457 10230 2539
f 10456 10230 10457
f 2542 10237 10238
f 10237 2539 10235
f 10238 10235 2540
f 10237 10235 10238
f 2541 10236 10239
f 10236 2539 10237
f 10239 10237 2542
f 10236 10237 10239
f 1516 7074 7051
f 7074 1521 7072
f 7051 7072 200
f 7074 7072 7051
f 200 7065 7051
f 7065 1519 7066
f 7051 7066 1516
f 7065 7066 7051
f 1516 7063 7052
f 7063 1518 7062
f 7052 7062 1511
f 7063 7062 7052
f 1516 7066 7063
f 7066 1519 7067
f 7063 7067 1518
f 7066 7067 7063
f 1170 7073 7129
f 7073 1521 7130
f 7129 7130 1538
f 7073 7130 7129
f 1515 7053 7049
f 7053 1516 7052
f 7049 7052 1511
f 7053 7052 7049
f 2507 10136 10135
f 10136 2506 10134
f 10135 10134 201
f 10136 10134 10135
f 2534 10216 10220
f 10216 2507 10218
f 10220 10218 2535
f 10216 10218 10220
f 2533 10214 10217
f 10214 2506 10215
f 10217 10215 2534
f 10214 10215 10217
f 2506 10136 10215
f 10136 2507 10216
f 10215 10216 2534
f 10136 10216 10215
f 1442 6973 6749
f 6973 1484 6967
f 6749 6967 295
f 6973 6967 6749
f 1441 6972 6751
f 6972 1484 6973
f 6751 6973 1442
f 6972 6973 6751
f 1442 6749 6747
f 6749 295 3497
f 6747 3497 188
f 6749 3497 6747
f 1483 6962 6963
f 6962 296 6835
f 6963 6835 1460
f 6962 6835 6963
f 296 6968 6835
f 6968 1484 6974
f 6835 6974 1460
f 6968 6974 6835
f 187 3181 6710
f 3181 186 6709
f 6710 6709 1434
f 3181 6709 6710
f 121 3177 3179
f 3177 186 3181
f 3179 3181 187
f 3177 3181 3179
f 187 3180 3179
f 3180 122 2962
f 3179 2962 121
f 3180 2962 3179
f 1524 7122 7084
f 7122 1537 7121
f 7084 7121 1233
f 7122 7121 7084
f 1440 6740 6742
f 6740 1086 5988
f 6742 5988 1176
f 6740 5988 6742
f 1446 6766 6769
f 6766 1086 6740
f 6769 6740 1440
f 6766 6740 6769
f 1440 6750 6769
f 6750 1442 6770
f 6769 6770 1446
f 6750 6770 6769
f 1441 6751 6746
f 6751 1442 6750
f 6746 6750 1440
f 6751 6750 6746
f 1953 8502 8325
f 8502 2001 8503
f 8325 8503 1955
f 8502 8503 8325
f 1955 8510 8329
f 8510 2003 8511
f 8329 8511 1957
f 8510 8511 8329
f 2001 8512 8503
f 8512 2003 8510
f 8503 8510 1955
f 8512 8510 8503
f 2004 8515 8516
f 8515 2001 8509
f 8516 8509 2002
f 8515 8509 8516
f 2002 8508 8506
f 8508 2000 8497
f 8506 8497 1901
f 8508 8497 8506
f 1957 8511 8518
f 8511 2003 8520
f 8518 8520 2005
f 8511 8520 8518
f 2005 8520 8525
f 8520 2003 8523
f 8525 8523 2006
f 8520 8523 8525
f 1900 8505 8187
f 8505 2002 8506
f 8187 8506 1901
f 8505 8506 8187
f 2004 8516 8514
f 8516 2002 8505
f 8514 8505 1900
f 8516 8505 8514
f 103 2938 2933
f 2938 105 2937
f 2933 2937 92
f 2938 2937 2933
f 337 3632 3639
f 3632 110 3635
f 3639 3635 338
f 3632 3635 3639
f 2688 10757 10761
f 10757 2689 10762
f 10761 10762 2690
f 10757 10762 10761
f 304 3525 4840
f 3525 293 4838
f 4840 4838 731
f 3525 4838 4840
f 303 3524 3526
f 3524 293 3525
f 3526 3525 304
f 3524 3525 3526
f 2627 10545 10546
f 10545 1562 7263
f 10546 7263 1579
f 10545 7263 10546
f 1579 7263 7260
f 7263 1562 7202
f 7260 7202 1548
f 7263 7202 7260
f 309 7215 3545
f 7215 1568 7216
f 3545 7216 310
f 7215 7216 3545
f 310 7216 3547
f 7216 1568 7217
f 3547 7217 311
f 7216 7217 3547
f 310 3544 3545
f 3544 308 3543
f 3545 3543 309
f 3544 3543 3545
f 311 3546 3547
f 3546 308 3544
f 3547 3544 310
f 3546 3544 3547
f 1587 7308 7275
f 7308 1598 7307
f 7275 7307 311
f 7308 7307 7275
f 1587 7275 7277
f 7275 311 7251
f 7277 7251 1576
f 7275 7251 7277
f 1549 7171 7206
f 7171 1551 7207
f 7206 7207 1564
f 7171 7207 7206
f 1549 7206 7208
f 7206 1564 7209
f 7208 7209 1565
f 7206 7209 7208
f 1565 7256 7208
f 7256 1577 7255
f 7208 7255 1549
f 7256 7255 7208
f 2720 10869 10870
f 10869 2668 10860
f 10870 10860 2718
f 10869 10860 10870
f 2666 10671 10868
f 10671 2668 10869
f 10868 10869 2720
f 10671 10869 10868
f 2664 10665 10876
f 10665 2666 10877
f 10876 10877 2722
f 10665 10877 10876
f 2722 10886 10876
f 10886 2724 10885
f 10876 10885 2664
f 10886 10885 10876
f 2666 10868 10877
f 10868 2720 10878
f 10877 10878 2722
f 10868 10878 10877
f 2722 10878 10879
f 10878 2720 10875
f 10879 10875 2721
f 10878 10875 10879
f 1565 7209 7211
f 7209 1564 7210
f 7211 7210 1566
f 7209 7210 7211
f 1566 7331 7211
f 7331 1603 7330
f 7211 7330 1565
f 7331 7330 7211
f 1566 7210 10551
f 7210 1564 10550
f 10551 10550 2628
f 7210 10550 10551
f 2628 10555 10551
f 10555 2629 10552
f 10551 10552 1566
f 10555 10552 10551
f 2629 10553 10552
f 10553 1603 7331
f 10552 7331 1566
f 10553 7331 10552
f 2676 10701 10702
f 10701 2631 10568
f 10702 10568 2632
f 10701 10568 10702
f 2713 10842 10843
f 10842 2711 10839
f 10843 10839 2712
f 10842 10839 10843
f 2723 10883 10882
f 10883 2722 10879
f 10882 10879 2721
f 10883 10879 10882
f 2724 10886 10887
f 10886 2722 10883
f 10887 10883 2723
f 10886 10883 10887
f 2713 10904 10897
f 10904 2729 10905
f 10897 10905 2727
f 10904 10905 10897
f 2727 10896 10897
f 10896 2711 10842
f 10897 10842 2713
f 10896 10842 10897
f 2726 10893 10894
f 10893 2662 10884
f 10894 10884 2724
f 10893 10884 10894
f 506 4041 4051
f 4041 498 4049
f 4051 4049 508
f 4041 4049 4051
f 508 4050 4051
f 4050 504 4043
f 4051 4043 506
f 4050 4043 4051
f 508 4052 4050
f 4052 507 4048
f 4050 4048 504
f 4052 4048 4050
f 537 4143 4140
f 4143 538 4142
f 4140 4142 536
f 4143 4142 4140
f 528 4134 4122
f 4134 536 4137
f 4122 4137 533
f 4134 4137 4122
f 510 4064 4107
f 4064 513 4108
f 4107 4108 528
f 4064 4108 4107
f 507 4052 4095
f 4052 508 4096
f 4095 4096 525
f 4052 4096 4095
f 525 4096 4113
f 4096 508 4111
f 4113 4111 529
f 4096 4111 4113
f 525 4098 4095
f 4098 524 4093
f 4095 4093 507
f 4098 4093 4095
f 523 4094 4097
f 4094 524 4098
f 4097 4098 525
f 4094 4098 4097
f 529 4123 4113
f 4123 533 4121
f 4113 4121 525
f 4123 4121 4113
f 451 4090 4089
f 4090 524 4094
f 4089 4094 523
f 4090 4094 4089
f 2408 10114 9789
f 10114 2500 10113
f 9789 10113 2391
f 10114 10113 9789
f 2733 10930 10921
f 10930 2734 10925
f 10921 10925 2637
f 10930 10925 10921
f 2390 10581 10585
f 10581 2637 10586
f 10585 10586 2638
f 10581 10586 10585
f 2638 10926 10840
f 10926 2734 10927
f 10840 10927 2713
f 10926 10927 10840
f 2638 10586 10926
f 10586 2637 10925
f 10926 10925 2734
f 10586 10925 10926
f 643 4492 4491
f 4492 543 4157
f 4491 4157 541
f 4492 4157 4491
f 541 4157 4151
f 4157 543 4155
f 4151 4155 514
f 4157 4155 4151
f 2708 10826 10825
f 10826 2706 10818
f 10825 10818 2696
f 10826 10818 10825
f 2402 9780 9798
f 9780 2404 9799
f 9798 9799 2411
f 9780 9799 9798
f 2373 9774 9776
f 9774 2401 9777
f 9776 9777 2402
f 9774 9777 9776
f 2478 10015 10016
f 10015 1296 6523
f 10016 6523 1388
f 10015 6523 10016
f 1754 7702 7742
f 7702 1753 7741
f 7742 7741 1767
f 7702 7741 7742
f 1767 7746 7742
f 7746 1768 7744
f 7742 7744 1754
f 7746 7744 7742
f 1739 7698 7700
f 7698 1753 7702
f 7700 7702 1754
f 7698 7702 7700
f 1757 7753 7714
f 7753 1771 7754
f 7714 7754 1758
f 7753 7754 7714
f 1714 7573 7617
f 7573 1713 7616
f 7617 7616 1728
f 7573 7616 7617
f 1684 7572 7490
f 7572 1714 7571
f 7490 7571 1682
f 7572 7571 7490
f 1682 7489 7490
f 7489 1683 7491
f 7490 7491 1684
f 7489 7491 7490
f 1715 7575 7576
f 7575 1682 7571
f 7576 7571 1714
f 7575 7571 7576
f 1680 7486 7574
f 7486 1682 7575
f 7574 7575 1715
f 7486 7575 7574
f 2499 10112 10110
f 10112 2497 10103
f 10110 10103 2463
f 10112 10103 10110
f 2500 10115 10117
f 10115 2497 10112
f 10117 10112 2499
f 10115 10112 10117
f 2419 9848 9831
f 9848 2422 9847
f 9831 9847 2418
f 9848 9847 9831
f 2417 9821 9826
f 9821 2413 9825
f 9826 9825 2418
f 9821 9825 9826
f 2409 9846 9830
f 9846 2422 9848
f 9830 9848 2419
f 9846 9848 9830
f 2409 9793 9794
f 9793 2407 9790
f 9794 9790 2408
f 9793 9790 9794
f 2419 9829 9830
f 9829 2407 9793
f 9830 9793 2409
f 9829 9793 9830
f 2419 9831 9828
f 9831 2418 9824
f 9828 9824 2399
f 9831 9824 9828
f 2399 9824 9806
f 9824 2418 9825
f 9806 9825 2413
f 9824 9825 9806
f 2425 9945 9940
f 9945 2457 9947
f 9940 9947 2455
f 9945 9947 9940
f 2455 9941 9940
f 9941 2453 9934
f 9940 9934 2425
f 9941 9934 9940
f 2457 9950 9947
f 9950 2458 9948
f 9947 9948 2455
f 9950 9948 9947
f 2455 9948 9944
f 9948 2458 9949
f 9944 9949 2456
f 9948 9949 9944
f 2459 9953 9952
f 9953 2457 9946
f 9952 9946 2426
f 9953 9946 9952
f 2426 9859 9952
f 9859 515 9951
f 9952 9951 2459
f 9859 9951 9952
f 2426 9946 9860
f 9946 2457 9945
f 9860 9945 2425
f 9946 9945 9860
f 2425 9857 9860
f 9857 515 9859
f 9860 9859 2426
f 9857 9859 9860
f 2403 9782 9781
f 9782 2405 9783
f 9781 9783 2404
f 9782 9783 9781
f 2403 9779 9778
f 9779 2402 9777
f 9778 9777 2401
f 9779 9777 9778
f 2404 9780 9781
f 9780 2402 9779
f 9781 9779 2403
f 9780 9779 9781
f 2401 10010 9778
f 10010 2477 10011
f 9778 10011 2403
f 10010 10011 9778
f 2490 10073 10075
f 10073 2405 9994
f 10075 9994 2473
f 10073 9994 10075
f 2406 9786 10074
f 9786 2405 10073
f 10074 10073 2490
f 9786 10073 10074
f 2490 10084 10074
f 10084 2492 10082
f 10074 10082 2406
f 10084 10082 10074
f 2493 10086 10087
f 10086 2458 9955
f 10087 9955 2460
f 10086 9955 10087
f 2460 9956 9960
f 9956 2459 9959
f 9960 9959 2462
f 9956 9959 9960
f 2460 9954 9956
f 9954 2457 9953
f 9956 9953 2459
f 9954 9953 9956
f 2460 9955 9954
f 9955 2458 9950
f 9954 9950 2457
f 9955 9950 9954
f 2462 10095 9960
f 10095 2495 10094
f 9960 10094 2460
f 10095 10094 9960
f 2460 10094 10087
f 10094 2495 10096
f 10087 10096 2493
f 10094 10096 10087
f 2427 9865 10041
f 9865 2428 10042
f 10041 10042 2483
f 9865 10042 10041
f 2427 9975 10037
f 9975 2467 10040
f 10037 10040 2482
f 9975 10040 10037
f 2483 10045 10041
f 10045 2467 9975
f 10041 9975 2427
f 10045 9975 10041
f 2427 10037 9862
f 10037 2482 10035
f 9862 10035 2359
f 10037 10035 9862
f 2359 9662 9862
f 9662 519 9861
f 9862 9861 2427
f 9662 9861 9862
f 519 9863 9861
f 9863 2428 9865
f 9861 9865 2427
f 9863 9865 9861
f 2471 9993 9989
f 9993 2472 9992
f 9989 9992 2447
f 9993 9992 9989
f 2450 9924 9925
f 9924 2448 9920
f 9925 9920 2449
f 9924 9920 9925
f 2449 9919 9925
f 9919 514 9921
f 9925 9921 2450
f 9919 9921 9925
f 2429 9866 9917
f 9866 2428 9916
f 9917 9916 2448
f 9866 9916 9917
f 2483 10042 10043
f 10042 2428 9866
f 10043 9866 2429
f 10042 9866 10043
f 646 4504 4505
f 4504 544 4493
f 4505 4493 643
f 4504 4493 4505
f 646 4503 4504
f 4503 542 4159
f 4504 4159 544
f 4503 4159 4504
f 514 4152 4501
f 4152 542 4503
f 4501 4503 646
f 4152 4503 4501
f 643 4491 4505
f 4491 541 4502
f 4505 4502 646
f 4491 4502 4505
f 646 4502 4501
f 4502 541 4151
f 4501 4151 514
f 4502 4151 4501
f 2211 9169 9171
f 9169 2053 8639
f 9171 8639 2058
f 9169 8639 9171
f 2058 8640 8647
f 8640 2056 8646
f 8647 8646 2060
f 8640 8646 8647
f 2058 8639 8645
f 8639 2053 8643
f 8645 8643 2059
f 8639 8643 8645
f 2059 8644 8645
f 8644 2056 8640
f 8645 8640 2058
f 8644 8640 8645
f 2059 8643 8642
f 8643 2053 8626
f 8642 8626 2052
f 8643 8626 8642
f 1023 5703 5704
f 5703 1032 5705
f 5704 5705 1033
f 5703 5705 5704
f 1033 5708 5704
f 5708 1035 5707
f 5704 5707 1023
f 5708 5707 5704
f 1034 5709 5706
f 5709 1035 5708
f 5706 5708 1033
f 5709 5708 5706
f 1032 5722 5705
f 5722 1040 5723
f 5705 5723 1033
f 5722 5723 5705
f 1033 5723 5706
f 5723 1040 5724
f 5706 5724 1034
f 5723 5724 5706
f 2162 8971 8972
f 8971 2122 8846
f 8972 8846 2123
f 8971 8846 8972
f 2160 8964 8974
f 8964 2122 8971
f 8974 8971 2162
f 8964 8971 8974
f 2172 9016 9017
f 9016 2150 8939
f 9017 8939 2152
f 9016 8939 9017
f 2150 8932 8939
f 8932 2149 8938
f 8939 8938 2152
f 8932 8938 8939
f 2138 8886 8887
f 8886 2120 8881
f 8887 8881 2136
f 8886 8881 8887
f 2127 8860 8857
f 8860 2129 8861
f 8857 8861 2128
f 8860 8861 8857
f 2136 8880 8882
f 8880 2119 8875
f 8882 8875 2134
f 8880 8875 8882
f 2136 8882 8883
f 8882 2134 8879
f 8883 8879 2135
f 8882 8879 8883
f 1395 6555 6551
f 6555 1396 6554
f 6551 6554 1394
f 6555 6554 6551
f 1394 6547 6551
f 6547 1393 6550
f 6551 6550 1395
f 6547 6550 6551
f 1394 6554 6545
f 6554 1396 6552
f 6545 6552 1313
f 6554 6552 6545
f 1397 6558 6557
f 6558 1395 6548
f 6557 6548 1378
f 6558 6548 6557
f 1396 6555 6559
f 6555 1395 6558
f 6559 6558 1397
f 6555 6558 6559
f 2151 8935 8936
f 8935 2147 8931
f 8936 8931 2150
f 8935 8931 8936
f 2143 8934 8905
f 8934 2151 8933
f 8905 8933 2142
f 8934 8933 8905
f 2147 8935 8920
f 8935 2151 8934
f 8920 8934 2143
f 8935 8934 8920
f 2143 8909 8922
f 8909 2144 8923
f 8922 8923 2148
f 8909 8923 8922
f 2148 8924 8922
f 8924 2147 8920
f 8922 8920 2143
f 8924 8920 8922
f 1886 8145 8147
f 8145 1872 8141
f 8147 8141 1885
f 8145 8141 8147
f 1885 8138 8147
f 8138 1699 8144
f 8147 8144 1886
f 8138 8144 8147
f 1872 8078 8141
f 8078 1871 8140
f 8141 8140 1885
f 8078 8140 8141
f 1873 8082 8146
f 8082 1872 8145
f 8146 8145 1886
f 8082 8145 8146
f 1886 8154 8146
f 8154 1887 8153
f 8146 8153 1873
f 8154 8153 8146
f 1798 7885 7846
f 7885 1812 7886
f 7846 7886 1799
f 7885 7886 7846
f 1799 7849 7845
f 7849 1800 7847
f 7845 7847 1785
f 7849 7847 7845
f 1785 7800 7799
f 7800 1771 7755
f 7799 7755 1770
f 7800 7755 7799
f 1771 7753 7755
f 7753 1757 7751
f 7755 7751 1770
f 7753 7751 7755
f 2246 9289 9288
f 9289 2199 9113
f 9288 9113 2197
f 9289 9113 9288
f 2262 9335 9334
f 9335 2203 9134
f 9334 9134 2200
f 9335 9134 9334
f 2201 9222 9122
f 9222 2230 9221
f 9122 9221 2200
f 9222 9221 9122
f 2244 9283 9284
f 9283 2242 9280
f 9284 9280 2243
f 9283 9280 9284
f 2243 9691 9284
f 9691 2369 9692
f 9284 9692 2244
f 9691 9692 9284
f 2255 9325 9322
f 9325 2256 9324
f 9322 9324 2249
f 9325 9324 9322
f 2439 9891 9973
f 9891 2438 9972
f 9973 9972 2466
f 9891 9972 9973
f 2216 9275 9282
f 9275 2242 9283
f 9282 9283 2244
f 9275 9283 9282
f 2445 9912 9905
f 9912 2447 9910
f 9905 9910 2393
f 9912 9910 9905
f 2334 9564 9565
f 9564 2305 9469
f 9565 9469 2306
f 9564 9469 9565
f 2289 9420 9471
f 9420 2290 9472
f 9471 9472 2307
f 9420 9472 9471
f 2329 9544 9545
f 9544 2260 9337
f 9545 9337 2262
f 9544 9337 9545
f 2272 9368 9372
f 9368 2273 9373
f 9372 9373 2274
f 9368 9373 9372
f 2203 9365 9361
f 9365 2273 9368
f 9361 9368 2272
f 9365 9368 9361
f 2316 9516 9502
f 9516 2321 9515
f 9502 9515 2315
f 9516 9515 9502
f 2315 9499 9502
f 9499 2276 9501
f 9502 9501 2316
f 9499 9501 9502
f 2269 9351 9359
f 9351 2211 9358
f 9359 9358 2271
f 9351 9358 9359
f 2210 9173 9350
f 9173 2211 9351
f 9350 9351 2269
f 9173 9351 9350
f 2296 9582 9439
f 9582 2340 9581
f 9439 9581 2294
f 9582 9581 9439
f 1335 6425 6424
f 6425 1334 6423
f 6424 6423 1333
f 6425 6423 6424
f 1694 7520 7688
f 7520 1334 7685
f 7688 7685 1750
f 7520 7685 7688
f 1750 7730 7688
f 7730 1763 7728
f 7688 7728 1694
f 7730 7728 7688
f 1749 7729 7690
f 7729 1763 7730
f 7690 7730 1750
f 7729 7730 7690
f 720 4795 4794
f 4795 224 3277
f 4794 3277 223
f 4795 3277 4794
f 329 4796 3606
f 4796 720 4794
f 3606 4794 223
f 4796 4794 3606
f 223 3277 3606
f 3277 224 3607
f 3606 3607 329
f 3277 3607 3606
f 282 3437 3438
f 3437 45 2822
f 3438 2822 46
f 3437 2822 3438
f 285 3450 3448
f 3450 282 3438
f 3448 3438 46
f 3450 3438 3448
f 46 2822 2820
f 2822 45 2818
f 2820 2818 3
f 2822 2818 2820
f 3 2737 2820
f 2737 4 2821
f 2820 2821 46
f 2737 2821 2820
f 46 2821 2825
f 2821 4 2823
f 2825 2823 47
f 2821 2823 2825
f 1 2812 4666
f 2812 43 4672
f 4666 4672 694
f 2812 4672 4666
f 44 2816 2814
f 2816 43 2812
f 2814 2812 1
f 2816 2812 2814
f 1 4666 2735
f 4666 694 4667
f 2735 4667 2
f 4666 4667 2735
f 2 2815 2735
f 2815 44 2814
f 2735 2814 1
f 2815 2814 2735
f 260 3482 3461
f 3482 292 3485
f 3461 3485 287
f 3482 3485 3461
f 276 3432 3409
f 3432 280 3428
f 3409 3428 254
f 3432 3428 3409
f 254 3428 3492
f 3428 280 3493
f 3492 3493 294
f 3428 3493 3492
f 294 3494 3492
f 3494 293 3486
f 3492 3486 254
f 3494 3486 3492
f 249 3333 3337
f 3333 242 3335
f 3337 3335 250
f 3333 3335 3337
f 263 3429 3366
f 3429 280 3426
f 3366 3426 250
f 3429 3426 3366
f 250 3335 3336
f 3335 242 3322
f 3336 3322 246
f 3335 3322 3336
f 250 3340 3366
f 3340 251 3367
f 3366 3367 263
f 3340 3367 3366
f 250 3336 3340
f 3336 246 3338
f 3340 3338 251
f 3336 3338 3340
f 243 3314 3334
f 3314 242 3333
f 3334 3333 249
f 3314 3333 3334
f 249 3419 3334
f 3419 278 3418
f 3334 3418 243
f 3419 3418 3334
f 243 3418 3397
f 3418 278 3420
f 3397 3420 272
f 3418 3420 3397
f 243 3311 3313
f 3311 65 3304
f 3313 3304 240
f 3311 3304 3313
f 240 3308 3313
f 3308 242 3314
f 3313 3314 243
f 3308 3314 3313
f 243 3397 3310
f 3397 272 3395
f 3310 3395 49
f 3397 3395 3310
f 286 3457 3458
f 3457 284 3452
f 3458 3452 285
f 3457 3452 3458
f 285 3448 3458
f 3448 46 3453
f 3458 3453 286
f 3448 3453 3458
f 47 3393 3454
f 3393 271 3455
f 3454 3455 286
f 3393 3455 3454
f 286 3453 3454
f 3453 46 2825
f 3454 2825 47
f 3453 2825 3454
f 329 3608 3609
f 3608 225 3280
f 3609 3280 226
f 3608 3280 3609
f 226 3283 3609
f 3283 227 3610
f 3609 3610 329
f 3283 3610 3609
f 225 4802 3280
f 4802 721 4803
f 3280 4803 226
f 4802 4803 3280
f 228 3284 3469
f 3284 227 3468
f 3469 3468 289
f 3284 3468 3469
f 289 3470 3469
f 3470 229 3285
f 3469 3285 228
f 3470 3285 3469
f 329 3610 3611
f 3610 227 3284
f 3611 3284 228
f 3610 3284 3611
f 228 3285 3611
f 3285 229 3612
f 3611 3612 329
f 3285 3612 3611
f 21 2758 2785
f 2758 20 2784
f 2785 2784 33
f 2758 2784 2785
f 698 4692 4693
f 4692 20 2758
f 4693 2758 21
f 4692 2758 4693
f 21 2760 4693
f 2760 22 4694
f 4693 4694 698
f 2760 4694 4693
f 12 2744 2762
f 2744 8 2761
f 2762 2761 23
f 2744 2761 2762
f 8 2759 2761
f 2759 22 2763
f 2761 2763 23
f 2759 2763 2761
f 23 2779 2762
f 2779 31 2777
f 2762 2777 12
f 2779 2777 2762
f 22 2778 2763
f 2778 31 2779
f 2763 2779 23
f 2778 2779 2763
f 698 4696 4690
f 4696 57 2847
f 4690 2847 18
f 4696 2847 4690
f 18 2756 4690
f 2756 19 4691
f 4690 4691 698
f 2756 4691 4690
f 266 3378 3375
f 3378 265 3373
f 3375 3373 256
f 3378 3373 3375
f 219 3271 3348
f 3271 217 3347
f 3348 3347 256
f 3271 3347 3348
f 264 3462 3369
f 3462 287 3460
f 3369 3460 220
f 3462 3460 3369
f 287 3464 3460
f 3464 288 3463
f 3460 3463 220
f 3464 3463 3460
f 220 3463 3474
f 3463 288 3475
f 3474 3475 290
f 3463 3475 3474
f 290 3473 3474
f 3473 219 3273
f 3474 3273 220
f 3473 3273 3474
f 218 3472 3476
f 3472 290 3481
f 3476 3481 291
f 3472 3481 3476
f 218 3272 3472
f 3272 219 3473
f 3472 3473 290
f 3272 3473 3472
f 218 3270 3272
f 3270 217 3271
f 3272 3271 219
f 3270 3271 3272
f 710 4766 4772
f 4766 714 4773
f 4772 4773 715
f 4766 4773 4772
f 717 4782 4781
f 4782 716 4778
f 4781 4778 715
f 4782 4778 4781
f 715 4773 4781
f 4773 714 4780
f 4781 4780 717
f 4773 4780 4781
f 715 4778 4768
f 4778 716 4774
f 4768 4774 42
f 4778 4774 4768
f 715 4769 4770
f 4769 43 4741
f 4770 4741 708
f 4769 4741 4770
f 42 2813 4768
f 2813 43 4769
f 4768 4769 715
f 2813 4769 4768
f 268 4751 4748
f 4751 710 4752
f 4748 4752 709
f 4751 4752 4748
f 709 4747 4748
f 4747 267 3383
f 4748 3383 268
f 4747 3383 4748
f 709 4746 4747
f 4746 90 3381
f 4747 3381 267
f 4746 3381 4747
f 710 4772 4752
f 4772 715 4771
f 4752 4771 709
f 4772 4771 4752
f 708 4743 4749
f 4743 90 4746
f 4749 4746 709
f 4743 4746 4749
f 709 4771 4749
f 4771 715 4770
f 4749 4770 708
f 4771 4770 4749
f 1463 6979 6964
f 6979 1485 6980
f 6964 6980 1483
f 6979 6980 6964
f 302 6939 4862
f 6939 1480 6942
f 4862 6942 741
f 6939 6942 4862
f 273 3400 3446
f 3400 265 3445
f 3446 3445 284
f 3400 3445 3446
f 273 3407 3400
f 3407 275 3406
f 3400 3406 265
f 3407 3406 3400
f 272 3403 3402
f 3403 274 3404
f 3402 3404 273
f 3403 3404 3402
f 273 3404 3407
f 3404 274 3408
f 3407 3408 275
f 3404 3408 3407
f 48 3394 3399
f 3394 272 3402
f 3399 3402 273
f 3394 3402 3399
f 284 3457 3446
f 3457 286 3456
f 3446 3456 273
f 3457 3456 3446
f 273 3456 3401
f 3456 286 3455
f 3401 3455 271
f 3456 3455 3401
f 273 3398 3399
f 3398 47 2827
f 3399 2827 48
f 3398 2827 3399
f 273 3401 3398
f 3401 271 3393
f 3398 3393 47
f 3401 3393 3398
f 280 3431 3433
f 3431 274 3424
f 3433 3424 279
f 3431 3424 3433
f 249 3337 3422
f 3337 250 3423
f 3422 3423 279
f 3337 3423 3422
f 279 3423 3433
f 3423 250 3426
f 3433 3426 280
f 3423 3426 3433
f 279 3425 3422
f 3425 278 3419
f 3422 3419 249
f 3425 3419 3422
f 279 3424 3425
f 3424 274 3421
f 3425 3421 278
f 3424 3421 3425
f 1461 6891 6841
f 6891 1471 6886
f 6841 6886 297
f 6891 6886 6841
f 297 6976 6841
f 6976 1485 6977
f 6841 6977 1461
f 6976 6977 6841
f 1461 6844 6891
f 6844 1184 6888
f 6891 6888 1471
f 6844 6888 6891
f 1486 6981 6985
f 6981 298 6887
f 6985 6887 1471
f 6981 6887 6985
f 1486 6983 6982
f 6983 1469 6873
f 6982 6873 299
f 6983 6873 6982
f 299 3511 6982
f 3511 298 6981
f 6982 6981 1486
f 3511 6981 6982
f 296 3502 3500
f 3502 236 3295
f 3500 3295 231
f 3502 3295 3500
f 231 3293 3500
f 3293 234 3501
f 3500 3501 296
f 3293 3501 3500
f 123 3158 3495
f 3158 180 3496
f 3495 3496 295
f 3158 3496 3495
f 234 3290 3289
f 3290 124 2965
f 3289 2965 123
f 3290 2965 3289
f 205 3239 3240
f 3239 122 2964
f 3240 2964 123
f 3239 2964 3240
f 123 2965 3240
f 2965 124 3241
f 3240 3241 205
f 2965 3241 3240
f 318 3574 3584
f 3574 78 3580
f 3584 3580 319
f 3574 3580 3584
f 1277 6330 6272
f 6330 1287 6327
f 6272 6327 1189
f 6330 6327 6272
f 1148 6850 6039
f 6850 1463 6851
f 6039 6851 1189
f 6850 6851 6039
f 1277 6272 6273
f 6272 1189 6043
f 6273 6043 1190
f 6272 6043 6273
f 1191 6051 6274
f 6051 1192 6275
f 6274 6275 1277
f 6051 6275 6274
f 1277 6273 6274
f 6273 1190 6046
f 6274 6046 1191
f 6273 6046 6274
f 1191 6046 6044
f 6046 1190 6042
f 6044 6042 1122
f 6046 6042 6044
f 211 3264 3263
f 3264 73 2884
f 3263 2884 72
f 3264 2884 3263
f 127 2969 2970
f 2969 116 2957
f 2970 2957 120
f 2969 2957 2970
f 126 2973 2974
f 2973 128 2975
f 2974 2975 129
f 2973 2975 2974
f 172 3130 3131
f 3130 150 3061
f 3131 3061 156
f 3130 3061 3131
f 171 3140 3132
f 3140 175 3141
f 3132 3141 172
f 3140 3141 3132
f 134 2992 2999
f 2992 128 2998
f 2999 2998 135
f 2992 2998 2999
f 156 3057 3059
f 3057 129 3020
f 3059 3020 145
f 3057 3020 3059
f 10 4410 4386
f 4410 623 4411
f 4386 4411 619
f 4410 4411 4386
f 10 2764 4405
f 2764 24 4406
f 4405 4406 622
f 2764 4406 4405
f 622 4412 4405
f 4412 623 4410
f 4405 4410 10
f 4412 4410 4405
f 13 2746 2775
f 2746 12 2774
f 2775 2774 30
f 2746 2774 2775
f 13 2745 2746
f 2745 8 2744
f 2746 2744 12
f 2745 2744 2746
f 13 2748 2745
f 2748 14 2747
f 2745 2747 8
f 2748 2747 2745
f 30 2876 2776
f 2876 70 2875
f 2776 2875 29
f 2876 2875 2776
f 29 2771 2776
f 2771 13 2775
f 2776 2775 30
f 2771 2775 2776
f 14 2748 2772
f 2748 13 2771
f 2772 2771 29
f 2748 2771 2772
f 73 3264 2887
f 3264 211 3265
f 2887 3265 74
f 3264 3265 2887
f 202 3250 3230
f 3250 207 3251
f 3230 3251 203
f 3250 3251 3230
f 208 3255 3254
f 3255 204 3235
f 3254 3235 203
f 3255 3235 3254
f 203 3251 3254
f 3251 207 3256
f 3254 3256 208
f 3251 3256 3254
f 82 2907 3224
f 2907 74 3223
f 3224 3223 202
f 2907 3223 3224
f 38 2886 2905
f 2886 74 2907
f 2905 2907 82
f 2886 2907 2905
f 202 3230 3224
f 3230 203 3228
f 3224 3228 82
f 3230 3228 3224
f 85 3229 3233
f 3229 203 3235
f 3233 3235 204
f 3229 3235 3233
f 85 2915 3229
f 2915 82 3228
f 3229 3228 203
f 2915 3228 3229
f 204 3231 3232
f 3231 83 2911
f 3232 2911 84
f 3231 2911 3232
f 84 2916 3232
f 2916 85 3233
f 3232 3233 204
f 2916 3233 3232
f 322 3594 3595
f 3594 25 2837
f 3595 2837 52
f 3594 2837 3595
f 52 2836 3595
f 2836 5 3593
f 3595 3593 322
f 2836 3593 3595
f 322 3593 3594
f 3593 5 2765
f 3594 2765 25
f 3593 2765 3594
f 54 2846 2896
f 2846 55 2897
f 2896 2897 78
f 2846 2897 2896
f 78 2895 2896
f 2895 53 2842
f 2896 2842 54
f 2895 2842 2896
f 25 2843 2841
f 2843 55 2846
f 2841 2846 54
f 2843 2846 2841
f 54 2842 2841
f 2842 53 2839
f 2841 2839 25
f 2842 2839 2841
f 614 4364 4365
f 4364 435 4003
f 4365 4003 488
f 4364 4003 4365
f 614 4367 4366
f 4367 611 4356
f 4366 4356 608
f 4367 4356 4366
f 488 4355 4365
f 4355 611 4367
f 4365 4367 614
f 4355 4367 4365
f 400 3858 3815
f 3858 435 3860
f 3815 3860 420
f 3858 3860 3815
f 420 3824 3815
f 3824 422 3820
f 3815 3820 400
f 3824 3820 3815
f 435 4364 3860
f 4364 614 4363
f 3860 4363 420
f 4364 4363 3860
f 608 4345 4344
f 4345 422 3824
f 4344 3824 420
f 4345 3824 4344
f 420 4363 4344
f 4363 614 4366
f 4344 4366 608
f 4363 4366 4344
f 589 4286 4284
f 4286 591 4287
f 4284 4287 590
f 4286 4287 4284
f 589 5037 4286
f 5037 820 5038
f 4286 5038 591
f 5037 5038 4286
f 590 4349 5052
f 4349 609 5053
f 5052 5053 824
f 4349 5053 5052
f 575 4246 4241
f 4246 576 4244
f 4241 4244 563
f 4246 4244 4241
f 574 5007 8550
f 5007 807 8551
f 8550 8551 2012
f 5007 8551 8550
f 574 4248 4242
f 4248 577 4249
f 4242 4249 575
f 4248 4249 4242
f 2012 8791 8550
f 8791 2105 8789
f 8550 8789 574
f 8791 8789 8550
f 2105 8790 8789
f 8790 577 4248
f 8789 4248 574
f 8790 4248 8789
f 2012 8551 8553
f 8551 807 8552
f 8553 8552 2013
f 8551 8552 8553
f 2207 9151 9150
f 9151 2062 8653
f 9150 8653 868
f 9151 8653 9150
f 868 8653 5180
f 8653 2062 8652
f 5180 8652 807
f 8653 8652 5180
f 423 3825 3827
f 3825 410 3799
f 3827 3799 414
f 3825 3799 3827
f 414 3838 3827
f 3838 428 3839
f 3827 3839 423
f 3838 3839 3827
f 426 3840 3836
f 3840 428 3838
f 3836 3838 414
f 3840 3838 3836
f 414 3800 3836
f 3800 413 3835
f 3836 3835 426
f 3800 3835 3836
f 433 3850 3853
f 3850 410 3805
f 3853 3805 416
f 3850 3805 3853
f 433 3852 3850
f 3852 414 3799
f 3850 3799 410
f 3852 3799 3850
f 571 4254 4238
f 4254 579 4255
f 4238 4255 572
f 4254 4255 4238
f 571 4235 4254
f 4235 570 4253
f 4254 4253 579
f 4235 4253 4254
f 582 4265 4266
f 4265 579 4259
f 4266 4259 580
f 4265 4259 4266
f 580 4259 4262
f 4259 579 4261
f 4262 4261 581
f 4259 4261 4262
f 2063 8811 8830
f 8811 2111 8832
f 8830 8832 2117
f 8811 8832 8830
f 2117 8831 8830
f 8831 2064 8659
f 8830 8659 2063
f 8831 8659 8830
f 2108 8810 8801
f 8810 2110 8809
f 8801 8809 2105
f 8810 8809 8801
f 2108 8813 8810
f 8813 2111 8814
f 8810 8814 2110
f 8813 8814 8810
f 2108 8801 8798
f 8801 2105 8791
f 8798 8791 2012
f 8801 8791 8798
f 492 4014 4013
f 4014 408 3789
f 4013 3789 399
f 4014 3789 4013
f 399 4000 4013
f 4000 487 4015
f 4013 4015 492
f 4000 4015 4013
f 398 3999 3764
f 3999 487 4000
f 3764 4000 399
f 3999 4000 3764
f 400 3767 3768
f 3767 398 3764
f 3768 3764 399
f 3767 3764 3768
f 399 3789 3768
f 3789 408 3790
f 3768 3790 400
f 3789 3790 3768
f 409 3859 3791
f 3859 435 3858
f 3791 3858 400
f 3859 3858 3791
f 400 3790 3791
f 3790 408 3792
f 3791 3792 409
f 3790 3792 3791
f 488 4003 4002
f 4003 435 3859
f 4002 3859 409
f 4003 3859 4002
f 353 3708 3706
f 3708 378 3709
f 3706 3709 377
f 3708 3709 3706
f 379 3711 3710
f 3711 378 3708
f 3710 3708 353
f 3711 3708 3710
f 354 3682 3666
f 3682 368 3681
f 3666 3681 353
f 3682 3681 3666
f 381 3715 3970
f 3715 368 3968
f 3970 3968 478
f 3715 3968 3970
f 381 3714 3715
f 3714 353 3681
f 3715 3681 368
f 3714 3681 3715
f 418 3822 3814
f 3822 422 3823
f 3814 3823 419
f 3822 3823 3814
f 418 3809 3822
f 3809 405 3821
f 3822 3821 422
f 3809 3821 3822
f 418 3814 3812
f 3814 419 3813
f 3812 3813 417
f 3814 3813 3812
f 416 3804 3811
f 3804 407 3810
f 3811 3810 418
f 3804 3810 3811
f 418 3812 3811
f 3812 417 3808
f 3811 3808 416
f 3812 3808 3811
f 30 2780 2888
f 2780 31 2889
f 2888 2889 75
f 2780 2889 2888
f 59 4702 2917
f 4702 699 4704
f 2917 4704 87
f 4702 4704 2917
f 87 4704 4712
f 4704 699 4715
f 4712 4715 701
f 4704 4715 4712
f 373 3693 3802
f 3693 372 3801
f 3802 3801 416
f 3693 3801 3802
f 416 3805 3802
f 3805 410 3793
f 3802 3793 373
f 3805 3793 3802
f 373 3793 3696
f 3793 410 3794
f 3696 3794 374
f 3793 3794 3696
f 374 3694 3695
f 3694 344 3657
f 3695 3657 345
f 3694 3657 3695
f 345 3690 3695
f 3690 373 3696
f 3695 3696 374
f 3690 3696 3695
f 346 3691 3658
f 3691 373 3690
f 3658 3690 345
f 3691 3690 3658
f 345 3657 4454
f 3657 344 4453
f 4454 4453 634
f 3657 4453 4454
f 634 4455 4454
f 4455 346 3658
f 4454 3658 345
f 4455 3658 4454
f 348 3685 3688
f 3685 371 3689
f 3688 3689 372
f 3685 3689 3688
f 348 3661 3685
f 3661 349 3686
f 3685 3686 371
f 3661 3686 3685
f 634 4458 4457
f 4458 349 3661
f 4457 3661 348
f 4458 3661 4457
f 636 4470 4466
f 4470 637 4469
f 4466 4469 621
f 4470 4469 4466
f 621 4469 4687
f 4469 637 4688
f 4687 4688 697
f 4469 4688 4687
f 621 4464 4466
f 4464 635 4467
f 4466 4467 636
f 4464 4467 4466
f 621 4687 4698
f 4687 697 4699
f 4698 4699 698
f 4687 4699 4698
f 619 4423 4400
f 4423 625 4424
f 4400 4424 621
f 4423 4424 4400
f 634 4465 4462
f 4465 635 4464
f 4462 4464 621
f 4465 4464 4462
f 625 4422 4424
f 4422 356 4399
f 4424 4399 621
f 4422 4399 4424
f 621 4392 4462
f 4392 349 4458
f 4462 4458 634
f 4392 4458 4462
f 621 4399 4398
f 4399 356 3668
f 4398 3668 355
f 4399 3668 4398
f 355 3667 4398
f 3667 354 4397
f 4398 4397 621
f 3667 4397 4398
f 354 3666 4397
f 3666 353 4396
f 4397 4396 621
f 3666 4396 4397
f 1023 5712 5653
f 5712 1037 5713
f 5653 5713 1024
f 5712 5713 5653
f 1037 5714 5713
f 5714 1025 5654
f 5713 5654 1024
f 5714 5654 5713
f 1030 5694 5695
f 5694 1025 5671
f 5695 5671 1027
f 5694 5671 5695
f 1027 5670 5695
f 5670 1021 5693
f 5695 5693 1030
f 5670 5693 5695
f 1028 5680 5678
f 5680 1026 5669
f 5678 5669 1023
f 5680 5669 5678
f 1023 5653 5678
f 5653 1024 5679
f 5678 5679 1028
f 5653 5679 5678
f 1030 5693 5692
f 5693 1021 5626
f 5692 5626 1020
f 5693 5626 5692
f 1080 5839 5845
f 5839 1046 5843
f 5845 5843 1081
f 5839 5843 5845
f 1081 5843 5844
f 5843 1046 5828
f 5844 5828 1077
f 5843 5828 5844
f 1081 5842 5845
f 5842 485 5838
f 5845 5838 1080
f 5842 5838 5845
f 1081 5844 5842
f 5844 1077 5827
f 5842 5827 485
f 5844 5827 5842
f 485 5827 5825
f 5827 1077 5829
f 5825 5829 1076
f 5827 5829 5825
f 1062 5792 5798
f 5792 1040 5795
f 5798 5795 1063
f 5792 5795 5798
f 1063 5795 5800
f 5795 1040 5799
f 5800 5799 1064
f 5795 5799 5800
f 1045 5793 5796
f 5793 1062 5798
f 5796 5798 1063
f 5793 5798 5796
f 1063 5797 5796
f 5797 1046 5733
f 5796 5733 1045
f 5797 5733 5796
f 1065 5802 5801
f 5802 1040 5722
f 5801 5722 1032
f 5802 5722 5801
f 1064 5799 5803
f 5799 1040 5802
f 5803 5802 1065
f 5799 5802 5803
f 1057 5758 5790
f 5758 1055 5789
f 5790 5789 1061
f 5758 5789 5790
f 1061 5791 5790
f 5791 1060 5786
f 5790 5786 1057
f 5791 5786 5790
f 1057 5786 5783
f 5786 1060 5787
f 5783 5787 1059
f 5786 5787 5783
f 545 5406 5407
f 5406 956 5410
f 5407 5410 957
f 5406 5410 5407
f 958 5428 5414
f 5428 962 5427
f 5414 5427 921
f 5428 5427 5414
f 921 5352 5414
f 5352 894 5413
f 5414 5413 958
f 5352 5413 5414
f 963 5441 5430
f 5441 965 5440
f 5430 5440 919
f 5441 5440 5430
f 996 5570 5572
f 5570 956 5423
f 5572 5423 961
f 5570 5423 5572
f 961 5422 5572
f 5422 894 5562
f 5572 5562 996
f 5422 5562 5572
f 996 5571 5570
f 5571 957 5410
f 5570 5410 956
f 5571 5410 5570
f 955 5409 5569
f 5409 957 5571
f 5569 5571 996
f 5409 5571 5569
f 953 5404 5568
f 5404 955 5569
f 5568 5569 996
f 5404 5569 5568
f 915 5328 5517
f 5328 884 5513
f 5517 5513 989
f 5328 5513 5517
f 989 5516 5517
f 5516 914 5330
f 5517 5330 915
f 5516 5330 5517
f 993 5534 5537
f 5534 884 5328
f 5537 5328 915
f 5534 5328 5537
f 915 5329 5537
f 5329 888 5535
f 5537 5535 993
f 5329 5535 5537
f 916 5332 5333
f 5332 888 5329
f 5333 5329 915
f 5332 5329 5333
f 917 5337 5336
f 5337 916 5333
f 5336 5333 915
f 5337 5333 5336
f 915 5330 5336
f 5330 914 5335
f 5336 5335 917
f 5330 5335 5336
f 678 4607 4609
f 4607 467 4587
f 4609 4587 669
f 4607 4587 4609
f 466 4617 4586
f 4617 680 4618
f 4586 4618 669
f 4617 4618 4586
f 680 4620 4618
f 4620 678 4609
f 4618 4609 669
f 4620 4609 4618
f 669 4588 4586
f 4588 472 3948
f 4586 3948 466
f 4588 3948 4586
f 669 4587 4588
f 4587 467 3949
f 4588 3949 472
f 4587 3949 4588
f 453 3932 3920
f 3932 467 3933
f 3920 3933 461
f 3932 3933 3920
f 472 3949 3946
f 3949 467 3932
f 3946 3932 453
f 3949 3932 3946
f 453 3901 3946
f 3901 451 3944
f 3946 3944 472
f 3901 3944 3946
f 461 4092 3920
f 4092 524 4091
f 3920 4091 453
f 4092 4091 3920
f 524 4090 4091
f 4090 451 3901
f 4091 3901 453
f 4090 3901 4091
f 456 3957 4182
f 3957 474 4183
f 4182 4183 550
f 3957 4183 4182
f 550 4185 4182
f 4185 548 4173
f 4182 4173 456
f 4185 4173 4182
f 436 3861 3862
f 3861 394 3759
f 3862 3759 396
f 3861 3759 3862
f 396 3923 3862
f 3923 463 3924
f 3862 3924 436
f 3923 3924 3862
f 436 3924 3861
f 3924 463 3922
f 3861 3922 394
f 3924 3922 3861
f 470 3943 3939
f 3943 471 3942
f 3939 3942 469
f 3943 3942 3939
f 469 3958 3939
f 3958 474 3959
f 3939 3959 470
f 3958 3959 3939
f 470 3937 3936
f 3937 456 3907
f 3936 3907 450
f 3937 3907 3936
f 474 3957 3959
f 3957 456 3937
f 3959 3937 470
f 3957 3937 3959
f 469 3942 3960
f 3942 471 3961
f 3960 3961 475
f 3942 3961 3960
f 459 4174 4166
f 4174 548 4176
f 4166 4176 546
f 4174 4176 4166
f 445 3887 3912
f 3887 444 3911
f 3912 3911 459
f 3887 3911 3912
f 389 3874 3745
f 3874 441 3875
f 3745 3875 390
f 3874 3875 3745
f 390 3743 3745
f 3743 359 3739
f 3745 3739 389
f 3743 3739 3745
f 445 3962 3894
f 3962 476 3963
f 3894 3963 448
f 3962 3963 3894
f 448 3893 3894
f 3893 438 3885
f 3894 3885 445
f 3893 3885 3894
f 545 4163 4160
f 4163 484 3991
f 4160 3991 448
f 4163 3991 4160
f 448 3963 4160
f 3963 476 4161
f 4160 4161 545
f 3963 4161 4160
f 391 3880 3748
f 3880 443 3878
f 3748 3878 388
f 3880 3878 3748
f 391 3876 3880
f 3876 442 3882
f 3880 3882 443
f 3876 3882 3880
f 391 3748 3746
f 3748 388 3738
f 3746 3738 362
f 3748 3738 3746
f 362 3675 3746
f 3675 363 3747
f 3746 3747 391
f 3675 3747 3746
f 363 3749 3747
f 3749 392 3750
f 3747 3750 391
f 3749 3750 3747
f 455 3902 3905
f 3902 442 3900
f 3905 3900 450
f 3902 3900 3905
f 449 3896 3904
f 3896 442 3902
f 3904 3902 455
f 3896 3902 3904
f 450 3907 3905
f 3907 456 3909
f 3905 3909 455
f 3907 3909 3905
f 455 3903 3904
f 3903 444 3897
f 3904 3897 449
f 3903 3897 3904
f 455 3914 3903
f 3914 459 3911
f 3903 3911 444
f 3914 3911 3903
f 450 3900 3899
f 3900 442 3877
f 3899 3877 437
f 3900 3877 3899
f 393 3898 3865
f 3898 450 3899
f 3865 3899 437
f 3898 3899 3865
f 437 3864 3865
f 3864 392 3753
f 3865 3753 393
f 3864 3753 3865
f 437 3863 3864
f 3863 391 3750
f 3864 3750 392
f 3863 3750 3864
f 442 3876 3877
f 3876 391 3863
f 3877 3863 437
f 3876 3863 3877
f 883 5285 5276
f 5285 889 5283
f 5276 5283 527
f 5285 5283 5276
f 527 5283 4139
f 5283 889 5284
f 4139 5284 537
f 5283 5284 4139
f 527 5444 5276
f 5444 966 5445
f 5276 5445 883
f 5444 5445 5276
f 527 4103 5444
f 4103 494 5443
f 5444 5443 966
f 4103 5443 5444
f 502 5366 4032
f 5366 923 5365
f 4032 5365 495
f 5366 5365 4032
f 923 5364 5365
f 5364 494 4022
f 5365 4022 495
f 5364 4022 5365
f 501 4034 4027
f 4034 502 4032
f 4027 4032 495
f 4034 4032 4027
f 597 4319 4305
f 4319 599 4315
f 4305 4315 427
f 4319 4315 4305
f 597 4306 4319
f 4306 596 4318
f 4319 4318 599
f 4306 4318 4319
f 597 4305 4304
f 4305 427 3837
f 4304 3837 426
f 4305 3837 4304
f 618 4384 4383
f 4384 597 4304
f 4383 4304 426
f 4384 4304 4383
f 598 4310 4309
f 4310 594 4294
f 4309 4294 587
f 4310 4294 4309
f 587 4303 4309
f 4303 596 4312
f 4309 4312 598
f 4303 4312 4309
f 596 4306 4312
f 4306 597 4313
f 4312 4313 598
f 4306 4313 4312
f 597 4384 4313
f 4384 618 4385
f 4313 4385 598
f 4384 4385 4313
f 426 3835 4308
f 3835 413 4307
f 4308 4307 598
f 3835 4307 4308
f 598 4385 4308
f 4385 618 4383
f 4308 4383 426
f 4385 4383 4308
f 432 4537 4434
f 4537 655 4538
f 4434 4538 628
f 4537 4538 4434
f 655 4536 4538
f 4536 424 4432
f 4538 4432 628
f 4536 4432 4538
f 628 4433 4434
f 4433 430 3849
f 4434 3849 432
f 4433 3849 4434
f 628 4432 4433
f 4432 424 3844
f 4433 3844 430
f 4432 3844 4433
f 654 4531 4533
f 4531 369 4429
f 4533 4429 627
f 4531 4429 4533
f 627 4430 4533
f 4430 424 4532
f 4533 4532 654
f 4430 4532 4533
f 369 3829 4429
f 3829 425 4431
f 4429 4431 627
f 3829 4431 4429
f 425 3834 4431
f 3834 424 4430
f 4431 4430 627
f 3834 4430 4431
f 1286 6321 6335
f 6321 1184 6331
f 6335 6331 1288
f 6321 6331 6335
f 1184 6325 6331
f 6325 1287 6336
f 6331 6336 1288
f 6325 6336 6331
f 1288 6336 6333
f 6336 1287 6329
f 6333 6329 1251
f 6336 6329 6333
f 1466 6948 6935
f 6948 1481 6951
f 6935 6951 1479
f 6948 6951 6935
f 1284 6334 6311
f 6334 1288 6333
f 6311 6333 1251
f 6334 6333 6311
f 1911 8222 8224
f 8222 1910 8223
f 8224 8223 1912
f 8222 8223 8224
f 1912 10542 8224
f 10542 2626 10541
f 8224 10541 1911
f 10542 10541 8224
f 1913 10543 8225
f 10543 2626 10542
f 8225 10542 1912
f 10543 10542 8225
f 1912 8435 8225
f 8435 1984 8436
f 8225 8436 1913
f 8435 8436 8225
f 1910 8434 8223
f 8434 1984 8435
f 8223 8435 1912
f 8434 8435 8223
f 2681 10721 10723
f 10721 2630 10690
f 10723 10690 2673
f 10721 10690 10723
f 2673 10690 10689
f 10690 2630 10558
f 10689 10558 2627
f 10690 10558 10689
f 2627 10547 10689
f 10547 2626 10688
f 10689 10688 2673
f 10547 10688 10689
f 1557 7262 7184
f 7262 1579 7260
f 7184 7260 1548
f 7262 7260 7184
f 1557 7183 7190
f 7183 1547 7189
f 7190 7189 1558
f 7183 7189 7190
f 1548 7167 7184
f 7167 1547 7183
f 7184 7183 1557
f 7167 7183 7184
f 1983 8432 8431
f 8432 1893 8161
f 8431 8161 1892
f 8432 8161 8431
f 1892 8161 8158
f 8161 1893 8160
f 8158 8160 1891
f 8161 8160 8158
f 1645 7416 7414
f 7416 1646 7415
f 7414 7415 1644
f 7416 7415 7414
f 1924 8258 8259
f 8258 1648 7423
f 8259 7423 1650
f 8258 7423 8259
f 1648 7422 7423
f 7422 1649 7424
f 7423 7424 1650
f 7422 7424 7423
f 1650 7427 8259
f 7427 1652 8260
f 8259 8260 1924
f 7427 8260 8259
f 1651 7428 7426
f 7428 1652 7427
f 7426 7427 1650
f 7428 7427 7426
f 1650 7424 7426
f 7424 1649 7425
f 7426 7425 1651
f 7424 7425 7426
f 1793 7827 7826
f 7827 1779 7783
f 7826 7783 1778
f 7827 7783 7826
f 1779 7781 7783
f 7781 1764 7780
f 7783 7780 1778
f 7781 7780 7783
f 1651 7425 7779
f 7425 1649 7778
f 7779 7778 1778
f 7425 7778 7779
f 1778 7780 7779
f 7780 1764 7732
f 7779 7732 1651
f 7780 7732 7779
f 1993 8472 8473
f 8472 1991 8469
f 8473 8469 1992
f 8472 8469 8473
f 1947 8463 8470
f 8463 1991 8472
f 8470 8472 1993
f 8463 8472 8470
f 1290 8194 6347
f 8194 1904 8195
f 6347 8195 1292
f 8194 8195 6347
f 1903 8197 8192
f 8197 1904 8194
f 8192 8194 1290
f 8197 8194 8192
f 1277 6275 6278
f 6275 1192 6269
f 6278 6269 1276
f 6275 6269 6278
f 1998 8500 8493
f 8500 2000 8499
f 8493 8499 1997
f 8500 8499 8493
f 1998 8491 8490
f 8491 1904 8197
f 8490 8197 1903
f 8491 8197 8490
f 1997 8499 8496
f 8499 2000 8501
f 8496 8501 1999
f 8499 8501 8496
f 1999 8504 8495
f 8504 2001 8502
f 8495 8502 1953
f 8504 8502 8495
f 1999 8507 8504
f 8507 2002 8509
f 8504 8509 2001
f 8507 8509 8504
f 2000 8508 8501
f 8508 2002 8507
f 8501 8507 1999
f 8508 8507 8501
f 1953 8321 8495
f 8321 1951 8494
f 8495 8494 1999
f 8321 8494 8495
f 1999 8494 8496
f 8494 1951 8486
f 8496 8486 1997
f 8494 8486 8496
f 1902 8489 8193
f 8489 1998 8490
f 8193 8490 1903
f 8489 8490 8193
f 2000 8500 8498
f 8500 1998 8489
f 8498 8489 1902
f 8500 8489 8498
f 1901 8497 8190
f 8497 2000 8498
f 8190 8498 1902
f 8497 8498 8190
f 1995 8479 8478
f 8479 1951 8317
f 8478 8317 1949
f 8479 8317 8478
f 1947 8470 8313
f 8470 1993 8471
f 8313 8471 1949
f 8470 8471 8313
f 1949 8471 8478
f 8471 1993 8480
f 8478 8480 1995
f 8471 8480 8478
f 1949 8317 8316
f 8317 1951 8318
f 8316 8318 1950
f 8317 8318 8316
f 1294 6352 6351
f 6352 1293 6350
f 6351 6350 1292
f 6352 6350 6351
f 1292 8195 6351
f 8195 1904 8196
f 6351 8196 1294
f 8195 8196 6351
f 1295 6357 6358
f 6357 1293 6352
f 6358 6352 1294
f 6357 6352 6358
f 1644 7415 8252
f 7415 1646 8253
f 8252 8253 1922
f 7415 8253 8252
f 1922 8254 8252
f 8254 1921 8250
f 8252 8250 1644
f 8254 8250 8252
f 1922 8253 8257
f 8253 1646 8255
f 8257 8255 1923
f 8253 8255 8257
f 1923 8385 8257
f 8385 1973 8384
f 8257 8384 1922
f 8385 8384 8257
f 1975 8397 8405
f 8397 1926 8401
f 8405 8401 1976
f 8397 8401 8405
f 1927 8406 8402
f 8406 1977 8409
f 8402 8409 1976
f 8406 8409 8402
f 1976 8401 8402
f 8401 1926 8271
f 8402 8271 1927
f 8401 8271 8402
f 1975 8399 8400
f 8399 1946 8393
f 8400 8393 1974
f 8399 8393 8400
f 1974 8395 8391
f 8395 1973 8386
f 8391 8386 1924
f 8395 8386 8391
f 1925 8267 8396
f 8267 1926 8397
f 8396 8397 1975
f 8267 8397 8396
f 1924 8260 8264
f 8260 1652 8262
f 8264 8262 1925
f 8260 8262 8264
f 1925 8262 8263
f 8262 1652 7431
f 8263 7431 1654
f 8262 7431 8263
f 1654 8265 8263
f 8265 1926 8267
f 8263 8267 1925
f 8265 8267 8263
f 1925 8392 8264
f 8392 1974 8391
f 8264 8391 1924
f 8392 8391 8264
f 1975 8400 8396
f 8400 1974 8392
f 8396 8392 1925
f 8400 8392 8396
f 2680 10717 10716
f 10717 2653 10631
f 10716 10631 2651
f 10717 10631 10716
f 2653 10636 10638
f 10636 2655 10640
f 10638 10640 2656
f 10636 10640 10638
f 2656 10639 10638
f 10639 2654 10634
f 10638 10634 2653
f 10639 10634 10638
f 2669 10674 10675
f 10674 2654 10639
f 10675 10639 2656
f 10674 10639 10675
f 2656 10640 10646
f 10640 2655 10645
f 10646 10645 2657
f 10640 10645 10646
f 1890 8290 8288
f 8290 1938 8291
f 8288 8291 1937
f 8290 8291 8288
f 1979 8424 8417
f 8424 1980 8423
f 8417 8423 1937
f 8424 8423 8417
f 1937 8291 8417
f 8291 1938 8418
f 8417 8418 1979
f 8291 8418 8417
f 1613 8230 7445
f 8230 1915 8231
f 7445 8231 1661
f 8230 8231 7445
f 2646 10635 10731
f 10635 2655 10733
f 10731 10733 2683
f 10635 10733 10731
f 2657 10645 10644
f 10645 2655 10635
f 10644 10635 2646
f 10645 10635 10644
f 1890 8288 8156
f 8288 1937 8287
f 8156 8287 1889
f 8288 8287 8156
f 1889 8287 8155
f 8287 1937 8286
f 8155 8286 1888
f 8287 8286 8155
f 1888 10619 8155
f 10619 2646 10620
f 8155 10620 1889
f 10619 10620 8155
f 1889 10620 10730
f 10620 2646 10731
f 10730 10731 2683
f 10620 10731 10730
f 2624 10680 10673
f 10680 2671 10681
f 10673 10681 2669
f 10680 10681 10673
f 2624 10686 10680
f 10686 2672 10687
f 10680 10687 2671
f 10686 10687 10680
f 2623 10685 10536
f 10685 2672 10686
f 10536 10686 2624
f 10685 10686 10536
f 2669 10675 10673
f 10675 2656 10637
f 10673 10637 2624
f 10675 10637 10673
f 2624 10637 10643
f 10637 2656 10646
f 10643 10646 2657
f 10637 10646 10643
f 2657 10644 10641
f 10644 2646 10621
f 10641 10621 1936
f 10644 10621 10641
f 1936 10621 8285
f 10621 2646 10619
f 8285 10619 1888
f 10621 10619 8285
f 1936 8289 8422
f 8289 1937 8423
f 8422 8423 1980
f 8289 8423 8422
f 1888 8286 8285
f 8286 1937 8289
f 8285 8289 1936
f 8286 8289 8285
f 1623 7373 7371
f 7373 1626 7374
f 7371 7374 1624
f 7373 7374 7371
f 2584 10404 10388
f 10404 2590 10405
f 10388 10405 2586
f 10404 10405 10388
f 2605 10458 10465
f 10458 2541 10461
f 10465 10461 2606
f 10458 10461 10465
f 2606 10464 10465
f 10464 2602 10459
f 10465 10459 2605
f 10464 10459 10465
f 639 4477 4476
f 4477 605 4337
f 4476 4337 604
f 4477 4337 4476
f 639 4580 4574
f 4580 667 4581
f 4574 4581 665
f 4580 4581 4574
f 665 4573 4574
f 4573 638 4480
f 4574 4480 639
f 4573 4480 4574
f 604 10482 4476
f 10482 2610 10483
f 4476 10483 639
f 10482 10483 4476
f 639 10483 4580
f 10483 2610 10484
f 4580 10484 667
f 10483 10484 4580
f 1625 7375 7372
f 7375 1626 7373
f 7372 7373 1623
f 7375 7373 7372
f 1753 7697 7699
f 7697 1738 7695
f 7699 7695 1752
f 7697 7695 7699
f 1752 7696 7736
f 7696 1751 7735
f 7736 7735 1765
f 7696 7735 7736
f 1765 7740 7736
f 7740 1766 7738
f 7736 7738 1752
f 7740 7738 7736
f 1752 7738 7699
f 7738 1766 7739
f 7699 7739 1753
f 7738 7739 7699
f 1657 7692 7645
f 7692 1751 7693
f 7645 7693 1737
f 7692 7693 7645
f 1737 7646 7645
f 7646 1660 7442
f 7645 7442 1657
f 7646 7442 7645
f 1751 7696 7693
f 7696 1752 7694
f 7693 7694 1737
f 7696 7694 7693
f 1737 7694 7650
f 7694 1752 7695
f 7650 7695 1738
f 7694 7695 7650
f 1927 8271 8269
f 8271 1926 8266
f 8269 8266 1656
f 8271 8266 8269
f 1656 8266 7434
f 8266 1926 8265
f 7434 8265 1654
f 8266 8265 7434
f 1656 7433 7438
f 7433 1653 7436
f 7438 7436 1657
f 7433 7436 7438
f 1654 7432 7434
f 7432 1653 7433
f 7434 7433 1656
f 7432 7433 7434
f 1655 8233 8268
f 8233 1916 8270
f 8268 8270 1927
f 8233 8270 8268
f 1927 8269 8268
f 8269 1656 7435
f 8268 7435 1655
f 8269 7435 8268
f 1657 7442 7437
f 7442 1660 7441
f 7437 7441 1655
f 7442 7441 7437
f 1655 7435 7437
f 7435 1656 7438
f 7437 7438 1657
f 7435 7438 7437
f 1658 7443 7448
f 7443 1660 7449
f 7448 7449 1662
f 7443 7449 7448
f 1613 7445 7446
f 7445 1661 7450
f 7446 7450 1662
f 7445 7450 7446
f 1712 7567 7611
f 7567 1711 7610
f 7611 7610 1726
f 7567 7610 7611
f 1712 7566 7567
f 7566 1687 7563
f 7567 7563 1711
f 7566 7563 7567
f 1709 7561 7558
f 7561 1710 7559
f 7558 7559 1666
f 7561 7559 7558
f 1711 7563 7562
f 7563 1687 7497
f 7562 7497 1668
f 7563 7497 7562
f 1668 7560 7562
f 7560 1710 7564
f 7562 7564 1711
f 7560 7564 7562
f 1668 7462 7560
f 7462 1666 7559
f 7560 7559 1710
f 7462 7559 7560
f 1687 7498 7497
f 7498 1669 7465
f 7497 7465 1668
f 7498 7465 7497
f 2715 10858 10855
f 10858 2717 10859
f 10855 10859 2716
f 10858 10859 10855
f 1669 7492 10806
f 7492 1685 10807
f 10806 10807 2702
f 7492 10807 10806
f 1781 7789 7833
f 7789 1780 7832
f 7833 7832 1795
f 7789 7832 7833
f 1781 7833 7835
f 7833 1795 7837
f 7835 7837 1796
f 7833 7837 7835
f 1796 7836 7835
f 7836 1782 7792
f 7835 7792 1781
f 7836 7792 7835
f 1781 7792 7788
f 7792 1782 7790
f 7788 7790 1767
f 7792 7790 7788
f 1767 7743 7788
f 7743 1766 7787
f 7788 7787 1781
f 7743 7787 7788
f 1781 7787 7789
f 7787 1766 7785
f 7789 7785 1780
f 7787 7785 7789
f 1850 8051 8053
f 8051 1863 8055
f 8053 8055 1864
f 8051 8055 8053
f 1821 7917 7960
f 7917 1820 7959
f 7960 7959 1834
f 7917 7959 7960
f 1810 7880 7879
f 7880 1797 7840
f 7879 7840 1796
f 7880 7840 7879
f 1918 8241 8242
f 8241 1638 7403
f 8242 7403 1640
f 8241 7403 8242
f 1917 8239 8238
f 8239 1636 7395
f 8238 7395 1616
f 8239 7395 8238
f 1616 7395 7360
f 7395 1636 7396
f 7360 7396 1617
f 7395 7396 7360
f 1643 7409 7912
f 7409 1641 7911
f 7912 7911 1820
f 7409 7911 7912
f 1643 7413 7412
f 7413 1645 7414
f 7412 7414 1644
f 7413 7414 7412
f 1643 7912 7866
f 7912 1820 7913
f 7866 7913 1806
f 7912 7913 7866
f 1806 7867 7866
f 7867 1645 7413
f 7866 7413 1643
f 7867 7413 7866
f 1971 8377 8378
f 8377 1956 8371
f 8378 8371 1970
f 8377 8371 8378
f 1970 8370 8378
f 8370 1920 8374
f 8378 8374 1971
f 8370 8374 8378
f 1971 8374 8375
f 8374 1920 8251
f 8375 8251 1921
f 8374 8251 8375
f 1861 8086 8049
f 8086 1874 8087
f 8049 8087 1862
f 8086 8087 8049
f 1864 8055 8096
f 8055 1863 8095
f 8096 8095 1876
f 8055 8095 8096
f 1876 8102 8096
f 8102 1877 8100
f 8096 8100 1864
f 8102 8100 8096
f 1637 7400 8274
f 7400 1636 8273
f 8274 8273 1928
f 7400 8273 8274
f 1982 8430 8429
f 8430 1965 8349
f 8429 8349 1964
f 8430 8349 8429
f 1928 8351 8276
f 8351 1966 8352
f 8276 8352 1929
f 8351 8352 8276
f 1929 8352 8348
f 8352 1966 8354
f 8348 8354 1965
f 8352 8354 8348
f 1968 8363 8364
f 8363 1962 8357
f 8364 8357 1967
f 8363 8357 8364
f 1917 8243 8355
f 8243 1918 8356
f 8355 8356 1967
f 8243 8356 8355
f 1967 8356 8364
f 8356 1918 8360
f 8364 8360 1968
f 8356 8360 8364
f 1967 8359 8355
f 8359 1966 8350
f 8355 8350 1917
f 8359 8350 8355
f 1964 8353 8358
f 8353 1966 8359
f 8358 8359 1967
f 8353 8359 8358
f 1967 8357 8358
f 8357 1962 8347
f 8358 8347 1964
f 8357 8347 8358
f 2537 10231 10224
f 10231 2539 10230
f 10224 10230 2516
f 10231 10230 10224
f 2537 10224 10222
f 10224 2516 10167
f 10222 10167 1633
f 10224 10167 10222
f 1633 7393 10222
f 7393 1635 10223
f 10222 10223 2537
f 7393 10223 10222
f 2540 10235 10233
f 10235 2539 10231
f 10233 10231 2537
f 10235 10231 10233
f 2541 10239 10241
f 10239 2542 10242
f 10241 10242 2544
f 10239 10242 10241
f 2580 10373 10379
f 10373 2577 10378
f 10379 10378 2581
f 10373 10378 10379
f 1935 8534 8547
f 8534 2009 8548
f 8547 8548 2011
f 8534 8548 8547
f 2011 8548 8549
f 8548 2009 8542
f 8549 8542 2010
f 8548 8542 8549
f 1933 10374 8545
f 10374 2581 10376
f 8545 10376 2011
f 10374 10376 8545
f 2515 10165 10371
f 10165 2514 10370
f 10371 10370 2580
f 10165 10370 10371
f 2580 10379 10371
f 10379 2581 10377
f 10371 10377 2515
f 10379 10377 10371
f 2515 10377 10164
f 10377 2581 10374
f 10164 10374 1933
f 10377 10374 10164
f 1895 8544 8538
f 8544 2011 8549
f 8538 8549 2010
f 8544 8549 8538
f 1210 6094 8162
f 6094 1211 8163
f 8162 8163 1895
f 6094 8163 8162
f 1518 7060 7064
f 7060 1505 7056
f 7064 7056 1517
f 7060 7056 7064
f 1511 7062 7058
f 7062 1518 7064
f 7058 7064 1517
f 7062 7064 7058
f 1517 7057 7058
f 7057 1507 7039
f 7058 7039 1511
f 7057 7039 7058
f 1517 7056 7055
f 7056 1505 7026
f 7055 7026 1504
f 7056 7026 7055
f 2511 10147 10145
f 10147 1507 7033
f 10145 7033 1502
f 10147 7033 10145
f 1521 7073 7075
f 7073 1170 7069
f 7075 7069 1520
f 7073 7069 7075
f 1538 7130 7131
f 7130 1521 7078
f 7131 7078 1522
f 7130 7078 7131
f 1515 7145 7076
f 7145 1542 7146
f 7076 7146 1522
f 7145 7146 7076
f 1521 7074 7078
f 7074 1516 7077
f 7078 7077 1522
f 7074 7077 7078
f 1516 7053 7077
f 7053 1515 7076
f 7077 7076 1522
f 7053 7076 7077
f 1511 7039 7043
f 7039 1507 7041
f 7043 7041 1512
f 7039 7041 7043
f 1169 5967 7128
f 5967 1099 7126
f 7128 7126 1538
f 5967 7126 7128
f 1169 7081 5970
f 7081 1523 7080
f 5970 7080 1168
f 7081 7080 5970
f 1435 6718 6722
f 6718 1099 5967
f 6722 5967 1169
f 6718 5967 6722
f 1169 5968 6722
f 5968 1100 6719
f 6722 6719 1435
f 5968 6719 6722
f 1168 7080 5966
f 7080 1523 7079
f 5966 7079 1167
f 7080 7079 5966
f 1932 8341 8283
f 8341 1963 8342
f 8283 8342 1935
f 8341 8342 8283
f 1935 8282 8283
f 8282 1931 8278
f 8283 8278 1932
f 8282 8278 8283
f 1932 8339 8341
f 8339 1962 8345
f 8341 8345 1963
f 8339 8345 8341
f 1964 8347 8346
f 8347 1962 8339
f 8346 8339 1932
f 8347 8339 8346
f 1932 8428 8346
f 8428 1982 8429
f 8346 8429 1964
f 8428 8429 8346
f 2550 10293 10299
f 10293 2562 10301
f 10299 10301 2564
f 10293 10301 10299
f 2566 10305 10306
f 10305 2534 10220
f 10306 10220 2535
f 10305 10220 10306
f 2535 10298 10306
f 10298 2564 10307
f 10306 10307 2566
f 10298 10307 10306
f 2568 10314 10315
f 10314 1487 6990
f 10315 6990 1489
f 10314 6990 10315
f 2568 10315 10317
f 10315 1489 10213
f 10317 10213 2533
f 10315 10213 10317
f 2533 10217 10317
f 10217 2534 10318
f 10317 10318 2568
f 10217 10318 10317
f 2534 10305 10318
f 10305 2566 10319
f 10318 10319 2568
f 10305 10319 10318
f 2568 10319 10320
f 10319 2566 10313
f 10320 10313 2567
f 10319 10313 10320
f 2535 10218 10219
f 10218 2507 10209
f 10219 10209 2532
f 10218 10209 10219
f 2575 10348 10353
f 10348 2573 10351
f 10353 10351 2576
f 10348 10351 10353
f 2578 10361 10362
f 10361 2575 10353
f 10362 10353 2576
f 10361 10353 10362
f 2576 10349 10362
f 10349 2555 10360
f 10362 10360 2578
f 10349 10360 10362
f 2557 10278 10350
f 10278 2555 10349
f 10350 10349 2576
f 10278 10349 10350
f 2571 10341 10333
f 10341 2573 10339
f 10333 10339 2512
f 10341 10339 10333
f 2512 10152 10333
f 10152 2511 10332
f 10333 10332 2571
f 10152 10332 10333
f 2513 10347 10369
f 10347 2575 10372
f 10369 10372 2580
f 10347 10372 10369
f 2513 10340 10347
f 10340 2573 10348
f 10347 10348 2575
f 10340 10348 10347
f 2513 10159 10153
f 10159 2514 10158
f 10153 10158 1531
f 10159 10158 10153
f 2580 10370 10369
f 10370 2514 10159
f 10369 10159 2513
f 10370 10159 10369
f 2513 10155 10340
f 10155 2512 10339
f 10340 10339 2573
f 10155 10339 10340
f 189 6748 3188
f 6748 1442 6747
f 3188 6747 188
f 6748 6747 3188
f 188 3182 3188
f 3182 180 3186
f 3188 3186 189
f 3182 3186 3188
f 122 3180 3184
f 3180 187 3187
f 3184 3187 189
f 3180 3187 3184
f 180 3158 3186
f 3158 123 3185
f 3186 3185 189
f 3158 3185 3186
f 1434 6709 6792
f 6709 186 6787
f 6792 6787 1450
f 6709 6787 6792
f 184 3172 6678
f 3172 183 6677
f 6678 6677 1426
f 3172 6677 6678
f 181 6735 3166
f 6735 1439 6736
f 3166 6736 182
f 6735 6736 3166
f 1439 6737 6736
f 6737 1427 6683
f 6736 6683 182
f 6737 6683 6736
f 182 6683 3169
f 6683 1427 6684
f 3169 6684 183
f 6683 6684 3169
f 1525 7088 7087
f 7088 1524 7082
f 7087 7082 1231
f 7088 7082 7087
f 1526 7091 7093
f 7091 1167 7085
f 7093 7085 1525
f 7091 7085 7093
f 1232 7083 6163
f 7083 1524 7084
f 6163 7084 1233
f 7083 7084 6163
f 1231 7082 6159
f 7082 1524 7083
f 6159 7083 1232
f 7082 7083 6159
f 1176 5987 5989
f 5987 1085 5917
f 5989 5917 1146
f 5987 5917 5989
f 1441 6746 6744
f 6746 1440 6741
f 6744 6741 1146
f 6746 6741 6744
f 1146 6741 5989
f 6741 1440 6742
f 5989 6742 1176
f 6741 6742 5989
f 1193 6056 6053
f 6056 1192 6049
f 6053 6049 1145
f 6056 6049 6053
f 1193 6054 6052
f 6054 1146 5917
f 6052 5917 1085
f 6054 5917 6052
f 1193 6052 6055
f 6052 1085 5987
f 6055 5987 1176
f 6052 5987 6055
f 1193 6053 6745
f 6053 1145 6743
f 6745 6743 1441
f 6053 6743 6745
f 1441 6744 6745
f 6744 1146 6054
f 6745 6054 1193
f 6744 6054 6745
f 1957 8518 8333
f 8518 2005 8519
f 8333 8519 1959
f 8518 8519 8333
f 1961 8336 8337
f 8336 1958 8334
f 8337 8334 1959
f 8336 8334 8337
f 2007 8527 8526
f 8527 1961 8337
f 8526 8337 1959
f 8527 8337 8526
f 1959 8519 8526
f 8519 2005 8528
f 8526 8528 2007
f 8519 8528 8526
f 1959 8332 8333
f 8332 1956 8330
f 8333 8330 1957
f 8332 8330 8333
f 1959 8334 8332
f 8334 1958 8331
f 8332 8331 1956
f 8334 8331 8332
f 1897 8176 8170
f 8176 1898 8173
f 8170 8173 1203
f 8176 8173 8170
f 1203 6078 8170
f 6078 1202 8169
f 8170 8169 1897
f 6078 8169 8170
f 1897 8169 8171
f 8169 1202 6090
f 8171 6090 1210
f 8169 6090 8171
f 1897 8172 8539
f 8172 1895 8538
f 8539 8538 2010
f 8172 8538 8539
f 1210 8162 8171
f 8162 1895 8172
f 8171 8172 1897
f 8162 8172 8171
f 2006 8521 8532
f 8521 1898 8530
f 8532 8530 2008
f 8521 8530 8532
f 2008 8531 8532
f 8531 2005 8525
f 8532 8525 2006
f 8531 8525 8532
f 2007 8528 8533
f 8528 2005 8531
f 8533 8531 2008
f 8528 8531 8533
f 2010 8540 8541
f 8540 2007 8533
f 8541 8533 2008
f 8540 8533 8541
f 2008 8529 8541
f 8529 1897 8539
f 8541 8539 2010
f 8529 8539 8541
f 1898 8176 8530
f 8176 1897 8529
f 8530 8529 2008
f 8176 8529 8530
f 1899 8180 8522
f 8180 1898 8521
f 8522 8521 2006
f 8180 8521 8522
f 2006 8524 8522
f 8524 2004 8513
f 8522 8513 1899
f 8524 8513 8522
f 2004 8514 8513
f 8514 1900 8184
f 8513 8184 1899
f 8514 8184 8513
f 1899 8178 8177
f 8178 1200 6075
f 8177 6075 1199
f 8178 6075 8177
f 1899 8184 8178
f 8184 1900 8181
f 8178 8181 1200
f 8184 8181 8178
f 1224 8179 6130
f 8179 1899 8177
f 6130 8177 1199
f 8179 8177 6130
f 1898 8180 8175
f 8180 1899 8179
f 8175 8179 1224
f 8180 8179 8175
f 196 3206 3205
f 3206 177 3148
f 3205 3148 111
f 3206 3148 3205
f 111 3597 3205
f 3597 325 3599
f 3205 3599 196
f 3597 3599 3205
f 339 3641 3643
f 3641 105 3634
f 3643 3634 338
f 3641 3634 3643
f 339 3640 3641
f 3640 92 2937
f 3641 2937 105
f 3640 2937 3641
f 338 3635 3643
f 3635 110 3642
f 3643 3642 339
f 3635 3642 3643
f 110 2943 3642
f 2943 92 3640
f 3642 3640 339
f 2943 3640 3642
f 326 3602 3627
f 3602 325 3626
f 3627 3626 335
f 3602 3626 3627
f 335 3628 3627
f 3628 334 3622
f 3627 3622 326
f 3628 3622 3627
f 342 3649 3650
f 3649 334 3628
f 3650 3628 335
f 3649 3628 3650
f 336 4708 3651
f 4708 700 4709
f 3651 4709 342
f 4708 4709 3651
f 342 3650 3651
f 3650 335 3631
f 3651 3631 336
f 3650 3631 3651
f 110 3632 3629
f 3632 337 3633
f 3629 3633 336
f 3632 3633 3629
f 168 3118 3149
f 3118 111 3148
f 3149 3148 177
f 3118 3148 3149
f 92 2944 3112
f 2944 111 3118
f 3112 3118 168
f 2944 3118 3112
f 177 3145 3149
f 3145 94 3114
f 3149 3114 168
f 3145 3114 3149
f 168 3114 3113
f 3114 94 2918
f 3113 2918 93
f 3114 2918 3113
f 1448 6780 6782
f 6780 1099 6718
f 6782 6718 1435
f 6780 6718 6782
f 1448 6819 6780
f 6819 1456 6817
f 6780 6817 1099
f 6819 6817 6780
f 200 7072 3220
f 7072 1521 7071
f 3220 7071 199
f 7072 7071 3220
f 2662 10893 10653
f 10893 2726 10892
f 10653 10892 2660
f 10893 10892 10653
f 1567 7212 7214
f 7212 309 5983
f 7214 5983 1174
f 7212 5983 7214
f 309 5867 5983
f 5867 1101 5984
f 5983 5984 1174
f 5867 5984 5983
f 1563 7204 7203
f 7204 1551 7170
f 7203 7170 1546
f 7204 7170 7203
f 1546 7201 7203
f 7201 1562 7205
f 7203 7205 1563
f 7201 7205 7203
f 1548 7202 7166
f 7202 1562 7201
f 7166 7201 1546
f 7202 7201 7166
f 1546 7165 7166
f 7165 1547 7167
f 7166 7167 1548
f 7165 7167 7166
f 1554 7176 7279
f 7176 1553 7278
f 7279 7278 1588
f 7176 7278 7279
f 1588 7282 7279
f 7282 1587 7276
f 7279 7276 1554
f 7282 7276 7279
f 1554 7276 7252
f 7276 1587 7277
f 7252 7277 1576
f 7276 7277 7252
f 1576 7254 7252
f 7254 1575 7247
f 7252 7247 1554
f 7254 7247 7252
f 1578 7257 7259
f 7257 1549 7255
f 7259 7255 1577
f 7257 7255 7259
f 1552 7175 7246
f 7175 1554 7247
f 7246 7247 1575
f 7175 7247 7246
f 1553 7176 7174
f 7176 1554 7175
f 7174 7175 1552
f 7176 7175 7174
f 1552 7246 7219
f 7246 1575 7250
f 7219 7250 1569
f 7246 7250 7219
f 2719 10866 10864
f 10866 2717 10857
f 10864 10857 2703
f 10866 10857 10864
f 2703 10816 10864
f 10816 2705 10865
f 10864 10865 2719
f 10816 10865 10864
f 2718 10863 10867
f 10863 2717 10866
f 10867 10866 2719
f 10863 10866 10867
f 2719 10865 10874
f 10865 2705 10872
f 10874 10872 2721
f 10865 10872 10874
f 2719 10871 10867
f 10871 2720 10870
f 10867 10870 2718
f 10871 10870 10867
f 2721 10875 10874
f 10875 2720 10871
f 10874 10871 2719
f 10875 10871 10874
f 1604 7336 10554
f 7336 1603 10553
f 10554 10553 2629
f 7336 10553 10554
f 1604 10554 10566
f 10554 2629 10567
f 10566 10567 2632
f 10554 10567 10566
f 2632 10564 10566
f 10564 1594 7335
f 10566 7335 1604
f 10564 7335 10566
f 1600 7313 7317
f 7313 311 7309
f 7317 7309 1599
f 7313 7309 7317
f 311 7307 7309
f 7307 1598 7312
f 7309 7312 1599
f 7307 7312 7309
f 1599 7310 7311
f 7310 1587 7282
f 7311 7282 1588
f 7310 7282 7311
f 1598 7308 7312
f 7308 1587 7310
f 7312 7310 1599
f 7308 7310 7312
f 2632 10568 10565
f 10568 2631 10560
f 10565 10560 1595
f 10568 10560 10565
f 1595 7300 10565
f 7300 1594 10564
f 10565 10564 2632
f 7300 10564 10565
f 1605 7337 7342
f 7337 313 7339
f 7342 7339 1607
f 7337 7339 7342
f 1608 7347 7345
f 7347 1607 7340
f 7345 7340 1584
f 7347 7340 7345
f 2649 10626 10769
f 10626 2650 10770
f 10769 10770 2692
f 10626 10770 10769
f 2692 10772 10769
f 10772 2676 10703
f 10769 10703 2649
f 10772 10703 10769
f 2622 10597 10602
f 10597 2641 10604
f 10602 10604 2642
f 10597 10604 10602
f 2711 10896 10889
f 10896 2727 10898
f 10889 10898 2725
f 10896 10898 10889
f 2724 10887 10891
f 10887 2723 10890
f 10891 10890 2725
f 10887 10890 10891
f 2725 10895 10891
f 10895 2726 10894
f 10891 10894 2724
f 10895 10894 10891
f 2727 10899 10898
f 10899 2726 10895
f 10898 10895 2725
f 10899 10895 10898
f 2725 10888 10889
f 10888 2709 10834
f 10889 10834 2711
f 10888 10834 10889
f 2723 10881 10890
f 10881 2709 10888
f 10890 10888 2725
f 10881 10888 10890
f 529 4111 4112
f 4111 508 4055
f 4112 4055 509
f 4111 4055 4112
f 509 4055 4054
f 4055 508 4049
f 4054 4049 498
f 4055 4049 4054
f 526 4109 4102
f 4109 528 4108
f 4102 4108 513
f 4109 4108 4102
f 536 4134 4133
f 4134 528 4109
f 4133 4109 526
f 4134 4109 4133
f 494 4103 4099
f 4103 527 4104
f 4099 4104 526
f 4103 4104 4099
f 537 4140 4138
f 4140 536 4133
f 4138 4133 526
f 4140 4133 4138
f 526 4104 4138
f 4104 527 4139
f 4138 4139 537
f 4104 4139 4138
f 533 4137 4124
f 4137 536 4136
f 4124 4136 532
f 4137 4136 4124
f 461 4046 4114
f 4046 507 4115
f 4114 4115 530
f 4046 4115 4114
f 530 4116 4114
f 4116 524 4092
f 4114 4092 461
f 4116 4092 4114
f 507 4093 4115
f 4093 524 4116
f 4115 4116 530
f 4093 4116 4115
f 535 4130 4131
f 4130 525 4121
f 4131 4121 533
f 4130 4121 4131
f 523 4097 4129
f 4097 525 4130
f 4129 4130 535
f 4097 4130 4129
f 452 3940 3945
f 3940 471 3950
f 3945 3950 472
f 3940 3950 3945
f 2390 9749 9750
f 9749 2391 9751
f 9750 9751 2392
f 9749 9751 9750
f 2392 10582 9750
f 10582 2637 10581
f 9750 10581 2390
f 10582 10581 9750
f 2505 10782 10580
f 10782 2694 10783
f 10580 10783 2636
f 10782 10783 10580
f 2733 10921 10920
f 10921 2637 10584
f 10920 10584 2636
f 10921 10584 10920
f 2636 10914 10920
f 10914 2731 10923
f 10920 10923 2733
f 10914 10923 10920
f 2694 10915 10783
f 10915 2731 10914
f 10783 10914 2636
f 10915 10914 10783
f 2695 10789 10792
f 10789 2696 10793
f 10792 10793 2697
f 10789 10793 10792
f 2642 10604 10599
f 10604 2641 10595
f 10599 10595 2384
f 10604 10595 10599
f 1673 9717 7472
f 9717 2378 9718
f 7472 9718 1675
f 9717 9718 7472
f 2379 9725 9724
f 9725 2378 9721
f 9724 9721 2377
f 9725 9721 9724
f 2379 9727 9723
f 9727 2380 9726
f 9723 9726 1679
f 9727 9726 9723
f 2414 9811 9822
f 9811 2413 9821
f 9822 9821 2417
f 9811 9821 9822
f 2411 9807 9810
f 9807 2413 9811
f 9810 9811 2414
f 9807 9811 9810
f 2376 9720 9713
f 9720 2378 9717
f 9713 9717 1673
f 9720 9717 9713
f 2377 9721 9716
f 9721 2378 9720
f 9716 9720 2376
f 9721 9720 9716
f 1721 7638 7600
f 7638 1735 7639
f 7600 7639 1722
f 7638 7639 7600
f 1721 7593 7595
f 7593 1691 7591
f 7595 7591 1720
f 7593 7591 7595
f 1722 7639 7643
f 7639 1735 7644
f 7643 7644 1736
f 7639 7644 7643
f 1736 7689 7641
f 7689 1750 7687
f 7641 7687 1338
f 7689 7687 7641
f 1736 7644 7683
f 7644 1735 7682
f 7683 7682 1749
f 7644 7682 7683
f 1749 7690 7683
f 7690 1750 7689
f 7683 7689 1736
f 7690 7689 7683
f 1734 7635 7637
f 7635 1720 7633
f 7637 7633 1733
f 7635 7633 7637
f 1734 7636 7635
f 7636 1721 7595
f 7635 7595 1720
f 7636 7595 7635
f 1735 7638 7640
f 7638 1721 7636
f 7640 7636 1734
f 7638 7636 7640
f 1692 7594 7599
f 7594 1721 7600
f 7599 7600 1722
f 7594 7600 7599
f 1691 7593 7513
f 7593 1721 7594
f 7513 7594 1692
f 7593 7594 7513
f 2357 9772 9705
f 9772 2400 9773
f 9705 9773 2373
f 9772 9773 9705
f 2373 9708 9705
f 9708 2374 9707
f 9705 9707 2357
f 9708 9707 9705
f 1720 7591 7590
f 7591 1691 7507
f 7590 7507 1670
f 7591 7507 7590
f 1694 7728 7771
f 7728 1763 7772
f 7771 7772 1776
f 7728 7772 7771
f 1755 7705 7745
f 7705 1754 7744
f 7745 7744 1768
f 7705 7744 7745
f 1755 7745 7747
f 7745 1768 7749
f 7747 7749 1769
f 7745 7749 7747
f 1742 7709 7665
f 7709 1757 7710
f 7665 7710 1743
f 7709 7710 7665
f 1743 7663 7665
f 7663 1728 7661
f 7665 7661 1742
f 7663 7661 7665
f 1743 7710 7712
f 7710 1757 7714
f 7712 7714 1758
f 7710 7714 7712
f 1718 7629 7631
f 7629 1732 7634
f 7631 7634 1733
f 7629 7634 7631
f 1727 7618 7614
f 7618 1728 7616
f 7614 7616 1713
f 7618 7616 7614
f 1727 7613 7615
f 7613 1712 7611
f 7615 7611 1726
f 7613 7611 7615
f 1713 7570 7614
f 7570 1712 7613
f 7614 7613 1727
f 7570 7613 7614
f 1742 7661 7660
f 7661 1728 7618
f 7660 7618 1727
f 7661 7618 7660
f 2463 9962 9966
f 9962 515 9965
f 9966 9965 2464
f 9962 9965 9966
f 2464 10111 9966
f 10111 2499 10110
f 9966 10110 2463
f 10111 10110 9966
f 2464 9965 10119
f 9965 515 10118
f 10119 10118 2501
f 9965 10118 10119
f 2501 10120 10119
f 10120 2499 10111
f 10119 10111 2464
f 10120 10111 10119
f 2390 10585 10607
f 10585 2638 10608
f 10607 10608 2643
f 10585 10608 10607
f 2422 9846 9845
f 9846 2409 9791
f 9845 9791 2386
f 9846 9791 9845
f 2386 9738 9845
f 9738 2384 9844
f 9845 9844 2422
f 9738 9844 9845
f 2398 9768 9766
f 9768 2399 9767
f 9766 9767 2397
f 9768 9767 9766
f 2398 10090 10097
f 10090 2494 10100
f 10097 10100 2496
f 10090 10100 10097
f 2397 10089 9766
f 10089 2494 10090
f 9766 10090 2398
f 10089 10090 9766
f 2496 10098 10097
f 10098 2407 9787
f 10097 9787 2398
f 10098 9787 10097
f 2398 9787 9827
f 9787 2407 9829
f 9827 9829 2419
f 9787 9829 9827
f 2419 9828 9827
f 9828 2399 9768
f 9827 9768 2398
f 9828 9768 9827
f 2397 9767 9801
f 9767 2399 9802
f 9801 9802 2412
f 9767 9802 9801
f 2411 9799 9805
f 9799 2404 9803
f 9805 9803 2412
f 9799 9803 9805
f 2412 9808 9805
f 9808 2413 9807
f 9805 9807 2411
f 9808 9807 9805
f 2412 9802 9808
f 9802 2399 9806
f 9808 9806 2413
f 9802 9806 9808
f 2406 9784 9804
f 9784 2397 9801
f 9804 9801 2412
f 9784 9801 9804
f 2412 9803 9804
f 9803 2404 9785
f 9804 9785 2406
f 9803 9785 9804
f 2473 9994 10003
f 9994 2405 10001
f 10003 10001 2475
f 9994 10001 10003
f 2475 10002 10003
f 10002 2472 9996
f 10003 9996 2473
f 10002 9996 10003
f 2405 9782 10001
f 9782 2403 10000
f 10001 10000 2475
f 9782 10000 10001
f 2475 10000 10013
f 10000 2403 10011
f 10013 10011 2477
f 10000 10011 10013
f 1345 6447 10026
f 6447 1297 10025
f 10026 10025 2480
f 6447 10025 10026
f 2480 10027 10026
f 10027 2400 9769
f 10026 9769 1345
f 10027 9769 10026
f 1296 10015 10018
f 10015 2478 10024
f 10018 10024 2479
f 10015 10024 10018
f 2479 10019 10018
f 10019 1297 6359
f 10018 6359 1296
f 10019 6359 10018
f 2479 10028 10019
f 10028 2480 10025
f 10019 10025 1297
f 10028 10025 10019
f 2479 10023 10021
f 10023 2477 10010
f 10021 10010 2401
f 10023 10010 10021
f 2401 9775 10021
f 9775 2400 10020
f 10021 10020 2479
f 9775 10020 10021
f 2400 10027 10020
f 10027 2480 10028
f 10020 10028 2479
f 10027 10028 10020
f 2488 10076 10067
f 10076 2490 10075
f 10067 10075 2473
f 10076 10075 10067
f 2488 10067 10066
f 10067 2473 9995
f 10066 9995 2471
f 10067 9995 10066
f 2471 10060 10066
f 10060 2486 10068
f 10066 10068 2488
f 10060 10068 10066
f 2488 10068 10069
f 10068 2486 10065
f 10069 10065 2487
f 10068 10065 10069
f 2451 9928 9926
f 9928 2450 9921
f 9926 9921 514
f 9928 9921 9926
f 514 9855 9926
f 9855 2424 9927
f 9926 9927 2451
f 9855 9927 9926
f 2451 9932 9928
f 9932 2452 9931
f 9928 9931 2450
f 9932 9931 9928
f 2451 9927 9935
f 9927 2424 9933
f 9935 9933 2453
f 9927 9933 9935
f 2453 9936 9935
f 9936 2452 9932
f 9935 9932 2451
f 9936 9932 9935
f 2448 9924 9918
f 9924 2450 9922
f 9918 9922 2430
f 9924 9922 9918
f 2430 9867 9918
f 9867 2429 9917
f 9918 9917 2448
f 9867 9917 9918
f 2484 10048 10049
f 10048 2430 9868
f 10049 9868 2431
f 10048 9868 10049
f 2429 9867 10047
f 9867 2430 10048
f 10047 10048 2484
f 9867 10048 10047
f 2442 9978 10044
f 9978 2467 10045
f 10044 10045 2483
f 9978 10045 10044
f 2435 9877 9876
f 9877 2370 9696
f 9876 9696 2369
f 9877 9696 9876
f 2065 8685 8984
f 8685 2075 8985
f 8984 8985 2165
f 8685 8985 8984
f 2065 8660 8661
f 8660 2066 8662
f 8661 8662 2067
f 8660 8662 8661
f 2165 8985 8986
f 8985 2075 8976
f 8986 8976 2163
f 8985 8976 8986
f 2086 8968 8977
f 8968 2161 8978
f 8977 8978 2163
f 8968 8978 8977
f 2163 8976 8977
f 8976 2075 8721
f 8977 8721 2086
f 8976 8721 8977
f 2076 8687 8691
f 8687 2067 8689
f 8691 8689 2077
f 8687 8689 8691
f 2076 8686 8687
f 8686 2065 8661
f 8687 8661 2067
f 8686 8661 8687
f 2075 8685 8688
f 8685 2065 8686
f 8688 8686 2076
f 8685 8686 8688
f 2124 8847 8850
f 8847 2123 8849
f 8850 8849 2125
f 8847 8849 8850
f 2125 8854 8850
f 8854 2127 8853
f 8850 8853 2124
f 8854 8853 8850
f 667 10484 10201
f 10484 2610 10487
f 10201 10487 2528
f 10484 10487 10201
f 2084 8715 8716
f 8715 2076 8691
f 8716 8691 2077
f 8715 8691 8716
f 2022 8946 8940
f 8946 2154 8948
f 8940 8948 2153
f 8946 8948 8940
f 2104 8937 8927
f 8937 2152 8938
f 8927 8938 2149
f 8937 8938 8927
f 2104 8786 8788
f 8786 2019 8568
f 8788 8568 2022
f 8786 8568 8788
f 2022 8940 8788
f 8940 2153 8941
f 8788 8941 2104
f 8940 8941 8788
f 2104 8941 8937
f 8941 2153 8942
f 8937 8942 2152
f 8941 8942 8937
f 2128 8861 8864
f 8861 2129 8865
f 8864 8865 2131
f 8861 8865 8864
f 2166 8997 8991
f 8997 2168 8996
f 8991 8996 2165
f 8997 8996 8991
f 2165 8986 8991
f 8986 2163 8989
f 8991 8989 2166
f 8986 8989 8991
f 2165 8996 8994
f 8996 2168 8998
f 8994 8998 2167
f 8996 8998 8994
f 2167 8992 8994
f 8992 2065 8984
f 8994 8984 2165
f 8992 8984 8994
f 2066 8660 8993
f 8660 2065 8992
f 8993 8992 2167
f 8660 8992 8993
f 2142 8933 8999
f 8933 2151 9000
f 8999 9000 2169
f 8933 9000 8999
f 2169 9001 9002
f 9001 2167 8998
f 9002 8998 2168
f 9001 8998 9002
f 2124 8853 8851
f 8853 2127 8855
f 8851 8855 2126
f 8853 8855 8851
f 2126 8988 8851
f 8988 2166 8987
f 8851 8987 2124
f 8988 8987 8851
f 2168 8997 8995
f 8997 2166 8988
f 8995 8988 2126
f 8997 8988 8995
f 2126 8855 8856
f 8855 2127 8857
f 8856 8857 2128
f 8855 8857 8856
f 2136 8883 8885
f 8883 2135 8884
f 8885 8884 2137
f 8883 8884 8885
f 2137 8888 8885
f 8888 2138 8887
f 8885 8887 2136
f 8888 8887 8885
f 2022 8568 8567
f 8568 2019 8560
f 8567 8560 1384
f 8568 8560 8567
f 1384 6515 8567
f 6515 1382 8566
f 8567 8566 2022
f 6515 8566 8567
f 1385 6541 8943
f 6541 1393 8944
f 8943 8944 2154
f 6541 8944 8943
f 1385 6518 6517
f 6518 1382 6511
f 6517 6511 1378
f 6518 6511 6517
f 1378 6548 6517
f 6548 1395 6549
f 6517 6549 1385
f 6548 6549 6517
f 1385 6549 6541
f 6549 1395 6550
f 6541 6550 1393
f 6549 6550 6541
f 1378 6511 6509
f 6511 1382 6512
f 6509 6512 1381
f 6511 6512 6509
f 2184 9055 9056
f 9055 1379 6510
f 9056 6510 1381
f 9055 6510 9056
f 1381 6510 6509
f 6510 1379 6505
f 6509 6505 1378
f 6510 6505 6509
f 1314 8149 6379
f 8149 1887 8148
f 6379 8148 1312
f 8149 8148 6379
f 1312 6378 6379
f 6378 1313 6380
f 6379 6380 1314
f 6378 6380 6379
f 1314 6382 8149
f 6382 1315 8150
f 8149 8150 1887
f 6382 8150 8149
f 1313 6381 6380
f 6381 1315 6382
f 6380 6382 1314
f 6381 6382 6380
f 1396 6559 6562
f 6559 1397 6563
f 6562 6563 1398
f 6559 6563 6562
f 1398 6563 6567
f 6563 1397 6566
f 6567 6566 1399
f 6563 6566 6567
f 1394 6545 6544
f 6545 1313 6377
f 6544 6377 1311
f 6545 6377 6544
f 1311 6377 6376
f 6377 1313 6378
f 6376 6378 1312
f 6377 6378 6376
f 2310 9481 9480
f 9481 2188 9074
f 9480 9074 2187
f 9481 9074 9480
f 2187 9074 9068
f 9074 2188 9073
f 9068 9073 1369
f 9074 9073 9068
f 1373 6494 6496
f 6494 1372 6495
f 6496 6495 1374
f 6494 6495 6496
f 1401 6574 6573
f 6574 1399 6564
f 6573 6564 1374
f 6574 6564 6573
f 1374 6495 6573
f 6495 1372 6572
f 6573 6572 1401
f 6495 6572 6573
f 1377 6500 6502
f 6500 1374 6499
f 6502 6499 1376
f 6500 6499 6502
f 1378 6505 6503
f 6505 1379 6504
f 6503 6504 1376
f 6505 6504 6503
f 1376 6556 6503
f 6556 1397 6557
f 6503 6557 1378
f 6556 6557 6503
f 1399 6566 6565
f 6566 1397 6556
f 6565 6556 1376
f 6566 6556 6565
f 1376 6499 6565
f 6499 1374 6564
f 6565 6564 1399
f 6499 6564 6565
f 1883 8131 8130
f 8131 1871 8076
f 8130 8076 1870
f 8131 8076 8130
f 1870 8076 8072
f 8076 1871 8074
f 8072 8074 1857
f 8076 8074 8072
f 1884 8136 8137
f 8136 1871 8131
f 8137 8131 1883
f 8136 8131 8137
f 1884 8142 8136
f 8142 1885 8140
f 8136 8140 1871
f 8142 8140 8136
f 1883 8128 8137
f 8128 1705 8135
f 8137 8135 1884
f 8128 8135 8137
f 1703 7545 7544
f 7545 1705 7546
f 7544 7546 1704
f 7545 7546 7544
f 1703 8134 7545
f 8134 1884 8135
f 7545 8135 1705
f 8134 8135 7545
f 1785 7799 7801
f 7799 1770 7797
f 7801 7797 1784
f 7799 7797 7801
f 1784 7798 7842
f 7798 1783 7841
f 7842 7841 1798
f 7798 7841 7842
f 1769 7794 7796
f 7794 1783 7798
f 7796 7798 1784
f 7794 7798 7796
f 1784 7797 7796
f 7797 1770 7752
f 7796 7752 1769
f 7797 7752 7796
f 1798 7846 7842
f 7846 1799 7844
f 7842 7844 1784
f 7846 7844 7842
f 1784 7844 7801
f 7844 1799 7845
f 7801 7845 1785
f 7844 7845 7801
f 2245 9292 9285
f 9292 2246 9288
f 9285 9288 2197
f 9292 9288 9285
f 2245 9305 9300
f 9305 2251 9306
f 9300 9306 2249
f 9305 9306 9300
f 2197 9304 9285
f 9304 2251 9305
f 9285 9305 2245
f 9304 9305 9285
f 2240 9277 9273
f 9277 2242 9276
f 9273 9276 2235
f 9277 9276 9273
f 2249 9303 9301
f 9303 2250 9302
f 9301 9302 2248
f 9303 9302 9301
f 2248 9321 9301
f 9321 2255 9322
f 9301 9322 2249
f 9321 9322 9301
f 2472 10002 9999
f 10002 2475 10004
f 9999 10004 2474
f 10002 10004 9999
f 2474 10004 10012
f 10004 2475 10013
f 10012 10013 2477
f 10004 10013 10012
f 2372 9755 9909
f 9755 2393 9910
f 9909 9910 2447
f 9755 9910 9909
f 1296 6359 6360
f 6359 1297 6361
f 6360 6361 1298
f 6359 6361 6360
f 1389 6530 6531
f 6530 1386 6524
f 6531 6524 1388
f 6530 6524 6531
f 1301 6519 6528
f 6519 1386 6530
f 6528 6530 1389
f 6519 6530 6528
f 1388 6523 6531
f 6523 1296 6525
f 6531 6525 1389
f 6523 6525 6531
f 1296 6360 6525
f 6360 1298 6526
f 6525 6526 1389
f 6360 6526 6525
f 1405 6588 6589
f 6588 1387 6538
f 6589 6538 1391
f 6588 6538 6589
f 1299 6362 6363
f 6362 1300 6364
f 6363 6364 1301
f 6362 6364 6363
f 1301 6528 6363
f 6528 1389 6527
f 6363 6527 1299
f 6528 6527 6363
f 1299 6527 6532
f 6527 1389 6535
f 6532 6535 1390
f 6527 6535 6532
f 1299 6520 6362
f 6520 1387 6521
f 6362 6521 1300
f 6520 6521 6362
f 1390 6539 6532
f 6539 1391 6536
f 6532 6536 1299
f 6539 6536 6532
f 1299 6536 6520
f 6536 1391 6538
f 6520 6538 1387
f 6536 6538 6520
f 1301 6364 6451
f 6364 1300 6450
f 6451 6450 1347
f 6364 6450 6451
f 2181 9051 9189
f 9051 2182 9190
f 9189 9190 2218
f 9051 9190 9189
f 2218 9190 9383
f 9190 2182 9381
f 9383 9381 2277
f 9190 9381 9383
f 2288 9418 9470
f 9418 2289 9471
f 9470 9471 2307
f 9418 9471 9470
f 2307 9473 9470
f 9473 2306 9468
f 9470 9468 2288
f 9473 9468 9470
f 2288 9468 9464
f 9468 2306 9469
f 9464 9469 2305
f 9468 9469 9464
f 2222 9268 9603
f 9268 2239 9604
f 9603 9604 2345
f 9268 9604 9603
f 2222 9608 9204
f 9608 2346 9609
f 9204 9609 2224
f 9608 9609 9204
f 2345 9612 9603
f 9612 2346 9608
f 9603 9608 2222
f 9612 9608 9603
f 2224 9205 9204
f 9205 2223 9202
f 9204 9202 2222
f 9205 9202 9204
f 2222 9266 9268
f 9266 2238 9271
f 9268 9271 2239
f 9266 9271 9268
f 2237 9263 9594
f 9263 2235 9593
f 9594 9593 2343
f 9263 9593 9594
f 2304 9467 9563
f 9467 2305 9564
f 9563 9564 2334
f 9467 9564 9563
f 2304 9463 9467
f 9463 2302 9465
f 9467 9465 2305
f 9463 9465 9467
f 2336 9569 9570
f 9569 2302 9463
f 9570 9463 2304
f 9569 9463 9570
f 2334 9628 9563
f 9628 2349 9624
f 9563 9624 2304
f 9628 9624 9563
f 2224 9609 9614
f 9609 2346 9617
f 9614 9617 2347
f 9609 9617 9614
f 2347 9617 9616
f 9617 2346 9610
f 9616 9610 2336
f 9617 9610 9616
f 2336 9610 9574
f 9610 2346 9611
f 9574 9611 2337
f 9610 9611 9574
f 2300 9457 9572
f 9457 2302 9573
f 9572 9573 2337
f 9457 9573 9572
f 2337 9573 9574
f 9573 2302 9569
f 9574 9569 2336
f 9573 9569 9574
f 2337 9611 9605
f 9611 2346 9612
f 9605 9612 2345
f 9611 9612 9605
f 2334 9565 9635
f 9565 2306 9630
f 9635 9630 2350
f 9565 9630 9635
f 2325 9626 9529
f 9626 2349 9625
f 9529 9625 2324
f 9626 9625 9529
f 2324 9524 9529
f 9524 2318 9527
f 9529 9527 2325
f 9524 9527 9529
f 2323 9522 9525
f 9522 2318 9524
f 9525 9524 2324
f 9522 9524 9525
f 2324 9633 9525
f 9633 2350 9632
f 9525 9632 2323
f 9633 9632 9525
f 2324 9625 9566
f 9625 2349 9628
f 9566 9628 2334
f 9625 9628 9566
f 2334 9635 9566
f 9635 2350 9633
f 9566 9633 2324
f 9635 9633 9566
f 2186 9065 9067
f 9065 1379 9055
f 9067 9055 2184
f 9065 9055 9067
f 2260 9330 9333
f 9330 2258 9331
f 9333 9331 2261
f 9330 9331 9333
f 2274 9373 9370
f 9373 2273 9366
f 9370 9366 2261
f 9373 9366 9370
f 2261 9366 9338
f 9366 2273 9367
f 9338 9367 2262
f 9366 9367 9338
f 2262 9337 9338
f 9337 2260 9333
f 9338 9333 2261
f 9337 9333 9338
f 2260 9544 9539
f 9544 2329 9546
f 9539 9546 2328
f 9544 9546 9539
f 2328 9538 9539
f 9538 2258 9330
f 9539 9330 2260
f 9538 9330 9539
f 2327 9533 9540
f 9533 2258 9538
f 9540 9538 2328
f 9533 9538 9540
f 2314 9500 9514
f 9500 2315 9515
f 9514 9515 2321
f 9500 9515 9514
f 2270 9363 9371
f 9363 2272 9372
f 9371 9372 2274
f 9363 9372 9371
f 2271 9364 9360
f 9364 2272 9363
f 9360 9363 2270
f 9364 9363 9360
f 2270 9355 9360
f 9355 2269 9359
f 9360 9359 2271
f 9355 9359 9360
f 2212 9177 9347
f 9177 2210 9346
f 9347 9346 2267
f 9177 9346 9347
f 2210 9350 9346
f 9350 2269 9352
f 9346 9352 2267
f 9350 9352 9346
f 2019 8786 8563
f 8786 2104 8787
f 8563 8787 2020
f 8786 8787 8563
f 2020 8787 8925
f 8787 2104 8927
f 8925 8927 2149
f 8787 8927 8925
f 2184 9058 9059
f 9058 1384 8559
f 9059 8559 2018
f 9058 8559 9059
f 2018 8559 8561
f 8559 1384 8560
f 8561 8560 2019
f 8559 8560 8561
f 2019 8563 8561
f 8563 2020 8562
f 8561 8562 2018
f 8563 8562 8561
f 2208 9156 9155
f 9156 2204 9138
f 9155 9138 2203
f 9156 9138 9155
f 2205 9143 9145
f 9143 2200 9134
f 9145 9134 2203
f 9143 9134 9145
f 2203 9138 9145
f 9138 2204 9146
f 9145 9146 2205
f 9138 9146 9145
f 2201 9122 9144
f 9122 2200 9143
f 9144 9143 2205
f 9122 9143 9144
f 2309 9476 9482
f 9476 2188 9481
f 9482 9481 2310
f 9476 9481 9482
f 2340 9582 9583
f 9582 2296 9578
f 9583 9578 2339
f 9582 9578 9583
f 2339 9595 9583
f 9595 2343 9596
f 9583 9596 2340
f 9595 9596 9583
f 2297 9443 9440
f 9443 2295 9435
f 9440 9435 2280
f 9443 9435 9440
f 2297 9449 9444
f 9449 2299 9448
f 9444 9448 2296
f 9449 9448 9444
f 2297 9444 9442
f 9444 2296 9439
f 9442 9439 2294
f 9444 9439 9442
f 2294 9438 9442
f 9438 2295 9443
f 9442 9443 2297
f 9438 9443 9442
f 1354 6467 9093
f 6467 1353 9092
f 9093 9092 2193
f 6467 9092 9093
f 2277 9388 9384
f 9388 2279 9389
f 9384 9389 2278
f 9388 9389 9384
f 2280 9435 9390
f 9435 2295 9434
f 9390 9434 2278
f 9435 9434 9390
f 1327 6647 6414
f 6647 1420 6648
f 6414 6648 1330
f 6647 6648 6414
f 1419 6645 6644
f 6645 1407 6597
f 6644 6597 1405
f 6645 6597 6644
f 1419 6651 6645
f 6651 1420 6649
f 6645 6649 1407
f 6651 6649 6645
f 1333 6420 6643
f 6420 1330 6642
f 6643 6642 1419
f 6420 6642 6643
f 1419 6642 6651
f 6642 1330 6648
f 6651 6648 1420
f 6642 6648 6651
f 1336 6426 6427
f 6426 1334 6425
f 6427 6425 1335
f 6426 6425 6427
f 1336 7686 6426
f 7686 1750 7685
f 6426 7685 1334
f 7686 7685 6426
f 1335 6429 6427
f 6429 1338 6430
f 6427 6430 1336
f 6429 6430 6427
f 1338 7687 6430
f 7687 1750 7686
f 6430 7686 1336
f 7687 7686 6430
f 1355 6470 6471
f 6470 1353 6467
f 6471 6467 1354
f 6470 6467 6471
f 1354 6465 6471
f 6465 1300 6468
f 6471 6468 1355
f 6465 6468 6471
f 1300 6521 6468
f 6521 1387 6522
f 6468 6522 1355
f 6521 6522 6468
f 1404 6587 6590
f 6587 1387 6588
f 6590 6588 1405
f 6587 6588 6590
f 1404 6596 6595
f 6596 1407 6598
f 6595 6598 1406
f 6596 6598 6595
f 1405 6597 6590
f 6597 1407 6596
f 6590 6596 1404
f 6597 6596 6590
f 1404 6586 6587
f 6586 1355 6522
f 6587 6522 1387
f 6586 6522 6587
f 261 3487 3483
f 3487 293 3489
f 3483 3489 292
f 3487 3489 3483
f 277 3415 3417
f 3415 274 3411
f 3417 3411 276
f 3415 3411 3417
f 275 3408 3416
f 3408 274 3415
f 3416 3415 277
f 3408 3415 3416
f 276 3410 3417
f 3410 261 3413
f 3417 3413 277
f 3410 3413 3417
f 264 3405 3414
f 3405 275 3416
f 3414 3416 277
f 3405 3416 3414
f 277 3412 3414
f 3412 260 3371
f 3414 3371 264
f 3412 3371 3414
f 292 3482 3484
f 3482 260 3412
f 3484 3412 277
f 3482 3412 3484
f 277 3413 3484
f 3413 261 3483
f 3484 3483 292
f 3413 3483 3484
f 213 3459 3368
f 3459 287 3462
f 3368 3462 264
f 3459 3462 3368
f 264 3371 3368
f 3371 260 3362
f 3368 3362 213
f 3371 3362 3368
f 213 3362 3459
f 3362 260 3461
f 3459 3461 287
f 3362 3461 3459
f 276 3409 3436
f 3409 254 3434
f 3436 3434 281
f 3409 3434 3436
f 281 3434 3488
f 3434 254 3486
f 3488 3486 293
f 3434 3486 3488
f 281 3435 3436
f 3435 261 3410
f 3436 3410 276
f 3435 3410 3436
f 293 3487 3488
f 3487 261 3435
f 3488 3435 281
f 3487 3435 3488
f 66 3312 2867
f 3312 243 3310
f 2867 3310 49
f 3312 3310 2867
f 65 3311 2869
f 3311 243 3312
f 2869 3312 66
f 3311 3312 2869
f 49 2833 2867
f 2833 50 2868
f 2867 2868 66
f 2833 2868 2867
f 66 2868 2869
f 2868 50 2865
f 2869 2865 65
f 2868 2865 2869
f 289 3468 3467
f 3468 227 3282
f 3467 3282 221
f 3468 3282 3467
f 227 3360 3282
f 3360 259 3359
f 3282 3359 221
f 3360 3359 3282
f 266 3375 3376
f 3375 256 3351
f 3376 3351 257
f 3375 3351 3376
f 257 3351 3350
f 3351 256 3347
f 3350 3347 217
f 3351 3347 3350
f 214 3356 3281
f 3356 259 3360
f 3281 3360 227
f 3356 3360 3281
f 227 3283 3281
f 3283 226 3279
f 3281 3279 214
f 3283 3279 3281
f 214 3279 4800
f 3279 226 4803
f 4800 4803 721
f 3279 4803 4800
f 214 4800 3364
f 4800 721 4804
f 3364 4804 262
f 4800 4804 3364
f 262 3365 3364
f 3365 259 3356
f 3364 3356 214
f 3365 3356 3364
f 59 2852 2854
f 2852 19 2850
f 2854 2850 58
f 2852 2850 2854
f 19 2756 2850
f 2756 18 2849
f 2850 2849 58
f 2756 2849 2850
f 58 2849 2851
f 2849 18 2847
f 2851 2847 57
f 2849 2847 2851
f 58 4701 2854
f 4701 699 4702
f 2854 4702 59
f 4701 4702 2854
f 57 4700 2851
f 4700 699 4701
f 2851 4701 58
f 4700 4701 2851
f 219 3348 3345
f 3348 256 3349
f 3345 3349 255
f 3348 3349 3345
f 255 3346 3345
f 3346 220 3273
f 3345 3273 219
f 3346 3273 3345
f 264 3369 3370
f 3369 220 3346
f 3370 3346 255
f 3369 3346 3370
f 255 3372 3370
f 3372 265 3374
f 3370 3374 264
f 3372 3374 3370
f 255 3349 3372
f 3349 256 3373
f 3372 3373 265
f 3349 3373 3372
f 1465 6858 6857
f 6858 1191 6044
f 6857 6044 1122
f 6858 6044 6857
f 1460 6840 6859
f 6840 1191 6858
f 6859 6858 1465
f 6840 6858 6859
f 1483 6963 6966
f 6963 1460 6859
f 6966 6859 1465
f 6963 6859 6966
f 1249 6328 6276
f 6328 1287 6330
f 6276 6330 1277
f 6328 6330 6276
f 1250 6200 6198
f 6200 1251 6199
f 6198 6199 1249
f 6200 6199 6198
f 1251 6329 6199
f 6329 1287 6328
f 6199 6328 1249
f 6329 6328 6199
f 1471 6888 6889
f 6888 1184 6021
f 6889 6021 1185
f 6888 6021 6889
f 1185 6025 6889
f 6025 1186 6890
f 6889 6890 1471
f 6025 6890 6889
f 1185 6021 6322
f 6021 1184 6321
f 6322 6321 1286
f 6021 6321 6322
f 1286 6323 6322
f 6323 1186 6025
f 6322 6025 1185
f 6323 6025 6322
f 731 4841 6914
f 4841 730 6913
f 6914 6913 1476
f 4841 6913 6914
f 1473 6944 6949
f 6944 1480 6952
f 6949 6952 1481
f 6944 6952 6949
f 1473 6900 6944
f 6900 1472 6943
f 6944 6943 1480
f 6900 6943 6944
f 1471 6890 6892
f 6890 1186 6884
f 6892 6884 1470
f 6890 6884 6892
f 1470 6984 6892
f 6984 1486 6985
f 6892 6985 1471
f 6984 6985 6892
f 1469 6983 6885
f 6983 1486 6984
f 6885 6984 1470
f 6983 6984 6885
f 205 3241 3247
f 3241 124 3246
f 3247 3246 206
f 3241 3246 3247
f 206 3246 3291
f 3246 124 3290
f 3291 3290 234
f 3246 3290 3291
f 295 3499 3498
f 3499 234 3292
f 3498 3292 230
f 3499 3292 3498
f 230 3286 3498
f 3286 123 3495
f 3498 3495 295
f 3286 3495 3498
f 234 3289 3292
f 3289 123 3286
f 3292 3286 230
f 3289 3286 3292
f 234 3293 3565
f 3293 231 3563
f 3565 3563 316
f 3293 3563 3565
f 78 2897 2904
f 2897 55 2903
f 2904 2903 81
f 2897 2903 2904
f 81 3581 2904
f 3581 319 3580
f 2904 3580 78
f 3581 3580 2904
f 81 3562 3581
f 3562 316 3583
f 3581 3583 319
f 3562 3583 3581
f 1148 6039 6036
f 6039 1189 6040
f 6036 6040 1188
f 6039 6040 6036
f 1188 6040 6326
f 6040 1189 6327
f 6326 6327 1287
f 6040 6327 6326
f 1188 6326 6037
f 6326 1287 6325
f 6037 6325 1184
f 6326 6325 6037
f 1184 6020 6037
f 6020 1143 6034
f 6037 6034 1188
f 6020 6034 6037
f 1116 6038 6849
f 6038 1189 6851
f 6849 6851 1463
f 6038 6851 6849
f 1463 6852 6849
f 6852 1190 6041
f 6849 6041 1116
f 6852 6041 6849
f 1116 6041 6038
f 6041 1190 6043
f 6038 6043 1189
f 6041 6043 6038
f 1147 6838 5918
f 6838 1460 6836
f 5918 6836 1120
f 6838 6836 5918
f 1120 6836 6970
f 6836 1460 6974
f 6970 6974 1484
f 6836 6974 6970
f 1120 6970 5875
f 6970 1484 6969
f 5875 6969 1119
f 6970 6969 5875
f 1119 6047 5875
f 6047 1192 6048
f 5875 6048 1120
f 6047 6048 5875
f 126 2972 2968
f 2972 127 2971
f 2968 2971 125
f 2972 2971 2968
f 125 2971 2967
f 2971 127 2970
f 2967 2970 120
f 2971 2970 2967
f 120 2958 2959
f 2958 118 2956
f 2959 2956 119
f 2958 2956 2959
f 118 3266 2956
f 3266 211 3267
f 2956 3267 119
f 3266 3267 2956
f 119 2966 2959
f 2966 125 2967
f 2959 2967 120
f 2966 2967 2959
f 119 3267 2955
f 3267 211 3263
f 2955 3263 72
f 3267 3263 2955
f 156 3061 3060
f 3061 150 3039
f 3060 3039 149
f 3061 3039 3060
f 149 3035 3060
f 3035 129 3057
f 3060 3057 156
f 3035 3057 3060
f 742 6814 4864
f 6814 1455 6813
f 4864 6813 181
f 6814 6813 4864
f 1435 6723 6716
f 6723 1428 6688
f 6716 6688 742
f 6723 6688 6716
f 195 6778 6715
f 6778 1448 6782
f 6715 6782 1435
f 6778 6782 6715
f 1435 6716 6715
f 6716 742 4867
f 6715 4867 195
f 6716 4867 6715
f 181 3161 3159
f 3161 150 3037
f 3159 3037 106
f 3161 3037 3159
f 106 3128 3159
f 3128 172 3162
f 3159 3162 181
f 3128 3162 3159
f 150 3130 3037
f 3130 172 3128
f 3037 3128 106
f 3130 3128 3037
f 181 3162 3163
f 3162 172 3143
f 3163 3143 176
f 3162 3143 3163
f 176 3143 3144
f 3143 172 3141
f 3144 3141 175
f 3143 3141 3144
f 142 3129 3058
f 3129 172 3131
f 3058 3131 156
f 3129 3131 3058
f 171 3132 3125
f 3132 172 3129
f 3125 3129 142
f 3132 3129 3125
f 32 3080 2892
f 3080 161 3081
f 2892 3081 76
f 3080 3081 2892
f 32 2781 2786
f 2781 21 2785
f 2786 2785 33
f 2781 2785 2786
f 22 2760 2782
f 2760 21 2781
f 2782 2781 32
f 2760 2781 2782
f 76 2891 2892
f 2891 31 2783
f 2892 2783 32
f 2891 2783 2892
f 32 2783 2782
f 2783 31 2778
f 2782 2778 22
f 2783 2778 2782
f 164 3095 3094
f 3095 161 3082
f 3094 3082 154
f 3095 3082 3094
f 76 3081 3064
f 3081 161 3083
f 3064 3083 157
f 3081 3083 3064
f 157 3063 3064
f 3063 31 2891
f 3064 2891 76
f 3063 2891 3064
f 33 3051 3078
f 3051 154 3079
f 3078 3079 160
f 3051 3079 3078
f 154 3082 3079
f 3082 161 3085
f 3079 3085 160
f 3082 3085 3079
f 160 3077 3078
f 3077 32 2786
f 3078 2786 33
f 3077 2786 3078
f 161 3080 3085
f 3080 32 3077
f 3085 3077 160
f 3080 3077 3085
f 68 2877 2872
f 2877 70 2876
f 2872 2876 30
f 2877 2876 2872
f 30 2888 2872
f 2888 75 2890
f 2872 2890 68
f 2888 2890 2872
f 210 3260 3262
f 3260 68 2990
f 3262 2990 134
f 3260 2990 3262
f 132 2984 2983
f 2984 129 2975
f 2983 2975 128
f 2984 2975 2983
f 132 3021 2984
f 3021 145 3020
f 2984 3020 129
f 3021 3020 2984
f 35 2910 2908
f 2910 84 2911
f 2908 2911 83
f 2910 2911 2908
f 37 2913 2797
f 2913 85 2912
f 2797 2912 35
f 2913 2912 2797
f 85 2916 2912
f 2916 84 2910
f 2912 2910 35
f 2916 2910 2912
f 14 2772 2769
f 2772 29 2773
f 2769 2773 28
f 2772 2773 2769
f 28 2885 2800
f 2885 74 2886
f 2800 2886 38
f 2885 2886 2800
f 73 2887 2883
f 2887 74 2885
f 2883 2885 28
f 2887 2885 2883
f 72 2884 2880
f 2884 73 2883
f 2880 2883 28
f 2884 2883 2880
f 28 2773 2880
f 2773 29 2881
f 2880 2881 72
f 2773 2881 2880
f 72 2881 2882
f 2881 29 2879
f 2882 2879 71
f 2881 2879 2882
f 71 2879 2996
f 2879 29 2994
f 2996 2994 135
f 2879 2994 2996
f 71 2954 2882
f 2954 119 2955
f 2882 2955 72
f 2954 2955 2882
f 8 2747 2749
f 2747 14 2750
f 2749 2750 15
f 2747 2750 2749
f 15 2770 2798
f 2770 28 2800
f 2798 2800 38
f 2770 2800 2798
f 14 2769 2750
f 2769 28 2770
f 2750 2770 15
f 2769 2770 2750
f 209 3268 3258
f 3268 211 3266
f 3258 3266 118
f 3268 3266 3258
f 209 3257 3268
f 3257 74 3265
f 3268 3265 211
f 3257 3265 3268
f 209 3258 3259
f 3258 118 3227
f 3259 3227 202
f 3258 3227 3259
f 202 3223 3259
f 3223 74 3257
f 3259 3257 209
f 3223 3257 3259
f 38 2905 2804
f 2905 82 2906
f 2804 2906 39
f 2905 2906 2804
f 37 2796 2803
f 2796 17 2802
f 2803 2802 39
f 2796 2802 2803
f 39 2914 2803
f 2914 85 2913
f 2803 2913 37
f 2914 2913 2803
f 82 2915 2906
f 2915 85 2914
f 2906 2914 39
f 2915 2914 2906
f 806 5005 5004
f 5005 800 4984
f 5004 4984 773
f 5005 4984 5004
f 590 5052 5047
f 5052 824 5056
f 5047 5056 823
f 5052 5056 5047
f 609 4361 5064
f 4361 613 5065
f 5064 5065 827
f 4361 5065 5064
f 575 4241 5031
f 4241 563 5030
f 5031 5030 818
f 4241 5030 5031
f 818 5048 5055
f 5048 823 5056
f 5055 5056 824
f 5048 5056 5055
f 564 5036 5034
f 5036 820 5040
f 5034 5040 819
f 5036 5040 5034
f 819 5033 5034
f 5033 563 4217
f 5034 4217 564
f 5033 4217 5034
f 819 5035 5033
f 5035 818 5030
f 5033 5030 563
f 5035 5030 5033
f 823 5048 5049
f 5048 818 5035
f 5049 5035 819
f 5048 5035 5049
f 2055 8631 8636
f 8631 807 8633
f 8636 8633 2056
f 8631 8633 8636
f 2056 8634 8636
f 8634 2013 8632
f 8636 8632 2055
f 8634 8632 8636
f 2055 8632 8631
f 8632 2013 8552
f 8631 8552 807
f 8632 8552 8631
f 2014 8555 8635
f 8555 2013 8634
f 8635 8634 2056
f 8555 8634 8635
f 2014 8641 8624
f 8641 2059 8642
f 8624 8642 2052
f 8641 8642 8624
f 2056 8644 8635
f 8644 2059 8641
f 8635 8641 2014
f 8644 8641 8635
f 2012 8553 8554
f 8553 2013 8555
f 8554 8555 2014
f 8553 8555 8554
f 2014 8799 8554
f 8799 2108 8798
f 8554 8798 2012
f 8799 8798 8554
f 2052 8800 8624
f 8800 2108 8799
f 8624 8799 2014
f 8800 8799 8624
f 2209 9162 9164
f 9162 2062 9151
f 9164 9151 2207
f 9162 9151 9164
f 2058 8647 9159
f 8647 2060 9160
f 9159 9160 2209
f 8647 9160 9159
f 2271 9358 9357
f 9358 2211 9172
f 9357 9172 2209
f 9358 9172 9357
f 2209 9172 9159
f 9172 2211 9171
f 9159 9171 2058
f 9172 9171 9159
f 2207 9150 9149
f 9150 868 5181
f 9149 5181 867
f 9150 5181 9149
f 876 5251 5262
f 5251 874 5260
f 5262 5260 878
f 5251 5260 5262
f 876 5250 5247
f 5250 868 5180
f 5247 5180 807
f 5250 5180 5247
f 876 5249 5250
f 5249 867 5181
f 5250 5181 868
f 5249 5181 5250
f 807 5007 5009
f 5007 574 5008
f 5009 5008 808
f 5007 5008 5009
f 808 5248 5009
f 5248 876 5247
f 5009 5247 807
f 5248 5247 5009
f 874 5251 5237
f 5251 876 5248
f 5237 5248 808
f 5251 5248 5237
f 592 4376 4353
f 4376 616 4377
f 4353 4377 610
f 4376 4377 4353
f 592 4353 4288
f 4353 610 4352
f 4288 4352 590
f 4353 4352 4288
f 590 4287 4288
f 4287 591 4289
f 4288 4289 592
f 4287 4289 4288
f 434 3855 4351
f 3855 415 4350
f 4351 4350 610
f 3855 4350 4351
f 610 4377 4351
f 4377 616 4375
f 4351 4375 434
f 4377 4375 4351
f 434 4375 3854
f 4375 616 4374
f 3854 4374 412
f 4375 4374 3854
f 412 3851 3854
f 3851 433 3857
f 3854 3857 434
f 3851 3857 3854
f 416 3806 3856
f 3806 415 3855
f 3856 3855 434
f 3806 3855 3856
f 434 3857 3856
f 3857 433 3853
f 3856 3853 416
f 3857 3853 3856
f 591 4296 4290
f 4296 594 4297
f 4290 4297 593
f 4296 4297 4290
f 593 4291 4290
f 4291 592 4289
f 4290 4289 591
f 4291 4289 4290
f 570 4235 4231
f 4235 571 4234
f 4231 4234 558
f 4235 4234 4231
f 558 4208 4231
f 4208 559 4232
f 4231 4232 570
f 4208 4232 4231
f 558 4234 4236
f 4234 571 4238
f 4236 4238 572
f 4234 4238 4236
f 558 4236 4226
f 4236 572 4237
f 4226 4237 568
f 4236 4237 4226
f 606 4478 4474
f 4478 639 4480
f 4474 4480 638
f 4478 4480 4474
f 640 4483 4481
f 4483 638 4471
f 4481 4471 323
f 4483 4471 4481
f 2118 8874 8838
f 8874 2134 8875
f 8838 8875 2119
f 8874 8875 8838
f 2064 8831 8835
f 8831 2117 8836
f 8835 8836 2118
f 8831 8836 8835
f 2132 8876 8870
f 8876 2134 8874
f 8870 8874 2118
f 8876 8874 8870
f 2118 8836 8870
f 8836 2117 8869
f 8870 8869 2132
f 8836 8869 8870
f 2118 8838 8834
f 8838 2119 8837
f 8834 8837 581
f 8838 8837 8834
f 581 8658 8834
f 8658 2064 8835
f 8834 8835 2118
f 8658 8835 8834
f 488 4002 4006
f 4002 409 4004
f 4006 4004 489
f 4002 4004 4006
f 1026 5655 5656
f 5655 488 4006
f 5656 4006 489
f 5655 4006 5656
f 490 5657 4008
f 5657 1026 5656
f 4008 5656 489
f 5657 5656 4008
f 489 4005 4008
f 4005 487 4007
f 4008 4007 490
f 4005 4007 4008
f 352 3665 3705
f 3665 353 3706
f 3705 3706 377
f 3665 3706 3705
f 377 3707 3705
f 3707 376 3703
f 3705 3703 352
f 3707 3703 3705
f 352 3703 3664
f 3703 376 3702
f 3664 3702 351
f 3703 3702 3664
f 351 4394 3664
f 4394 621 4395
f 3664 4395 352
f 4394 4395 3664
f 352 4395 3665
f 4395 621 4396
f 3665 4396 353
f 4395 4396 3665
f 379 3710 3713
f 3710 353 3712
f 3713 3712 380
f 3710 3712 3713
f 353 3714 3712
f 3714 381 3716
f 3712 3716 380
f 3714 3716 3712
f 380 3716 3969
f 3716 381 3970
f 3969 3970 478
f 3716 3970 3969
f 380 3772 3713
f 3772 401 3771
f 3713 3771 379
f 3772 3771 3713
f 478 3972 3969
f 3972 401 3772
f 3969 3772 380
f 3972 3772 3969
f 407 3787 3788
f 3787 405 3783
f 3788 3783 406
f 3787 3783 3788
f 347 3660 3687
f 3660 348 3688
f 3687 3688 372
f 3660 3688 3687
f 372 3693 3687
f 3693 373 3692
f 3687 3692 347
f 3693 3692 3687
f 347 3692 3659
f 3692 373 3691
f 3659 3691 346
f 3692 3691 3659
f 347 3659 4456
f 3659 346 4455
f 4456 4455 634
f 3659 4455 4456
f 634 4457 4456
f 4457 348 3660
f 4456 3660 347
f 4457 3660 4456
f 619 4400 4391
f 4400 621 4401
f 4391 4401 620
f 4400 4401 4391
f 698 4689 4697
f 4689 8 4387
f 4697 4387 620
f 4689 4387 4697
f 620 4401 4697
f 4401 621 4698
f 4697 4698 698
f 4401 4698 4697
f 620 4389 4391
f 4389 10 4386
f 4391 4386 619
f 4389 4386 4391
f 9 2741 4388
f 2741 10 4389
f 4388 4389 620
f 2741 4389 4388
f 350 4393 3663
f 4393 621 4394
f 3663 4394 351
f 4393 4394 3663
f 349 4392 3662
f 4392 621 4393
f 3662 4393 350
f 4392 4393 3662
f 351 3702 3663
f 3702 376 3701
f 3663 3701 350
f 3702 3701 3663
f 376 3700 3701
f 3700 349 3662
f 3701 3662 350
f 3700 3662 3701
f 1031 5698 5701
f 5698 1025 5694
f 5701 5694 1030
f 5698 5694 5701
f 1031 5697 5698
f 5697 1024 5654
f 5698 5654 1025
f 5697 5654 5698
f 1031 5699 5697
f 5699 1028 5679
f 5697 5679 1024
f 5699 5679 5697
f 1021 5670 9124
f 5670 1027 9126
f 9124 9126 2202
f 5670 9126 9124
f 2201 9121 9133
f 9121 1020 9123
f 9133 9123 2202
f 9121 9123 9133
f 2202 9123 9124
f 9123 1020 5626
f 9124 5626 1021
f 9123 5626 9124
f 2202 9126 9125
f 9126 1027 5671
f 9125 5671 1025
f 9126 5671 9125
f 2202 9125 9130
f 9125 1025 5717
f 9130 5717 1039
f 9125 5717 9130
f 2202 9130 9129
f 9130 1039 5721
f 9129 5721 1038
f 9130 5721 9129
f 1038 5716 9129
f 5716 1036 9128
f 9129 9128 2202
f 5716 9128 9129
f 2202 9223 9133
f 9223 2230 9222
f 9133 9222 2201
f 9223 9222 9133
f 2202 9128 9127
f 9128 1036 5710
f 9127 5710 1034
f 9128 5710 9127
f 2232 9244 9243
f 9244 2231 9226
f 9243 9226 2202
f 9244 9226 9243
f 2231 9229 9226
f 9229 2230 9223
f 9226 9223 2202
f 9229 9223 9226
f 1034 5724 9127
f 5724 1040 9131
f 9127 9131 2202
f 5724 9131 9127
f 2202 9132 9243
f 9132 1062 9241
f 9243 9241 2232
f 9132 9241 9243
f 2202 9131 9132
f 9131 1040 5792
f 9132 5792 1062
f 9131 5792 9132
f 1075 5824 5823
f 5824 1074 5821
f 5823 5821 485
f 5824 5821 5823
f 485 5825 5823
f 5825 1076 5826
f 5823 5826 1075
f 5825 5826 5823
f 1032 5808 5806
f 5808 1068 5809
f 5806 5809 1067
f 5808 5809 5806
f 1064 5803 5848
f 5803 1065 5849
f 5848 5849 1082
f 5803 5849 5848
f 1046 5797 5846
f 5797 1063 5847
f 5846 5847 1082
f 5797 5847 5846
f 1082 5847 5848
f 5847 1063 5800
f 5848 5800 1064
f 5847 5800 5848
f 1082 5859 5860
f 5859 1075 5826
f 5860 5826 1076
f 5859 5826 5860
f 1074 5824 5858
f 5824 1075 5859
f 5858 5859 1082
f 5824 5859 5858
f 1077 5828 5861
f 5828 1046 5846
f 5861 5846 1082
f 5828 5846 5861
f 1082 5860 5861
f 5860 1076 5829
f 5861 5829 1077
f 5860 5829 5861
f 1082 5851 5852
f 5851 1067 5809
f 5852 5809 1068
f 5851 5809 5852
f 1050 5736 9236
f 5736 1049 9235
f 9236 9235 2232
f 5736 9235 9236
f 2232 9237 9236
f 9237 1051 5738
f 9236 5738 1050
f 9237 5738 9236
f 1050 5741 5736
f 5741 1052 5740
f 5736 5740 1049
f 5741 5740 5736
f 1050 5738 5741
f 5738 1051 5742
f 5741 5742 1052
f 5738 5742 5741
f 2232 9234 9233
f 9234 1048 5735
f 9233 5735 1047
f 9234 5735 9233
f 1047 5737 9233
f 5737 1051 9237
f 9233 9237 2232
f 5737 9237 9233
f 1047 5735 5744
f 5735 1048 5745
f 5744 5745 1054
f 5735 5745 5744
f 1054 5746 5744
f 5746 1052 5739
f 5744 5739 1047
f 5746 5739 5744
f 1052 5742 5739
f 5742 1051 5737
f 5739 5737 1047
f 5742 5737 5739
f 1058 5768 5784
f 5768 1057 5783
f 5784 5783 1059
f 5768 5783 5784
f 997 5591 5592
f 5591 949 5395
f 5592 5395 950
f 5591 5395 5592
f 950 5397 5592
f 5397 951 5593
f 5592 5593 997
f 5397 5593 5592
f 997 5593 5594
f 5593 951 5399
f 5594 5399 952
f 5593 5399 5594
f 997 5594 5595
f 5594 952 5401
f 5595 5401 953
f 5594 5401 5595
f 953 5568 5595
f 5568 996 5596
f 5595 5596 997
f 5568 5596 5595
f 934 5555 5376
f 5555 995 5553
f 5376 5553 930
f 5555 5553 5376
f 930 5725 5376
f 5725 1041 5726
f 5376 5726 934
f 5725 5726 5376
f 930 9245 5725
f 9245 2233 9256
f 5725 9256 1041
f 9245 9256 5725
f 954 5405 5402
f 5405 955 5403
f 5402 5403 545
f 5405 5403 5402
f 545 5407 5402
f 5407 957 5408
f 5402 5408 954
f 5407 5408 5402
f 954 5408 5405
f 5408 957 5409
f 5405 5409 955
f 5408 5409 5405
f 920 5357 5426
f 5357 921 5427
f 5426 5427 962
f 5357 5427 5426
f 920 5426 5431
f 5426 962 5432
f 5431 5432 963
f 5426 5432 5431
f 963 5430 5431
f 5430 919 5347
f 5431 5347 920
f 5430 5347 5431
f 473 3956 3953
f 3956 470 3936
f 3953 3936 450
f 3956 3936 3953
f 394 3922 3952
f 3922 463 3954
f 3952 3954 473
f 3922 3954 3952
f 473 3953 3951
f 3953 450 3898
f 3951 3898 393
f 3953 3898 3951
f 393 3757 3951
f 3757 394 3952
f 3951 3952 473
f 3757 3952 3951
f 472 3950 3947
f 3950 471 3941
f 3947 3941 465
f 3950 3941 3947
f 471 3943 3941
f 3943 470 3938
f 3941 3938 465
f 3943 3938 3941
f 470 3956 3938
f 3956 473 3955
f 3938 3955 465
f 3956 3955 3938
f 465 3955 3928
f 3955 473 3954
f 3928 3954 463
f 3955 3954 3928
f 465 3928 3929
f 3928 463 3927
f 3929 3927 464
f 3928 3927 3929
f 464 3930 3929
f 3930 466 3931
f 3929 3931 465
f 3930 3931 3929
f 466 3948 3931
f 3948 472 3947
f 3931 3947 465
f 3948 3947 3931
f 460 3964 3916
f 3964 476 3962
f 3916 3962 445
f 3964 3962 3916
f 460 3919 4167
f 3919 459 4166
f 4167 4166 546
f 3919 4166 4167
f 387 3873 3736
f 3873 441 3872
f 3736 3872 386
f 3873 3872 3736
f 387 3744 3873
f 3744 390 3875
f 3873 3875 441
f 3744 3875 3873
f 387 3736 3735
f 3736 386 3733
f 3735 3733 359
f 3736 3733 3735
f 359 3743 3735
f 3743 390 3744
f 3735 3744 387
f 3743 3744 3735
f 480 3979 3978
f 3979 440 3870
f 3978 3870 439
f 3979 3870 3978
f 439 3984 3978
f 3984 482 3986
f 3978 3986 480
f 3984 3986 3978
f 440 3869 3870
f 3869 438 3867
f 3870 3867 439
f 3869 3867 3870
f 438 3983 3867
f 3983 482 3984
f 3867 3984 439
f 3983 3984 3867
f 438 3893 3892
f 3893 448 3895
f 3892 3895 447
f 3893 3895 3892
f 447 3985 3892
f 3985 482 3983
f 3892 3983 438
f 3985 3983 3892
f 454 3908 4172
f 3908 456 4173
f 4172 4173 548
f 3908 4173 4172
f 454 3906 3908
f 3906 455 3909
f 3908 3909 456
f 3906 3909 3908
f 548 4174 4172
f 4174 459 3913
f 4172 3913 454
f 4174 3913 4172
f 459 3914 3913
f 3914 455 3906
f 3913 3906 454
f 3914 3906 3913
f 86 3032 4711
f 3032 148 4713
f 4711 4713 701
f 3032 4713 4711
f 700 4707 4705
f 4707 148 3032
f 4705 3032 86
f 4707 3032 4705
f 702 4723 4718
f 4723 703 4721
f 4718 4721 86
f 4723 4721 4718
f 86 4721 3648
f 4721 703 4722
f 3648 4722 342
f 4721 4722 3648
f 342 4709 3648
f 4709 700 4705
f 3648 4705 86
f 4709 4705 3648
f 86 4703 4718
f 4703 699 4720
f 4718 4720 702
f 4703 4720 4718
f 701 4715 4711
f 4715 699 4703
f 4711 4703 86
f 4715 4703 4711
f 77 2894 3091
f 2894 34 3090
f 3091 3090 163
f 2894 3090 3091
f 338 3634 3637
f 3634 105 3025
f 3637 3025 146
f 3634 3025 3637
f 146 3034 3637
f 3034 148 3638
f 3637 3638 338
f 3034 3638 3637
f 146 3025 3024
f 3025 105 2938
f 3024 2938 103
f 3025 2938 3024
f 143 3033 4706
f 3033 148 4707
f 4706 4707 700
f 3033 4707 4706
f 338 3638 3636
f 3638 148 3033
f 3636 3033 143
f 3638 3033 3636
f 1261 6227 6230
f 6227 1256 6224
f 6230 6224 1260
f 6227 6224 6230
f 1261 6230 8210
f 6230 1260 8209
f 8210 8209 1908
f 6230 8209 8210
f 1261 6226 6227
f 6226 1255 6213
f 6227 6213 1256
f 6226 6213 6227
f 1908 8215 8210
f 8215 1909 8213
f 8210 8213 1261
f 8215 8213 8210
f 1909 8212 8213
f 8212 1257 6228
f 8213 6228 1261
f 8212 6228 8213
f 1260 6224 6225
f 6224 1256 6223
f 6225 6223 1259
f 6224 6223 6225
f 1256 6213 6223
f 6213 1255 6222
f 6223 6222 1259
f 6213 6222 6223
f 1262 6231 8214
f 6231 1257 8212
f 8214 8212 1909
f 6231 8212 8214
f 1909 8218 8214
f 8218 1910 8216
f 8214 8216 1262
f 8218 8216 8214
f 1286 6335 6324
f 6335 1288 6332
f 6324 6332 1187
f 6335 6332 6324
f 1288 6334 6332
f 6334 1284 6309
f 6332 6309 1187
f 6334 6309 6332
f 1187 6031 6324
f 6031 1186 6323
f 6324 6323 1286
f 6031 6323 6324
f 2674 10694 10693
f 10694 1984 8437
f 10693 8437 1983
f 10694 8437 10693
f 1913 8436 10692
f 8436 1984 10694
f 10692 10694 2674
f 8436 10694 10692
f 2674 10695 10692
f 10695 2626 10543
f 10692 10543 1913
f 10695 10543 10692
f 2674 10697 10695
f 10697 2673 10688
f 10695 10688 2626
f 10697 10688 10695
f 1266 7182 6242
f 7182 1557 7181
f 6242 7181 1265
f 7182 7181 6242
f 1558 7186 7188
f 7186 1244 6238
f 7188 6238 1265
f 7186 6238 7188
f 1265 7181 7188
f 7181 1557 7190
f 7188 7190 1558
f 7181 7190 7188
f 1579 7262 7261
f 7262 1557 7185
f 7261 7185 1556
f 7262 7185 7261
f 1556 10540 10544
f 10540 2626 10547
f 10544 10547 2627
f 10540 10547 10544
f 2627 10546 10544
f 10546 1579 7261
f 10544 7261 1556
f 10546 7261 10544
f 1911 10541 8221
f 10541 2626 10540
f 8221 10540 1556
f 10541 10540 8221
f 1556 7180 8221
f 7180 1266 8220
f 8221 8220 1911
f 7180 8220 8221
f 1556 7185 7180
f 7185 1557 7182
f 7180 7182 1266
f 7185 7182 7180
f 2681 10723 10722
f 10723 2673 10691
f 10722 10691 2647
f 10723 10691 10722
f 2647 10623 10622
f 10623 1892 8158
f 10622 8158 1891
f 10623 8158 10622
f 1983 8431 10624
f 8431 1892 10623
f 10624 10623 2647
f 8431 10623 10624
f 2683 10734 10732
f 10734 2681 10722
f 10732 10722 2647
f 10734 10722 10732
f 2647 10696 10624
f 10696 2674 10693
f 10624 10693 1983
f 10696 10693 10624
f 2673 10697 10691
f 10697 2674 10696
f 10691 10696 2647
f 10697 10696 10691
f 1806 7869 7868
f 7869 1793 7828
f 7868 7828 1792
f 7869 7828 7868
f 1793 7826 7828
f 7826 1778 7825
f 7828 7825 1792
f 7826 7825 7828
f 1792 7822 7868
f 7822 1645 7867
f 7868 7867 1806
f 7822 7867 7868
f 1792 7825 7824
f 7825 1778 7778
f 7824 7778 1649
f 7825 7778 7824
f 1994 8477 8476
f 8477 1993 8473
f 8476 8473 1992
f 8477 8473 8476
f 1992 8466 8476
f 8466 1906 8475
f 8476 8475 1994
f 8466 8475 8476
f 1995 8480 8481
f 8480 1993 8477
f 8481 8477 1994
f 8480 8477 8481
f 1939 8439 8297
f 8439 1985 8440
f 8297 8440 1941
f 8439 8440 8297
f 1990 8465 8461
f 8465 1991 8464
f 8461 8464 1989
f 8465 8464 8461
f 1989 8457 8461
f 8457 1988 8460
f 8461 8460 1990
f 8457 8460 8461
f 1901 8190 8186
f 8190 1902 8188
f 8186 8188 1274
f 8190 8188 8186
f 1200 8181 6182
f 8181 1900 8182
f 6182 8182 1246
f 8181 8182 6182
f 1176 5988 6059
f 5988 1086 6057
f 6059 6057 1194
f 5988 6057 6059
f 1289 8189 8191
f 8189 1902 8193
f 8191 8193 1903
f 8189 8193 8191
f 1903 8192 8191
f 8192 1290 6342
f 8191 6342 1289
f 8192 6342 8191
f 1289 6342 6338
f 6342 1290 6341
f 6338 6341 1275
f 6342 6341 6338
f 1275 6268 6338
f 6268 1274 6337
f 6338 6337 1289
f 6268 6337 6338
f 1289 6337 8189
f 6337 1274 8188
f 8189 8188 1902
f 6337 8188 8189
f 1948 8314 8315
f 8314 1949 8316
f 8315 8316 1950
f 8314 8316 8315
f 1948 8394 8311
f 8394 1974 8393
f 8311 8393 1946
f 8394 8393 8311
f 1948 8311 8312
f 8311 1946 8310
f 8312 8310 1947
f 8311 8310 8312
f 1947 8313 8312
f 8313 1949 8314
f 8312 8314 1948
f 8313 8314 8312
f 1950 8388 8315
f 8388 1973 8387
f 8315 8387 1948
f 8388 8387 8315
f 1973 8395 8387
f 8395 1974 8394
f 8387 8394 1948
f 8395 8394 8387
f 1295 6358 8200
f 6358 1294 8199
f 8200 8199 1905
f 6358 8199 8200
f 1905 8199 8201
f 8199 1294 8196
f 8201 8196 1904
f 8199 8196 8201
f 1905 8474 8205
f 8474 1994 8475
f 8205 8475 1906
f 8474 8475 8205
f 1970 8373 8369
f 8373 1969 8365
f 8369 8365 1919
f 8373 8365 8369
f 1919 8248 8369
f 8248 1920 8370
f 8369 8370 1970
f 8248 8370 8369
f 1919 8246 8244
f 8246 1918 8242
f 8244 8242 1640
f 8246 8242 8244
f 1919 8365 8361
f 8365 1969 8368
f 8361 8368 1968
f 8365 8368 8361
f 1968 8360 8361
f 8360 1918 8246
f 8361 8246 1919
f 8360 8246 8361
f 1640 7406 7407
f 7406 1641 7408
f 7407 7408 1642
f 7406 7408 7407
f 1642 8245 7407
f 8245 1919 8244
f 7407 8244 1640
f 8245 8244 7407
f 1920 8248 8247
f 8248 1919 8245
f 8247 8245 1642
f 8248 8245 8247
f 1642 7410 7411
f 7410 1643 7412
f 7411 7412 1644
f 7410 7412 7411
f 1641 7409 7408
f 7409 1643 7410
f 7408 7410 1642
f 7409 7410 7408
f 1644 8250 7411
f 8250 1921 8249
f 7411 8249 1642
f 8250 8249 7411
f 1921 8251 8249
f 8251 1920 8247
f 8249 8247 1642
f 8251 8247 8249
f 1944 8307 8398
f 8307 1946 8399
f 8398 8399 1975
f 8307 8399 8398
f 1975 8405 8398
f 8405 1976 8404
f 8398 8404 1944
f 8405 8404 8398
f 2653 10717 10725
f 10717 2680 10728
f 10725 10728 2682
f 10717 10728 10725
f 2682 10729 10735
f 10729 2681 10734
f 10735 10734 2683
f 10729 10734 10735
f 2682 10727 10729
f 10727 2679 10724
f 10729 10724 2681
f 10727 10724 10729
f 2682 10728 10727
f 10728 2680 10720
f 10727 10720 2679
f 10728 10720 10727
f 2683 10733 10735
f 10733 2655 10726
f 10735 10726 2682
f 10733 10726 10735
f 2682 10726 10725
f 10726 2655 10636
f 10725 10636 2653
f 10726 10636 10725
f 2628 10713 10705
f 10713 2679 10715
f 10705 10715 2677
f 10713 10715 10705
f 2679 10720 10715
f 10720 2680 10718
f 10715 10718 2677
f 10720 10718 10715
f 2677 10706 10705
f 10706 2629 10555
f 10705 10555 2628
f 10706 10555 10705
f 2632 10567 10707
f 10567 2629 10706
f 10707 10706 2677
f 10567 10706 10707
f 1914 8227 8232
f 8227 1661 8231
f 8232 8231 1915
f 8227 8231 8232
f 1914 8420 8415
f 8420 1980 8424
f 8415 8424 1979
f 8420 8424 8415
f 1914 8232 8420
f 8232 1915 8421
f 8420 8421 1980
f 8232 8421 8420
f 1979 8416 8415
f 8416 1916 8236
f 8415 8236 1914
f 8416 8236 8415
f 1914 8236 8226
f 8236 1916 8234
f 8226 8234 1658
f 8236 8234 8226
f 2684 10738 10737
f 10738 1891 8157
f 10737 8157 1890
f 10738 8157 10737
f 1890 8156 10737
f 8156 1889 10736
f 10737 10736 2684
f 8156 10736 10737
f 2684 10736 10740
f 10736 1889 10730
f 10740 10730 2683
f 10736 10730 10740
f 2683 10732 10740
f 10732 2647 10739
f 10740 10739 2684
f 10732 10739 10740
f 2684 10739 10738
f 10739 2647 10622
f 10738 10622 1891
f 10739 10622 10738
f 1981 8426 8427
f 8426 1936 8422
f 8427 8422 1980
f 8426 8422 8427
f 1980 8421 8427
f 8421 1915 8425
f 8427 8425 1981
f 8421 8425 8427
f 1915 10533 8425
f 10533 2623 10534
f 8425 10534 1981
f 10533 10534 8425
f 2657 10641 10642
f 10641 1936 8426
f 10642 8426 1981
f 10641 8426 10642
f 1981 10535 10642
f 10535 2624 10643
f 10642 10643 2657
f 10535 10643 10642
f 2623 10536 10534
f 10536 2624 10535
f 10534 10535 1981
f 10536 10535 10534
f 2102 8779 10172
f 8779 1620 10170
f 10172 10170 2518
f 8779 10170 10172
f 2102 8782 8779
f 8782 2101 8774
f 8779 8774 1620
f 8782 8774 8779
f 2518 10170 10171
f 10170 1620 7366
f 10171 7366 1622
f 10170 7366 10171
f 2517 10387 10401
f 10387 2586 10405
f 10401 10405 2590
f 10387 10405 10401
f 2517 10401 10173
f 10401 2590 10402
f 10173 10402 2518
f 10401 10402 10173
f 2518 10171 10173
f 10171 1622 10168
f 10173 10168 2517
f 10171 10168 10173
f 2517 10168 10169
f 10168 1622 7370
f 10169 7370 1624
f 10168 7370 10169
f 2601 10443 10441
f 10443 2599 10436
f 10441 10436 2587
f 10443 10436 10441
f 2585 10385 10386
f 10385 2583 10384
f 10386 10384 2584
f 10385 10384 10386
f 2587 10436 10390
f 10436 2599 10435
f 10390 10435 2585
f 10436 10435 10390
f 2584 10388 10386
f 10388 2586 10389
f 10386 10389 2585
f 10388 10389 10386
f 2585 10389 10390
f 10389 2586 10391
f 10390 10391 2587
f 10389 10391 10390
f 2597 10431 10429
f 10431 2595 10425
f 10429 10425 2583
f 10431 10425 10429
f 2597 10437 10434
f 10437 2599 10438
f 10434 10438 2598
f 10437 10438 10434
f 2583 10385 10429
f 10385 2585 10430
f 10429 10430 2597
f 10385 10430 10429
f 2597 10430 10437
f 10430 2585 10435
f 10437 10435 2599
f 10430 10435 10437
f 2596 10432 10433
f 10432 2597 10434
f 10433 10434 2598
f 10432 10434 10433
f 2595 10431 10428
f 10431 2597 10432
f 10428 10432 2596
f 10431 10432 10428
f 2523 10423 10188
f 10423 2595 10424
f 10188 10424 2524
f 10423 10424 10188
f 2583 10425 10381
f 10425 2595 10423
f 10381 10423 2523
f 10425 10423 10381
f 2550 10256 10254
f 10256 2549 10253
f 10254 10253 2547
f 10256 10253 10254
f 2547 10253 10476
f 10253 2549 10477
f 10476 10477 2609
f 10253 10477 10476
f 2563 10297 10295
f 10297 2562 10294
f 10295 10294 2560
f 10297 10294 10295
f 2602 10464 10445
f 10464 2606 10463
f 10445 10463 2600
f 10464 10463 10445
f 2600 10444 10445
f 10444 2601 10446
f 10445 10446 2602
f 10444 10446 10445
f 2599 10443 10440
f 10443 2601 10444
f 10440 10444 2600
f 10443 10444 10440
f 2598 10438 10439
f 10438 2599 10440
f 10439 10440 2600
f 10438 10440 10439
f 1800 7849 7889
f 7849 1799 7888
f 7889 7888 1813
f 7849 7888 7889
f 1813 7888 7890
f 7888 1799 7886
f 7890 7886 1812
f 7888 7886 7890
f 1812 7930 7890
f 7930 1826 7931
f 7890 7931 1813
f 7930 7931 7890
f 1813 7931 7933
f 7931 1826 7935
f 7933 7935 1827
f 7931 7935 7933
f 1830 7988 7946
f 7988 1844 7989
f 7946 7989 1831
f 7988 7989 7946
f 1831 7945 7946
f 7945 1817 7943
f 7946 7943 1830
f 7945 7943 7946
f 1830 7986 7988
f 7986 1843 7990
f 7988 7990 1844
f 7986 7990 7988
f 1869 8068 8070
f 8068 1855 8066
f 8070 8066 1868
f 8068 8066 8070
f 1855 8024 8066
f 8024 1854 8065
f 8066 8065 1868
f 8024 8065 8066
f 1879 8110 8112
f 8110 1866 8106
f 8112 8106 1878
f 8110 8106 8112
f 1623 8109 8103
f 8109 1879 8112
f 8103 8112 1878
f 8109 8112 8103
f 1878 8104 8103
f 8104 1625 7372
f 8103 7372 1623
f 8104 7372 8103
f 1877 8098 8107
f 8098 1625 8104
f 8107 8104 1878
f 8098 8104 8107
f 1708 7553 8129
f 7553 1705 8128
f 8129 8128 1883
f 7553 8128 8129
f 1869 8070 8121
f 8070 1868 8120
f 8121 8120 1881
f 8070 8120 8121
f 1618 8118 7361
f 8118 1881 8119
f 7361 8119 1619
f 8118 8119 7361
f 1620 7362 7363
f 7362 1618 7361
f 7363 7361 1619
f 7362 7361 7363
f 1619 7365 7363
f 7365 1622 7366
f 7363 7366 1620
f 7365 7366 7363
f 1660 7646 7601
f 7646 1737 7647
f 7601 7647 1723
f 7646 7647 7601
f 1723 7606 7603
f 7606 1724 7604
f 7603 7604 1709
f 7606 7604 7603
f 1723 7648 7606
f 7648 1738 7649
f 7606 7649 1724
f 7648 7649 7606
f 1723 7647 7648
f 7647 1737 7650
f 7648 7650 1738
f 7647 7650 7648
f 1709 7557 7603
f 7557 1662 7602
f 7603 7602 1723
f 7557 7602 7603
f 1723 7602 7601
f 7602 1662 7449
f 7601 7449 1660
f 7602 7449 7601
f 1659 7444 7440
f 7444 1660 7443
f 7440 7443 1658
f 7444 7443 7440
f 1659 7439 7444
f 7439 1655 7441
f 7444 7441 1660
f 7439 7441 7444
f 1658 8234 7440
f 8234 1916 8235
f 7440 8235 1659
f 8234 8235 7440
f 1916 8233 8235
f 8233 1655 7439
f 8235 7439 1659
f 8233 7439 8235
f 1658 7448 7451
f 7448 1662 7453
f 7451 7453 1663
f 7448 7453 7451
f 1663 7453 7452
f 7453 1662 7450
f 7452 7450 1661
f 7453 7450 7452
f 1663 8228 7451
f 8228 1914 8226
f 7451 8226 1658
f 8228 8226 7451
f 1661 8227 7452
f 8227 1914 8228
f 7452 8228 1663
f 8227 8228 7452
f 1686 7569 7495
f 7569 1713 7568
f 7495 7568 1684
f 7569 7568 7495
f 1686 7565 7569
f 7565 1712 7570
f 7569 7570 1713
f 7565 7570 7569
f 1687 7566 7500
f 7566 1712 7565
f 7500 7565 1686
f 7566 7565 7500
f 1686 7496 7500
f 7496 1685 7499
f 7500 7499 1687
f 7496 7499 7500
f 1684 7491 7495
f 7491 1683 7494
f 7495 7494 1686
f 7491 7494 7495
f 1683 7493 7494
f 7493 1685 7496
f 7494 7496 1686
f 7493 7496 7494
f 1613 7446 7357
f 7446 1662 7447
f 7357 7447 1614
f 7446 7447 7357
f 1614 7447 7556
f 7447 1662 7557
f 7556 7557 1709
f 7447 7557 7556
f 1709 7558 7556
f 7558 1666 7458
f 7556 7458 1614
f 7558 7458 7556
f 1665 7456 7459
f 7456 1614 7458
f 7459 7458 1666
f 7456 7458 7459
f 1666 7462 7461
f 7462 1668 7463
f 7461 7463 1667
f 7462 7463 7461
f 1667 7460 7461
f 7460 1665 7459
f 7461 7459 1666
f 7460 7459 7461
f 1667 7463 7464
f 7463 1668 7465
f 7464 7465 1669
f 7463 7465 7464
f 1669 10849 7464
f 10849 2715 10848
f 7464 10848 1667
f 10849 10848 7464
f 2701 10850 10805
f 10850 2715 10849
f 10805 10849 1669
f 10850 10849 10805
f 1669 10806 10805
f 10806 2702 10809
f 10805 10809 2701
f 10806 10809 10805
f 2701 10809 10810
f 10809 2702 10811
f 10810 10811 2703
f 10809 10811 10810
f 2703 10857 10810
f 10857 2717 10856
f 10810 10856 2701
f 10857 10856 10810
f 2717 10858 10856
f 10858 2715 10850
f 10856 10850 2701
f 10858 10850 10856
f 1851 8012 8054
f 8012 1850 8053
f 8054 8053 1864
f 8012 8053 8054
f 1851 8010 8012
f 8010 1838 8008
f 8012 8008 1850
f 8010 8008 8012
f 1806 7913 7872
f 7913 1820 7914
f 7872 7914 1807
f 7913 7914 7872
f 1820 7917 7914
f 7917 1821 7915
f 7914 7915 1807
f 7917 7915 7914
f 1807 7870 7872
f 7870 1793 7869
f 7872 7869 1806
f 7870 7869 7872
f 1794 7831 7871
f 7831 1793 7870
f 7871 7870 1807
f 7831 7870 7871
f 1860 8039 8046
f 8039 1617 8043
f 8046 8043 1861
f 8039 8043 8046
f 1639 7402 8041
f 7402 1638 8040
f 8041 8040 1860
f 7402 8040 8041
f 1861 8044 8046
f 8044 1847 8042
f 8046 8042 1860
f 8044 8042 8046
f 1860 8042 8041
f 8042 1847 7998
f 8041 7998 1639
f 8042 7998 8041
f 1921 8254 8379
f 8254 1922 8380
f 8379 8380 1972
f 8254 8380 8379
f 1972 8383 8379
f 8383 1971 8375
f 8379 8375 1921
f 8383 8375 8379
f 1972 8380 8390
f 8380 1922 8384
f 8390 8384 1973
f 8380 8384 8390
f 1956 8377 8327
f 8377 1971 8376
f 8327 8376 1954
f 8377 8376 8327
f 1957 8330 8328
f 8330 1956 8327
f 8328 8327 1954
f 8330 8327 8328
f 1954 8326 8328
f 8326 1955 8329
f 8328 8329 1957
f 8326 8329 8328
f 1971 8383 8376
f 8383 1972 8382
f 8376 8382 1954
f 8383 8382 8376
f 2605 10459 10460
f 10459 2602 10454
f 10460 10454 2604
f 10459 10454 10460
f 2604 10453 10460
f 10453 2516 10456
f 10460 10456 2605
f 10453 10456 10460
f 1863 8051 8050
f 8051 1850 8009
f 8050 8009 1849
f 8051 8009 8050
f 1849 8048 8050
f 8048 1862 8052
f 8050 8052 1863
f 8048 8052 8050
f 1863 8052 8091
f 8052 1862 8090
f 8091 8090 1875
f 8052 8090 8091
f 1875 8097 8091
f 8097 1876 8095
f 8091 8095 1863
f 8097 8095 8091
f 1875 8090 8092
f 8090 1862 8087
f 8092 8087 1874
f 8090 8087 8092
f 1629 8094 8088
f 8094 1876 8097
f 8088 8097 1875
f 8094 8097 8088
f 1875 8089 8088
f 8089 1630 7382
f 8088 7382 1629
f 8089 7382 8088
f 1874 8084 8092
f 8084 1630 8089
f 8092 8089 1875
f 8084 8089 8092
f 1627 7376 8099
f 7376 1625 8098
f 8099 8098 1877
f 7376 8098 8099
f 1877 8102 8099
f 8102 1876 8093
f 8099 8093 1627
f 8102 8093 8099
f 1627 8093 7380
f 8093 1876 8094
f 7380 8094 1629
f 8093 8094 7380
f 1629 7381 7380
f 7381 1628 7379
f 7380 7379 1627
f 7381 7379 7380
f 1626 7375 7377
f 7375 1625 7376
f 7377 7376 1627
f 7375 7376 7377
f 1627 7379 7377
f 7379 1628 7378
f 7377 7378 1626
f 7379 7378 7377
f 1634 7394 7392
f 7394 1635 7393
f 7392 7393 1633
f 7394 7393 7392
f 1634 7399 8272
f 7399 1637 8274
f 8272 8274 1928
f 7399 8274 8272
f 1632 8085 7386
f 8085 1874 8083
f 7386 8083 1617
f 8085 8083 7386
f 1632 7387 8085
f 7387 1630 8084
f 8085 8084 1874
f 7387 8084 8085
f 1617 7396 7386
f 7396 1636 7397
f 7386 7397 1632
f 7396 7397 7386
f 1636 7400 7397
f 7400 1637 7398
f 7397 7398 1632
f 7400 7398 7397
f 1637 7399 7398
f 7399 1634 7391
f 7398 7391 1632
f 7399 7391 7398
f 1633 7388 7390
f 7388 1630 7387
f 7390 7387 1632
f 7388 7387 7390
f 1632 7391 7390
f 7391 1634 7392
f 7390 7392 1633
f 7391 7392 7390
f 1504 7026 7020
f 7026 1505 7023
f 7020 7023 1497
f 7026 7023 7020
f 1965 8430 10265
f 8430 1982 10266
f 10265 10266 2553
f 8430 10266 10265
f 2553 10266 10359
f 10266 1982 10358
f 10359 10358 2578
f 10266 10358 10359
f 2578 10360 10359
f 10360 2555 10272
f 10359 10272 2553
f 10360 10272 10359
f 2554 10269 10268
f 10269 2542 10238
f 10268 10238 2540
f 10269 10238 10268
f 2554 10273 10277
f 10273 2555 10278
f 10277 10278 2557
f 10273 10278 10277
f 2540 10232 10264
f 10232 1929 10262
f 10264 10262 2552
f 10232 10262 10264
f 2552 10262 10263
f 10262 1929 8348
f 10263 8348 1965
f 10262 8348 10263
f 2552 10270 10264
f 10270 2554 10268
f 10264 10268 2540
f 10270 10268 10264
f 1965 10265 10263
f 10265 2553 10267
f 10263 10267 2552
f 10265 10267 10263
f 2552 10267 10271
f 10267 2553 10272
f 10271 10272 2555
f 10267 10272 10271
f 2555 10273 10271
f 10273 2554 10270
f 10271 10270 2552
f 10273 10270 10271
f 2558 10285 10289
f 10285 2559 10290
f 10289 10290 2561
f 10285 10290 10289
f 2559 10335 10290
f 10335 2572 10336
f 10290 10336 2561
f 10335 10336 10290
f 2561 10291 10289
f 10291 2560 10288
f 10289 10288 2558
f 10291 10288 10289
f 2563 10295 10296
f 10295 2560 10291
f 10296 10291 2561
f 10295 10291 10296
f 2509 10334 10331
f 10334 2572 10338
f 10331 10338 2571
f 10334 10338 10331
f 2571 10332 10331
f 10332 2511 10148
f 10331 10148 2509
f 10332 10148 10331
f 2509 10148 10139
f 10148 2511 10145
f 10139 10145 1502
f 10148 10145 10139
f 2509 10139 10144
f 10139 1502 10141
f 10144 10141 2510
f 10139 10141 10144
f 2546 10246 10281
f 10246 2544 10280
f 10281 10280 2558
f 10246 10280 10281
f 2558 10288 10281
f 10288 2560 10286
f 10281 10286 2546
f 10288 10286 10281
f 2543 10245 10244
f 10245 2546 10247
f 10244 10247 2545
f 10245 10247 10244
f 2544 10246 10243
f 10246 2546 10245
f 10243 10245 2543
f 10246 10245 10243
f 2543 10462 10240
f 10462 2606 10461
f 10240 10461 2541
f 10462 10461 10240
f 2541 10241 10240
f 10241 2544 10243
f 10240 10243 2543
f 10241 10243 10240
f 1934 10375 10356
f 10375 2581 10378
f 10356 10378 2577
f 10375 10378 10356
f 1935 8547 8284
f 8547 2011 8546
f 8284 8546 1934
f 8547 8546 8284
f 1934 8546 10375
f 8546 2011 10376
f 10375 10376 2581
f 8546 10376 10375
f 2514 10165 10156
f 10165 2515 10161
f 10156 10161 1529
f 10165 10161 10156
f 1537 7125 7124
f 7125 1536 7115
f 7124 7115 1529
f 7125 7115 7124
f 1933 8545 8279
f 8545 2011 8543
f 8279 8543 1894
f 8545 8543 8279
f 2011 8544 8543
f 8544 1895 8164
f 8543 8164 1894
f 8544 8164 8543
f 1894 10162 8279
f 10162 2515 10164
f 8279 10164 1933
f 10162 10164 8279
f 1502 7033 7017
f 7033 1507 7032
f 7017 7032 1501
f 7033 7032 7017
f 1507 7057 7032
f 7057 1517 7054
f 7032 7054 1501
f 7057 7054 7032
f 1504 7022 7021
f 7022 1502 7017
f 7021 7017 1501
f 7022 7017 7021
f 1501 7054 7021
f 7054 1517 7055
f 7021 7055 1504
f 7054 7055 7021
f 1534 7109 7114
f 7109 1532 7113
f 7114 7113 1535
f 7109 7113 7114
f 1535 7113 7112
f 7113 1532 7102
f 7112 7102 1531
f 7113 7102 7112
f 1531 7117 7112
f 7117 1536 7118
f 7112 7118 1535
f 7117 7118 7112
f 1535 7118 7135
f 7118 1536 7136
f 7135 7136 1539
f 7118 7136 7135
f 1507 10147 7034
f 10147 2511 10146
f 7034 10146 1503
f 10147 10146 7034
f 1503 10149 7105
f 10149 2512 10151
f 7105 10151 1534
f 10149 10151 7105
f 2511 10152 10146
f 10152 2512 10149
f 10146 10149 1503
f 10152 10149 10146
f 1538 7131 7143
f 7131 1522 7142
f 7143 7142 1541
f 7131 7142 7143
f 1541 7142 7147
f 7142 1522 7146
f 7147 7146 1542
f 7142 7146 7147
f 1541 7141 7143
f 7141 1169 7128
f 7143 7128 1538
f 7141 7128 7143
f 1514 7050 7048
f 7050 1515 7049
f 7048 7049 1511
f 7050 7049 7048
f 1514 7144 7050
f 7144 1542 7145
f 7050 7145 1515
f 7144 7145 7050
f 1514 7160 7144
f 7160 1545 7163
f 7144 7163 1542
f 7160 7163 7144
f 1099 6817 5923
f 6817 1456 6818
f 5923 6818 1149
f 6817 6818 5923
f 1149 5972 7127
f 5972 1170 7129
f 7127 7129 1538
f 5972 7129 7127
f 1538 7126 7127
f 7126 1099 5923
f 7127 5923 1149
f 7126 5923 7127
f 1456 6819 6818
f 6819 1448 6781
f 6818 6781 1149
f 6819 6781 6818
f 1149 6781 6784
f 6781 1448 6785
f 6784 6785 1449
f 6781 6785 6784
f 1435 6719 6720
f 6719 1100 5925
f 6720 5925 1150
f 6719 5925 6720
f 1150 5969 5965
f 5969 1169 5970
f 5965 5970 1168
f 5969 5970 5965
f 1100 5968 5925
f 5968 1169 5969
f 5925 5969 1150
f 5968 5969 5925
f 1542 7163 7157
f 7163 1545 7164
f 7157 7164 1544
f 7163 7164 7157
f 1435 6720 6717
f 6720 1150 5924
f 6717 5924 1098
f 6720 5924 6717
f 1168 5966 5964
f 5966 1167 5961
f 5964 5961 1098
f 5966 5961 5964
f 1098 5924 5964
f 5924 1150 5965
f 5964 5965 1168
f 5924 5965 5964
f 2579 10365 10364
f 10365 1932 8278
f 10364 8278 1931
f 10365 8278 10364
f 1982 8428 10366
f 8428 1932 10365
f 10366 10365 2579
f 8428 10365 10366
f 2578 10358 10368
f 10358 1982 10366
f 10368 10366 2579
f 10358 10366 10368
f 2579 10367 10368
f 10367 2577 10363
f 10368 10363 2578
f 10367 10363 10368
f 2579 10364 10367
f 10364 1931 10355
f 10367 10355 2577
f 10364 10355 10367
f 2567 10313 10312
f 10313 2566 10308
f 10312 10308 2565
f 10313 10308 10312
f 2565 10308 10304
f 10308 2566 10307
f 10304 10307 2564
f 10308 10307 10304
f 2569 10325 10324
f 10325 2567 10312
f 10324 10312 2565
f 10325 10312 10324
f 2565 10303 10324
f 10303 2563 10323
f 10324 10323 2569
f 10303 10323 10324
f 2565 10302 10303
f 10302 2562 10297
f 10303 10297 2563
f 10302 10297 10303
f 2565 10304 10302
f 10304 2564 10301
f 10302 10301 2562
f 10304 10301 10302
f 1488 6988 6992
f 6988 1487 6991
f 6992 6991 1490
f 6988 6991 6992
f 1487 10314 6991
f 10314 2568 10316
f 6991 10316 1490
f 10314 10316 6991
f 1490 10316 10309
f 10316 2568 10320
f 10309 10320 2567
f 10316 10320 10309
f 2594 10427 10478
f 10427 2596 10479
f 10478 10479 2609
f 10427 10479 10478
f 2595 10428 10426
f 10428 2596 10427
f 10426 10427 2594
f 10428 10427 10426
f 2524 10424 10422
f 10424 2595 10426
f 10422 10426 2594
f 10424 10426 10422
f 2594 10503 10422
f 10503 2615 10502
f 10422 10502 2524
f 10503 10502 10422
f 2551 10300 10258
f 10300 2564 10298
f 10258 10298 2535
f 10300 10298 10258
f 2535 10219 10258
f 10219 2532 10257
f 10258 10257 2551
f 10219 10257 10258
f 2550 10299 10261
f 10299 2564 10300
f 10261 10300 2551
f 10299 10300 10261
f 2551 10260 10261
f 10260 2549 10256
f 10261 10256 2550
f 10260 10256 10261
f 2531 10211 10206
f 10211 2532 10209
f 10206 10209 2507
f 10211 10209 10206
f 2531 10206 10205
f 10206 2507 10135
f 10205 10135 201
f 10206 10135 10205
f 2616 10509 10515
f 10509 2615 10514
f 10515 10514 2617
f 10509 10514 10515
f 2609 10477 10513
f 10477 2549 10511
f 10513 10511 2617
f 10477 10511 10513
f 2617 10512 10513
f 10512 2594 10478
f 10513 10478 2609
f 10512 10478 10513
f 2615 10503 10514
f 10503 2594 10512
f 10514 10512 2617
f 10503 10512 10514
f 2574 10352 10346
f 10352 2576 10351
f 10346 10351 2573
f 10352 10351 10346
f 2574 10346 10344
f 10346 2573 10341
f 10344 10341 2571
f 10346 10341 10344
f 2574 10343 10342
f 10343 2559 10284
f 10342 10284 2557
f 10343 10284 10342
f 2557 10350 10342
f 10350 2576 10352
f 10342 10352 2574
f 10350 10352 10342
f 2571 10338 10344
f 10338 2572 10345
f 10344 10345 2574
f 10338 10345 10344
f 2574 10345 10343
f 10345 2572 10335
f 10343 10335 2559
f 10345 10335 10343
f 1533 7104 7110
f 7104 1532 7109
f 7110 7109 1534
f 7104 7109 7110
f 1534 10151 7110
f 10151 2512 10150
f 7110 10150 1533
f 10151 10150 7110
f 2512 10155 10150
f 10155 2513 10154
f 10150 10154 1533
f 10155 10154 10150
f 1531 7102 7103
f 7102 1532 7104
f 7103 7104 1533
f 7102 7104 7103
f 1533 10154 7103
f 10154 2513 10153
f 7103 10153 1531
f 10154 10153 7103
f 114 2963 2961
f 2963 123 2964
f 2961 2964 122
f 2963 2964 2961
f 122 3184 2961
f 3184 189 3183
f 2961 3183 114
f 3184 3183 2961
f 114 3183 2963
f 3183 189 3185
f 2963 3185 123
f 3183 3185 2963
f 1159 6800 5943
f 6800 1452 6798
f 5943 6798 1093
f 6800 6798 5943
f 1159 6789 6800
f 6789 1450 6802
f 6800 6802 1452
f 6789 6802 6800
f 1452 6802 6803
f 6802 1450 6796
f 6803 6796 1451
f 6802 6796 6803
f 1426 6801 6795
f 6801 1452 6803
f 6795 6803 1451
f 6801 6803 6795
f 1451 6793 6795
f 6793 184 6678
f 6795 6678 1426
f 6793 6678 6795
f 1426 6677 6682
f 6677 183 6673
f 6682 6673 1425
f 6677 6673 6682
f 183 6684 6673
f 6684 1427 6687
f 6673 6687 1425
f 6684 6687 6673
f 115 3171 3173
f 3171 184 3175
f 3173 3175 185
f 3171 3175 3173
f 185 3174 3173
f 3174 117 2951
f 3173 2951 115
f 3174 2951 3173
f 186 3176 3178
f 3176 117 3174
f 3178 3174 185
f 3176 3174 3178
f 184 6793 3175
f 6793 1451 6794
f 3175 6794 185
f 6793 6794 3175
f 185 6786 3178
f 6786 1450 6787
f 3178 6787 186
f 6786 6787 3178
f 185 6794 6786
f 6794 1451 6796
f 6786 6796 1450
f 6794 6796 6786
f 131 3165 3168
f 3165 182 3169
f 3168 3169 183
f 3165 3169 3168
f 116 2969 2980
f 2969 127 2981
f 2980 2981 131
f 2969 2981 2980
f 1453 6828 6812
f 6828 1458 6829
f 6812 6829 1454
f 6828 6829 6812
f 1454 6806 6812
f 6806 742 6804
f 6812 6804 1453
f 6806 6804 6812
f 1455 6814 6816
f 6814 742 6806
f 6816 6806 1454
f 6814 6806 6816
f 1447 6776 6773
f 6776 1439 6735
f 6773 6735 181
f 6776 6735 6773
f 181 6813 6773
f 6813 1455 6815
f 6773 6815 1447
f 6813 6815 6773
f 1455 6816 6815
f 6816 1454 6811
f 6815 6811 1447
f 6816 6811 6815
f 1526 7089 7090
f 7089 1124 5958
f 7090 5958 1166
f 7089 5958 7090
f 1166 5959 5957
f 5959 1152 5929
f 5957 5929 1097
f 5959 5929 5957
f 1166 5963 7090
f 5963 1167 7091
f 7090 7091 1526
f 5963 7091 7090
f 1097 5960 5957
f 5960 1167 5963
f 5957 5963 1166
f 5960 5963 5957
f 1083 5953 6824
f 5953 1166 6826
f 6824 6826 1458
f 5953 6826 6824
f 1152 5959 5928
f 5959 1166 5953
f 5928 5953 1083
f 5959 5953 5928
f 1097 5929 6830
f 5929 1152 6832
f 6830 6832 1459
f 5929 6832 6830
f 1093 6798 5864
f 6798 1452 6797
f 5864 6797 1092
f 6798 6797 5864
f 1158 6799 6681
f 6799 1452 6801
f 6681 6801 1426
f 6799 6801 6681
f 1426 6679 6681
f 6679 1091 5941
f 6681 5941 1158
f 6679 5941 6681
f 1158 5942 6799
f 5942 1092 6797
f 6799 6797 1452
f 5942 6797 6799
f 1091 5863 5941
f 5863 1092 5942
f 5941 5942 1158
f 5863 5942 5941
f 1446 6770 6772
f 6770 1442 6763
f 6772 6763 1445
f 6770 6763 6772
f 1442 6748 6763
f 6748 189 6762
f 6763 6762 1445
f 6748 6762 6763
f 1445 6762 6761
f 6762 189 3187
f 6761 3187 187
f 6762 3187 6761
f 1196 6697 6065
f 6697 1430 6696
f 6065 6696 1164
f 6697 6696 6065
f 1433 6705 6706
f 6705 1161 5950
f 6706 5950 1162
f 6705 5950 6706
f 1164 6696 6694
f 6696 1430 6698
f 6694 6698 1429
f 6696 6698 6694
f 1429 6707 6692
f 6707 1433 6706
f 6692 6706 1162
f 6707 6706 6692
f 1434 6714 6711
f 6714 1433 6707
f 6711 6707 1429
f 6714 6707 6711
f 1125 5881 5880
f 5881 1091 5862
f 5880 5862 1090
f 5881 5862 5880
f 1090 5877 5880
f 5877 1124 5882
f 5880 5882 1125
f 5877 5882 5880
f 1227 6185 6145
f 6185 1246 6186
f 6145 6186 1228
f 6185 6186 6145
f 1225 6184 6142
f 6184 1246 6185
f 6142 6185 1227
f 6184 6185 6142
f 112 2945 2946
f 2945 92 2943
f 2946 2943 110
f 2945 2943 2946
f 112 2947 2945
f 2947 111 2944
f 2945 2944 92
f 2947 2944 2945
f 110 3629 2946
f 3629 336 3630
f 2946 3630 112
f 3629 3630 2946
f 112 3630 3625
f 3630 336 3631
f 3625 3631 335
f 3630 3631 3625
f 325 3597 3598
f 3597 111 2947
f 3598 2947 112
f 3597 2947 3598
f 112 3625 3598
f 3625 335 3626
f 3598 3626 325
f 3625 3626 3598
f 147 3029 3030
f 3029 137 3015
f 3030 3015 139
f 3029 3015 3030
f 139 3014 3016
f 3014 109 3010
f 3016 3010 138
f 3014 3010 3016
f 139 3015 3012
f 3015 137 3005
f 3012 3005 97
f 3015 3005 3012
f 178 3150 3152
f 3150 95 3146
f 3152 3146 177
f 3150 3146 3152
f 109 2940 3151
f 2940 95 3150
f 3151 3150 178
f 2940 3150 3151
f 178 3152 3207
f 3152 177 3206
f 3207 3206 196
f 3152 3206 3207
f 174 3142 3138
f 3142 175 3140
f 3138 3140 171
f 3142 3140 3138
f 97 2920 2924
f 2920 94 2921
f 2924 2921 98
f 2920 2921 2924
f 98 3013 2924
f 3013 139 3012
f 2924 3012 97
f 3013 3012 2924
f 177 3146 3147
f 3146 95 2922
f 3147 2922 98
f 3146 2922 3147
f 98 2921 3147
f 2921 94 3145
f 3147 3145 177
f 2921 3145 3147
f 103 2933 2934
f 2933 92 2932
f 2934 2932 102
f 2933 2932 2934
f 102 2936 3027
f 2936 104 3028
f 3027 3028 147
f 2936 3028 3027
f 92 3112 2932
f 3112 168 3116
f 2932 3116 102
f 3112 3116 2932
f 102 3116 2936
f 3116 168 3117
f 2936 3117 104
f 3116 3117 2936
f 102 3023 2934
f 3023 146 3024
f 2934 3024 103
f 3023 3024 2934
f 147 3031 3027
f 3031 146 3023
f 3027 3023 102
f 3031 3023 3027
f 93 2918 2927
f 2918 94 2928
f 2927 2928 100
f 2918 2928 2927
f 1170 5972 5971
f 5972 1149 5922
f 5971 5922 198
f 5972 5922 5971
f 198 7068 5971
f 7068 1520 7069
f 5971 7069 1170
f 7068 7069 5971
f 198 5922 6783
f 5922 1149 6784
f 6783 6784 1449
f 5922 6784 6783
f 1521 7075 7070
f 7075 1520 7068
f 7070 7068 198
f 7075 7068 7070
f 198 3217 7070
f 3217 199 7071
f 7070 7071 1521
f 3217 7071 7070
f 1449 6785 6783
f 6785 1448 6779
f 6783 6779 198
f 6785 6779 6783
f 2662 10653 10652
f 10653 2660 10649
f 10652 10649 2659
f 10653 10649 10652
f 2661 10654 10651
f 10654 2662 10652
f 10651 10652 2659
f 10654 10652 10651
f 2659 10759 10651
f 10759 2690 10760
f 10651 10760 2661
f 10759 10760 10651
f 2688 10761 10751
f 10761 2690 10759
f 10751 10759 2659
f 10761 10759 10751
f 2659 10647 10751
f 10647 2658 10750
f 10751 10750 2688
f 10647 10750 10751
f 2659 10649 10647
f 10649 2660 10648
f 10647 10648 2658
f 10649 10648 10647
f 2728 10901 10902
f 10901 2660 10892
f 10902 10892 2726
f 10901 10892 10902
f 2728 10903 10906
f 10903 2727 10905
f 10906 10905 2729
f 10903 10905 10906
f 2728 10902 10903
f 10902 2726 10899
f 10903 10899 2727
f 10902 10899 10903
f 2658 10648 10900
f 10648 2660 10901
f 10900 10901 2728
f 10648 10901 10900
f 2729 10910 10906
f 10910 2730 10909
f 10906 10909 2728
f 10910 10909 10906
f 2730 10907 10909
f 10907 2658 10900
f 10909 10900 2728
f 10907 10900 10909
f 733 4845 4844
f 4845 306 3531
f 4844 3531 304
f 4845 3531 4844
f 305 3532 3541
f 3532 306 3542
f 3541 3542 309
f 3532 3542 3541
f 304 3531 3530
f 3531 306 3532
f 3530 3532 305
f 3531 3532 3530
f 303 3526 3529
f 3526 304 3530
f 3529 3530 305
f 3526 3530 3529
f 305 3528 3529
f 3528 292 3523
f 3529 3523 303
f 3528 3523 3529
f 309 3540 3541
f 3540 287 3527
f 3541 3527 305
f 3540 3527 3541
f 287 3485 3527
f 3485 292 3528
f 3527 3528 305
f 3485 3528 3527
f 1549 7257 7236
f 7257 1578 7258
f 7236 7258 1573
f 7257 7258 7236
f 1573 7237 7236
f 7237 1552 7173
f 7236 7173 1549
f 7237 7173 7236
f 1553 7174 7238
f 7174 1552 7237
f 7238 7237 1573
f 7174 7237 7238
f 1588 7278 7280
f 7278 1553 7238
f 7280 7238 1573
f 7278 7238 7280
f 1574 7242 7243
f 7242 1552 7219
f 7243 7219 1569
f 7242 7219 7243
f 1549 7173 7240
f 7173 1552 7242
f 7240 7242 1574
f 7173 7242 7240
f 1603 7336 7332
f 7336 1604 7334
f 7332 7334 1586
f 7336 7334 7332
f 1586 7273 7272
f 7273 1578 7259
f 7272 7259 1577
f 7273 7259 7272
f 1586 7272 7270
f 7272 1577 7256
f 7270 7256 1565
f 7272 7256 7270
f 1565 7330 7270
f 7330 1603 7332
f 7270 7332 1586
f 7330 7332 7270
f 1588 7280 7281
f 7280 1573 7271
f 7281 7271 1586
f 7280 7271 7281
f 1586 7271 7273
f 7271 1573 7258
f 7273 7258 1578
f 7271 7258 7273
f 1601 7321 7320
f 7321 1599 7311
f 7320 7311 1588
f 7321 7311 7320
f 1588 7281 7320
f 7281 1586 7319
f 7320 7319 1601
f 7281 7319 7320
f 2634 10572 10573
f 10572 1605 7338
f 10573 7338 1606
f 10572 7338 10573
f 1606 7346 10573
f 7346 1608 10574
f 10573 10574 2634
f 7346 10574 10573
f 1605 7342 7338
f 7342 1607 7343
f 7338 7343 1606
f 7342 7343 7338
f 1607 7347 7343
f 7347 1608 7346
f 7343 7346 1606
f 7347 7346 7343
f 2691 10767 10766
f 10767 2690 10762
f 10766 10762 2689
f 10767 10762 10766
f 2650 10656 10625
f 10656 2663 10655
f 10625 10655 2648
f 10656 10655 10625
f 2648 10768 10625
f 10768 2692 10770
f 10625 10770 2650
f 10768 10770 10625
f 2648 10655 10650
f 10655 2663 10657
f 10650 10657 2661
f 10655 10657 10650
f 2648 10764 10768
f 10764 2691 10773
f 10768 10773 2692
f 10764 10773 10768
f 2661 10760 10650
f 10760 2690 10758
f 10650 10758 2648
f 10760 10758 10650
f 2690 10767 10758
f 10767 2691 10764
f 10758 10764 2648
f 10767 10764 10758
f 2641 10597 10596
f 10597 2622 10530
f 10596 10530 2621
f 10597 10530 10596
f 2710 10831 10838
f 10831 2622 10836
f 10838 10836 2712
f 10831 10836 10838
f 2710 10838 10835
f 10838 2712 10839
f 10835 10839 2711
f 10838 10839 10835
f 2711 10834 10835
f 10834 2709 10833
f 10835 10833 2710
f 10834 10833 10835
f 2710 10833 10832
f 10833 2709 10829
f 10832 10829 2708
f 10833 10829 10832
f 2707 10880 10873
f 10880 2723 10882
f 10873 10882 2721
f 10880 10882 10873
f 2707 10828 10880
f 10828 2709 10881
f 10880 10881 2723
f 10828 10881 10880
f 2708 10829 10827
f 10829 2709 10828
f 10827 10828 2707
f 10829 10828 10827
f 2721 10872 10873
f 10872 2705 10822
f 10873 10822 2707
f 10872 10822 10873
f 2707 10823 10827
f 10823 2706 10826
f 10827 10826 2708
f 10823 10826 10827
f 2707 10822 10823
f 10822 2705 10821
f 10823 10821 2706
f 10822 10821 10823
f 497 4053 4025
f 4053 509 4054
f 4025 4054 498
f 4053 4054 4025
f 497 4106 4120
f 4106 528 4122
f 4120 4122 533
f 4106 4122 4120
f 497 4120 4110
f 4120 533 4123
f 4110 4123 529
f 4120 4123 4110
f 529 4112 4110
f 4112 509 4053
f 4110 4053 497
f 4112 4053 4110
f 512 4101 4065
f 4101 526 4102
f 4065 4102 513
f 4101 4102 4065
f 512 4065 4061
f 4065 513 4063
f 4061 4063 501
f 4065 4063 4061
f 501 4027 4061
f 4027 495 4060
f 4061 4060 512
f 4027 4060 4061
f 553 4198 4197
f 4198 532 4119
f 4197 4119 531
f 4198 4119 4197
f 531 4119 4135
f 4119 532 4136
f 4135 4136 536
f 4119 4136 4135
f 531 4117 4197
f 4117 475 4196
f 4197 4196 553
f 4117 4196 4197
f 531 4135 4141
f 4135 536 4142
f 4141 4142 538
f 4135 4142 4141
f 549 4181 4186
f 4181 538 4184
f 4186 4184 550
f 4181 4184 4186
f 550 4183 4186
f 4183 474 4178
f 4186 4178 549
f 4183 4178 4186
f 549 4180 4181
f 4180 531 4141
f 4181 4141 538
f 4180 4141 4181
f 549 4178 4177
f 4178 474 3958
f 4177 3958 469
f 4178 3958 4177
f 475 4117 4179
f 4117 531 4180
f 4179 4180 549
f 4117 4180 4179
f 469 3960 4177
f 3960 475 4179
f 4177 4179 549
f 3960 4179 4177
f 554 4200 4201
f 4200 451 4089
f 4201 4089 523
f 4200 4089 4201
f 523 4129 4201
f 4129 535 4202
f 4201 4202 554
f 4129 4202 4201
f 554 4202 4200
f 4202 535 4128
f 4200 4128 451
f 4202 4128 4200
f 472 3944 4189
f 3944 451 4187
f 4189 4187 551
f 3944 4187 4189
f 551 4188 4189
f 4188 452 3945
f 4189 3945 472
f 4188 3945 4189
f 451 4128 4187
f 4128 535 4191
f 4187 4191 551
f 4128 4191 4187
f 552 4194 4193
f 4194 475 3961
f 4193 3961 471
f 4194 3961 4193
f 471 3940 4193
f 3940 452 4192
f 4193 4192 552
f 3940 4192 4193
f 553 4196 4199
f 4196 475 4194
f 4199 4194 552
f 4196 4194 4199
f 552 4195 4199
f 4195 532 4198
f 4199 4198 553
f 4195 4198 4199
f 552 4192 4195
f 4192 452 4118
f 4195 4118 532
f 4192 4118 4195
f 2502 10121 10124
f 10121 2391 10113
f 10124 10113 2500
f 10121 10113 10124
f 2502 10122 10121
f 10122 2392 9751
f 10121 9751 2391
f 10122 9751 10121
f 2500 10117 10124
f 10117 2499 10123
f 10124 10123 2502
f 10117 10123 10124
f 2502 10123 10125
f 10123 2499 10120
f 10125 10120 2501
f 10123 10120 10125
f 2698 10794 10819
f 10794 2696 10818
f 10819 10818 2706
f 10794 10818 10819
f 2698 10795 10794
f 10795 2697 10793
f 10794 10793 2696
f 10795 10793 10794
f 2698 10800 10795
f 10800 2699 10799
f 10795 10799 2697
f 10800 10799 10795
f 2422 9844 9849
f 9844 2384 9840
f 9849 9840 2421
f 9844 9840 9849
f 2417 9826 9841
f 9826 2418 9842
f 9841 9842 2421
f 9826 9842 9841
f 2421 9842 9849
f 9842 2418 9847
f 9849 9847 2422
f 9842 9847 9849
f 2380 9733 10612
f 9733 2382 10613
f 10612 10613 2644
f 9733 10613 10612
f 2695 10792 10787
f 10792 2697 10790
f 10787 10790 2644
f 10792 10790 10787
f 2417 9841 9837
f 9841 2421 9843
f 9837 9843 2420
f 9841 9843 9837
f 1677 9722 7480
f 9722 2379 9723
f 7480 9723 1679
f 9722 9723 7480
f 1677 7476 9719
f 7476 1675 9718
f 9719 9718 2378
f 7476 9718 9719
f 2378 9725 9719
f 9725 2379 9722
f 9719 9722 1677
f 9725 9722 9719
f 2381 9734 9731
f 9734 2382 9733
f 9731 9733 2380
f 9734 9733 9731
f 2380 9727 9731
f 9727 2379 9730
f 9731 9730 2381
f 9727 9730 9731
f 2381 9730 9729
f 9730 2379 9724
f 9729 9724 2377
f 9730 9724 9729
f 2411 9810 9800
f 9810 2414 9809
f 9800 9809 2410
f 9810 9809 9800
f 2410 9796 9795
f 9796 2374 9708
f 9795 9708 2373
f 9796 9708 9795
f 2373 9776 9795
f 9776 2402 9797
f 9795 9797 2410
f 9776 9797 9795
f 2410 9797 9800
f 9797 2402 9798
f 9800 9798 2411
f 9797 9798 9800
f 2377 9716 9814
f 9716 2376 9813
f 9814 9813 2415
f 9716 9813 9814
f 2415 9813 9812
f 9813 2376 9714
f 9812 9714 2374
f 9813 9714 9812
f 2374 9796 9812
f 9796 2410 9815
f 9812 9815 2415
f 9796 9815 9812
f 2415 9815 9816
f 9815 2410 9809
f 9816 9809 2414
f 9815 9809 9816
f 1345 9769 7515
f 9769 2400 9771
f 7515 9771 1693
f 9769 9771 7515
f 1691 7513 7517
f 7513 1692 7518
f 7517 7518 1693
f 7513 7518 7517
f 1689 7501 7509
f 7501 1670 7507
f 7509 7507 1691
f 7501 7507 7509
f 1832 7948 7950
f 7948 1817 7945
f 7950 7945 1831
f 7948 7945 7950
f 1786 7848 7850
f 7848 1800 7852
f 7850 7852 1801
f 7848 7852 7850
f 1785 7847 7804
f 7847 1800 7848
f 7804 7848 1786
f 7847 7848 7804
f 1786 7802 7804
f 7802 1771 7800
f 7804 7800 1785
f 7802 7800 7804
f 1748 7679 7678
f 7679 1734 7637
f 7678 7637 1733
f 7679 7637 7678
f 1749 7682 7684
f 7682 1735 7680
f 7684 7680 1748
f 7682 7680 7684
f 1735 7640 7680
f 7640 1734 7679
f 7680 7679 1748
f 7640 7679 7680
f 1789 7813 7812
f 7813 1776 7773
f 7812 7773 1775
f 7813 7773 7812
f 1775 7773 7767
f 7773 1776 7772
f 7767 7772 1763
f 7773 7772 7767
f 1741 7658 7657
f 7658 1727 7615
f 7657 7615 1726
f 7658 7615 7657
f 1742 7660 7662
f 7660 1727 7658
f 7662 7658 1741
f 7660 7658 7662
f 1756 7711 7707
f 7711 1757 7709
f 7707 7709 1742
f 7711 7709 7707
f 1742 7662 7707
f 7662 1741 7706
f 7707 7706 1756
f 7662 7706 7707
f 1756 7706 7708
f 7706 1741 7704
f 7708 7704 1755
f 7706 7704 7708
f 1756 7708 7748
f 7708 1755 7747
f 7748 7747 1769
f 7708 7747 7748
f 1769 7752 7748
f 7752 1770 7750
f 7748 7750 1756
f 7752 7750 7748
f 1756 7750 7711
f 7750 1770 7751
f 7711 7751 1757
f 7750 7751 7711
f 1728 7663 7621
f 7663 1743 7664
f 7621 7664 1729
f 7663 7664 7621
f 1730 7622 7624
f 7622 1715 7620
f 7624 7620 1729
f 7622 7620 7624
f 1714 7617 7619
f 7617 1728 7621
f 7619 7621 1729
f 7617 7621 7619
f 1729 7620 7619
f 7620 1715 7576
f 7619 7576 1714
f 7620 7576 7619
f 1744 7668 7713
f 7668 1743 7712
f 7713 7712 1758
f 7668 7712 7713
f 1758 7717 7713
f 7717 1759 7715
f 7713 7715 1744
f 7717 7715 7713
f 1730 7624 7667
f 7624 1729 7666
f 7667 7666 1744
f 7624 7666 7667
f 1744 7666 7668
f 7666 1729 7664
f 7668 7664 1743
f 7666 7664 7668
f 1733 7633 7632
f 7633 1720 7592
f 7632 7592 1719
f 7633 7592 7632
f 1719 7589 7632
f 7589 1718 7631
f 7632 7631 1733
f 7589 7631 7632
f 1720 7590 7592
f 7590 1670 7586
f 7592 7586 1719
f 7590 7586 7592
f 1717 7626 7628
f 7626 1731 7630
f 7628 7630 1732
f 7626 7630 7628
f 1732 7629 7628
f 7629 1718 7585
f 7628 7585 1717
f 7629 7585 7628
f 2712 10836 10837
f 10836 2622 10587
f 10837 10587 2639
f 10836 10587 10837
f 2639 10609 10588
f 10609 2643 10608
f 10588 10608 2638
f 10609 10608 10588
f 2639 10587 10603
f 10587 2622 10602
f 10603 10602 2642
f 10587 10602 10603
f 2642 10610 10603
f 10610 2643 10609
f 10603 10609 2639
f 10610 10609 10603
f 2713 10843 10841
f 10843 2712 10837
f 10841 10837 2639
f 10843 10837 10841
f 2639 10588 10841
f 10588 2638 10840
f 10841 10840 2713
f 10588 10840 10841
f 2642 10599 10600
f 10599 2384 9737
f 10600 9737 2385
f 10599 9737 10600
f 2384 9738 9737
f 9738 2386 9739
f 9737 9739 2385
f 9738 9739 9737
f 2389 9743 9792
f 9743 2386 9791
f 9792 9791 2409
f 9743 9791 9792
f 2389 9748 9747
f 9748 2391 9749
f 9747 9749 2390
f 9748 9749 9747
f 2408 9789 9788
f 9789 2391 9748
f 9788 9748 2389
f 9789 9748 9788
f 2389 9792 9788
f 9792 2409 9794
f 9788 9794 2408
f 9792 9794 9788
f 2471 9989 9990
f 9989 2447 9988
f 9990 9988 2470
f 9989 9988 9990
f 2470 10059 9990
f 10059 2486 10060
f 9990 10060 2471
f 10059 10060 9990
f 2490 10076 10077
f 10076 2488 10072
f 10077 10072 2489
f 10076 10072 10077
f 2489 10070 10080
f 10070 2456 10078
f 10080 10078 2491
f 10070 10078 10080
f 2489 10071 10070
f 10071 2487 10064
f 10070 10064 2456
f 10071 10064 10070
f 2489 10072 10071
f 10072 2488 10069
f 10071 10069 2487
f 10072 10069 10071
f 2491 10085 10080
f 10085 2492 10083
f 10080 10083 2489
f 10085 10083 10080
f 2492 10084 10083
f 10084 2490 10077
f 10083 10077 2489
f 10084 10077 10083
f 2450 9931 9923
f 9931 2452 9929
f 9923 9929 2432
f 9931 9929 9923
f 2431 9868 9870
f 9868 2430 9869
f 9870 9869 2432
f 9868 9869 9870
f 2432 9869 9923
f 9869 2430 9922
f 9923 9922 2450
f 9869 9922 9923
f 2487 10065 10062
f 10065 2486 10058
f 10062 10058 2433
f 10065 10058 10062
f 2433 9872 9930
f 9872 2432 9929
f 9930 9929 2452
f 9872 9929 9930
f 2431 9870 9871
f 9870 2432 9872
f 9871 9872 2433
f 9870 9872 9871
f 2467 9978 9977
f 9978 2442 9899
f 9977 9899 2441
f 9978 9899 9977
f 2441 9896 9894
f 9896 2435 9876
f 9894 9876 2369
f 9896 9876 9894
f 2442 9898 9899
f 9898 2435 9896
f 9899 9896 2441
f 9898 9896 9899
f 2468 10051 9982
f 10051 2484 10050
f 9982 10050 2444
f 10051 10050 9982
f 2468 9980 10046
f 9980 2442 10044
f 10046 10044 2483
f 9980 10044 10046
f 2483 10043 10046
f 10043 2429 9979
f 10046 9979 2468
f 10043 9979 10046
f 2429 10047 9979
f 10047 2484 10051
f 9979 10051 2468
f 10047 10051 9979
f 2370 9877 9878
f 9877 2435 9881
f 9878 9881 2436
f 9877 9881 9878
f 2445 9905 9906
f 9905 2393 9880
f 9906 9880 2436
f 9905 9880 9906
f 2436 9903 9906
f 9903 2444 9907
f 9906 9907 2445
f 9903 9907 9906
f 2443 9900 9902
f 9900 2435 9898
f 9902 9898 2442
f 9900 9898 9902
f 2443 9981 9904
f 9981 2468 9982
f 9904 9982 2444
f 9981 9982 9904
f 2442 9980 9902
f 9980 2468 9981
f 9902 9981 2443
f 9980 9981 9902
f 2444 9903 9904
f 9903 2436 9901
f 9904 9901 2443
f 9903 9901 9904
f 2443 9901 9900
f 9901 2436 9881
f 9900 9881 2435
f 9901 9881 9900
f 2162 8975 8973
f 8975 2161 8970
f 8973 8970 2159
f 8975 8970 8973
f 2159 8967 8973
f 8967 2160 8974
f 8973 8974 2162
f 8967 8974 8973
f 2093 8961 8742
f 8961 2159 8960
f 8742 8960 2092
f 8961 8960 8742
f 2092 8969 8738
f 8969 2161 8968
f 8738 8968 2086
f 8969 8968 8738
f 2092 8960 8969
f 8960 2159 8970
f 8969 8970 2161
f 8960 8970 8969
f 1699 7536 7534
f 7536 1700 7535
f 7534 7535 1698
f 7536 7535 7534
f 2067 8662 8664
f 8662 2066 8663
f 8664 8663 2068
f 8662 8663 8664
f 2068 8663 9015
f 8663 2066 9014
f 9015 9014 2172
f 8663 9014 9015
f 2069 8668 8669
f 8668 2070 8670
f 8669 8670 2071
f 8668 8670 8669
f 2077 8689 8690
f 8689 2067 8665
f 8690 8665 2069
f 8689 8665 8690
f 2067 8664 8665
f 8664 2068 8666
f 8665 8666 2069
f 8664 8666 8665
f 2069 8666 8668
f 8666 2068 8667
f 8668 8667 2070
f 8666 8667 8668
f 2071 8670 8673
f 8670 2070 8672
f 8673 8672 2072
f 8670 8672 8673
f 2077 8690 8694
f 8690 2069 8692
f 8694 8692 2078
f 8690 8692 8694
f 2078 8692 8693
f 8692 2069 8669
f 8693 8669 2071
f 8692 8669 8693
f 2162 8972 8982
f 8972 2123 8979
f 8982 8979 2164
f 8972 8979 8982
f 2164 8981 8982
f 8981 2161 8975
f 8982 8975 2162
f 8981 8975 8982
f 2164 8983 8981
f 8983 2163 8978
f 8981 8978 2161
f 8983 8978 8981
f 2164 8990 8983
f 8990 2166 8989
f 8983 8989 2163
f 8990 8989 8983
f 2164 8979 8980
f 8979 2123 8847
f 8980 8847 2124
f 8979 8847 8980
f 2124 8987 8980
f 8987 2166 8990
f 8980 8990 2164
f 8987 8990 8980
f 2156 8958 8956
f 8958 2158 8959
f 8956 8959 2157
f 8958 8959 8956
f 2157 8962 8955
f 8962 2159 8961
f 8955 8961 2093
f 8962 8961 8955
f 2157 8959 8965
f 8959 2158 8966
f 8965 8966 2160
f 8959 8966 8965
f 2160 8967 8965
f 8967 2159 8962
f 8965 8962 2157
f 8967 8962 8965
f 584 8949 10481
f 8949 2155 10485
f 10481 10485 2610
f 8949 10485 10481
f 604 4337 4334
f 4337 605 4335
f 4334 4335 584
f 4337 4335 4334
f 584 10481 4334
f 10481 2610 10482
f 4334 10482 604
f 10481 10482 4334
f 2156 8953 8950
f 8953 2155 8949
f 8950 8949 584
f 8953 8949 8950
f 584 8957 8950
f 8957 2158 8958
f 8950 8958 2156
f 8957 8958 8950
f 2160 8966 8963
f 8966 2158 8957
f 8963 8957 584
f 8966 8957 8963
f 2122 8964 8844
f 8964 2160 8963
f 8844 8963 584
f 8964 8963 8844
f 584 8845 8844
f 8845 2123 8846
f 8844 8846 2122
f 8845 8846 8844
f 584 8848 8845
f 8848 2125 8849
f 8845 8849 2123
f 8848 8849 8845
f 2127 8854 8852
f 8854 2125 8848
f 8852 8848 584
f 8854 8848 8852
f 2129 8860 8858
f 8860 2127 8852
f 8858 8852 584
f 8860 8852 8858
f 88 10199 3221
f 10199 2528 10200
f 3221 10200 201
f 10199 10200 3221
f 667 10201 4579
f 10201 2528 10199
f 4579 10199 88
f 10201 10199 4579
f 2591 10410 10409
f 10410 2590 10404
f 10409 10404 2584
f 10410 10404 10409
f 2089 8755 8734
f 8755 2096 8756
f 8734 8756 2090
f 8755 8756 8734
f 2090 8732 8734
f 8732 2084 8730
f 8734 8730 2089
f 8732 8730 8734
f 2076 8715 8719
f 8715 2084 8720
f 8719 8720 2085
f 8715 8720 8719
f 2086 8721 8722
f 8721 2075 8718
f 8722 8718 2085
f 8721 8718 8722
f 2075 8688 8718
f 8688 2076 8719
f 8718 8719 2085
f 8688 8719 8718
f 2085 8720 8733
f 8720 2084 8732
f 8733 8732 2090
f 8720 8732 8733
f 2174 9026 9027
f 9026 2153 8948
f 9027 8948 2154
f 9026 8948 9027
f 2174 9025 9024
f 9025 2072 8672
f 9024 8672 2070
f 9025 8672 9024
f 1394 6544 6543
f 6544 1311 6373
f 6543 6373 1309
f 6544 6373 6543
f 2128 8864 8862
f 8864 2131 8866
f 8862 8866 2130
f 8864 8866 8862
f 2172 9014 9018
f 9014 2066 9009
f 9018 9009 2171
f 9014 9009 9018
f 2066 8993 9009
f 8993 2167 9012
f 9009 9012 2171
f 8993 9012 9009
f 2167 9001 9012
f 9001 2169 9013
f 9012 9013 2171
f 9001 9013 9012
f 2171 9010 9018
f 9010 2150 9016
f 9018 9016 2172
f 9010 9016 9018
f 2171 9011 9010
f 9011 2151 8936
f 9010 8936 2150
f 9011 8936 9010
f 2171 9013 9011
f 9013 2169 9000
f 9011 9000 2151
f 9013 9000 9011
f 2170 9008 9007
f 9008 2169 9002
f 9007 9002 2168
f 9008 9002 9007
f 2168 8995 9007
f 8995 2126 9003
f 9007 9003 2170
f 8995 9003 9007
f 2170 9003 9004
f 9003 2126 8856
f 9004 8856 2128
f 9003 8856 9004
f 2128 8862 9004
f 8862 2130 9005
f 9004 9005 2170
f 8862 9005 9004
f 2142 8999 9006
f 8999 2169 9008
f 9006 9008 2170
f 8999 9008 9006
f 2170 9005 9006
f 9005 2130 8901
f 9006 8901 2142
f 9005 8901 9006
f 2116 8906 8911
f 8906 2144 8914
f 8911 8914 2145
f 8906 8914 8911
f 2145 8910 8911
f 8910 2115 8829
f 8911 8829 2116
f 8910 8829 8911
f 2146 8916 8919
f 8916 2115 8910
f 8919 8910 2145
f 8916 8910 8919
f 2135 8918 8912
f 8918 2146 8919
f 8912 8919 2145
f 8918 8919 8912
f 2144 8907 8914
f 8907 2137 8913
f 8914 8913 2145
f 8907 8913 8914
f 2145 8913 8912
f 8913 2137 8884
f 8912 8884 2135
f 8913 8884 8912
f 2133 8917 8878
f 8917 2146 8918
f 8878 8918 2135
f 8917 8918 8878
f 2133 8877 8873
f 8877 2134 8876
f 8873 8876 2132
f 8877 8876 8873
f 2133 8878 8877
f 8878 2135 8879
f 8877 8879 2134
f 8878 8879 8877
f 2138 8888 8890
f 8888 2137 8889
f 8890 8889 2139
f 8888 8889 8890
f 2139 8904 8902
f 8904 2143 8905
f 8902 8905 2142
f 8904 8905 8902
f 2144 8909 8908
f 8909 2143 8904
f 8908 8904 2139
f 8909 8904 8908
f 2139 8889 8908
f 8889 2137 8907
f 8908 8907 2144
f 8889 8907 8908
f 2022 8566 8569
f 8566 1382 8564
f 8569 8564 2021
f 8566 8564 8569
f 1382 6518 8564
f 6518 1385 8565
f 8564 8565 2021
f 6518 8565 8564
f 2021 8945 8569
f 8945 2154 8946
f 8569 8946 2022
f 8945 8946 8569
f 2021 8565 8945
f 8565 1385 8943
f 8945 8943 2154
f 8565 8943 8945
f 1382 6515 6514
f 6515 1384 6516
f 6514 6516 1383
f 6515 6516 6514
f 1383 6513 6514
f 6513 1381 6512
f 6514 6512 1382
f 6513 6512 6514
f 1383 6516 9057
f 6516 1384 9058
f 9057 9058 2184
f 6516 9058 9057
f 2184 9056 9057
f 9056 1381 6513
f 9057 6513 1383
f 9056 6513 9057
f 1316 6383 6553
f 6383 1313 6552
f 6553 6552 1396
f 6383 6552 6553
f 1396 6562 6553
f 6562 1398 6560
f 6553 6560 1316
f 6562 6560 6553
f 1316 6560 6389
f 6560 1398 6561
f 6389 6561 1319
f 6560 6561 6389
f 1316 6387 6386
f 6387 1318 6388
f 6386 6388 1317
f 6387 6388 6386
f 1319 6390 6389
f 6390 1318 6387
f 6389 6387 1316
f 6390 6387 6389
f 1317 6385 6386
f 6385 1315 6384
f 6386 6384 1316
f 6385 6384 6386
f 1316 6384 6383
f 6384 1315 6381
f 6383 6381 1313
f 6384 6381 6383
f 1370 9069 6490
f 9069 2187 9068
f 6490 9068 1369
f 9069 9068 6490
f 1377 6502 6507
f 6502 1376 6506
f 6507 6506 1380
f 6502 6506 6507
f 1380 6506 6508
f 6506 1376 6504
f 6508 6504 1379
f 6506 6504 6508
f 1380 9066 6507
f 9066 2186 9064
f 6507 9064 1377
f 9066 9064 6507
f 1379 9065 6508
f 9065 2186 9066
f 6508 9066 1380
f 9065 9066 6508
f 1421 6656 6653
f 6656 1420 6647
f 6653 6647 1327
f 6656 6647 6653
f 1412 6619 6623
f 6619 1413 6624
f 6623 6624 1414
f 6619 6624 6623
f 1701 7538 7537
f 7538 1700 7536
f 7537 7536 1699
f 7538 7536 7537
f 1699 8138 7537
f 8138 1885 8139
f 7537 8139 1701
f 8138 8139 7537
f 1885 8142 8139
f 8142 1884 8133
f 8139 8133 1701
f 8142 8133 8139
f 1884 8134 8133
f 8134 1703 7541
f 8133 7541 1701
f 8134 7541 8133
f 1319 6393 6392
f 6393 1321 6394
f 6392 6394 1320
f 6393 6394 6392
f 1320 6391 6392
f 6391 1318 6390
f 6392 6390 1319
f 6391 6390 6392
f 1317 6388 7528
f 6388 1318 7529
f 7528 7529 1697
f 6388 7529 7528
f 1697 7527 7528
f 7527 1315 6385
f 7528 6385 1317
f 7527 6385 7528
f 1697 8034 8079
f 8034 1859 8081
f 8079 8081 1873
f 8034 8081 8079
f 1697 8079 8152
f 8079 1873 8153
f 8152 8153 1887
f 8079 8153 8152
f 1887 8150 8152
f 8150 1315 7527
f 8152 7527 1697
f 8150 7527 8152
f 2246 9292 9290
f 9292 2245 9287
f 9290 9287 2236
f 9292 9287 9290
f 2236 9267 9290
f 9267 2238 9291
f 9290 9291 2246
f 9267 9291 9290
f 2237 9270 9264
f 9270 2239 9269
f 9264 9269 2236
f 9270 9269 9264
f 2239 9271 9269
f 9271 2238 9267
f 9269 9267 2236
f 9271 9267 9269
f 2223 9199 9212
f 9199 2178 9210
f 9212 9210 2227
f 9199 9210 9212
f 2369 9691 9693
f 9691 2243 9686
f 9693 9686 2367
f 9691 9686 9693
f 2434 9874 9890
f 9874 2368 9888
f 9890 9888 2439
f 9874 9888 9890
f 2434 9895 9875
f 9895 2441 9894
f 9875 9894 2369
f 9895 9894 9875
f 2369 9693 9875
f 9693 2367 9873
f 9875 9873 2434
f 9693 9873 9875
f 2434 9873 9874
f 9873 2367 9690
f 9874 9690 2368
f 9873 9690 9874
f 2439 9888 9889
f 9888 2368 9854
f 9889 9854 2423
f 9888 9854 9889
f 2361 9885 9852
f 9885 2438 9886
f 9852 9886 2423
f 9885 9886 9852
f 2438 9891 9886
f 9891 2439 9889
f 9886 9889 2423
f 9891 9889 9886
f 2256 9325 9851
f 9325 2255 9850
f 9851 9850 2423
f 9325 9850 9851
f 2423 9854 9851
f 9854 2368 9688
f 9851 9688 2256
f 9854 9688 9851
f 2340 9596 9591
f 9596 2343 9597
f 9591 9597 2342
f 9596 9597 9591
f 2342 9597 9589
f 9597 2343 9593
f 9589 9593 2235
f 9597 9593 9589
f 2242 9275 9590
f 9275 2216 9588
f 9590 9588 2342
f 9275 9588 9590
f 2342 9589 9590
f 9589 2235 9276
f 9590 9276 2242
f 9589 9276 9590
f 2476 10017 10006
f 10017 2478 10016
f 10006 10016 1388
f 10017 10016 10006
f 1388 6524 10006
f 6524 1386 10005
f 10006 10005 2476
f 6524 10005 10006
f 2476 10009 10014
f 10009 2474 10012
f 10014 10012 2477
f 10009 10012 10014
f 2476 10022 10017
f 10022 2479 10024
f 10017 10024 2478
f 10022 10024 10017
f 2477 10023 10014
f 10023 2479 10022
f 10014 10022 2476
f 10023 10022 10014
f 1344 6444 6448
f 6444 1297 6447
f 6448 6447 1345
f 6444 6447 6448
f 1344 6445 6444
f 6445 1298 6361
f 6444 6361 1297
f 6445 6361 6444
f 1345 7515 6448
f 7515 1693 7514
f 6448 7514 1344
f 7515 7514 6448
f 1344 7514 7512
f 7514 1693 7518
f 7512 7518 1692
f 7514 7518 7512
f 1390 6535 6534
f 6535 1389 6529
f 6534 6529 1340
f 6535 6529 6534
f 1340 6529 6434
f 6529 1389 6526
f 6434 6526 1298
f 6529 6526 6434
f 1351 9050 9046
f 9050 2182 9051
f 9046 9051 2181
f 9050 9051 9046
f 2181 9047 9046
f 9047 1352 6462
f 9046 6462 1351
f 9047 6462 9046
f 2181 9701 9661
f 9701 2372 9704
f 9661 9704 2358
f 9701 9704 9661
f 2358 9660 9661
f 9660 1352 9047
f 9661 9047 2181
f 9660 9047 9661
f 2474 10009 9998
f 10009 2476 10007
f 9998 10007 2395
f 10009 10007 9998
f 1352 9660 9759
f 9660 2358 9760
f 9759 9760 2395
f 9660 9760 9759
f 2277 9381 9382
f 9381 2182 9100
f 9382 9100 2195
f 9381 9100 9382
f 2182 9048 9100
f 9048 1347 9099
f 9100 9099 2195
f 9048 9099 9100
f 2195 9387 9382
f 9387 2279 9388
f 9382 9388 2277
f 9387 9388 9382
f 2195 9101 9387
f 9101 2193 9386
f 9387 9386 2279
f 9101 9386 9387
f 2217 9192 9188
f 9192 2218 9191
f 9188 9191 2216
f 9192 9191 9188
f 2293 9429 9430
f 9429 2218 9383
f 9430 9383 2277
f 9429 9383 9430
f 2277 9384 9430
f 9384 2278 9431
f 9430 9431 2293
f 9384 9431 9430
f 2293 9431 9437
f 9431 2278 9434
f 9437 9434 2295
f 9431 9434 9437
f 2332 9556 9557
f 9556 2309 9482
f 9557 9482 2310
f 9556 9482 9557
f 2321 9638 9517
f 9638 2351 9637
f 9517 9637 2320
f 9638 9637 9517
f 2320 9513 9517
f 9513 2314 9514
f 9517 9514 2321
f 9513 9514 9517
f 2351 9640 9637
f 9640 2332 9558
f 9637 9558 2320
f 9640 9558 9637
f 1410 6617 6616
f 6617 1413 6619
f 6616 6619 1412
f 6617 6619 6616
f 1411 6618 6612
f 6618 1413 6617
f 6612 6617 1410
f 6618 6617 6612
f 2290 9420 9419
f 9420 2289 9415
f 9419 9415 2189
f 9420 9415 9419
f 2325 9527 9526
f 9527 2318 9507
f 9526 9507 2259
f 9527 9507 9526
f 2274 9370 9369
f 9370 2261 9332
f 9369 9332 2259
f 9370 9332 9369
f 2259 9332 9329
f 9332 2261 9331
f 9329 9331 2258
f 9332 9331 9329
f 2317 9521 9506
f 9521 2323 9520
f 9506 9520 2316
f 9521 9520 9506
f 2317 9509 9521
f 9509 2318 9522
f 9521 9522 2323
f 9509 9522 9521
f 2316 9501 9506
f 9501 2276 9505
f 9506 9505 2317
f 9501 9505 9506
f 2336 9570 9571
f 9570 2304 9567
f 9571 9567 2335
f 9570 9567 9571
f 2335 9567 9629
f 9567 2304 9624
f 9629 9624 2349
f 9567 9624 9629
f 2335 9615 9571
f 9615 2347 9616
f 9571 9616 2336
f 9615 9616 9571
f 2224 9614 9203
f 9614 2347 9613
f 9203 9613 2179
f 9614 9613 9203
f 2179 9200 9203
f 9200 2223 9205
f 9203 9205 2224
f 9200 9205 9203
f 2179 9043 9200
f 9043 2178 9199
f 9200 9199 2223
f 9043 9199 9200
f 2323 9632 9523
f 9632 2350 9631
f 9523 9631 2322
f 9632 9631 9523
f 2322 9639 9519
f 9639 2351 9638
f 9519 9638 2321
f 9639 9638 9519
f 2322 9519 9518
f 9519 2321 9516
f 9518 9516 2316
f 9519 9516 9518
f 2316 9520 9518
f 9520 2323 9523
f 9518 9523 2322
f 9520 9523 9518
f 2333 9634 9559
f 9634 2350 9630
f 9559 9630 2306
f 9634 9630 9559
f 2333 9559 9560
f 9559 2306 9473
f 9560 9473 2307
f 9559 9473 9560
f 2351 9639 9641
f 9639 2322 9562
f 9641 9562 2333
f 9639 9562 9641
f 2333 9562 9634
f 9562 2322 9631
f 9634 9631 2350
f 9562 9631 9634
f 1377 9064 9648
f 9064 2186 9649
f 9648 9649 2353
f 9064 9649 9648
f 2109 8803 8804
f 8803 2018 8562
f 8804 8562 2020
f 8803 8562 8804
f 2264 9650 9343
f 9650 2353 9651
f 9343 9651 2265
f 9650 9651 9343
f 2265 9651 9342
f 9651 2353 9649
f 9342 9649 2186
f 9651 9649 9342
f 2265 9342 9340
f 9342 2186 9067
f 9340 9067 2184
f 9342 9067 9340
f 2225 9537 9541
f 9537 2328 9546
f 9541 9546 2329
f 9537 9546 9541
f 2054 8628 8627
f 8628 2051 8623
f 8627 8623 2050
f 8628 8623 8627
f 2052 8626 8629
f 8626 2053 8630
f 8629 8630 2054
f 8626 8630 8629
f 2054 8627 8629
f 8627 2050 8625
f 8629 8625 2052
f 8627 8625 8629
f 2210 9167 9168
f 9167 2051 8628
f 9168 8628 2054
f 9167 8628 9168
f 2053 9169 8630
f 9169 2211 9170
f 8630 9170 2054
f 9169 9170 8630
f 2054 9170 9168
f 9170 2211 9173
f 9168 9173 2210
f 9170 9173 9168
f 2049 8622 9166
f 8622 2051 9167
f 9166 9167 2210
f 8622 9167 9166
f 2050 8623 8621
f 8623 2051 8622
f 8621 8622 2049
f 8623 8622 8621
f 2296 9448 9445
f 9448 2299 9450
f 9445 9450 2298
f 9448 9450 9445
f 2298 9579 9445
f 9579 2339 9578
f 9445 9578 2296
f 9579 9578 9445
f 2343 9595 9602
f 9595 2339 9601
f 9602 9601 2344
f 9595 9601 9602
f 2344 9599 9598
f 9599 2239 9270
f 9598 9270 2237
f 9599 9270 9598
f 2237 9594 9598
f 9594 2343 9602
f 9598 9602 2344
f 9594 9602 9598
f 2345 9604 9607
f 9604 2239 9599
f 9607 9599 2344
f 9604 9599 9607
f 1407 6649 6604
f 6649 1420 6650
f 6604 6650 1409
f 6649 6650 6604
f 1406 6598 6603
f 6598 1407 6604
f 6603 6604 1409
f 6598 6604 6603
f 1409 6654 6611
f 6654 1421 6655
f 6611 6655 1411
f 6654 6655 6611
f 1420 6656 6650
f 6656 1421 6654
f 6650 6654 1409
f 6656 6654 6650
f 1418 6646 6641
f 6646 1419 6644
f 6641 6644 1405
f 6646 6644 6641
f 1405 6589 6641
f 6589 1391 6640
f 6641 6640 1418
f 6589 6640 6641
f 1335 6424 6638
f 6424 1333 6637
f 6638 6637 1418
f 6424 6637 6638
f 1333 6643 6637
f 6643 1419 6646
f 6637 6646 1418
f 6643 6646 6637
f 1304 6585 6592
f 6585 1404 6595
f 6592 6595 1406
f 6585 6595 6592
f 1304 6367 6464
f 6367 1303 6463
f 6464 6463 1353
f 6367 6463 6464
f 1353 6470 6464
f 6470 1355 6469
f 6464 6469 1304
f 6470 6469 6464
f 1355 6586 6469
f 6586 1404 6585
f 6469 6585 1304
f 6586 6585 6469
f 222 3276 3477
f 3276 218 3476
f 3477 3476 291
f 3276 3476 3477
f 217 3270 3275
f 3270 218 3276
f 3275 3276 222
f 3270 3276 3275
f 258 3355 3353
f 3355 257 3350
f 3353 3350 217
f 3355 3350 3353
f 217 3275 3353
f 3275 222 3354
f 3353 3354 258
f 3275 3354 3353
f 266 3376 3377
f 3376 257 3355
f 3377 3355 258
f 3376 3355 3377
f 291 3480 3479
f 3480 289 3471
f 3479 3471 258
f 3480 3471 3479
f 258 3354 3479
f 3354 222 3477
f 3479 3477 291
f 3354 3477 3479
f 1122 6042 6854
f 6042 1190 6855
f 6854 6855 1464
f 6042 6855 6854
f 1464 6860 6854
f 6860 1465 6857
f 6854 6857 1122
f 6860 6857 6854
f 1464 6855 6856
f 6855 1190 6852
f 6856 6852 1463
f 6855 6852 6856
f 1464 6856 6965
f 6856 1463 6964
f 6965 6964 1483
f 6856 6964 6965
f 1483 6966 6965
f 6966 1465 6860
f 6965 6860 1464
f 6966 6860 6965
f 1184 6844 6019
f 6844 1461 6842
f 6019 6842 1112
f 6844 6842 6019
f 1112 5912 6019
f 5912 1143 6020
f 6019 6020 1184
f 5912 6020 6019
f 1461 6843 6842
f 6843 1143 5912
f 6842 5912 1112
f 6843 5912 6842
f 1462 6848 6978
f 6848 1461 6977
f 6978 6977 1485
f 6848 6977 6978
f 1462 6845 6848
f 6845 1143 6843
f 6848 6843 1461
f 6845 6843 6848
f 1462 6853 6847
f 6853 1463 6850
f 6847 6850 1148
f 6853 6850 6847
f 1485 6979 6978
f 6979 1463 6853
f 6978 6853 1462
f 6979 6853 6978
f 1272 6259 6277
f 6259 1249 6276
f 6277 6276 1277
f 6259 6276 6277
f 1277 6278 6277
f 6278 1276 6271
f 6277 6271 1272
f 6278 6271 6277
f 1276 6270 6271
f 6270 1270 6260
f 6271 6260 1272
f 6270 6260 6271
f 735 4851 4850
f 4851 734 4848
f 4850 4848 302
f 4851 4848 4850
f 737 4863 6940
f 4863 741 6942
f 6940 6942 1480
f 4863 6942 6940
f 1480 6941 6940
f 6941 738 4856
f 6940 4856 737
f 6941 4856 6940
f 302 4862 4854
f 4862 741 4863
f 4854 4863 737
f 4862 4863 4854
f 737 4856 4854
f 4856 738 4855
f 4854 4855 302
f 4856 4855 4854
f 1482 6953 6954
f 6953 730 4849
f 6954 4849 734
f 6953 4849 6954
f 1482 6961 6953
f 6961 1476 6913
f 6953 6913 730
f 6961 6913 6953
f 734 4851 6954
f 4851 735 6955
f 6954 6955 1482
f 4851 6955 6954
f 1245 6181 7187
f 6181 1244 7186
f 7187 7186 1558
f 6181 7186 7187
f 1558 7193 7187
f 7193 1559 7191
f 7187 7191 1245
f 7193 7191 7187
f 1547 7165 7227
f 7165 1546 7226
f 7227 7226 1571
f 7165 7226 7227
f 1571 7244 7228
f 7244 1574 7243
f 7228 7243 1569
f 7244 7243 7228
f 1546 7239 7226
f 7239 1574 7244
f 7226 7244 1571
f 7239 7244 7226
f 233 3287 3296
f 3287 231 3295
f 3296 3295 236
f 3287 3295 3296
f 233 3564 3287
f 3564 316 3563
f 3287 3563 231
f 3564 3563 3287
f 80 3245 3288
f 3245 206 3291
f 3288 3291 234
f 3245 3291 3288
f 234 3565 3288
f 3565 316 3561
f 3288 3561 80
f 3565 3561 3288
f 1147 5918 5919
f 5918 1120 5876
f 5919 5876 1121
f 5918 5876 5919
f 1121 6837 5919
f 6837 1460 6838
f 5919 6838 1147
f 6837 6838 5919
f 1192 6051 6050
f 6051 1191 6045
f 6050 6045 1178
f 6051 6045 6050
f 1178 5992 6050
f 5992 1120 6048
f 6050 6048 1192
f 5992 6048 6050
f 1178 5993 5992
f 5993 1121 5876
f 5992 5876 1120
f 5993 5876 5992
f 1178 6045 6839
f 6045 1191 6840
f 6839 6840 1460
f 6045 6840 6839
f 1460 6837 6839
f 6837 1121 5993
f 6839 5993 1178
f 6837 5993 6839
f 125 2966 3002
f 2966 119 3001
f 3002 3001 136
f 2966 3001 3002
f 136 3004 3003
f 3004 135 2997
f 3003 2997 126
f 3004 2997 3003
f 126 2968 3003
f 2968 125 3002
f 3003 3002 136
f 2968 3002 3003
f 136 3000 3004
f 3000 71 2996
f 3004 2996 135
f 3000 2996 3004
f 119 2954 3001
f 2954 71 3000
f 3001 3000 136
f 2954 3000 3001
f 192 3202 4866
f 3202 195 4867
f 4866 4867 742
f 3202 4867 4866
f 156 3059 3070
f 3059 145 3068
f 3070 3068 158
f 3059 3068 3070
f 158 3076 3070
f 3076 159 3075
f 3070 3075 156
f 3076 3075 3070
f 158 3084 3088
f 3084 161 3089
f 3088 3089 162
f 3084 3089 3088
f 158 3071 3084
f 3071 157 3083
f 3084 3083 161
f 3071 3083 3084
f 151 3041 3062
f 3041 142 3058
f 3062 3058 156
f 3041 3058 3062
f 156 3075 3062
f 3075 159 3073
f 3062 3073 151
f 3075 3073 3062
f 171 3125 3126
f 3125 142 3041
f 3126 3041 151
f 3125 3041 3126
f 151 3040 3126
f 3040 141 3124
f 3126 3124 171
f 3040 3124 3126
f 151 3073 3040
f 3073 159 3072
f 3040 3072 141
f 3073 3072 3040
f 153 3069 3087
f 3069 158 3088
f 3087 3088 162
f 3069 3088 3087
f 159 3076 3074
f 3076 158 3069
f 3074 3069 153
f 3076 3069 3074
f 141 3072 3049
f 3072 159 3074
f 3049 3074 153
f 3072 3074 3049
f 171 3124 3127
f 3124 141 3049
f 3127 3049 153
f 3124 3049 3127
f 153 3136 3127
f 3136 174 3138
f 3127 3138 171
f 3136 3138 3127
f 162 3089 3104
f 3089 161 3103
f 3104 3103 166
f 3089 3103 3104
f 161 3095 3103
f 3095 164 3105
f 3103 3105 166
f 3095 3105 3103
f 69 2873 2878
f 2873 29 2875
f 2878 2875 70
f 2873 2875 2878
f 70 2877 2878
f 2877 68 2874
f 2878 2874 69
f 2877 2874 2878
f 68 3260 2874
f 3260 210 3261
f 2874 3261 69
f 3260 3261 2874
f 135 2994 2995
f 2994 29 2873
f 2995 2873 69
f 2994 2873 2995
f 69 2991 2995
f 2991 134 2999
f 2995 2999 135
f 2991 2999 2995
f 69 3261 2991
f 3261 210 3262
f 2991 3262 134
f 3261 3262 2991
f 133 2987 2985
f 2987 75 2889
f 2985 2889 31
f 2987 2889 2985
f 31 3063 2985
f 3063 157 3065
f 2985 3065 133
f 3063 3065 2985
f 133 2989 2988
f 2989 132 2983
f 2988 2983 128
f 2989 2983 2988
f 128 2992 2988
f 2992 134 2993
f 2988 2993 133
f 2992 2993 2988
f 134 2990 2993
f 2990 68 2986
f 2993 2986 133
f 2990 2986 2993
f 133 2986 2987
f 2986 68 2890
f 2987 2890 75
f 2986 2890 2987
f 11 2754 2795
f 2754 17 2796
f 2795 2796 37
f 2754 2796 2795
f 37 2797 2795
f 2797 35 2791
f 2795 2791 11
f 2797 2791 2795
f 11 2791 2743
f 2791 35 2790
f 2743 2790 9
f 2791 2790 2743
f 8 2753 2742
f 2753 17 2754
f 2742 2754 11
f 2753 2754 2742
f 9 4388 2743
f 4388 620 4390
f 2743 4390 11
f 4388 4390 2743
f 11 4390 2742
f 4390 620 4387
f 2742 4387 8
f 4390 4387 2742
f 16 2755 2751
f 2755 17 2753
f 2751 2753 8
f 2755 2753 2751
f 8 2749 2751
f 2749 15 2752
f 2751 2752 16
f 2749 2752 2751
f 16 2752 2799
f 2752 15 2798
f 2799 2798 38
f 2752 2798 2799
f 38 2804 2799
f 2804 39 2801
f 2799 2801 16
f 2804 2801 2799
f 16 2801 2755
f 2801 39 2802
f 2755 2802 17
f 2801 2802 2755
f 801 5246 5256
f 5246 876 5262
f 5256 5262 878
f 5246 5262 5256
f 800 5245 4991
f 5245 876 5246
f 4991 5246 801
f 5245 5246 4991
f 774 4941 4985
f 4941 773 4984
f 4985 4984 800
f 4941 4984 4985
f 2201 9117 9115
f 9117 757 4890
f 9115 4890 743
f 9117 4890 9115
f 743 4868 9115
f 4868 745 9116
f 9115 9116 2201
f 4868 9116 9115
f 998 5624 9120
f 5624 1020 9121
f 9120 9121 2201
f 5624 9121 9120
f 2201 9116 9120
f 9116 745 5597
f 9120 5597 998
f 9116 5597 9120
f 590 5047 5045
f 5047 823 5051
f 5045 5051 822
f 5047 5051 5045
f 825 5060 5057
f 5060 824 5053
f 5057 5053 609
f 5060 5053 5057
f 840 5114 5113
f 5114 613 4362
f 5113 4362 612
f 5114 4362 5113
f 817 5027 5028
f 5027 574 4242
f 5028 4242 575
f 5027 4242 5028
f 575 5031 5028
f 5031 818 5032
f 5028 5032 817
f 5031 5032 5028
f 816 5025 5029
f 5025 574 5027
f 5029 5027 817
f 5025 5027 5029
f 817 5059 5029
f 5059 825 5058
f 5029 5058 816
f 5059 5058 5029
f 817 5032 5054
f 5032 818 5055
f 5054 5055 824
f 5032 5055 5054
f 824 5060 5054
f 5060 825 5059
f 5054 5059 817
f 5060 5059 5054
f 2061 9161 8651
f 9161 2209 9160
f 8651 9160 2060
f 9161 9160 8651
f 2062 9162 8654
f 9162 2209 9161
f 8654 9161 2061
f 9162 9161 8654
f 2061 8649 8650
f 8649 2056 8638
f 8650 8638 2057
f 8649 8638 8650
f 2061 8651 8649
f 8651 2060 8646
f 8649 8646 2056
f 8651 8646 8649
f 2057 8637 8650
f 8637 807 8648
f 8650 8648 2061
f 8637 8648 8650
f 807 8652 8648
f 8652 2062 8654
f 8648 8654 2061
f 8652 8654 8648
f 2206 9362 9356
f 9362 2272 9364
f 9356 9364 2271
f 9362 9364 9356
f 2271 9357 9356
f 9357 2209 9163
f 9356 9163 2206
f 9357 9163 9356
f 2203 9361 9147
f 9361 2272 9362
f 9147 9362 2206
f 9361 9362 9147
f 2206 9157 9147
f 9157 2208 9155
f 9147 9155 2203
f 9157 9155 9147
f 2207 9158 9152
f 9158 2208 9157
f 9152 9157 2206
f 9158 9157 9152
f 2206 9163 9152
f 9163 2209 9164
f 9152 9164 2207
f 9163 9164 9152
f 805 5178 5006
f 5178 867 5179
f 5006 5179 806
f 5178 5179 5006
f 2207 9149 9148
f 9149 867 5178
f 9148 5178 805
f 9149 5178 9148
f 805 9154 9148
f 9154 2208 9158
f 9148 9158 2207
f 9154 9158 9148
f 877 5255 5252
f 5255 876 5245
f 5252 5245 800
f 5255 5245 5252
f 867 5249 5254
f 5249 876 5255
f 5254 5255 877
f 5249 5255 5254
f 877 5252 5253
f 5252 800 5005
f 5253 5005 806
f 5252 5005 5253
f 806 5179 5253
f 5179 867 5254
f 5253 5254 877
f 5179 5254 5253
f 810 5012 5015
f 5012 574 5014
f 5015 5014 811
f 5012 5014 5015
f 412 4374 4378
f 4374 616 4382
f 4378 4382 617
f 4374 4382 4378
f 616 4376 4382
f 4376 592 4379
f 4382 4379 617
f 4376 4379 4382
f 592 4291 4379
f 4291 593 4380
f 4379 4380 617
f 4291 4380 4379
f 615 4371 4368
f 4371 433 3851
f 4368 3851 412
f 4371 3851 4368
f 412 4378 4368
f 4378 617 4381
f 4368 4381 615
f 4378 4381 4368
f 615 4381 4372
f 4381 617 4380
f 4372 4380 593
f 4381 4380 4372
f 413 3800 4369
f 3800 414 4370
f 4369 4370 615
f 3800 4370 4369
f 414 3852 4370
f 3852 433 4371
f 4370 4371 615
f 3852 4371 4370
f 595 4311 4298
f 4311 598 4307
f 4298 4307 413
f 4311 4307 4298
f 413 4369 4298
f 4369 615 4373
f 4298 4373 595
f 4369 4373 4298
f 595 4373 4299
f 4373 615 4372
f 4299 4372 593
f 4373 4372 4299
f 594 4310 4300
f 4310 598 4311
f 4300 4311 595
f 4310 4311 4300
f 595 4299 4300
f 4299 593 4297
f 4300 4297 594
f 4299 4297 4300
f 561 4211 4213
f 4211 560 4212
f 4213 4212 562
f 4211 4212 4213
f 561 4243 4239
f 4243 576 4245
f 4239 4245 573
f 4243 4245 4239
f 573 4240 4239
f 4240 570 4233
f 4239 4233 561
f 4240 4233 4239
f 561 4213 4215
f 4213 562 4216
f 4215 4216 564
f 4213 4216 4215
f 570 4232 4233
f 4232 559 4210
f 4233 4210 561
f 4232 4210 4233
f 559 4209 4210
f 4209 560 4211
f 4210 4211 561
f 4209 4211 4210
f 564 4217 4215
f 4217 563 4214
f 4215 4214 561
f 4217 4214 4215
f 561 4214 4243
f 4214 563 4244
f 4243 4244 576
f 4214 4244 4243
f 566 4221 4220
f 4221 565 4218
f 4220 4218 556
f 4221 4218 4220
f 565 4276 4218
f 4276 586 4274
f 4218 4274 556
f 4276 4274 4218
f 568 4227 4225
f 4227 566 4220
f 4225 4220 556
f 4227 4220 4225
f 556 4206 4225
f 4206 558 4226
f 4225 4226 568
f 4206 4226 4225
f 557 4275 4292
f 4275 586 4293
f 4292 4293 594
f 4275 4293 4292
f 557 4205 4275
f 4205 556 4274
f 4275 4274 586
f 4205 4274 4275
f 558 4206 4207
f 4206 556 4205
f 4207 4205 557
f 4206 4205 4207
f 559 4208 4281
f 4208 558 4280
f 4281 4280 588
f 4208 4280 4281
f 588 4282 4281
f 4282 560 4209
f 4281 4209 559
f 4282 4209 4281
f 588 4279 4295
f 4279 557 4292
f 4295 4292 594
f 4279 4292 4295
f 558 4207 4280
f 4207 557 4279
f 4280 4279 588
f 4207 4279 4280
f 588 4295 4285
f 4295 594 4296
f 4285 4296 591
f 4295 4296 4285
f 591 4323 4285
f 4323 600 4322
f 4285 4322 588
f 4323 4322 4285
f 588 4322 4283
f 4322 600 4320
f 4283 4320 562
f 4322 4320 4283
f 562 4212 4283
f 4212 560 4282
f 4283 4282 588
f 4212 4282 4283
f 603 4338 4473
f 4338 606 4474
f 4473 4474 638
f 4338 4474 4473
f 638 4483 4473
f 4483 640 4482
f 4473 4482 603
f 4483 4482 4473
f 603 4482 4330
f 4482 640 4481
f 4330 4481 323
f 4482 4481 4330
f 582 4266 4333
f 4266 580 4332
f 4333 4332 603
f 4266 4332 4333
f 603 4331 4333
f 4331 324 4263
f 4333 4263 582
f 4331 4263 4333
f 603 4330 4331
f 4330 323 3596
f 4331 3596 324
f 4330 3596 4331
f 605 4477 4336
f 4477 639 4475
f 4336 4475 585
f 4477 4475 4336
f 585 4273 4336
f 4273 584 4335
f 4336 4335 605
f 4273 4335 4336
f 585 4271 4272
f 4271 580 4262
f 4272 4262 581
f 4271 4262 4272
f 581 8839 4272
f 8839 2120 8840
f 4272 8840 585
f 8839 8840 4272
f 585 8840 8842
f 8840 2120 8843
f 8842 8843 2121
f 8840 8843 8842
f 585 8863 8859
f 8863 2131 8865
f 8859 8865 2129
f 8863 8865 8859
f 2129 8858 8859
f 8858 584 4273
f 8859 4273 585
f 8858 4273 8859
f 2113 8871 8868
f 8871 2133 8873
f 8868 8873 2132
f 8871 8873 8868
f 2113 8819 8818
f 8819 2106 8792
f 8818 8792 2017
f 8819 8792 8818
f 2111 8813 8812
f 8813 2108 8802
f 8812 8802 2107
f 8813 8802 8812
f 2107 8802 8796
f 8802 2108 8800
f 8796 8800 2052
f 8802 8800 8796
f 2052 8625 8796
f 8625 2050 8795
f 8796 8795 2107
f 8625 8795 8796
f 2050 8794 8795
f 8794 2106 8797
f 8795 8797 2107
f 8794 8797 8795
f 492 4015 4016
f 4015 487 4011
f 4016 4011 491
f 4015 4011 4016
f 487 4005 4011
f 4005 489 4012
f 4011 4012 491
f 4005 4012 4011
f 491 4009 4016
f 4009 408 4014
f 4016 4014 492
f 4009 4014 4016
f 491 4010 4009
f 4010 409 3792
f 4009 3792 408
f 4010 3792 4009
f 491 4012 4010
f 4012 489 4004
f 4010 4004 409
f 4012 4004 4010
f 405 3809 3816
f 3809 418 3819
f 3816 3819 421
f 3809 3819 3816
f 421 3817 3816
f 3817 406 3783
f 3816 3783 405
f 3817 3783 3816
f 421 3819 3818
f 3819 418 3810
f 3818 3810 407
f 3819 3810 3818
f 407 3788 3818
f 3788 406 3817
f 3818 3817 421
f 3788 3817 3818
f 1029 5700 5696
f 5700 1031 5701
f 5696 5701 1030
f 5700 5701 5696
f 1028 5699 5689
f 5699 1031 5700
f 5689 5700 1029
f 5699 5700 5689
f 1018 5688 5690
f 5688 1029 5696
f 5690 5696 1030
f 5688 5696 5690
f 1069 5811 5810
f 5811 1068 5808
f 5810 5808 1032
f 5811 5808 5810
f 1069 5853 5811
f 5853 1082 5852
f 5811 5852 1068
f 5853 5852 5811
f 1066 5850 5805
f 5850 1082 5849
f 5805 5849 1065
f 5850 5849 5805
f 1067 5851 5807
f 5851 1082 5850
f 5807 5850 1066
f 5851 5850 5807
f 1066 5805 5804
f 5805 1065 5801
f 5804 5801 1032
f 5805 5801 5804
f 1032 5806 5804
f 5806 1067 5807
f 5804 5807 1066
f 5806 5807 5804
f 1074 5858 5822
f 5858 1082 5857
f 5822 5857 1073
f 5858 5857 5822
f 1032 5702 5819
f 5702 485 5818
f 5819 5818 1073
f 5702 5818 5819
f 485 5821 5818
f 5821 1074 5822
f 5818 5822 1073
f 5821 5822 5818
f 938 5765 5771
f 5765 1058 5784
f 5771 5784 1059
f 5765 5784 5771
f 933 5576 5567
f 5576 997 5596
f 5567 5596 996
f 5576 5596 5567
f 933 5554 5377
f 5554 995 5555
f 5377 5555 934
f 5554 5555 5377
f 933 5567 5554
f 5567 996 5573
f 5554 5573 995
f 5567 5573 5554
f 1053 5750 5743
f 5750 1055 5749
f 5743 5749 1044
f 5750 5749 5743
f 1044 9232 5743
f 9232 2232 9239
f 5743 9239 1053
f 9232 9239 5743
f 2233 9245 9255
f 9245 930 5527
f 9255 5527 991
f 9245 5527 9255
f 991 5527 5556
f 5527 930 5553
f 5556 5553 995
f 5527 5553 5556
f 902 5540 5552
f 5540 994 5557
f 5552 5557 995
f 5540 5557 5552
f 894 5352 5290
f 5352 921 5351
f 5290 5351 893
f 5352 5351 5290
f 921 5350 5351
f 5350 892 5289
f 5351 5289 893
f 5350 5289 5351
f 893 5561 5290
f 5561 996 5562
f 5290 5562 894
f 5561 5562 5290
f 893 5289 5561
f 5289 892 5560
f 5561 5560 996
f 5289 5560 5561
f 913 5515 5324
f 5515 989 5514
f 5324 5514 885
f 5515 5514 5324
f 885 5279 5324
f 5279 886 5325
f 5324 5325 913
f 5279 5325 5324
f 917 5335 5334
f 5335 914 5327
f 5334 5327 913
f 5335 5327 5334
f 913 5327 5515
f 5327 914 5516
f 5515 5516 989
f 5327 5516 5515
f 967 5506 5450
f 5506 987 5505
f 5450 5505 926
f 5506 5505 5450
f 885 5503 5448
f 5503 987 5506
f 5448 5506 967
f 5503 5506 5448
f 967 5449 5448
f 5449 886 5279
f 5448 5279 885
f 5449 5279 5448
f 910 5346 5341
f 5346 920 5347
f 5341 5347 919
f 5346 5347 5341
f 919 5342 5341
f 5342 911 5321
f 5341 5321 910
f 5342 5321 5341
f 910 5321 5510
f 5321 911 5511
f 5510 5511 988
f 5321 5511 5510
f 445 3912 3910
f 3912 459 3915
f 3910 3915 458
f 3912 3915 3910
f 458 3918 3910
f 3918 460 3916
f 3910 3916 445
f 3918 3916 3910
f 459 3919 3915
f 3919 460 3918
f 3915 3918 458
f 3919 3918 3915
f 476 3964 3967
f 3964 460 3966
f 3967 3966 477
f 3964 3966 3967
f 477 4168 4162
f 4168 546 4169
f 4162 4169 545
f 4168 4169 4162
f 545 4161 4162
f 4161 476 3967
f 4162 3967 477
f 4161 3967 4162
f 482 3985 3990
f 3985 447 3987
f 3990 3987 483
f 3985 3987 3990
f 483 3993 3989
f 3993 484 3992
f 3989 3992 480
f 3993 3992 3989
f 480 3986 3989
f 3986 482 3990
f 3989 3990 483
f 3986 3990 3989
f 483 3988 3993
f 3988 448 3991
f 3993 3991 484
f 3988 3991 3993
f 483 3987 3988
f 3987 447 3895
f 3988 3895 448
f 3987 3895 3988
f 155 3093 3053
f 3093 163 3090
f 3053 3090 34
f 3093 3090 3053
f 155 3053 3054
f 3053 34 2853
f 3054 2853 59
f 3053 2853 3054
f 59 2917 3054
f 2917 87 3055
f 3054 3055 155
f 2917 3055 3054
f 155 3055 4714
f 3055 87 4712
f 4714 4712 701
f 3055 4712 4714
f 701 4713 4714
f 4713 148 3056
f 4714 3056 155
f 4713 3056 4714
f 148 3092 3056
f 3092 163 3093
f 3056 3093 155
f 3092 3093 3056
f 165 3099 3097
f 3099 163 3092
f 3097 3092 148
f 3099 3092 3097
f 165 3100 3098
f 3100 164 3094
f 3098 3094 154
f 3100 3094 3098
f 154 3052 3098
f 3052 77 3096
f 3098 3096 165
f 3052 3096 3098
f 77 3091 3096
f 3091 163 3099
f 3096 3099 165
f 3091 3099 3096
f 700 4708 4710
f 4708 336 3654
f 4710 3654 343
f 4708 3654 4710
f 343 3654 3655
f 3654 336 3633
f 3655 3633 337
f 3654 3633 3655
f 343 3655 3656
f 3655 337 3639
f 3656 3639 338
f 3655 3639 3656
f 338 3636 3656
f 3636 143 3653
f 3656 3653 343
f 3636 3653 3656
f 1907 8206 8208
f 8206 1259 8204
f 8208 8204 1906
f 8206 8204 8208
f 1992 8468 8467
f 8468 1990 8458
f 8467 8458 1907
f 8468 8458 8467
f 1907 8208 8467
f 8208 1906 8466
f 8467 8466 1992
f 8208 8466 8467
f 1260 6225 8207
f 6225 1259 8206
f 8207 8206 1907
f 6225 8206 8207
f 1907 8458 8211
f 8458 1990 8459
f 8211 8459 1908
f 8458 8459 8211
f 1908 8209 8211
f 8209 1260 8207
f 8211 8207 1907
f 8209 8207 8211
f 1250 6211 6202
f 6211 1255 6212
f 6202 6212 1252
f 6211 6212 6202
f 1257 6231 6233
f 6231 1262 6234
f 6233 6234 1263
f 6231 6234 6233
f 1467 6868 6936
f 6868 1466 6935
f 6936 6935 1479
f 6868 6935 6936
f 1111 6865 5873
f 6865 1467 6866
f 5873 6866 1115
f 6865 6866 5873
f 1469 6885 6875
f 6885 1470 6882
f 6875 6882 1114
f 6885 6882 6875
f 1186 6031 6023
f 6031 1187 6026
f 6023 6026 1114
f 6031 6026 6023
f 1141 5910 6877
f 5910 1140 6876
f 6877 6876 1469
f 5910 6876 6877
f 1469 6879 6877
f 6879 1187 6028
f 6877 6028 1141
f 6879 6028 6877
f 1141 6028 5910
f 6028 1187 6027
f 5910 6027 1140
f 6028 6027 5910
f 1645 7822 7417
f 7822 1792 7823
f 7417 7823 1647
f 7822 7823 7417
f 1648 7419 7420
f 7419 1646 7418
f 7420 7418 1647
f 7419 7418 7420
f 1646 7416 7418
f 7416 1645 7417
f 7418 7417 1647
f 7416 7417 7418
f 1647 7421 7420
f 7421 1649 7422
f 7420 7422 1648
f 7421 7422 7420
f 1647 7823 7421
f 7823 1792 7824
f 7421 7824 1649
f 7823 7824 7421
f 1995 8481 8485
f 8481 1994 8484
f 8485 8484 1996
f 8481 8484 8485
f 1904 8491 8482
f 8491 1998 8492
f 8482 8492 1996
f 8491 8492 8482
f 1996 8483 8482
f 8483 1905 8201
f 8482 8201 1904
f 8483 8201 8482
f 1994 8474 8484
f 8474 1905 8483
f 8484 8483 1996
f 8474 8483 8484
f 1997 8487 8488
f 8487 1995 8485
f 8488 8485 1996
f 8487 8485 8488
f 1996 8492 8488
f 8492 1998 8493
f 8488 8493 1997
f 8492 8493 8488
f 1940 8295 8296
f 8295 1938 8294
f 8296 8294 1939
f 8295 8294 8296
f 1939 8297 8296
f 8297 1941 8298
f 8296 8298 1940
f 8297 8298 8296
f 1978 8412 8413
f 8412 1938 8295
f 8413 8295 1940
f 8412 8295 8413
f 1977 8414 8407
f 8414 1978 8413
f 8407 8413 1940
f 8414 8413 8407
f 1943 8301 8447
f 8301 1941 8446
f 8447 8446 1987
f 8301 8446 8447
f 1987 8456 8447
f 8456 1989 8454
f 8447 8454 1943
f 8456 8454 8447
f 1987 8446 8448
f 8446 1941 8440
f 8448 8440 1985
f 8446 8440 8448
f 1988 8457 8453
f 8457 1989 8456
f 8453 8456 1987
f 8457 8456 8453
f 1987 8448 8449
f 8448 1985 8445
f 8449 8445 1986
f 8448 8445 8449
f 1986 8452 8449
f 8452 1988 8453
f 8449 8453 1987
f 8452 8453 8449
f 1273 6261 8183
f 6261 1246 8182
f 8183 8182 1900
f 6261 8182 8183
f 1247 6189 6262
f 6189 1246 6261
f 6262 6261 1273
f 6189 6261 6262
f 1273 8183 8185
f 8183 1900 8187
f 8185 8187 1901
f 8183 8187 8185
f 1901 8186 8185
f 8186 1274 6266
f 8185 6266 1273
f 8186 6266 8185
f 1273 6266 6262
f 6266 1274 6264
f 6262 6264 1247
f 6266 6264 6262
f 1200 6182 6077
f 6182 1246 6183
f 6077 6183 1201
f 6182 6183 6077
f 1201 6183 6134
f 6183 1246 6184
f 6134 6184 1225
f 6183 6184 6134
f 1199 6075 6076
f 6075 1200 6077
f 6076 6077 1201
f 6075 6077 6076
f 1201 6134 6076
f 6134 1225 6133
f 6076 6133 1199
f 6134 6133 6076
f 1279 6284 6282
f 6284 1193 6055
f 6282 6055 1176
f 6284 6055 6282
f 1176 6059 6282
f 6059 1194 6285
f 6282 6285 1279
f 6059 6285 6282
f 1279 6286 6283
f 6286 1276 6269
f 6283 6269 1192
f 6286 6269 6283
f 1192 6056 6283
f 6056 1193 6284
f 6283 6284 1279
f 6056 6284 6283
f 1177 5990 6768
f 5990 1086 6766
f 6768 6766 1446
f 5990 6766 6768
f 1177 6060 5990
f 6060 1194 6057
f 5990 6057 1086
f 6060 6057 5990
f 1281 6296 6297
f 6296 1270 6270
f 6297 6270 1276
f 6296 6270 6297
f 1247 6264 6188
f 6264 1274 6263
f 6188 6263 1239
f 6264 6263 6188
f 1239 6187 6188
f 6187 1246 6189
f 6188 6189 1247
f 6187 6189 6188
f 1228 6186 6169
f 6186 1246 6187
f 6169 6187 1239
f 6186 6187 6169
f 1239 6246 6169
f 6246 1267 6244
f 6169 6244 1228
f 6246 6244 6169
f 1228 6244 6149
f 6244 1267 6245
f 6149 6245 1229
f 6244 6245 6149
f 1947 8310 8309
f 8310 1946 8308
f 8309 8308 1945
f 8310 8308 8309
f 1946 8307 8308
f 8307 1944 8306
f 8308 8306 1945
f 8307 8306 8308
f 1945 8306 8305
f 8306 1944 8304
f 8305 8304 1943
f 8306 8304 8305
f 1945 8462 8309
f 8462 1991 8463
f 8309 8463 1947
f 8462 8463 8309
f 1945 8455 8462
f 8455 1989 8464
f 8462 8464 1991
f 8455 8464 8462
f 1943 8454 8305
f 8454 1989 8455
f 8305 8455 1945
f 8454 8455 8305
f 2678 10712 10719
f 10712 2677 10718
f 10719 10718 2680
f 10712 10718 10719
f 2678 10710 10709
f 10710 2651 10627
f 10709 10627 2649
f 10710 10627 10709
f 2678 10719 10710
f 10719 2680 10716
f 10710 10716 2651
f 10719 10716 10710
f 2632 10707 10708
f 10707 2677 10712
f 10708 10712 2678
f 10707 10712 10708
f 2649 10703 10709
f 10703 2676 10711
f 10709 10711 2678
f 10703 10711 10709
f 2678 10711 10708
f 10711 2676 10702
f 10708 10702 2632
f 10711 10702 10708
f 2590 10410 10403
f 10410 2591 10406
f 10403 10406 2519
f 10410 10406 10403
f 2519 10406 10180
f 10406 2591 10407
f 10180 10407 2520
f 10406 10407 10180
f 2518 10402 10176
f 10402 2590 10403
f 10176 10403 2519
f 10402 10403 10176
f 2519 10175 10176
f 10175 2102 10172
f 10176 10172 2518
f 10175 10172 10176
f 2586 10387 10395
f 10387 2517 10394
f 10395 10394 2588
f 10387 10394 10395
f 2587 10391 10396
f 10391 2586 10395
f 10396 10395 2588
f 10391 10395 10396
f 2588 10392 10393
f 10392 1624 7374
f 10393 7374 1626
f 10392 7374 10393
f 2588 10394 10392
f 10394 2517 10169
f 10392 10169 1624
f 10394 10169 10392
f 2609 10479 10480
f 10479 2596 10473
f 10480 10473 2608
f 10479 10473 10480
f 2608 10472 10480
f 10472 2547 10476
f 10480 10476 2609
f 10472 10476 10480
f 2545 10248 10471
f 10248 2547 10472
f 10471 10472 2608
f 10248 10472 10471
f 2608 10473 10474
f 10473 2596 10433
f 10474 10433 2598
f 10473 10433 10474
f 2548 10251 10249
f 10251 2547 10248
f 10249 10248 2545
f 10251 10248 10249
f 2545 10247 10249
f 10247 2546 10250
f 10249 10250 2548
f 10247 10250 10249
f 2548 10250 10287
f 10250 2546 10286
f 10287 10286 2560
f 10250 10286 10287
f 2548 10287 10292
f 10287 2560 10294
f 10292 10294 2562
f 10287 10294 10292
f 2548 10292 10255
f 10292 2562 10293
f 10255 10293 2550
f 10292 10293 10255
f 2550 10254 10255
f 10254 2547 10251
f 10255 10251 2548
f 10254 10251 10255
f 1800 7889 7891
f 7889 1813 7893
f 7891 7893 1814
f 7889 7893 7891
f 1801 7852 7892
f 7852 1800 7891
f 7892 7891 1814
f 7852 7891 7892
f 1814 7896 7892
f 7896 1815 7894
f 7892 7894 1801
f 7896 7894 7892
f 1828 7937 7936
f 7937 1815 7896
f 7936 7896 1814
f 7937 7896 7936
f 1814 7934 7936
f 7934 1827 7938
f 7936 7938 1828
f 7934 7938 7936
f 1814 7893 7934
f 7893 1813 7933
f 7934 7933 1827
f 7893 7933 7934
f 1842 8020 8022
f 8020 1854 8024
f 8022 8024 1855
f 8020 8024 8022
f 1855 8023 8022
f 8023 1843 7987
f 8022 7987 1842
f 8023 7987 8022
f 1831 7989 7991
f 7989 1844 7992
f 7991 7992 1845
f 7989 7992 7991
f 1845 7992 8029
f 7992 1844 8028
f 8029 8028 1857
f 7992 8028 8029
f 1856 8025 8027
f 8025 1843 8023
f 8027 8023 1855
f 8025 8023 8027
f 1856 8071 8030
f 8071 1870 8072
f 8030 8072 1857
f 8071 8072 8030
f 1857 8028 8030
f 8028 1844 8026
f 8030 8026 1856
f 8028 8026 8030
f 1844 7990 8026
f 7990 1843 8025
f 8026 8025 1856
f 7990 8025 8026
f 1856 8027 8069
f 8027 1855 8068
f 8069 8068 1869
f 8027 8068 8069
f 1869 8073 8069
f 8073 1870 8071
f 8069 8071 1856
f 8073 8071 8069
f 1801 7894 7855
f 7894 1815 7895
f 7855 7895 1802
f 7894 7895 7855
f 1816 7942 7902
f 7942 1830 7943
f 7902 7943 1817
f 7942 7943 7902
f 1816 7897 7899
f 7897 1802 7895
f 7899 7895 1815
f 7897 7895 7899
f 1829 7939 7941
f 7939 1815 7937
f 7941 7937 1828
f 7939 7937 7941
f 1843 7986 7985
f 7986 1830 7944
f 7985 7944 1829
f 7986 7944 7985
f 1829 7940 7939
f 7940 1816 7899
f 7939 7899 1815
f 7940 7899 7939
f 1830 7942 7944
f 7942 1816 7940
f 7944 7940 1829
f 7942 7940 7944
f 1828 7982 7941
f 7982 1842 7983
f 7941 7983 1829
f 7982 7983 7941
f 1829 7983 7985
f 7983 1842 7987
f 7985 7987 1843
f 7983 7987 7985
f 1867 8064 8111
f 8064 1866 8110
f 8111 8110 1879
f 8064 8110 8111
f 1853 8060 8062
f 8060 1866 8064
f 8062 8064 1867
f 8060 8064 8062
f 1867 8063 8062
f 8063 1854 8021
f 8062 8021 1853
f 8063 8021 8062
f 1867 8067 8063
f 8067 1868 8065
f 8063 8065 1854
f 8067 8065 8063
f 1704 7546 7547
f 7546 1705 7548
f 7547 7548 1706
f 7546 7548 7547
f 1705 7553 7548
f 7553 1708 7554
f 7548 7554 1706
f 7553 7554 7548
f 1618 7552 8123
f 7552 1708 8124
f 8123 8124 1882
f 7552 8124 8123
f 1882 8127 8123
f 8127 1881 8118
f 8123 8118 1618
f 8127 8118 8123
f 1882 8124 8132
f 8124 1708 8129
f 8132 8129 1883
f 8124 8129 8132
f 1869 8121 8125
f 8121 1881 8127
f 8125 8127 1882
f 8121 8127 8125
f 1883 8130 8132
f 8130 1870 8126
f 8132 8126 1882
f 8130 8126 8132
f 1882 8126 8125
f 8126 1870 8073
f 8125 8073 1869
f 8126 8073 8125
f 1621 8108 7368
f 8108 1879 8109
f 7368 8109 1623
f 8108 8109 7368
f 1622 7365 7367
f 7365 1619 7364
f 7367 7364 1621
f 7365 7364 7367
f 1623 7371 7368
f 7371 1624 7369
f 7368 7369 1621
f 7371 7369 7368
f 1624 7370 7369
f 7370 1622 7367
f 7369 7367 1621
f 7370 7367 7369
f 1613 7357 7355
f 7357 1614 7356
f 7355 7356 1612
f 7357 7356 7355
f 1612 8229 7355
f 8229 1915 8230
f 7355 8230 1613
f 8229 8230 7355
f 1612 10531 8229
f 10531 2623 10533
f 8229 10533 1915
f 10531 10533 8229
f 2714 10851 10854
f 10851 2715 10855
f 10854 10855 2716
f 10851 10855 10854
f 2716 10853 10854
f 10853 2671 10846
f 10854 10846 2714
f 10853 10846 10854
f 2714 10845 10851
f 10845 1667 10848
f 10851 10848 2715
f 10845 10848 10851
f 1665 7460 10844
f 7460 1667 10845
f 10844 10845 2714
f 7460 10845 10844
f 2671 10687 10846
f 10687 2672 10847
f 10846 10847 2714
f 10687 10847 10846
f 2672 10684 10847
f 10684 1665 10844
f 10847 10844 2714
f 10684 10844 10847
f 1827 7935 7977
f 7935 1826 7976
f 7977 7976 1840
f 7935 7976 7977
f 1850 8008 8007
f 8008 1838 7972
f 8007 7972 1837
f 8008 7972 8007
f 1837 8005 8007
f 8005 1849 8009
f 8007 8009 1850
f 8005 8009 8007
f 1824 7924 7926
f 7924 1810 7922
f 7926 7922 1823
f 7924 7922 7926
f 1823 7967 7926
f 7967 1837 7968
f 7926 7968 1824
f 7967 7968 7926
f 1824 7968 7970
f 7968 1837 7972
f 7970 7972 1838
f 7968 7972 7970
f 1865 8056 8058
f 8056 1851 8054
f 8058 8054 1864
f 8056 8054 8058
f 1865 8105 8061
f 8105 1878 8106
f 8061 8106 1866
f 8105 8106 8061
f 1864 8100 8058
f 8100 1877 8101
f 8058 8101 1865
f 8100 8101 8058
f 1877 8107 8101
f 8107 1878 8105
f 8101 8105 1865
f 8107 8105 8101
f 1809 7919 7921
f 7919 1822 7923
f 7921 7923 1823
f 7919 7923 7921
f 1823 7922 7921
f 7922 1810 7881
f 7921 7881 1809
f 7922 7881 7921
f 1796 7837 7877
f 7837 1795 7876
f 7877 7876 1809
f 7837 7876 7877
f 1809 7881 7877
f 7881 1810 7879
f 7877 7879 1796
f 7881 7879 7877
f 1615 8038 7401
f 8038 1860 8040
f 7401 8040 1638
f 8038 8040 7401
f 1917 8238 8237
f 8238 1616 7358
f 8237 7358 1615
f 8238 7358 8237
f 1615 7358 7359
f 7358 1616 7360
f 7359 7360 1617
f 7358 7360 7359
f 1617 8039 7359
f 8039 1860 8038
f 7359 8038 1615
f 8039 8038 7359
f 1615 8240 8237
f 8240 1918 8243
f 8237 8243 1917
f 8240 8243 8237
f 1638 8241 7401
f 8241 1918 8240
f 7401 8240 1615
f 8241 8240 7401
f 1952 8323 8381
f 8323 1954 8382
f 8381 8382 1972
f 8323 8382 8381
f 1952 8389 8319
f 8389 1973 8388
f 8319 8388 1950
f 8389 8388 8319
f 1952 8381 8389
f 8381 1972 8390
f 8389 8390 1973
f 8381 8390 8389
f 1952 8319 8322
f 8319 1950 8320
f 8322 8320 1953
f 8319 8320 8322
f 1953 8325 8322
f 8325 1955 8324
f 8322 8324 1952
f 8325 8324 8322
f 1955 8326 8324
f 8326 1954 8323
f 8324 8323 1952
f 8326 8323 8324
f 2602 10446 10450
f 10446 2601 10449
f 10450 10449 2603
f 10446 10449 10450
f 2603 10455 10450
f 10455 2604 10454
f 10450 10454 2602
f 10455 10454 10450
f 1628 10451 10447
f 10451 2604 10455
f 10447 10455 2603
f 10451 10455 10447
f 1633 10167 7389
f 10167 2516 10166
f 7389 10166 1631
f 10167 10166 7389
f 2516 10453 10166
f 10453 2604 10452
f 10166 10452 1631
f 10453 10452 10166
f 1629 7382 7384
f 7382 1630 7385
f 7384 7385 1631
f 7382 7385 7384
f 1631 7385 7389
f 7385 1630 7388
f 7389 7388 1633
f 7385 7388 7389
f 1631 7383 7384
f 7383 1628 7381
f 7384 7381 1629
f 7383 7381 7384
f 1631 10452 7383
f 10452 2604 10451
f 7383 10451 1628
f 10452 10451 7383
f 1862 8048 8047
f 8048 1849 8006
f 8047 8006 1848
f 8048 8006 8047
f 1848 8003 8045
f 8003 1847 8044
f 8045 8044 1861
f 8003 8044 8045
f 1861 8049 8045
f 8049 1862 8047
f 8045 8047 1848
f 8049 8047 8045
f 1928 8276 10227
f 8276 1929 10228
f 10227 10228 2538
f 8276 10228 10227
f 2538 10225 10227
f 10225 1634 8272
f 10227 8272 1928
f 10225 8272 10227
f 1635 7394 10226
f 7394 1634 10225
f 10226 10225 2538
f 7394 10225 10226
f 2538 10228 10234
f 10228 1929 10232
f 10234 10232 2540
f 10228 10232 10234
f 2540 10233 10234
f 10233 2537 10229
f 10234 10229 2538
f 10233 10229 10234
f 2538 10229 10226
f 10229 2537 10223
f 10226 10223 1635
f 10229 10223 10226
f 2567 10311 10310
f 10311 2508 10137
f 10310 10137 1493
f 10311 10137 10310
f 1493 6996 10310
f 6996 1490 10309
f 10310 10309 2567
f 6996 10309 10310
f 1493 7001 6995
f 7001 1496 7000
f 6995 7000 1488
f 7001 7000 6995
f 1488 6992 6995
f 6992 1490 6996
f 6995 6996 1493
f 6992 6996 6995
f 1500 7025 7030
f 7025 1505 7031
f 7030 7031 1506
f 7025 7031 7030
f 1494 10140 7018
f 10140 2510 10142
f 7018 10142 1504
f 10140 10142 7018
f 1494 10138 10140
f 10138 2508 10143
f 10140 10143 2510
f 10138 10143 10140
f 1494 6997 10138
f 6997 1493 10137
f 10138 10137 2508
f 6997 10137 10138
f 2556 10275 10274
f 10275 2544 10242
f 10274 10242 2542
f 10275 10242 10274
f 2542 10269 10274
f 10269 2554 10276
f 10274 10276 2556
f 10269 10276 10274
f 2556 10276 10279
f 10276 2554 10277
f 10279 10277 2557
f 10276 10277 10279
f 2557 10284 10279
f 10284 2559 10283
f 10279 10283 2556
f 10284 10283 10279
f 2556 10283 10282
f 10283 2559 10285
f 10282 10285 2558
f 10283 10285 10282
f 2558 10280 10282
f 10280 2544 10275
f 10282 10275 2556
f 10280 10275 10282
f 2572 10334 10337
f 10334 2509 10326
f 10337 10326 2570
f 10334 10326 10337
f 2563 10296 10329
f 10296 2561 10328
f 10329 10328 2570
f 10296 10328 10329
f 2570 10328 10337
f 10328 2561 10336
f 10337 10336 2572
f 10328 10336 10337
f 2570 10326 10327
f 10326 2509 10144
f 10327 10144 2510
f 10326 10144 10327
f 2570 10327 10330
f 10327 2510 10322
f 10330 10322 2569
f 10327 10322 10330
f 2569 10323 10330
f 10323 2563 10329
f 10330 10329 2570
f 10323 10329 10330
f 2577 10355 10354
f 10355 1931 8277
f 10354 8277 1930
f 10355 8277 10354
f 1930 8280 10354
f 8280 1934 10356
f 10354 10356 2577
f 8280 10356 10354
f 1930 8277 8281
f 8277 1931 8282
f 8281 8282 1935
f 8277 8282 8281
f 1935 8284 8281
f 8284 1934 8280
f 8281 8280 1930
f 8284 8280 8281
f 1527 7098 10160
f 7098 1529 10161
f 10160 10161 2515
f 7098 10161 10160
f 1211 6093 7095
f 6093 1209 7094
f 7095 7094 1527
f 6093 7094 7095
f 1530 7116 7101
f 7116 1536 7117
f 7101 7117 1531
f 7116 7117 7101
f 1530 7100 7116
f 7100 1529 7115
f 7116 7115 1536
f 7100 7115 7116
f 1531 10158 7101
f 10158 2514 10157
f 7101 10157 1530
f 10158 10157 7101
f 2514 10156 10157
f 10156 1529 7100
f 10157 7100 1530
f 10156 7100 10157
f 1233 7121 6161
f 7121 1537 7119
f 6161 7119 1206
f 7121 7119 6161
f 1537 7120 7119
f 7120 1209 6088
f 7119 6088 1206
f 7120 6088 7119
f 1896 8168 8165
f 8168 1895 8163
f 8165 8163 1211
f 8168 8163 8165
f 1896 8167 8168
f 8167 1894 8164
f 8168 8164 1895
f 8167 8164 8168
f 1211 7095 8165
f 7095 1527 8166
f 8165 8166 1896
f 7095 8166 8165
f 2515 10162 10163
f 10162 1894 8167
f 10163 8167 1896
f 10162 8167 10163
f 1896 8166 10163
f 8166 1527 10160
f 10163 10160 2515
f 8166 10160 10163
f 1534 7114 7108
f 7114 1535 7111
f 7108 7111 1513
f 7114 7111 7108
f 1539 7133 7134
f 7133 1512 7046
f 7134 7046 1513
f 7133 7046 7134
f 1513 7111 7134
f 7111 1535 7135
f 7134 7135 1539
f 7111 7135 7134
f 1513 7046 7044
f 7046 1512 7041
f 7044 7041 1507
f 7046 7041 7044
f 1511 7043 7040
f 7043 1512 7042
f 7040 7042 1510
f 7043 7042 7040
f 1510 7047 7040
f 7047 1514 7048
f 7040 7048 1511
f 7047 7048 7040
f 1545 7160 7159
f 7160 1514 7047
f 7159 7047 1510
f 7160 7047 7159
f 1510 7042 7132
f 7042 1512 7133
f 7132 7133 1539
f 7042 7133 7132
f 1539 7161 7132
f 7161 1545 7159
f 7132 7159 1510
f 7161 7159 7132
f 1543 7148 7150
f 7148 1167 7079
f 7150 7079 1523
f 7148 7079 7150
f 1543 7152 7148
f 7152 1525 7085
f 7148 7085 1167
f 7152 7085 7148
f 1524 7088 7151
f 7088 1525 7152
f 7151 7152 1543
f 7088 7152 7151
f 1543 7158 7151
f 7158 1544 7155
f 7151 7155 1524
f 7158 7155 7151
f 1523 7081 7150
f 7081 1169 7149
f 7150 7149 1543
f 7081 7149 7150
f 1169 7141 7149
f 7141 1541 7153
f 7149 7153 1543
f 7141 7153 7149
f 1543 7153 7154
f 7153 1541 7147
f 7154 7147 1542
f 7153 7147 7154
f 1542 7157 7154
f 7157 1544 7158
f 7154 7158 1543
f 7157 7158 7154
f 1537 7122 7139
f 7122 1524 7137
f 7139 7137 1540
f 7122 7137 7139
f 1524 7155 7137
f 7155 1544 7156
f 7137 7156 1540
f 7155 7156 7137
f 1540 7138 7139
f 7138 1536 7125
f 7139 7125 1537
f 7138 7125 7139
f 1539 7136 7140
f 7136 1536 7138
f 7140 7138 1540
f 7136 7138 7140
f 1540 7162 7140
f 7162 1545 7161
f 7140 7161 1539
f 7162 7161 7140
f 1540 7156 7162
f 7156 1544 7164
f 7162 7164 1545
f 7156 7164 7162
f 2549 10260 10252
f 10260 2551 10259
f 10252 10259 2536
f 10260 10259 10252
f 2616 10515 10507
f 10515 2617 10510
f 10507 10510 2536
f 10515 10510 10507
f 2536 10510 10252
f 10510 2617 10511
f 10252 10511 2549
f 10510 10511 10252
f 2536 10221 10507
f 10221 2532 10506
f 10507 10506 2616
f 10221 10506 10507
f 2536 10259 10221
f 10259 2551 10257
f 10221 10257 2532
f 10259 10257 10221
f 201 10200 10202
f 10200 2528 10203
f 10202 10203 2529
f 10200 10203 10202
f 2529 10207 10202
f 10207 2531 10205
f 10202 10205 201
f 10207 10205 10202
f 2528 10493 10203
f 10493 2612 10494
f 10203 10494 2529
f 10493 10494 10203
f 1090 6674 5937
f 6674 1425 6675
f 5937 6675 1156
f 6674 6675 5937
f 1156 6675 6686
f 6675 1425 6687
f 6686 6687 1427
f 6675 6687 6686
f 1156 5938 5937
f 5938 1155 5936
f 5937 5936 1090
f 5938 5936 5937
f 1427 6685 6686
f 6685 1155 5938
f 6686 5938 1156
f 6685 5938 6686
f 1090 5862 5939
f 5862 1091 5940
f 5939 5940 1157
f 5862 5940 5939
f 1157 6676 5939
f 6676 1425 6674
f 5939 6674 1090
f 6676 6674 5939
f 1157 5940 6680
f 5940 1091 6679
f 6680 6679 1426
f 5940 6679 6680
f 1426 6682 6680
f 6682 1425 6676
f 6680 6676 1157
f 6682 6676 6680
f 183 3172 3167
f 3172 184 3170
f 3167 3170 113
f 3172 3170 3167
f 113 2979 3167
f 2979 131 3168
f 3167 3168 183
f 2979 3168 3167
f 113 3170 2948
f 3170 184 3171
f 2948 3171 115
f 3170 3171 2948
f 115 2950 2948
f 2950 116 2949
f 2948 2949 113
f 2950 2949 2948
f 116 2980 2949
f 2980 131 2979
f 2949 2979 113
f 2980 2979 2949
f 181 3166 3160
f 3166 182 3164
f 3160 3164 130
f 3166 3164 3160
f 182 3165 3164
f 3165 131 2982
f 3164 2982 130
f 3165 2982 3164
f 130 3038 3160
f 3038 150 3161
f 3160 3161 181
f 3038 3161 3160
f 130 3036 3038
f 3036 149 3039
f 3038 3039 150
f 3036 3039 3038
f 126 2974 2976
f 2974 129 2978
f 2976 2978 130
f 2974 2978 2976
f 129 3035 2978
f 3035 149 3036
f 2978 3036 130
f 3035 3036 2978
f 130 2977 2976
f 2977 127 2972
f 2976 2972 126
f 2977 2972 2976
f 130 2982 2977
f 2982 131 2981
f 2977 2981 127
f 2982 2981 2977
f 1439 6776 6738
f 6776 1447 6775
f 6738 6775 1437
f 6776 6775 6738
f 1231 6155 6156
f 6155 1217 6152
f 6156 6152 1230
f 6155 6152 6156
f 1230 6150 7092
f 6150 1124 7089
f 7092 7089 1526
f 6150 7089 7092
f 1230 6151 6150
f 6151 1125 5882
f 6150 5882 1124
f 6151 5882 6150
f 1526 7093 7092
f 7093 1525 7086
f 7092 7086 1230
f 7093 7086 7092
f 1230 7086 6156
f 7086 1525 7087
f 6156 7087 1231
f 7086 7087 6156
f 1090 5936 6730
f 5936 1155 6732
f 6730 6732 1438
f 5936 6732 6730
f 1438 6731 6730
f 6731 1124 5877
f 6730 5877 1090
f 6731 5877 6730
f 1438 6734 6731
f 6734 1437 6729
f 6731 6729 1124
f 6734 6729 6731
f 1439 6738 6739
f 6738 1437 6734
f 6739 6734 1438
f 6738 6734 6739
f 1438 6733 6739
f 6733 1427 6737
f 6739 6737 1439
f 6733 6737 6739
f 1438 6732 6733
f 6732 1155 6685
f 6733 6685 1427
f 6732 6685 6733
f 1154 6774 6810
f 6774 1447 6811
f 6810 6811 1454
f 6774 6811 6810
f 1152 5928 6726
f 5928 1083 6725
f 6726 6725 1436
f 5928 6725 6726
f 1436 6834 6726
f 6834 1459 6832
f 6726 6832 1152
f 6834 6832 6726
f 1436 6827 6805
f 6827 1458 6828
f 6805 6828 1453
f 6827 6828 6805
f 1436 6725 6827
f 6725 1083 6824
f 6827 6824 1458
f 6725 6824 6827
f 1428 6833 6727
f 6833 1459 6834
f 6727 6834 1436
f 6833 6834 6727
f 1453 6804 6805
f 6804 742 6724
f 6805 6724 1436
f 6804 6724 6805
f 1436 6724 6727
f 6724 742 6688
f 6727 6688 1428
f 6724 6688 6727
f 1097 6830 5926
f 6830 1459 6831
f 5926 6831 1151
f 6830 6831 5926
f 1151 5962 5926
f 5962 1167 5960
f 5926 5960 1097
f 5962 5960 5926
f 1151 5927 5962
f 5927 1098 5961
f 5962 5961 1167
f 5927 5961 5962
f 1151 6831 6689
f 6831 1459 6833
f 6689 6833 1428
f 6831 6833 6689
f 1151 6689 6721
f 6689 1428 6723
f 6721 6723 1435
f 6689 6723 6721
f 1435 6717 6721
f 6717 1098 5927
f 6721 5927 1151
f 6717 5927 6721
f 1446 6772 6771
f 6772 1445 6765
f 6771 6765 1444
f 6772 6765 6771
f 1431 6700 6701
f 6700 1429 6698
f 6701 6698 1430
f 6700 6698 6701
f 1431 6699 6712
f 6699 187 6710
f 6712 6710 1434
f 6699 6710 6712
f 1434 6711 6712
f 6711 1429 6700
f 6712 6700 1431
f 6711 6700 6712
f 1450 6789 6790
f 6789 1159 5946
f 6790 5946 1160
f 6789 5946 6790
f 1160 5946 5944
f 5946 1159 5943
f 5944 5943 1093
f 5946 5943 5944
f 1091 5881 5883
f 5881 1125 5884
f 5883 5884 1126
f 5881 5884 5883
f 109 3151 3154
f 3151 178 3157
f 3154 3157 179
f 3151 3157 3154
f 190 3200 3190
f 3200 195 3199
f 3190 3199 175
f 3200 3199 3190
f 175 3142 3190
f 3142 174 3189
f 3190 3189 190
f 3142 3189 3190
f 96 2923 2919
f 2923 98 2922
f 2919 2922 95
f 2923 2922 2919
f 139 3013 3011
f 3013 98 2923
f 3011 2923 96
f 3013 2923 3011
f 96 2919 2941
f 2919 95 2940
f 2941 2940 109
f 2919 2940 2941
f 109 3014 2941
f 3014 139 3011
f 2941 3011 96
f 3014 3011 2941
f 93 2927 2930
f 2927 100 2931
f 2930 2931 101
f 2927 2931 2930
f 101 3115 2930
f 3115 168 3113
f 2930 3113 93
f 3115 3113 2930
f 104 3117 2935
f 3117 168 3115
f 2935 3115 101
f 3117 3115 2935
f 101 2931 3008
f 2931 100 3007
f 3008 3007 137
f 2931 3007 3008
f 101 3008 3026
f 3008 137 3029
f 3026 3029 147
f 3008 3029 3026
f 147 3028 3026
f 3028 104 2935
f 3026 2935 101
f 3028 2935 3026
f 99 2925 2926
f 2925 94 2920
f 2926 2920 97
f 2925 2920 2926
f 99 2929 2925
f 2929 100 2928
f 2925 2928 94
f 2929 2928 2925
f 97 3005 2926
f 3005 137 3006
f 2926 3006 99
f 3005 3006 2926
f 137 3007 3006
f 3007 100 2929
f 3006 2929 99
f 3007 2929 3006
f 1448 6778 6777
f 6778 195 3203
f 6777 3203 193
f 6778 3203 6777
f 193 3213 6777
f 3213 198 6779
f 6777 6779 1448
f 3213 6779 6777
f 732 4842 4843
f 4842 304 4840
f 4843 4840 731
f 4842 4840 4843
f 732 4846 4842
f 4846 733 4844
f 4842 4844 304
f 4846 4844 4842
f 306 4845 6925
f 4845 733 6928
f 6925 6928 1478
f 4845 6928 6925
f 733 4846 6928
f 4846 732 6927
f 6928 6927 1478
f 4846 6927 6928
f 1478 6929 6926
f 6929 1101 5867
f 6926 5867 309
f 6929 5867 6926
f 309 3542 6926
f 3542 306 6925
f 6926 6925 1478
f 3542 6925 6926
f 1551 7171 7172
f 7171 1549 7169
f 7172 7169 1550
f 7171 7169 7172
f 1549 7240 7169
f 7240 1574 7241
f 7169 7241 1550
f 7240 7241 7169
f 1550 7168 7172
f 7168 1546 7170
f 7172 7170 1551
f 7168 7170 7172
f 1550 7241 7168
f 7241 1574 7239
f 7168 7239 1546
f 7241 7239 7168
f 1585 7333 7298
f 7333 1604 7335
f 7298 7335 1594
f 7333 7335 7298
f 1594 7300 7298
f 7300 1595 7299
f 7298 7299 1585
f 7300 7299 7298
f 1585 7274 7333
f 7274 1586 7334
f 7333 7334 1604
f 7274 7334 7333
f 1585 7318 7274
f 7318 1601 7319
f 7274 7319 1586
f 7318 7319 7274
f 1592 7292 7315
f 7292 313 7314
f 7315 7314 1600
f 7292 7314 7315
f 313 7264 7265
f 7264 1580 7266
f 7265 7266 1581
f 7264 7266 7265
f 2631 10563 10562
f 10563 2625 10539
f 10562 10539 1597
f 10563 10539 10562
f 2625 10537 10539
f 10537 1582 7303
f 10539 7303 1597
f 10537 7303 10539
f 1584 7268 7269
f 7268 1582 7267
f 7269 7267 1583
f 7268 7267 7269
f 1583 7267 10538
f 7267 1582 10537
f 10538 10537 2625
f 7267 10537 10538
f 1583 7344 7269
f 7344 1608 7345
f 7269 7345 1584
f 7344 7345 7269
f 2633 10763 10754
f 10763 2691 10766
f 10754 10766 2689
f 10763 10766 10754
f 2633 10569 10571
f 10569 1583 10538
f 10571 10538 2625
f 10569 10538 10571
f 1608 7344 10570
f 7344 1583 10569
f 10570 10569 2633
f 7344 10569 10570
f 2633 10754 10575
f 10754 2689 10755
f 10575 10755 2634
f 10754 10755 10575
f 2634 10574 10575
f 10574 1608 10570
f 10575 10570 2633
f 10574 10570 10575
f 2676 10772 10704
f 10772 2692 10771
f 10704 10771 2675
f 10772 10771 10704
f 2692 10773 10771
f 10773 2691 10765
f 10771 10765 2675
f 10773 10765 10771
f 2631 10701 10699
f 10701 2676 10704
f 10699 10704 2675
f 10701 10704 10699
f 2675 10698 10699
f 10698 2625 10563
f 10699 10563 2631
f 10698 10563 10699
f 2675 10700 10698
f 10700 2633 10571
f 10698 10571 2625
f 10700 10571 10698
f 2691 10763 10765
f 10763 2633 10700
f 10765 10700 2675
f 10763 10700 10765
f 2620 10528 10529
f 10528 2621 10530
f 10529 10530 2622
f 10528 10530 10529
f 2622 10831 10529
f 10831 2710 10830
f 10529 10830 2620
f 10831 10830 10529
f 2620 10830 10824
f 10830 2710 10832
f 10824 10832 2708
f 10830 10832 10824
f 2708 10825 10824
f 10825 2696 10788
f 10824 10788 2620
f 10825 10788 10824
f 2620 10788 10784
f 10788 2696 10789
f 10784 10789 2695
f 10788 10789 10784
f 2695 10785 10784
f 10785 2621 10528
f 10784 10528 2620
f 10785 10528 10784
f 496 4023 4024
f 4023 497 4025
f 4024 4025 498
f 4023 4025 4024
f 528 4106 4105
f 4106 497 4023
f 4105 4023 496
f 4106 4023 4105
f 510 4107 4056
f 4107 528 4105
f 4056 4105 496
f 4107 4105 4056
f 501 4057 4028
f 4057 510 4056
f 4028 4056 496
f 4057 4056 4028
f 496 4024 4028
f 4024 498 4029
f 4028 4029 501
f 4024 4029 4028
f 494 4099 4058
f 4099 526 4100
f 4058 4100 511
f 4099 4100 4058
f 526 4101 4100
f 4101 512 4062
f 4100 4062 511
f 4101 4062 4100
f 511 4059 4058
f 4059 495 4022
f 4058 4022 494
f 4059 4022 4058
f 511 4062 4059
f 4062 512 4060
f 4059 4060 495
f 4062 4060 4059
f 532 4118 4126
f 4118 452 4125
f 4126 4125 534
f 4118 4125 4126
f 452 4188 4125
f 4188 551 4190
f 4125 4190 534
f 4188 4190 4125
f 534 4190 4132
f 4190 551 4191
f 4132 4191 535
f 4190 4191 4132
f 533 4124 4127
f 4124 532 4126
f 4127 4126 534
f 4124 4126 4127
f 534 4132 4127
f 4132 535 4131
f 4127 4131 533
f 4132 4131 4127
f 2392 10122 10128
f 10122 2502 10130
f 10128 10130 2504
f 10122 10130 10128
f 2505 10580 10133
f 10580 2636 10579
f 10133 10579 2504
f 10580 10579 10133
f 2504 10129 10133
f 10129 2501 10131
f 10133 10131 2505
f 10129 10131 10133
f 2504 10130 10129
f 10130 2502 10125
f 10129 10125 2501
f 10130 10125 10129
f 2637 10582 10583
f 10582 2392 10128
f 10583 10128 2504
f 10582 10128 10583
f 2504 10579 10583
f 10579 2636 10584
f 10583 10584 2637
f 10579 10584 10583
f 1681 10796 7488
f 10796 2699 10797
f 7488 10797 1683
f 10796 10797 7488
f 1683 7489 7488
f 7489 1682 7487
f 7488 7487 1681
f 7489 7487 7488
f 1681 7485 7484
f 7485 1680 7483
f 7484 7483 1679
f 7485 7483 7484
f 1681 7487 7485
f 7487 1682 7486
f 7485 7486 1680
f 7487 7486 7485
f 2704 10812 10820
f 10812 2698 10819
f 10820 10819 2706
f 10812 10819 10820
f 2704 10817 10815
f 10817 2705 10816
f 10815 10816 2703
f 10817 10816 10815
f 2706 10821 10820
f 10821 2705 10817
f 10820 10817 2704
f 10821 10817 10820
f 2703 10811 10815
f 10811 2702 10814
f 10815 10814 2704
f 10811 10814 10815
f 2699 10800 10804
f 10800 2698 10803
f 10804 10803 2700
f 10800 10803 10804
f 1683 10797 10801
f 10797 2699 10804
f 10801 10804 2700
f 10797 10804 10801
f 2700 10813 10808
f 10813 2704 10814
f 10808 10814 2702
f 10813 10814 10808
f 2698 10812 10803
f 10812 2704 10813
f 10803 10813 2700
f 10812 10813 10803
f 2700 10802 10801
f 10802 1685 7493
f 10801 7493 1683
f 10802 7493 10801
f 2700 10808 10802
f 10808 2702 10807
f 10802 10807 1685
f 10808 10807 10802
f 2697 10799 10791
f 10799 2699 10798
f 10791 10798 2645
f 10799 10798 10791
f 2645 10618 10791
f 10618 2644 10790
f 10791 10790 2697
f 10618 10790 10791
f 2380 10612 10617
f 10612 2644 10618
f 10617 10618 2645
f 10612 10618 10617
f 2699 10796 10798
f 10796 1681 10616
f 10798 10616 2645
f 10796 10616 10798
f 1679 9726 10615
f 9726 2380 10617
f 10615 10617 2645
f 9726 10617 10615
f 2645 10616 10615
f 10616 1681 7484
f 10615 7484 1679
f 10616 7484 10615
f 2377 9814 9817
f 9814 2415 9820
f 9817 9820 2416
f 9814 9820 9817
f 2416 9818 9817
f 9818 2381 9729
f 9817 9729 2377
f 9818 9729 9817
f 2420 9835 9836
f 9835 2381 9818
f 9836 9818 2416
f 9835 9818 9836
f 2417 9837 9823
f 9837 2420 9836
f 9823 9836 2416
f 9837 9836 9823
f 2416 9819 9823
f 9819 2414 9822
f 9823 9822 2417
f 9819 9822 9823
f 2416 9820 9819
f 9820 2415 9816
f 9819 9816 2414
f 9820 9816 9819
f 1691 7517 7508
f 7517 1693 7516
f 7508 7516 1688
f 7517 7516 7508
f 1688 7502 7508
f 7502 1689 7509
f 7508 7509 1691
f 7502 7509 7508
f 2357 9658 9657
f 9658 1689 7502
f 9657 7502 1688
f 9658 7502 9657
f 2400 9772 9770
f 9772 2357 9657
f 9770 9657 1688
f 9772 9657 9770
f 1688 7516 9770
f 7516 1693 9771
f 9770 9771 2400
f 7516 9771 9770
f 2374 9714 9711
f 9714 2376 9715
f 9711 9715 2375
f 9714 9715 9711
f 1817 7948 7904
f 7948 1832 7949
f 7904 7949 1818
f 7948 7949 7904
f 1832 7947 7956
f 7947 1695 7953
f 7956 7953 1833
f 7947 7953 7956
f 1819 7910 7955
f 7910 1818 7954
f 7955 7954 1833
f 7910 7954 7955
f 1833 7954 7956
f 7954 1818 7949
f 7956 7949 1832
f 7954 7949 7956
f 1732 7630 7673
f 7630 1731 7672
f 7673 7672 1746
f 7630 7672 7673
f 1787 7810 7806
f 7810 1788 7808
f 7806 7808 1773
f 7810 7808 7806
f 1787 7807 7851
f 7807 1786 7850
f 7851 7850 1801
f 7807 7850 7851
f 1801 7855 7851
f 7855 1802 7853
f 7851 7853 1787
f 7855 7853 7851
f 1787 7853 7810
f 7853 1802 7854
f 7810 7854 1788
f 7853 7854 7810
f 1771 7802 7758
f 7802 1786 7803
f 7758 7803 1772
f 7802 7803 7758
f 1773 7759 7761
f 7759 1759 7757
f 7761 7757 1772
f 7759 7757 7761
f 1772 7805 7761
f 7805 1787 7806
f 7761 7806 1773
f 7805 7806 7761
f 1786 7807 7803
f 7807 1787 7805
f 7803 7805 1772
f 7807 7805 7803
f 1758 7754 7756
f 7754 1771 7758
f 7756 7758 1772
f 7754 7758 7756
f 1772 7757 7756
f 7757 1759 7717
f 7756 7717 1758
f 7757 7717 7756
f 1773 7808 7764
f 7808 1788 7809
f 7764 7809 1774
f 7808 7809 7764
f 1774 7809 7811
f 7809 1788 7814
f 7811 7814 1789
f 7809 7814 7811
f 1789 7812 7811
f 7812 1775 7768
f 7811 7768 1774
f 7812 7768 7811
f 1332 6418 6421
f 6418 1330 6420
f 6421 6420 1333
f 6418 6420 6421
f 1332 6422 7519
f 6422 1334 7520
f 7519 7520 1694
f 6422 7520 7519
f 1332 6421 6422
f 6421 1333 6423
f 6422 6423 1334
f 6421 6423 6422
f 1694 7771 7519
f 7771 1776 7770
f 7519 7770 1332
f 7771 7770 7519
f 1776 7777 7770
f 7777 1777 7776
f 7770 7776 1332
f 7777 7776 7770
f 1326 7907 6406
f 7907 1819 7906
f 6406 7906 1324
f 7907 7906 6406
f 1326 7863 7907
f 7863 1805 7909
f 7907 7909 1819
f 7863 7909 7907
f 1754 7705 7701
f 7705 1755 7703
f 7701 7703 1740
f 7705 7703 7701
f 1755 7704 7703
f 7704 1741 7659
f 7703 7659 1740
f 7704 7659 7703
f 1739 7700 7656
f 7700 1754 7701
f 7656 7701 1740
f 7700 7701 7656
f 1740 7659 7655
f 7659 1741 7657
f 7655 7657 1726
f 7659 7657 7655
f 1726 7612 7655
f 7612 1725 7654
f 7655 7654 1740
f 7612 7654 7655
f 1740 7654 7656
f 7654 1725 7652
f 7656 7652 1739
f 7654 7652 7656
f 1672 7587 7466
f 7587 1719 7586
f 7466 7586 1670
f 7587 7586 7466
f 1680 7574 7578
f 7574 1715 7579
f 7578 7579 1716
f 7574 7579 7578
f 1716 7579 7623
f 7579 1715 7622
f 7623 7622 1730
f 7579 7622 7623
f 1730 7627 7623
f 7627 1731 7625
f 7623 7625 1716
f 7627 7625 7623
f 1731 7626 7625
f 7626 1717 7582
f 7625 7582 1716
f 7626 7582 7625
f 1676 7580 7584
f 7580 1717 7585
f 7584 7585 1718
f 7580 7585 7584
f 1675 7476 7475
f 7476 1677 7477
f 7475 7477 1676
f 7476 7477 7475
f 2387 9740 9741
f 9740 2385 9739
f 9741 9739 2386
f 9740 9739 9741
f 2386 9743 9741
f 9743 2389 9744
f 9741 9744 2387
f 9743 9744 9741
f 2387 10605 10601
f 10605 2643 10610
f 10601 10610 2642
f 10605 10610 10601
f 2642 10600 10601
f 10600 2385 9740
f 10601 9740 2387
f 10600 9740 10601
f 2446 9913 9908
f 9913 2447 9912
f 9908 9912 2445
f 9913 9912 9908
f 2446 9987 9913
f 9987 2470 9988
f 9913 9988 2447
f 9987 9988 9913
f 2487 10062 10063
f 10062 2433 9937
f 10063 9937 2454
f 10062 9937 10063
f 2454 9937 9938
f 9937 2433 9930
f 9938 9930 2452
f 9937 9930 9938
f 2454 9938 9939
f 9938 2452 9936
f 9939 9936 2453
f 9938 9936 9939
f 2453 9941 9939
f 9941 2455 9942
f 9939 9942 2454
f 9941 9942 9939
f 2454 9942 9943
f 9942 2455 9944
f 9943 9944 2456
f 9942 9944 9943
f 2456 10064 9943
f 10064 2487 10063
f 9943 10063 2454
f 10064 10063 9943
f 2431 9871 10053
f 9871 2433 10054
f 10053 10054 2485
f 9871 10054 10053
f 2470 9987 10057
f 9987 2446 10055
f 10057 10055 2485
f 9987 10055 10057
f 2486 10059 10061
f 10059 2470 10057
f 10061 10057 2485
f 10059 10057 10061
f 2485 10054 10061
f 10054 2433 10058
f 10061 10058 2486
f 10054 10058 10061
f 2467 9977 9976
f 9977 2441 9897
f 9976 9897 2440
f 9977 9897 9976
f 2440 9893 9974
f 9893 2439 9973
f 9974 9973 2466
f 9893 9973 9974
f 2440 9892 9893
f 9892 2434 9890
f 9893 9890 2439
f 9892 9890 9893
f 2441 9895 9897
f 9895 2434 9892
f 9897 9892 2440
f 9895 9892 9897
f 2466 10039 9974
f 10039 2482 10038
f 9974 10038 2440
f 10039 10038 9974
f 2482 10040 10038
f 10040 2467 9976
f 10038 9976 2440
f 10040 9976 10038
f 2093 8741 8740
f 8741 2031 8583
f 8740 8583 2029
f 8741 8583 8740
f 2156 8956 8952
f 8956 2157 8954
f 8952 8954 2029
f 8956 8954 8952
f 2029 8954 8740
f 8954 2157 8955
f 8740 8955 2093
f 8954 8955 8740
f 2033 8587 8744
f 8587 2031 8743
f 8744 8743 2094
f 8587 8743 8744
f 2094 8743 8747
f 8743 2031 8741
f 8747 8741 2093
f 8743 8741 8747
f 2093 8742 8747
f 8742 2092 8746
f 8747 8746 2094
f 8742 8746 8747
f 2080 8701 8699
f 8701 2024 8574
f 8699 8574 1704
f 8701 8574 8699
f 1704 7547 8699
f 7547 1706 8700
f 8699 8700 2080
f 7547 8700 8699
f 1702 7542 7543
f 7542 1703 7544
f 7543 7544 1704
f 7542 7544 7543
f 1704 8574 7543
f 8574 2024 8573
f 7543 8573 1702
f 8574 8573 7543
f 1702 7540 7542
f 7540 1701 7541
f 7542 7541 1703
f 7540 7541 7542
f 1700 7538 7539
f 7538 1701 7540
f 7539 7540 1702
f 7538 7540 7539
f 2025 8575 8576
f 8575 1702 8573
f 8576 8573 2024
f 8575 8573 8576
f 2024 8701 8576
f 8701 2080 8702
f 8576 8702 2025
f 8701 8702 8576
f 728 4829 4830
f 4829 88 3221
f 4830 3221 201
f 4829 3221 4830
f 667 4579 4832
f 4579 88 4829
f 4832 4829 728
f 4579 4829 4832
f 201 4572 4830
f 4572 665 4831
f 4830 4831 728
f 4572 4831 4830
f 665 4581 4831
f 4581 667 4832
f 4831 4832 728
f 4581 4832 4831
f 2611 10491 10492
f 10491 2528 10487
f 10492 10487 2610
f 10491 10487 10492
f 2611 10496 10491
f 10496 2612 10493
f 10491 10493 2528
f 10496 10493 10491
f 2035 8592 8591
f 8592 2034 8590
f 8591 8590 2033
f 8592 8590 8591
f 2525 10189 10419
f 10189 2522 10416
f 10419 10416 2593
f 10189 10416 10419
f 2524 10190 10418
f 10190 2525 10419
f 10418 10419 2593
f 10190 10419 10418
f 2593 10417 10418
f 10417 2523 10188
f 10418 10188 2524
f 10417 10188 10418
f 2098 8763 8767
f 8763 2039 8759
f 8767 8759 2097
f 8763 8759 8767
f 2088 8766 8760
f 8766 2098 8767
f 8760 8767 2097
f 8766 8767 8760
f 2097 8761 8760
f 8761 2089 8731
f 8760 8731 2088
f 8761 8731 8760
f 2096 8755 8762
f 8755 2089 8761
f 8762 8761 2097
f 8755 8761 8762
f 2087 8765 8728
f 8765 2098 8766
f 8728 8766 2088
f 8765 8766 8728
f 2088 8726 8728
f 8726 2082 8725
f 8728 8725 2087
f 8726 8725 8728
f 2083 8729 8717
f 8729 2089 8730
f 8717 8730 2084
f 8729 8730 8717
f 2083 8713 8714
f 8713 2078 8709
f 8714 8709 2082
f 8713 8709 8714
f 2083 8714 8727
f 8714 2082 8726
f 8727 8726 2088
f 8714 8726 8727
f 2088 8731 8727
f 8731 2089 8729
f 8727 8729 2083
f 8731 8729 8727
f 2083 8717 8712
f 8717 2084 8716
f 8712 8716 2077
f 8717 8716 8712
f 2077 8694 8712
f 8694 2078 8713
f 8712 8713 2083
f 8694 8713 8712
f 2091 8735 8737
f 8735 2085 8733
f 8737 8733 2090
f 8735 8733 8737
f 2091 8745 8739
f 8745 2094 8746
f 8739 8746 2092
f 8745 8746 8739
f 2091 8739 8736
f 8739 2092 8738
f 8736 8738 2086
f 8739 8738 8736
f 2086 8722 8736
f 8722 2085 8735
f 8736 8735 2091
f 8722 8735 8736
f 2070 8667 9020
f 8667 2068 9019
f 9020 9019 2173
f 8667 9019 9020
f 2173 9028 9020
f 9028 2174 9024
f 9020 9024 2070
f 9028 9024 9020
f 2173 9019 9023
f 9019 2068 9015
f 9023 9015 2172
f 9019 9015 9023
f 2153 9026 9022
f 9026 2174 9028
f 9022 9028 2173
f 9026 9028 9022
f 2172 9017 9023
f 9017 2152 9021
f 9023 9021 2173
f 9017 9021 9023
f 2152 8942 9021
f 8942 2153 9022
f 9021 9022 2173
f 8942 9022 9021
f 1310 6374 6375
f 6374 1311 6376
f 6375 6376 1312
f 6374 6376 6375
f 2176 9036 9037
f 9036 1309 6372
f 9037 6372 1310
f 9036 6372 9037
f 1310 6372 6374
f 6372 1309 6373
f 6374 6373 1311
f 6372 6373 6374
f 1699 7534 7532
f 7534 1698 7531
f 7532 7531 1609
f 7534 7531 7532
f 2041 8603 8602
f 8603 1610 7350
f 8602 7350 1609
f 8603 7350 8602
f 2154 8944 8947
f 8944 1393 8572
f 8947 8572 2023
f 8944 8572 8947
f 2175 9029 9039
f 9029 1309 9036
f 9039 9036 2176
f 9029 9036 9039
f 2072 9025 9032
f 9025 2174 9034
f 9032 9034 2175
f 9025 9034 9032
f 2175 9030 9029
f 9030 2023 8570
f 9029 8570 1309
f 9030 8570 9029
f 2175 9039 9031
f 9039 2176 9038
f 9031 9038 2041
f 9039 9038 9031
f 2041 8671 9031
f 8671 2072 9032
f 9031 9032 2175
f 8671 9032 9031
f 2175 9034 9033
f 9034 2174 9027
f 9033 9027 2154
f 9034 9027 9033
f 2154 8947 9033
f 8947 2023 9030
f 9033 9030 2175
f 8947 9030 9033
f 2140 8894 8895
f 8894 2130 8866
f 8895 8866 2131
f 8894 8866 8895
f 2121 8843 8893
f 8843 2120 8892
f 8893 8892 2140
f 8843 8892 8893
f 2120 8886 8892
f 8886 2138 8896
f 8892 8896 2140
f 8886 8896 8892
f 2140 8891 8893
f 8891 585 8842
f 8893 8842 2121
f 8891 8842 8893
f 2131 8863 8895
f 8863 585 8891
f 8895 8891 2140
f 8863 8891 8895
f 2042 8805 8784
f 8805 2109 8806
f 8784 8806 2103
f 8805 8806 8784
f 2103 8806 8783
f 8806 2109 8804
f 8783 8804 2020
f 8806 8804 8783
f 2116 8829 8828
f 8829 2115 8826
f 8828 8826 2103
f 8829 8826 8828
f 2103 8926 8828
f 8926 2149 8928
f 8828 8928 2116
f 8926 8928 8828
f 2103 8783 8926
f 8783 2020 8925
f 8926 8925 2149
f 8783 8925 8926
f 1371 9483 9070
f 9483 2311 9485
f 9070 9485 2187
f 9483 9485 9070
f 2187 9069 9070
f 9069 1370 6491
f 9070 6491 1371
f 9069 6491 9070
f 1371 6492 6493
f 6492 1372 6494
f 6493 6494 1373
f 6492 6494 6493
f 1373 9484 6493
f 9484 2311 9483
f 6493 9483 1371
f 9484 9483 6493
f 1322 6397 6396
f 6397 1321 6393
f 6396 6393 1319
f 6397 6393 6396
f 1415 6626 6625
f 6626 1414 6624
f 6625 6624 1413
f 6626 6624 6625
f 1318 6391 7523
f 6391 1320 7524
f 7523 7524 1696
f 6391 7524 7523
f 1696 7530 7523
f 7530 1697 7529
f 7523 7529 1318
f 7530 7529 7523
f 1859 8034 8033
f 8034 1697 7530
f 8033 7530 1696
f 8034 7530 8033
f 1696 7524 7525
f 7524 1320 6394
f 7525 6394 1321
f 7524 6394 7525
f 1321 7521 7525
f 7521 1695 7526
f 7525 7526 1696
f 7521 7526 7525
f 2234 9261 9286
f 9261 2236 9287
f 9286 9287 2245
f 9261 9287 9286
f 2249 9299 9298
f 9299 2240 9272
f 9298 9272 2234
f 9299 9272 9298
f 2234 9286 9298
f 9286 2245 9300
f 9298 9300 2249
f 9286 9300 9298
f 2240 9273 9272
f 9273 2235 9260
f 9272 9260 2234
f 9273 9260 9272
f 2234 9260 9262
f 9260 2235 9263
f 9262 9263 2237
f 9260 9263 9262
f 2237 9264 9262
f 9264 2236 9261
f 9262 9261 2234
f 9264 9261 9262
f 2223 9212 9201
f 9212 2227 9211
f 9201 9211 2221
f 9212 9211 9201
f 2221 9198 9201
f 9198 2222 9202
f 9201 9202 2223
f 9198 9202 9201
f 2238 9266 9265
f 9266 2222 9198
f 9265 9198 2221
f 9266 9198 9265
f 2226 9213 9208
f 9213 2227 9210
f 9208 9210 2178
f 9213 9210 9208
f 2226 9209 9542
f 9209 2225 9541
f 9542 9541 2329
f 9209 9541 9542
f 2178 9206 9208
f 9206 2225 9209
f 9208 9209 2226
f 9206 9209 9208
f 2199 9289 9293
f 9289 2246 9297
f 9293 9297 2247
f 9289 9297 9293
f 2246 9291 9297
f 9291 2238 9296
f 9297 9296 2247
f 9291 9296 9297
f 2238 9265 9296
f 9265 2221 9294
f 9296 9294 2247
f 9265 9294 9296
f 2256 9688 9328
f 9688 2368 9689
f 9328 9689 2257
f 9688 9689 9328
f 2240 9323 9326
f 9323 2256 9328
f 9326 9328 2257
f 9323 9328 9326
f 2255 9321 9682
f 9321 2248 9680
f 9682 9680 2366
f 9321 9680 9682
f 2366 9853 9682
f 9853 2423 9850
f 9682 9850 2255
f 9853 9850 9682
f 2361 9852 9683
f 9852 2423 9853
f 9683 9853 2366
f 9852 9853 9683
f 2364 9675 9684
f 9675 2361 9683
f 9684 9683 2366
f 9675 9683 9684
f 2366 9681 9684
f 9681 2250 9672
f 9684 9672 2364
f 9681 9672 9684
f 2366 9680 9681
f 9680 2248 9302
f 9681 9302 2250
f 9680 9302 9681
f 1342 6440 6439
f 6440 1340 6434
f 6439 6434 1298
f 6440 6434 6439
f 1342 7510 7598
f 7510 1692 7599
f 7598 7599 1722
f 7510 7599 7598
f 1337 6537 6533
f 6537 1391 6539
f 6533 6539 1390
f 6537 6539 6533
f 1390 6534 6533
f 6534 1340 6435
f 6533 6435 1337
f 6534 6435 6533
f 1335 6638 6428
f 6638 1418 6639
f 6428 6639 1337
f 6638 6639 6428
f 1337 6639 6537
f 6639 1418 6640
f 6537 6640 1391
f 6639 6640 6537
f 1337 6431 6428
f 6431 1338 6429
f 6428 6429 1335
f 6431 6429 6428
f 1722 7643 7596
f 7643 1736 7642
f 7596 7642 1339
f 7643 7642 7596
f 1339 7642 6433
f 7642 1736 7641
f 6433 7641 1338
f 7642 7641 6433
f 1338 6431 6433
f 6431 1337 6432
f 6433 6432 1339
f 6431 6432 6433
f 1339 6432 6436
f 6432 1337 6435
f 6436 6435 1340
f 6432 6435 6436
f 1349 6454 9049
f 6454 1347 9048
f 9049 9048 2182
f 6454 9048 9049
f 2182 9050 9049
f 9050 1351 6459
f 9049 6459 1349
f 9050 6459 9049
f 1350 6460 6461
f 6460 1351 6462
f 6461 6462 1352
f 6460 6462 6461
f 1352 9759 6461
f 9759 2395 9758
f 6461 9758 1350
f 9759 9758 6461
f 2472 9999 9991
f 9999 2474 9997
f 9991 9997 2394
f 9999 9997 9991
f 2474 9998 9997
f 9998 2395 9761
f 9997 9761 2394
f 9998 9761 9997
f 2394 9911 9991
f 9911 2447 9992
f 9991 9992 2472
f 9911 9992 9991
f 2394 9757 9911
f 9757 2372 9909
f 9911 9909 2447
f 9757 9909 9911
f 2394 9756 9757
f 9756 2358 9704
f 9757 9704 2372
f 9756 9704 9757
f 2394 9761 9756
f 9761 2395 9760
f 9756 9760 2358
f 9761 9760 9756
f 1354 9093 6466
f 9093 2193 9091
f 6466 9091 1346
f 9093 9091 6466
f 2193 9101 9091
f 9101 2195 9098
f 9091 9098 1346
f 9101 9098 9091
f 1346 6449 6466
f 6449 1300 6465
f 6466 6465 1354
f 6449 6465 6466
f 2218 9192 9194
f 9192 2217 9193
f 9194 9193 2219
f 9192 9193 9194
f 2393 9755 9753
f 9755 2372 9702
f 9753 9702 2219
f 9755 9702 9753
f 2219 9193 9753
f 9193 2217 9752
f 9753 9752 2393
f 9193 9752 9753
f 2393 9752 9754
f 9752 2217 9699
f 9754 9699 2371
f 9752 9699 9754
f 2370 9878 9700
f 9878 2436 9879
f 9700 9879 2371
f 9878 9879 9700
f 2371 9879 9754
f 9879 2436 9880
f 9754 9880 2393
f 9879 9880 9754
f 2292 9436 9433
f 9436 2295 9438
f 9433 9438 2294
f 9436 9438 9433
f 2292 9432 9436
f 9432 2293 9437
f 9436 9437 2295
f 9432 9437 9436
f 2216 9191 9427
f 9191 2218 9428
f 9427 9428 2292
f 9191 9428 9427
f 2218 9429 9428
f 9429 2293 9432
f 9428 9432 2292
f 9429 9432 9428
f 2331 9654 9552
f 9654 2353 9650
f 9552 9650 2264
f 9654 9650 9552
f 2311 9652 9554
f 9652 2353 9654
f 9554 9654 2331
f 9652 9654 9554
f 2310 9480 9553
f 9480 2187 9551
f 9553 9551 2331
f 9480 9551 9553
f 2187 9485 9551
f 9485 2311 9554
f 9551 9554 2331
f 9485 9554 9551
f 2314 9513 9495
f 9513 2320 9512
f 9495 9512 2263
f 9513 9512 9495
f 1363 9076 6479
f 9076 2189 9075
f 6479 9075 1361
f 9076 9075 6479
f 1361 6478 6479
f 6478 1362 6480
f 6479 6480 1363
f 6478 6480 6479
f 1361 6608 6613
f 6608 1410 6616
f 6613 6616 1412
f 6608 6616 6613
f 1412 6614 6613
f 6614 1362 6478
f 6613 6478 1361
f 6614 6478 6613
f 2325 9526 9528
f 9526 2259 9511
f 9528 9511 2319
f 9526 9511 9528
f 2319 9510 9534
f 9510 2258 9533
f 9534 9533 2327
f 9510 9533 9534
f 2319 9511 9510
f 9511 2259 9329
f 9510 9329 2258
f 9511 9329 9510
f 2275 9374 9508
f 9374 2259 9507
f 9508 9507 2318
f 9374 9507 9508
f 2318 9509 9508
f 9509 2317 9504
f 9508 9504 2275
f 9509 9504 9508
f 2275 9376 9377
f 9376 2270 9371
f 9377 9371 2274
f 9376 9371 9377
f 2274 9369 9377
f 9369 2259 9374
f 9377 9374 2275
f 9369 9374 9377
f 2347 9615 9623
f 9615 2335 9622
f 9623 9622 2348
f 9615 9622 9623
f 2348 9618 9623
f 9618 2179 9613
f 9623 9613 2347
f 9618 9613 9623
f 2309 9556 9479
f 9556 2332 9555
f 9479 9555 2308
f 9556 9555 9479
f 2308 9561 9475
f 9561 2333 9560
f 9475 9560 2307
f 9561 9560 9475
f 2308 9555 9636
f 9555 2332 9640
f 9636 9640 2351
f 9555 9640 9636
f 2351 9641 9636
f 9641 2333 9561
f 9636 9561 2308
f 9641 9561 9636
f 2307 9472 9475
f 9472 2290 9474
f 9475 9474 2308
f 9472 9474 9475
f 2290 9477 9474
f 9477 2309 9479
f 9474 9479 2308
f 9477 9479 9474
f 2330 9550 9547
f 9550 2311 9484
f 9547 9484 1373
f 9550 9484 9547
f 2330 9653 9550
f 9653 2353 9652
f 9550 9652 2311
f 9653 9652 9550
f 1377 9648 9549
f 9648 2353 9653
f 9549 9653 2330
f 9648 9653 9549
f 2050 8621 8620
f 8621 2049 8618
f 8620 8618 2046
f 8621 8618 8620
f 2046 8616 8612
f 8616 2048 8615
f 8612 8615 2017
f 8616 8615 8612
f 2017 8792 8612
f 8792 2106 8793
f 8612 8793 2046
f 8792 8793 8612
f 2046 8793 8620
f 8793 2106 8794
f 8620 8794 2050
f 8793 8794 8620
f 2114 8827 8915
f 8827 2115 8916
f 8915 8916 2146
f 8827 8916 8915
f 2114 8821 8827
f 8821 2016 8824
f 8827 8824 2115
f 8821 8824 8827
f 2017 8558 8822
f 8558 2016 8821
f 8822 8821 2114
f 8558 8821 8822
f 2114 8823 8822
f 8823 2113 8818
f 8822 8818 2017
f 8823 8818 8822
f 2146 8917 8915
f 8917 2133 8872
f 8915 8872 2114
f 8917 8872 8915
f 2133 8871 8872
f 8871 2113 8823
f 8872 8823 2114
f 8871 8823 8872
f 2315 9500 9498
f 9500 2314 9496
f 9498 9496 2266
f 9500 9496 9498
f 2276 9499 9378
f 9499 2315 9498
f 9378 9498 2266
f 9499 9498 9378
f 2266 9348 9378
f 9348 2267 9379
f 9378 9379 2276
f 9348 9379 9378
f 2212 9347 9344
f 9347 2267 9348
f 9344 9348 2266
f 9347 9348 9344
f 2266 9345 9344
f 9345 2213 9183
f 9344 9183 2212
f 9345 9183 9344
f 2339 9579 9580
f 9579 2298 9575
f 9580 9575 2338
f 9579 9575 9580
f 2345 9607 9606
f 9607 2344 9600
f 9606 9600 2338
f 9607 9600 9606
f 2338 9600 9580
f 9600 2344 9601
f 9580 9601 2339
f 9600 9601 9580
f 2338 9577 9606
f 9577 2337 9605
f 9606 9605 2345
f 9577 9605 9606
f 2300 9572 9576
f 9572 2337 9577
f 9576 9577 2338
f 9572 9577 9576
f 2338 9575 9576
f 9575 2298 9451
f 9576 9451 2300
f 9575 9451 9576
f 2287 9409 9417
f 9409 2189 9415
f 9417 9415 2289
f 9409 9415 9417
f 2303 9459 9466
f 9459 2288 9464
f 9466 9464 2305
f 9459 9464 9466
f 2305 9465 9466
f 9465 2302 9462
f 9466 9462 2303
f 9465 9462 9466
f 2303 9462 9460
f 9462 2302 9457
f 9460 9457 2300
f 9462 9457 9460
f 1411 6612 6610
f 6612 1410 6609
f 6610 6609 1408
f 6612 6609 6610
f 1408 6605 6610
f 6605 1409 6611
f 6610 6611 1411
f 6605 6611 6610
f 1359 6475 6601
f 6475 1358 6600
f 6601 6600 1408
f 6475 6600 6601
f 1408 6609 6601
f 6609 1410 6606
f 6601 6606 1359
f 6609 6606 6601
f 1406 6603 6602
f 6603 1409 6605
f 6602 6605 1408
f 6603 6605 6602
f 216 3274 3358
f 3274 221 3359
f 3358 3359 259
f 3274 3359 3358
f 289 3467 3466
f 3467 221 3274
f 3466 3274 216
f 3467 3274 3466
f 269 3384 3385
f 3384 258 3361
f 3385 3361 259
f 3384 3361 3385
f 262 3382 3386
f 3382 268 3388
f 3386 3388 269
f 3382 3388 3386
f 269 3385 3386
f 3385 259 3365
f 3386 3365 262
f 3385 3365 3386
f 268 3443 3388
f 3443 283 3444
f 3388 3444 269
f 3443 3444 3388
f 269 3444 3387
f 3444 283 3442
f 3387 3442 266
f 3444 3442 3387
f 266 3377 3387
f 3377 258 3384
f 3387 3384 269
f 3377 3384 3387
f 1144 6035 5915
f 6035 1188 6034
f 5915 6034 1143
f 6035 6034 5915
f 1143 6845 5915
f 6845 1462 6846
f 5915 6846 1144
f 6845 6846 5915
f 1144 6846 5921
f 6846 1462 6847
f 5921 6847 1148
f 6846 6847 5921
f 1475 6905 6945
f 6905 738 6941
f 6945 6941 1480
f 6905 6941 6945
f 1480 6943 6945
f 6943 1472 6912
f 6945 6912 1475
f 6943 6912 6945
f 1173 5985 5978
f 5985 1174 5984
f 5978 5984 1101
f 5985 5984 5978
f 1567 7214 7213
f 7214 1174 5985
f 7213 5985 1173
f 7214 5985 7213
f 1173 7218 7213
f 7218 1569 7220
f 7213 7220 1567
f 7218 7220 7213
f 1173 7225 7218
f 7225 1571 7228
f 7218 7228 1569
f 7225 7228 7218
f 1474 6904 6950
f 6904 1473 6949
f 6950 6949 1481
f 6904 6949 6950
f 1481 6948 6950
f 6948 1466 6903
f 6950 6903 1474
f 6948 6903 6950
f 1241 6310 6304
f 6310 1284 6313
f 6304 6313 1283
f 6310 6313 6304
f 315 3558 3559
f 3558 233 3296
f 3559 3296 236
f 3558 3296 3559
f 315 3559 3578
f 3559 236 3576
f 3578 3576 318
f 3559 3576 3578
f 318 3584 3578
f 3584 319 3582
f 3578 3582 315
f 3584 3582 3578
f 319 3583 3582
f 3583 316 3566
f 3582 3566 315
f 3583 3566 3582
f 316 3564 3566
f 3564 233 3558
f 3566 3558 315
f 3564 3558 3566
f 36 2909 3236
f 2909 83 3238
f 3236 3238 205
f 2909 3238 3236
f 36 2794 2909
f 2794 35 2908
f 2909 2908 83
f 2794 2908 2909
f 36 2793 2792
f 2793 10 2741
f 2792 2741 9
f 2793 2741 2792
f 9 2790 2792
f 2790 35 2794
f 2792 2794 36
f 2790 2794 2792
f 41 2902 2845
f 2902 81 2903
f 2845 2903 55
f 2902 2903 2845
f 316 3562 3560
f 3562 81 2902
f 3560 2902 41
f 3562 2902 3560
f 41 2901 3560
f 2901 80 3561
f 3560 3561 316
f 2901 3561 3560
f 41 2845 2809
f 2845 55 2844
f 2809 2844 26
f 2845 2844 2809
f 26 2768 2809
f 2768 27 2810
f 2809 2810 41
f 2768 2810 2809
f 191 3194 4865
f 3194 192 4866
f 4865 4866 742
f 3194 4866 4865
f 191 4865 3193
f 4865 742 4864
f 3193 4864 181
f 4865 4864 3193
f 181 3163 3193
f 3163 176 3192
f 3193 3192 191
f 3163 3192 3193
f 191 3192 3191
f 3192 176 3144
f 3191 3144 175
f 3192 3144 3191
f 175 3199 3191
f 3199 195 3201
f 3191 3201 191
f 3199 3201 3191
f 195 3202 3201
f 3202 192 3194
f 3201 3194 191
f 3202 3194 3201
f 152 3045 3044
f 3045 139 3016
f 3044 3016 138
f 3045 3016 3044
f 152 3050 3086
f 3050 153 3087
f 3086 3087 162
f 3050 3087 3086
f 162 3104 3086
f 3104 166 3102
f 3086 3102 152
f 3104 3102 3086
f 147 3030 3047
f 3030 139 3045
f 3047 3045 152
f 3030 3045 3047
f 152 3102 3047
f 3102 166 3101
f 3047 3101 147
f 3102 3101 3047
f 170 3137 3122
f 3137 174 3135
f 3122 3135 140
f 3137 3135 3122
f 174 3136 3135
f 3136 153 3048
f 3135 3048 140
f 3136 3048 3135
f 140 3017 3122
f 3017 108 3121
f 3122 3121 170
f 3017 3121 3122
f 140 3046 3017
f 3046 152 3043
f 3017 3043 108
f 3046 3043 3017
f 153 3050 3048
f 3050 152 3046
f 3048 3046 140
f 3050 3046 3048
f 144 3019 3066
f 3019 133 3065
f 3066 3065 157
f 3019 3065 3066
f 132 2989 3018
f 2989 133 3019
f 3018 3019 144
f 2989 3019 3018
f 157 3071 3066
f 3071 158 3067
f 3066 3067 144
f 3071 3067 3066
f 145 3021 3022
f 3021 132 3018
f 3022 3018 144
f 3021 3018 3022
f 144 3067 3022
f 3067 158 3068
f 3022 3068 145
f 3067 3068 3022
f 777 5184 4944
f 5184 869 5183
f 4944 5183 776
f 5184 5183 4944
f 778 5185 4945
f 5185 869 5184
f 4945 5184 777
f 5185 5184 4945
f 775 4942 4986
f 4942 774 4985
f 4986 4985 800
f 4942 4985 4986
f 775 4987 4943
f 4987 801 4988
f 4943 4988 776
f 4987 4988 4943
f 800 4991 4986
f 4991 801 4987
f 4986 4987 775
f 4991 4987 4986
f 776 5183 4943
f 5183 869 5182
f 4943 5182 775
f 5183 5182 4943
f 2201 9144 9119
f 9144 2205 9140
f 9119 9140 768
f 9144 9140 9119
f 866 9142 9136
f 9142 2205 9146
f 9136 9146 2204
f 9142 9146 9136
f 866 5176 9142
f 5176 764 9139
f 9142 9139 2205
f 5176 9139 9142
f 745 4869 5599
f 4869 744 5598
f 5599 5598 999
f 4869 5598 5599
f 999 5600 5599
f 5600 998 5597
f 5599 5597 745
f 5600 5597 5599
f 1000 5601 5662
f 5601 744 5658
f 5662 5658 1026
f 5601 5658 5662
f 1000 5602 5601
f 5602 999 5598
f 5601 5598 744
f 5602 5598 5601
f 767 4915 4923
f 4915 743 4890
f 4923 4890 757
f 4915 4890 4923
f 745 4868 4917
f 4868 743 4915
f 4917 4915 767
f 4868 4915 4917
f 767 4916 4917
f 4916 744 4869
f 4917 4869 745
f 4916 4869 4917
f 821 5041 5042
f 5041 589 4284
f 5042 4284 590
f 5041 4284 5042
f 590 5045 5042
f 5045 822 5046
f 5042 5046 821
f 5045 5046 5042
f 820 5037 5044
f 5037 589 5041
f 5044 5041 821
f 5037 5041 5044
f 821 5043 5044
f 5043 819 5040
f 5044 5040 820
f 5043 5040 5044
f 823 5049 5050
f 5049 819 5043
f 5050 5043 821
f 5049 5043 5050
f 821 5046 5050
f 5046 822 5051
f 5050 5051 823
f 5046 5051 5050
f 609 5064 5061
f 5064 827 5068
f 5061 5068 826
f 5064 5068 5061
f 826 5063 5061
f 5063 825 5057
f 5061 5057 609
f 5063 5057 5061
f 826 5068 5062
f 5068 827 5067
f 5062 5067 816
f 5068 5067 5062
f 816 5058 5062
f 5058 825 5063
f 5062 5063 826
f 5058 5063 5062
f 837 5097 5096
f 5097 612 4358
f 5096 4358 611
f 5097 4358 5096
f 809 5011 5010
f 5011 808 5008
f 5010 5008 574
f 5011 5008 5010
f 574 5012 5010
f 5012 810 5013
f 5010 5013 809
f 5012 5013 5010
f 874 5237 5238
f 5237 808 5011
f 5238 5011 809
f 5237 5011 5238
f 878 5260 5258
f 5260 874 5238
f 5258 5238 809
f 5260 5238 5258
f 639 4478 4479
f 4478 606 4342
f 4479 4342 607
f 4478 4342 4479
f 607 4340 4479
f 4340 585 4475
f 4479 4475 639
f 4340 4475 4479
f 580 4271 4339
f 4271 585 4340
f 4339 4340 607
f 4271 4340 4339
f 607 4341 4339
f 4341 603 4332
f 4339 4332 580
f 4341 4332 4339
f 606 4338 4342
f 4338 603 4341
f 4342 4341 607
f 4338 4341 4342
f 2111 8812 8817
f 8812 2107 8816
f 8817 8816 2112
f 8812 8816 8817
f 2132 8869 8867
f 8869 2117 8833
f 8867 8833 2112
f 8869 8833 8867
f 2112 8833 8817
f 8833 2117 8832
f 8817 8832 2111
f 8833 8832 8817
f 2112 8820 8867
f 8820 2113 8868
f 8867 8868 2132
f 8820 8868 8867
f 2106 8819 8815
f 8819 2113 8820
f 8815 8820 2112
f 8819 8820 8815
f 2112 8816 8815
f 8816 2107 8797
f 8815 8797 2106
f 8816 8797 8815
f 1030 5692 5691
f 5692 1020 5625
f 5691 5625 1019
f 5692 5625 5691
f 1019 5623 5691
f 5623 1018 5690
f 5691 5690 1030
f 5623 5690 5691
f 1020 5624 5625
f 5624 998 5622
f 5625 5622 1019
f 5624 5622 5625
f 1028 5689 5677
f 5689 1029 5681
f 5677 5681 1011
f 5689 5681 5677
f 1032 5814 5812
f 5814 1071 5815
f 5812 5815 1070
f 5814 5815 5812
f 1070 5813 5812
f 5813 1069 5810
f 5812 5810 1032
f 5813 5810 5812
f 1071 5855 5815
f 5855 1082 5854
f 5815 5854 1070
f 5855 5854 5815
f 1082 5853 5854
f 5853 1069 5813
f 5854 5813 1070
f 5853 5813 5854
f 1072 5856 5817
f 5856 1082 5855
f 5817 5855 1071
f 5856 5855 5817
f 1072 5820 5856
f 5820 1073 5857
f 5856 5857 1082
f 5820 5857 5856
f 1072 5817 5816
f 5817 1071 5814
f 5816 5814 1032
f 5817 5814 5816
f 1032 5819 5816
f 5819 1073 5820
f 5816 5820 1072
f 5819 5820 5816
f 1058 5765 5764
f 5765 938 5381
f 5764 5381 937
f 5765 5381 5764
f 937 5381 5579
f 5381 938 5580
f 5579 5580 997
f 5381 5580 5579
f 932 5375 5760
f 5375 933 5761
f 5760 5761 1058
f 5375 5761 5760
f 997 5576 5575
f 5576 933 5375
f 5575 5375 932
f 5576 5375 5575
f 1058 5761 5766
f 5761 933 5727
f 5766 5727 1042
f 5761 5727 5766
f 934 5726 5728
f 5726 1041 5729
f 5728 5729 1042
f 5726 5729 5728
f 1042 5727 5728
f 5727 933 5377
f 5728 5377 934
f 5727 5377 5728
f 949 5591 5393
f 5591 997 5590
f 5393 5590 948
f 5591 5590 5393
f 997 5589 5590
f 5589 947 5391
f 5590 5391 948
f 5589 5391 5590
f 1059 5782 5781
f 5782 949 5393
f 5781 5393 948
f 5782 5393 5781
f 948 5391 5781
f 5391 947 5780
f 5781 5780 1059
f 5391 5780 5781
f 995 5557 5547
f 5557 994 5539
f 5547 5539 882
f 5557 5539 5547
f 882 5526 5547
f 5526 991 5556
f 5547 5556 995
f 5526 5556 5547
f 891 5288 5349
f 5288 892 5350
f 5349 5350 921
f 5288 5350 5349
f 921 5348 5349
f 5348 890 5287
f 5349 5287 891
f 5348 5287 5349
f 996 5560 5559
f 5560 892 5288
f 5559 5288 891
f 5560 5288 5559
f 891 5287 5559
f 5287 890 5558
f 5559 5558 996
f 5287 5558 5559
f 912 5322 5512
f 5322 886 5508
f 5512 5508 988
f 5322 5508 5512
f 912 5326 5322
f 5326 913 5325
f 5322 5325 886
f 5326 5325 5322
f 988 5511 5512
f 5511 911 5323
f 5512 5323 912
f 5511 5323 5512
f 912 5323 5343
f 5323 911 5342
f 5343 5342 919
f 5323 5342 5343
f 457 3917 4165
f 3917 460 4167
f 4165 4167 546
f 3917 4167 4165
f 546 4168 4165
f 4168 477 3965
f 4165 3965 457
f 4168 3965 4165
f 457 3965 3917
f 3965 477 3966
f 3917 3966 460
f 3965 3966 3917
f 148 3034 3108
f 3034 146 3106
f 3108 3106 167
f 3034 3106 3108
f 167 3110 3108
f 3110 165 3097
f 3108 3097 148
f 3110 3097 3108
f 167 3106 3107
f 3106 146 3031
f 3107 3031 147
f 3106 3031 3107
f 164 3100 3109
f 3100 165 3110
f 3109 3110 167
f 3100 3110 3109
f 147 3101 3107
f 3101 166 3111
f 3107 3111 167
f 3101 3111 3107
f 167 3111 3109
f 3111 166 3105
f 3109 3105 164
f 3111 3105 3109
f 704 4724 4726
f 4724 143 4706
f 4726 4706 700
f 4724 4706 4726
f 700 4710 4726
f 4710 343 4725
f 4726 4725 704
f 4710 4725 4726
f 704 4725 4724
f 4725 343 3653
f 4724 3653 143
f 4725 3653 4724
f 1234 6165 6353
f 6165 1236 6354
f 6353 6354 1295
f 6165 6354 6353
f 1295 8200 6353
f 8200 1905 8198
f 6353 8198 1234
f 8200 8198 6353
f 1234 8198 8202
f 8198 1905 8205
f 8202 8205 1906
f 8198 8205 8202
f 1237 6221 6210
f 6221 1259 6222
f 6210 6222 1255
f 6221 6222 6210
f 1237 6167 6221
f 6167 1236 6220
f 6221 6220 1259
f 6167 6220 6221
f 1250 6198 6197
f 6198 1249 6196
f 6197 6196 1237
f 6198 6196 6197
f 1237 6210 6197
f 6210 1255 6211
f 6197 6211 1250
f 6210 6211 6197
f 1249 6259 6196
f 6259 1272 6257
f 6196 6257 1237
f 6259 6257 6196
f 1295 6354 6355
f 6354 1236 6167
f 6355 6167 1237
f 6354 6167 6355
f 1253 6205 6209
f 6205 1252 6208
f 6209 6208 1254
f 6205 6208 6209
f 1253 6306 6312
f 6306 1283 6313
f 6312 6313 1284
f 6306 6313 6312
f 1254 6307 6209
f 6307 1283 6306
f 6209 6306 1253
f 6307 6306 6209
f 1253 6312 6204
f 6312 1284 6311
f 6204 6311 1251
f 6312 6311 6204
f 1253 6204 6203
f 6204 1251 6200
f 6203 6200 1250
f 6204 6200 6203
f 1250 6202 6203
f 6202 1252 6205
f 6203 6205 1253
f 6202 6205 6203
f 1255 6226 6217
f 6226 1261 6229
f 6217 6229 1258
f 6226 6229 6217
f 1258 6216 6217
f 6216 1252 6212
f 6217 6212 1255
f 6216 6212 6217
f 1258 6229 6218
f 6229 1261 6228
f 6218 6228 1257
f 6229 6228 6218
f 1244 6181 6179
f 6181 1245 6180
f 6179 6180 1243
f 6181 6180 6179
f 1243 6180 6206
f 6180 1245 6207
f 6206 6207 1254
f 6180 6207 6206
f 1243 6237 6179
f 6237 1265 6238
f 6179 6238 1244
f 6237 6238 6179
f 1243 6232 6237
f 6232 1263 6239
f 6237 6239 1265
f 6232 6239 6237
f 1254 6208 6206
f 6208 1252 6201
f 6206 6201 1243
f 6208 6201 6206
f 1252 6216 6201
f 6216 1258 6215
f 6201 6215 1243
f 6216 6215 6201
f 1257 6233 6214
f 6233 1263 6232
f 6214 6232 1243
f 6233 6232 6214
f 1243 6215 6214
f 6215 1258 6218
f 6214 6218 1257
f 6215 6218 6214
f 1266 6242 6241
f 6242 1265 6240
f 6241 6240 1264
f 6242 6240 6241
f 1265 6239 6240
f 6239 1263 6236
f 6240 6236 1264
f 6239 6236 6240
f 1264 6236 6235
f 6236 1263 6234
f 6235 6234 1262
f 6236 6234 6235
f 1264 6235 8217
f 6235 1262 8216
f 8217 8216 1910
f 6235 8216 8217
f 1911 8220 8219
f 8220 1266 6241
f 8219 6241 1264
f 8220 6241 8219
f 1264 8217 8219
f 8217 1910 8222
f 8219 8222 1911
f 8217 8222 8219
f 1139 6867 5909
f 6867 1467 6865
f 5909 6865 1111
f 6867 6865 5909
f 1466 6868 6862
f 6868 1467 6867
f 6862 6867 1139
f 6868 6867 6862
f 1140 6027 6018
f 6027 1187 6030
f 6018 6030 1183
f 6027 6030 6018
f 1175 5986 6029
f 5986 1114 6026
f 6029 6026 1187
f 5986 6026 6029
f 1175 6029 6878
f 6029 1187 6879
f 6878 6879 1469
f 6029 6879 6878
f 1469 6875 6878
f 6875 1114 5986
f 6878 5986 1175
f 6875 5986 6878
f 1186 6023 6022
f 6023 1114 5872
f 6022 5872 1113
f 6023 5872 6022
f 1113 5872 6881
f 5872 1114 6882
f 6881 6882 1470
f 5872 6882 6881
f 1977 8407 8408
f 8407 1940 8299
f 8408 8299 1942
f 8407 8299 8408
f 1942 8403 8408
f 8403 1976 8409
f 8408 8409 1977
f 8403 8409 8408
f 1942 8303 8403
f 8303 1944 8404
f 8403 8404 1976
f 8303 8404 8403
f 1943 8304 8302
f 8304 1944 8303
f 8302 8303 1942
f 8304 8303 8302
f 1942 8300 8302
f 8300 1941 8301
f 8302 8301 1943
f 8300 8301 8302
f 1942 8299 8300
f 8299 1940 8298
f 8300 8298 1941
f 8299 8298 8300
f 1291 6344 6348
f 6344 1290 6347
f 6348 6347 1292
f 6344 6347 6348
f 1292 6346 6348
f 6346 1271 6343
f 6348 6343 1291
f 6346 6343 6348
f 1291 6343 6344
f 6343 1271 6340
f 6344 6340 1290
f 6343 6340 6344
f 1238 6258 6251
f 6258 1272 6260
f 6251 6260 1270
f 6258 6260 6251
f 1270 6256 6251
f 6256 1271 6253
f 6251 6253 1238
f 6256 6253 6251
f 1238 6253 6345
f 6253 1271 6346
f 6345 6346 1292
f 6253 6346 6345
f 1292 6350 6345
f 6350 1293 6349
f 6345 6349 1238
f 6350 6349 6345
f 1238 6168 6258
f 6168 1237 6257
f 6258 6257 1272
f 6168 6257 6258
f 1238 6349 6356
f 6349 1293 6357
f 6356 6357 1295
f 6349 6357 6356
f 1295 6355 6356
f 6355 1237 6168
f 6356 6168 1238
f 6355 6168 6356
f 1278 6287 6279
f 6287 1279 6285
f 6279 6285 1194
f 6287 6285 6279
f 1278 6279 6280
f 6279 1194 6063
f 6280 6063 1195
f 6279 6063 6280
f 1195 6294 6280
f 6294 1281 6298
f 6280 6298 1278
f 6294 6298 6280
f 1276 6286 6281
f 6286 1279 6287
f 6281 6287 1278
f 6286 6287 6281
f 1278 6298 6281
f 6298 1281 6297
f 6281 6297 1276
f 6298 6297 6281
f 1270 6296 6252
f 6296 1281 6295
f 6252 6295 1268
f 6296 6295 6252
f 1268 6254 6252
f 6254 1271 6256
f 6252 6256 1270
f 6254 6256 6252
f 2101 8782 8778
f 8782 2102 8780
f 8778 8780 2099
f 8782 8780 8778
f 2027 8777 8768
f 8777 2101 8778
f 8768 8778 2099
f 8777 8778 8768
f 2099 8769 8768
f 8769 2087 8723
f 8768 8723 2027
f 8769 8723 8768
f 2098 8765 8770
f 8765 2087 8769
f 8770 8769 2099
f 8765 8769 8770
f 2607 10466 10467
f 10466 2543 10244
f 10467 10244 2545
f 10466 10244 10467
f 2545 10471 10467
f 10471 2608 10475
f 10467 10475 2607
f 10471 10475 10467
f 2607 10475 10468
f 10475 2608 10474
f 10468 10474 2598
f 10475 10474 10468
f 2606 10462 10470
f 10462 2543 10466
f 10470 10466 2607
f 10462 10466 10470
f 2598 10439 10468
f 10439 2600 10469
f 10468 10469 2607
f 10439 10469 10468
f 2607 10469 10470
f 10469 2600 10463
f 10470 10463 2606
f 10469 10463 10470
f 1858 8031 8032
f 8031 1845 8029
f 8032 8029 1857
f 8031 8029 8032
f 1859 8035 8037
f 8035 1845 8031
f 8037 8031 1858
f 8035 8031 8037
f 1857 8074 8032
f 8074 1871 8075
f 8032 8075 1858
f 8074 8075 8032
f 1858 8075 8077
f 8075 1871 8078
f 8077 8078 1872
f 8075 8078 8077
f 1872 8082 8077
f 8082 1873 8080
f 8077 8080 1858
f 8082 8080 8077
f 1873 8081 8080
f 8081 1859 8037
f 8080 8037 1858
f 8081 8037 8080
f 1880 8122 8116
f 8122 1881 8120
f 8116 8120 1868
f 8122 8120 8116
f 1868 8067 8116
f 8067 1867 8115
f 8116 8115 1880
f 8067 8115 8116
f 1880 8115 8117
f 8115 1867 8111
f 8117 8111 1879
f 8115 8111 8117
f 1880 8113 8122
f 8113 1619 8119
f 8122 8119 1881
f 8113 8119 8122
f 1879 8108 8117
f 8108 1621 8114
f 8117 8114 1880
f 8108 8114 8117
f 1880 8114 8113
f 8114 1621 7364
f 8113 7364 1619
f 8114 7364 8113
f 1707 7555 7549
f 7555 1708 7552
f 7549 7552 1618
f 7555 7552 7549
f 1707 7551 7555
f 7551 1706 7554
f 7555 7554 1708
f 7551 7554 7555
f 1707 7549 7550
f 7549 1618 7362
f 7550 7362 1620
f 7549 7362 7550
f 1620 8774 7550
f 8774 2101 8775
f 7550 8775 1707
f 8774 8775 7550
f 1664 7454 7455
f 7454 1612 7356
f 7455 7356 1614
f 7454 7356 7455
f 1664 7457 10683
f 7457 1665 10684
f 10683 10684 2672
f 7457 10684 10683
f 1614 7456 7455
f 7456 1665 7457
f 7455 7457 1664
f 7456 7457 7455
f 1664 10683 10532
f 10683 2672 10685
f 10532 10685 2623
f 10683 10685 10532
f 2623 10531 10532
f 10531 1612 7454
f 10532 7454 1664
f 10531 7454 10532
f 1853 8016 8018
f 8016 1840 8014
f 8018 8014 1852
f 8016 8014 8018
f 1852 8059 8018
f 8059 1866 8060
f 8018 8060 1853
f 8059 8060 8018
f 1852 8057 8059
f 8057 1865 8061
f 8059 8061 1866
f 8057 8061 8059
f 1851 8056 8015
f 8056 1865 8057
f 8015 8057 1852
f 8056 8057 8015
f 1854 8020 8019
f 8020 1842 7984
f 8019 7984 1841
f 8020 7984 8019
f 1853 8021 8017
f 8021 1854 8019
f 8017 8019 1841
f 8021 8019 8017
f 1841 7981 8017
f 7981 1840 8016
f 8017 8016 1853
f 7981 8016 8017
f 1827 7977 7979
f 7977 1840 7981
f 7979 7981 1841
f 7977 7981 7979
f 1828 7938 7980
f 7938 1827 7979
f 7980 7979 1841
f 7938 7979 7980
f 1841 7984 7980
f 7984 1842 7982
f 7980 7982 1828
f 7984 7982 7980
f 1839 7978 7974
f 7978 1840 7976
f 7974 7976 1826
f 7978 7976 7974
f 1839 8013 7978
f 8013 1852 8014
f 7978 8014 1840
f 8013 8014 7978
f 1838 8010 7975
f 8010 1851 8011
f 7975 8011 1839
f 8010 8011 7975
f 1851 8015 8011
f 8015 1852 8013
f 8011 8013 1839
f 8015 8013 8011
f 1825 7932 7928
f 7932 1826 7930
f 7928 7930 1812
f 7932 7930 7928
f 1825 7973 7932
f 7973 1839 7974
f 7932 7974 1826
f 7973 7974 7932
f 1825 7929 7971
f 7929 1824 7970
f 7971 7970 1838
f 7929 7970 7971
f 1838 7975 7971
f 7975 1839 7973
f 7971 7973 1825
f 7975 7973 7971
f 1822 7919 7918
f 7919 1809 7878
f 7918 7878 1808
f 7919 7878 7918
f 1821 7920 7916
f 7920 1822 7918
f 7916 7918 1808
f 7920 7918 7916
f 1808 7875 7916
f 7875 1807 7915
f 7916 7915 1821
f 7875 7915 7916
f 1794 7871 7873
f 7871 1807 7875
f 7873 7875 1808
f 7871 7875 7873
f 1808 7874 7873
f 7874 1795 7834
f 7873 7834 1794
f 7874 7834 7873
f 1808 7878 7874
f 7878 1809 7876
f 7874 7876 1795
f 7878 7876 7874
f 2587 10396 10399
f 10396 2588 10400
f 10399 10400 2589
f 10396 10400 10399
f 2589 10442 10399
f 10442 2601 10441
f 10399 10441 2587
f 10442 10441 10399
f 2589 10448 10442
f 10448 2603 10449
f 10442 10449 2601
f 10448 10449 10442
f 2589 10400 10397
f 10400 2588 10393
f 10397 10393 1626
f 10400 10393 10397
f 1626 7378 10397
f 7378 1628 10398
f 10397 10398 2589
f 7378 10398 10397
f 1628 10447 10398
f 10447 2603 10448
f 10398 10448 2589
f 10447 10448 10398
f 1834 7999 7963
f 7999 1847 8000
f 7963 8000 1835
f 7999 8000 7963
f 1847 8003 8000
f 8003 1848 8001
f 8000 8001 1835
f 8003 8001 8000
f 1835 7961 7963
f 7961 1821 7960
f 7963 7960 1834
f 7961 7960 7963
f 1835 7962 7961
f 7962 1822 7920
f 7961 7920 1821
f 7962 7920 7961
f 1499 7010 7024
f 7010 1497 7023
f 7024 7023 1505
f 7010 7023 7024
f 1505 7025 7024
f 7025 1500 7016
f 7024 7016 1499
f 7025 7016 7024
f 1496 7004 7009
f 7004 1497 7010
f 7009 7010 1499
f 7004 7010 7009
f 1492 7029 6994
f 7029 1506 7028
f 6994 7028 201
f 7029 7028 6994
f 201 7012 6994
f 7012 1500 7014
f 6994 7014 1492
f 7012 7014 6994
f 1492 7014 7029
f 7014 1500 7030
f 7029 7030 1506
f 7014 7030 7029
f 1504 7020 7019
f 7020 1497 7003
f 7019 7003 1495
f 7020 7003 7019
f 1495 6999 7019
f 6999 1494 7018
f 7019 7018 1504
f 6999 7018 7019
f 1493 6997 6998
f 6997 1494 6999
f 6998 6999 1495
f 6997 6999 6998
f 1495 7003 7002
f 7003 1497 7004
f 7002 7004 1496
f 7003 7004 7002
f 1496 7001 7002
f 7001 1493 6998
f 7002 6998 1495
f 7001 6998 7002
f 1537 7124 7123
f 7124 1529 7099
f 7123 7099 1528
f 7124 7099 7123
f 1529 7098 7099
f 7098 1527 7097
f 7099 7097 1528
f 7098 7097 7099
f 1528 7096 7123
f 7096 1209 7120
f 7123 7120 1537
f 7096 7120 7123
f 1528 7097 7096
f 7097 1527 7094
f 7096 7094 1209
f 7097 7094 7096
f 1508 7035 7106
f 7035 1503 7105
f 7106 7105 1534
f 7035 7105 7106
f 1507 7034 7036
f 7034 1503 7035
f 7036 7035 1508
f 7034 7035 7036
f 2532 10211 10210
f 10211 2531 10208
f 10210 10208 2530
f 10211 10208 10210
f 2531 10207 10208
f 10207 2529 10204
f 10208 10204 2530
f 10207 10204 10208
f 2616 10506 10505
f 10506 2532 10210
f 10505 10210 2530
f 10506 10210 10505
f 2530 10204 10495
f 10204 2529 10494
f 10495 10494 2612
f 10204 10494 10495
f 2612 10499 10495
f 10499 2613 10498
f 10495 10498 2530
f 10499 10498 10495
f 1457 6822 6823
f 6822 1437 6775
f 6823 6775 1447
f 6822 6775 6823
f 1447 6774 6823
f 6774 1154 6821
f 6823 6821 1457
f 6774 6821 6823
f 1096 5956 5878
f 5956 1166 5958
f 5878 5958 1124
f 5956 5958 5878
f 1124 5934 5878
f 5934 1154 5932
f 5878 5932 1096
f 5934 5932 5878
f 1430 6697 6755
f 6697 1196 6754
f 6755 6754 1443
f 6697 6754 6755
f 1443 6760 6764
f 6760 1444 6765
f 6764 6765 1445
f 6760 6765 6764
f 1443 6756 6755
f 6756 1431 6701
f 6755 6701 1430
f 6756 6701 6755
f 1443 6764 6752
f 6764 1445 6761
f 6752 6761 187
f 6764 6761 6752
f 187 6699 6752
f 6699 1431 6756
f 6752 6756 1443
f 6699 6756 6752
f 1195 6063 6062
f 6063 1194 6058
f 6062 6058 1165
f 6063 6058 6062
f 1165 6758 6062
f 6758 1444 6759
f 6062 6759 1195
f 6758 6759 6062
f 1194 6060 6058
f 6060 1177 5991
f 6058 5991 1165
f 6060 5991 6058
f 1165 5991 6767
f 5991 1177 6768
f 6767 6768 1446
f 5991 6768 6767
f 1446 6771 6767
f 6771 1444 6758
f 6767 6758 1165
f 6771 6758 6767
f 1221 6146 6243
f 6146 1229 6245
f 6243 6245 1267
f 6146 6245 6243
f 1221 6127 6146
f 6127 1222 6147
f 6146 6147 1229
f 6127 6147 6146
f 1161 6705 5947
f 6705 1433 6704
f 5947 6704 1094
f 6705 6704 5947
f 1164 6694 5952
f 6694 1429 6690
f 5952 6690 1088
f 6694 6690 5952
f 1429 6695 6690
f 6695 1197 6067
f 6690 6067 1088
f 6695 6067 6690
f 1163 6069 6693
f 6069 1197 6695
f 6693 6695 1429
f 6069 6695 6693
f 1204 6079 6080
f 6079 1202 6078
f 6080 6078 1203
f 6079 6078 6080
f 1203 8173 6080
f 8173 1898 8174
f 6080 8174 1204
f 8173 8174 6080
f 1898 8175 8174
f 8175 1224 6131
f 8174 6131 1204
f 8175 6131 8174
f 1205 6097 6099
f 6097 1213 6100
f 6099 6100 1214
f 6097 6100 6099
f 1205 6157 6160
f 6157 1232 6163
f 6160 6163 1233
f 6157 6163 6160
f 1214 6124 6104
f 6124 1222 6125
f 6104 6125 1216
f 6124 6125 6104
f 1218 6110 6109
f 6110 1126 5884
f 6109 5884 1125
f 6110 5884 6109
f 1218 6153 6112
f 6153 1230 6152
f 6112 6152 1217
f 6153 6152 6112
f 1125 6151 6109
f 6151 1230 6153
f 6109 6153 1218
f 6151 6153 6109
f 196 3218 3211
f 3218 200 3219
f 3211 3219 197
f 3218 3219 3211
f 197 3209 3211
f 3209 178 3207
f 3211 3207 196
f 3209 3207 3211
f 197 3210 3209
f 3210 179 3157
f 3209 3157 178
f 3210 3157 3209
f 200 3220 3219
f 3220 199 3216
f 3219 3216 197
f 3220 3216 3219
f 199 3217 3216
f 3217 198 3215
f 3216 3215 197
f 3217 3215 3216
f 173 3139 3134
f 3139 174 3137
f 3134 3137 170
f 3139 3137 3134
f 170 3123 3134
f 3123 169 3133
f 3134 3133 173
f 3123 3133 3134
f 173 3133 3156
f 3133 169 3155
f 3156 3155 179
f 3133 3155 3156
f 173 3208 3212
f 3208 197 3215
f 3212 3215 198
f 3208 3215 3212
f 179 3210 3156
f 3210 197 3208
f 3156 3208 173
f 3210 3208 3156
f 194 3198 3204
f 3198 193 3203
f 3204 3203 195
f 3198 3203 3204
f 198 3213 3214
f 3213 193 3198
f 3214 3198 194
f 3213 3198 3214
f 195 3200 3204
f 3200 190 3197
f 3204 3197 194
f 3200 3197 3204
f 194 3197 3196
f 3197 190 3189
f 3196 3189 174
f 3197 3189 3196
f 174 3139 3196
f 3139 173 3195
f 3196 3195 194
f 3139 3195 3196
f 194 3195 3214
f 3195 173 3212
f 3214 3212 198
f 3195 3212 3214
f 1477 6932 6920
f 6932 1478 6927
f 6920 6927 732
f 6932 6927 6920
f 731 6914 6919
f 6914 1476 6924
f 6919 6924 1477
f 6914 6924 6919
f 1477 6920 6919
f 6920 732 4843
f 6919 4843 731
f 6920 4843 6919
f 1591 7289 7288
f 7289 1581 7266
f 7288 7266 1580
f 7289 7266 7288
f 313 7265 7287
f 7265 1581 7289
f 7287 7289 1591
f 7265 7289 7287
f 1591 7341 7287
f 7341 1607 7339
f 7287 7339 313
f 7341 7339 7287
f 1584 7340 7290
f 7340 1607 7341
f 7290 7341 1591
f 7340 7341 7290
f 1590 7305 7284
f 7305 1597 7303
f 7284 7303 1582
f 7305 7303 7284
f 1590 7291 7283
f 7291 1591 7288
f 7283 7288 1580
f 7291 7288 7283
f 1590 7284 7285
f 7284 1582 7268
f 7285 7268 1584
f 7284 7268 7285
f 1584 7290 7285
f 7290 1591 7291
f 7285 7291 1590
f 7290 7291 7285
f 1593 7294 7293
f 7294 1580 7264
f 7293 7264 313
f 7294 7264 7293
f 313 7292 7293
f 7292 1592 7297
f 7293 7297 1593
f 7292 7297 7293
f 1593 7296 7294
f 7296 1590 7283
f 7294 7283 1580
f 7296 7283 7294
f 1593 7297 7316
f 7297 1592 7315
f 7316 7315 1600
f 7297 7315 7316
f 2420 9834 9832
f 9834 2356 9655
f 9832 9655 2354
f 9834 9655 9832
f 2382 9734 9732
f 9734 2381 9728
f 9732 9728 2354
f 9734 9728 9732
f 2354 9728 9832
f 9728 2381 9835
f 9832 9835 2420
f 9728 9835 9832
f 2354 10611 9732
f 10611 2644 10613
f 9732 10613 2382
f 10611 10613 9732
f 2383 9839 9736
f 9839 2421 9840
f 9736 9840 2384
f 9839 9840 9736
f 2383 9736 10594
f 9736 2384 10595
f 10594 10595 2641
f 9736 10595 10594
f 2355 9833 9838
f 9833 2420 9843
f 9838 9843 2421
f 9833 9843 9838
f 2355 9656 9833
f 9656 2356 9834
f 9833 9834 2420
f 9656 9834 9833
f 2421 9839 9838
f 9839 2383 9735
f 9838 9735 2355
f 9839 9735 9838
f 2355 9735 10593
f 9735 2383 10594
f 10593 10594 2641
f 9735 10594 10593
f 1671 9712 7468
f 9712 2376 9713
f 7468 9713 1673
f 9712 9713 7468
f 1671 9709 9712
f 9709 2375 9715
f 9712 9715 2376
f 9709 9715 9712
f 1673 7469 7468
f 7469 1672 7467
f 7468 7467 1671
f 7469 7467 7468
f 1846 7993 7996
f 7993 1695 7947
f 7996 7947 1832
f 7993 7947 7996
f 1846 7996 7995
f 7996 1832 7950
f 7995 7950 1831
f 7996 7950 7995
f 1831 7991 7995
f 7991 1845 7997
f 7995 7997 1846
f 7991 7997 7995
f 1846 7997 8036
f 7997 1845 8035
f 8036 8035 1859
f 7997 8035 8036
f 1859 8033 8036
f 8033 1696 7994
f 8036 7994 1846
f 8033 7994 8036
f 1846 7994 7993
f 7994 1696 7526
f 7993 7526 1695
f 7994 7526 7993
f 1819 7909 7908
f 7909 1805 7865
f 7908 7865 1804
f 7909 7865 7908
f 1804 7903 7908
f 7903 1818 7910
f 7908 7910 1819
f 7903 7910 7908
f 1817 7904 7901
f 7904 1818 7903
f 7901 7903 1804
f 7904 7903 7901
f 1324 7906 6402
f 7906 1819 7905
f 6402 7905 1305
f 7906 7905 6402
f 1819 7955 7905
f 7955 1833 7951
f 7905 7951 1305
f 7955 7951 7905
f 1745 7671 7716
f 7671 1744 7715
f 7716 7715 1759
f 7671 7715 7716
f 1745 7674 7670
f 7674 1746 7672
f 7670 7672 1731
f 7674 7672 7670
f 1745 7670 7669
f 7670 1731 7627
f 7669 7627 1730
f 7670 7627 7669
f 1730 7667 7669
f 7667 1744 7671
f 7669 7671 1745
f 7667 7671 7669
f 1733 7634 7676
f 7634 1732 7675
f 7676 7675 1747
f 7634 7675 7676
f 1732 7673 7675
f 7673 1746 7677
f 7675 7677 1747
f 7673 7677 7675
f 1747 7681 7676
f 7681 1748 7678
f 7676 7678 1733
f 7681 7678 7676
f 1329 7774 7769
f 7774 1777 7777
f 7769 7777 1776
f 7774 7777 7769
f 1327 6414 6412
f 6414 1330 6415
f 6412 6415 1329
f 6414 6415 6412
f 1325 6652 6408
f 6652 1421 6653
f 6408 6653 1327
f 6652 6653 6408
f 1805 7863 7864
f 7863 1326 6410
f 7864 6410 1328
f 7863 6410 7864
f 1328 7859 7864
f 7859 1804 7865
f 7864 7865 1805
f 7859 7865 7864
f 1327 6412 6411
f 6412 1329 6413
f 6411 6413 1328
f 6412 6413 6411
f 1328 6413 7819
f 6413 1329 7820
f 7819 7820 1791
f 6413 7820 7819
f 1328 6409 6411
f 6409 1325 6408
f 6411 6408 1327
f 6409 6408 6411
f 1326 6407 6410
f 6407 1325 6409
f 6410 6409 1328
f 6407 6409 6410
f 1718 7589 7583
f 7589 1719 7588
f 7583 7588 1674
f 7589 7588 7583
f 1719 7587 7588
f 7587 1672 7470
f 7588 7470 1674
f 7587 7470 7588
f 1674 7474 7583
f 7474 1676 7584
f 7583 7584 1718
f 7474 7584 7583
f 1674 7470 7471
f 7470 1672 7469
f 7471 7469 1673
f 7470 7469 7471
f 1673 7472 7471
f 7472 1675 7473
f 7471 7473 1674
f 7472 7473 7471
f 1675 7475 7473
f 7475 1676 7474
f 7473 7474 1674
f 7475 7474 7473
f 1678 7577 7581
f 7577 1716 7582
f 7581 7582 1717
f 7577 7582 7581
f 1717 7580 7581
f 7580 1676 7478
f 7581 7478 1678
f 7580 7478 7581
f 1680 7578 7482
f 7578 1716 7577
f 7482 7577 1678
f 7578 7577 7482
f 1678 7478 7479
f 7478 1676 7477
f 7479 7477 1677
f 7478 7477 7479
f 1679 7483 7481
f 7483 1680 7482
f 7481 7482 1678
f 7483 7482 7481
f 1678 7479 7481
f 7479 1677 7480
f 7481 7480 1679
f 7479 7480 7481
f 2643 10605 10606
f 10605 2387 9742
f 10606 9742 2388
f 10605 9742 10606
f 2388 9742 9745
f 9742 2387 9744
f 9745 9744 2389
f 9742 9744 9745
f 2390 10607 9746
f 10607 2643 10606
f 9746 10606 2388
f 10607 10606 9746
f 2388 9745 9746
f 9745 2389 9747
f 9746 9747 2390
f 9745 9747 9746
f 2469 10056 9986
f 10056 2485 10055
f 9986 10055 2446
f 10056 10055 9986
f 2445 9907 9985
f 9907 2444 9984
f 9985 9984 2469
f 9907 9984 9985
f 2469 9986 9985
f 9986 2446 9908
f 9985 9908 2445
f 9986 9908 9985
f 2444 10050 9984
f 10050 2484 10052
f 9984 10052 2469
f 10050 10052 9984
f 2469 10052 9983
f 10052 2484 10049
f 9983 10049 2431
f 10052 10049 9983
f 2431 10053 9983
f 10053 2485 10056
f 9983 10056 2469
f 10053 10056 9983
f 2527 10196 10197
f 10196 2522 10189
f 10197 10189 2525
f 10196 10189 10197
f 2033 8744 8748
f 8744 2094 8752
f 8748 8752 2095
f 8744 8752 8748
f 2090 8756 8750
f 8756 2096 8757
f 8750 8757 2095
f 8756 8757 8750
f 2095 8751 8750
f 8751 2091 8737
f 8750 8737 2090
f 8751 8737 8750
f 2094 8745 8752
f 8745 2091 8751
f 8752 8751 2095
f 8745 8751 8752
f 2095 8749 8748
f 8749 2035 8591
f 8748 8591 2033
f 8749 8591 8748
f 2096 8753 8757
f 8753 2035 8749
f 8757 8749 2095
f 8753 8749 8757
f 2079 8698 8696
f 8698 2078 8693
f 8696 8693 2071
f 8698 8693 8696
f 2082 8709 8710
f 8709 2078 8698
f 8710 8698 2079
f 8709 8698 8710
f 2041 8602 8683
f 8602 1609 8678
f 8683 8678 2074
f 8602 8678 8683
f 2074 8678 8679
f 8678 1609 7531
f 8679 7531 1698
f 8678 7531 8679
f 2074 8679 8680
f 8679 1698 7535
f 8680 7535 1700
f 8679 7535 8680
f 1700 7539 8680
f 7539 1702 8681
f 8680 8681 2074
f 7539 8681 8680
f 1702 8575 8681
f 8575 2025 8682
f 8681 8682 2074
f 8575 8682 8681
f 2081 8705 8708
f 8705 2025 8702
f 8708 8702 2080
f 8705 8702 8708
f 2081 8724 8711
f 8724 2087 8725
f 8711 8725 2082
f 8724 8725 8711
f 2082 8710 8711
f 8710 2079 8707
f 8711 8707 2081
f 8710 8707 8711
f 2081 8707 8705
f 8707 2079 8695
f 8705 8695 2025
f 8707 8695 8705
f 2081 8708 8706
f 8708 2080 8704
f 8706 8704 2027
f 8708 8704 8706
f 2027 8723 8706
f 8723 2087 8724
f 8706 8724 2081
f 8723 8724 8706
f 2524 10502 10516
f 10502 2615 10521
f 10516 10521 2618
f 10502 10521 10516
f 2618 10517 10516
f 10517 2525 10190
f 10516 10190 2524
f 10517 10190 10516
f 2610 10485 10486
f 10485 2155 9041
f 10486 9041 2177
f 10485 9041 10486
f 2177 10490 10486
f 10490 2611 10492
f 10486 10492 2610
f 10490 10492 10486
f 2177 9041 9042
f 9041 2155 8953
f 9042 8953 2156
f 9041 8953 9042
f 2522 10196 10184
f 10196 2527 10195
f 10184 10195 2036
f 10196 10195 10184
f 2034 8592 8593
f 8592 2035 8594
f 8593 8594 2036
f 8592 8594 8593
f 2036 10195 8593
f 10195 2527 10194
f 8593 10194 2034
f 10195 10194 8593
f 2583 10381 10382
f 10381 2523 10380
f 10382 10380 2582
f 10381 10380 10382
f 2523 10417 10380
f 10417 2593 10420
f 10380 10420 2582
f 10417 10420 10380
f 2584 10384 10383
f 10384 2583 10382
f 10383 10382 2582
f 10384 10382 10383
f 2582 10408 10383
f 10408 2591 10409
f 10383 10409 2584
f 10408 10409 10383
f 2096 8762 8754
f 8762 2097 8758
f 8754 8758 2037
f 8762 8758 8754
f 2037 8595 8754
f 8595 2035 8753
f 8754 8753 2096
f 8595 8753 8754
f 2037 8598 8597
f 8598 2039 8599
f 8597 8599 2038
f 8598 8599 8597
f 2037 8758 8598
f 8758 2097 8759
f 8598 8759 2039
f 8758 8759 8598
f 2037 8596 8595
f 8596 2036 8594
f 8595 8594 2035
f 8596 8594 8595
f 2038 10186 8597
f 10186 2522 10185
f 8597 10185 2037
f 10186 10185 8597
f 2522 10184 10185
f 10184 2036 8596
f 10185 8596 2037
f 10184 8596 10185
f 1611 7351 7352
f 7351 1310 6375
f 7352 6375 1312
f 7351 6375 7352
f 1610 7349 7354
f 7349 1310 7351
f 7354 7351 1611
f 7349 7351 7354
f 1312 8148 7352
f 8148 1887 8151
f 7352 8151 1611
f 8148 8151 7352
f 1699 7532 7533
f 7532 1609 7353
f 7533 7353 1611
f 7532 7353 7533
f 1611 7353 7354
f 7353 1609 7350
f 7354 7350 1610
f 7353 7350 7354
f 1886 8144 8143
f 8144 1699 7533
f 8143 7533 1611
f 8144 7533 8143
f 1611 8151 8143
f 8151 1887 8154
f 8143 8154 1886
f 8151 8154 8143
f 2176 9037 9035
f 9037 1310 6371
f 9035 6371 1308
f 9037 6371 9035
f 1308 6371 7348
f 6371 1310 7349
f 7348 7349 1610
f 6371 7349 7348
f 2041 9038 8601
f 9038 2176 9035
f 8601 9035 1308
f 9038 9035 8601
f 1308 7348 8601
f 7348 1610 8603
f 8601 8603 2041
f 7348 8603 8601
f 1392 8571 6542
f 8571 2023 8572
f 6542 8572 1393
f 8571 8572 6542
f 1309 8570 6540
f 8570 2023 8571
f 6540 8571 1392
f 8570 8571 6540
f 1392 6542 6546
f 6542 1393 6547
f 6546 6547 1394
f 6542 6547 6546
f 1394 6543 6546
f 6543 1309 6540
f 6546 6540 1392
f 6543 6540 6546
f 2130 8894 8897
f 8894 2140 8900
f 8897 8900 2141
f 8894 8900 8897
f 2142 8901 8903
f 8901 2130 8897
f 8903 8897 2141
f 8901 8897 8903
f 2141 8899 8903
f 8899 2139 8902
f 8903 8902 2142
f 8899 8902 8903
f 2138 8890 8898
f 8890 2139 8899
f 8898 8899 2141
f 8890 8899 8898
f 2141 8900 8898
f 8900 2140 8896
f 8898 8896 2138
f 8900 8896 8898
f 1323 7522 6400
f 7522 1695 7521
f 6400 7521 1321
f 7522 7521 6400
f 1321 6397 6400
f 6397 1322 6401
f 6400 6401 1323
f 6397 6401 6400
f 1323 7952 7522
f 7952 1833 7953
f 7522 7953 1695
f 7952 7953 7522
f 1323 6398 7952
f 6398 1305 7951
f 7952 7951 1833
f 6398 7951 7952
f 1323 6401 6399
f 6401 1322 6395
f 6399 6395 1306
f 6401 6395 6399
f 1306 6368 6399
f 6368 1305 6398
f 6399 6398 1323
f 6368 6398 6399
f 1364 9077 6482
f 9077 2189 9076
f 6482 9076 1363
f 9077 9076 6482
f 1363 6480 6482
f 6480 1362 6481
f 6482 6481 1364
f 6480 6481 6482
f 1364 6481 6615
f 6481 1362 6614
f 6615 6614 1412
f 6481 6614 6615
f 1412 6623 6615
f 6623 1414 6620
f 6615 6620 1364
f 6623 6620 6615
f 1414 6621 6620
f 6621 1365 6483
f 6620 6483 1364
f 6621 6483 6620
f 1366 6484 6622
f 6484 1365 6621
f 6622 6621 1414
f 6484 6621 6622
f 2227 9213 9217
f 9213 2226 9216
f 9217 9216 2228
f 9213 9216 9217
f 2228 9215 9217
f 9215 2221 9211
f 9217 9211 2227
f 9215 9211 9217
f 2228 9295 9215
f 9295 2247 9294
f 9215 9294 2221
f 9295 9294 9215
f 2231 9225 9227
f 9225 2199 9214
f 9227 9214 2228
f 9225 9214 9227
f 2199 9293 9214
f 9293 2247 9295
f 9214 9295 2228
f 9293 9295 9214
f 2368 9690 9687
f 9690 2367 9685
f 9687 9685 2241
f 9690 9685 9687
f 2241 9327 9687
f 9327 2257 9689
f 9687 9689 2368
f 9327 9689 9687
f 2240 9326 9274
f 9326 2257 9327
f 9274 9327 2241
f 9326 9327 9274
f 2241 9278 9274
f 9278 2242 9277
f 9274 9277 2240
f 9278 9277 9274
f 2241 9279 9278
f 9279 2243 9280
f 9278 9280 2242
f 9279 9280 9278
f 2241 9685 9279
f 9685 2367 9686
f 9279 9686 2243
f 9685 9686 9279
f 1298 6445 6442
f 6445 1344 6446
f 6442 6446 1343
f 6445 6446 6442
f 1343 6443 6442
f 6443 1342 6439
f 6442 6439 1298
f 6443 6439 6442
f 1343 6446 7511
f 6446 1344 7512
f 7511 7512 1692
f 6446 7512 7511
f 1692 7510 7511
f 7510 1342 6443
f 7511 6443 1343
f 7510 6443 7511
f 1340 6440 6438
f 6440 1342 6441
f 6438 6441 1341
f 6440 6441 6438
f 1341 6437 6438
f 6437 1339 6436
f 6438 6436 1340
f 6437 6436 6438
f 1341 6441 7597
f 6441 1342 7598
f 7597 7598 1722
f 6441 7598 7597
f 1722 7596 7597
f 7596 1339 6437
f 7597 6437 1341
f 7596 6437 7597
f 1301 6451 6452
f 6451 1347 6453
f 6452 6453 1348
f 6451 6453 6452
f 1347 6454 6453
f 6454 1349 6455
f 6453 6455 1348
f 6454 6455 6453
f 1348 6455 6458
f 6455 1349 6459
f 6458 6459 1351
f 6455 6459 6458
f 1348 6457 6452
f 6457 1350 6456
f 6452 6456 1301
f 6457 6456 6452
f 1351 6460 6458
f 6460 1350 6457
f 6458 6457 1348
f 6460 6457 6458
f 2396 9763 9765
f 9763 1350 9758
f 9765 9758 2395
f 9763 9758 9765
f 2396 10008 9764
f 10008 2476 10005
f 9764 10005 1386
f 10008 10005 9764
f 2396 9765 10008
f 9765 2395 10007
f 10008 10007 2476
f 9765 10007 10008
f 2396 9764 9762
f 9764 1386 6519
f 9762 6519 1301
f 9764 6519 9762
f 1301 6456 9762
f 6456 1350 9763
f 9762 9763 2396
f 6456 9763 9762
f 2194 9102 9097
f 9102 2195 9099
f 9097 9099 1347
f 9102 9099 9097
f 2194 9096 9102
f 9096 1346 9098
f 9102 9098 2195
f 9096 9098 9102
f 2194 9097 9095
f 9097 1347 6450
f 9095 6450 1300
f 9097 6450 9095
f 1300 6449 9095
f 6449 1346 9096
f 9095 9096 2194
f 6449 9096 9095
f 2181 9189 9195
f 9189 2218 9196
f 9195 9196 2220
f 9189 9196 9195
f 2218 9194 9196
f 9194 2219 9197
f 9196 9197 2220
f 9194 9197 9196
f 2220 9703 9195
f 9703 2372 9701
f 9195 9701 2181
f 9703 9701 9195
f 2220 9197 9703
f 9197 2219 9702
f 9703 9702 2372
f 9197 9702 9703
f 2214 9185 9281
f 9185 2216 9282
f 9281 9282 2244
f 9185 9282 9281
f 2244 9695 9281
f 9695 2370 9694
f 9281 9694 2214
f 9695 9694 9281
f 2370 9700 9694
f 9700 2371 9697
f 9694 9697 2214
f 9700 9697 9694
f 2294 9581 9586
f 9581 2340 9587
f 9586 9587 2341
f 9581 9587 9586
f 2341 9585 9586
f 9585 2292 9433
f 9586 9433 2294
f 9585 9433 9586
f 2340 9591 9587
f 9591 2342 9592
f 9587 9592 2341
f 9591 9592 9587
f 2341 9592 9584
f 9592 2342 9588
f 9584 9588 2216
f 9592 9588 9584
f 2216 9427 9584
f 9427 2292 9585
f 9584 9585 2341
f 9427 9585 9584
f 2352 9645 9647
f 9645 2320 9558
f 9647 9558 2332
f 9645 9558 9647
f 2352 9647 9644
f 9647 2332 9557
f 9644 9557 2310
f 9647 9557 9644
f 2310 9553 9644
f 9553 2331 9646
f 9644 9646 2352
f 9553 9646 9644
f 2352 9646 9643
f 9646 2331 9552
f 9643 9552 2264
f 9646 9552 9643
f 2264 9339 9643
f 9339 2263 9642
f 9643 9642 2352
f 9339 9642 9643
f 2352 9642 9645
f 9642 2263 9512
f 9645 9512 2320
f 9642 9512 9645
f 1359 6606 6476
f 6606 1410 6607
f 6476 6607 1360
f 6606 6607 6476
f 1410 6608 6607
f 6608 1361 6477
f 6607 6477 1360
f 6608 6477 6607
f 2268 9503 9380
f 9503 2317 9505
f 9380 9505 2276
f 9503 9505 9380
f 2268 9375 9503
f 9375 2275 9504
f 9503 9504 2317
f 9375 9504 9503
f 2276 9379 9380
f 9379 2267 9349
f 9380 9349 2268
f 9379 9349 9380
f 2270 9376 9354
f 9376 2275 9375
f 9354 9375 2268
f 9376 9375 9354
f 2269 9355 9353
f 9355 2270 9354
f 9353 9354 2268
f 9355 9354 9353
f 2268 9349 9353
f 9349 2267 9352
f 9353 9352 2269
f 9349 9352 9353
f 2180 9619 9532
f 9619 2348 9621
f 9532 9621 2327
f 9619 9621 9532
f 2179 9618 9045
f 9618 2348 9619
f 9045 9619 2180
f 9618 9619 9045
f 2327 9540 9532
f 9540 2328 9536
f 9532 9536 2180
f 9540 9536 9532
f 2328 9537 9536
f 9537 2225 9207
f 9536 9207 2180
f 9537 9207 9536
f 2178 9043 9044
f 9043 2179 9045
f 9044 9045 2180
f 9043 9045 9044
f 2180 9207 9044
f 9207 2225 9206
f 9044 9206 2178
f 9207 9206 9044
f 2326 9568 9627
f 9568 2335 9629
f 9627 9629 2349
f 9568 9629 9627
f 2326 9620 9568
f 9620 2348 9622
f 9568 9622 2335
f 9620 9622 9568
f 2326 9627 9531
f 9627 2349 9626
f 9531 9626 2325
f 9627 9626 9531
f 2327 9621 9535
f 9621 2348 9620
f 9535 9620 2326
f 9621 9620 9535
f 2326 9530 9535
f 9530 2319 9534
f 9535 9534 2327
f 9530 9534 9535
f 2325 9528 9531
f 9528 2319 9530
f 9531 9530 2326
f 9528 9530 9531
f 1373 6496 6497
f 6496 1374 6498
f 6497 6498 1375
f 6496 6498 6497
f 1375 9548 6497
f 9548 2330 9547
f 6497 9547 1373
f 9548 9547 6497
f 1375 6498 6501
f 6498 1374 6500
f 6501 6500 1377
f 6498 6500 6501
f 1377 9549 6501
f 9549 2330 9548
f 6501 9548 1375
f 9549 9548 6501
f 2047 8613 8619
f 8613 2046 8618
f 8619 8618 2049
f 8613 8618 8619
f 2047 9165 9175
f 9165 2210 9177
f 9175 9177 2212
f 9165 9177 9175
f 2047 8619 9165
f 8619 2049 9166
f 9165 9166 2210
f 8619 9166 9165
f 2212 9176 9175
f 9176 2048 8617
f 9175 8617 2047
f 9176 8617 9175
f 2048 8616 8617
f 8616 2046 8613
f 8617 8613 2047
f 8616 8613 8617
f 2213 9345 9491
f 9345 2266 9493
f 9491 9493 2313
f 9345 9493 9491
f 2314 9495 9497
f 9495 2263 9492
f 9497 9492 2313
f 9495 9492 9497
f 2313 9493 9497
f 9493 2266 9496
f 9497 9496 2314
f 9493 9496 9497
f 2213 9181 9178
f 9181 2045 8608
f 9178 8608 2015
f 9181 8608 9178
f 2015 8614 9174
f 8614 2048 9176
f 9174 9176 2212
f 8614 9176 9174
f 2212 9183 9174
f 9183 2213 9178
f 9174 9178 2015
f 9183 9178 9174
f 2015 8608 8556
f 8608 2045 8609
f 8556 8609 2016
f 8608 8609 8556
f 2017 8615 8557
f 8615 2048 8614
f 8557 8614 2015
f 8615 8614 8557
f 2015 8556 8557
f 8556 2016 8558
f 8557 8558 2017
f 8556 8558 8557
f 2016 8609 8604
f 8609 2045 8610
f 8604 8610 2043
f 8609 8610 8604
f 2042 8784 8605
f 8784 2103 8785
f 8605 8785 2043
f 8784 8785 8605
f 2115 8824 8825
f 8824 2016 8604
f 8825 8604 2043
f 8824 8604 8825
f 2043 8785 8825
f 8785 2103 8826
f 8825 8826 2115
f 8785 8826 8825
f 2044 9180 8606
f 9180 2213 9179
f 8606 9179 2042
f 9180 9179 8606
f 2044 8611 9180
f 8611 2045 9181
f 9180 9181 2213
f 8611 9181 9180
f 2042 8605 8606
f 8605 2043 8607
f 8606 8607 2044
f 8605 8607 8606
f 2044 8607 8611
f 8607 2043 8610
f 8611 8610 2045
f 8607 8610 8611
f 2190 9080 9081
f 9080 1361 9075
f 9081 9075 2189
f 9080 9075 9081
f 2189 9409 9081
f 9409 2287 9410
f 9081 9410 2190
f 9409 9410 9081
f 2190 9079 9080
f 9079 1360 6477
f 9080 6477 1361
f 9079 6477 9080
f 1359 6476 9078
f 6476 1360 9079
f 9078 9079 2190
f 6476 9079 9078
f 2285 9412 9407
f 9412 2287 9411
f 9407 9411 2284
f 9412 9411 9407
f 2285 9403 9412
f 9403 2190 9410
f 9412 9410 2287
f 9403 9410 9412
f 2281 9392 9400
f 9392 2192 9398
f 9400 9398 2283
f 9392 9398 9400
f 2281 9400 9395
f 9400 2283 9399
f 9395 9399 2280
f 9400 9399 9395
f 2280 9390 9395
f 9390 2278 9393
f 9395 9393 2281
f 9390 9393 9395
f 2281 9393 9394
f 9393 2278 9389
f 9394 9389 2279
f 9393 9389 9394
f 2280 9399 9396
f 9399 2283 9401
f 9396 9401 2282
f 9399 9401 9396
f 2282 9441 9396
f 9441 2297 9440
f 9396 9440 2280
f 9441 9440 9396
f 2299 9449 9446
f 9449 2297 9441
f 9446 9441 2282
f 9449 9441 9446
f 2282 9402 9446
f 9402 2284 9447
f 9446 9447 2299
f 9402 9447 9446
f 2282 9405 9402
f 9405 2285 9407
f 9402 9407 2284
f 9405 9407 9402
f 2283 9406 9401
f 9406 2285 9405
f 9401 9405 2282
f 9406 9405 9401
f 2284 9411 9408
f 9411 2287 9413
f 9408 9413 2286
f 9411 9413 9408
f 2288 9459 9414
f 9459 2303 9458
f 9414 9458 2286
f 9459 9458 9414
f 2289 9418 9416
f 9418 2288 9414
f 9416 9414 2286
f 9418 9414 9416
f 2286 9413 9416
f 9413 2287 9417
f 9416 9417 2289
f 9413 9417 9416
f 2301 9461 9456
f 9461 2303 9460
f 9456 9460 2300
f 9461 9460 9456
f 2299 9447 9455
f 9447 2284 9452
f 9455 9452 2301
f 9447 9452 9455
f 2284 9408 9452
f 9408 2286 9453
f 9452 9453 2301
f 9408 9453 9452
f 2301 9453 9461
f 9453 2286 9458
f 9461 9458 2303
f 9453 9458 9461
f 2300 9451 9456
f 9451 2298 9454
f 9456 9454 2301
f 9451 9454 9456
f 2301 9454 9455
f 9454 2298 9450
f 9455 9450 2299
f 9454 9450 9455
f 259 3361 3357
f 3361 258 3352
f 3357 3352 215
f 3361 3352 3357
f 215 3269 3357
f 3269 216 3358
f 3357 3358 259
f 3269 3358 3357
f 215 3352 3465
f 3352 258 3471
f 3465 3471 289
f 3352 3471 3465
f 289 3466 3465
f 3466 216 3269
f 3465 3269 215
f 3466 3269 3465
f 1148 6036 5920
f 6036 1188 6032
f 5920 6032 1117
f 6036 6032 5920
f 1117 5913 5920
f 5913 1144 5921
f 5920 5921 1148
f 5913 5921 5920
f 738 6905 4858
f 6905 1475 6906
f 4858 6906 739
f 6905 6906 4858
f 302 4855 4857
f 4855 738 4858
f 4857 4858 739
f 4855 4858 4857
f 740 6907 6957
f 6907 1475 6960
f 6957 6960 1482
f 6907 6960 6957
f 740 4861 6907
f 4861 739 6906
f 6907 6906 1475
f 4861 6906 6907
f 302 4857 4859
f 4857 739 4861
f 4859 4861 740
f 4857 4861 4859
f 1571 7225 7229
f 7225 1173 7221
f 7229 7221 1570
f 7225 7221 7229
f 1130 6909 6893
f 6909 1475 6912
f 6893 6912 1472
f 6909 6912 6893
f 1130 5900 6909
f 5900 1134 6910
f 6909 6910 1475
f 5900 6910 6909
f 206 3245 3243
f 3245 80 2900
f 3243 2900 40
f 3245 2900 3243
f 80 2901 2900
f 2901 41 2811
f 2900 2811 40
f 2901 2811 2900
f 40 2811 2807
f 2811 41 2810
f 2807 2810 27
f 2811 2810 2807
f 40 2807 2806
f 2807 27 2767
f 2806 2767 24
f 2807 2767 2806
f 24 2764 2806
f 2764 10 2805
f 2806 2805 40
f 2764 2805 2806
f 10 2793 2805
f 2793 36 2808
f 2805 2808 40
f 2793 2808 2805
f 2205 9139 9141
f 9139 764 4938
f 9141 4938 771
f 9139 4938 9141
f 771 4939 9141
f 4939 768 9140
f 9141 9140 2205
f 4939 9140 9141
f 764 4925 4938
f 4925 768 4939
f 4938 4939 771
f 4925 4939 4938
f 759 4900 9118
f 4900 757 9117
f 9118 9117 2201
f 4900 9117 9118
f 2201 9119 9118
f 9119 768 4924
f 9118 4924 759
f 9119 4924 9118
f 774 4942 5264
f 4942 775 5265
f 5264 5265 879
f 4942 5265 5264
f 773 4941 5263
f 4941 774 5264
f 5263 5264 879
f 4941 5264 5263
f 870 5194 5211
f 5194 775 5182
f 5211 5182 869
f 5194 5182 5211
f 870 5269 5194
f 5269 879 5265
f 5194 5265 775
f 5269 5265 5194
f 880 5273 9137
f 5273 866 9136
f 9137 9136 2204
f 5273 9136 9137
f 773 5263 5271
f 5263 879 5274
f 5271 5274 880
f 5263 5274 5271
f 757 4900 4902
f 4900 759 4904
f 4902 4904 760
f 4900 4904 4902
f 1001 5604 5663
f 5604 1000 5662
f 5663 5662 1026
f 5604 5662 5663
f 999 5602 5603
f 5602 1000 5604
f 5603 5604 1001
f 5602 5604 5603
f 744 4916 4876
f 4916 767 4920
f 4876 4920 751
f 4916 4920 4876
f 1026 5658 5661
f 5658 744 4876
f 5661 4876 751
f 5658 4876 5661
f 612 5097 5101
f 5097 837 5107
f 5101 5107 838
f 5097 5107 5101
f 791 5102 5099
f 5102 838 5107
f 5099 5107 837
f 5102 5107 5099
f 875 5240 5241
f 5240 810 5015
f 5241 5015 811
f 5240 5015 5241
f 878 5258 5261
f 5258 809 5239
f 5261 5239 875
f 5258 5239 5261
f 875 5239 5240
f 5239 809 5013
f 5240 5013 810
f 5239 5013 5240
f 811 5014 5017
f 5014 574 5016
f 5017 5016 812
f 5014 5016 5017
f 812 5242 5017
f 5242 875 5241
f 5017 5241 811
f 5242 5241 5017
f 872 5244 5220
f 5244 875 5242
f 5220 5242 812
f 5244 5242 5220
f 1014 5684 5618
f 5684 1029 5685
f 5618 5685 1015
f 5684 5685 5618
f 1029 5686 5685
f 5686 1016 5619
f 5685 5619 1015
f 5686 5619 5685
f 1029 5688 5687
f 5688 1018 5621
f 5687 5621 1017
f 5688 5621 5687
f 1017 5620 5687
f 5620 1016 5686
f 5687 5686 1029
f 5620 5686 5687
f 1028 5675 5674
f 5675 1009 5612
f 5674 5612 1008
f 5675 5612 5674
f 1008 5611 5674
f 5611 1007 5673
f 5674 5673 1028
f 5611 5673 5674
f 1026 5680 5668
f 5680 1028 5672
f 5668 5672 1006
f 5680 5672 5668
f 1028 5673 5672
f 5673 1007 5610
f 5672 5610 1006
f 5673 5610 5672
f 1006 5609 5668
f 5609 1005 5667
f 5668 5667 1026
f 5609 5667 5668
f 1010 5613 5676
f 5613 1009 5675
f 5676 5675 1028
f 5613 5675 5676
f 1028 5677 5676
f 5677 1011 5614
f 5676 5614 1010
f 5677 5614 5676
f 1014 5618 5642
f 5618 1015 5643
f 5642 5643 1022
f 5618 5643 5642
f 1022 5643 5644
f 5643 1015 5619
f 5644 5619 1016
f 5643 5619 5644
f 999 5603 5628
f 5603 1001 5629
f 5628 5629 1022
f 5603 5629 5628
f 1022 5638 5639
f 5638 1010 5614
f 5639 5614 1011
f 5638 5614 5639
f 1016 5620 5644
f 5620 1017 5645
f 5644 5645 1022
f 5620 5645 5644
f 1009 5613 5637
f 5613 1010 5638
f 5637 5638 1022
f 5613 5638 5637
f 1022 5645 5646
f 5645 1017 5621
f 5646 5621 1018
f 5645 5621 5646
f 1018 5623 5646
f 5623 1019 5647
f 5646 5647 1022
f 5623 5647 5646
f 1005 5609 5633
f 5609 1006 5634
f 5633 5634 1022
f 5609 5634 5633
f 1022 5634 5635
f 5634 1006 5610
f 5635 5610 1007
f 5634 5610 5635
f 1022 5636 5637
f 5636 1008 5612
f 5637 5612 1009
f 5636 5612 5637
f 1007 5611 5635
f 5611 1008 5636
f 5635 5636 1022
f 5611 5636 5635
f 998 5600 5627
f 5600 999 5628
f 5627 5628 1022
f 5600 5628 5627
f 1022 5647 5627
f 5647 1019 5622
f 5627 5622 998
f 5647 5622 5627
f 1013 5683 5617
f 5683 1029 5684
f 5617 5684 1014
f 5683 5684 5617
f 1014 5642 5617
f 5642 1022 5641
f 5617 5641 1013
f 5642 5641 5617
f 936 5578 5379
f 5578 997 5577
f 5379 5577 935
f 5578 5577 5379
f 936 5380 5578
f 5380 937 5579
f 5578 5579 997
f 5380 5579 5578
f 935 5762 5379
f 5762 1058 5763
f 5379 5763 936
f 5762 5763 5379
f 1058 5764 5763
f 5764 937 5380
f 5763 5380 936
f 5764 5380 5763
f 943 5585 5386
f 5585 997 5584
f 5386 5584 942
f 5585 5584 5386
f 997 5583 5584
f 5583 941 5385
f 5584 5385 942
f 5583 5385 5584
f 1059 5776 5775
f 5776 943 5386
f 5775 5386 942
f 5776 5386 5775
f 942 5385 5775
f 5385 941 5774
f 5775 5774 1059
f 5385 5774 5775
f 997 5580 5581
f 5580 938 5382
f 5581 5382 939
f 5580 5382 5581
f 939 5382 5772
f 5382 938 5771
f 5772 5771 1059
f 5382 5771 5772
f 931 5759 5378
f 5759 1058 5762
f 5378 5762 935
f 5759 5762 5378
f 931 5374 5759
f 5374 932 5760
f 5759 5760 1058
f 5374 5760 5759
f 935 5577 5378
f 5577 997 5574
f 5378 5574 931
f 5577 5574 5378
f 997 5575 5574
f 5575 932 5374
f 5574 5374 931
f 5575 5374 5574
f 1057 5768 5757
f 5768 1058 5767
f 5757 5767 1043
f 5768 5767 5757
f 1058 5766 5767
f 5766 1042 5731
f 5767 5731 1043
f 5766 5731 5767
f 1055 5758 5748
f 5758 1057 5757
f 5748 5757 1043
f 5758 5757 5748
f 1043 5732 5748
f 5732 1044 5749
f 5748 5749 1055
f 5732 5749 5748
f 2232 9232 9231
f 9232 1044 5732
f 9231 5732 1043
f 9232 5732 9231
f 1043 5731 5730
f 5731 1042 5729
f 5730 5729 1041
f 5731 5729 5730
f 1043 5730 9231
f 5730 1041 9230
f 9231 9230 2232
f 5730 9230 9231
f 944 5586 5387
f 5586 997 5585
f 5387 5585 943
f 5586 5585 5387
f 944 5388 5586
f 5388 945 5587
f 5586 5587 997
f 5388 5587 5586
f 944 5387 5777
f 5387 943 5776
f 5777 5776 1059
f 5387 5776 5777
f 1059 5778 5777
f 5778 945 5388
f 5777 5388 944
f 5778 5388 5777
f 946 5390 5588
f 5390 947 5589
f 5588 5589 997
f 5390 5589 5588
f 997 5587 5588
f 5587 945 5389
f 5588 5389 946
f 5587 5389 5588
f 1059 5780 5779
f 5780 947 5390
f 5779 5390 946
f 5780 5390 5779
f 946 5389 5779
f 5389 945 5778
f 5779 5778 1059
f 5389 5778 5779
f 881 5275 5538
f 5275 882 5539
f 5538 5539 994
f 5275 5539 5538
f 899 5295 5550
f 5295 898 5549
f 5550 5549 995
f 5295 5549 5550
f 899 5565 5297
f 5565 996 5566
f 5297 5566 900
f 5565 5566 5297
f 995 5573 5550
f 5573 996 5565
f 5550 5565 899
f 5573 5565 5550
f 995 5549 5548
f 5549 898 5293
f 5548 5293 897
f 5549 5293 5548
f 897 5293 5299
f 5293 898 5300
f 5299 5300 902
f 5293 5300 5299
f 904 5309 5542
f 5309 905 5543
f 5542 5543 994
f 5309 5543 5542
f 921 5357 5356
f 5357 920 5345
f 5356 5345 909
f 5357 5345 5356
f 909 5320 5531
f 5320 910 5532
f 5531 5532 992
f 5320 5532 5531
f 920 5346 5345
f 5346 910 5320
f 5345 5320 909
f 5346 5320 5345
f 992 5529 5531
f 5529 881 5317
f 5531 5317 909
f 5529 5317 5531
f 996 5558 5563
f 5558 890 5291
f 5563 5291 895
f 5558 5291 5563
f 918 5344 5439
f 5344 919 5440
f 5439 5440 965
f 5344 5440 5439
f 918 5338 5344
f 5338 912 5343
f 5344 5343 919
f 5338 5343 5344
f 913 5326 5339
f 5326 912 5338
f 5339 5338 918
f 5326 5338 5339
f 918 5439 5340
f 5439 965 5438
f 5340 5438 917
f 5439 5438 5340
f 917 5334 5340
f 5334 913 5339
f 5340 5339 918
f 5334 5339 5340
f 886 5449 5483
f 5449 967 5487
f 5483 5487 983
f 5449 5487 5483
f 1906 8204 8203
f 8204 1259 6219
f 8203 6219 1235
f 8204 6219 8203
f 1235 6164 8203
f 6164 1234 8202
f 8203 8202 1906
f 6164 8202 8203
f 1259 6220 6219
f 6220 1236 6166
f 6219 6166 1235
f 6220 6166 6219
f 1236 6165 6166
f 6165 1234 6164
f 6166 6164 1235
f 6165 6164 6166
f 1171 5974 5973
f 5974 1139 5909
f 5973 5909 1111
f 5974 5909 5973
f 1171 5977 6863
f 5977 1172 6864
f 6863 6864 1466
f 5977 6864 6863
f 1466 6862 6863
f 6862 1139 5974
f 6863 5974 1171
f 6862 5974 6863
f 1241 6174 6173
f 6174 1172 5977
f 6173 5977 1171
f 6174 5977 6173
f 1285 6318 6320
f 6318 1187 6309
f 6320 6309 1284
f 6318 6309 6320
f 1285 6317 6318
f 6317 1183 6030
f 6318 6030 1187
f 6317 6030 6318
f 1285 6320 6319
f 6320 1284 6310
f 6319 6310 1241
f 6320 6310 6319
f 1241 6173 6319
f 6173 1171 6316
f 6319 6316 1285
f 6173 6316 6319
f 1285 6316 6314
f 6316 1171 5973
f 6314 5973 1111
f 6316 5973 6314
f 1111 5873 6314
f 5873 1115 6315
f 6314 6315 1285
f 5873 6315 6314
f 1115 6017 6315
f 6017 1183 6317
f 6315 6317 1285
f 6017 6317 6315
f 1468 6869 6872
f 6869 1115 6866
f 6872 6866 1467
f 6869 6866 6872
f 1468 6871 6869
f 6871 1183 6017
f 6869 6017 1115
f 6871 6017 6869
f 1140 6018 6870
f 6018 1183 6871
f 6870 6871 1468
f 6018 6871 6870
f 1469 6876 6880
f 6876 1140 6870
f 6880 6870 1468
f 6876 6870 6880
f 1479 6938 6937
f 6938 1469 6880
f 6937 6880 1468
f 6938 6880 6937
f 1468 6872 6937
f 6872 1467 6936
f 6937 6936 1479
f 6872 6936 6937
f 1142 6883 6024
f 6883 1470 6884
f 6024 6884 1186
f 6883 6884 6024
f 1186 6022 6024
f 6022 1113 5911
f 6024 5911 1142
f 6022 5911 6024
f 1142 5911 6883
f 5911 1113 6881
f 6883 6881 1470
f 5911 6881 6883
f 1271 6254 6255
f 6254 1268 6250
f 6255 6250 1269
f 6254 6250 6255
f 1275 6341 6267
f 6341 1290 6339
f 6267 6339 1269
f 6341 6339 6267
f 1290 6340 6339
f 6340 1271 6255
f 6339 6255 1269
f 6340 6255 6339
f 1269 6265 6267
f 6265 1274 6268
f 6267 6268 1275
f 6265 6268 6267
f 1269 6248 6265
f 6248 1239 6263
f 6265 6263 1274
f 6248 6263 6265
f 1267 6246 6249
f 6246 1239 6248
f 6249 6248 1269
f 6246 6248 6249
f 1269 6250 6249
f 6250 1268 6247
f 6249 6247 1267
f 6250 6247 6249
f 1213 6096 6137
f 6096 1204 6136
f 6137 6136 1226
f 6096 6136 6137
f 1214 6100 6138
f 6100 1213 6137
f 6138 6137 1226
f 6100 6137 6138
f 1226 6139 6138
f 6139 1222 6124
f 6138 6124 1214
f 6139 6124 6138
f 1226 6143 6144
f 6143 1227 6145
f 6144 6145 1228
f 6143 6145 6144
f 1228 6149 6144
f 6149 1229 6148
f 6144 6148 1226
f 6149 6148 6144
f 1229 6147 6148
f 6147 1222 6139
f 6148 6139 1226
f 6147 6139 6148
f 1225 6142 6141
f 6142 1227 6143
f 6141 6143 1226
f 6142 6143 6141
f 2098 8770 8772
f 8770 2099 8773
f 8772 8773 2100
f 8770 8773 8772
f 2100 10174 10179
f 10174 2519 10180
f 10179 10180 2520
f 10174 10180 10179
f 2102 10175 8781
f 10175 2519 10174
f 8781 10174 2100
f 10175 10174 8781
f 2100 8773 8781
f 8773 2099 8780
f 8781 8780 2102
f 8773 8780 8781
f 1706 7551 8577
f 7551 1707 8578
f 8577 8578 2026
f 7551 8578 8577
f 2027 8704 8579
f 8704 2080 8703
f 8579 8703 2026
f 8704 8703 8579
f 2026 8703 8577
f 8703 2080 8700
f 8577 8700 1706
f 8703 8700 8577
f 2026 8776 8579
f 8776 2101 8777
f 8579 8777 2027
f 8776 8777 8579
f 2026 8578 8776
f 8578 1707 8775
f 8776 8775 2101
f 8578 8775 8776
f 1811 7927 7887
f 7927 1825 7928
f 7887 7928 1812
f 7927 7928 7887
f 1797 7880 7882
f 7880 1810 7884
f 7882 7884 1811
f 7880 7884 7882
f 1810 7924 7884
f 7924 1824 7925
f 7884 7925 1811
f 7924 7925 7884
f 1824 7929 7925
f 7929 1825 7927
f 7925 7927 1811
f 7929 7927 7925
f 1798 7843 7883
f 7843 1797 7882
f 7883 7882 1811
f 7843 7882 7883
f 1811 7887 7883
f 7887 1812 7885
f 7883 7885 1798
f 7887 7885 7883
f 1822 7962 7964
f 7962 1835 7966
f 7964 7966 1836
f 7962 7966 7964
f 1823 7923 7965
f 7923 1822 7964
f 7965 7964 1836
f 7923 7964 7965
f 1836 7969 7965
f 7969 1837 7967
f 7965 7967 1823
f 7969 7967 7965
f 1849 8005 8004
f 8005 1837 7969
f 8004 7969 1836
f 8005 7969 8004
f 1836 8002 8004
f 8002 1848 8006
f 8004 8006 1849
f 8002 8006 8004
f 1836 7966 8002
f 7966 1835 8001
f 8002 8001 1848
f 7966 8001 8002
f 1496 7009 7008
f 7009 1499 7011
f 7008 7011 1498
f 7009 7011 7008
f 201 6987 7005
f 6987 1488 7006
f 7005 7006 1498
f 6987 7006 7005
f 1488 7000 7006
f 7000 1496 7008
f 7006 7008 1498
f 7000 7008 7006
f 1498 7011 7015
f 7011 1499 7016
f 7015 7016 1500
f 7011 7016 7015
f 1534 7108 7107
f 7108 1513 7045
f 7107 7045 1509
f 7108 7045 7107
f 1509 7038 7107
f 7038 1508 7106
f 7107 7106 1534
f 7038 7106 7107
f 1509 7045 7037
f 7045 1513 7044
f 7037 7044 1507
f 7045 7044 7037
f 1507 7036 7037
f 7036 1508 7038
f 7037 7038 1509
f 7036 7038 7037
f 2616 10505 10508
f 10505 2530 10500
f 10508 10500 2614
f 10505 10500 10508
f 2614 10500 10501
f 10500 2530 10498
f 10501 10498 2613
f 10500 10498 10501
f 2614 10504 10508
f 10504 2615 10509
f 10508 10509 2616
f 10504 10509 10508
f 2614 10520 10504
f 10520 2618 10521
f 10504 10521 2615
f 10520 10521 10504
f 2613 10519 10501
f 10519 2618 10520
f 10501 10520 2614
f 10519 10520 10501
f 1124 6729 5879
f 6729 1437 6728
f 5879 6728 1123
f 6729 6728 5879
f 1437 6822 6728
f 6822 1457 6820
f 6728 6820 1123
f 6822 6820 6728
f 1123 5933 5879
f 5933 1154 5934
f 5879 5934 1124
f 5933 5934 5879
f 1123 6820 5933
f 6820 1457 6821
f 5933 6821 1154
f 6820 6821 5933
f 1458 6826 6825
f 6826 1166 5954
f 6825 5954 1084
f 6826 5954 6825
f 1084 6807 6825
f 6807 1454 6829
f 6825 6829 1458
f 6807 6829 6825
f 1153 5935 6809
f 5935 1154 6810
f 6809 6810 1454
f 5935 6810 6809
f 1153 5931 5935
f 5931 1096 5932
f 5935 5932 1154
f 5931 5932 5935
f 1087 6064 6061
f 6064 1196 6066
f 6061 6066 1195
f 6064 6066 6061
f 1087 6753 6064
f 6753 1443 6754
f 6064 6754 1196
f 6753 6754 6064
f 1195 6759 6061
f 6759 1444 6757
f 6061 6757 1087
f 6759 6757 6061
f 1444 6760 6757
f 6760 1443 6753
f 6757 6753 1087
f 6760 6753 6757
f 1280 6290 6292
f 6290 1221 6243
f 6292 6243 1267
f 6290 6243 6292
f 1280 6299 6288
f 6299 1281 6294
f 6288 6294 1195
f 6299 6294 6288
f 1267 6247 6292
f 6247 1268 6293
f 6292 6293 1280
f 6247 6293 6292
f 1280 6293 6299
f 6293 1268 6295
f 6299 6295 1281
f 6293 6295 6299
f 1127 5886 5885
f 5886 1092 5863
f 5885 5863 1091
f 5886 5863 5885
f 1091 5883 5885
f 5883 1126 5888
f 5885 5888 1127
f 5883 5888 5885
f 1093 5864 5887
f 5864 1092 5886
f 5887 5886 1127
f 5864 5886 5887
f 1197 6069 6068
f 6069 1163 5951
f 6068 5951 1089
f 6069 5951 6068
f 1089 6691 5949
f 6691 1429 6692
f 5949 6692 1162
f 6691 6692 5949
f 1089 5951 6691
f 5951 1163 6693
f 6691 6693 1429
f 5951 6693 6691
f 1161 5947 5948
f 5947 1094 5890
f 5948 5890 1128
f 5947 5890 5948
f 1093 5887 5889
f 5887 1127 5891
f 5889 5891 1128
f 5887 5891 5889
f 1128 5945 5889
f 5945 1160 5944
f 5889 5944 1093
f 5945 5944 5889
f 1450 6790 6788
f 6790 1160 5945
f 6788 5945 1128
f 6790 5945 6788
f 1432 6702 6708
f 6702 1094 6704
f 6708 6704 1433
f 6702 6704 6708
f 1434 6792 6713
f 6792 1450 6791
f 6713 6791 1432
f 6792 6791 6713
f 1432 6708 6713
f 6708 1433 6714
f 6713 6714 1434
f 6708 6714 6713
f 1450 6788 6791
f 6788 1128 6703
f 6791 6703 1432
f 6788 6703 6791
f 1432 6703 6702
f 6703 1128 5890
f 6702 5890 1094
f 6703 5890 6702
f 1213 6097 6098
f 6097 1205 6083
f 6098 6083 1207
f 6097 6083 6098
f 1202 6079 6081
f 6079 1204 6082
f 6081 6082 1207
f 6079 6082 6081
f 1207 6082 6098
f 6082 1204 6096
f 6098 6096 1213
f 6082 6096 6098
f 1233 6161 6162
f 6161 1206 6084
f 6162 6084 1207
f 6161 6084 6162
f 1207 6083 6162
f 6083 1205 6160
f 6162 6160 1233
f 6083 6160 6162
f 1215 6101 6102
f 6101 1205 6099
f 6102 6099 1214
f 6101 6099 6102
f 1214 6104 6102
f 6104 1216 6105
f 6102 6105 1215
f 6104 6105 6102
f 1215 6105 6107
f 6105 1216 6108
f 6107 6108 1217
f 6105 6108 6107
f 1215 6107 6154
f 6107 1217 6155
f 6154 6155 1231
f 6107 6155 6154
f 1231 6159 6154
f 6159 1232 6158
f 6154 6158 1215
f 6159 6158 6154
f 1232 6157 6158
f 6157 1205 6101
f 6158 6101 1215
f 6157 6101 6158
f 107 3119 3120
f 3119 169 3123
f 3120 3123 170
f 3119 3123 3120
f 107 3042 3009
f 3042 152 3044
f 3009 3044 138
f 3042 3044 3009
f 179 3155 3153
f 3155 169 3119
f 3153 3119 107
f 3155 3119 3153
f 170 3121 3120
f 3121 108 2939
f 3120 2939 107
f 3121 2939 3120
f 108 3043 2939
f 3043 152 3042
f 2939 3042 107
f 3043 3042 2939
f 138 3010 3009
f 3010 109 2942
f 3009 2942 107
f 3010 2942 3009
f 109 3154 2942
f 3154 179 3153
f 2942 3153 107
f 3154 3153 2942
f 1478 6932 6930
f 6932 1477 6923
f 6930 6923 1137
f 6932 6923 6930
f 1136 5980 5905
f 5980 1173 5981
f 5905 5981 1137
f 5980 5981 5905
f 1137 6923 5905
f 6923 1477 6922
f 5905 6922 1136
f 6923 6922 5905
f 1597 7305 7304
f 7305 1590 7286
f 7304 7286 1589
f 7305 7286 7304
f 1590 7296 7286
f 7296 1593 7295
f 7286 7295 1589
f 7296 7295 7286
f 1602 7324 7328
f 7324 1593 7316
f 7328 7316 1600
f 7324 7316 7328
f 1602 7323 7324
f 7323 1589 7295
f 7324 7295 1593
f 7323 7295 7324
f 1600 7317 7328
f 7317 1599 7327
f 7328 7327 1602
f 7317 7327 7328
f 1599 7321 7327
f 7321 1601 7329
f 7327 7329 1602
f 7321 7329 7327
f 1601 7318 7329
f 7318 1585 7322
f 7329 7322 1602
f 7318 7322 7329
f 1597 7304 7326
f 7304 1589 7323
f 7326 7323 1602
f 7304 7323 7326
f 2695 10787 10786
f 10787 2644 10614
f 10786 10614 2640
f 10787 10614 10786
f 2644 10611 10614
f 10611 2354 10589
f 10614 10589 2640
f 10611 10589 10614
f 2640 10589 10591
f 10589 2354 9655
f 10591 9655 2356
f 10589 9655 10591
f 2640 10592 10786
f 10592 2621 10785
f 10786 10785 2695
f 10592 10785 10786
f 2641 10596 10598
f 10596 2621 10592
f 10598 10592 2640
f 10596 10592 10598
f 2640 10590 10598
f 10590 2355 10593
f 10598 10593 2641
f 10590 10593 10598
f 2356 9656 10591
f 9656 2355 10590
f 10591 10590 2640
f 9656 10590 10591
f 2375 9709 9710
f 9709 1671 7504
f 9710 7504 1690
f 9709 7504 9710
f 1690 7506 9659
f 7506 1689 9658
f 9659 9658 2357
f 7506 9658 9659
f 1670 7501 7503
f 7501 1689 7506
f 7503 7506 1690
f 7501 7506 7503
f 1690 9659 9706
f 9659 2357 9707
f 9706 9707 2374
f 9659 9707 9706
f 2374 9711 9706
f 9711 2375 9710
f 9706 9710 1690
f 9711 9710 9706
f 1690 7505 7503
f 7505 1672 7466
f 7503 7466 1670
f 7505 7466 7503
f 1690 7504 7505
f 7504 1671 7467
f 7505 7467 1672
f 7504 7467 7505
f 1790 7816 7817
f 7816 1329 7769
f 7817 7769 1776
f 7816 7769 7817
f 1791 7820 7821
f 7820 1329 7816
f 7821 7816 1790
f 7820 7816 7821
f 1790 7817 7818
f 7817 1776 7813
f 7818 7813 1789
f 7817 7813 7818
f 1789 7860 7818
f 7860 1804 7861
f 7818 7861 1790
f 7860 7861 7818
f 1790 7815 7821
f 7815 1328 7819
f 7821 7819 1791
f 7815 7819 7821
f 1804 7859 7861
f 7859 1328 7815
f 7861 7815 1790
f 7859 7815 7861
f 1817 7901 7900
f 7901 1804 7862
f 7900 7862 1803
f 7901 7862 7900
f 1803 7898 7900
f 7898 1816 7902
f 7900 7902 1817
f 7898 7902 7900
f 1802 7897 7858
f 7897 1816 7898
f 7858 7898 1803
f 7897 7898 7858
f 1803 7862 7857
f 7862 1804 7860
f 7857 7860 1789
f 7862 7860 7857
f 1789 7814 7857
f 7814 1788 7856
f 7857 7856 1803
f 7814 7856 7857
f 1788 7854 7856
f 7854 1802 7858
f 7856 7858 1803
f 7854 7858 7856
f 1761 7722 7721
f 7722 1747 7677
f 7721 7677 1746
f 7722 7677 7721
f 1761 7763 7765
f 7763 1774 7768
f 7765 7768 1775
f 7763 7768 7765
f 1330 6418 6417
f 6418 1332 6419
f 6417 6419 1331
f 6418 6419 6417
f 1331 6416 6417
f 6416 1329 6415
f 6417 6415 1330
f 6416 6415 6417
f 1331 6419 7775
f 6419 1332 7776
f 7775 7776 1777
f 6419 7776 7775
f 1777 7774 7775
f 7774 1329 6416
f 7775 6416 1331
f 7774 6416 7775
f 1421 6652 6661
f 6652 1325 6657
f 6661 6657 1422
f 6652 6657 6661
f 1411 6655 6658
f 6655 1421 6661
f 6658 6661 1422
f 6655 6661 6658
f 1422 6659 6658
f 6659 1413 6618
f 6658 6618 1411
f 6659 6618 6658
f 1422 6657 6666
f 6657 1325 6663
f 6666 6663 1423
f 6657 6663 6666
f 1423 6664 6666
f 6664 1415 6660
f 6666 6660 1422
f 6664 6660 6666
f 1422 6660 6659
f 6660 1415 6625
f 6659 6625 1413
f 6660 6625 6659
f 1423 6663 6662
f 6663 1325 6404
f 6662 6404 1307
f 6663 6404 6662
f 1324 6402 6403
f 6402 1305 6369
f 6403 6369 1307
f 6402 6369 6403
f 1307 6369 6370
f 6369 1305 6368
f 6370 6368 1306
f 6369 6368 6370
f 1307 6405 6403
f 6405 1326 6406
f 6403 6406 1324
f 6405 6406 6403
f 1307 6404 6405
f 6404 1325 6407
f 6405 6407 1326
f 6404 6407 6405
f 2526 10198 10192
f 10198 2527 10197
f 10192 10197 2525
f 10198 10197 10192
f 2525 10517 10192
f 10517 2618 10518
f 10192 10518 2526
f 10517 10518 10192
f 2526 10518 10497
f 10518 2618 10519
f 10497 10519 2613
f 10518 10519 10497
f 2025 8695 8674
f 8695 2079 8697
f 8674 8697 2073
f 8695 8697 8674
f 2073 8684 8674
f 8684 2074 8682
f 8674 8682 2025
f 8684 8682 8674
f 2073 8697 8676
f 8697 2079 8696
f 8676 8696 2071
f 8697 8696 8676
f 2041 8683 8675
f 8683 2074 8684
f 8675 8684 2073
f 8683 8684 8675
f 2073 8677 8675
f 8677 2072 8671
f 8675 8671 2041
f 8677 8671 8675
f 2071 8673 8676
f 8673 2072 8677
f 8676 8677 2073
f 8673 8677 8676
f 2592 10413 10421
f 10413 2582 10420
f 10421 10420 2593
f 10413 10420 10421
f 2520 10407 10411
f 10407 2591 10414
f 10411 10414 2592
f 10407 10414 10411
f 2591 10408 10414
f 10408 2582 10413
f 10414 10413 2592
f 10408 10413 10414
f 1400 6569 6568
f 6569 1322 6396
f 6568 6396 1319
f 6569 6396 6568
f 1400 6577 6569
f 6577 1402 6576
f 6569 6576 1322
f 6577 6576 6569
f 1401 6578 6575
f 6578 1402 6577
f 6575 6577 1400
f 6578 6577 6575
f 1319 6561 6568
f 6561 1398 6570
f 6568 6570 1400
f 6561 6570 6568
f 1400 6571 6575
f 6571 1399 6574
f 6575 6574 1401
f 6571 6574 6575
f 1400 6570 6571
f 6570 1398 6567
f 6571 6567 1399
f 6570 6567 6571
f 1403 6584 6583
f 6584 1402 6578
f 6583 6578 1401
f 6584 6578 6583
f 1403 6581 6580
f 6581 1371 6491
f 6580 6491 1370
f 6581 6491 6580
f 1403 6580 6579
f 6580 1370 6490
f 6579 6490 1369
f 6580 6490 6579
f 1401 6572 6583
f 6572 1372 6582
f 6583 6582 1403
f 6572 6582 6583
f 1372 6492 6582
f 6492 1371 6581
f 6582 6581 1403
f 6492 6581 6582
f 1423 6662 6672
f 6662 1307 6668
f 6672 6668 1424
f 6662 6668 6672
f 1424 6668 6667
f 6668 1307 6370
f 6667 6370 1306
f 6668 6370 6667
f 1306 6395 6667
f 6395 1322 6669
f 6667 6669 1424
f 6395 6669 6667
f 1322 6576 6669
f 6576 1402 6670
f 6669 6670 1424
f 6576 6670 6669
f 2290 9419 9426
f 9419 2189 9425
f 9426 9425 2291
f 9419 9425 9426
f 2189 9077 9425
f 9077 1364 9421
f 9425 9421 2291
f 9077 9421 9425
f 2291 9478 9426
f 9478 2309 9477
f 9426 9477 2290
f 9478 9477 9426
f 2188 9476 9424
f 9476 2309 9478
f 9424 9478 2291
f 9476 9478 9424
f 2291 9421 9422
f 9421 1364 6483
f 9422 6483 1365
f 9421 6483 9422
f 2291 9423 9424
f 9423 1366 9071
f 9424 9071 2188
f 9423 9071 9424
f 1365 6484 9422
f 6484 1366 9423
f 9422 9423 2291
f 6484 9423 9422
f 1369 9073 6489
f 9073 2188 9072
f 6489 9072 1368
f 9073 9072 6489
f 2188 9071 9072
f 9071 1366 6486
f 9072 6486 1368
f 9071 6486 9072
f 2229 9219 9543
f 9219 2226 9542
f 9543 9542 2329
f 9219 9542 9543
f 2229 9220 9219
f 9220 2228 9216
f 9219 9216 2226
f 9220 9216 9219
f 2229 9543 9336
f 9543 2329 9545
f 9336 9545 2262
f 9543 9545 9336
f 2262 9334 9336
f 9334 2200 9218
f 9336 9218 2229
f 9334 9218 9336
f 2229 9218 9224
f 9218 2200 9221
f 9224 9221 2230
f 9218 9221 9224
f 2229 9224 9228
f 9224 2230 9229
f 9228 9229 2231
f 9224 9229 9228
f 2231 9227 9228
f 9227 2228 9220
f 9228 9220 2229
f 9227 9220 9228
f 2215 9698 9187
f 9698 2371 9699
f 9187 9699 2217
f 9698 9699 9187
f 2215 9184 9698
f 9184 2214 9697
f 9698 9697 2371
f 9184 9697 9698
f 2215 9187 9186
f 9187 2217 9188
f 9186 9188 2216
f 9187 9188 9186
f 2216 9185 9186
f 9185 2214 9184
f 9186 9184 2215
f 9185 9184 9186
f 2312 9494 9487
f 9494 2313 9492
f 9487 9492 2263
f 9494 9492 9487
f 2264 9343 9488
f 9343 2265 9489
f 9488 9489 2312
f 9343 9489 9488
f 2312 9487 9488
f 9487 2263 9339
f 9488 9339 2264
f 9487 9339 9488
f 1406 6602 6593
f 6602 1408 6599
f 6593 6599 1356
f 6602 6599 6593
f 1356 6599 6474
f 6599 1408 6600
f 6474 6600 1358
f 6599 6600 6474
f 1359 9078 9084
f 9078 2190 9085
f 9084 9085 2191
f 9078 9085 9084
f 2190 9403 9085
f 9403 2285 9404
f 9085 9404 2191
f 9403 9404 9085
f 2191 9083 9084
f 9083 1358 6475
f 9084 6475 1359
f 9083 6475 9084
f 2283 9398 9397
f 9398 2192 9090
f 9397 9090 2191
f 9398 9090 9397
f 2191 9404 9397
f 9404 2285 9406
f 9397 9406 2283
f 9404 9406 9397
f 2191 9082 9083
f 9082 1356 6474
f 9083 6474 1358
f 9082 6474 9083
f 2192 9087 9090
f 9087 1356 9082
f 9090 9082 2191
f 9087 9082 9090
f 2192 9392 9089
f 9392 2281 9391
f 9089 9391 2183
f 9392 9391 9089
f 1353 6463 9054
f 6463 1303 9053
f 9054 9053 2183
f 6463 9053 9054
f 2183 9094 9054
f 9094 2193 9092
f 9054 9092 1353
f 9094 9092 9054
f 2279 9386 9385
f 9386 2193 9094
f 9385 9094 2183
f 9386 9094 9385
f 2183 9391 9385
f 9391 2281 9394
f 9385 9394 2279
f 9391 9394 9385
f 1188 6035 6033
f 6035 1144 5914
f 6033 5914 1118
f 6035 5914 6033
f 1118 5874 6033
f 5874 1117 6032
f 6033 6032 1188
f 5874 6032 6033
f 1144 5913 5914
f 5913 1117 5874
f 5914 5874 1118
f 5913 5874 5914
f 736 6956 4853
f 6956 1482 6955
f 4853 6955 735
f 6956 6955 4853
f 736 4860 6956
f 4860 740 6957
f 6956 6957 1482
f 4860 6957 6956
f 736 4853 4852
f 4853 735 4850
f 4852 4850 302
f 4853 4850 4852
f 302 4859 4852
f 4859 740 4860
f 4852 4860 736
f 4859 4860 4852
f 1547 7227 7230
f 7227 1571 7235
f 7230 7235 1572
f 7227 7235 7230
f 1571 7229 7235
f 7229 1570 7234
f 7235 7234 1572
f 7229 7234 7235
f 1558 7189 7231
f 7189 1547 7230
f 7231 7230 1572
f 7189 7230 7231
f 1572 7232 7231
f 7232 1559 7193
f 7231 7193 1558
f 7232 7193 7231
f 1475 6910 6911
f 6910 1134 6002
f 6911 6002 1180
f 6910 6002 6911
f 1179 5999 5998
f 5999 1173 5980
f 5998 5980 1136
f 5999 5980 5998
f 1473 6904 6897
f 6904 1474 6901
f 6897 6901 1109
f 6904 6901 6897
f 1109 6013 6897
f 6013 1182 6899
f 6897 6899 1473
f 6013 6899 6897
f 1172 6015 5975
f 6015 1182 6013
f 5975 6013 1109
f 6015 6013 5975
f 1282 6302 7192
f 6302 1245 7191
f 7192 7191 1559
f 6302 7191 7192
f 1254 6207 6303
f 6207 1245 6302
f 6303 6302 1282
f 6207 6302 6303
f 1282 6308 6303
f 6308 1283 6307
f 6303 6307 1254
f 6308 6307 6303
f 206 3243 3244
f 3243 40 2899
f 3244 2899 79
f 3243 2899 3244
f 79 2899 2898
f 2899 40 2808
f 2898 2808 36
f 2899 2808 2898
f 205 3247 3237
f 3247 206 3244
f 3237 3244 79
f 3247 3244 3237
f 79 2898 3237
f 2898 36 3236
f 3237 3236 205
f 2898 3236 3237
f 772 5270 9135
f 5270 880 9137
f 9135 9137 2204
f 5270 9137 9135
f 773 5271 4940
f 5271 880 5270
f 4940 5270 772
f 5271 5270 4940
f 2204 9156 9135
f 9156 2208 9153
f 9135 9153 772
f 9156 9153 9135
f 2208 9154 9153
f 9154 805 5002
f 9153 5002 772
f 9154 5002 9153
f 806 5004 5003
f 5004 773 4940
f 5003 4940 772
f 5004 4940 5003
f 772 5002 5003
f 5002 805 5006
f 5003 5006 806
f 5002 5006 5003
f 488 4907 4909
f 4907 762 4910
f 4909 4910 763
f 4907 4910 4909
f 763 5135 4909
f 5135 847 5133
f 4909 5133 488
f 5135 5133 4909
f 879 5267 5268
f 5267 864 5175
f 5268 5175 865
f 5267 5175 5268
f 866 5273 5177
f 5273 880 5272
f 5177 5272 865
f 5273 5272 5177
f 865 5272 5268
f 5272 880 5274
f 5268 5274 879
f 5272 5274 5268
f 764 5176 5173
f 5176 866 5177
f 5173 5177 865
f 5176 5177 5173
f 764 5173 4911
f 5173 865 5174
f 4911 5174 765
f 5173 5174 4911
f 765 5174 5170
f 5174 865 5175
f 5170 5175 864
f 5174 5175 5170
f 764 4911 4934
f 4911 765 4935
f 4934 4935 770
f 4911 4935 4934
f 749 4896 4873
f 4896 758 4892
f 4873 4892 488
f 4896 4892 4873
f 749 4873 5659
f 4873 488 5655
f 5659 5655 1026
f 4873 5655 5659
f 828 5070 5069
f 5070 827 5065
f 5069 5065 613
f 5070 5065 5069
f 613 5071 5069
f 5071 829 5072
f 5069 5072 828
f 5071 5072 5069
f 613 5075 5073
f 5075 831 5076
f 5073 5076 830
f 5075 5076 5073
f 830 5074 5073
f 5074 829 5071
f 5073 5071 613
f 5074 5071 5073
f 613 5114 5116
f 5114 840 5118
f 5116 5118 841
f 5114 5118 5116
f 840 5225 5118
f 5225 872 5226
f 5118 5226 841
f 5225 5226 5118
f 832 5078 5077
f 5078 831 5075
f 5077 5075 613
f 5078 5075 5077
f 613 5079 5077
f 5079 833 5080
f 5077 5080 832
f 5079 5080 5077
f 832 5222 5078
f 5222 872 5221
f 5078 5221 831
f 5222 5221 5078
f 832 5080 5222
f 5080 833 5223
f 5222 5223 872
f 5080 5223 5222
f 839 5115 5108
f 5115 840 5113
f 5108 5113 612
f 5115 5113 5108
f 612 5101 5108
f 5101 838 5112
f 5108 5112 839
f 5101 5112 5108
f 836 5100 5092
f 5100 837 5096
f 5092 5096 611
f 5100 5096 5092
f 1012 5615 5682
f 5615 1011 5681
f 5682 5681 1029
f 5615 5681 5682
f 1029 5683 5682
f 5683 1013 5616
f 5682 5616 1012
f 5683 5616 5682
f 1012 5640 5615
f 5640 1022 5639
f 5615 5639 1011
f 5640 5639 5615
f 1012 5616 5640
f 5616 1013 5641
f 5640 5641 1022
f 5616 5641 5640
f 940 5384 5582
f 5384 941 5583
f 5582 5583 997
f 5384 5583 5582
f 997 5581 5582
f 5581 939 5383
f 5582 5383 940
f 5581 5383 5582
f 1059 5774 5773
f 5774 941 5384
f 5773 5384 940
f 5774 5384 5773
f 940 5383 5773
f 5383 939 5772
f 5773 5772 1059
f 5383 5772 5773
f 901 5301 5551
f 5301 902 5552
f 5551 5552 995
f 5301 5552 5551
f 995 5548 5551
f 5548 897 5298
f 5551 5298 901
f 5548 5298 5551
f 901 5298 5301
f 5298 897 5299
f 5301 5299 902
f 5298 5299 5301
f 994 5540 5541
f 5540 902 5304
f 5541 5304 903
f 5540 5304 5541
f 903 5307 5541
f 5307 904 5542
f 5541 5542 994
f 5307 5542 5541
f 899 5306 5303
f 5306 904 5307
f 5303 5307 903
f 5306 5307 5303
f 902 5300 5304
f 5300 898 5302
f 5304 5302 903
f 5300 5302 5304
f 898 5295 5302
f 5295 899 5303
f 5302 5303 903
f 5295 5303 5302
f 906 5311 5310
f 5311 895 5291
f 5310 5291 890
f 5311 5291 5310
f 906 5310 5353
f 5310 890 5348
f 5353 5348 921
f 5310 5348 5353
f 921 5354 5353
f 5354 907 5314
f 5353 5314 906
f 5354 5314 5353
f 994 5543 5544
f 5543 905 5313
f 5544 5313 906
f 5543 5313 5544
f 906 5314 5544
f 5314 907 5545
f 5544 5545 994
f 5314 5545 5544
f 921 5356 5355
f 5356 909 5318
f 5355 5318 908
f 5356 5318 5355
f 908 5316 5355
f 5316 907 5354
f 5355 5354 921
f 5316 5354 5355
f 994 5545 5546
f 5545 907 5316
f 5546 5316 908
f 5545 5316 5546
f 908 5315 5546
f 5315 881 5538
f 5546 5538 994
f 5315 5538 5546
f 908 5318 5315
f 5318 909 5317
f 5315 5317 881
f 5318 5317 5315
f 900 5566 5296
f 5566 996 5564
f 5296 5564 896
f 5566 5564 5296
f 996 5563 5564
f 5563 895 5292
f 5564 5292 896
f 5563 5292 5564
f 905 5309 5308
f 5309 904 5305
f 5308 5305 896
f 5309 5305 5308
f 896 5312 5308
f 5312 906 5313
f 5308 5313 905
f 5312 5313 5308
f 895 5311 5292
f 5311 906 5312
f 5292 5312 896
f 5311 5312 5292
f 896 5294 5296
f 5294 899 5297
f 5296 5297 900
f 5294 5297 5296
f 896 5305 5294
f 5305 904 5306
f 5294 5306 899
f 5305 5306 5294
f 886 5483 5281
f 5483 983 5484
f 5281 5484 887
f 5483 5484 5281
f 887 5280 5530
f 5280 881 5529
f 5530 5529 992
f 5280 5529 5530
f 984 5488 5489
f 5488 881 5280
f 5489 5280 887
f 5488 5280 5489
f 887 5484 5489
f 5484 983 5492
f 5489 5492 984
f 5484 5492 5489
f 988 5508 5509
f 5508 886 5281
f 5509 5281 887
f 5508 5281 5509
f 992 5532 5530
f 5532 910 5319
f 5530 5319 887
f 5532 5319 5530
f 887 5319 5509
f 5319 910 5510
f 5509 5510 988
f 5319 5510 5509
f 929 5491 5373
f 5491 984 5490
f 5373 5490 928
f 5491 5490 5373
f 984 5492 5490
f 5492 983 5486
f 5490 5486 928
f 5492 5486 5490
f 2198 9108 9107
f 9108 929 5373
f 9107 5373 928
f 9108 5373 9107
f 928 9105 9107
f 9105 2196 9111
f 9107 9111 2198
f 9105 9111 9107
f 991 5526 5528
f 5526 882 5518
f 5528 5518 990
f 5526 5518 5528
f 2233 9255 9254
f 9255 991 5528
f 9254 5528 990
f 9255 5528 9254
f 985 5493 5496
f 5493 881 5488
f 5496 5488 984
f 5493 5488 5496
f 985 5496 5494
f 5496 984 5491
f 5494 5491 929
f 5496 5491 5494
f 2198 9257 9110
f 9257 2233 9253
f 9110 9253 982
f 9257 9253 9110
f 1223 6129 6132
f 6129 1204 6131
f 6132 6131 1224
f 6129 6131 6132
f 1223 6140 6129
f 6140 1226 6136
f 6129 6136 1204
f 6140 6136 6129
f 1223 6132 6128
f 6132 1224 6130
f 6128 6130 1199
f 6132 6130 6128
f 1199 6133 6128
f 6133 1225 6135
f 6128 6135 1223
f 6133 6135 6128
f 1225 6141 6135
f 6141 1226 6140
f 6135 6140 1223
f 6141 6140 6135
f 2520 10177 10178
f 10177 2039 8600
f 10178 8600 2040
f 10177 8600 10178
f 2040 8771 10178
f 8771 2100 10179
f 10178 10179 2520
f 8771 10179 10178
f 2040 8600 8764
f 8600 2039 8763
f 8764 8763 2098
f 8600 8763 8764
f 2098 8772 8764
f 8772 2100 8771
f 8764 8771 2040
f 8772 8771 8764
f 1491 7013 6993
f 7013 1500 7012
f 6993 7012 201
f 7013 7012 6993
f 201 7005 6993
f 7005 1498 7007
f 6993 7007 1491
f 7005 7007 6993
f 1491 7007 7013
f 7007 1498 7015
f 7013 7015 1500
f 7007 7015 7013
f 1166 5956 5955
f 5956 1096 5866
f 5955 5866 1095
f 5956 5866 5955
f 1095 5865 5955
f 5865 1084 5954
f 5955 5954 1166
f 5865 5954 5955
f 1454 6807 6808
f 6807 1084 5865
f 6808 5865 1095
f 6807 5865 6808
f 1095 5930 6808
f 5930 1153 6809
f 6808 6809 1454
f 5930 6809 6808
f 1096 5931 5866
f 5931 1153 5930
f 5866 5930 1095
f 5931 5930 5866
f 1221 6290 6121
f 6290 1280 6289
f 6121 6289 1198
f 6290 6289 6121
f 1197 6068 6074
f 6068 1089 6070
f 6074 6070 1198
f 6068 6070 6074
f 1161 5948 6072
f 5948 1128 6071
f 6072 6071 1198
f 5948 6071 6072
f 1162 5950 6073
f 5950 1161 6072
f 6073 6072 1198
f 5950 6072 6073
f 1198 6070 6073
f 6070 1089 5949
f 6073 5949 1162
f 6070 5949 6073
f 1248 6291 6192
f 6291 1280 6288
f 6192 6288 1195
f 6291 6288 6192
f 1195 6066 6192
f 6066 1196 6193
f 6192 6193 1248
f 6066 6193 6192
f 1197 6074 6194
f 6074 1198 6195
f 6194 6195 1248
f 6074 6195 6194
f 1248 6195 6291
f 6195 1198 6289
f 6291 6289 1280
f 6195 6289 6291
f 1248 6193 6191
f 6193 1196 6065
f 6191 6065 1164
f 6193 6065 6191
f 1164 5952 6191
f 5952 1088 6190
f 6191 6190 1248
f 5952 6190 6191
f 1248 6190 6194
f 6190 1088 6067
f 6194 6067 1197
f 6190 6067 6194
f 1222 6127 6126
f 6127 1221 6123
f 6126 6123 1220
f 6127 6123 6126
f 1220 6119 6126
f 6119 1216 6125
f 6126 6125 1222
f 6119 6125 6126
f 1220 6117 6116
f 6117 1127 5888
f 6116 5888 1126
f 6117 5888 6116
f 1210 6090 6091
f 6090 1202 6085
f 6091 6085 1208
f 6090 6085 6091
f 1202 6081 6085
f 6081 1207 6087
f 6085 6087 1208
f 6081 6087 6085
f 1208 6092 6091
f 6092 1211 6094
f 6091 6094 1210
f 6092 6094 6091
f 1208 6089 6092
f 6089 1209 6093
f 6092 6093 1211
f 6089 6093 6092
f 1208 6086 6089
f 6086 1206 6088
f 6089 6088 1209
f 6086 6088 6089
f 1208 6087 6086
f 6087 1207 6084
f 6086 6084 1206
f 6087 6084 6086
f 1478 6930 6931
f 6930 1137 5908
f 6931 5908 1138
f 6930 5908 6931
f 1101 6929 5906
f 6929 1478 6931
f 5906 6931 1138
f 6929 6931 5906
f 1138 5982 5906
f 5982 1173 5978
f 5906 5978 1101
f 5982 5978 5906
f 1597 7326 7306
f 7326 1602 7325
f 7306 7325 1596
f 7326 7325 7306
f 1596 7302 10561
f 7302 1595 10560
f 10561 10560 2631
f 7302 10560 10561
f 2631 10562 10561
f 10562 1597 7306
f 10561 7306 1596
f 10562 7306 10561
f 1596 7301 7302
f 7301 1585 7299
f 7302 7299 1595
f 7301 7299 7302
f 1596 7325 7301
f 7325 1602 7322
f 7301 7322 1585
f 7325 7322 7301
f 1760 7723 7719
f 7723 1761 7721
f 7719 7721 1746
f 7723 7721 7719
f 1760 7718 7720
f 7718 1745 7716
f 7720 7716 1759
f 7718 7716 7720
f 1746 7674 7719
f 7674 1745 7718
f 7719 7718 1760
f 7674 7718 7719
f 1760 7720 7760
f 7720 1759 7759
f 7760 7759 1773
f 7720 7759 7760
f 1773 7764 7760
f 7764 1774 7762
f 7760 7762 1760
f 7764 7762 7760
f 1774 7763 7762
f 7763 1761 7723
f 7762 7723 1760
f 7763 7723 7762
f 1762 7766 7731
f 7766 1775 7767
f 7731 7767 1763
f 7766 7767 7731
f 1762 7727 7766
f 7727 1761 7765
f 7766 7765 1775
f 7727 7765 7766
f 1762 7731 7726
f 7731 1763 7729
f 7726 7729 1749
f 7731 7729 7726
f 1749 7684 7726
f 7684 1748 7725
f 7726 7725 1762
f 7684 7725 7726
f 1748 7681 7725
f 7681 1747 7724
f 7725 7724 1762
f 7681 7724 7725
f 1747 7722 7724
f 7722 1761 7727
f 7724 7727 1762
f 7722 7727 7724
f 2030 8582 8584
f 8582 2029 8583
f 8584 8583 2031
f 8582 8583 8584
f 2034 10194 8589
f 10194 2527 10193
f 8589 10193 2032
f 10194 10193 8589
f 2527 10198 10193
f 10198 2526 10191
f 10193 10191 2032
f 10198 10191 10193
f 2032 8586 8588
f 8586 2031 8587
f 8588 8587 2033
f 8586 8587 8588
f 2033 8590 8588
f 8590 2034 8589
f 8588 8589 2032
f 8590 8589 8588
f 2032 8585 8586
f 8585 2030 8584
f 8586 8584 2031
f 8585 8584 8586
f 2521 10415 10187
f 10415 2593 10416
f 10187 10416 2522
f 10415 10416 10187
f 2521 10412 10415
f 10412 2592 10421
f 10415 10421 2593
f 10412 10421 10415
f 2521 10187 10181
f 10187 2522 10186
f 10181 10186 2038
f 10187 10186 10181
f 2520 10411 10183
f 10411 2592 10412
f 10183 10412 2521
f 10411 10412 10183
f 2038 8599 10181
f 8599 2039 10182
f 10181 10182 2521
f 8599 10182 10181
f 2521 10182 10183
f 10182 2039 10177
f 10183 10177 2520
f 10182 10177 10183
f 1414 6626 6631
f 6626 1415 6632
f 6631 6632 1416
f 6626 6632 6631
f 1416 6627 6631
f 6627 1366 6622
f 6631 6622 1414
f 6627 6622 6631
f 1416 6630 6629
f 6630 1403 6579
f 6629 6579 1369
f 6630 6579 6629
f 2185 9486 9341
f 9486 2312 9489
f 9341 9489 2265
f 9486 9489 9341
f 2185 9341 9063
f 9341 2265 9340
f 9063 9340 2184
f 9341 9340 9063
f 2185 9062 9061
f 9062 2109 8805
f 9061 8805 2042
f 9062 8805 9061
f 2184 9059 9063
f 9059 2018 9060
f 9063 9060 2185
f 9059 9060 9063
f 2018 8803 9060
f 8803 2109 9062
f 9060 9062 2185
f 8803 9062 9060
f 2042 9179 9061
f 9179 2213 9182
f 9061 9182 2185
f 9179 9182 9061
f 2213 9491 9182
f 9491 2313 9490
f 9182 9490 2185
f 9491 9490 9182
f 2313 9494 9490
f 9494 2312 9486
f 9490 9486 2185
f 9494 9486 9490
f 1302 9052 6365
f 9052 2183 9053
f 6365 9053 1303
f 9052 9053 6365
f 2192 9089 9086
f 9089 2183 9052
f 9086 9052 1302
f 9089 9052 9086
f 1303 6367 6365
f 6367 1304 6366
f 6365 6366 1302
f 6367 6366 6365
f 1302 6366 6591
f 6366 1304 6592
f 6591 6592 1406
f 6366 6592 6591
f 1559 7232 7196
f 7232 1572 7233
f 7196 7233 1560
f 7232 7233 7196
f 1560 7233 7223
f 7233 1572 7234
f 7223 7234 1570
f 7233 7234 7223
f 1560 7195 7196
f 7195 1282 7192
f 7196 7192 1559
f 7195 7192 7196
f 1181 6012 6011
f 6012 1180 6002
f 6011 6002 1134
f 6012 6002 6011
f 1134 5900 6011
f 5900 1130 6007
f 6011 6007 1181
f 5900 6007 6011
f 1282 7195 6300
f 7195 1560 7194
f 6300 7194 1181
f 7195 7194 6300
f 1482 6960 6958
f 6960 1475 6908
f 6958 6908 1107
f 6960 6908 6958
f 1475 6911 6908
f 6911 1180 6000
f 6908 6000 1107
f 6911 6000 6908
f 1555 7222 7177
f 7222 1570 7221
f 7177 7221 1173
f 7222 7221 7177
f 1173 5999 7177
f 5999 1179 7178
f 7177 7178 1555
f 5999 7178 7177
f 1555 7178 7179
f 7178 1179 6003
f 7179 6003 1180
f 7178 6003 7179
f 1476 6918 6916
f 6918 1179 5995
f 6916 5995 1104
f 6918 5995 6916
f 1136 6922 5903
f 6922 1477 6921
f 5903 6921 1103
f 6922 6921 5903
f 1103 5994 5903
f 5994 1179 5998
f 5903 5998 1136
f 5994 5998 5903
f 1103 5868 5994
f 5868 1104 5995
f 5994 5995 1179
f 5868 5995 5994
f 1103 6921 6915
f 6921 1477 6924
f 6915 6924 1476
f 6921 6924 6915
f 1476 6916 6915
f 6916 1104 5868
f 6915 5868 1103
f 6916 5868 6915
f 1132 6009 5898
f 6009 1181 6008
f 5898 6008 1131
f 6009 6008 5898
f 1131 5897 6894
f 5897 1130 6893
f 6894 6893 1472
f 5897 6893 6894
f 1472 6895 6894
f 6895 1132 5898
f 6894 5898 1131
f 6895 5898 6894
f 1172 5975 5976
f 5975 1109 5892
f 5976 5892 1129
f 5975 5892 5976
f 1129 5892 6902
f 5892 1109 6901
f 6902 6901 1474
f 5892 6901 6902
f 1466 6864 6861
f 6864 1172 5976
f 6861 5976 1129
f 6864 5976 6861
f 1129 6902 6861
f 6902 1474 6903
f 6861 6903 1466
f 6902 6903 6861
f 870 5203 5204
f 5203 856 5156
f 5204 5156 857
f 5203 5156 5204
f 856 5153 5156
f 5153 763 5155
f 5156 5155 857
f 5153 5155 5156
f 852 5199 5146
f 5199 870 5198
f 5146 5198 851
f 5199 5198 5146
f 870 5197 5198
f 5197 850 5144
f 5198 5144 851
f 5197 5144 5198
f 851 5143 5146
f 5143 763 5145
f 5146 5145 852
f 5143 5145 5146
f 850 5141 5144
f 5141 763 5143
f 5144 5143 851
f 5141 5143 5144
f 848 5195 5193
f 5195 870 5211
f 5193 5211 869
f 5195 5211 5193
f 848 5193 5138
f 5193 869 5192
f 5138 5192 847
f 5193 5192 5138
f 847 5135 5138
f 5135 763 5137
f 5138 5137 848
f 5135 5137 5138
f 760 4903 4901
f 4903 758 4899
f 4901 4899 754
f 4903 4899 4901
f 757 4902 4891
f 4902 760 4901
f 4891 4901 754
f 4902 4901 4891
f 754 4921 4891
f 4921 767 4923
f 4891 4923 757
f 4921 4923 4891
f 766 4913 4912
f 4913 763 4910
f 4912 4910 762
f 4913 4910 4912
f 762 4933 4912
f 4933 770 4936
f 4912 4936 766
f 4933 4936 4912
f 766 4936 4914
f 4936 770 4935
f 4914 4935 765
f 4936 4935 4914
f 766 4914 5171
f 4914 765 5170
f 5171 5170 864
f 4914 5170 5171
f 769 4937 4930
f 4937 770 4933
f 4930 4933 762
f 4937 4933 4930
f 769 4926 4928
f 4926 758 4903
f 4928 4903 760
f 4926 4903 4928
f 769 4927 4932
f 4927 759 4924
f 4932 4924 768
f 4927 4924 4932
f 769 4928 4927
f 4928 760 4904
f 4927 4904 759
f 4928 4904 4927
f 769 4932 4931
f 4932 768 4925
f 4931 4925 764
f 4932 4925 4931
f 764 4934 4931
f 4934 770 4937
f 4931 4937 769
f 4934 4937 4931
f 1026 5667 5666
f 5667 1005 5608
f 5666 5608 1004
f 5667 5608 5666
f 1004 5607 5666
f 5607 1003 5665
f 5666 5665 1026
f 5607 5665 5666
f 1005 5633 5608
f 5633 1022 5632
f 5608 5632 1004
f 5633 5632 5608
f 1022 5631 5632
f 5631 1003 5607
f 5632 5607 1004
f 5631 5607 5632
f 1002 5605 5664
f 5605 1001 5663
f 5664 5663 1026
f 5605 5663 5664
f 1026 5665 5664
f 5665 1003 5606
f 5664 5606 1002
f 5665 5606 5664
f 1002 5630 5605
f 5630 1022 5629
f 5605 5629 1001
f 5630 5629 5605
f 1002 5606 5630
f 5606 1003 5631
f 5630 5631 1022
f 5606 5631 5630
f 1026 5661 5660
f 5661 751 4877
f 5660 4877 750
f 5661 4877 5660
f 750 4875 5660
f 4875 749 5659
f 5660 5659 1026
f 4875 5659 5660
f 750 4877 4919
f 4877 751 4920
f 4919 4920 767
f 4877 4920 4919
f 767 4918 4919
f 4918 749 4875
f 4919 4875 750
f 4918 4875 4919
f 873 5234 5235
f 5234 830 5076
f 5235 5076 831
f 5234 5076 5235
f 831 5221 5235
f 5221 872 5236
f 5235 5236 873
f 5221 5236 5235
f 872 5220 5236
f 5220 812 5228
f 5236 5228 873
f 5220 5228 5236
f 829 5074 5233
f 5074 830 5234
f 5233 5234 873
f 5074 5234 5233
f 873 5232 5233
f 5232 828 5072
f 5233 5072 829
f 5232 5072 5233
f 827 5070 5231
f 5070 828 5232
f 5231 5232 873
f 5070 5232 5231
f 834 5082 5081
f 5082 833 5079
f 5081 5079 613
f 5082 5079 5081
f 613 5116 5081
f 5116 841 5117
f 5081 5117 834
f 5116 5117 5081
f 872 5223 5224
f 5223 833 5082
f 5224 5082 834
f 5223 5082 5224
f 834 5117 5224
f 5117 841 5226
f 5224 5226 872
f 5117 5226 5224
f 611 5134 5131
f 5134 847 5136
f 5131 5136 846
f 5134 5136 5131
f 846 5132 5131
f 5132 845 5129
f 5131 5129 611
f 5132 5129 5131
f 847 5192 5136
f 5192 869 5191
f 5136 5191 846
f 5192 5191 5136
f 869 5190 5191
f 5190 845 5132
f 5191 5132 846
f 5190 5132 5191
f 611 5129 5119
f 5129 845 5130
f 5119 5130 842
f 5129 5130 5119
f 842 5130 5188
f 5130 845 5190
f 5188 5190 869
f 5130 5190 5188
f 611 5125 5083
f 5125 844 5127
f 5083 5127 835
f 5125 5127 5083
f 835 5095 5083
f 5095 836 5092
f 5083 5092 611
f 5095 5092 5083
f 926 9103 5371
f 9103 2196 9104
f 5371 9104 927
f 9103 9104 5371
f 2196 9105 9104
f 9105 928 5372
f 9104 5372 927
f 9105 5372 9104
f 927 5451 5371
f 5451 967 5450
f 5371 5450 926
f 5451 5450 5371
f 927 5485 5451
f 5485 983 5487
f 5451 5487 967
f 5485 5487 5451
f 927 5372 5485
f 5372 928 5486
f 5485 5486 983
f 5372 5486 5485
f 980 5476 9252
f 5476 979 9251
f 9252 9251 2233
f 5476 9251 9252
f 882 5275 5454
f 5275 881 5453
f 5454 5453 970
f 5275 5453 5454
f 970 5520 5454
f 5520 990 5518
f 5454 5518 882
f 5520 5518 5454
f 881 5479 5453
f 5479 982 5481
f 5453 5481 970
f 5479 5481 5453
f 981 5478 9109
f 5478 929 9108
f 9109 9108 2198
f 5478 9108 9109
f 2198 9110 9109
f 9110 982 5482
f 9109 5482 981
f 9110 5482 9109
f 981 5495 5478
f 5495 985 5494
f 5478 5494 929
f 5495 5494 5478
f 881 5493 5477
f 5493 985 5495
f 5477 5495 981
f 5493 5495 5477
f 981 5482 5477
f 5482 982 5479
f 5477 5479 881
f 5482 5479 5477
f 1221 6121 6122
f 6121 1198 6115
f 6122 6115 1219
f 6121 6115 6122
f 1219 6115 6114
f 6115 1198 6071
f 6114 6071 1128
f 6115 6071 6114
f 1219 6114 6113
f 6114 1128 5891
f 6113 5891 1127
f 6114 5891 6113
f 1219 6120 6122
f 6120 1220 6123
f 6122 6123 1221
f 6120 6123 6122
f 1127 6117 6113
f 6117 1220 6120
f 6113 6120 1219
f 6117 6120 6113
f 1212 6118 6095
f 6118 1220 6116
f 6095 6116 1126
f 6118 6116 6095
f 1216 6119 6103
f 6119 1220 6118
f 6103 6118 1212
f 6119 6118 6103
f 1217 6108 6106
f 6108 1216 6103
f 6106 6103 1212
f 6108 6103 6106
f 1212 6111 6106
f 6111 1218 6112
f 6106 6112 1217
f 6111 6112 6106
f 1126 6110 6095
f 6110 1218 6111
f 6095 6111 1212
f 6110 6111 6095
f 1102 5904 5979
f 5904 1137 5981
f 5979 5981 1173
f 5904 5981 5979
f 1173 5982 5979
f 5982 1138 5907
f 5979 5907 1102
f 5982 5907 5979
f 1102 5907 5904
f 5907 1138 5908
f 5904 5908 1137
f 5907 5908 5904
f 2611 10489 10525
f 10489 2030 10522
f 10525 10522 2619
f 10489 10522 10525
f 2619 10524 10527
f 10524 2526 10497
f 10527 10497 2613
f 10524 10497 10527
f 2619 10523 10524
f 10523 2032 10191
f 10524 10191 2526
f 10523 10191 10524
f 2030 8585 10522
f 8585 2032 10523
f 10522 10523 2619
f 8585 10523 10522
f 2619 10527 10526
f 10527 2613 10499
f 10526 10499 2612
f 10527 10499 10526
f 2612 10496 10526
f 10496 2611 10525
f 10526 10525 2619
f 10496 10525 10526
f 2611 10490 10488
f 10490 2177 9040
f 10488 9040 2028
f 10490 9040 10488
f 2028 8581 10488
f 8581 2030 10489
f 10488 10489 2611
f 8581 10489 10488
f 2029 8582 8580
f 8582 2030 8581
f 8580 8581 2028
f 8582 8581 8580
f 2156 8952 8951
f 8952 2029 8580
f 8951 8580 2028
f 8952 8580 8951
f 2028 9040 8951
f 9040 2177 9042
f 8951 9042 2156
f 9040 9042 8951
f 1402 6584 6633
f 6584 1403 6634
f 6633 6634 1417
f 6584 6634 6633
f 1403 6630 6634
f 6630 1416 6636
f 6634 6636 1417
f 6630 6636 6634
f 1417 6671 6633
f 6671 1424 6670
f 6633 6670 1402
f 6671 6670 6633
f 1417 6636 6635
f 6636 1416 6632
f 6635 6632 1415
f 6636 6632 6635
f 1417 6635 6665
f 6635 1415 6664
f 6665 6664 1423
f 6635 6664 6665
f 1423 6672 6665
f 6672 1424 6671
f 6665 6671 1417
f 6672 6671 6665
f 1367 6487 6485
f 6487 1368 6486
f 6485 6486 1366
f 6487 6486 6485
f 1366 6627 6485
f 6627 1416 6628
f 6485 6628 1367
f 6627 6628 6485
f 1369 6489 6488
f 6489 1368 6487
f 6488 6487 1367
f 6489 6487 6488
f 1367 6628 6488
f 6628 1416 6629
f 6488 6629 1369
f 6628 6629 6488
f 1357 6473 9088
f 6473 1356 9087
f 9088 9087 2192
f 6473 9087 9088
f 2192 9086 9088
f 9086 1302 6472
f 9088 6472 1357
f 9086 6472 9088
f 1406 6593 6594
f 6593 1356 6473
f 6594 6473 1357
f 6593 6473 6594
f 1357 6472 6594
f 6472 1302 6591
f 6594 6591 1406
f 6472 6591 6594
f 1182 6016 6014
f 6016 1181 6010
f 6014 6010 1133
f 6016 6010 6014
f 1133 6010 5899
f 6010 1181 6009
f 5899 6009 1132
f 6010 6009 5899
f 1473 6899 6898
f 6899 1182 6014
f 6898 6014 1133
f 6899 6014 6898
f 1472 6900 6896
f 6900 1473 6898
f 6896 6898 1133
f 6900 6898 6896
f 1133 5899 6896
f 5899 1132 6895
f 6896 6895 1472
f 5899 6895 6896
f 1282 6300 6301
f 6300 1181 6176
f 6301 6176 1242
f 6300 6176 6301
f 1241 6304 6178
f 6304 1283 6305
f 6178 6305 1242
f 6304 6305 6178
f 1283 6308 6305
f 6308 1282 6301
f 6305 6301 1242
f 6308 6301 6305
f 1180 6003 6001
f 6003 1179 5996
f 6001 5996 1108
f 6003 5996 6001
f 1108 5870 6001
f 5870 1107 6000
f 6001 6000 1180
f 5870 6000 6001
f 1561 7199 7197
f 7199 1555 7179
f 7197 7179 1180
f 7199 7179 7197
f 1180 6012 7197
f 6012 1181 7198
f 7197 7198 1561
f 6012 7198 7197
f 1561 7198 7200
f 7198 1181 7194
f 7200 7194 1560
f 7198 7194 7200
f 1561 7200 7224
f 7200 1560 7223
f 7224 7223 1570
f 7200 7223 7224
f 1570 7222 7224
f 7222 1555 7199
f 7224 7199 1561
f 7222 7199 7224
f 1130 5897 5895
f 5897 1131 5896
f 5895 5896 1110
f 5897 5896 5895
f 1110 5896 6006
f 5896 1131 6008
f 6006 6008 1181
f 5896 6008 6006
f 870 5204 5205
f 5204 857 5158
f 5205 5158 858
f 5204 5158 5205
f 858 5158 5157
f 5158 857 5155
f 5157 5155 763
f 5158 5155 5157
f 853 5200 5148
f 5200 870 5199
f 5148 5199 852
f 5200 5199 5148
f 853 5150 5200
f 5150 854 5201
f 5200 5201 870
f 5150 5201 5200
f 852 5145 5148
f 5145 763 5147
f 5148 5147 853
f 5145 5147 5148
f 763 5149 5147
f 5149 854 5150
f 5147 5150 853
f 5149 5150 5147
f 855 5154 5202
f 5154 856 5203
f 5202 5203 870
f 5154 5203 5202
f 870 5201 5202
f 5201 854 5152
f 5202 5152 855
f 5201 5152 5202
f 855 5151 5154
f 5151 763 5153
f 5154 5153 856
f 5151 5153 5154
f 855 5152 5151
f 5152 854 5149
f 5151 5149 763
f 5152 5149 5151
f 849 5142 5196
f 5142 850 5197
f 5196 5197 870
f 5142 5197 5196
f 870 5195 5196
f 5195 848 5140
f 5196 5140 849
f 5195 5140 5196
f 849 5139 5142
f 5139 763 5141
f 5142 5141 850
f 5139 5141 5142
f 849 5140 5139
f 5140 848 5137
f 5139 5137 763
f 5140 5137 5139
f 747 4894 4872
f 4894 758 4895
f 4872 4895 748
f 4894 4895 4872
f 758 4896 4895
f 4896 749 4874
f 4895 4874 748
f 4896 4874 4895
f 763 4913 5167
f 4913 766 5168
f 5167 5168 863
f 4913 5168 5167
f 863 5168 5172
f 5168 766 5171
f 5172 5171 864
f 5168 5171 5172
f 879 5269 5266
f 5269 870 5210
f 5266 5210 863
f 5269 5210 5266
f 863 5172 5266
f 5172 864 5267
f 5266 5267 879
f 5172 5267 5266
f 761 4929 4908
f 4929 769 4930
f 4908 4930 762
f 4929 4930 4908
f 758 4926 4906
f 4926 769 4929
f 4906 4929 761
f 4926 4929 4906
f 761 4908 4905
f 4908 762 4907
f 4905 4907 488
f 4908 4907 4905
f 488 4892 4905
f 4892 758 4906
f 4905 4906 761
f 4892 4906 4905
f 813 5229 5019
f 5229 873 5228
f 5019 5228 812
f 5229 5228 5019
f 813 5019 5018
f 5019 812 5016
f 5018 5016 574
f 5019 5016 5018
f 795 5109 5106
f 5109 839 5112
f 5106 5112 838
f 5109 5112 5106
f 802 4992 4995
f 4992 791 4990
f 4995 4990 801
f 4992 4990 4995
f 802 4995 5257
f 4995 801 5256
f 5257 5256 878
f 4995 5256 5257
f 840 5115 5219
f 5115 839 5218
f 5219 5218 871
f 5115 5218 5219
f 871 5227 5219
f 5227 872 5225
f 5219 5225 840
f 5227 5225 5219
f 878 5261 5259
f 5261 875 5243
f 5259 5243 871
f 5261 5243 5259
f 871 5243 5227
f 5243 875 5244
f 5227 5244 872
f 5243 5244 5227
f 871 5215 5259
f 5215 802 5257
f 5259 5257 878
f 5215 5257 5259
f 803 4998 5216
f 4998 802 5215
f 5216 5215 871
f 4998 5215 5216
f 843 5128 5120
f 5128 844 5125
f 5120 5125 611
f 5128 5125 5120
f 611 5119 5120
f 5119 842 5124
f 5120 5124 843
f 5119 5124 5120
f 843 5124 5189
f 5124 842 5188
f 5189 5188 869
f 5124 5188 5189
f 778 4945 4964
f 4945 777 4963
f 4964 4963 788
f 4945 4963 4964
f 2233 9254 9247
f 9254 990 5524
f 9247 5524 974
f 9254 5524 9247
f 974 5475 9247
f 5475 980 9252
f 9247 9252 2233
f 5475 9252 9247
f 979 5476 5473
f 5476 980 5475
f 5473 5475 974
f 5476 5475 5473
f 2233 9251 9250
f 9251 979 5474
f 9250 5474 978
f 9251 5474 9250
f 978 5471 9250
f 5471 977 9249
f 9250 9249 2233
f 5471 9249 9250
f 2233 9249 9248
f 9249 977 5468
f 9248 5468 976
f 9249 5468 9248
f 1240 6170 6175
f 6170 1172 6174
f 6175 6174 1241
f 6170 6174 6175
f 1241 6178 6175
f 6178 1242 6177
f 6175 6177 1240
f 6178 6177 6175
f 1240 6172 6170
f 6172 1182 6015
f 6170 6015 1172
f 6172 6015 6170
f 1240 6171 6172
f 6171 1181 6016
f 6172 6016 1182
f 6171 6016 6172
f 1240 6177 6171
f 6177 1242 6176
f 6171 6176 1181
f 6177 6176 6171
f 1482 6958 6959
f 6958 1107 5901
f 6959 5901 1135
f 6958 5901 6959
f 1107 5870 5901
f 5870 1108 5902
f 5901 5902 1135
f 5870 5902 5901
f 1476 6961 6917
f 6961 1482 6959
f 6917 6959 1135
f 6961 6959 6917
f 1135 5997 6917
f 5997 1179 6918
f 6917 6918 1476
f 5997 6918 6917
f 1135 5902 5997
f 5902 1108 5996
f 5997 5996 1179
f 5902 5996 5997
f 1106 6005 5894
f 6005 1181 6007
f 5894 6007 1130
f 6005 6007 5894
f 860 5207 5162
f 5207 870 5206
f 5162 5206 859
f 5207 5206 5162
f 870 5205 5206
f 5205 858 5160
f 5206 5160 859
f 5205 5160 5206
f 859 5159 5162
f 5159 763 5161
f 5162 5161 860
f 5159 5161 5162
f 859 5160 5159
f 5160 858 5157
f 5159 5157 763
f 5160 5157 5159
f 746 4893 4870
f 4893 758 4894
f 4870 4894 747
f 4893 4894 4870
f 746 4878 4893
f 4878 753 4898
f 4893 4898 758
f 4878 4898 4893
f 747 4872 4870
f 4872 748 4871
f 4870 4871 746
f 4872 4871 4870
f 746 4871 4878
f 4871 748 4879
f 4878 4879 753
f 4871 4879 4878
f 752 4881 4897
f 4881 754 4899
f 4897 4899 758
f 4881 4899 4897
f 758 4898 4897
f 4898 753 4880
f 4897 4880 752
f 4898 4880 4897
f 860 5161 5164
f 5161 763 5163
f 5164 5163 861
f 5161 5163 5164
f 861 5208 5164
f 5208 870 5207
f 5164 5207 860
f 5208 5207 5164
f 815 5022 5026
f 5022 574 5025
f 5026 5025 816
f 5022 5025 5026
f 816 5067 5026
f 5067 827 5066
f 5026 5066 815
f 5067 5066 5026
f 827 5231 5066
f 5231 873 5230
f 5066 5230 815
f 5231 5230 5066
f 873 5229 5230
f 5229 813 5023
f 5230 5023 815
f 5229 5023 5230
f 838 5102 5103
f 5102 791 4972
f 5103 4972 792
f 5102 4972 5103
f 791 4992 4972
f 4992 802 4993
f 4972 4993 792
f 4992 4993 4972
f 836 5095 5093
f 5095 835 5091
f 5093 5091 789
f 5095 5091 5093
f 835 5090 5091
f 5090 788 4967
f 5091 4967 789
f 5090 4967 5091
f 789 4967 4966
f 4967 788 4963
f 4966 4963 777
f 4967 4963 4966
f 979 5473 5472
f 5473 974 5461
f 5472 5461 972
f 5473 5461 5472
f 972 5469 5472
f 5469 978 5474
f 5472 5474 979
f 5469 5474 5472
f 968 5480 9246
f 5480 982 9253
f 9246 9253 2233
f 5480 9253 9246
f 2233 9248 9246
f 9248 976 5464
f 9246 5464 968
f 9248 5464 9246
f 968 5455 5480
f 5455 970 5481
f 5480 5481 982
f 5455 5481 5480
f 973 5466 5467
f 5466 976 5468
f 5467 5468 977
f 5466 5468 5467
f 973 5460 5523
f 5460 972 5522
f 5523 5522 990
f 5460 5522 5523
f 977 5471 5467
f 5471 978 5470
f 5467 5470 973
f 5471 5470 5467
f 978 5469 5470
f 5469 972 5460
f 5470 5460 973
f 5469 5460 5470
f 1130 5895 5893
f 5895 1110 5871
f 5893 5871 1105
f 5895 5871 5893
f 1105 5869 5893
f 5869 1106 5894
f 5893 5894 1130
f 5869 5894 5893
f 1105 5871 6004
f 5871 1110 6006
f 6004 6006 1181
f 5871 6006 6004
f 1181 6005 6004
f 6005 1106 5869
f 6004 5869 1105
f 6005 5869 6004
f 754 4881 4886
f 4881 752 4884
f 4886 4884 755
f 4881 4884 4886
f 753 4879 4885
f 4879 748 4882
f 4885 4882 755
f 4879 4882 4885
f 755 4882 4883
f 4882 748 4874
f 4883 4874 749
f 4882 4874 4883
f 755 4883 4922
f 4883 749 4918
f 4922 4918 767
f 4883 4918 4922
f 767 4921 4922
f 4921 754 4886
f 4922 4886 755
f 4921 4886 4922
f 763 5167 5165
f 5167 863 5169
f 5165 5169 862
f 5167 5169 5165
f 862 5166 5165
f 5166 861 5163
f 5165 5163 763
f 5166 5163 5165
f 862 5169 5209
f 5169 863 5210
f 5209 5210 870
f 5169 5210 5209
f 870 5208 5209
f 5208 861 5166
f 5209 5166 862
f 5208 5166 5209
f 814 5021 5020
f 5021 813 5018
f 5020 5018 574
f 5021 5018 5020
f 574 5022 5020
f 5022 815 5024
f 5020 5024 814
f 5022 5024 5020
f 814 5024 5021
f 5024 815 5023
f 5021 5023 813
f 5024 5023 5021
f 793 4975 5104
f 4975 795 5106
f 5104 5106 838
f 4975 5106 5104
f 871 5213 5214
f 5213 798 4983
f 5214 4983 799
f 5213 4983 5214
f 799 4983 4982
f 4983 798 4978
f 4982 4978 795
f 4983 4978 4982
f 795 4975 4982
f 4975 793 4981
f 4982 4981 799
f 4975 4981 4982
f 797 5212 5111
f 5212 871 5218
f 5111 5218 839
f 5212 5218 5111
f 797 4980 5212
f 4980 798 5213
f 5212 5213 871
f 4980 5213 5212
f 782 5084 5126
f 5084 835 5127
f 5126 5127 844
f 5084 5127 5126
f 844 5128 5126
f 5128 843 5123
f 5126 5123 782
f 5128 5123 5126
f 837 5100 5098
f 5100 836 5094
f 5098 5094 790
f 5100 5094 5098
f 836 5093 5094
f 5093 789 4970
f 5094 4970 790
f 5093 4970 5094
f 790 4971 5098
f 4971 791 5099
f 5098 5099 837
f 4971 5099 5098
f 801 4990 4989
f 4990 791 4971
f 4989 4971 790
f 4990 4971 4989
f 776 4988 4968
f 4988 801 4989
f 4968 4989 790
f 4988 4989 4968
f 790 4969 4968
f 4969 777 4944
f 4968 4944 776
f 4969 4944 4968
f 790 4970 4969
f 4970 789 4966
f 4969 4966 777
f 4970 4966 4969
f 975 5463 5525
f 5463 974 5524
f 5525 5524 990
f 5463 5524 5525
f 990 5522 5525
f 5522 972 5462
f 5525 5462 975
f 5522 5462 5525
f 975 5462 5463
f 5462 972 5461
f 5463 5461 974
f 5462 5461 5463
f 976 5466 5465
f 5466 973 5459
f 5465 5459 971
f 5466 5459 5465
f 971 5457 5465
f 5457 968 5464
f 5465 5464 976
f 5457 5464 5465
f 971 5459 5521
f 5459 973 5523
f 5521 5523 990
f 5459 5523 5521
f 756 4887 4888
f 4887 752 4880
f 4888 4880 753
f 4887 4880 4888
f 753 4885 4888
f 4885 755 4889
f 4888 4889 756
f 4885 4889 4888
f 756 4889 4887
f 4889 755 4884
f 4887 4884 752
f 4889 4884 4887
f 838 5103 5105
f 5103 792 4973
f 5105 4973 794
f 5103 4973 5105
f 794 4974 5105
f 4974 793 5104
f 5105 5104 838
f 4974 5104 5105
f 803 4996 4997
f 4996 793 4974
f 4997 4974 794
f 4996 4974 4997
f 794 4994 4997
f 4994 802 4998
f 4997 4998 803
f 4994 4998 4997
f 794 4973 4994
f 4973 792 4993
f 4994 4993 802
f 4973 4993 4994
f 803 5216 5001
f 5216 871 5217
f 5001 5217 804
f 5216 5217 5001
f 871 5214 5217
f 5214 799 5000
f 5217 5000 804
f 5214 5000 5217
f 804 4999 5001
f 4999 793 4996
f 5001 4996 803
f 4999 4996 5001
f 804 5000 4999
f 5000 799 4981
f 4999 4981 793
f 5000 4981 4999
f 795 4978 4976
f 4978 798 4979
f 4976 4979 796
f 4978 4979 4976
f 798 4980 4979
f 4980 797 4977
f 4979 4977 796
f 4980 4977 4979
f 839 5109 5110
f 5109 795 4976
f 5110 4976 796
f 5109 4976 5110
f 796 4977 5110
f 4977 797 5111
f 5110 5111 839
f 4977 5111 5110
f 787 4965 5089
f 4965 788 5090
f 5089 5090 835
f 4965 5090 5089
f 835 5088 5089
f 5088 786 4962
f 5089 4962 787
f 5088 4962 5089
f 778 4964 4961
f 4964 788 4965
f 4961 4965 787
f 4964 4965 4961
f 787 4962 4961
f 4962 786 4959
f 4961 4959 778
f 4962 4959 4961
f 835 5086 5087
f 5086 784 4958
f 5087 4958 785
f 5086 4958 5087
f 785 4960 5087
f 4960 786 5088
f 5087 5088 835
f 4960 5088 5087
f 785 4958 4957
f 4958 784 4954
f 4957 4954 778
f 4958 4954 4957
f 778 4959 4957
f 4959 786 4960
f 4957 4960 785
f 4959 4960 4957
f 783 4956 5085
f 4956 784 5086
f 5085 5086 835
f 4956 5086 5085
f 835 5084 5085
f 5084 782 4953
f 5085 4953 783
f 5084 4953 5085
f 781 4950 5122
f 4950 782 5123
f 5122 5123 843
f 4950 5123 5122
f 970 5455 5456
f 5455 968 5452
f 5456 5452 969
f 5455 5452 5456
f 968 5457 5452
f 5457 971 5458
f 5452 5458 969
f 5457 5458 5452
f 990 5520 5519
f 5520 970 5456
f 5519 5456 969
f 5520 5456 5519
f 969 5458 5519
f 5458 971 5521
f 5519 5521 990
f 5458 5521 5519
f 780 5121 5187
f 5121 843 5189
f 5187 5189 869
f 5121 5189 5187
f 780 4948 5121
f 4948 781 5122
f 5121 5122 843
f 4948 5122 5121
f 782 4950 4949
f 4950 781 4948
f 4949 4948 780
f 4950 4948 4949
f 780 4952 4949
f 4952 783 4953
f 4949 4953 782
f 4952 4953 4949
f 779 5186 4946
f 5186 869 5185
f 4946 5185 778
f 5186 5185 4946
f 779 4947 5186
f 4947 780 5187
f 5186 5187 869
f 4947 5187 5186
f 778 4954 4946
f 4954 784 4955
f 4946 4955 779
f 4954 4955 4946
f 784 4956 4955
f 4956 783 4951
f 4955 4951 779
f 4956 4951 4955
f 783 4952 4951
f 4952 780 4947
f 4951 4947 779
f 4952 4947 4951

